# Time (s),Mass (g),T Back (K),T Front (K)
0,22.800,293.000,293.000
1,22.800,293.000,358.167
2,22.800,293.000,371.515
3,22.800,293.000,381.408
4,22.800,293.000,389.513
5,22.800,293.002,396.687
6,22.800,293.006,402.883
7,22.800,293.018,408.616
8,22.800,293.041,413.704
9,22.800,293.085,418.486
10,22.800,293.156,422.824
11,22.800,293.264,426.941
12,22.800,293.417,430.731
13,22.800,293.622,434.350
14,22.800,293.886,437.717
15,22.800,294.212,440.947
16,22.800,294.604,443.976
17,22.800,295.064,446.893
18,22.800,295.593,449.645
19,22.800,296.191,452.302
20,22.800,296.856,454.822
21,22.800,297.586,457.260
22,22.800,298.379,459.584
23,22.800,299.231,461.838
24,22.800,300.141,463.997
25,22.800,301.103,466.085
26,22.800,302.121,468.099
27,22.800,303.185,470.045
28,22.800,304.294,471.927
29,22.800,305.444,473.749
30,22.800,306.633,475.513
31,22.800,307.858,477.225
32,22.800,309.115,478.886
33,22.800,310.403,480.499
34,22.800,311.718,482.066
35,22.800,313.057,483.591
36,22.799,314.419,485.075
37,22.799,315.803,486.520
38,22.799,317.204,487.930
39,22.799,318.622,489.303
40,22.799,320.055,490.643
41,22.799,321.500,491.952
42,22.799,322.957,493.230
43,22.799,324.424,494.479
44,22.799,325.900,495.700
45,22.799,327.383,496.894
46,22.798,328.872,498.063
47,22.798,330.365,499.207
48,22.798,331.862,500.327
49,22.798,333.363,501.425
50,22.798,334.865,502.501
51,22.797,336.368,503.556
52,22.797,337.871,504.590
53,22.797,339.373,505.606
54,22.797,340.875,506.602
55,22.796,342.376,507.581
56,22.796,343.873,508.542
57,22.796,345.368,509.485
58,22.795,346.858,510.413
59,22.795,348.346,511.325
60,22.795,349.829,512.222
61,22.794,351.307,513.105
62,22.794,352.781,513.972
63,22.793,354.249,514.826
64,22.793,355.711,515.667
65,22.793,357.168,516.494
66,22.792,358.618,517.309
67,22.792,360.062,518.112
68,22.791,361.498,518.903
69,22.790,362.928,519.682
70,22.790,364.352,520.450
71,22.789,365.768,521.207
72,22.789,367.177,521.954
73,22.788,368.578,522.690
74,22.787,369.972,523.416
75,22.787,371.358,524.133
76,22.786,372.737,524.840
77,22.785,374.108,525.538
78,22.784,375.470,526.228
79,22.783,376.826,526.908
80,22.783,378.172,527.580
81,22.782,379.511,528.243
82,22.781,380.842,528.898
83,22.780,382.165,529.547
84,22.779,383.479,530.187
85,22.778,384.785,530.819
86,22.777,386.084,531.444
87,22.776,387.374,532.062
88,22.775,388.656,532.673
89,22.774,389.930,533.278
90,22.773,391.195,533.875
91,22.771,392.453,534.467
92,22.770,393.703,535.051
93,22.769,394.943,535.630
94,22.768,396.177,536.203
95,22.766,397.402,536.769
96,22.765,398.619,537.331
97,22.764,399.827,537.887
98,22.762,401.029,538.437
99,22.761,402.222,538.981
100,22.759,403.407,539.520
101,22.758,404.585,540.055
102,22.756,405.754,540.584
103,22.755,406.916,541.109
104,22.753,408.070,541.628
105,22.752,409.215,542.142
106,22.750,410.355,542.653
107,22.748,411.485,543.158
108,22.747,412.609,543.659
109,22.745,413.724,544.156
110,22.743,414.832,544.648
111,22.741,415.933,545.137
112,22.739,417.026,545.620
113,22.738,418.112,546.101
114,22.736,419.191,546.577
115,22.734,420.262,547.049
116,22.732,421.326,547.518
117,22.730,422.382,547.983
118,22.728,423.432,548.443
119,22.725,424.475,548.901
120,22.723,425.511,549.354
121,22.721,426.538,549.804
122,22.719,427.561,550.251
123,22.717,428.575,550.695
124,22.714,429.583,551.135
125,22.712,430.583,551.571
126,22.710,431.578,552.005
127,22.707,432.565,552.435
128,22.705,433.546,552.862
129,22.702,434.520,553.286
130,22.700,435.487,553.707
131,22.697,436.448,554.125
132,22.695,437.402,554.540
133,22.692,438.349,554.953
134,22.689,439.292,555.362
135,22.687,440.226,555.768
136,22.684,441.154,556.172
137,22.681,442.076,556.572
138,22.678,442.993,556.971
139,22.675,443.902,557.366
140,22.672,444.806,557.758
141,22.669,445.703,558.148
142,22.666,446.594,558.536
143,22.663,447.479,558.921
144,22.660,448.358,559.303
145,22.657,449.231,559.683
146,22.654,450.098,560.060
147,22.651,450.959,560.434
148,22.647,451.814,560.807
149,22.644,452.664,561.177
150,22.641,453.508,561.544
151,22.637,454.345,561.910
152,22.634,455.178,562.272
153,22.630,456.003,562.633
154,22.627,456.824,562.991
155,22.623,457.639,563.347
156,22.620,458.448,563.701
157,22.616,459.251,564.052
158,22.612,460.049,564.402
159,22.608,460.842,564.749
160,22.604,461.629,565.094
161,22.600,462.410,565.436
162,22.596,463.186,565.776
163,22.592,463.956,566.116
164,22.588,464.722,566.452
165,22.584,465.481,566.786
166,22.580,466.236,567.119
167,22.576,466.985,567.449
168,22.572,467.730,567.776
169,22.567,468.467,568.103
170,22.563,469.202,568.427
171,22.558,469.929,568.749
172,22.554,470.653,569.069
173,22.549,471.370,569.387
174,22.545,472.084,569.704
175,22.540,472.791,570.018
176,22.535,473.494,570.331
177,22.530,474.192,570.642
178,22.525,474.884,570.951
179,22.521,475.573,571.257
180,22.516,476.255,571.563
181,22.511,476.933,571.865
182,22.505,477.606,572.167
183,22.500,478.274,572.466
184,22.495,478.938,572.763
185,22.490,479.596,573.059
186,22.484,480.250,573.353
187,22.479,480.898,573.645
188,22.473,481.544,573.936
189,22.468,482.182,574.224
190,22.462,482.818,574.512
191,22.457,483.448,574.796
192,22.451,484.074,575.080
193,22.445,484.695,575.362
194,22.439,485.311,575.641
195,22.433,485.923,575.920
196,22.427,486.531,576.196
197,22.421,487.134,576.471
198,22.415,487.733,576.745
199,22.409,488.327,577.016
200,22.402,488.918,577.285
201,22.396,489.504,577.554
202,22.390,490.085,577.820
203,22.383,490.663,578.085
204,22.377,491.236,578.349
205,22.370,491.805,578.610
206,22.363,492.370,578.870
207,22.357,492.930,579.128
208,22.350,493.487,579.385
209,22.343,494.040,579.640
210,22.336,494.589,579.894
211,22.329,495.133,580.146
212,22.322,495.675,580.397
213,22.314,496.212,580.645
214,22.307,496.745,580.893
215,22.300,497.274,581.139
216,22.293,497.801,581.384
217,22.285,498.323,581.627
218,22.278,498.842,581.868
219,22.270,499.357,582.108
220,22.262,499.868,582.346
221,22.255,500.377,582.583
222,22.247,500.881,582.819
223,22.239,501.382,583.053
224,22.231,501.880,583.286
225,22.223,502.374,583.516
226,22.215,502.865,583.745
227,22.207,503.354,583.974
228,22.198,503.839,584.201
229,22.190,504.320,584.426
230,22.182,504.799,584.651
231,22.173,505.275,584.873
232,22.165,505.747,585.094
233,22.156,506.216,585.313
234,22.148,506.684,585.531
235,22.139,507.147,585.749
236,22.130,507.608,585.965
237,22.122,508.067,586.179
238,22.113,508.523,586.392
239,22.104,508.976,586.603
240,22.095,509.426,586.814
241,22.086,509.874,587.022
242,22.076,510.319,587.230
243,22.067,510.762,587.436
244,22.058,511.203,587.642
245,22.049,511.641,587.845
246,22.039,512.077,588.048
247,22.030,512.510,588.249
248,22.020,512.941,588.449
249,22.011,513.370,588.648
250,22.001,513.797,588.846
251,21.991,514.222,589.042
252,21.981,514.645,589.237
253,21.971,515.065,589.430
254,21.962,515.484,589.623
255,21.952,515.900,589.815
256,21.941,516.315,590.005
257,21.931,516.728,590.193
258,21.921,517.138,590.382
259,21.911,517.548,590.569
260,21.901,517.956,590.754
261,21.890,518.361,590.938
262,21.880,518.766,591.121
263,21.869,519.168,591.304
264,21.859,519.569,591.485
265,21.848,519.968,591.665
266,21.838,520.366,591.843
267,21.827,520.762,592.021
268,21.816,521.157,592.198
269,21.805,521.550,592.374
270,21.794,521.942,592.548
271,21.783,522.332,592.722
272,21.772,522.721,592.894
273,21.761,523.110,593.066
274,21.750,523.496,593.236
275,21.739,523.882,593.404
276,21.728,524.265,593.573
277,21.716,524.648,593.741
278,21.705,525.030,593.907
279,21.694,525.410,594.072
280,21.682,525.789,594.237
281,21.670,526.168,594.401
282,21.659,526.545,594.563
283,21.647,526.922,594.724
284,21.635,527.296,594.885
285,21.624,527.670,595.045
286,21.612,528.043,595.203
287,21.600,528.415,595.361
288,21.588,528.786,595.518
289,21.576,529.156,595.674
290,21.564,529.525,595.828
291,21.552,529.894,595.983
292,21.539,530.261,596.137
293,21.527,530.627,596.289
294,21.515,530.992,596.440
295,21.502,531.357,596.591
296,21.490,531.721,596.742
297,21.477,532.084,596.890
298,21.465,532.446,597.039
299,21.452,532.807,597.186
300,21.440,533.168,597.333
301,21.427,533.528,597.478
302,21.414,533.887,597.624
303,21.401,534.245,597.768
304,21.388,534.603,597.911
305,21.375,534.959,598.054
306,21.362,535.315,598.197
307,21.349,535.671,598.337
308,21.336,536.025,598.479
309,21.323,536.379,598.618
310,21.309,536.732,598.756
311,21.296,537.085,598.896
312,21.283,537.436,599.032
313,21.269,537.787,599.169
314,21.256,538.138,599.306
315,21.242,538.488,599.441
316,21.228,538.836,599.576
317,21.215,539.185,599.710
318,21.201,539.533,599.844
319,21.187,539.880,599.977
320,21.173,540.226,600.109
321,21.159,540.572,600.240
322,21.145,540.917,600.371
323,21.131,541.261,600.501
324,21.117,541.605,600.630
325,21.103,541.948,600.759
326,21.088,542.291,600.887
327,21.074,542.633,601.015
328,21.060,542.974,601.141
329,21.045,543.314,601.268
330,21.031,543.654,601.394
331,21.016,543.994,601.518
332,21.001,544.332,601.644
333,20.986,544.670,601.767
334,20.972,545.008,601.890
335,20.957,545.344,602.013
336,20.942,545.680,602.134
337,20.927,546.016,602.257
338,20.912,546.351,602.377
339,20.896,546.685,602.498
340,20.881,547.019,602.618
341,20.866,547.351,602.736
342,20.850,547.684,602.856
343,20.835,548.016,602.973
344,20.819,548.347,603.091
345,20.804,548.677,603.208
346,20.788,549.007,603.325
347,20.772,549.336,603.442
348,20.757,549.665,603.556
349,20.741,549.993,603.671
350,20.725,550.319,603.786
351,20.709,550.647,603.899
352,20.693,550.972,604.013
353,20.676,551.297,604.126
354,20.660,551.622,604.238
355,20.644,551.946,604.351
356,20.627,552.269,604.462
357,20.611,552.591,604.573
358,20.594,552.914,604.684
359,20.578,553.235,604.794
360,20.561,553.556,604.904
361,20.544,553.875,605.012
362,20.527,554.195,605.121
363,20.510,554.513,605.229
364,20.493,554.831,605.336
365,20.476,555.148,605.445
366,20.459,555.464,605.550
367,20.442,555.780,605.657
368,20.425,556.095,605.762
369,20.407,556.409,605.868
370,20.390,556.723,605.974
371,20.372,557.036,606.077
372,20.354,557.348,606.182
373,20.337,557.660,606.285
374,20.319,557.971,606.388
375,20.301,558.281,606.491
376,20.283,558.590,606.593
377,20.265,558.899,606.695
378,20.247,559.206,606.797
379,20.229,559.514,606.897
380,20.211,559.820,606.999
381,20.192,560.126,607.099
382,20.174,560.431,607.199
383,20.155,560.735,607.298
384,20.137,561.039,607.397
385,20.118,561.341,607.496
386,20.099,561.643,607.593
387,20.081,561.944,607.691
388,20.062,562.244,607.789
389,20.043,562.544,607.886
390,20.024,562.843,607.983
391,20.005,563.141,608.078
392,19.985,563.438,608.174
393,19.966,563.734,608.270
394,19.947,564.030,608.364
395,19.927,564.326,608.460
396,19.908,564.619,608.554
397,19.888,564.912,608.647
398,19.868,565.205,608.741
399,19.849,565.496,608.834
400,19.829,565.787,608.927
401,19.809,566.077,609.019
402,19.789,566.367,609.111
403,19.769,566.655,609.203
404,19.749,566.942,609.293
405,19.728,567.229,609.385
406,19.708,567.515,609.475
407,19.688,567.799,609.565
408,19.667,568.084,609.655
409,19.647,568.367,609.744
410,19.626,568.649,609.834
411,19.605,568.931,609.922
412,19.585,569.211,610.010
413,19.564,569.491,610.098
414,19.543,569.771,610.186
415,19.522,570.048,610.273
416,19.501,570.325,610.360
417,19.480,570.602,610.446
418,19.459,570.877,610.533
419,19.437,571.151,610.619
420,19.416,571.425,610.705
421,19.395,571.698,610.790
422,19.373,571.970,610.875
423,19.351,572.240,610.960
424,19.330,572.511,611.043
425,19.308,572.779,611.128
426,19.286,573.047,611.211
427,19.265,573.314,611.294
428,19.243,573.580,611.377
429,19.221,573.846,611.460
430,19.199,574.110,611.542
431,19.177,574.373,611.624
432,19.154,574.636,611.706
433,19.132,574.897,611.787
434,19.110,575.158,611.869
435,19.088,575.417,611.949
436,19.065,575.676,612.030
437,19.043,575.933,612.110
438,19.020,576.189,612.190
439,18.998,576.445,612.270
440,18.975,576.700,612.349
441,18.952,576.953,612.428
442,18.930,577.205,612.506
443,18.907,577.457,612.584
444,18.884,577.707,612.662
445,18.861,577.956,612.740
446,18.838,578.205,612.817
447,18.815,578.453,612.895
448,18.792,578.699,612.971
449,18.769,578.944,613.048
450,18.745,579.189,613.123
451,18.722,579.432,613.199
452,18.699,579.674,613.274
453,18.676,579.915,613.350
454,18.652,580.155,613.425
455,18.629,580.393,613.500
456,18.605,580.631,613.574
457,18.582,580.868,613.648
458,18.558,581.103,613.721
459,18.535,581.338,613.794
460,18.511,581.572,613.867
461,18.487,581.804,613.940
462,18.463,582.035,614.012
463,18.440,582.265,614.085
464,18.416,582.494,614.155
465,18.392,582.721,614.228
466,18.368,582.948,614.298
467,18.344,583.174,614.369
468,18.320,583.398,614.439
469,18.296,583.622,614.510
470,18.272,583.843,614.580
471,18.248,584.064,614.649
472,18.224,584.284,614.719
473,18.200,584.502,614.788
474,18.176,584.719,614.856
475,18.151,584.936,614.925
476,18.127,585.151,614.993
477,18.103,585.364,615.061
478,18.079,585.577,615.128
479,18.054,585.788,615.196
480,18.030,585.998,615.263
481,18.006,586.207,615.330
482,17.981,586.415,615.396
483,17.957,586.621,615.462
484,17.932,586.827,615.528
485,17.908,587.031,615.594
486,17.884,587.233,615.658
487,17.859,587.435,615.724
488,17.835,587.636,615.788
489,17.810,587.835,615.853
490,17.786,588.033,615.916
491,17.761,588.229,615.981
492,17.737,588.424,616.044
493,17.712,588.619,616.108
494,17.687,588.811,616.171
495,17.663,589.003,616.233
496,17.638,589.193,616.296
497,17.614,589.382,616.358
498,17.589,589.570,616.419
499,17.565,589.757,616.481
500,17.540,589.941,616.542
501,17.515,590.125,616.604
502,17.491,590.308,616.664
503,17.466,590.490,616.725
504,17.442,590.670,616.784
505,17.417,590.849,616.845
506,17.392,591.026,616.904
507,17.368,591.203,616.964
508,17.343,591.378,617.023
509,17.318,591.552,617.082
510,17.294,591.724,617.140
511,17.269,591.895,617.198
512,17.245,592.065,617.256
513,17.220,592.234,617.314
514,17.196,592.401,617.371
515,17.171,592.568,617.429
516,17.146,592.732,617.485
517,17.122,592.896,617.542
518,17.097,593.059,617.598
519,17.073,593.219,617.654
520,17.048,593.379,617.710
521,17.024,593.538,617.765
522,16.999,593.695,617.820
523,16.975,593.851,617.875
524,16.950,594.006,617.930
525,16.926,594.159,617.985
526,16.902,594.311,618.038
527,16.877,594.463,618.093
528,16.853,594.613,618.145
529,16.828,594.762,618.200
530,16.804,594.909,618.252
531,16.780,595.055,618.305
532,16.755,595.200,618.357
533,16.731,595.344,618.410
534,16.707,595.486,618.462
535,16.682,595.628,618.513
536,16.658,595.768,618.564
537,16.634,595.906,618.616
538,16.610,596.044,618.666
539,16.586,596.181,618.717
540,16.561,596.316,618.767
541,16.537,596.450,618.818
542,16.513,596.583,618.867
543,16.489,596.715,618.917
544,16.465,596.846,618.966
545,16.441,596.976,619.015
546,16.417,597.104,619.064
547,16.393,597.231,619.112
548,16.369,597.358,619.160
549,16.345,597.482,619.208
550,16.321,597.606,619.256
551,16.297,597.730,619.304
552,16.274,597.851,619.350
553,16.250,597.972,619.398
554,16.226,598.092,619.443
555,16.202,598.210,619.491
556,16.179,598.327,619.536
557,16.155,598.444,619.583
558,16.131,598.559,619.628
559,16.107,598.674,619.673
560,16.084,598.787,619.718
561,16.060,598.900,619.763
562,16.037,599.011,619.808
563,16.013,599.121,619.852
564,15.990,599.230,619.896
565,15.966,599.339,619.940
566,15.943,599.446,619.983
567,15.919,599.552,620.027
568,15.896,599.658,620.070
569,15.873,599.762,620.113
570,15.849,599.865,620.155
571,15.826,599.968,620.198
572,15.803,600.070,620.240
573,15.780,600.171,620.282
574,15.757,600.270,620.324
575,15.734,600.369,620.365
576,15.710,600.468,620.406
577,15.687,600.564,620.447
578,15.664,600.660,620.488
579,15.641,600.756,620.529
580,15.618,600.851,620.568
581,15.595,600.945,620.609
582,15.573,601.037,620.648
583,15.550,601.129,620.689
584,15.527,601.221,620.727
585,15.504,601.311,620.767
586,15.481,601.401,620.805
587,15.459,601.489,620.845
588,15.436,601.577,620.883
589,15.413,601.665,620.921
590,15.391,601.752,620.959
591,15.368,601.837,620.997
592,15.346,601.922,621.035
593,15.323,602.006,621.072
594,15.301,602.090,621.110
595,15.278,602.173,621.147
596,15.256,602.255,621.183
597,15.233,602.337,621.220
598,15.211,602.418,621.257
599,15.189,602.498,621.294
600,15.167,602.577,621.329
601,15.144,602.656,621.366
602,15.122,602.734,621.400
603,15.100,602.811,621.437
604,15.078,602.888,621.471
605,15.056,602.965,621.507
606,15.034,603.040,621.541
607,15.012,603.115,621.577
608,14.990,603.189,621.611
609,14.968,603.263,621.646
610,14.946,603.337,621.680
611,14.924,603.409,621.714
612,14.902,603.481,621.748
613,14.880,603.553,621.782
614,14.859,603.623,621.815
615,14.837,603.694,621.848
616,14.815,603.764,621.882
617,14.794,603.833,621.915
618,14.772,603.902,621.948
619,14.751,603.970,621.981
620,14.729,604.038,622.013
621,14.707,604.105,622.046
622,14.686,604.172,622.078
623,14.665,604.238,622.111
624,14.643,604.304,622.142
625,14.622,604.369,622.175
626,14.601,604.434,622.206
627,14.579,604.498,622.238
628,14.558,604.562,622.269
629,14.537,604.625,622.301
630,14.516,604.688,622.332
631,14.494,604.751,622.363
632,14.473,604.814,622.394
633,14.452,604.875,622.424
634,14.431,604.936,622.455
635,14.410,604.997,622.486
636,14.389,605.058,622.516
637,14.368,605.118,622.546
638,14.347,605.177,622.577
639,14.327,605.237,622.607
640,14.306,605.296,622.637
641,14.285,605.355,622.667
642,14.264,605.413,622.696
643,14.243,605.471,622.726
644,14.223,605.529,622.755
645,14.202,605.586,622.785
646,14.181,605.642,622.814
647,14.161,605.699,622.844
648,14.140,605.755,622.872
649,14.120,605.811,622.902
650,14.099,605.867,622.930
651,14.079,605.922,622.959
652,14.058,605.977,622.987
653,14.038,606.032,623.017
654,14.018,606.086,623.044
655,13.997,606.140,623.074
656,13.977,606.194,623.101
657,13.957,606.248,623.130
658,13.936,606.301,623.157
659,13.916,606.354,623.186
660,13.896,606.406,623.213
661,13.876,606.459,623.242
662,13.856,606.511,623.269
663,13.836,606.563,623.298
664,13.816,606.615,623.325
665,13.796,606.666,623.353
666,13.776,606.718,623.380
667,13.756,606.769,623.408
668,13.736,606.819,623.435
669,13.716,606.870,623.463
670,13.696,606.920,623.490
671,13.676,606.970,623.517
672,13.656,607.020,623.544
673,13.637,607.070,623.571
674,13.617,607.119,623.598
675,13.597,607.168,623.625
676,13.578,607.217,623.652
677,13.558,607.266,623.679
678,13.538,607.315,623.705
679,13.519,607.364,623.732
680,13.499,607.412,623.759
681,13.480,607.461,623.785
682,13.460,607.509,623.812
683,13.441,607.557,623.838
684,13.421,607.604,623.865
685,13.402,607.652,623.891
686,13.383,607.699,623.918
687,13.363,607.746,623.944
688,13.344,607.793,623.970
689,13.325,607.840,623.996
690,13.305,607.887,624.023
691,13.286,607.933,624.049
692,13.267,607.979,624.075
693,13.248,608.026,624.101
694,13.229,608.072,624.127
695,13.210,608.118,624.153
696,13.190,608.164,624.179
697,13.171,608.210,624.205
698,13.152,608.255,624.231
699,13.133,608.301,624.257
700,13.114,608.346,624.282
701,13.095,608.391,624.308
702,13.076,608.437,624.334
703,13.058,608.482,624.360
704,13.039,608.527,624.385
705,13.020,608.572,624.411
706,13.001,608.616,624.437
707,12.982,608.661,624.463
708,12.964,608.706,624.488
709,12.945,608.750,624.514
710,12.926,608.795,624.539
711,12.907,608.839,624.565
712,12.889,608.883,624.590
713,12.870,608.928,624.616
714,12.851,608.972,624.641
715,12.833,609.016,624.667
716,12.814,609.060,624.692
717,12.796,609.103,624.718
718,12.777,609.147,624.743
719,12.759,609.191,624.769
720,12.740,609.234,624.794
721,12.722,609.278,624.820
722,12.704,609.321,624.845
723,12.685,609.365,624.871
724,12.667,609.408,624.896
725,12.649,609.451,624.922
726,12.630,609.494,624.946
727,12.612,609.538,624.972
728,12.594,609.581,624.997
729,12.575,609.624,625.023
730,12.557,609.667,625.048
731,12.539,609.709,625.074
732,12.521,609.752,625.098
733,12.503,609.795,625.124
734,12.485,609.838,625.149
735,12.467,609.881,625.175
736,12.449,609.923,625.200
737,12.431,609.966,625.226
738,12.413,610.009,625.250
739,12.395,610.051,625.276
740,12.377,610.094,625.301
741,12.359,610.136,625.327
742,12.341,610.179,625.351
743,12.323,610.221,625.377
744,12.305,610.264,625.402
745,12.287,610.306,625.428
746,12.269,610.348,625.453
747,12.251,610.391,625.479
748,12.234,610.433,625.503
749,12.216,610.475,625.529
750,12.198,610.517,625.554
751,12.180,610.560,625.580
752,12.163,610.602,625.605
753,12.145,610.644,625.631
754,12.127,610.686,625.655
755,12.110,610.728,625.681
756,12.092,610.770,625.706
757,12.075,610.813,625.732
758,12.057,610.855,625.757
759,12.040,610.897,625.783
760,12.022,610.939,625.808
761,12.005,610.981,625.834
762,11.987,611.023,625.859
763,11.970,611.065,625.885
764,11.952,611.107,625.910
765,11.935,611.149,625.936
766,11.917,611.191,625.961
767,11.900,611.233,625.987
768,11.883,611.275,626.012
769,11.865,611.317,626.038
770,11.848,611.359,626.063
771,11.831,611.401,626.089
772,11.814,611.443,626.114
773,11.796,611.485,626.140
774,11.779,611.527,626.165
775,11.762,611.569,626.191
776,11.745,611.611,626.216
777,11.728,611.653,626.242
778,11.711,611.695,626.268
779,11.694,611.737,626.294
780,11.676,611.779,626.319
781,11.659,611.821,626.345
782,11.642,611.863,626.371
783,11.625,611.905,626.397
784,11.608,611.947,626.422
785,11.591,611.989,626.448
786,11.574,612.031,626.474
787,11.557,612.073,626.500
788,11.541,612.115,626.526
789,11.524,612.157,626.552
790,11.507,612.199,626.577
791,11.490,612.242,626.603
792,11.473,612.284,626.629
793,11.456,612.326,626.655
794,11.439,612.368,626.681
795,11.423,612.410,626.707
796,11.406,612.452,626.733
797,11.389,612.495,626.760
798,11.373,612.537,626.786
799,11.356,612.579,626.812
800,11.339,612.621,626.838
801,11.323,612.663,626.864
802,11.306,612.706,626.890
803,11.289,612.748,626.916
804,11.273,612.790,626.943
805,11.256,612.833,626.969
806,11.240,612.875,626.995
807,11.223,612.918,627.022
808,11.207,612.960,627.048
809,11.190,613.002,627.074
810,11.174,613.045,627.101
811,11.157,613.087,627.127
812,11.141,613.130,627.153
813,11.124,613.172,627.180
814,11.108,613.215,627.206
815,11.092,613.257,627.233
816,11.075,613.300,627.259
817,11.059,613.343,627.286
818,11.043,613.385,627.313
819,11.026,613.428,627.339
820,11.010,613.471,627.366
821,10.994,613.513,627.393
822,10.977,613.556,627.419
823,10.961,613.599,627.446
824,10.945,613.642,627.473
825,10.929,613.685,627.500
826,10.913,613.728,627.526
827,10.897,613.771,627.553
828,10.881,613.813,627.580
829,10.864,613.856,627.607
830,10.848,613.899,627.634
831,10.832,613.942,627.661
832,10.816,613.986,627.688
833,10.800,614.029,627.715
834,10.784,614.072,627.742
835,10.768,614.115,627.769
836,10.752,614.158,627.796
837,10.736,614.201,627.824
838,10.720,614.245,627.851
839,10.705,614.288,627.878
840,10.689,614.331,627.905
841,10.673,614.375,627.932
842,10.657,614.418,627.959
843,10.641,614.461,627.987
844,10.625,614.505,628.014
845,10.610,614.548,628.042
846,10.594,614.592,628.069
847,10.578,614.636,628.097
848,10.562,614.679,628.124
849,10.547,614.723,628.152
850,10.531,614.767,628.179
851,10.515,614.810,628.207
852,10.500,614.854,628.234
853,10.484,614.898,628.262
854,10.468,614.942,628.289
855,10.453,614.986,628.318
856,10.437,615.029,628.345
857,10.422,615.073,628.373
858,10.406,615.117,628.400
859,10.391,615.161,628.429
860,10.375,615.206,628.456
861,10.360,615.250,628.485
862,10.344,615.294,628.512
863,10.329,615.338,628.540
864,10.313,615.382,628.567
865,10.298,615.426,628.597
866,10.282,615.471,628.624
867,10.267,615.515,628.653
868,10.252,615.559,628.680
869,10.236,615.604,628.709
870,10.221,615.648,628.736
871,10.206,615.693,628.766
872,10.191,615.737,628.793
873,10.175,615.782,628.822
874,10.160,615.826,628.849
875,10.145,615.871,628.879
876,10.130,615.916,628.906
877,10.114,615.960,628.936
878,10.099,616.005,628.963
879,10.084,616.050,628.993
880,10.069,616.095,629.020
881,10.054,616.140,629.050
882,10.039,616.185,629.077
883,10.024,616.230,629.107
884,10.009,616.275,629.135
885,9.994,616.320,629.165
886,9.979,616.365,629.192
887,9.964,616.411,629.222
888,9.949,616.456,629.250
889,9.934,616.501,629.280
890,9.919,616.547,629.308
891,9.904,616.592,629.338
892,9.889,616.638,629.366
893,9.874,616.683,629.396
894,9.859,616.729,629.424
895,9.845,616.774,629.454
896,9.830,616.820,629.482
897,9.815,616.866,629.512
898,9.800,616.911,629.541
899,9.785,616.957,629.571
900,9.771,617.003,629.599
901,9.756,617.049,629.629
902,9.741,617.095,629.658
903,9.727,617.141,629.688
904,9.712,617.187,629.717
905,9.697,617.233,629.747
906,9.683,617.279,629.776
907,9.668,617.325,629.806
908,9.653,617.372,629.835
909,9.639,617.418,629.865
910,9.624,617.464,629.894
911,9.610,617.511,629.924
912,9.595,617.557,629.953
913,9.581,617.603,629.983
914,9.566,617.650,630.013
915,9.552,617.697,630.043
916,9.537,617.743,630.073
917,9.523,617.790,630.103
918,9.509,617.837,630.133
919,9.494,617.883,630.163
920,9.480,617.930,630.193
921,9.466,617.977,630.223
922,9.451,618.024,630.253
923,9.437,618.071,630.283
924,9.423,618.118,630.313
925,9.408,618.165,630.344
926,9.394,618.212,630.374
927,9.380,618.260,630.404
928,9.366,618.307,630.434
929,9.352,618.354,630.465
930,9.337,618.401,630.495
931,9.323,618.449,630.526
932,9.309,618.496,630.556
933,9.295,618.544,630.587
934,9.281,618.591,630.617
935,9.267,618.639,630.648
936,9.253,618.687,630.679
937,9.239,618.734,630.710
938,9.225,618.782,630.740
939,9.211,618.830,630.771
940,9.197,618.878,630.802
941,9.183,618.926,630.833
942,9.169,618.974,630.863
943,9.155,619.022,630.895
944,9.141,619.070,630.925
945,9.127,619.118,630.957
946,9.114,619.166,630.987
947,9.100,619.214,631.019
948,9.086,619.262,631.050
949,9.072,619.311,631.081
950,9.058,619.359,631.112
951,9.045,619.407,631.143
952,9.031,619.455,631.174
953,9.017,619.504,631.206
954,9.003,619.552,631.237
955,8.990,619.601,631.269
956,8.976,619.650,631.300
957,8.962,619.699,631.332
958,8.949,619.748,631.362
959,8.935,619.797,631.394
960,8.922,619.845,631.425
961,8.908,619.894,631.458
962,8.895,619.943,631.488
963,8.881,619.992,631.521
964,8.868,620.041,631.552
965,8.854,620.090,631.585
966,8.841,620.140,631.615
967,8.827,620.188,631.648
968,8.814,620.237,631.678
969,8.800,620.287,631.711
970,8.787,620.336,631.742
971,8.774,620.385,631.775
972,8.760,620.435,631.807
973,8.747,620.485,631.838
974,8.734,620.534,631.870
975,8.720,620.584,631.902
976,8.707,620.633,631.935
977,8.694,620.683,631.967
978,8.681,620.733,631.999
979,8.667,620.783,632.031
980,8.654,620.832,632.064
981,8.641,620.882,632.095
982,8.628,620.932,632.129
983,8.615,620.982,632.160
984,8.602,621.033,632.193
985,8.589,621.082,632.225
986,8.576,621.132,632.258
987,8.562,621.182,632.290
988,8.549,621.233,632.323
989,8.536,621.283,632.356
990,8.523,621.334,632.389
991,8.511,621.384,632.421
992,8.498,621.434,632.454
993,8.485,621.485,632.487
994,8.472,621.536,632.519
995,8.459,621.586,632.553
996,8.446,621.637,632.585
997,8.433,621.688,632.618
998,8.420,621.738,632.651
999,8.408,621.789,632.684
1000,8.395,621.841,632.717
1001,8.382,621.892,632.750
1002,8.369,621.943,632.784
1003,8.357,621.994,632.816
1004,8.344,622.045,632.850
1005,8.331,622.096,632.882
1006,8.318,622.148,632.917
1007,8.306,622.199,632.949
1008,8.293,622.251,632.983
1009,8.281,622.302,633.016
1010,8.268,622.353,633.050
1011,8.255,622.405,633.084
1012,8.243,622.456,633.117
1013,8.230,622.507,633.151
1014,8.218,622.560,633.184
1015,8.206,622.611,633.218
1016,8.193,622.663,633.251
1017,8.181,622.715,633.285
1018,8.168,622.767,633.319
1019,8.156,622.819,633.352
1020,8.143,622.871,633.388
1021,8.131,622.924,633.420
1022,8.119,622.976,633.455
1023,8.106,623.028,633.488
1024,8.094,623.080,633.522
1025,8.082,623.133,633.557
1026,8.070,623.185,633.590
1027,8.057,623.238,633.626
1028,8.045,623.290,633.659
1029,8.033,623.343,633.694
1030,8.021,623.396,633.728
1031,8.009,623.448,633.762
1032,7.997,623.501,633.797
1033,7.985,623.554,633.830
1034,7.972,623.607,633.866
1035,7.960,623.660,633.900
1036,7.948,623.713,633.935
1037,7.936,623.766,633.970
1038,7.924,623.820,634.003
1039,7.912,623.873,634.039
1040,7.900,623.926,634.073
1041,7.888,623.979,634.108
1042,7.877,624.033,634.143
1043,7.865,624.087,634.177
1044,7.853,624.139,634.213
1045,7.841,624.193,634.248
1046,7.829,624.247,634.283
1047,7.817,624.301,634.318
1048,7.806,624.354,634.352
1049,7.794,624.408,634.389
1050,7.782,624.462,634.423
1051,7.770,624.516,634.458
1052,7.759,624.570,634.493
1053,7.747,624.624,634.528
1054,7.735,624.678,634.564
1055,7.724,624.733,634.600
1056,7.712,624.786,634.635
1057,7.700,624.841,634.671
1058,7.689,624.896,634.706
1059,7.677,624.950,634.742
1060,7.666,625.004,634.777
1061,7.654,625.059,634.812
1062,7.643,625.113,634.849
1063,7.631,625.169,634.884
1064,7.620,625.223,634.920
1065,7.608,625.278,634.956
1066,7.597,625.333,634.991
1067,7.586,625.387,635.028
1068,7.574,625.443,635.063
1069,7.563,625.498,635.100
1070,7.552,625.553,635.135
1071,7.540,625.609,635.170
1072,7.529,625.664,635.207
1073,7.518,625.719,635.243
1074,7.507,625.774,635.279
1075,7.495,625.829,635.316
1076,7.484,625.884,635.351
1077,7.473,625.940,635.388
1078,7.462,625.996,635.425
1079,7.451,626.052,635.461
1080,7.440,626.107,635.497
1081,7.429,626.163,635.534
1082,7.418,626.218,635.570
1083,7.407,626.274,635.607
1084,7.396,626.330,635.644
1085,7.385,626.386,635.680
1086,7.374,626.443,635.717
1087,7.363,626.499,635.753
1088,7.352,626.555,635.790
1089,7.341,626.611,635.828
1090,7.330,626.668,635.863
1091,7.319,626.724,635.901
1092,7.308,626.780,635.938
1093,7.298,626.837,635.974
1094,7.287,626.893,636.012
1095,7.276,626.950,636.049
1096,7.265,627.006,636.085
1097,7.255,627.063,636.124
1098,7.244,627.120,636.160
1099,7.233,627.177,636.197
1100,7.223,627.233,636.235
1101,7.212,627.291,636.272
1102,7.201,627.348,636.309
1103,7.191,627.405,636.347
1104,7.180,627.462,636.384
1105,7.170,627.519,636.421
1106,7.159,627.576,636.459
1107,7.149,627.633,636.496
1108,7.138,627.690,636.534
1109,7.128,627.748,636.572
1110,7.117,627.805,636.609
1111,7.107,627.863,636.647
1112,7.097,627.920,636.684
1113,7.086,627.978,636.722
1114,7.076,628.036,636.760
1115,7.066,628.094,636.799
1116,7.055,628.151,636.835
1117,7.045,628.209,636.874
1118,7.035,628.267,636.912
1119,7.025,628.325,636.949
1120,7.015,628.383,636.987
1121,7.004,628.441,637.026
1122,6.994,628.499,637.063
1123,6.984,628.557,637.102
1124,6.974,628.615,637.141
1125,6.964,628.674,637.178
1126,6.954,628.732,637.216
1127,6.944,628.791,637.255
1128,6.934,628.849,637.294
1129,6.924,628.907,637.332
1130,6.914,628.965,637.370
1131,6.904,629.024,637.408
1132,6.894,629.083,637.446
1133,6.884,629.141,637.485
1134,6.874,629.200,637.524
1135,6.864,629.259,637.563
1136,6.855,629.318,637.601
1137,6.845,629.377,637.640
1138,6.835,629.435,637.678
1139,6.825,629.495,637.717
1140,6.816,629.554,637.756
1141,6.806,629.613,637.795
1142,6.796,629.672,637.833
1143,6.787,629.731,637.873
1144,6.777,629.790,637.911
1145,6.767,629.849,637.950
1146,6.758,629.909,637.990
1147,6.748,629.968,638.029
1148,6.739,630.028,638.067
1149,6.729,630.087,638.106
1150,6.720,630.147,638.146
1151,6.710,630.206,638.185
1152,6.701,630.266,638.224
1153,6.691,630.326,638.263
1154,6.682,630.385,638.303
1155,6.672,630.445,638.342
1156,6.663,630.505,638.381
1157,6.654,630.564,638.421
1158,6.645,630.624,638.460
1159,6.635,630.684,638.499
1160,6.626,630.745,638.538
1161,6.617,630.805,638.578
1162,6.608,630.865,638.617
1163,6.598,630.925,638.657
1164,6.589,630.985,638.696
1165,6.580,631.045,638.736
1166,6.571,631.105,638.775
1167,6.562,631.166,638.816
1168,6.553,631.226,638.855
1169,6.544,631.286,638.895
1170,6.535,631.346,638.935
1171,6.526,631.407,638.975
1172,6.517,631.467,639.014
1173,6.508,631.528,639.054
1174,6.499,631.589,639.094
1175,6.490,631.649,639.134
1176,6.481,631.709,639.173
1177,6.472,631.770,639.213
1178,6.463,631.831,639.254
1179,6.455,631.892,639.293
1180,6.446,631.952,639.333
1181,6.437,632.013,639.373
1182,6.428,632.074,639.414
1183,6.420,632.135,639.454
1184,6.411,632.195,639.494
1185,6.402,632.257,639.534
1186,6.394,632.318,639.574
1187,6.385,632.379,639.614
1188,6.377,632.440,639.654
1189,6.368,632.501,639.695
1190,6.360,632.562,639.735
1191,6.351,632.623,639.775
1192,6.343,632.685,639.815
1193,6.334,632.746,639.856
1194,6.326,632.807,639.896
1195,6.317,632.868,639.936
1196,6.309,632.929,639.977
1197,6.301,632.990,640.017
1198,6.292,633.051,640.058
1199,6.284,633.113,640.098
1200,6.276,633.174,640.139
1201,6.267,633.236,640.179
1202,6.259,633.297,640.220
1203,6.251,633.360,640.260
1204,6.243,633.420,640.301
1205,6.234,633.482,640.342
1206,6.226,633.544,640.382
1207,6.218,633.605,640.423
1208,6.210,633.667,640.463
1209,6.202,633.728,640.504
1210,6.194,633.789,640.544
1211,6.186,633.852,640.586
1212,6.178,633.913,640.626
1213,6.170,633.975,640.666
1214,6.162,634.036,640.707
1215,6.154,634.098,640.748
1216,6.146,634.160,640.788
1217,6.138,634.222,640.829
1218,6.131,634.284,640.871
1219,6.123,634.345,640.911
1220,6.115,634.407,640.952
1221,6.107,634.470,640.993
1222,6.099,634.531,641.034
1223,6.092,634.593,641.075
1224,6.084,634.654,641.115
1225,6.076,634.716,641.156
1226,6.069,634.778,641.197
1227,6.061,634.840,641.239
1228,6.054,634.902,641.279
1229,6.046,634.964,641.320
1230,6.038,635.026,641.361
1231,6.031,635.089,641.402
1232,6.023,635.150,641.442
1233,6.016,635.212,641.483
1234,6.008,635.274,641.524
1235,6.001,635.336,641.566
1236,5.994,635.398,641.607
1237,5.986,635.460,641.647
1238,5.979,635.522,641.688
1239,5.972,635.584,641.729
1240,5.964,635.646,641.770
1241,5.957,635.708,641.811
1242,5.950,635.770,641.852
1243,5.943,635.832,641.893
1244,5.935,635.893,641.934
1245,5.928,635.956,641.975
1246,5.921,636.018,642.016
1247,5.914,636.080,642.057
1248,5.907,636.141,642.098
1249,5.900,636.203,642.139
1250,5.893,636.265,642.181
1251,5.886,636.327,642.221
1252,5.879,636.389,642.262
1253,5.872,636.452,642.303
1254,5.865,636.513,642.344
1255,5.858,636.575,642.386
1256,5.851,636.637,642.426
1257,5.844,636.699,642.467
1258,5.837,636.761,642.508
1259,5.830,636.823,642.549
1260,5.824,636.885,642.590
1261,5.817,636.946,642.631
1262,5.810,637.008,642.672
1263,5.803,637.070,642.713
1264,5.797,637.132,642.754
1265,5.790,637.194,642.795
1266,5.783,637.255,642.835
1267,5.777,637.317,642.877
1268,5.770,637.379,642.917
1269,5.763,637.441,642.958
1270,5.757,637.502,643.000
1271,5.750,637.564,643.040
1272,5.744,637.625,643.080
1273,5.737,637.686,643.122
1274,5.731,637.749,643.163
1275,5.725,637.809,643.203
1276,5.718,637.872,643.244
1277,5.712,637.933,643.285
1278,5.705,637.993,643.325
1279,5.699,638.055,643.366
1280,5.693,638.117,643.407
1281,5.686,638.178,643.448
1282,5.680,638.239,643.488
1283,5.674,638.301,643.529
1284,5.668,638.362,643.569
1285,5.662,638.423,643.610
1286,5.655,638.484,643.651
1287,5.649,638.545,643.692
1288,5.643,638.606,643.732
1289,5.637,638.667,643.772
1290,5.631,638.729,643.813
1291,5.625,638.790,643.854
1292,5.619,638.850,643.894
1293,5.613,638.912,643.934
1294,5.607,638.972,643.975
1295,5.601,639.033,644.015
1296,5.595,639.094,644.055
1297,5.589,639.155,644.096
1298,5.583,639.215,644.136
1299,5.578,639.276,644.176
1300,5.572,639.336,644.216
1301,5.566,639.396,644.256
1302,5.560,639.457,644.297
1303,5.554,639.518,644.337
1304,5.549,639.578,644.377
1305,5.543,639.638,644.417
1306,5.537,639.698,644.457
1307,5.532,639.758,644.497
1308,5.526,639.818,644.537
1309,5.521,639.878,644.577
1310,5.515,639.938,644.617
1311,5.509,639.998,644.657
1312,5.504,640.058,644.696
1313,5.498,640.118,644.736
1314,5.493,640.177,644.776
1315,5.487,640.237,644.815
1316,5.482,640.297,644.856
1317,5.477,640.356,644.895
1318,5.471,640.415,644.935
1319,5.466,640.475,644.974
1320,5.460,640.534,645.013
1321,5.455,640.593,645.052
1322,5.450,640.652,645.092
1323,5.445,640.711,645.132
1324,5.439,640.770,645.171
1325,5.434,640.829,645.210
1326,5.429,640.888,645.249
1327,5.424,640.947,645.288
1328,5.419,641.005,645.327
1329,5.414,641.064,645.366
1330,5.408,641.122,645.405
1331,5.403,641.180,645.445
1332,5.398,641.239,645.483
1333,5.393,641.297,645.522
1334,5.388,641.355,645.561
1335,5.383,641.414,645.599
1336,5.378,641.471,645.638
1337,5.373,641.529,645.676
1338,5.368,641.587,645.715
1339,5.364,641.645,645.754
1340,5.359,641.702,645.792
1341,5.354,641.759,645.831
1342,5.349,641.817,645.869
1343,5.344,641.874,645.907
1344,5.339,641.931,645.945
1345,5.335,641.988,645.983
1346,5.330,642.045,646.022
1347,5.325,642.102,646.059
1348,5.321,642.159,646.097
1349,5.316,642.215,646.135
1350,5.311,642.272,646.172
1351,5.307,642.329,646.211
1352,5.302,642.385,646.249
1353,5.297,642.441,646.286
1354,5.293,642.497,646.323
1355,5.288,642.553,646.361
1356,5.284,642.609,646.398
1357,5.279,642.665,646.435
1358,5.275,642.720,646.473
1359,5.271,642.776,646.509
1360,5.266,642.832,646.547
1361,5.262,642.887,646.584
1362,5.257,642.942,646.621
1363,5.253,642.997,646.658
1364,5.249,643.052,646.695
1365,5.244,643.107,646.731
1366,5.240,643.162,646.768
1367,5.236,643.217,646.804
1368,5.232,643.271,646.841
1369,5.227,643.325,646.877
1370,5.223,643.379,646.914
1371,5.219,643.433,646.950
1372,5.215,643.488,646.986
1373,5.211,643.541,647.022
1374,5.207,643.595,647.058
1375,5.202,643.648,647.093
1376,5.198,643.702,647.129
1377,5.194,643.755,647.166
1378,5.190,643.809,647.201
1379,5.186,643.861,647.237
1380,5.182,643.915,647.272
1381,5.178,643.968,647.308
1382,5.174,644.020,647.342
1383,5.170,644.073,647.378
1384,5.167,644.125,647.413
1385,5.163,644.176,647.448
1386,5.159,644.229,647.483
1387,5.155,644.281,647.518
1388,5.151,644.333,647.552
1389,5.147,644.384,647.588
1390,5.144,644.435,647.622
1391,5.140,644.487,647.656
1392,5.136,644.538,647.691
1393,5.132,644.589,647.725
1394,5.129,644.640,647.759
1395,5.125,644.691,647.793
1396,5.121,644.742,647.827
1397,5.118,644.792,647.861
1398,5.114,644.842,647.895
1399,5.110,644.892,647.929
1400,5.107,644.942,647.962
1401,5.103,644.992,647.996
1402,5.100,645.042,648.029
1403,5.096,645.092,648.063
1404,5.093,645.141,648.096
1405,5.089,645.190,648.129
1406,5.086,645.239,648.162
1407,5.082,645.287,648.194
1408,5.079,645.337,648.227
1409,5.075,645.385,648.260
1410,5.072,645.433,648.293
1411,5.069,645.481,648.325
1412,5.065,645.530,648.358
1413,5.062,645.577,648.390
1414,5.059,645.625,648.422
1415,5.055,645.673,648.454
1416,5.052,645.721,648.486
1417,5.049,645.767,648.518
1418,5.046,645.815,648.549
1419,5.042,645.862,648.581
1420,5.039,645.908,648.612
1421,5.036,645.955,648.644
1422,5.033,646.001,648.675
1423,5.030,646.047,648.706
1424,5.026,646.093,648.738
1425,5.023,646.139,648.768
1426,5.020,646.185,648.799
1427,5.017,646.231,648.830
1428,5.014,646.276,648.860
1429,5.011,646.321,648.891
1430,5.008,646.366,648.921
1431,5.005,646.411,648.952
1432,5.002,646.455,648.982
1433,4.999,646.500,649.012
1434,4.996,646.544,649.042
1435,4.993,646.588,649.071
1436,4.990,646.632,649.101
1437,4.987,646.676,649.131
1438,4.984,646.720,649.160
1439,4.981,646.763,649.190
1440,4.979,646.806,649.218
1441,4.976,646.849,649.248
1442,4.973,646.892,649.277
1443,4.970,646.935,649.306
1444,4.967,646.977,649.335
1445,4.965,647.020,649.363
1446,4.962,647.062,649.392
1447,4.959,647.104,649.420
1448,4.956,647.146,649.448
1449,4.954,647.187,649.476
1450,4.951,647.228,649.504
1451,4.948,647.269,649.532
1452,4.946,647.310,649.560
1453,4.943,647.352,649.588
1454,4.940,647.392,649.615
1455,4.938,647.433,649.643
1456,4.935,647.473,649.670
1457,4.932,647.513,649.697
1458,4.930,647.553,649.724
1459,4.927,647.593,649.751
1460,4.925,647.633,649.778
1461,4.922,647.671,649.804
1462,4.920,647.711,649.831
1463,4.917,647.750,649.857
1464,4.915,647.789,649.884
1465,4.912,647.828,649.910
1466,4.910,647.866,649.936
1467,4.907,647.904,649.962
1468,4.905,647.942,649.988
1469,4.903,647.980,650.013
1470,4.900,648.018,650.039
1471,4.898,648.055,650.065
1472,4.895,648.092,650.090
1473,4.893,648.129,650.115
1474,4.891,648.166,650.140
1475,4.888,648.203,650.165
1476,4.886,648.240,650.190
1477,4.884,648.276,650.215
1478,4.881,648.312,650.240
1479,4.879,648.348,650.263
1480,4.877,648.384,650.288
1481,4.875,648.420,650.312
1482,4.872,648.455,650.336
1483,4.870,648.490,650.361
1484,4.868,648.525,650.384
1485,4.866,648.560,650.408
1486,4.864,648.595,650.432
1487,4.861,648.629,650.455
1488,4.859,648.664,650.479
1489,4.857,648.698,650.502
1490,4.855,648.732,650.525
1491,4.853,648.765,650.548
1492,4.851,648.799,650.571
1493,4.849,648.832,650.594
1494,4.847,648.866,650.616
1495,4.845,648.899,650.638
1496,4.842,648.931,650.661
1497,4.840,648.964,650.683
1498,4.838,648.997,650.705
1499,4.836,649.029,650.728
1500,4.834,649.061,650.749
1501,4.832,649.093,650.771
1502,4.830,649.125,650.793
1503,4.828,649.157,650.814
1504,4.826,649.188,650.835
1505,4.824,649.219,650.856
1506,4.823,649.250,650.878
1507,4.821,649.280,650.899
1508,4.819,649.312,650.919
1509,4.817,649.342,650.941
1510,4.815,649.373,650.961
1511,4.813,649.403,650.982
1512,4.811,649.432,651.002
1513,4.809,649.462,651.022
1514,4.807,649.491,651.043
1515,4.806,649.521,651.063
1516,4.804,649.551,651.083
1517,4.802,649.579,651.103
1518,4.800,649.608,651.123
1519,4.798,649.637,651.142
1520,4.797,649.665,651.162
1521,4.795,649.694,651.181
1522,4.793,649.722,651.201
1523,4.791,649.750,651.219
1524,4.790,649.777,651.239
1525,4.788,649.805,651.257
1526,4.786,649.832,651.276
1527,4.784,649.860,651.294
1528,4.783,649.887,651.313
1529,4.781,649.914,651.332
1530,4.779,649.941,651.350
1531,4.778,649.967,651.368
1532,4.776,649.994,651.386
1533,4.774,650.020,651.404
1534,4.773,650.046,651.422
1535,4.771,650.072,651.440
1536,4.769,650.098,651.458
1537,4.768,650.124,651.475
1538,4.766,650.149,651.493
1539,4.764,650.174,651.510
1540,4.763,650.199,651.527
1541,4.761,650.225,651.544
1542,4.760,650.249,651.561
1543,4.758,650.274,651.578
1544,4.757,650.298,651.595
1545,4.755,650.322,651.612
1546,4.754,650.347,651.628
1547,4.752,650.370,651.645
1548,4.750,650.394,651.661
1549,4.749,650.418,651.677
1550,4.747,650.441,651.693
1551,4.746,650.464,651.709
1552,4.744,650.488,651.725
1553,4.743,650.511,651.741
1554,4.742,650.534,651.757
1555,4.740,650.556,651.773
1556,4.739,650.579,651.787
1557,4.737,650.601,651.803
1558,4.736,650.624,651.818
1559,4.734,650.646,651.834
1560,4.733,650.667,651.849
1561,4.731,650.689,651.864
1562,4.730,650.711,651.879
1563,4.729,650.732,651.894
1564,4.727,650.754,651.908
1565,4.726,650.775,651.923
1566,4.724,650.796,651.937
1567,4.723,650.817,651.951
1568,4.722,650.838,651.965
1569,4.720,650.859,651.980
1570,4.719,650.879,651.994
1571,4.718,650.899,652.008
1572,4.716,650.920,652.022
1573,4.715,650.940,652.035
1574,4.714,650.960,652.049
1575,4.712,650.980,652.063
1576,4.711,650.999,652.076
1577,4.710,651.019,652.090
1578,4.708,651.038,652.103
1579,4.707,651.057,652.116
1580,4.706,651.076,652.130
1581,4.705,651.095,652.143
1582,4.703,651.114,652.156
1583,4.702,651.132,652.169
1584,4.701,651.151,652.181
1585,4.700,651.169,652.194
1586,4.698,651.187,652.207
1587,4.697,651.205,652.219
1588,4.696,651.223,652.232
1589,4.695,651.241,652.244
1590,4.693,651.259,652.256
1591,4.692,651.277,652.268
1592,4.691,651.294,652.280
1593,4.690,651.312,652.292
1594,4.689,651.329,652.304
1595,4.687,651.346,652.316
1596,4.686,651.362,652.328
1597,4.685,651.380,652.340
1598,4.684,651.397,652.351
1599,4.683,651.413,652.362
1600,4.682,651.429,652.374
1601,4.681,651.446,652.385
1602,4.679,651.462,652.396
1603,4.678,651.478,652.407
1604,4.677,651.495,652.418
1605,4.676,651.510,652.430
1606,4.675,651.526,652.441
1607,4.674,651.541,652.451
1608,4.673,651.557,652.462
1609,4.672,651.573,652.472
1610,4.670,651.588,652.483
1611,4.669,651.603,652.493
1612,4.668,651.618,652.505
1613,4.667,651.633,652.515
1614,4.666,651.648,652.525
1615,4.665,651.663,652.535
1616,4.664,651.677,652.545
1617,4.663,651.692,652.555
1618,4.662,651.707,652.566
1619,4.661,651.721,652.575
1620,4.660,651.735,652.585
1621,4.659,651.749,652.595
1622,4.658,651.763,652.604
1623,4.657,651.777,652.614
1624,4.656,651.791,652.624
1625,4.655,651.804,652.633
1626,4.654,651.818,652.642
1627,4.653,651.831,652.652
1628,4.652,651.845,652.661
1629,4.651,651.859,652.671
1630,4.650,651.871,652.680
1631,4.649,651.884,652.688
1632,4.648,651.897,652.697
1633,4.647,651.911,652.706
1634,4.646,651.923,652.716
1635,4.645,651.935,652.724
1636,4.644,651.949,652.733
1637,4.643,651.961,652.742
1638,4.642,651.973,652.750
1639,4.641,651.985,652.759
1640,4.640,651.998,652.767
1641,4.639,652.010,652.776
1642,4.638,652.022,652.784
1643,4.637,652.034,652.793
1644,4.636,652.046,652.801
1645,4.635,652.058,652.809
1646,4.634,652.070,652.817
1647,4.633,652.081,652.825
1648,4.632,652.092,652.833
1649,4.631,652.104,652.841
1650,4.630,652.115,652.849
1651,4.630,652.126,652.856
1652,4.629,652.138,652.865
1653,4.628,652.149,652.873
1654,4.627,652.160,652.880
1655,4.626,652.171,652.887
1656,4.625,652.182,652.895
1657,4.624,652.192,652.902
1658,4.623,652.203,652.910
1659,4.622,652.214,652.917
1660,4.622,652.224,652.925
1661,4.621,652.235,652.932
1662,4.620,652.245,652.939
1663,4.619,652.255,652.947
1664,4.618,652.266,652.954
1665,4.617,652.276,652.960
1666,4.616,652.285,652.967
1667,4.616,652.296,652.974
1668,4.615,652.306,652.982
1669,4.614,652.316,652.988
1670,4.613,652.325,652.995
1671,4.612,652.335,653.002
1672,4.611,652.345,653.009
1673,4.610,652.354,653.015
1674,4.610,652.364,653.022
1675,4.609,652.373,653.028
1676,4.608,652.382,653.034
1677,4.607,652.392,653.042
1678,4.606,652.401,653.048
1679,4.606,652.410,653.054
1680,4.605,652.420,653.060
1681,4.604,652.428,653.067
1682,4.603,652.437,653.073
1683,4.602,652.446,653.079
1684,4.602,652.455,653.086
1685,4.601,652.463,653.092
1686,4.600,652.473,653.097
1687,4.599,652.481,653.103
1688,4.598,652.489,653.110
1689,4.598,652.498,653.116
1690,4.597,652.506,653.121
1691,4.596,652.514,653.127
1692,4.595,652.523,653.133
1693,4.595,652.531,653.139
1694,4.594,652.539,653.144
1695,4.593,652.548,653.150
1696,4.592,652.556,653.156
1697,4.591,652.564,653.161
1698,4.591,652.572,653.167
1699,4.590,652.579,653.173
1700,4.589,652.588,653.178
1701,4.588,652.595,653.183
1702,4.588,652.603,653.188
1703,4.587,652.611,653.194
1704,4.586,652.618,653.200
1705,4.585,652.626,653.205
1706,4.585,652.633,653.210
1707,4.584,652.641,653.215
1708,4.583,652.648,653.220
1709,4.583,652.655,653.226
1710,4.582,652.663,653.231
1711,4.581,652.670,653.236
1712,4.580,652.677,653.240
1713,4.580,652.685,653.246
1714,4.579,652.691,653.251
1715,4.578,652.698,653.255
1716,4.578,652.706,653.260
1717,4.577,652.713,653.265
1718,4.576,652.719,653.270
1719,4.575,652.727,653.275
1720,4.575,652.733,653.280
1721,4.574,652.739,653.284
1722,4.573,652.747,653.289
1723,4.573,652.753,653.294
1724,4.572,652.759,653.298
1725,4.571,652.767,653.303
1726,4.571,652.773,653.307
1727,4.570,652.779,653.312
1728,4.569,652.786,653.317
1729,4.569,652.792,653.321
1730,4.568,652.798,653.325
1731,4.567,652.805,653.330
1732,4.567,652.811,653.335
1733,4.566,652.817,653.339
1734,4.565,652.823,653.343
1735,4.565,652.829,653.347
1736,4.564,652.836,653.352
1737,4.563,652.842,653.356
1738,4.563,652.847,653.360
1739,4.562,652.854,653.364
1740,4.561,652.860,653.369
1741,4.561,652.865,653.372
1742,4.560,652.871,653.376
1743,4.559,652.877,653.380
1744,4.559,652.882,653.385
1745,4.558,652.889,653.389
1746,4.557,652.894,653.392
1747,4.557,652.900,653.396
1748,4.556,652.906,653.401
1749,4.555,652.911,653.404
1750,4.555,652.917,653.408
1751,4.554,652.922,653.412
1752,4.554,652.928,653.416
1753,4.553,652.933,653.420
1754,4.552,652.938,653.423
1755,4.552,652.944,653.428
1756,4.551,652.949,653.431
1757,4.550,652.954,653.435
1758,4.550,652.959,653.438
1759,4.549,652.965,653.443
1760,4.549,652.970,653.446
1761,4.548,652.975,653.449
1762,4.547,652.980,653.453
1763,4.547,652.985,653.457
1764,4.546,652.990,653.460
1765,4.545,652.995,653.464
1766,4.545,653.001,653.468
1767,4.544,653.005,653.471
1768,4.544,653.010,653.474
1769,4.543,653.015,653.477
1770,4.542,653.020,653.481
1771,4.542,653.025,653.484
1772,4.541,653.029,653.488
1773,4.541,653.034,653.491
1774,4.540,653.039,653.495
1775,4.540,653.044,653.498
1776,4.539,653.048,653.501
1777,4.538,653.053,653.504
1778,4.538,653.058,653.507
1779,4.537,653.062,653.511
1780,4.537,653.067,653.514
1781,4.536,653.072,653.517
1782,4.535,653.076,653.520
1783,4.535,653.080,653.523
1784,4.534,653.085,653.527
1785,4.534,653.089,653.530
1786,4.533,653.093,653.533
1787,4.533,653.098,653.536
1788,4.532,653.102,653.539
1789,4.531,653.106,653.542
1790,4.531,653.111,653.545
1791,4.530,653.115,653.548
1792,4.530,653.119,653.551
1793,4.529,653.124,653.554
1794,4.529,653.128,653.557
1795,4.528,653.132,653.560
1796,4.527,653.136,653.563
1797,4.527,653.140,653.566
1798,4.526,653.144,653.569
1799,4.526,653.148,653.572
1800,4.525,653.153,653.575
1801,4.525,653.156,653.577
1802,4.524,653.160,653.580
1803,4.524,653.165,653.583
1804,4.523,653.168,653.586
1805,4.523,653.172,653.588
1806,4.522,653.176,653.591
1807,4.521,653.180,653.594
1808,4.521,653.184,653.596
1809,4.520,653.188,653.599
1810,4.520,653.192,653.602
1811,4.519,653.195,653.605
1812,4.519,653.199,653.607
1813,4.518,653.203,653.610
1814,4.518,653.206,653.612
1815,4.517,653.210,653.615
1816,4.517,653.214,653.618
1817,4.516,653.217,653.621
1818,4.516,653.222,653.623
1819,4.515,653.225,653.626
1820,4.514,653.228,653.628
1821,4.514,653.232,653.630
1822,4.513,653.236,653.634
1823,4.513,653.239,653.636
1824,4.512,653.243,653.638
1825,4.512,653.246,653.640
1826,4.511,653.249,653.643
1827,4.511,653.253,653.645
1828,4.510,653.257,653.648
1829,4.510,653.260,653.651
1830,4.509,653.264,653.653
1831,4.509,653.267,653.655
1832,4.508,653.270,653.657
1833,4.508,653.274,653.659
1834,4.507,653.277,653.663
1835,4.507,653.280,653.665
1836,4.506,653.283,653.667
1837,4.506,653.286,653.669
1838,4.505,653.290,653.671
1839,4.505,653.293,653.674
1840,4.504,653.297,653.676
1841,4.504,653.300,653.679
1842,4.503,653.303,653.681
1843,4.503,653.306,653.683
1844,4.502,653.310,653.686
1845,4.502,653.312,653.688
1846,4.501,653.316,653.690
1847,4.501,653.319,653.692
1848,4.500,653.322,653.694
1849,4.500,653.325,653.696
1850,4.499,653.328,653.699
1851,4.499,653.331,653.701
1852,4.498,653.334,653.703
1853,4.498,653.337,653.705
1854,4.497,653.340,653.707
1855,4.497,653.343,653.709
1856,4.496,653.346,653.711
1857,4.496,653.349,653.713
1858,4.495,653.352,653.715
1859,4.495,653.355,653.717
1860,4.494,653.358,653.720
1861,4.494,653.361,653.722
1862,4.493,653.364,653.724
1863,4.493,653.366,653.726
1864,4.493,653.369,653.727
1865,4.492,653.372,653.730
1866,4.492,653.375,653.732
1867,4.491,653.378,653.734
1868,4.491,653.380,653.736
1869,4.490,653.383,653.737
1870,4.490,653.386,653.740
1871,4.489,653.389,653.742
1872,4.489,653.392,653.744
1873,4.488,653.394,653.745
1874,4.488,653.397,653.747
1875,4.487,653.400,653.750
1876,4.487,653.403,653.751
1877,4.486,653.405,653.753
1878,4.486,653.408,653.755
1879,4.486,653.410,653.757
1880,4.485,653.413,653.759
1881,4.485,653.416,653.761
1882,4.484,653.418,653.763
1883,4.484,653.421,653.764
1884,4.483,653.423,653.766
1885,4.483,653.427,653.768
1886,4.482,653.429,653.770
1887,4.482,653.431,653.772
1888,4.481,653.434,653.773
1889,4.481,653.436,653.775
1890,4.480,653.439,653.777
1891,4.480,653.442,653.779
1892,4.480,653.444,653.781
1893,4.479,653.446,653.782
1894,4.479,653.449,653.785
1895,4.478,653.452,653.786
1896,4.478,653.454,653.788
1897,4.477,653.456,653.789
1898,4.477,653.458,653.791
1899,4.476,653.462,653.793
1900,4.476,653.464,653.795
1901,4.476,653.466,653.796
1902,4.475,653.468,653.798
1903,4.475,653.470,653.799
1904,4.474,653.473,653.802
1905,4.474,653.476,653.803
1906,4.473,653.478,653.805
1907,4.473,653.480,653.806
1908,4.473,653.483,653.809
1909,4.472,653.485,653.810
1910,4.472,653.487,653.811
1911,4.471,653.489,653.813
1912,4.471,653.491,653.814
1913,4.470,653.494,653.817
1914,4.470,653.496,653.818
1915,4.470,653.499,653.819
1916,4.469,653.501,653.821
1917,4.469,653.504,653.823
1918,4.468,653.506,653.825
1919,4.468,653.508,653.826
1920,4.467,653.510,653.827
1921,4.467,653.512,653.829
1922,4.467,653.515,653.831
1923,4.466,653.516,653.832
1924,4.466,653.518,653.834
1925,4.465,653.520,653.835
1926,4.465,653.523,653.837
1927,4.464,653.525,653.839
1928,4.464,653.527,653.840
1929,4.464,653.529,653.841
1930,4.463,653.532,653.843
1931,4.463,653.534,653.845
1932,4.462,653.536,653.846
1933,4.462,653.538,653.847
1934,4.461,653.540,653.849
1935,4.461,653.542,653.851
1936,4.461,653.544,653.852
1937,4.460,653.546,653.853
1938,4.460,653.548,653.855
1939,4.459,653.551,653.857
1940,4.459,653.552,653.858
1941,4.459,653.554,653.859
1942,4.458,653.556,653.860
1943,4.458,653.559,653.862
1944,4.457,653.561,653.864
1945,4.457,653.562,653.865
1946,4.457,653.564,653.866
1947,4.456,653.567,653.868
1948,4.456,653.569,653.869
1949,4.455,653.570,653.871
1950,4.455,653.572,653.872
1951,4.455,653.575,653.874
1952,4.454,653.576,653.875
1953,4.454,653.578,653.876
1954,4.453,653.580,653.878
1955,4.453,653.582,653.879
1956,4.453,653.584,653.881
1957,4.452,653.586,653.882
1958,4.452,653.588,653.883
1959,4.451,653.590,653.885
1960,4.451,653.592,653.886
1961,4.451,653.594,653.887
1962,4.450,653.595,653.888
1963,4.450,653.598,653.890
1964,4.449,653.599,653.891
1965,4.449,653.601,653.893
1966,4.449,653.603,653.894
1967,4.448,653.605,653.896
1968,4.448,653.607,653.897
1969,4.447,653.608,653.898
1970,4.447,653.610,653.899
1971,4.447,653.612,653.901
1972,4.446,653.614,653.902
1973,4.446,653.616,653.903
1974,4.446,653.617,653.904
1975,4.445,653.620,653.906
1976,4.445,653.621,653.907
1977,4.444,653.623,653.908
1978,4.444,653.624,653.909
1979,4.444,653.627,653.911
1980,4.443,653.628,653.912
1981,4.443,653.630,653.913
1982,4.442,653.631,653.914
1983,4.442,653.634,653.916
1984,4.442,653.635,653.917
1985,4.441,653.637,653.918
1986,4.441,653.638,653.919
1987,4.441,653.641,653.921
1988,4.440,653.642,653.922
1989,4.440,653.644,653.923
1990,4.439,653.645,653.924
1991,4.439,653.647,653.926
1992,4.439,653.649,653.927
1993,4.438,653.650,653.928
1994,4.438,653.653,653.929
1995,4.438,653.654,653.930
1996,4.437,653.656,653.931
1997,4.437,653.657,653.933
1998,4.436,653.659,653.934
1999,4.436,653.661,653.935
2000,4.436,653.662,653.936
2001,4.435,653.664,653.937
2002,4.435,653.666,653.939
2003,4.435,653.667,653.940
2004,4.434,653.669,653.941
2005,4.434,653.670,653.942
2006,4.433,653.672,653.943
2007,4.433,653.674,653.944
2008,4.433,653.675,653.945
2009,4.432,653.677,653.947
2010,4.432,653.678,653.948
2011,4.432,653.680,653.949
2012,4.431,653.681,653.950
2013,4.431,653.683,653.951
2014,4.431,653.685,653.952
2015,4.430,653.686,653.953
2016,4.430,653.687,653.954
2017,4.429,653.690,653.956
2018,4.429,653.691,653.957
2019,4.429,653.692,653.958
2020,4.428,653.694,653.959
2021,4.428,653.696,653.960
2022,4.428,653.697,653.961
2023,4.427,653.698,653.962
2024,4.427,653.700,653.964
2025,4.427,653.702,653.965
2026,4.426,653.703,653.965
2027,4.426,653.705,653.966
2028,4.426,653.706,653.968
2029,4.425,653.708,653.969
2030,4.425,653.709,653.970
2031,4.424,653.711,653.971
2032,4.424,653.712,653.972
2033,4.424,653.713,653.973
2034,4.423,653.715,653.974
2035,4.423,653.717,653.975
2036,4.423,653.718,653.976
2037,4.422,653.719,653.977
2038,4.422,653.721,653.979
2039,4.422,653.722,653.979
2040,4.421,653.724,653.980
2041,4.421,653.725,653.981
2042,4.421,653.727,653.983
2043,4.420,653.728,653.984
2044,4.420,653.729,653.984
2045,4.420,653.731,653.986
2046,4.419,653.732,653.987
2047,4.419,653.734,653.988
2048,4.419,653.735,653.988
2049,4.418,653.737,653.990
2050,4.418,653.738,653.991
2051,4.418,653.739,653.992
2052,4.417,653.741,653.993
2053,4.417,653.742,653.994
2054,4.416,653.744,653.995
2055,4.416,653.745,653.996
2056,4.416,653.747,653.997
2057,4.415,653.748,653.998
2058,4.415,653.749,653.999
2059,4.415,653.751,654.000
2060,4.414,653.752,654.001
2061,4.414,653.753,654.001
2062,4.414,653.755,654.003
2063,4.413,653.756,654.004
2064,4.413,653.757,654.004
2065,4.413,653.758,654.005
2066,4.412,653.760,654.007
2067,4.412,653.761,654.007
2068,4.412,653.762,654.008
2069,4.411,653.764,654.009
2070,4.411,653.765,654.010
2071,4.411,653.767,654.011
2072,4.410,653.768,654.012
2073,4.410,653.769,654.013
2074,4.410,653.771,654.014
2075,4.409,653.772,654.015
2076,4.409,653.773,654.016
2077,4.409,653.775,654.017
2078,4.408,653.776,654.018
2079,4.408,653.777,654.019
2080,4.408,653.778,654.020
2081,4.407,653.780,654.020
2082,4.407,653.781,654.022
2083,4.407,653.782,654.023
2084,4.406,653.783,654.023
2085,4.406,653.785,654.024
2086,4.406,653.786,654.025
2087,4.406,653.787,654.026
2088,4.405,653.788,654.027
2089,4.405,653.790,654.028
2090,4.405,653.791,654.029
2091,4.404,653.792,654.030
2092,4.404,653.794,654.031
2093,4.404,653.795,654.031
2094,4.403,653.796,654.032
2095,4.403,653.798,654.033
2096,4.403,653.799,654.034
2097,4.402,653.800,654.035
2098,4.402,653.801,654.036
2099,4.402,653.802,654.037
2100,4.401,653.803,654.038
2101,4.401,653.805,654.038
2102,4.401,653.806,654.040
2103,4.400,653.807,654.040
2104,4.400,653.808,654.041
2105,4.400,653.810,654.042
2106,4.399,653.811,654.043
2107,4.399,653.812,654.044
2108,4.399,653.813,654.045
2109,4.398,653.814,654.046
2110,4.398,653.815,654.046
2111,4.398,653.817,654.047
2112,4.398,653.818,654.048
2113,4.397,653.819,654.049
2114,4.397,653.821,654.050
2115,4.397,653.822,654.051
2116,4.396,653.823,654.051
2117,4.396,653.824,654.052
2118,4.396,653.825,654.053
2119,4.395,653.826,654.054
2120,4.395,653.827,654.055
2121,4.395,653.829,654.056
2122,4.394,653.830,654.056
2123,4.394,653.831,654.057
2124,4.394,653.832,654.058
2125,4.393,653.833,654.059
2126,4.393,653.834,654.060
2127,4.393,653.835,654.061
2128,4.393,653.836,654.061
2129,4.392,653.837,654.062
2130,4.392,653.839,654.063
2131,4.392,653.840,654.064
2132,4.391,653.841,654.065
2133,4.391,653.842,654.066
2134,4.391,653.843,654.066
2135,4.390,653.844,654.067
2136,4.390,653.846,654.068
2137,4.390,653.847,654.069
2138,4.390,653.848,654.069
2139,4.389,653.849,654.070
2140,4.389,653.850,654.071
2141,4.389,653.851,654.072
2142,4.388,653.852,654.073
2143,4.388,653.853,654.073
2144,4.388,653.854,654.074
2145,4.387,653.856,654.075
2146,4.387,653.856,654.076
2147,4.387,653.857,654.077
2148,4.386,653.859,654.077
2149,4.386,653.860,654.078
2150,4.386,653.861,654.079
2151,4.386,653.862,654.080
2152,4.385,653.863,654.081
2153,4.385,653.864,654.081
2154,4.385,653.865,654.082
2155,4.384,653.866,654.083
2156,4.384,653.867,654.083
2157,4.384,653.868,654.084
2158,4.384,653.869,654.085
2159,4.383,653.870,654.086
2160,4.383,653.872,654.087
2161,4.383,653.872,654.087
2162,4.382,653.873,654.088
2163,4.382,653.875,654.089
2164,4.382,653.876,654.090
2165,4.381,653.876,654.090
2166,4.381,653.878,654.091
2167,4.381,653.879,654.092
2168,4.381,653.880,654.092
2169,4.380,653.881,654.093
2170,4.380,653.882,654.094
2171,4.380,653.883,654.095
2172,4.379,653.884,654.096
2173,4.379,653.885,654.096
2174,4.379,653.886,654.097
2175,4.379,653.887,654.098
2176,4.378,653.888,654.098
2177,4.378,653.889,654.099
2178,4.378,653.890,654.100
2179,4.377,653.891,654.101
2180,4.377,653.892,654.102
2181,4.377,653.893,654.102
2182,4.377,653.894,654.103
2183,4.376,653.895,654.104
2184,4.376,653.896,654.104
2185,4.376,653.897,654.105
2186,4.375,653.898,654.106
2187,4.375,653.899,654.106
2188,4.375,653.900,654.107
2189,4.375,653.901,654.108
2190,4.374,653.902,654.109
2191,4.374,653.903,654.109
2192,4.374,653.904,654.110
2193,4.373,653.905,654.111
2194,4.373,653.905,654.111
2195,4.373,653.907,654.112
2196,4.373,653.908,654.113
2197,4.372,653.908,654.113
2198,4.372,653.910,654.114
2199,4.372,653.910,654.115
2200,4.371,653.912,654.116
2201,4.371,653.912,654.116
2202,4.371,653.913,654.117
2203,4.371,653.914,654.118
2204,4.370,653.915,654.118
2205,4.370,653.916,654.119
2206,4.370,653.917,654.120
2207,4.369,653.918,654.120
2208,4.369,653.919,654.121
2209,4.369,653.920,654.122
2210,4.369,653.921,654.122
2211,4.368,653.922,654.123
2212,4.368,653.923,654.124
2213,4.368,653.924,654.124
2214,4.368,653.925,654.125
2215,4.367,653.926,654.126
2216,4.367,653.926,654.126
2217,4.367,653.927,654.127
2218,4.366,653.928,654.128
2219,4.366,653.929,654.128
2220,4.366,653.930,654.129
2221,4.366,653.931,654.130
2222,4.365,653.932,654.130
2223,4.365,653.933,654.131
2224,4.365,653.934,654.132
2225,4.365,653.934,654.132
2226,4.364,653.936,654.133
2227,4.364,653.936,654.134
2228,4.364,653.937,654.134
2229,4.363,653.938,654.135
2230,4.363,653.939,654.135
2231,4.363,653.940,654.136
2232,4.363,653.941,654.137
2233,4.362,653.942,654.137
2234,4.362,653.943,654.138
2235,4.362,653.943,654.139
2236,4.362,653.945,654.140
2237,4.361,653.945,654.140
2238,4.361,653.946,654.141
2239,4.361,653.947,654.141
2240,4.360,653.948,654.142
2241,4.360,653.949,654.142
2242,4.360,653.950,654.143
2243,4.360,653.951,654.144
2244,4.359,653.951,654.144
2245,4.359,653.952,654.145
2246,4.359,653.953,654.146
2247,4.359,653.954,654.146
2248,4.358,653.955,654.147
2249,4.358,653.956,654.148
2250,4.358,653.957,654.148
2251,4.358,653.957,654.149
2252,4.357,653.958,654.149
2253,4.357,653.959,654.150
2254,4.357,653.960,654.151
2255,4.357,653.961,654.151
2256,4.356,653.962,654.152
2257,4.356,653.962,654.152
2258,4.356,653.963,654.153
2259,4.355,653.964,654.154
2260,4.355,653.965,654.154
2261,4.355,653.966,654.155
2262,4.355,653.967,654.155
2263,4.354,653.968,654.156
2264,4.354,653.968,654.157
2265,4.354,653.969,654.157
2266,4.354,653.970,654.158
2267,4.353,653.971,654.159
2268,4.353,653.972,654.159
2269,4.353,653.973,654.160
2270,4.353,653.973,654.160
2271,4.352,653.974,654.161
2272,4.352,653.975,654.162
2273,4.352,653.976,654.162
2274,4.352,653.977,654.163
2275,4.351,653.977,654.163
2276,4.351,653.978,654.164
2277,4.351,653.979,654.164
2278,4.351,653.980,654.165
2279,4.350,653.981,654.166
2280,4.350,653.981,654.166
2281,4.350,653.982,654.167
2282,4.350,653.983,654.167
2283,4.349,653.984,654.168
2284,4.349,653.985,654.169
2285,4.349,653.985,654.169
2286,4.349,653.986,654.170
2287,4.348,653.987,654.170
2288,4.348,653.988,654.171
2289,4.348,653.989,654.172
2290,4.348,653.989,654.172
2291,4.347,653.990,654.173
2292,4.347,653.991,654.173
2293,4.347,653.992,654.174
2294,4.347,653.992,654.174
2295,4.346,653.993,654.175
2296,4.346,653.994,654.175
2297,4.346,653.995,654.176
2298,4.346,653.996,654.177
2299,4.345,653.996,654.177
2300,4.345,653.997,654.178
2301,4.345,653.998,654.178
2302,4.345,653.999,654.179
2303,4.344,654.000,654.179
2304,4.344,654.000,654.180
2305,4.344,654.001,654.181
2306,4.344,654.002,654.181
2307,4.343,654.003,654.182
2308,4.343,654.003,654.182
2309,4.343,654.004,654.183
2310,4.343,654.005,654.183
2311,4.342,654.006,654.184
2312,4.342,654.007,654.184
2313,4.342,654.007,654.185
2314,4.342,654.008,654.185
2315,4.341,654.009,654.186
2316,4.341,654.009,654.186
2317,4.341,654.010,654.187
2318,4.341,654.011,654.188
2319,4.340,654.012,654.188
2320,4.340,654.012,654.189
2321,4.340,654.013,654.189
2322,4.340,654.014,654.190
2323,4.339,654.015,654.190
2324,4.339,654.015,654.191
2325,4.339,654.016,654.191
2326,4.339,654.017,654.192
2327,4.338,654.018,654.192
2328,4.338,654.018,654.193
2329,4.338,654.019,654.193
2330,4.338,654.020,654.194
2331,4.337,654.020,654.194
2332,4.337,654.021,654.195
2333,4.337,654.022,654.196
2334,4.337,654.022,654.196
2335,4.336,654.023,654.197
2336,4.336,654.024,654.197
2337,4.336,654.025,654.198
2338,4.336,654.025,654.198
2339,4.336,654.026,654.199
2340,4.335,654.027,654.199
2341,4.335,654.028,654.200
2342,4.335,654.028,654.200
2343,4.335,654.029,654.201
2344,4.334,654.030,654.201
2345,4.334,654.031,654.202
2346,4.334,654.031,654.202
2347,4.334,654.032,654.203
2348,4.333,654.033,654.203
2349,4.333,654.033,654.204
2350,4.333,654.034,654.204
2351,4.333,654.035,654.205
2352,4.332,654.035,654.205
2353,4.332,654.036,654.206
2354,4.332,654.037,654.206
2355,4.332,654.037,654.207
2356,4.332,654.038,654.207
2357,4.331,654.039,654.208
2358,4.331,654.039,654.208
2359,4.331,654.040,654.209
2360,4.331,654.041,654.209
2361,4.330,654.041,654.210
2362,4.330,654.042,654.210
2363,4.330,654.043,654.211
2364,4.330,654.044,654.211
2365,4.329,654.044,654.212
2366,4.329,654.045,654.212
2367,4.329,654.046,654.213
2368,4.329,654.046,654.213
2369,4.328,654.047,654.214
2370,4.328,654.048,654.214
2371,4.328,654.048,654.215
2372,4.328,654.049,654.215
2373,4.328,654.050,654.216
2374,4.327,654.050,654.216
2375,4.327,654.051,654.217
2376,4.327,654.052,654.217
2377,4.327,654.052,654.218
2378,4.326,654.053,654.218
2379,4.326,654.054,654.219
2380,4.326,654.054,654.219
2381,4.326,654.055,654.220
2382,4.326,654.056,654.220
2383,4.325,654.056,654.221
2384,4.325,654.057,654.221
2385,4.325,654.058,654.222
2386,4.325,654.058,654.222
2387,4.324,654.059,654.222
2388,4.324,654.060,654.223
2389,4.324,654.060,654.223
2390,4.324,654.061,654.224
2391,4.323,654.062,654.224
2392,4.323,654.062,654.225
2393,4.323,654.063,654.225
2394,4.323,654.063,654.226
2395,4.323,654.064,654.226
2396,4.322,654.065,654.227
2397,4.322,654.066,654.227
2398,4.322,654.066,654.228
2399,4.322,654.067,654.228
2400,4.321,654.067,654.229
2401,4.321,654.068,654.229
2402,4.321,654.069,654.230
2403,4.321,654.069,654.230
2404,4.321,654.070,654.231
2405,4.320,654.071,654.231
2406,4.320,654.071,654.231
2407,4.320,654.072,654.232
2408,4.320,654.072,654.232
2409,4.319,654.073,654.233
2410,4.319,654.074,654.233
2411,4.319,654.074,654.234
2412,4.319,654.075,654.234
2413,4.319,654.075,654.235
2414,4.318,654.076,654.235
2415,4.318,654.077,654.235
2416,4.318,654.077,654.236
2417,4.318,654.078,654.236
2418,4.317,654.079,654.237
2419,4.317,654.079,654.237
2420,4.317,654.080,654.238
2421,4.317,654.081,654.238
2422,4.317,654.081,654.239
2423,4.316,654.082,654.239
2424,4.316,654.082,654.239
2425,4.316,654.083,654.240
2426,4.316,654.084,654.240
2427,4.315,654.084,654.241
2428,4.315,654.085,654.241
2429,4.315,654.085,654.242
2430,4.315,654.086,654.242
2431,4.315,654.087,654.243
2432,4.314,654.087,654.243
2433,4.314,654.088,654.243
2434,4.314,654.088,654.244
2435,4.314,654.089,654.244
2436,4.314,654.089,654.245
2437,4.313,654.090,654.245
2438,4.313,654.091,654.246
2439,4.313,654.091,654.246
2440,4.313,654.092,654.247
2441,4.312,654.093,654.247
2442,4.312,654.093,654.247
2443,4.312,654.094,654.248
2444,4.312,654.094,654.248
2445,4.312,654.095,654.249
2446,4.311,654.096,654.249
2447,4.311,654.096,654.250
2448,4.311,654.097,654.250
2449,4.311,654.097,654.250
2450,4.311,654.098,654.251
2451,4.310,654.098,654.251
2452,4.310,654.099,654.252
2453,4.310,654.100,654.252
2454,4.310,654.100,654.252
2455,4.309,654.101,654.253
2456,4.309,654.101,654.253
2457,4.309,654.102,654.254
2458,4.309,654.102,654.254
2459,4.309,654.103,654.255
2460,4.308,654.104,654.255
2461,4.308,654.104,654.255
2462,4.308,654.105,654.256
2463,4.308,654.105,654.256
2464,4.308,654.106,654.257
2465,4.307,654.106,654.257
2466,4.307,654.107,654.258
2467,4.307,654.108,654.258
2468,4.307,654.108,654.258
2469,4.307,654.109,654.259
2470,4.306,654.109,654.259
2471,4.306,654.110,654.260
2472,4.306,654.110,654.260
2473,4.306,654.111,654.260
2474,4.305,654.111,654.261
2475,4.305,654.112,654.261
2476,4.305,654.113,654.262
2477,4.305,654.113,654.262
2478,4.305,654.114,654.262
2479,4.304,654.114,654.263
2480,4.304,654.115,654.263
2481,4.304,654.115,654.264
2482,4.304,654.116,654.264
2483,4.304,654.116,654.264
2484,4.303,654.117,654.265
2485,4.303,654.118,654.265
2486,4.303,654.118,654.266
2487,4.303,654.119,654.266
2488,4.303,654.119,654.267
2489,4.302,654.120,654.267
2490,4.302,654.120,654.267
2491,4.302,654.121,654.268
2492,4.302,654.121,654.268
2493,4.302,654.122,654.268
2494,4.301,654.122,654.269
2495,4.301,654.123,654.269
2496,4.301,654.124,654.270
2497,4.301,654.124,654.270
2498,4.301,654.125,654.270
2499,4.300,654.125,654.271
2500,4.300,654.126,654.271
2501,4.300,654.126,654.272
2502,4.300,654.127,654.272
2503,4.300,654.127,654.272
2504,4.299,654.128,654.273
2505,4.299,654.128,654.273
2506,4.299,654.129,654.274
2507,4.299,654.129,654.274
2508,4.299,654.130,654.274
2509,4.298,654.130,654.275
2510,4.298,654.131,654.275
2511,4.298,654.132,654.275
2512,4.298,654.132,654.276
2513,4.298,654.133,654.276
2514,4.297,654.133,654.277
2515,4.297,654.134,654.277
2516,4.297,654.134,654.277
2517,4.297,654.135,654.278
2518,4.297,654.135,654.278
2519,4.296,654.136,654.279
2520,4.296,654.136,654.279
2521,4.296,654.137,654.279
2522,4.296,654.137,654.280
2523,4.296,654.138,654.280
2524,4.295,654.138,654.280
2525,4.295,654.139,654.281
2526,4.295,654.139,654.281
2527,4.295,654.140,654.282
2528,4.295,654.140,654.282
2529,4.294,654.141,654.282
2530,4.294,654.141,654.283
2531,4.294,654.142,654.283
2532,4.294,654.142,654.283
2533,4.294,654.143,654.284
2534,4.293,654.143,654.284
2535,4.293,654.144,654.284
2536,4.293,654.144,654.285
2537,4.293,654.145,654.285
2538,4.293,654.145,654.286
2539,4.292,654.146,654.286
2540,4.292,654.147,654.286
2541,4.292,654.147,654.287
2542,4.292,654.148,654.287
2543,4.292,654.148,654.287
2544,4.291,654.149,654.288
2545,4.291,654.149,654.288
2546,4.291,654.150,654.289
2547,4.291,654.150,654.289
2548,4.291,654.150,654.289
2549,4.290,654.151,654.290
2550,4.290,654.151,654.290
2551,4.290,654.152,654.290
2552,4.290,654.152,654.291
2553,4.290,654.153,654.291
2554,4.290,654.153,654.291
2555,4.289,654.154,654.292
2556,4.289,654.154,654.292
2557,4.289,654.155,654.293
2558,4.289,654.155,654.293
2559,4.289,654.156,654.293
2560,4.288,654.156,654.293
2561,4.288,654.157,654.294
2562,4.288,654.157,654.294
2563,4.288,654.158,654.295
2564,4.288,654.158,654.295
2565,4.287,654.159,654.295
2566,4.287,654.159,654.296
2567,4.287,654.160,654.296
2568,4.287,654.160,654.296
2569,4.287,654.161,654.297
2570,4.286,654.161,654.297
2571,4.286,654.161,654.297
2572,4.286,654.162,654.298
2573,4.286,654.162,654.298
2574,4.286,654.163,654.298
2575,4.285,654.163,654.299
2576,4.285,654.164,654.299
2577,4.285,654.164,654.299
2578,4.285,654.165,654.300
2579,4.285,654.165,654.300
2580,4.285,654.166,654.301
2581,4.284,654.166,654.301
2582,4.284,654.167,654.301
2583,4.284,654.167,654.302
2584,4.284,654.168,654.302
2585,4.284,654.168,654.302
2586,4.283,654.169,654.303
2587,4.283,654.169,654.303
2588,4.283,654.170,654.303
2589,4.283,654.170,654.304
2590,4.283,654.171,654.304
2591,4.282,654.171,654.304
2592,4.282,654.171,654.305
2593,4.282,654.172,654.305
2594,4.282,654.172,654.305
2595,4.282,654.173,654.306
2596,4.282,654.173,654.306
2597,4.281,654.174,654.306
2598,4.281,654.174,654.307
2599,4.281,654.175,654.307
2600,4.281,654.175,654.307
2601,4.281,654.176,654.308
2602,4.280,654.176,654.308
2603,4.280,654.176,654.308
2604,4.280,654.177,654.309
2605,4.280,654.177,654.309
2606,4.280,654.178,654.309
2607,4.280,654.178,654.310
2608,4.279,654.179,654.310
2609,4.279,654.179,654.310
2610,4.279,654.180,654.310
2611,4.279,654.180,654.311
2612,4.279,654.180,654.311
2613,4.278,654.181,654.312
2614,4.278,654.181,654.312
2615,4.278,654.182,654.312
2616,4.278,654.182,654.312
2617,4.278,654.183,654.313
2618,4.278,654.183,654.313
2619,4.277,654.184,654.314
2620,4.277,654.184,654.314
2621,4.277,654.185,654.314
2622,4.277,654.185,654.314
2623,4.277,654.185,654.315
2624,4.276,654.186,654.315
2625,4.276,654.186,654.315
2626,4.276,654.187,654.316
2627,4.276,654.187,654.316
2628,4.276,654.187,654.316
2629,4.276,654.188,654.317
2630,4.275,654.188,654.317
2631,4.275,654.189,654.317
2632,4.275,654.189,654.318
2633,4.275,654.190,654.318
2634,4.275,654.190,654.318
2635,4.274,654.191,654.319
2636,4.274,654.191,654.319
2637,4.274,654.191,654.319
2638,4.274,654.192,654.319
2639,4.274,654.192,654.320
2640,4.274,654.193,654.320
2641,4.273,654.193,654.320
2642,4.273,654.194,654.321
2643,4.273,654.194,654.321
2644,4.273,654.194,654.321
2645,4.273,654.195,654.322
2646,4.273,654.195,654.322
2647,4.272,654.196,654.322
2648,4.272,654.196,654.323
2649,4.272,654.197,654.323
2650,4.272,654.197,654.323
2651,4.272,654.197,654.324
2652,4.271,654.198,654.324
2653,4.271,654.198,654.324
2654,4.271,654.199,654.324
2655,4.271,654.199,654.325
2656,4.271,654.199,654.325
2657,4.271,654.200,654.325
2658,4.270,654.200,654.326
2659,4.270,654.201,654.326
2660,4.270,654.201,654.326
2661,4.270,654.202,654.327
2662,4.270,654.202,654.327
2663,4.270,654.202,654.327
2664,4.269,654.203,654.328
2665,4.269,654.203,654.328
2666,4.269,654.204,654.328
2667,4.269,654.204,654.328
2668,4.269,654.204,654.329
2669,4.268,654.205,654.329
2670,4.268,654.205,654.329
2671,4.268,654.206,654.330
2672,4.268,654.206,654.330
2673,4.268,654.206,654.330
2674,4.268,654.207,654.331
2675,4.267,654.207,654.331
2676,4.267,654.208,654.331
2677,4.267,654.208,654.331
2678,4.267,654.209,654.332
2679,4.267,654.209,654.332
2680,4.267,654.209,654.332
2681,4.266,654.210,654.333
2682,4.266,654.210,654.333
2683,4.266,654.210,654.333
2684,4.266,654.211,654.334
2685,4.266,654.211,654.334
2686,4.266,654.212,654.334
2687,4.265,654.212,654.334
2688,4.265,654.213,654.335
2689,4.265,654.213,654.335
2690,4.265,654.213,654.335
2691,4.265,654.214,654.336
2692,4.265,654.214,654.336
2693,4.264,654.214,654.336
2694,4.264,654.215,654.336
2695,4.264,654.215,654.337
2696,4.264,654.216,654.337
2697,4.264,654.216,654.337
2698,4.263,654.216,654.338
2699,4.263,654.217,654.338
2700,4.263,654.217,654.338
2701,4.263,654.218,654.338
2702,4.263,654.218,654.339
2703,4.263,654.218,654.339
2704,4.262,654.219,654.339
2705,4.262,654.219,654.340
2706,4.262,654.220,654.340
2707,4.262,654.220,654.340
2708,4.262,654.220,654.340
2709,4.262,654.221,654.341
2710,4.261,654.221,654.341
2711,4.261,654.222,654.341
2712,4.261,654.222,654.342
2713,4.261,654.222,654.342
2714,4.261,654.223,654.342
2715,4.261,654.223,654.342
2716,4.260,654.223,654.343
2717,4.260,654.224,654.343
2718,4.260,654.224,654.343
2719,4.260,654.225,654.344
2720,4.260,654.225,654.344
2721,4.260,654.225,654.344
2722,4.259,654.226,654.344
2723,4.259,654.226,654.345
2724,4.259,654.226,654.345
2725,4.259,654.227,654.345
2726,4.259,654.227,654.345
2727,4.259,654.228,654.346
2728,4.258,654.228,654.346
2729,4.258,654.228,654.346
2730,4.258,654.229,654.347
2731,4.258,654.229,654.347
2732,4.258,654.230,654.347
2733,4.258,654.230,654.347
2734,4.257,654.230,654.348
2735,4.257,654.231,654.348
2736,4.257,654.231,654.348
2737,4.257,654.231,654.348
2738,4.257,654.232,654.349
2739,4.257,654.232,654.349
2740,4.256,654.232,654.349
2741,4.256,654.233,654.350
2742,4.256,654.233,654.350
2743,4.256,654.233,654.350
2744,4.256,654.234,654.350
2745,4.256,654.234,654.351
2746,4.255,654.235,654.351
2747,4.255,654.235,654.351
2748,4.255,654.235,654.351
2749,4.255,654.236,654.352
2750,4.255,654.236,654.352
2751,4.255,654.237,654.352
2752,4.255,654.237,654.353
2753,4.254,654.237,654.353
2754,4.254,654.238,654.353
2755,4.254,654.238,654.353
2756,4.254,654.238,654.354
2757,4.254,654.239,654.354
2758,4.254,654.239,654.354
2759,4.253,654.239,654.354
2760,4.253,654.240,654.355
2761,4.253,654.240,654.355
2762,4.253,654.240,654.355
2763,4.253,654.241,654.355
2764,4.253,654.241,654.356
2765,4.252,654.241,654.356
2766,4.252,654.242,654.356
2767,4.252,654.242,654.356
2768,4.252,654.243,654.357
2769,4.252,654.243,654.357
2770,4.252,654.243,654.357
2771,4.251,654.244,654.357
2772,4.251,654.244,654.358
2773,4.251,654.244,654.358
2774,4.251,654.245,654.358
2775,4.251,654.245,654.359
2776,4.251,654.245,654.359
2777,4.250,654.246,654.359
2778,4.250,654.246,654.359
2779,4.250,654.246,654.360
2780,4.250,654.247,654.360
2781,4.250,654.247,654.360
2782,4.250,654.247,654.360
2783,4.250,654.248,654.361
2784,4.249,654.248,654.361
2785,4.249,654.249,654.361
2786,4.249,654.249,654.361
2787,4.249,654.249,654.362
2788,4.249,654.249,654.362
2789,4.249,654.250,654.362
2790,4.248,654.250,654.362
2791,4.248,654.251,654.363
2792,4.248,654.251,654.363
2793,4.248,654.251,654.363
2794,4.248,654.252,654.363
2795,4.248,654.252,654.364
2796,4.247,654.252,654.364
2797,4.247,654.253,654.364
2798,4.247,654.253,654.364
2799,4.247,654.253,654.365
2800,4.247,654.254,654.365
2801,4.247,654.254,654.365
2802,4.247,654.254,654.365
2803,4.246,654.255,654.366
2804,4.246,654.255,654.366
2805,4.246,654.255,654.366
2806,4.246,654.256,654.366
2807,4.246,654.256,654.367
2808,4.246,654.256,654.367
2809,4.245,654.257,654.367
2810,4.245,654.257,654.367
2811,4.245,654.257,654.368
2812,4.245,654.258,654.368
2813,4.245,654.258,654.368
2814,4.245,654.258,654.368
2815,4.245,654.259,654.369
2816,4.244,654.259,654.369
2817,4.244,654.259,654.369
2818,4.244,654.260,654.369
2819,4.244,654.260,654.370
2820,4.244,654.260,654.370
2821,4.244,654.261,654.370
2822,4.243,654.261,654.370
2823,4.243,654.261,654.370
2824,4.243,654.262,654.371
2825,4.243,654.262,654.371
2826,4.243,654.262,654.371
2827,4.243,654.263,654.372
2828,4.243,654.263,654.372
2829,4.242,654.263,654.372
2830,4.242,654.264,654.372
2831,4.242,654.264,654.372
2832,4.242,654.264,654.373
2833,4.242,654.265,654.373
2834,4.242,654.265,654.373
2835,4.241,654.265,654.373
2836,4.241,654.266,654.374
2837,4.241,654.266,654.374
2838,4.241,654.266,654.374
2839,4.241,654.266,654.374
2840,4.241,654.267,654.375
2841,4.241,654.267,654.375
2842,4.240,654.267,654.375
2843,4.240,654.268,654.375
2844,4.240,654.268,654.376
2845,4.240,654.268,654.376
2846,4.240,654.269,654.376
2847,4.240,654.269,654.376
2848,4.240,654.269,654.376
2849,4.239,654.270,654.377
2850,4.239,654.270,654.377
2851,4.239,654.270,654.377
2852,4.239,654.271,654.377
2853,4.239,654.271,654.378
2854,4.239,654.271,654.378
2855,4.238,654.272,654.378
2856,4.238,654.272,654.378
2857,4.238,654.272,654.379
2858,4.238,654.273,654.379
2859,4.238,654.273,654.379
2860,4.238,654.273,654.379
2861,4.238,654.274,654.380
2862,4.237,654.274,654.380
2863,4.237,654.274,654.380
2864,4.237,654.274,654.380
2865,4.237,654.275,654.380
2866,4.237,654.275,654.381
2867,4.237,654.275,654.381
2868,4.237,654.276,654.381
2869,4.236,654.276,654.381
2870,4.236,654.276,654.382
2871,4.236,654.277,654.382
2872,4.236,654.277,654.382
2873,4.236,654.277,654.382
2874,4.236,654.278,654.382
2875,4.235,654.278,654.383
2876,4.235,654.278,654.383
2877,4.235,654.278,654.383
2878,4.235,654.279,654.383
2879,4.235,654.279,654.384
2880,4.235,654.279,654.384
2881,4.235,654.280,654.384
2882,4.234,654.280,654.384
2883,4.234,654.280,654.384
2884,4.234,654.280,654.385
2885,4.234,654.281,654.385
2886,4.234,654.281,654.385
2887,4.234,654.281,654.385
2888,4.234,654.282,654.386
2889,4.233,654.282,654.386
2890,4.233,654.282,654.386
2891,4.233,654.283,654.386
2892,4.233,654.283,654.386
2893,4.233,654.283,654.387
2894,4.233,654.284,654.387
2895,4.233,654.284,654.387
2896,4.232,654.284,654.387
2897,4.232,654.284,654.388
2898,4.232,654.285,654.388
2899,4.232,654.285,654.388
2900,4.232,654.285,654.388
2901,4.232,654.286,654.388
2902,4.232,654.286,654.389
2903,4.231,654.286,654.389
2904,4.231,654.287,654.389
2905,4.231,654.287,654.389
2906,4.231,654.287,654.390
2907,4.231,654.287,654.390
2908,4.231,654.288,654.390
2909,4.231,654.288,654.390
2910,4.230,654.288,654.390
2911,4.230,654.289,654.391
2912,4.230,654.289,654.391
2913,4.230,654.289,654.391
2914,4.230,654.289,654.391
2915,4.230,654.290,654.391
2916,4.230,654.290,654.392
2917,4.229,654.290,654.392
2918,4.229,654.291,654.392
2919,4.229,654.291,654.392
2920,4.229,654.291,654.393
2921,4.229,654.292,654.393
2922,4.229,654.292,654.393
2923,4.229,654.292,654.393
2924,4.228,654.292,654.393
2925,4.228,654.293,654.394
2926,4.228,654.293,654.394
2927,4.228,654.293,654.394
2928,4.228,654.294,654.394
2929,4.228,654.294,654.394
2930,4.228,654.294,654.395
2931,4.227,654.294,654.395
2932,4.227,654.295,654.395
2933,4.227,654.295,654.395
2934,4.227,654.295,654.395
2935,4.227,654.296,654.396
2936,4.227,654.296,654.396
2937,4.227,654.296,654.396
2938,4.226,654.296,654.396
2939,4.226,654.297,654.397
2940,4.226,654.297,654.397
2941,4.226,654.297,654.397
2942,4.226,654.297,654.397
2943,4.226,654.298,654.397
2944,4.226,654.298,654.398
2945,4.225,654.298,654.398
2946,4.225,654.299,654.398
2947,4.225,654.299,654.398
2948,4.225,654.299,654.398
2949,4.225,654.299,654.399
2950,4.225,654.300,654.399
2951,4.225,654.300,654.399
2952,4.224,654.300,654.399
2953,4.224,654.301,654.399
2954,4.224,654.301,654.400
2955,4.224,654.301,654.400
2956,4.224,654.301,654.400
2957,4.224,654.302,654.400
2958,4.224,654.302,654.400
2959,4.223,654.302,654.401
2960,4.223,654.302,654.401
2961,4.223,654.303,654.401
2962,4.223,654.303,654.401
2963,4.223,654.303,654.401
2964,4.223,654.303,654.402
2965,4.223,654.304,654.402
2966,4.222,654.304,654.402
2967,4.222,654.304,654.402
2968,4.222,654.305,654.402
2969,4.222,654.305,654.403
2970,4.222,654.305,654.403
2971,4.222,654.305,654.403
2972,4.222,654.306,654.403
2973,4.222,654.306,654.403
2974,4.221,654.306,654.404
2975,4.221,654.307,654.404
2976,4.221,654.307,654.404
2977,4.221,654.307,654.404
2978,4.221,654.307,654.404
2979,4.221,654.308,654.405
2980,4.221,654.308,654.405
2981,4.220,654.308,654.405
2982,4.220,654.308,654.405
2983,4.220,654.309,654.405
2984,4.220,654.309,654.406
2985,4.220,654.309,654.406
2986,4.220,654.309,654.406
2987,4.220,654.310,654.406
2988,4.219,654.310,654.406
2989,4.219,654.310,654.407
2990,4.219,654.311,654.407
2991,4.219,654.311,654.407
2992,4.219,654.311,654.407
2993,4.219,654.311,654.407
2994,4.219,654.312,654.408
2995,4.219,654.312,654.408
2996,4.218,654.312,654.408
2997,4.218,654.312,654.408
2998,4.218,654.313,654.408
2999,4.218,654.313,654.409
3000,4.218,654.313,654.409
3001,4.218,654.313,654.409
3002,4.218,654.313,654.409
3003,4.218,654.313,654.409
3004,4.218,654.313,654.409
3005,4.218,654.313,654.409
3006,4.218,654.313,654.409
3007,4.218,654.313,654.409
3008,4.218,654.313,654.409
3009,4.218,654.313,654.409
3010,4.218,654.313,654.409
3011,4.218,654.313,654.409
3012,4.218,654.313,654.409
3013,4.218,654.313,654.409
3014,4.218,654.313,654.409
3015,4.218,654.313,654.409
3016,4.218,654.313,654.409
3017,4.218,654.313,654.409
3018,4.218,654.313,654.409
3019,4.218,654.313,654.409
3020,4.218,654.313,654.409
3021,4.218,654.313,654.409
3022,4.218,654.313,654.409
3023,4.218,654.313,654.409
3024,4.218,654.313,654.409
3025,4.218,654.313,654.409
3026,4.218,654.313,654.409
3027,4.218,654.313,654.409
3028,4.218,654.313,654.409
3029,4.218,654.313,654.409
3030,4.218,654.313,654.409
3031,4.218,654.313,654.409
3032,4.218,654.313,654.409
3033,4.218,654.313,654.409
3034,4.218,654.313,654.409
3035,4.218,654.313,654.409
3036,4.218,654.313,654.409
3037,4.218,654.313,654.409
3038,4.218,654.313,654.409
3039,4.218,654.313,654.409
3040,4.218,654.313,654.409
3041,4.218,654.313,654.409
3042,4.218,654.313,654.409
3043,4.218,654.313,654.409
3044,4.218,654.313,654.409
3045,4.218,654.313,654.409
3046,4.218,654.313,654.409
3047,4.218,654.313,654.409
3048,4.218,654.313,654.409
3049,4.218,654.313,654.409
3050,4.218,654.313,654.409
3051,4.218,654.313,654.409
3052,4.218,654.313,654.409
3053,4.218,654.313,654.409
3054,4.218,654.313,654.409
3055,4.218,654.313,654.409
3056,4.218,654.313,654.409
3057,4.218,654.313,654.409
3058,4.218,654.313,654.409
3059,4.218,654.313,654.409
3060,4.218,654.313,654.409
3061,4.218,654.313,654.409
3062,4.218,654.313,654.409
3063,4.218,654.313,654.409
3064,4.218,654.313,654.409
3065,4.218,654.313,654.409
3066,4.218,654.313,654.409
3067,4.218,654.313,654.409
3068,4.218,654.313,654.409
3069,4.218,654.313,654.409
3070,4.218,654.313,654.409
3071,4.218,654.313,654.409
3072,4.218,654.313,654.409
3073,4.218,654.313,654.409
3074,4.218,654.313,654.409
3075,4.218,654.313,654.409
3076,4.218,654.313,654.409
3077,4.218,654.313,654.409
3078,4.218,654.313,654.409
3079,4.218,654.313,654.409
3080,4.218,654.313,654.409
3081,4.218,654.313,654.409
3082,4.218,654.313,654.409
3083,4.218,654.313,654.409
3084,4.218,654.313,654.409
3085,4.218,654.313,654.409
3086,4.218,654.313,654.409
3087,4.218,654.313,654.409
3088,4.218,654.313,654.409
3089,4.218,654.313,654.409
3090,4.218,654.313,654.409
3091,4.218,654.313,654.409
3092,4.218,654.313,654.409
3093,4.218,654.313,654.409
3094,4.218,654.313,654.409
3095,4.218,654.313,654.409
3096,4.218,654.313,654.409
3097,4.218,654.313,654.409
3098,4.218,654.313,654.409
3099,4.218,654.313,654.409
3100,4.218,654.313,654.409
3101,4.218,654.313,654.409
3102,4.218,654.313,654.409
3103,4.218,654.313,654.409
3104,4.218,654.313,654.409
3105,4.218,654.313,654.409
3106,4.218,654.313,654.409
3107,4.218,654.313,654.409
3108,4.218,654.313,654.409
3109,4.218,654.313,654.409
3110,4.218,654.313,654.409
3111,4.218,654.313,654.409
3112,4.218,654.313,654.409
3113,4.218,654.313,654.409
3114,4.218,654.313,654.409
3115,4.218,654.313,654.409
3116,4.218,654.313,654.409
3117,4.218,654.313,654.409
3118,4.218,654.313,654.409
3119,4.218,654.313,654.409
3120,4.218,654.313,654.409
3121,4.218,654.313,654.409
3122,4.218,654.313,654.409
3123,4.218,654.313,654.409
3124,4.218,654.313,654.409
3125,4.218,654.313,654.409
3126,4.218,654.313,654.409
3127,4.218,654.313,654.409
3128,4.218,654.313,654.409
3129,4.218,654.313,654.409
3130,4.218,654.313,654.409
3131,4.218,654.313,654.409
3132,4.218,654.313,654.409
3133,4.218,654.313,654.409
3134,4.218,654.313,654.409
3135,4.218,654.313,654.409
3136,4.218,654.313,654.409
3137,4.218,654.313,654.409
3138,4.218,654.313,654.409
3139,4.218,654.313,654.409
3140,4.218,654.313,654.409
3141,4.218,654.313,654.409
3142,4.218,654.313,654.409
3143,4.218,654.313,654.409
3144,4.218,654.313,654.409
3145,4.218,654.313,654.409
3146,4.218,654.313,654.409
3147,4.218,654.313,654.409
3148,4.218,654.313,654.409
3149,4.218,654.313,654.409
3150,4.218,654.313,654.409
3151,4.218,654.313,654.409
3152,4.218,654.313,654.409
3153,4.218,654.313,654.409
3154,4.218,654.313,654.409
3155,4.218,654.313,654.409
3156,4.218,654.313,654.409
3157,4.218,654.313,654.409
3158,4.218,654.313,654.409
3159,4.218,654.313,654.409
3160,4.218,654.313,654.409
3161,4.218,654.313,654.409
3162,4.218,654.313,654.409
3163,4.218,654.313,654.409
3164,4.218,654.313,654.409
3165,4.218,654.313,654.409
3166,4.218,654.313,654.409
3167,4.218,654.313,654.409
3168,4.218,654.313,654.409
3169,4.218,654.313,654.409
3170,4.218,654.313,654.409
3171,4.218,654.313,654.409
3172,4.218,654.313,654.409
3173,4.218,654.313,654.409
3174,4.218,654.313,654.409
3175,4.218,654.313,654.409
3176,4.218,654.313,654.409
3177,4.218,654.313,654.409
3178,4.218,654.313,654.409
3179,4.218,654.313,654.409
3180,4.218,654.313,654.409
3181,4.218,654.313,654.409
3182,4.218,654.313,654.409
3183,4.218,654.313,654.409
3184,4.218,654.313,654.409
3185,4.218,654.313,654.409
3186,4.218,654.313,654.409
3187,4.218,654.313,654.409
3188,4.218,654.313,654.409
3189,4.218,654.313,654.409
3190,4.218,654.313,654.409
3191,4.218,654.313,654.409
3192,4.218,654.313,654.409
3193,4.218,654.313,654.409
3194,4.218,654.313,654.409
3195,4.218,654.313,654.409
3196,4.218,654.313,654.409
3197,4.218,654.313,654.409
3198,4.218,654.313,654.409
3199,4.218,654.313,654.409
3200,4.218,654.313,654.409
3201,4.218,654.313,654.409
3202,4.218,654.313,654.409
3203,4.218,654.313,654.409
3204,4.218,654.313,654.409
3205,4.218,654.313,654.409
3206,4.218,654.313,654.409
3207,4.218,654.313,654.409
3208,4.218,654.313,654.409
3209,4.218,654.313,654.409
3210,4.218,654.313,654.409
3211,4.218,654.313,654.409
3212,4.218,654.313,654.409
3213,4.218,654.313,654.409
3214,4.218,654.313,654.409
3215,4.218,654.313,654.409
3216,4.218,654.313,654.409
3217,4.218,654.313,654.409
3218,4.218,654.313,654.409
3219,4.218,654.313,654.409
3220,4.218,654.313,654.409
3221,4.218,654.313,654.409
3222,4.218,654.313,654.409
3223,4.218,654.313,654.409
3224,4.218,654.313,654.409
3225,4.218,654.313,654.409
3226,4.218,654.313,654.409
3227,4.218,654.313,654.409
3228,4.218,654.313,654.409
3229,4.218,654.313,654.409
3230,4.218,654.313,654.409
3231,4.218,654.313,654.409
3232,4.218,654.313,654.409
3233,4.218,654.313,654.409
3234,4.218,654.313,654.409
3235,4.218,654.313,654.409
3236,4.218,654.313,654.409
3237,4.218,654.313,654.409
3238,4.218,654.313,654.409
3239,4.218,654.313,654.409
3240,4.218,654.313,654.409
3241,4.218,654.313,654.409
3242,4.218,654.313,654.409
3243,4.218,654.313,654.409
3244,4.218,654.313,654.409
3245,4.218,654.313,654.409
3246,4.218,654.313,654.409
3247,4.218,654.313,654.409
3248,4.218,654.313,654.409
3249,4.218,654.313,654.409
3250,4.218,654.313,654.409
3251,4.218,654.313,654.409
3252,4.218,654.313,654.409
3253,4.218,654.313,654.409
3254,4.218,654.313,654.409
3255,4.218,654.313,654.409
3256,4.218,654.313,654.409
3257,4.218,654.313,654.409
3258,4.218,654.313,654.409
3259,4.218,654.313,654.409
3260,4.218,654.313,654.409
3261,4.218,654.313,654.409
3262,4.218,654.313,654.409
3263,4.218,654.313,654.409
3264,4.218,654.313,654.409
3265,4.218,654.313,654.409
3266,4.218,654.313,654.409
3267,4.218,654.313,654.409
3268,4.218,654.313,654.409
3269,4.218,654.313,654.409
3270,4.218,654.313,654.409
3271,4.218,654.313,654.409
3272,4.218,654.313,654.409
3273,4.218,654.313,654.409
3274,4.218,654.313,654.409
3275,4.218,654.313,654.409
3276,4.218,654.313,654.409
3277,4.218,654.313,654.409
3278,4.218,654.313,654.409
3279,4.218,654.313,654.409
3280,4.218,654.313,654.409
3281,4.218,654.313,654.409
3282,4.218,654.313,654.409
3283,4.218,654.313,654.409
3284,4.218,654.313,654.409
3285,4.218,654.313,654.409
3286,4.218,654.313,654.409
3287,4.218,654.313,654.409
3288,4.218,654.313,654.409
3289,4.218,654.313,654.409
3290,4.218,654.313,654.409
3291,4.218,654.313,654.409
3292,4.218,654.313,654.409
3293,4.218,654.313,654.409
3294,4.218,654.313,654.409
3295,4.218,654.313,654.409
3296,4.218,654.313,654.409
3297,4.218,654.313,654.409
3298,4.218,654.313,654.409
3299,4.218,654.313,654.409
3300,4.218,654.313,654.409
3301,4.218,654.313,654.409
3302,4.218,654.313,654.409
3303,4.218,654.313,654.409
3304,4.218,654.313,654.409
3305,4.218,654.313,654.409
3306,4.218,654.313,654.409
3307,4.218,654.313,654.409
3308,4.218,654.313,654.409
3309,4.218,654.313,654.409
3310,4.218,654.313,654.409
3311,4.218,654.313,654.409
3312,4.218,654.313,654.409
3313,4.218,654.313,654.409
3314,4.218,654.313,654.409
3315,4.218,654.313,654.409
3316,4.218,654.313,654.409
3317,4.218,654.313,654.409
3318,4.218,654.313,654.409
3319,4.218,654.313,654.409
3320,4.218,654.313,654.409
3321,4.218,654.313,654.409
3322,4.218,654.313,654.409
3323,4.218,654.313,654.409
3324,4.218,654.313,654.409
3325,4.218,654.313,654.409
3326,4.218,654.313,654.409
3327,4.218,654.313,654.409
3328,4.218,654.313,654.409
3329,4.218,654.313,654.409
3330,4.218,654.313,654.409
3331,4.218,654.313,654.409
3332,4.218,654.313,654.409
3333,4.218,654.313,654.409
3334,4.218,654.313,654.409
3335,4.218,654.313,654.409
3336,4.218,654.313,654.409
3337,4.218,654.313,654.409
3338,4.218,654.313,654.409
3339,4.218,654.313,654.409
3340,4.218,654.313,654.409
3341,4.218,654.313,654.409
3342,4.218,654.313,654.409
3343,4.218,654.313,654.409
3344,4.218,654.313,654.409
3345,4.218,654.313,654.409
3346,4.218,654.313,654.409
3347,4.218,654.313,654.409
3348,4.218,654.313,654.409
3349,4.218,654.313,654.409
3350,4.218,654.313,654.409
3351,4.218,654.313,654.409
3352,4.218,654.313,654.409
3353,4.218,654.313,654.409
3354,4.218,654.313,654.409
3355,4.218,654.313,654.409
3356,4.218,654.313,654.409
3357,4.218,654.313,654.409
3358,4.218,654.313,654.409
3359,4.218,654.313,654.409
3360,4.218,654.313,654.409
3361,4.218,654.313,654.409
3362,4.218,654.313,654.409
3363,4.218,654.313,654.409
3364,4.218,654.313,654.409
3365,4.218,654.313,654.409
3366,4.218,654.313,654.409
3367,4.218,654.313,654.409
3368,4.218,654.313,654.409
3369,4.218,654.313,654.409
3370,4.218,654.313,654.409
3371,4.218,654.313,654.409
3372,4.218,654.313,654.409
3373,4.218,654.313,654.409
3374,4.218,654.313,654.409
3375,4.218,654.313,654.409
3376,4.218,654.313,654.409
3377,4.218,654.313,654.409
3378,4.218,654.313,654.409
3379,4.218,654.313,654.409
3380,4.218,654.313,654.409
3381,4.218,654.313,654.409
3382,4.218,654.313,654.409
3383,4.218,654.313,654.409
3384,4.218,654.313,654.409
3385,4.218,654.313,654.409
3386,4.218,654.313,654.409
3387,4.218,654.313,654.409
3388,4.218,654.313,654.409
3389,4.218,654.313,654.409
3390,4.218,654.313,654.409
3391,4.218,654.313,654.409
3392,4.218,654.313,654.409
3393,4.218,654.313,654.409
3394,4.218,654.313,654.409
3395,4.218,654.313,654.409
3396,4.218,654.313,654.409
3397,4.218,654.313,654.409
3398,4.218,654.313,654.409
3399,4.218,654.313,654.409
3400,4.218,654.313,654.409
3401,4.218,654.313,654.409
3402,4.218,654.313,654.409
3403,4.218,654.313,654.409
3404,4.218,654.313,654.409
3405,4.218,654.313,654.409
3406,4.218,654.313,654.409
3407,4.218,654.313,654.409
3408,4.218,654.313,654.409
3409,4.218,654.313,654.409
3410,4.218,654.313,654.409
3411,4.218,654.313,654.409
3412,4.218,654.313,654.409
3413,4.218,654.313,654.409
3414,4.218,654.313,654.409
3415,4.218,654.313,654.409
3416,4.218,654.313,654.409
3417,4.218,654.313,654.409
3418,4.218,654.313,654.409
3419,4.218,654.313,654.409
3420,4.218,654.313,654.409
3421,4.218,654.313,654.409
3422,4.218,654.313,654.409
3423,4.218,654.313,654.409
3424,4.218,654.313,654.409
3425,4.218,654.313,654.409
3426,4.218,654.313,654.409
3427,4.218,654.313,654.409
3428,4.218,654.313,654.409
3429,4.218,654.313,654.409
3430,4.218,654.313,654.409
3431,4.218,654.313,654.409
3432,4.218,654.313,654.409
3433,4.218,654.313,654.409
3434,4.218,654.313,654.409
3435,4.218,654.313,654.409
3436,4.218,654.313,654.409
3437,4.218,654.313,654.409
3438,4.218,654.313,654.409
3439,4.218,654.313,654.409
3440,4.218,654.313,654.409
3441,4.218,654.313,654.409
3442,4.218,654.313,654.409
3443,4.218,654.313,654.409
3444,4.218,654.313,654.409
3445,4.218,654.313,654.409
3446,4.218,654.313,654.409
3447,4.218,654.313,654.409
3448,4.218,654.313,654.409
3449,4.218,654.313,654.409
3450,4.218,654.313,654.409
3451,4.218,654.313,654.409
3452,4.218,654.313,654.409
3453,4.218,654.313,654.409
3454,4.218,654.313,654.409
3455,4.218,654.313,654.409
3456,4.218,654.313,654.409
3457,4.218,654.313,654.409
3458,4.218,654.313,654.409
3459,4.218,654.313,654.409
3460,4.218,654.313,654.409
3461,4.218,654.313,654.409
3462,4.218,654.313,654.409
3463,4.218,654.313,654.409
3464,4.218,654.313,654.409
3465,4.218,654.313,654.409
3466,4.218,654.313,654.409
3467,4.218,654.313,654.409
3468,4.218,654.313,654.409
3469,4.218,654.313,654.409
3470,4.218,654.313,654.409
3471,4.218,654.313,654.409
3472,4.218,654.313,654.409
3473,4.218,654.313,654.409
3474,4.218,654.313,654.409
3475,4.218,654.313,654.409
3476,4.218,654.313,654.409
3477,4.218,654.313,654.409
3478,4.218,654.313,654.409
3479,4.218,654.313,654.409
3480,4.218,654.313,654.409
3481,4.218,654.313,654.409
3482,4.218,654.313,654.409
3483,4.218,654.313,654.409
3484,4.218,654.313,654.409
3485,4.218,654.313,654.409
3486,4.218,654.313,654.409
3487,4.218,654.313,654.409
3488,4.218,654.313,654.409
3489,4.218,654.313,654.409
3490,4.218,654.313,654.409
3491,4.218,654.313,654.409
3492,4.218,654.313,654.409
3493,4.218,654.313,654.409
3494,4.218,654.313,654.409
3495,4.218,654.313,654.409
3496,4.218,654.313,654.409
3497,4.218,654.313,654.409
3498,4.218,654.313,654.409
3499,4.218,654.313,654.409
3500,4.218,654.313,654.409
3501,4.218,654.313,654.409
3502,4.218,654.313,654.409
3503,4.218,654.313,654.409
3504,4.218,654.313,654.409
3505,4.218,654.313,654.409
3506,4.218,654.313,654.409
3507,4.218,654.313,654.409
3508,4.218,654.313,654.409
3509,4.218,654.313,654.409
3510,4.218,654.313,654.409
3511,4.218,654.313,654.409
3512,4.218,654.313,654.409
3513,4.218,654.313,654.409
3514,4.218,654.313,654.409
3515,4.218,654.313,654.409
3516,4.218,654.313,654.409
3517,4.218,654.313,654.409
3518,4.218,654.313,654.409
3519,4.218,654.313,654.409
3520,4.218,654.313,654.409
3521,4.218,654.313,654.409
3522,4.218,654.313,654.409
3523,4.218,654.313,654.409
3524,4.218,654.313,654.409
3525,4.218,654.313,654.409
3526,4.218,654.313,654.409
3527,4.218,654.313,654.409
3528,4.218,654.313,654.409
3529,4.218,654.313,654.409
3530,4.218,654.313,654.409
3531,4.218,654.313,654.409
3532,4.218,654.313,654.409
3533,4.218,654.313,654.409
3534,4.218,654.313,654.409
3535,4.218,654.313,654.409
3536,4.218,654.313,654.409
3537,4.218,654.313,654.409
3538,4.218,654.313,654.409
3539,4.218,654.313,654.409
3540,4.218,654.313,654.409
3541,4.218,654.313,654.409
3542,4.218,654.313,654.409
3543,4.218,654.313,654.409
3544,4.218,654.313,654.409
3545,4.218,654.313,654.409
3546,4.218,654.313,654.409
3547,4.218,654.313,654.409
3548,4.218,654.313,654.409
3549,4.218,654.313,654.409
3550,4.218,654.313,654.409
3551,4.218,654.313,654.409
3552,4.218,654.313,654.409
3553,4.218,654.313,654.409
3554,4.218,654.313,654.409
3555,4.218,654.313,654.409
3556,4.218,654.313,654.409
3557,4.218,654.313,654.409
3558,4.218,654.313,654.409
3559,4.218,654.313,654.409
3560,4.218,654.313,654.409
3561,4.218,654.313,654.409
3562,4.218,654.313,654.409
3563,4.218,654.313,654.409
3564,4.218,654.313,654.409
3565,4.218,654.313,654.409
3566,4.218,654.313,654.409
3567,4.218,654.313,654.409
3568,4.218,654.313,654.409
3569,4.218,654.313,654.409
3570,4.218,654.313,654.409
3571,4.218,654.313,654.409
3572,4.218,654.313,654.409
3573,4.218,654.313,654.409
3574,4.218,654.313,654.409
3575,4.218,654.313,654.409
3576,4.218,654.313,654.409
3577,4.218,654.313,654.409
3578,4.218,654.313,654.409
3579,4.218,654.313,654.409
3580,4.218,654.313,654.409
3581,4.218,654.313,654.409
3582,4.218,654.313,654.409
3583,4.218,654.313,654.409
3584,4.218,654.313,654.409
3585,4.218,654.313,654.409
3586,4.218,654.313,654.409
3587,4.218,654.313,654.409
3588,4.218,654.313,654.409
3589,4.218,654.313,654.409
3590,4.218,654.313,654.409
3591,4.218,654.313,654.409
3592,4.218,654.313,654.409
3593,4.218,654.313,654.409
3594,4.218,654.313,654.409
3595,4.218,654.313,654.409
3596,4.218,654.313,654.409
3597,4.218,654.313,654.409
3598,4.218,654.313,654.409
3599,4.218,654.313,654.409
3600,4.218,654.313,654.409
3601,4.218,654.313,654.409
3602,4.218,654.313,654.409
3603,4.218,654.313,654.409
3604,4.218,654.313,654.409
3605,4.218,654.313,654.409
3606,4.218,654.313,654.409
3607,4.218,654.313,654.409
3608,4.218,654.313,654.409
3609,4.218,654.313,654.409
3610,4.218,654.313,654.409
3611,4.218,654.313,654.409
3612,4.218,654.313,654.409
3613,4.218,654.313,654.409
3614,4.218,654.313,654.409
3615,4.218,654.313,654.409
3616,4.218,654.313,654.409
3617,4.218,654.313,654.409
3618,4.218,654.313,654.409
3619,4.218,654.313,654.409
3620,4.218,654.313,654.409
3621,4.218,654.313,654.409
3622,4.218,654.313,654.409
3623,4.218,654.313,654.409
3624,4.218,654.313,654.409
3625,4.218,654.313,654.409
3626,4.218,654.313,654.409
3627,4.218,654.313,654.409
3628,4.218,654.313,654.409
3629,4.218,654.313,654.409
3630,4.218,654.313,654.409
3631,4.218,654.313,654.409
3632,4.218,654.313,654.409
3633,4.218,654.313,654.409
3634,4.218,654.313,654.409
3635,4.218,654.313,654.409
3636,4.218,654.313,654.409
3637,4.218,654.313,654.409
3638,4.218,654.313,654.409
3639,4.218,654.313,654.409
3640,4.218,654.313,654.409
3641,4.218,654.313,654.409
3642,4.218,654.313,654.409
3643,4.218,654.313,654.409
3644,4.218,654.313,654.409
3645,4.218,654.313,654.409
3646,4.218,654.313,654.409
3647,4.218,654.313,654.409
3648,4.218,654.313,654.409
3649,4.218,654.313,654.409
3650,4.218,654.313,654.409
3651,4.218,654.313,654.409
3652,4.218,654.313,654.409
3653,4.218,654.313,654.409
3654,4.218,654.313,654.409
3655,4.218,654.313,654.409
3656,4.218,654.313,654.409
3657,4.218,654.313,654.409
3658,4.218,654.313,654.409
3659,4.218,654.313,654.409
3660,4.218,654.313,654.409
3661,4.218,654.313,654.409
3662,4.218,654.313,654.409
3663,4.218,654.313,654.409
3664,4.218,654.313,654.409
3665,4.218,654.313,654.409
3666,4.218,654.313,654.409
3667,4.218,654.313,654.409
3668,4.218,654.313,654.409
3669,4.218,654.313,654.409
3670,4.218,654.313,654.409
3671,4.218,654.313,654.409
3672,4.218,654.313,654.409
3673,4.218,654.313,654.409
3674,4.218,654.313,654.409
3675,4.218,654.313,654.409
3676,4.218,654.313,654.409
3677,4.218,654.313,654.409
3678,4.218,654.313,654.409
3679,4.218,654.313,654.409
3680,4.218,654.313,654.409
3681,4.218,654.313,654.409
3682,4.218,654.313,654.409
3683,4.218,654.313,654.409
3684,4.218,654.313,654.409
3685,4.218,654.313,654.409
3686,4.218,654.313,654.409
3687,4.218,654.313,654.409
3688,4.218,654.313,654.409
3689,4.218,654.313,654.409
3690,4.218,654.313,654.409
3691,4.218,654.313,654.409
3692,4.218,654.313,654.409
3693,4.218,654.313,654.409
3694,4.218,654.313,654.409
3695,4.218,654.313,654.409
3696,4.218,654.313,654.409
3697,4.218,654.313,654.409
3698,4.218,654.313,654.409
3699,4.218,654.313,654.409
3700,4.218,654.313,654.409
3701,4.218,654.313,654.409
3702,4.218,654.313,654.409
3703,4.218,654.313,654.409
3704,4.218,654.313,654.409
3705,4.218,654.313,654.409
3706,4.218,654.313,654.409
3707,4.218,654.313,654.409
3708,4.218,654.313,654.409
3709,4.218,654.313,654.409
3710,4.218,654.313,654.409
3711,4.218,654.313,654.409
3712,4.218,654.313,654.409
3713,4.218,654.313,654.409
3714,4.218,654.313,654.409
3715,4.218,654.313,654.409
3716,4.218,654.313,654.409
3717,4.218,654.313,654.409
3718,4.218,654.313,654.409
3719,4.218,654.313,654.409
3720,4.218,654.313,654.409
3721,4.218,654.313,654.409
3722,4.218,654.313,654.409
3723,4.218,654.313,654.409
3724,4.218,654.313,654.409
3725,4.218,654.313,654.409
3726,4.218,654.313,654.409
3727,4.218,654.313,654.409
3728,4.218,654.313,654.409
3729,4.218,654.313,654.409
3730,4.218,654.313,654.409
3731,4.218,654.313,654.409
3732,4.218,654.313,654.409
3733,4.218,654.313,654.409
3734,4.218,654.313,654.409
3735,4.218,654.313,654.409
3736,4.218,654.313,654.409
3737,4.218,654.313,654.409
3738,4.218,654.313,654.409
3739,4.218,654.313,654.409
3740,4.218,654.313,654.409
3741,4.218,654.313,654.409
3742,4.218,654.313,654.409
3743,4.218,654.313,654.409
3744,4.218,654.313,654.409
3745,4.218,654.313,654.409
3746,4.218,654.313,654.409
3747,4.218,654.313,654.409
3748,4.218,654.313,654.409
3749,4.218,654.313,654.409
3750,4.218,654.313,654.409
3751,4.218,654.313,654.409
3752,4.218,654.313,654.409
3753,4.218,654.313,654.409
3754,4.218,654.313,654.409
3755,4.218,654.313,654.409
3756,4.218,654.313,654.409
3757,4.218,654.313,654.409
3758,4.218,654.313,654.409
3759,4.218,654.313,654.409
3760,4.218,654.313,654.409
3761,4.218,654.313,654.409
3762,4.218,654.313,654.409
3763,4.218,654.313,654.409
3764,4.218,654.313,654.409
3765,4.218,654.313,654.409
3766,4.218,654.313,654.409
3767,4.218,654.313,654.409
3768,4.218,654.313,654.409
3769,4.218,654.313,654.409
3770,4.218,654.313,654.409
3771,4.218,654.313,654.409
3772,4.218,654.313,654.409
3773,4.218,654.313,654.409
3774,4.218,654.313,654.409
3775,4.218,654.313,654.409
3776,4.218,654.313,654.409
3777,4.218,654.313,654.409
3778,4.218,654.313,654.409
3779,4.218,654.313,654.409
3780,4.218,654.313,654.409
3781,4.218,654.313,654.409
3782,4.218,654.313,654.409
3783,4.218,654.313,654.409
3784,4.218,654.313,654.409
3785,4.218,654.313,654.409
3786,4.218,654.313,654.409
3787,4.218,654.313,654.409
3788,4.218,654.313,654.409
3789,4.218,654.313,654.409
3790,4.218,654.313,654.409
3791,4.218,654.313,654.409
3792,4.218,654.313,654.409
3793,4.218,654.313,654.409
3794,4.218,654.313,654.409
3795,4.218,654.313,654.409
3796,4.218,654.313,654.409
3797,4.218,654.313,654.409
3798,4.218,654.313,654.409
3799,4.218,654.313,654.409
3800,4.218,654.313,654.409
3801,4.218,654.313,654.409
3802,4.218,654.313,654.409
3803,4.218,654.313,654.409
3804,4.218,654.313,654.409
3805,4.218,654.313,654.409
3806,4.218,654.313,654.409
3807,4.218,654.313,654.409
3808,4.218,654.313,654.409
3809,4.218,654.313,654.409
3810,4.218,654.313,654.409
3811,4.218,654.313,654.409
3812,4.218,654.313,654.409
3813,4.218,654.313,654.409
3814,4.218,654.313,654.409
3815,4.218,654.313,654.409
3816,4.218,654.313,654.409
3817,4.218,654.313,654.409
3818,4.218,654.313,654.409
3819,4.218,654.313,654.409
3820,4.218,654.313,654.409
3821,4.218,654.313,654.409
3822,4.218,654.313,654.409
3823,4.218,654.313,654.409
3824,4.218,654.313,654.409
3825,4.218,654.313,654.409
3826,4.218,654.313,654.409
3827,4.218,654.313,654.409
3828,4.218,654.313,654.409
3829,4.218,654.313,654.409
3830,4.218,654.313,654.409
3831,4.218,654.313,654.409
3832,4.218,654.313,654.409
3833,4.218,654.313,654.409
3834,4.218,654.313,654.409
3835,4.218,654.313,654.409
3836,4.218,654.313,654.409
3837,4.218,654.313,654.409
3838,4.218,654.313,654.409
3839,4.218,654.313,654.409
3840,4.218,654.313,654.409
3841,4.218,654.313,654.409
3842,4.218,654.313,654.409
3843,4.218,654.313,654.409
3844,4.218,654.313,654.409
3845,4.218,654.313,654.409
3846,4.218,654.313,654.409
3847,4.218,654.313,654.409
3848,4.218,654.313,654.409
3849,4.218,654.313,654.409
3850,4.218,654.313,654.409
3851,4.218,654.313,654.409
3852,4.218,654.313,654.409
3853,4.218,654.313,654.409
3854,4.218,654.313,654.409
3855,4.218,654.313,654.409
3856,4.218,654.313,654.409
3857,4.218,654.313,654.409
3858,4.218,654.313,654.409
3859,4.218,654.313,654.409
3860,4.218,654.313,654.409
3861,4.218,654.313,654.409
3862,4.218,654.313,654.409
3863,4.218,654.313,654.409
3864,4.218,654.313,654.409
3865,4.218,654.313,654.409
3866,4.218,654.313,654.409
3867,4.218,654.313,654.409
3868,4.218,654.313,654.409
3869,4.218,654.313,654.409
3870,4.218,654.313,654.409
3871,4.218,654.313,654.409
3872,4.218,654.313,654.409
3873,4.218,654.313,654.409
3874,4.218,654.313,654.409
3875,4.218,654.313,654.409
3876,4.218,654.313,654.409
3877,4.218,654.313,654.409
3878,4.218,654.313,654.409
3879,4.218,654.313,654.409
3880,4.218,654.313,654.409
3881,4.218,654.313,654.409
3882,4.218,654.313,654.409
3883,4.218,654.313,654.409
3884,4.218,654.313,654.409
3885,4.218,654.313,654.409
3886,4.218,654.313,654.409
3887,4.218,654.313,654.409
3888,4.218,654.313,654.409
3889,4.218,654.313,654.409
3890,4.218,654.313,654.409
3891,4.218,654.313,654.409
3892,4.218,654.313,654.409
3893,4.218,654.313,654.409
3894,4.218,654.313,654.409
3895,4.218,654.313,654.409
3896,4.218,654.313,654.409
3897,4.218,654.313,654.409
3898,4.218,654.313,654.409
3899,4.218,654.313,654.409
3900,4.218,654.313,654.409
3901,4.218,654.313,654.409
3902,4.218,654.313,654.409
3903,4.218,654.313,654.409
3904,4.218,654.313,654.409
3905,4.218,654.313,654.409
3906,4.218,654.313,654.409
3907,4.218,654.313,654.409
3908,4.218,654.313,654.409
3909,4.218,654.313,654.409
3910,4.218,654.313,654.409
3911,4.218,654.313,654.409
3912,4.218,654.313,654.409
3913,4.218,654.313,654.409
3914,4.218,654.313,654.409
3915,4.218,654.313,654.409
3916,4.218,654.313,654.409
3917,4.218,654.313,654.409
3918,4.218,654.313,654.409
3919,4.218,654.313,654.409
3920,4.218,654.313,654.409
3921,4.218,654.313,654.409
3922,4.218,654.313,654.409
3923,4.218,654.313,654.409
3924,4.218,654.313,654.409
3925,4.218,654.313,654.409
3926,4.218,654.313,654.409
3927,4.218,654.313,654.409
3928,4.218,654.313,654.409
3929,4.218,654.313,654.409
3930,4.218,654.313,654.409
3931,4.218,654.313,654.409
3932,4.218,654.313,654.409
3933,4.218,654.313,654.409
3934,4.218,654.313,654.409
3935,4.218,654.313,654.409
3936,4.218,654.313,654.409
3937,4.218,654.313,654.409
3938,4.218,654.313,654.409
3939,4.218,654.313,654.409
3940,4.218,654.313,654.409
3941,4.218,654.313,654.409
3942,4.218,654.313,654.409
3943,4.218,654.313,654.409
3944,4.218,654.313,654.409
3945,4.218,654.313,654.409
3946,4.218,654.313,654.409
3947,4.218,654.313,654.409
3948,4.218,654.313,654.409
3949,4.218,654.313,654.409
3950,4.218,654.313,654.409
3951,4.218,654.313,654.409
3952,4.218,654.313,654.409
3953,4.218,654.313,654.409
3954,4.218,654.313,654.409
3955,4.218,654.313,654.409
3956,4.218,654.313,654.409
3957,4.218,654.313,654.409
3958,4.218,654.313,654.409
3959,4.218,654.313,654.409
3960,4.218,654.313,654.409
3961,4.218,654.313,654.409
3962,4.218,654.313,654.409
3963,4.218,654.313,654.409
3964,4.218,654.313,654.409
3965,4.218,654.313,654.409
3966,4.218,654.313,654.409
3967,4.218,654.313,654.409
3968,4.218,654.313,654.409
3969,4.218,654.313,654.409
3970,4.218,654.313,654.409
3971,4.218,654.313,654.409
3972,4.218,654.313,654.409
3973,4.218,654.313,654.409
3974,4.218,654.313,654.409
3975,4.218,654.313,654.409
3976,4.218,654.313,654.409
3977,4.218,654.313,654.409
3978,4.218,654.313,654.409
3979,4.218,654.313,654.409
3980,4.218,654.313,654.409
3981,4.218,654.313,654.409
3982,4.218,654.313,654.409
3983,4.218,654.313,654.409
3984,4.218,654.313,654.409
3985,4.218,654.313,654.409
3986,4.218,654.313,654.409
3987,4.218,654.313,654.409
3988,4.218,654.313,654.409
3989,4.218,654.313,654.409
3990,4.218,654.313,654.409
3991,4.218,654.313,654.409
3992,4.218,654.313,654.409
3993,4.218,654.313,654.409
3994,4.218,654.313,654.409
3995,4.218,654.313,654.409
3996,4.218,654.313,654.409
3997,4.218,654.313,654.409
3998,4.218,654.313,654.409
3999,4.218,654.313,654.409
4000,4.218,654.313,654.409
4001,4.218,654.313,654.409
4002,4.218,654.313,654.409
4003,4.218,654.313,654.409
4004,4.218,654.313,654.409
4005,4.218,654.313,654.409
4006,4.218,654.313,654.409
4007,4.218,654.313,654.409
4008,4.218,654.313,654.409
4009,4.218,654.313,654.409
4010,4.218,654.313,654.409
4011,4.218,654.313,654.409
4012,4.218,654.313,654.409
4013,4.218,654.313,654.409
4014,4.218,654.313,654.409
4015,4.218,654.313,654.409
4016,4.218,654.313,654.409
4017,4.218,654.313,654.409
4018,4.218,654.313,654.409
4019,4.218,654.313,654.409
4020,4.218,654.313,654.409
4021,4.218,654.313,654.409
4022,4.218,654.313,654.409
4023,4.218,654.313,654.409
4024,4.218,654.313,654.409
4025,4.218,654.313,654.409
4026,4.218,654.313,654.409
4027,4.218,654.313,654.409
4028,4.218,654.313,654.409
4029,4.218,654.313,654.409
4030,4.218,654.313,654.409
4031,4.218,654.313,654.409
4032,4.218,654.313,654.409
4033,4.218,654.313,654.409
4034,4.218,654.313,654.409
4035,4.218,654.313,654.409
4036,4.218,654.313,654.409
4037,4.218,654.313,654.409
4038,4.218,654.313,654.409
4039,4.218,654.313,654.409
4040,4.218,654.313,654.409
4041,4.218,654.313,654.409
4042,4.218,654.313,654.409
4043,4.218,654.313,654.409
4044,4.218,654.313,654.409
4045,4.218,654.313,654.409
4046,4.218,654.313,654.409
4047,4.218,654.313,654.409
4048,4.218,654.313,654.409
4049,4.218,654.313,654.409
4050,4.218,654.313,654.409
4051,4.218,654.313,654.409
4052,4.218,654.313,654.409
4053,4.218,654.313,654.409
4054,4.218,654.313,654.409
4055,4.218,654.313,654.409
4056,4.218,654.313,654.409
4057,4.218,654.313,654.409
4058,4.218,654.313,654.409
4059,4.218,654.313,654.409
4060,4.218,654.313,654.409
4061,4.218,654.313,654.409
4062,4.218,654.313,654.409
4063,4.218,654.313,654.409
4064,4.218,654.313,654.409
4065,4.218,654.313,654.409
4066,4.218,654.313,654.409
4067,4.218,654.313,654.409
4068,4.218,654.313,654.409
4069,4.218,654.313,654.409
4070,4.218,654.313,654.409
4071,4.218,654.313,654.409
4072,4.218,654.313,654.409
4073,4.218,654.313,654.409
4074,4.218,654.313,654.409
4075,4.218,654.313,654.409
4076,4.218,654.313,654.409
4077,4.218,654.313,654.409
4078,4.218,654.313,654.409
4079,4.218,654.313,654.409
4080,4.218,654.313,654.409
4081,4.218,654.313,654.409
4082,4.218,654.313,654.409
4083,4.218,654.313,654.409
4084,4.218,654.313,654.409
4085,4.218,654.313,654.409
4086,4.218,654.313,654.409
4087,4.218,654.313,654.409
4088,4.218,654.313,654.409
4089,4.218,654.313,654.409
4090,4.218,654.313,654.409
4091,4.218,654.313,654.409
4092,4.218,654.313,654.409
4093,4.218,654.313,654.409
4094,4.218,654.313,654.409
4095,4.218,654.313,654.409
4096,4.218,654.313,654.409
4097,4.218,654.313,654.409
4098,4.218,654.313,654.409
4099,4.218,654.313,654.409
4100,4.218,654.313,654.409
4101,4.218,654.313,654.409
4102,4.218,654.313,654.409
4103,4.218,654.313,654.409
4104,4.218,654.313,654.409
4105,4.218,654.313,654.409
4106,4.218,654.313,654.409
4107,4.218,654.313,654.409
4108,4.218,654.313,654.409
4109,4.218,654.313,654.409
4110,4.218,654.313,654.409
4111,4.218,654.313,654.409
4112,4.218,654.313,654.409
4113,4.218,654.313,654.409
4114,4.218,654.313,654.409
4115,4.218,654.313,654.409
4116,4.218,654.313,654.409
4117,4.218,654.313,654.409
4118,4.218,654.313,654.409
4119,4.218,654.313,654.409
4120,4.218,654.313,654.409
4121,4.218,654.313,654.409
4122,4.218,654.313,654.409
4123,4.218,654.313,654.409
4124,4.218,654.313,654.409
4125,4.218,654.313,654.409
4126,4.218,654.313,654.409
4127,4.218,654.313,654.409
4128,4.218,654.313,654.409
4129,4.218,654.313,654.409
4130,4.218,654.313,654.409
4131,4.218,654.313,654.409
4132,4.218,654.313,654.409
4133,4.218,654.313,654.409
4134,4.218,654.313,654.409
4135,4.218,654.313,654.409
4136,4.218,654.313,654.409
4137,4.218,654.313,654.409
4138,4.218,654.313,654.409
4139,4.218,654.313,654.409
4140,4.218,654.313,654.409
4141,4.218,654.313,654.409
4142,4.218,654.313,654.409
4143,4.218,654.313,654.409
4144,4.218,654.313,654.409
4145,4.218,654.313,654.409
4146,4.218,654.313,654.409
4147,4.218,654.313,654.409
4148,4.218,654.313,654.409
4149,4.218,654.313,654.409
4150,4.218,654.313,654.409
4151,4.218,654.313,654.409
4152,4.218,654.313,654.409
4153,4.218,654.313,654.409
4154,4.218,654.313,654.409
4155,4.218,654.313,654.409
4156,4.218,654.313,654.409
4157,4.218,654.313,654.409
4158,4.218,654.313,654.409
4159,4.218,654.313,654.409
4160,4.218,654.313,654.409
4161,4.218,654.313,654.409
4162,4.218,654.313,654.409
4163,4.218,654.313,654.409
4164,4.218,654.313,654.409
4165,4.218,654.313,654.409
4166,4.218,654.313,654.409
4167,4.218,654.313,654.409
4168,4.218,654.313,654.409
4169,4.218,654.313,654.409
4170,4.218,654.313,654.409
4171,4.218,654.313,654.409
4172,4.218,654.313,654.409
4173,4.218,654.313,654.409
4174,4.218,654.313,654.409
4175,4.218,654.313,654.409
4176,4.218,654.313,654.409
4177,4.218,654.313,654.409
4178,4.218,654.313,654.409
4179,4.218,654.313,654.409
4180,4.218,654.313,654.409
4181,4.218,654.313,654.409
4182,4.218,654.313,654.409
4183,4.218,654.313,654.409
4184,4.218,654.313,654.409
4185,4.218,654.313,654.409
4186,4.218,654.313,654.409
4187,4.218,654.313,654.409
4188,4.218,654.313,654.409
4189,4.218,654.313,654.409
4190,4.218,654.313,654.409
4191,4.218,654.313,654.409
4192,4.218,654.313,654.409
4193,4.218,654.313,654.409
4194,4.218,654.313,654.409
4195,4.218,654.313,654.409
4196,4.218,654.313,654.409
4197,4.218,654.313,654.409
4198,4.218,654.313,654.409
4199,4.218,654.313,654.409
4200,4.218,654.313,654.409
4201,4.218,654.313,654.409
4202,4.218,654.313,654.409
4203,4.218,654.313,654.409
4204,4.218,654.313,654.409
4205,4.218,654.313,654.409
4206,4.218,654.313,654.409
4207,4.218,654.313,654.409
4208,4.218,654.313,654.409
4209,4.218,654.313,654.409
4210,4.218,654.313,654.409
4211,4.218,654.313,654.409
4212,4.218,654.313,654.409
4213,4.218,654.313,654.409
4214,4.218,654.313,654.409
4215,4.218,654.313,654.409
4216,4.218,654.313,654.409
4217,4.218,654.313,654.409
4218,4.218,654.313,654.409
4219,4.218,654.313,654.409
4220,4.218,654.313,654.409
4221,4.218,654.313,654.409
4222,4.218,654.313,654.409
4223,4.218,654.313,654.409
4224,4.218,654.313,654.409
4225,4.218,654.313,654.409
4226,4.218,654.313,654.409
4227,4.218,654.313,654.409
4228,4.218,654.313,654.409
4229,4.218,654.313,654.409
4230,4.218,654.313,654.409
4231,4.218,654.313,654.409
4232,4.218,654.313,654.409
4233,4.218,654.313,654.409
4234,4.218,654.313,654.409
4235,4.218,654.313,654.409
4236,4.218,654.313,654.409
4237,4.218,654.313,654.409
4238,4.218,654.313,654.409
4239,4.218,654.313,654.409
4240,4.218,654.313,654.409
4241,4.218,654.313,654.409
4242,4.218,654.313,654.409
4243,4.218,654.313,654.409
4244,4.218,654.313,654.409
4245,4.218,654.313,654.409
4246,4.218,654.313,654.409
4247,4.218,654.313,654.409
4248,4.218,654.313,654.409
4249,4.218,654.313,654.409
4250,4.218,654.313,654.409
4251,4.218,654.313,654.409
4252,4.218,654.313,654.409
4253,4.218,654.313,654.409
4254,4.218,654.313,654.409
4255,4.218,654.313,654.409
4256,4.218,654.313,654.409
4257,4.218,654.313,654.409
4258,4.218,654.313,654.409
4259,4.218,654.313,654.409
4260,4.218,654.313,654.409
4261,4.218,654.313,654.409
4262,4.218,654.313,654.409
4263,4.218,654.313,654.409
4264,4.218,654.313,654.409
4265,4.218,654.313,654.409
4266,4.218,654.313,654.409
4267,4.218,654.313,654.409
4268,4.218,654.313,654.409
4269,4.218,654.313,654.409
4270,4.218,654.313,654.409
4271,4.218,654.313,654.409
4272,4.218,654.313,654.409
4273,4.218,654.313,654.409
4274,4.218,654.313,654.409
4275,4.218,654.313,654.409
4276,4.218,654.313,654.409
4277,4.218,654.313,654.409
4278,4.218,654.313,654.409
4279,4.218,654.313,654.409
4280,4.218,654.313,654.409
4281,4.218,654.313,654.409
4282,4.218,654.313,654.409
4283,4.218,654.313,654.409
4284,4.218,654.313,654.409
4285,4.218,654.313,654.409
4286,4.218,654.313,654.409
4287,4.218,654.313,654.409
4288,4.218,654.313,654.409
4289,4.218,654.313,654.409
4290,4.218,654.313,654.409
4291,4.218,654.313,654.409
4292,4.218,654.313,654.409
4293,4.218,654.313,654.409
4294,4.218,654.313,654.409
4295,4.218,654.313,654.409
4296,4.218,654.313,654.409
4297,4.218,654.313,654.409
4298,4.218,654.313,654.409
4299,4.218,654.313,654.409
4300,4.218,654.313,654.409
4301,4.218,654.313,654.409
4302,4.218,654.313,654.409
4303,4.218,654.313,654.409
4304,4.218,654.313,654.409
4305,4.218,654.313,654.409
4306,4.218,654.313,654.409
4307,4.218,654.313,654.409
4308,4.218,654.313,654.409
4309,4.218,654.313,654.409
4310,4.218,654.313,654.409
4311,4.218,654.313,654.409
4312,4.218,654.313,654.409
4313,4.218,654.313,654.409
4314,4.218,654.313,654.409
4315,4.218,654.313,654.409
4316,4.218,654.313,654.409
4317,4.218,654.313,654.409
4318,4.218,654.313,654.409
4319,4.218,654.313,654.409
4320,4.218,654.313,654.409
4321,4.218,654.313,654.409
4322,4.218,654.313,654.409
4323,4.218,654.313,654.409
4324,4.218,654.313,654.409
4325,4.218,654.313,654.409
4326,4.218,654.313,654.409
4327,4.218,654.313,654.409
4328,4.218,654.313,654.409
4329,4.218,654.313,654.409
4330,4.218,654.313,654.409
4331,4.218,654.313,654.409
4332,4.218,654.313,654.409
4333,4.218,654.313,654.409
4334,4.218,654.313,654.409
4335,4.218,654.313,654.409
4336,4.218,654.313,654.409
4337,4.218,654.313,654.409
4338,4.218,654.313,654.409
4339,4.218,654.313,654.409
4340,4.218,654.313,654.409
4341,4.218,654.313,654.409
4342,4.218,654.313,654.409
4343,4.218,654.313,654.409
4344,4.218,654.313,654.409
4345,4.218,654.313,654.409
4346,4.218,654.313,654.409
4347,4.218,654.313,654.409
4348,4.218,654.313,654.409
4349,4.218,654.313,654.409
4350,4.218,654.313,654.409
4351,4.218,654.313,654.409
4352,4.218,654.313,654.409
4353,4.218,654.313,654.409
4354,4.218,654.313,654.409
4355,4.218,654.313,654.409
4356,4.218,654.313,654.409
4357,4.218,654.313,654.409
4358,4.218,654.313,654.409
4359,4.218,654.313,654.409
4360,4.218,654.313,654.409
4361,4.218,654.313,654.409
4362,4.218,654.313,654.409
4363,4.218,654.313,654.409
4364,4.218,654.313,654.409
4365,4.218,654.313,654.409
4366,4.218,654.313,654.409
4367,4.218,654.313,654.409
4368,4.218,654.313,654.409
4369,4.218,654.313,654.409
4370,4.218,654.313,654.409
4371,4.218,654.313,654.409
4372,4.218,654.313,654.409
4373,4.218,654.313,654.409
4374,4.218,654.313,654.409
4375,4.218,654.313,654.409
4376,4.218,654.313,654.409
4377,4.218,654.313,654.409
4378,4.218,654.313,654.409
4379,4.218,654.313,654.409
4380,4.218,654.313,654.409
4381,4.218,654.313,654.409
4382,4.218,654.313,654.409
4383,4.218,654.313,654.409
4384,4.218,654.313,654.409
4385,4.218,654.313,654.409
4386,4.218,654.313,654.409
4387,4.218,654.313,654.409
4388,4.218,654.313,654.409
4389,4.218,654.313,654.409
4390,4.218,654.313,654.409
4391,4.218,654.313,654.409
4392,4.218,654.313,654.409
4393,4.218,654.313,654.409
4394,4.218,654.313,654.409
4395,4.218,654.313,654.409
4396,4.218,654.313,654.409
4397,4.218,654.313,654.409
4398,4.218,654.313,654.409
4399,4.218,654.313,654.409
4400,4.218,654.313,654.409
4401,4.218,654.313,654.409
4402,4.218,654.313,654.409
4403,4.218,654.313,654.409
4404,4.218,654.313,654.409
4405,4.218,654.313,654.409
4406,4.218,654.313,654.409
4407,4.218,654.313,654.409
4408,4.218,654.313,654.409
4409,4.218,654.313,654.409
4410,4.218,654.313,654.409
4411,4.218,654.313,654.409
4412,4.218,654.313,654.409
4413,4.218,654.313,654.409
4414,4.218,654.313,654.409
4415,4.218,654.313,654.409
4416,4.218,654.313,654.409
4417,4.218,654.313,654.409
4418,4.218,654.313,654.409
4419,4.218,654.313,654.409
4420,4.218,654.313,654.409
4421,4.218,654.313,654.409
4422,4.218,654.313,654.409
4423,4.218,654.313,654.409
4424,4.218,654.313,654.409
4425,4.218,654.313,654.409
4426,4.218,654.313,654.409
4427,4.218,654.313,654.409
4428,4.218,654.313,654.409
4429,4.218,654.313,654.409
4430,4.218,654.313,654.409
4431,4.218,654.313,654.409
4432,4.218,654.313,654.409
4433,4.218,654.313,654.409
4434,4.218,654.313,654.409
4435,4.218,654.313,654.409
4436,4.218,654.313,654.409
4437,4.218,654.313,654.409
4438,4.218,654.313,654.409
4439,4.218,654.313,654.409
4440,4.218,654.313,654.409
4441,4.218,654.313,654.409
4442,4.218,654.313,654.409
4443,4.218,654.313,654.409
4444,4.218,654.313,654.409
4445,4.218,654.313,654.409
4446,4.218,654.313,654.409
4447,4.218,654.313,654.409
4448,4.218,654.313,654.409
4449,4.218,654.313,654.409
4450,4.218,654.313,654.409
4451,4.218,654.313,654.409
4452,4.218,654.313,654.409
4453,4.218,654.313,654.409
4454,4.218,654.313,654.409
4455,4.218,654.313,654.409
4456,4.218,654.313,654.409
4457,4.218,654.313,654.409
4458,4.218,654.313,654.409
4459,4.218,654.313,654.409
4460,4.218,654.313,654.409
4461,4.218,654.313,654.409
4462,4.218,654.313,654.409
4463,4.218,654.313,654.409
4464,4.218,654.313,654.409
4465,4.218,654.313,654.409
4466,4.218,654.313,654.409
4467,4.218,654.313,654.409
4468,4.218,654.313,654.409
4469,4.218,654.313,654.409
4470,4.218,654.313,654.409
4471,4.218,654.313,654.409
4472,4.218,654.313,654.409
4473,4.218,654.313,654.409
4474,4.218,654.313,654.409
4475,4.218,654.313,654.409
4476,4.218,654.313,654.409
4477,4.218,654.313,654.409
4478,4.218,654.313,654.409
4479,4.218,654.313,654.409
4480,4.218,654.313,654.409
4481,4.218,654.313,654.409
4482,4.218,654.313,654.409
4483,4.218,654.313,654.409
4484,4.218,654.313,654.409
4485,4.218,654.313,654.409
4486,4.218,654.313,654.409
4487,4.218,654.313,654.409
4488,4.218,654.313,654.409
4489,4.218,654.313,654.409
4490,4.218,654.313,654.409
4491,4.218,654.313,654.409
4492,4.218,654.313,654.409
4493,4.218,654.313,654.409
4494,4.218,654.313,654.409
4495,4.218,654.313,654.409
4496,4.218,654.313,654.409
4497,4.218,654.313,654.409
4498,4.218,654.313,654.409
4499,4.218,654.313,654.409
4500,4.218,654.313,654.409
4501,4.218,654.313,654.409
4502,4.218,654.313,654.409
4503,4.218,654.313,654.409
4504,4.218,654.313,654.409
4505,4.218,654.313,654.409
4506,4.218,654.313,654.409
4507,4.218,654.313,654.409
4508,4.218,654.313,654.409
4509,4.218,654.313,654.409
4510,4.218,654.313,654.409
4511,4.218,654.313,654.409
4512,4.218,654.313,654.409
4513,4.218,654.313,654.409
4514,4.218,654.313,654.409
4515,4.218,654.313,654.409
4516,4.218,654.313,654.409
4517,4.218,654.313,654.409
4518,4.218,654.313,654.409
4519,4.218,654.313,654.409
4520,4.218,654.313,654.409
4521,4.218,654.313,654.409
4522,4.218,654.313,654.409
4523,4.218,654.313,654.409
4524,4.218,654.313,654.409
4525,4.218,654.313,654.409
4526,4.218,654.313,654.409
4527,4.218,654.313,654.409
4528,4.218,654.313,654.409
4529,4.218,654.313,654.409
4530,4.218,654.313,654.409
4531,4.218,654.313,654.409
4532,4.218,654.313,654.409
4533,4.218,654.313,654.409
4534,4.218,654.313,654.409
4535,4.218,654.313,654.409
4536,4.218,654.313,654.409
4537,4.218,654.313,654.409
4538,4.218,654.313,654.409
4539,4.218,654.313,654.409
4540,4.218,654.313,654.409
4541,4.218,654.313,654.409
4542,4.218,654.313,654.409
4543,4.218,654.313,654.409
4544,4.218,654.313,654.409
4545,4.218,654.313,654.409
4546,4.218,654.313,654.409
4547,4.218,654.313,654.409
4548,4.218,654.313,654.409
4549,4.218,654.313,654.409
4550,4.218,654.313,654.409
4551,4.218,654.313,654.409
4552,4.218,654.313,654.409
4553,4.218,654.313,654.409
4554,4.218,654.313,654.409
4555,4.218,654.313,654.409
4556,4.218,654.313,654.409
4557,4.218,654.313,654.409
4558,4.218,654.313,654.409
4559,4.218,654.313,654.409
4560,4.218,654.313,654.409
4561,4.218,654.313,654.409
4562,4.218,654.313,654.409
4563,4.218,654.313,654.409
4564,4.218,654.313,654.409
4565,4.218,654.313,654.409
4566,4.218,654.313,654.409
4567,4.218,654.313,654.409
4568,4.218,654.313,654.409
4569,4.218,654.313,654.409
4570,4.218,654.313,654.409
4571,4.218,654.313,654.409
4572,4.218,654.313,654.409
4573,4.218,654.313,654.409
4574,4.218,654.313,654.409
4575,4.218,654.313,654.409
4576,4.218,654.313,654.409
4577,4.218,654.313,654.409
4578,4.218,654.313,654.409
4579,4.218,654.313,654.409
4580,4.218,654.313,654.409
4581,4.218,654.313,654.409
4582,4.218,654.313,654.409
4583,4.218,654.313,654.409
4584,4.218,654.313,654.409
4585,4.218,654.313,654.409
4586,4.218,654.313,654.409
4587,4.218,654.313,654.409
4588,4.218,654.313,654.409
4589,4.218,654.313,654.409
4590,4.218,654.313,654.409
4591,4.218,654.313,654.409
4592,4.218,654.313,654.409
4593,4.218,654.313,654.409
4594,4.218,654.313,654.409
4595,4.218,654.313,654.409
4596,4.218,654.313,654.409
4597,4.218,654.313,654.409
4598,4.218,654.313,654.409
4599,4.218,654.313,654.409
4600,4.218,654.313,654.409
4601,4.218,654.313,654.409
4602,4.218,654.313,654.409
4603,4.218,654.313,654.409
4604,4.218,654.313,654.409
4605,4.218,654.313,654.409
4606,4.218,654.313,654.409
4607,4.218,654.313,654.409
4608,4.218,654.313,654.409
4609,4.218,654.313,654.409
4610,4.218,654.313,654.409
4611,4.218,654.313,654.409
4612,4.218,654.313,654.409
4613,4.218,654.313,654.409
4614,4.218,654.313,654.409
4615,4.218,654.313,654.409
4616,4.218,654.313,654.409
4617,4.218,654.313,654.409
4618,4.218,654.313,654.409
4619,4.218,654.313,654.409
4620,4.218,654.313,654.409
4621,4.218,654.313,654.409
4622,4.218,654.313,654.409
4623,4.218,654.313,654.409
4624,4.218,654.313,654.409
4625,4.218,654.313,654.409
4626,4.218,654.313,654.409
4627,4.218,654.313,654.409
4628,4.218,654.313,654.409
4629,4.218,654.313,654.409
4630,4.218,654.313,654.409
4631,4.218,654.313,654.409
4632,4.218,654.313,654.409
4633,4.218,654.313,654.409
4634,4.218,654.313,654.409
4635,4.218,654.313,654.409
4636,4.218,654.313,654.409
4637,4.218,654.313,654.409
4638,4.218,654.313,654.409
4639,4.218,654.313,654.409
4640,4.218,654.313,654.409
4641,4.218,654.313,654.409
4642,4.218,654.313,654.409
4643,4.218,654.313,654.409
4644,4.218,654.313,654.409
4645,4.218,654.313,654.409
4646,4.218,654.313,654.409
4647,4.218,654.313,654.409
4648,4.218,654.313,654.409
4649,4.218,654.313,654.409
4650,4.218,654.313,654.409
4651,4.218,654.313,654.409
4652,4.218,654.313,654.409
4653,4.218,654.313,654.409
4654,4.218,654.313,654.409
4655,4.218,654.313,654.409
4656,4.218,654.313,654.409
4657,4.218,654.313,654.409
4658,4.218,654.313,654.409
4659,4.218,654.313,654.409
4660,4.218,654.313,654.409
4661,4.218,654.313,654.409
4662,4.218,654.313,654.409
4663,4.218,654.313,654.409
4664,4.218,654.313,654.409
4665,4.218,654.313,654.409
4666,4.218,654.313,654.409
4667,4.218,654.313,654.409
4668,4.218,654.313,654.409
4669,4.218,654.313,654.409
4670,4.218,654.313,654.409
4671,4.218,654.313,654.409
4672,4.218,654.313,654.409
4673,4.218,654.313,654.409
4674,4.218,654.313,654.409
4675,4.218,654.313,654.409
4676,4.218,654.313,654.409
4677,4.218,654.313,654.409
4678,4.218,654.313,654.409
4679,4.218,654.313,654.409
4680,4.218,654.313,654.409
4681,4.218,654.313,654.409
4682,4.218,654.313,654.409
4683,4.218,654.313,654.409
4684,4.218,654.313,654.409
4685,4.218,654.313,654.409
4686,4.218,654.313,654.409
4687,4.218,654.313,654.409
4688,4.218,654.313,654.409
4689,4.218,654.313,654.409
4690,4.218,654.313,654.409
4691,4.218,654.313,654.409
4692,4.218,654.313,654.409
4693,4.218,654.313,654.409
4694,4.218,654.313,654.409
4695,4.218,654.313,654.409
4696,4.218,654.313,654.409
4697,4.218,654.313,654.409
4698,4.218,654.313,654.409
4699,4.218,654.313,654.409
4700,4.218,654.313,654.409
4701,4.218,654.313,654.409
4702,4.218,654.313,654.409
4703,4.218,654.313,654.409
4704,4.218,654.313,654.409
4705,4.218,654.313,654.409
4706,4.218,654.313,654.409
4707,4.218,654.313,654.409
4708,4.218,654.313,654.409
4709,4.218,654.313,654.409
4710,4.218,654.313,654.409
4711,4.218,654.313,654.409
4712,4.218,654.313,654.409
4713,4.218,654.313,654.409
4714,4.218,654.313,654.409
4715,4.218,654.313,654.409
4716,4.218,654.313,654.409
4717,4.218,654.313,654.409
4718,4.218,654.313,654.409
4719,4.218,654.313,654.409
4720,4.218,654.313,654.409
4721,4.218,654.313,654.409
4722,4.218,654.313,654.409
4723,4.218,654.313,654.409
4724,4.218,654.313,654.409
4725,4.218,654.313,654.409
4726,4.218,654.313,654.409
4727,4.218,654.313,654.409
4728,4.218,654.313,654.409
4729,4.218,654.313,654.409
4730,4.218,654.313,654.409
4731,4.218,654.313,654.409
4732,4.218,654.313,654.409
4733,4.218,654.313,654.409
4734,4.218,654.313,654.409
4735,4.218,654.313,654.409
4736,4.218,654.313,654.409
4737,4.218,654.313,654.409
4738,4.218,654.313,654.409
4739,4.218,654.313,654.409
4740,4.218,654.313,654.409
4741,4.218,654.313,654.409
4742,4.218,654.313,654.409
4743,4.218,654.313,654.409
4744,4.218,654.313,654.409
4745,4.218,654.313,654.409
4746,4.218,654.313,654.409
4747,4.218,654.313,654.409
4748,4.218,654.313,654.409
4749,4.218,654.313,654.409
4750,4.218,654.313,654.409
4751,4.218,654.313,654.409
4752,4.218,654.313,654.409
4753,4.218,654.313,654.409
4754,4.218,654.313,654.409
4755,4.218,654.313,654.409
4756,4.218,654.313,654.409
4757,4.218,654.313,654.409
4758,4.218,654.313,654.409
4759,4.218,654.313,654.409
4760,4.218,654.313,654.409
4761,4.218,654.313,654.409
4762,4.218,654.313,654.409
4763,4.218,654.313,654.409
4764,4.218,654.313,654.409
4765,4.218,654.313,654.409
4766,4.218,654.313,654.409
4767,4.218,654.313,654.409
4768,4.218,654.313,654.409
4769,4.218,654.313,654.409
4770,4.218,654.313,654.409
4771,4.218,654.313,654.409
4772,4.218,654.313,654.409
4773,4.218,654.313,654.409
4774,4.218,654.313,654.409
4775,4.218,654.313,654.409
4776,4.218,654.313,654.409
4777,4.218,654.313,654.409
4778,4.218,654.313,654.409
4779,4.218,654.313,654.409
4780,4.218,654.313,654.409
4781,4.218,654.313,654.409
4782,4.218,654.313,654.409
4783,4.218,654.313,654.409
4784,4.218,654.313,654.409
4785,4.218,654.313,654.409
4786,4.218,654.313,654.409
4787,4.218,654.313,654.409
4788,4.218,654.313,654.409
4789,4.218,654.313,654.409
4790,4.218,654.313,654.409
4791,4.218,654.313,654.409
4792,4.218,654.313,654.409
4793,4.218,654.313,654.409
4794,4.218,654.313,654.409
4795,4.218,654.313,654.409
4796,4.218,654.313,654.409
4797,4.218,654.313,654.409
4798,4.218,654.313,654.409
4799,4.218,654.313,654.409
4800,4.218,654.313,654.409
4801,4.218,654.313,654.409
4802,4.218,654.313,654.409
4803,4.218,654.313,654.409
4804,4.218,654.313,654.409
4805,4.218,654.313,654.409
4806,4.218,654.313,654.409
4807,4.218,654.313,654.409
4808,4.218,654.313,654.409
4809,4.218,654.313,654.409
4810,4.218,654.313,654.409
4811,4.218,654.313,654.409
4812,4.218,654.313,654.409
4813,4.218,654.313,654.409
4814,4.218,654.313,654.409
4815,4.218,654.313,654.409
4816,4.218,654.313,654.409
4817,4.218,654.313,654.409
4818,4.218,654.313,654.409
4819,4.218,654.313,654.409
4820,4.218,654.313,654.409
4821,4.218,654.313,654.409
4822,4.218,654.313,654.409
4823,4.218,654.313,654.409
4824,4.218,654.313,654.409
4825,4.218,654.313,654.409
4826,4.218,654.313,654.409
4827,4.218,654.313,654.409
4828,4.218,654.313,654.409
4829,4.218,654.313,654.409
4830,4.218,654.313,654.409
4831,4.218,654.313,654.409
4832,4.218,654.313,654.409
4833,4.218,654.313,654.409
4834,4.218,654.313,654.409
4835,4.218,654.313,654.409
4836,4.218,654.313,654.409
4837,4.218,654.313,654.409
4838,4.218,654.313,654.409
4839,4.218,654.313,654.409
4840,4.218,654.313,654.409
4841,4.218,654.313,654.409
4842,4.218,654.313,654.409
4843,4.218,654.313,654.409
4844,4.218,654.313,654.409
4845,4.218,654.313,654.409
4846,4.218,654.313,654.409
4847,4.218,654.313,654.409
4848,4.218,654.313,654.409
4849,4.218,654.313,654.409
4850,4.218,654.313,654.409
4851,4.218,654.313,654.409
4852,4.218,654.313,654.409
4853,4.218,654.313,654.409
4854,4.218,654.313,654.409
4855,4.218,654.313,654.409
4856,4.218,654.313,654.409
4857,4.218,654.313,654.409
4858,4.218,654.313,654.409
4859,4.218,654.313,654.409
4860,4.218,654.313,654.409
4861,4.218,654.313,654.409
4862,4.218,654.313,654.409
4863,4.218,654.313,654.409
4864,4.218,654.313,654.409
4865,4.218,654.313,654.409
4866,4.218,654.313,654.409
4867,4.218,654.313,654.409
4868,4.218,654.313,654.409
4869,4.218,654.313,654.409
4870,4.218,654.313,654.409
4871,4.218,654.313,654.409
4872,4.218,654.313,654.409
4873,4.218,654.313,654.409
4874,4.218,654.313,654.409
4875,4.218,654.313,654.409
4876,4.218,654.313,654.409
4877,4.218,654.313,654.409
4878,4.218,654.313,654.409
4879,4.218,654.313,654.409
4880,4.218,654.313,654.409
4881,4.218,654.313,654.409
4882,4.218,654.313,654.409
4883,4.218,654.313,654.409
4884,4.218,654.313,654.409
4885,4.218,654.313,654.409
4886,4.218,654.313,654.409
4887,4.218,654.313,654.409
4888,4.218,654.313,654.409
4889,4.218,654.313,654.409
4890,4.218,654.313,654.409
4891,4.218,654.313,654.409
4892,4.218,654.313,654.409
4893,4.218,654.313,654.409
4894,4.218,654.313,654.409
4895,4.218,654.313,654.409
4896,4.218,654.313,654.409
4897,4.218,654.313,654.409
4898,4.218,654.313,654.409
4899,4.218,654.313,654.409
4900,4.218,654.313,654.409
4901,4.218,654.313,654.409
4902,4.218,654.313,654.409
4903,4.218,654.313,654.409
4904,4.218,654.313,654.409
4905,4.218,654.313,654.409
4906,4.218,654.313,654.409
4907,4.218,654.313,654.409
4908,4.218,654.313,654.409
4909,4.218,654.313,654.409
4910,4.218,654.313,654.409
4911,4.218,654.313,654.409
4912,4.218,654.313,654.409
4913,4.218,654.313,654.409
4914,4.218,654.313,654.409
4915,4.218,654.313,654.409
4916,4.218,654.313,654.409
4917,4.218,654.313,654.409
4918,4.218,654.313,654.409
4919,4.218,654.313,654.409
4920,4.218,654.313,654.409
4921,4.218,654.313,654.409
4922,4.218,654.313,654.409
4923,4.218,654.313,654.409
4924,4.218,654.313,654.409
4925,4.218,654.313,654.409
4926,4.218,654.313,654.409
4927,4.218,654.313,654.409
4928,4.218,654.313,654.409
4929,4.218,654.313,654.409
4930,4.218,654.313,654.409
4931,4.218,654.313,654.409
4932,4.218,654.313,654.409
4933,4.218,654.313,654.409
4934,4.218,654.313,654.409
4935,4.218,654.313,654.409
4936,4.218,654.313,654.409
4937,4.218,654.313,654.409
4938,4.218,654.313,654.409
4939,4.218,654.313,654.409
4940,4.218,654.313,654.409
4941,4.218,654.313,654.409
4942,4.218,654.313,654.409
4943,4.218,654.313,654.409
4944,4.218,654.313,654.409
4945,4.218,654.313,654.409
4946,4.218,654.313,654.409
4947,4.218,654.313,654.409
4948,4.218,654.313,654.409
4949,4.218,654.313,654.409
4950,4.218,654.313,654.409
4951,4.218,654.313,654.409
4952,4.218,654.313,654.409
4953,4.218,654.313,654.409
4954,4.218,654.313,654.409
4955,4.218,654.313,654.409
4956,4.218,654.313,654.409
4957,4.218,654.313,654.409
4958,4.218,654.313,654.409
4959,4.218,654.313,654.409
4960,4.218,654.313,654.409
4961,4.218,654.313,654.409
4962,4.218,654.313,654.409
4963,4.218,654.313,654.409
4964,4.218,654.313,654.409
4965,4.218,654.313,654.409
4966,4.218,654.313,654.409
4967,4.218,654.313,654.409
4968,4.218,654.313,654.409
4969,4.218,654.313,654.409
4970,4.218,654.313,654.409
4971,4.218,654.313,654.409
4972,4.218,654.313,654.409
4973,4.218,654.313,654.409
4974,4.218,654.313,654.409
4975,4.218,654.313,654.409
4976,4.218,654.313,654.409
4977,4.218,654.313,654.409
4978,4.218,654.313,654.409
4979,4.218,654.313,654.409
4980,4.218,654.313,654.409
4981,4.218,654.313,654.409
4982,4.218,654.313,654.409
4983,4.218,654.313,654.409
4984,4.218,654.313,654.409
4985,4.218,654.313,654.409
4986,4.218,654.313,654.409
4987,4.218,654.313,654.409
4988,4.218,654.313,654.409
4989,4.218,654.313,654.409
4990,4.218,654.313,654.409
4991,4.218,654.313,654.409
4992,4.218,654.313,654.409
4993,4.218,654.313,654.409
4994,4.218,654.313,654.409
4995,4.218,654.313,654.409
4996,4.218,654.313,654.409
4997,4.218,654.313,654.409
4998,4.218,654.313,654.409
4999,4.218,654.313,654.409
