# Time (s),Mass (g),T Back (K),T Front (K)
0,22.800,293.000,293.000
1,22.800,293.000,324.037
2,22.800,293.000,336.554
3,22.800,293.000,345.921
4,22.800,293.000,353.740
5,22.800,293.001,360.516
6,22.800,293.004,366.598
7,22.800,293.011,372.101
8,22.800,293.026,377.163
9,22.800,293.054,381.848
10,22.800,293.101,386.238
11,22.800,293.172,390.354
12,22.800,293.273,394.255
13,22.800,293.410,397.944
14,22.800,293.587,401.467
15,22.800,293.808,404.818
16,22.800,294.077,408.036
17,22.800,294.395,411.112
18,22.800,294.764,414.077
19,22.800,295.183,416.921
20,22.800,295.653,419.673
21,22.800,296.175,422.318
22,22.800,296.746,424.886
23,22.800,297.365,427.361
24,22.800,298.033,429.769
25,22.800,298.746,432.094
26,22.800,299.502,434.360
27,22.800,300.302,436.552
28,22.800,301.142,438.692
29,22.800,302.020,440.766
30,22.800,302.936,442.794
31,22.800,303.887,444.762
32,22.800,304.871,446.689
33,22.800,305.887,448.560
34,22.800,306.934,450.395
35,22.799,308.008,452.181
36,22.799,309.108,453.928
37,22.799,310.235,455.639
38,22.799,311.385,457.309
39,22.799,312.558,458.943
40,22.799,313.753,460.545
41,22.799,314.967,462.115
42,22.799,316.198,463.655
43,22.799,317.447,465.166
44,22.798,318.713,466.649
45,22.798,319.994,468.104
46,22.798,321.288,469.534
47,22.798,322.596,470.940
48,22.798,323.915,472.321
49,22.798,325.246,473.680
50,22.797,326.587,475.018
51,22.797,327.938,476.334
52,22.797,329.296,477.630
53,22.797,330.663,478.908
54,22.796,332.038,480.166
55,22.796,333.419,481.407
56,22.796,334.806,482.629
57,22.795,336.198,483.836
58,22.795,337.595,485.026
59,22.794,338.996,486.200
60,22.794,340.401,487.360
61,22.794,341.809,488.504
62,22.793,343.221,489.634
63,22.793,344.634,490.752
64,22.792,346.049,491.855
65,22.792,347.466,492.945
66,22.791,348.884,494.024
67,22.791,350.303,495.092
68,22.790,351.722,496.145
69,22.789,353.142,497.188
70,22.789,354.561,498.220
71,22.788,355.980,499.243
72,22.787,357.398,500.253
73,22.787,358.815,501.254
74,22.786,360.231,502.244
75,22.785,361.645,503.226
76,22.784,363.058,504.199
77,22.783,364.469,505.161
78,22.783,365.878,506.114
79,22.782,367.285,507.059
80,22.781,368.688,507.995
81,22.780,370.089,508.924
82,22.779,371.487,509.845
83,22.778,372.883,510.757
84,22.777,374.276,511.661
85,22.776,375.664,512.557
86,22.774,377.050,513.445
87,22.773,378.432,514.327
88,22.772,379.811,515.201
89,22.771,381.185,516.069
90,22.770,382.556,516.930
91,22.768,383.923,517.784
92,22.767,385.286,518.631
93,22.766,386.644,519.472
94,22.764,387.999,520.305
95,22.763,389.348,521.132
96,22.761,390.694,521.953
97,22.760,392.035,522.768
98,22.758,393.372,523.577
99,22.757,394.703,524.379
100,22.755,396.030,525.177
101,22.753,397.352,525.968
102,22.752,398.669,526.753
103,22.750,399.982,527.534
104,22.748,401.290,528.308
105,22.746,402.591,529.076
106,22.744,403.889,529.839
107,22.742,405.181,530.596
108,22.740,406.468,531.348
109,22.738,407.750,532.095
110,22.736,409.026,532.836
111,22.734,410.298,533.572
112,22.732,411.563,534.303
113,22.730,412.824,535.029
114,22.727,414.079,535.750
115,22.725,415.328,536.466
116,22.723,416.572,537.177
117,22.720,417.811,537.883
118,22.718,419.043,538.585
119,22.715,420.270,539.281
120,22.713,421.492,539.973
121,22.710,422.708,540.660
122,22.707,423.917,541.342
123,22.705,425.122,542.020
124,22.702,426.320,542.693
125,22.699,427.513,543.362
126,22.696,428.700,544.025
127,22.693,429.881,544.684
128,22.690,431.056,545.340
129,22.687,432.225,545.989
130,22.683,433.388,546.634
131,22.680,434.545,547.275
132,22.677,435.697,547.913
133,22.673,436.842,548.545
134,22.670,437.981,549.173
135,22.666,439.113,549.797
136,22.663,440.241,550.417
137,22.659,441.362,551.032
138,22.655,442.477,551.643
139,22.652,443.585,552.250
140,22.648,444.688,552.853
141,22.644,445.785,553.451
142,22.640,446.874,554.045
143,22.635,447.958,554.636
144,22.631,449.036,555.223
145,22.627,450.107,555.804
146,22.623,451.173,556.383
147,22.618,452.232,556.957
148,22.614,453.284,557.527
149,22.609,454.332,558.094
150,22.604,455.372,558.657
151,22.600,456.406,559.215
152,22.595,457.434,559.770
153,22.590,458.456,560.321
154,22.585,459.471,560.868
155,22.580,460.480,561.410
156,22.574,461.484,561.951
157,22.569,462.482,562.486
158,22.564,463.472,563.018
159,22.558,464.458,563.546
160,22.553,465.436,564.070
161,22.547,466.410,564.591
162,22.541,467.376,565.109
163,22.535,468.338,565.623
164,22.529,469.293,566.133
165,22.523,470.242,566.640
166,22.517,471.185,567.144
167,22.511,472.124,567.643
168,22.505,473.056,568.138
169,22.498,473.982,568.630
170,22.492,474.903,569.118
171,22.485,475.818,569.604
172,22.479,476.728,570.088
173,22.472,477.632,570.566
174,22.465,478.531,571.040
175,22.458,479.426,571.512
176,22.451,480.314,571.982
177,22.444,481.196,572.447
178,22.437,482.075,572.908
179,22.430,482.948,573.366
180,22.422,483.816,573.824
181,22.415,484.680,574.275
182,22.407,485.539,574.722
183,22.400,486.393,575.170
184,22.392,487.241,575.613
185,22.384,488.087,576.051
186,22.376,488.926,576.489
187,22.368,489.762,576.922
188,22.360,490.594,577.351
189,22.352,491.421,577.782
190,22.344,492.243,578.203
191,22.335,493.062,578.626
192,22.327,493.877,579.044
193,22.318,494.688,579.458
194,22.310,495.494,579.873
195,22.301,496.296,580.279
196,22.292,497.095,580.687
197,22.283,497.890,581.091
198,22.274,498.682,581.490
199,22.265,499.470,581.891
200,22.256,500.254,582.283
201,22.246,501.035,582.677
202,22.237,501.812,583.066
203,22.228,502.586,583.451
204,22.218,503.357,583.839
205,22.208,504.124,584.217
206,22.198,504.888,584.597
207,22.189,505.649,584.973
208,22.179,506.406,585.345
209,22.169,507.161,585.719
210,22.158,507.913,586.084
211,22.148,508.661,586.452
212,22.138,509.407,586.814
213,22.127,510.150,587.174
214,22.117,510.889,587.535
215,22.106,511.626,587.887
216,22.096,512.360,588.244
217,22.085,513.091,588.593
218,22.074,513.819,588.941
219,22.063,514.545,589.290
220,22.052,515.268,589.630
221,22.040,515.988,589.974
222,22.029,516.706,590.312
223,22.018,517.420,590.649
224,22.006,518.132,590.984
225,21.994,518.842,591.314
226,21.983,519.549,591.647
227,21.971,520.253,591.972
228,21.959,520.954,592.299
229,21.947,521.653,592.623
230,21.935,522.350,592.942
231,21.922,523.042,593.264
232,21.910,523.734,593.578
233,21.897,524.422,593.894
234,21.885,525.109,594.206
235,21.872,525.792,594.516
236,21.859,526.473,594.826
237,21.846,527.152,595.130
238,21.833,527.827,595.437
239,21.820,528.501,595.738
240,21.807,529.171,596.038
241,21.793,529.839,596.338
242,21.780,530.505,596.632
243,21.766,531.168,596.929
244,21.752,531.828,597.219
245,21.738,532.486,597.510
246,21.724,533.141,597.799
247,21.710,533.794,598.084
248,21.696,534.445,598.372
249,21.681,535.091,598.651
250,21.667,535.736,598.933
251,21.652,536.379,599.212
252,21.637,537.018,599.488
253,21.622,537.656,599.766
254,21.607,538.290,600.036
255,21.592,538.922,600.312
256,21.577,539.551,600.579
257,21.561,540.178,600.848
258,21.546,540.802,601.114
259,21.530,541.423,601.379
260,21.514,542.041,601.642
261,21.498,542.657,601.902
262,21.482,543.271,602.163
263,21.466,543.881,602.418
264,21.449,544.489,602.677
265,21.433,545.095,602.928
266,21.416,545.697,603.184
267,21.399,546.297,603.431
268,21.382,546.894,603.684
269,21.365,547.488,603.927
270,21.348,548.079,604.177
271,21.331,548.668,604.416
272,21.313,549.254,604.663
273,21.295,549.837,604.898
274,21.278,550.417,605.142
275,21.260,550.994,605.374
276,21.242,551.569,605.614
277,21.223,552.141,605.843
278,21.205,552.710,606.080
279,21.186,553.276,606.306
280,21.168,553.839,606.539
281,21.149,554.400,606.761
282,21.130,554.957,606.991
283,21.111,555.512,607.211
284,21.091,556.064,607.437
285,21.072,556.612,607.654
286,21.052,557.158,607.877
287,21.032,557.701,608.090
288,21.013,558.240,608.310
289,20.993,558.777,608.520
290,20.972,559.311,608.737
291,20.952,559.842,608.944
292,20.931,560.370,609.158
293,20.911,560.894,609.362
294,20.890,561.416,609.572
295,20.869,561.935,609.773
296,20.848,562.451,609.981
297,20.827,562.963,610.178
298,20.805,563.473,610.383
299,20.784,563.979,610.577
300,20.762,564.483,610.779
301,20.740,564.983,610.970
302,20.718,565.480,611.169
303,20.696,565.974,611.357
304,20.673,566.465,611.553
305,20.651,566.953,611.739
306,20.628,567.437,611.931
307,20.606,567.919,612.114
308,20.583,568.397,612.303
309,20.560,568.872,612.483
310,20.536,569.344,612.670
311,20.513,569.812,612.846
312,20.489,570.278,613.030
313,20.466,570.740,613.204
314,20.442,571.199,613.384
315,20.418,571.655,613.555
316,20.394,572.107,613.733
317,20.369,572.557,613.901
318,20.345,573.003,614.076
319,20.320,573.446,614.241
320,20.296,573.885,614.413
321,20.271,574.322,614.576
322,20.246,574.755,614.745
323,20.221,575.185,614.904
324,20.195,575.612,615.070
325,20.170,576.035,615.227
326,20.144,576.455,615.391
327,20.119,576.871,615.545
328,20.093,577.284,615.705
329,20.067,577.694,615.857
330,20.041,578.101,616.015
331,20.014,578.504,616.163
332,19.988,578.904,616.319
333,19.961,579.301,616.465
334,19.935,579.694,616.617
335,19.908,580.084,616.760
336,19.881,580.471,616.910
337,19.854,580.855,617.050
338,19.826,581.235,617.197
339,19.799,581.612,617.335
340,19.771,581.985,617.480
341,19.744,582.356,617.615
342,19.716,582.723,617.757
343,19.688,583.086,617.890
344,19.660,583.447,618.029
345,19.632,583.804,618.159
346,19.603,584.158,618.295
347,19.575,584.508,618.423
348,19.546,584.855,618.557
349,19.518,585.199,618.682
350,19.489,585.540,618.813
351,19.460,585.878,618.936
352,19.431,586.212,619.065
353,19.401,586.543,619.185
354,19.372,586.871,619.311
355,19.343,587.195,619.429
356,19.313,587.517,619.553
357,19.283,587.835,619.668
358,19.254,588.150,619.790
359,19.224,588.463,619.903
360,19.194,588.772,620.022
361,19.163,589.077,620.132
362,19.133,589.380,620.249
363,19.103,589.679,620.357
364,19.072,589.975,620.472
365,19.042,590.268,620.578
366,19.011,590.558,620.690
367,18.980,590.845,620.793
368,18.949,591.129,620.903
369,18.918,591.410,621.004
370,18.887,591.688,621.112
371,18.856,591.963,621.211
372,18.824,592.235,621.316
373,18.793,592.504,621.413
374,18.761,592.770,621.516
375,18.730,593.033,621.611
376,18.698,593.294,621.712
377,18.666,593.551,621.805
378,18.634,593.806,621.904
379,18.602,594.057,621.994
380,18.570,594.306,622.091
381,18.538,594.552,622.180
382,18.505,594.796,622.274
383,18.473,595.036,622.361
384,18.440,595.274,622.454
385,18.408,595.509,622.538
386,18.375,595.742,622.629
387,18.342,595.972,622.712
388,18.310,596.199,622.800
389,18.277,596.424,622.881
390,18.244,596.646,622.968
391,18.211,596.865,623.047
392,18.178,597.082,623.132
393,18.144,597.296,623.209
394,18.111,597.508,623.292
395,18.078,597.718,623.368
396,18.044,597.925,623.449
397,18.011,598.129,623.523
398,17.977,598.332,623.602
399,17.944,598.532,623.675
400,17.910,598.729,623.752
401,17.876,598.924,623.823
402,17.842,599.117,623.899
403,17.808,599.308,623.968
404,17.775,599.497,624.042
405,17.741,599.684,624.109
406,17.707,599.868,624.182
407,17.672,600.050,624.248
408,17.638,600.230,624.319
409,17.604,600.407,624.383
410,17.570,600.583,624.453
411,17.536,600.757,624.516
412,17.501,600.928,624.584
413,17.467,601.098,624.647
414,17.432,601.265,624.713
415,17.398,601.431,624.773
416,17.363,601.595,624.838
417,17.329,601.757,624.898
418,17.294,601.917,624.961
419,17.260,602.075,625.019
420,17.225,602.231,625.081
421,17.190,602.386,625.138
422,17.156,602.539,625.199
423,17.121,602.690,625.254
424,17.086,602.839,625.315
425,17.051,602.987,625.368
426,17.016,603.133,625.427
427,16.981,603.277,625.480
428,16.946,603.420,625.538
429,16.912,603.561,625.589
430,16.877,603.701,625.646
431,16.842,603.839,625.696
432,16.807,603.976,625.752
433,16.772,604.111,625.801
434,16.737,604.245,625.856
435,16.702,604.377,625.904
436,16.667,604.508,625.958
437,16.631,604.637,626.005
438,16.596,604.765,626.058
439,16.561,604.892,626.104
440,16.526,605.017,626.156
441,16.491,605.141,626.201
442,16.456,605.264,626.252
443,16.421,605.386,626.297
444,16.386,605.506,626.347
445,16.350,605.625,626.391
446,16.315,605.743,626.440
447,16.280,605.860,626.483
448,16.245,605.975,626.531
449,16.210,606.090,626.573
450,16.175,606.203,626.621
451,16.140,606.315,626.662
452,16.104,606.427,626.709
453,16.069,606.537,626.750
454,16.034,606.646,626.796
455,15.999,606.754,626.836
456,15.964,606.861,626.882
457,15.929,606.967,626.921
458,15.894,607.072,626.966
459,15.858,607.177,627.004
460,15.823,607.280,627.049
461,15.788,607.382,627.087
462,15.753,607.484,627.131
463,15.718,607.585,627.168
464,15.683,607.685,627.211
465,15.648,607.784,627.248
466,15.613,607.882,627.291
467,15.578,607.979,627.327
468,15.543,608.076,627.370
469,15.508,608.172,627.405
470,15.473,608.267,627.447
471,15.438,608.361,627.483
472,15.403,608.455,627.524
473,15.368,608.547,627.559
474,15.333,608.640,627.600
475,15.298,608.731,627.634
476,15.263,608.822,627.675
477,15.229,608.912,627.709
478,15.194,609.002,627.749
479,15.159,609.091,627.783
480,15.124,609.179,627.823
481,15.089,609.267,627.856
482,15.055,609.354,627.895
483,15.020,609.441,627.928
484,14.985,609.527,627.968
485,14.951,609.612,628.000
486,14.916,609.697,628.039
487,14.881,609.782,628.071
488,14.847,609.866,628.110
489,14.812,609.949,628.142
490,14.778,610.032,628.181
491,14.743,610.115,628.212
492,14.709,610.197,628.250
493,14.674,610.278,628.282
494,14.640,610.359,628.320
495,14.606,610.440,628.351
496,14.571,610.520,628.389
497,14.537,610.600,628.420
498,14.503,610.680,628.458
499,14.469,610.759,628.489
500,14.434,610.837,628.526
501,14.400,610.916,628.557
502,14.366,610.994,628.594
503,14.332,611.071,628.625
504,14.298,611.148,628.662
505,14.264,611.225,628.692
506,14.230,611.302,628.729
507,14.196,611.378,628.759
508,14.162,611.454,628.796
509,14.128,611.529,628.826
510,14.094,611.605,628.863
511,14.061,611.680,628.893
512,14.027,611.754,628.930
513,13.993,611.829,628.960
514,13.959,611.903,628.997
515,13.926,611.977,629.026
516,13.892,612.051,629.063
517,13.859,612.124,629.093
518,13.825,612.197,629.129
519,13.792,612.270,629.159
520,13.758,612.343,629.196
521,13.725,612.415,629.225
522,13.691,612.487,629.262
523,13.658,612.559,629.291
524,13.625,612.631,629.328
525,13.592,612.703,629.357
526,13.558,612.774,629.394
527,13.525,612.846,629.424
528,13.492,612.917,629.460
529,13.459,612.987,629.490
530,13.426,613.058,629.526
531,13.393,613.129,629.556
532,13.360,613.199,629.592
533,13.327,613.269,629.622
534,13.294,613.340,629.658
535,13.261,613.409,629.688
536,13.229,613.479,629.724
537,13.196,613.549,629.754
538,13.163,613.619,629.791
539,13.131,613.688,629.820
540,13.098,613.757,629.857
541,13.066,613.826,629.887
542,13.033,613.895,629.924
543,13.001,613.964,629.953
544,12.968,614.033,629.990
545,12.936,614.102,630.020
546,12.904,614.171,630.057
547,12.871,614.239,630.087
548,12.839,614.308,630.124
549,12.807,614.376,630.154
550,12.775,614.444,630.191
551,12.743,614.513,630.221
552,12.711,614.581,630.258
553,12.679,614.649,630.288
554,12.647,614.717,630.325
555,12.615,614.785,630.356
556,12.583,614.853,630.393
557,12.551,614.920,630.423
558,12.520,614.988,630.461
559,12.488,615.056,630.491
560,12.456,615.124,630.529
561,12.425,615.191,630.559
562,12.393,615.259,630.597
563,12.362,615.326,630.628
564,12.330,615.395,630.665
565,12.299,615.461,630.696
566,12.267,615.529,630.733
567,12.236,615.596,630.765
568,12.205,615.664,630.802
569,12.174,615.731,630.834
570,12.142,615.798,630.871
571,12.111,615.865,630.903
572,12.080,615.932,630.940
573,12.049,615.999,630.972
574,12.018,616.067,631.009
575,11.987,616.133,631.042
576,11.957,616.200,631.078
577,11.926,616.267,631.112
578,11.895,616.334,631.148
579,11.864,616.401,631.183
580,11.834,616.468,631.218
581,11.803,616.535,631.253
582,11.773,616.602,631.287
583,11.742,616.669,631.324
584,11.712,616.736,631.357
585,11.681,616.803,631.396
586,11.651,616.870,631.428
587,11.621,616.936,631.466
588,11.590,617.003,631.500
589,11.560,617.070,631.538
590,11.530,617.137,631.572
591,11.500,617.204,631.609
592,11.470,617.271,631.645
593,11.440,617.338,631.680
594,11.410,617.405,631.717
595,11.380,617.472,631.752
596,11.350,617.540,631.792
597,11.321,617.606,631.825
598,11.291,617.673,631.864
599,11.261,617.741,631.899
600,11.232,617.808,631.936
601,11.202,617.875,631.973
602,11.173,617.943,632.009
603,11.143,618.010,632.048
604,11.114,618.077,632.082
605,11.085,618.144,632.122
606,11.055,618.212,632.158
607,11.026,618.280,632.196
608,10.997,618.347,632.234
609,10.968,618.415,632.270
610,10.939,618.482,632.311
611,10.910,618.550,632.346
612,10.881,618.618,632.386
613,10.852,618.686,632.423
614,10.823,618.754,632.461
615,10.794,618.822,632.500
616,10.766,618.889,632.537
617,10.737,618.958,632.577
618,10.709,619.026,632.615
619,10.680,619.095,632.653
620,10.652,619.163,632.693
621,10.623,619.232,632.730
622,10.595,619.300,632.772
623,10.566,619.368,632.809
624,10.538,619.437,632.849
625,10.510,619.506,632.889
626,10.482,619.575,632.926
627,10.454,619.644,632.968
628,10.426,619.713,633.007
629,10.398,619.781,633.047
630,10.370,619.851,633.088
631,10.342,619.921,633.126
632,10.314,619.990,633.168
633,10.286,620.059,633.208
634,10.259,620.129,633.247
635,10.231,620.199,633.290
636,10.203,620.268,633.329
637,10.176,620.338,633.370
638,10.149,620.409,633.412
639,10.121,620.478,633.451
640,10.094,620.549,633.493
641,10.067,620.619,633.535
642,10.039,620.689,633.574
643,10.012,620.760,633.618
644,9.985,620.831,633.659
645,9.958,620.901,633.700
646,9.931,620.972,633.744
647,9.904,621.043,633.784
648,9.877,621.114,633.826
649,9.851,621.185,633.871
650,9.824,621.257,633.911
651,9.797,621.328,633.954
652,9.770,621.400,633.997
653,9.744,621.471,634.038
654,9.717,621.543,634.083
655,9.691,621.615,634.126
656,9.665,621.686,634.168
657,9.638,621.759,634.212
658,9.612,621.832,634.256
659,9.586,621.904,634.298
660,9.560,621.976,634.343
661,9.534,622.049,634.387
662,9.508,622.121,634.429
663,9.482,622.194,634.475
664,9.456,622.268,634.519
665,9.430,622.341,634.562
666,9.404,622.414,634.608
667,9.379,622.488,634.653
668,9.353,622.561,634.696
669,9.327,622.636,634.742
670,9.302,622.709,634.788
671,9.276,622.783,634.831
672,9.251,622.857,634.877
673,9.226,622.932,634.924
674,9.200,623.006,634.968
675,9.175,623.080,635.014
676,9.150,623.156,635.062
677,9.125,623.230,635.106
678,9.100,623.305,635.151
679,9.075,623.381,635.199
680,9.050,623.456,635.245
681,9.025,623.531,635.290
682,9.001,623.607,635.338
683,8.976,623.683,635.385
684,8.951,623.759,635.431
685,8.927,623.835,635.478
686,8.902,623.912,635.528
687,8.878,623.988,635.574
688,8.853,624.064,635.620
689,8.829,624.141,635.669
690,8.805,624.218,635.717
691,8.781,624.295,635.764
692,8.757,624.372,635.813
693,8.732,624.450,635.861
694,8.709,624.527,635.909
695,8.685,624.605,635.957
696,8.661,624.683,636.007
697,8.637,624.761,636.056
698,8.613,624.839,636.103
699,8.590,624.918,636.153
700,8.566,624.996,636.204
701,8.543,625.075,636.252
702,8.519,625.154,636.300
703,8.496,625.233,636.351
704,8.472,625.312,636.401
705,8.449,625.392,636.450
706,8.426,625.471,636.500
707,8.403,625.551,636.552
708,8.380,625.631,636.602
709,8.357,625.711,636.650
710,8.334,625.792,636.702
711,8.311,625.872,636.754
712,8.288,625.953,636.804
713,8.266,626.033,636.854
714,8.243,626.114,636.906
715,8.220,626.196,636.959
716,8.198,626.277,637.009
717,8.175,626.359,637.060
718,8.153,626.441,637.112
719,8.131,626.522,637.166
720,8.109,626.605,637.217
721,8.086,626.687,637.267
722,8.064,626.769,637.322
723,8.042,626.852,637.375
724,8.020,626.935,637.427
725,7.998,627.019,637.479
726,7.977,627.101,637.533
727,7.955,627.185,637.587
728,7.933,627.269,637.639
729,7.912,627.353,637.692
730,7.890,627.437,637.745
731,7.869,627.521,637.801
732,7.847,627.605,637.854
733,7.826,627.690,637.907
734,7.805,627.774,637.961
735,7.784,627.860,638.016
736,7.762,627.945,638.071
737,7.741,628.030,638.125
738,7.721,628.116,638.179
739,7.700,628.202,638.235
740,7.679,628.287,638.291
741,7.658,628.374,638.345
742,7.637,628.460,638.399
743,7.617,628.547,638.455
744,7.596,628.634,638.511
745,7.576,628.721,638.567
746,7.556,628.807,638.622
747,7.535,628.895,638.678
748,7.515,628.983,638.734
749,7.495,629.071,638.792
750,7.475,629.158,638.848
751,7.455,629.247,638.903
752,7.435,629.336,638.960
753,7.415,629.424,639.018
754,7.395,629.512,639.076
755,7.376,629.602,639.131
756,7.356,629.691,639.188
757,7.336,629.780,639.245
758,7.317,629.870,639.304
759,7.297,629.960,639.362
760,7.278,630.050,639.419
761,7.259,630.141,639.476
762,7.240,630.231,639.535
763,7.221,630.322,639.594
764,7.202,630.413,639.653
765,7.183,630.503,639.710
766,7.164,630.595,639.768
767,7.145,630.686,639.827
768,7.126,630.778,639.887
769,7.108,630.870,639.947
770,7.089,630.962,640.005
771,7.071,631.054,640.064
772,7.052,631.147,640.123
773,7.034,631.240,640.184
774,7.016,631.333,640.244
775,6.997,631.426,640.303
776,6.979,631.519,640.362
777,6.961,631.613,640.422
778,6.943,631.707,640.483
779,6.926,631.801,640.544
780,6.908,631.895,640.605
781,6.890,631.989,640.664
782,6.873,632.083,640.724
783,6.855,632.178,640.786
784,6.838,632.274,640.848
785,6.820,632.369,640.910
786,6.803,632.464,640.970
787,6.786,632.559,641.030
788,6.769,632.656,641.092
789,6.751,632.752,641.154
790,6.735,632.848,641.217
791,6.718,632.944,641.278
792,6.701,633.041,641.339
793,6.684,633.138,641.400
794,6.667,633.235,641.463
795,6.651,633.332,641.527
796,6.634,633.429,641.590
797,6.618,633.527,641.651
798,6.602,633.625,641.713
799,6.585,633.723,641.775
800,6.569,633.821,641.839
801,6.553,633.919,641.902
802,6.537,634.018,641.966
803,6.521,634.117,642.029
804,6.506,634.215,642.091
805,6.490,634.315,642.154
806,6.474,634.414,642.218
807,6.459,634.514,642.283
808,6.443,634.613,642.347
809,6.428,634.713,642.410
810,6.412,634.813,642.473
811,6.397,634.913,642.536
812,6.382,635.014,642.601
813,6.367,635.115,642.666
814,6.352,635.215,642.731
815,6.337,635.316,642.795
816,6.322,635.417,642.859
817,6.308,635.518,642.922
818,6.293,635.620,642.987
819,6.278,635.721,643.052
820,6.264,635.823,643.118
821,6.249,635.925,643.183
822,6.235,636.027,643.247
823,6.221,636.130,643.311
824,6.207,636.232,643.376
825,6.193,636.335,643.442
826,6.179,636.437,643.508
827,6.165,636.540,643.574
828,6.151,636.643,643.638
829,6.138,636.746,643.703
830,6.124,636.849,643.768
831,6.110,636.953,643.834
832,6.097,637.056,643.900
833,6.084,637.160,643.966
834,6.070,637.264,644.032
835,6.057,637.368,644.097
836,6.044,637.472,644.163
837,6.031,637.577,644.228
838,6.018,637.680,644.294
839,6.005,637.785,644.360
840,5.993,637.890,644.427
841,5.980,637.995,644.493
842,5.967,638.099,644.559
843,5.955,638.204,644.624
844,5.943,638.309,644.690
845,5.930,638.414,644.756
846,5.918,638.519,644.823
847,5.906,638.624,644.890
848,5.894,638.730,644.956
849,5.882,638.835,645.022
850,5.870,638.940,645.088
851,5.858,639.046,645.153
852,5.847,639.152,645.220
853,5.835,639.258,645.287
854,5.824,639.363,645.353
855,5.812,639.469,645.420
856,5.801,639.575,645.486
857,5.790,639.681,645.552
858,5.779,639.787,645.618
859,5.768,639.893,645.683
860,5.757,639.999,645.750
861,5.746,640.105,645.817
862,5.735,640.211,645.884
863,5.724,640.317,645.950
864,5.714,640.424,646.016
865,5.703,640.530,646.081
866,5.693,640.636,646.147
867,5.682,640.742,646.213
868,5.672,640.848,646.280
869,5.662,640.954,646.346
870,5.652,641.061,646.413
871,5.642,641.167,646.478
872,5.632,641.273,646.544
873,5.622,641.379,646.609
874,5.612,641.485,646.674
875,5.603,641.591,646.740
876,5.593,641.697,646.807
877,5.584,641.803,646.873
878,5.574,641.909,646.939
879,5.565,642.015,647.003
880,5.556,642.120,647.068
881,5.547,642.226,647.133
882,5.538,642.331,647.197
883,5.529,642.437,647.263
884,5.520,642.542,647.329
885,5.511,642.647,647.393
886,5.502,642.752,647.459
887,5.494,642.858,647.523
888,5.485,642.962,647.587
889,5.477,643.067,647.651
890,5.469,643.171,647.715
891,5.460,643.276,647.780
892,5.452,643.380,647.844
893,5.444,643.485,647.908
894,5.436,643.588,647.973
895,5.428,643.692,648.036
896,5.420,643.795,648.099
897,5.413,643.899,648.162
898,5.405,644.002,648.224
899,5.397,644.105,648.288
900,5.390,644.208,648.351
901,5.382,644.311,648.414
902,5.375,644.413,648.477
903,5.368,644.515,648.539
904,5.361,644.617,648.601
905,5.354,644.718,648.663
906,5.347,644.820,648.724
907,5.340,644.921,648.785
908,5.333,645.022,648.847
909,5.326,645.122,648.908
910,5.319,645.222,648.969
911,5.313,645.322,649.031
912,5.306,645.421,649.091
913,5.300,645.521,649.151
914,5.293,645.620,649.211
915,5.287,645.718,649.271
916,5.281,645.816,649.330
917,5.275,645.915,649.390
918,5.269,646.012,649.448
919,5.263,646.109,649.508
920,5.257,646.206,649.567
921,5.251,646.303,649.624
922,5.245,646.399,649.683
923,5.240,646.494,649.740
924,5.234,646.589,649.798
925,5.228,646.684,649.854
926,5.223,646.779,649.912
927,5.218,646.872,649.969
928,5.212,646.966,650.026
929,5.207,647.059,650.082
930,5.202,647.151,650.138
931,5.197,647.243,650.193
932,5.192,647.335,650.248
933,5.187,647.426,650.302
934,5.182,647.517,650.357
935,5.177,647.607,650.411
936,5.172,647.697,650.466
937,5.167,647.786,650.520
938,5.163,647.874,650.572
939,5.158,647.962,650.626
940,5.154,648.050,650.678
941,5.149,648.137,650.730
942,5.145,648.223,650.782
943,5.141,648.309,650.832
944,5.136,648.394,650.885
945,5.132,648.479,650.935
946,5.128,648.563,650.986
947,5.124,648.646,651.036
948,5.120,648.729,651.086
949,5.116,648.812,651.135
950,5.112,648.893,651.183
951,5.108,648.974,651.232
952,5.104,649.055,651.280
953,5.101,649.135,651.328
954,5.097,649.214,651.375
955,5.094,649.292,651.422
956,5.090,649.370,651.469
957,5.086,649.447,651.516
958,5.083,649.524,651.561
959,5.080,649.599,651.606
960,5.076,649.675,651.651
961,5.073,649.749,651.695
962,5.070,649.822,651.739
963,5.067,649.895,651.783
964,5.063,649.968,651.827
965,5.060,650.040,651.869
966,5.057,650.111,651.912
967,5.054,650.181,651.954
968,5.051,650.250,651.995
969,5.048,650.320,652.037
970,5.046,650.387,652.077
971,5.043,650.455,652.118
972,5.040,650.522,652.157
973,5.037,650.588,652.197
974,5.035,650.653,652.236
975,5.032,650.717,652.274
976,5.029,650.782,652.312
977,5.027,650.844,652.350
978,5.024,650.906,652.387
979,5.022,650.969,652.424
980,5.019,651.029,652.460
981,5.017,651.089,652.496
982,5.014,651.149,652.531
983,5.012,651.206,652.566
984,5.010,651.264,652.600
985,5.008,651.322,652.635
986,5.005,651.378,652.669
987,5.003,651.434,652.701
988,5.001,651.488,652.734
989,4.999,651.542,652.767
990,4.997,651.596,652.798
991,4.995,651.649,652.830
992,4.993,651.700,652.860
993,4.991,651.752,652.891
994,4.989,651.801,652.921
995,4.987,651.851,652.951
996,4.985,651.900,652.980
997,4.983,651.948,653.009
998,4.981,651.995,653.037
999,4.979,652.043,653.065
1000,4.977,652.088,653.092
1001,4.975,652.134,653.120
1002,4.974,652.178,653.146
1003,4.972,652.221,653.172
1004,4.970,652.265,653.199
1005,4.969,652.307,653.224
1006,4.967,652.348,653.249
1007,4.965,652.390,653.273
1008,4.964,652.430,653.297
1009,4.962,652.470,653.321
1010,4.960,652.508,653.344
1011,4.959,652.546,653.367
1012,4.957,652.584,653.390
1013,4.956,652.620,653.412
1014,4.954,652.657,653.434
1015,4.953,652.692,653.455
1016,4.951,652.728,653.476
1017,4.950,652.761,653.497
1018,4.948,652.795,653.517
1019,4.947,652.828,653.536
1020,4.945,652.860,653.556
1021,4.944,652.892,653.575
1022,4.943,652.923,653.593
1023,4.941,652.953,653.612
1024,4.940,652.983,653.630
1025,4.939,653.012,653.647
1026,4.937,653.041,653.664
1027,4.936,653.070,653.682
1028,4.935,653.097,653.698
1029,4.933,653.124,653.715
1030,4.932,653.150,653.730
1031,4.931,653.176,653.746
1032,4.930,653.201,653.761
1033,4.928,653.226,653.776
1034,4.927,653.250,653.790
1035,4.926,653.273,653.805
1036,4.925,653.296,653.819
1037,4.923,653.319,653.833
1038,4.922,653.342,653.846
1039,4.921,653.363,653.860
1040,4.920,653.384,653.872
1041,4.919,653.405,653.884
1042,4.918,653.425,653.897
1043,4.916,653.444,653.909
1044,4.915,653.463,653.921
1045,4.914,653.483,653.932
1046,4.913,653.501,653.943
1047,4.912,653.519,653.954
1048,4.911,653.536,653.965
1049,4.910,653.553,653.975
1050,4.909,653.570,653.986
1051,4.908,653.586,653.995
1052,4.907,653.603,654.005
1053,4.905,653.617,654.014
1054,4.904,653.633,654.024
1055,4.903,653.647,654.033
1056,4.902,653.662,654.041
1057,4.901,653.675,654.050
1058,4.900,653.689,654.058
1059,4.899,653.703,654.067
1060,4.898,653.716,654.074
1061,4.897,653.728,654.083
1062,4.896,653.741,654.090
1063,4.895,653.753,654.097
1064,4.894,653.765,654.105
1065,4.893,653.776,654.111
1066,4.892,653.787,654.119
1067,4.891,653.797,654.125
1068,4.890,653.808,654.131
1069,4.889,653.818,654.138
1070,4.888,653.828,654.144
1071,4.887,653.838,654.150
1072,4.886,653.848,654.156
1073,4.885,653.857,654.162
1074,4.884,653.866,654.167
1075,4.883,653.874,654.173
1076,4.882,653.883,654.177
1077,4.881,653.891,654.183
1078,4.880,653.899,654.188
1079,4.879,653.907,654.193
1080,4.878,653.914,654.198
1081,4.878,653.921,654.202
1082,4.877,653.929,654.206
1083,4.876,653.936,654.211
1084,4.875,653.943,654.215
1085,4.874,653.949,654.220
1086,4.873,653.956,654.223
1087,4.872,653.962,654.227
1088,4.871,653.968,654.231
1089,4.870,653.975,654.235
1090,4.869,653.980,654.239
1091,4.868,653.986,654.242
1092,4.867,653.991,654.246
1093,4.866,653.997,654.249
1094,4.866,654.002,654.252
1095,4.865,654.007,654.256
1096,4.864,654.012,654.258
1097,4.863,654.017,654.261
1098,4.862,654.022,654.265
1099,4.861,654.026,654.268
1100,4.860,654.031,654.270
1101,4.859,654.035,654.273
1102,4.858,654.040,654.275
1103,4.858,654.043,654.278
1104,4.857,654.048,654.281
1105,4.856,654.052,654.284
1106,4.855,654.056,654.286
1107,4.854,654.059,654.288
1108,4.853,654.063,654.291
1109,4.852,654.067,654.293
1110,4.851,654.070,654.295
1111,4.851,654.073,654.297
1112,4.850,654.077,654.299
1113,4.849,654.080,654.301
1114,4.848,654.083,654.303
1115,4.847,654.086,654.306
1116,4.846,654.089,654.307
1117,4.846,654.092,654.309
1118,4.845,654.095,654.311
1119,4.844,654.098,654.313
1120,4.843,654.101,654.315
1121,4.842,654.104,654.317
1122,4.841,654.106,654.318
1123,4.841,654.109,654.320
1124,4.840,654.111,654.321
1125,4.839,654.114,654.322
1126,4.838,654.116,654.324
1127,4.837,654.119,654.326
1128,4.836,654.121,654.327
1129,4.836,654.124,654.329
1130,4.835,654.126,654.330
1131,4.834,654.128,654.331
1132,4.833,654.130,654.333
1133,4.832,654.132,654.334
1134,4.832,654.134,654.336
1135,4.831,654.137,654.337
1136,4.830,654.139,654.339
1137,4.829,654.141,654.340
1138,4.828,654.143,654.341
1139,4.828,654.144,654.342
1140,4.827,654.146,654.343
1141,4.826,654.148,654.344
1142,4.825,654.150,654.346
1143,4.824,654.152,654.347
1144,4.824,654.154,654.348
1145,4.823,654.156,654.349
1146,4.822,654.158,654.351
1147,4.821,654.159,654.351
1148,4.820,654.161,654.353
1149,4.820,654.163,654.354
1150,4.819,654.164,654.355
1151,4.818,654.166,654.356
1152,4.817,654.168,654.357
1153,4.817,654.170,654.358
1154,4.816,654.171,654.359
1155,4.815,654.172,654.360
1156,4.814,654.174,654.361
1157,4.814,654.175,654.362
1158,4.813,654.177,654.363
1159,4.812,654.179,654.364
1160,4.811,654.180,654.365
1161,4.811,654.182,654.366
1162,4.810,654.183,654.367
1163,4.809,654.185,654.368
1164,4.808,654.185,654.368
1165,4.808,654.187,654.369
1166,4.807,654.188,654.370
1167,4.806,654.190,654.371
1168,4.805,654.191,654.372
1169,4.805,654.193,654.373
1170,4.804,654.194,654.374
1171,4.803,654.196,654.375
1172,4.802,654.197,654.376
1173,4.802,654.198,654.376
1174,4.801,654.199,654.377
1175,4.800,654.200,654.378
1176,4.799,654.202,654.378
1177,4.799,654.203,654.379
1178,4.798,654.204,654.380
1179,4.797,654.206,654.381
1180,4.797,654.207,654.382
1181,4.796,654.208,654.382
1182,4.795,654.209,654.383
1183,4.794,654.210,654.384
1184,4.794,654.212,654.385
1185,4.793,654.213,654.386
1186,4.792,654.214,654.386
1187,4.792,654.215,654.387
1188,4.791,654.216,654.388
1189,4.790,654.218,654.389
1190,4.790,654.219,654.389
1191,4.789,654.220,654.390
1192,4.788,654.221,654.390
1193,4.787,654.222,654.391
1194,4.787,654.223,654.392
1195,4.786,654.224,654.393
1196,4.785,654.225,654.393
1197,4.785,654.227,654.394
1198,4.784,654.228,654.395
1199,4.783,654.229,654.396
1200,4.783,654.229,654.396
1201,4.782,654.231,654.397
1202,4.781,654.232,654.398
1203,4.781,654.233,654.398
1204,4.780,654.234,654.399
1205,4.779,654.235,654.400
1206,4.779,654.236,654.400
1207,4.778,654.237,654.401
1208,4.777,654.238,654.402
1209,4.777,654.239,654.402
1210,4.776,654.240,654.403
1211,4.775,654.241,654.403
1212,4.775,654.242,654.404
1213,4.774,654.243,654.405
1214,4.773,654.244,654.405
1215,4.773,654.245,654.406
1216,4.772,654.246,654.407
1217,4.771,654.247,654.407
1218,4.771,654.248,654.408
1219,4.770,654.249,654.409
1220,4.769,654.250,654.409
1221,4.769,654.251,654.410
1222,4.768,654.252,654.410
1223,4.767,654.253,654.411
1224,4.767,654.254,654.412
1225,4.766,654.255,654.412
1226,4.765,654.256,654.413
1227,4.765,654.257,654.414
1228,4.764,654.258,654.414
1229,4.763,654.259,654.415
1230,4.763,654.259,654.415
1231,4.762,654.260,654.415
1232,4.762,654.261,654.416
1233,4.761,654.262,654.417
1234,4.760,654.263,654.417
1235,4.760,654.264,654.418
1236,4.759,654.265,654.419
1237,4.758,654.266,654.419
1238,4.758,654.267,654.420
1239,4.757,654.268,654.420
1240,4.757,654.269,654.421
1241,4.756,654.269,654.421
1242,4.755,654.270,654.422
1243,4.755,654.271,654.423
1244,4.754,654.272,654.423
1245,4.753,654.273,654.424
1246,4.753,654.274,654.424
1247,4.752,654.275,654.425
1248,4.752,654.275,654.425
1249,4.751,654.276,654.426
1250,4.750,654.277,654.427
1251,4.750,654.278,654.427
1252,4.749,654.279,654.427
1253,4.749,654.279,654.428
1254,4.748,654.280,654.428
1255,4.747,654.281,654.429
1256,4.747,654.282,654.429
1257,4.746,654.283,654.430
1258,4.746,654.284,654.430
1259,4.745,654.285,654.431
1260,4.744,654.285,654.432
1261,4.744,654.286,654.432
1262,4.743,654.287,654.433
1263,4.743,654.288,654.433
1264,4.742,654.288,654.434
1265,4.741,654.289,654.434
1266,4.741,654.290,654.435
1267,4.740,654.291,654.435
1268,4.740,654.292,654.436
1269,4.739,654.293,654.436
1270,4.738,654.293,654.437
1271,4.738,654.294,654.437
1272,4.737,654.295,654.438
1273,4.737,654.296,654.438
1274,4.736,654.297,654.439
1275,4.735,654.297,654.439
1276,4.735,654.298,654.439
1277,4.734,654.299,654.440
1278,4.734,654.299,654.440
1279,4.733,654.300,654.441
1280,4.733,654.301,654.441
1281,4.732,654.302,654.442
1282,4.731,654.302,654.442
1283,4.731,654.303,654.443
1284,4.730,654.304,654.443
1285,4.730,654.305,654.444
1286,4.729,654.306,654.444
1287,4.729,654.306,654.445
1288,4.728,654.307,654.445
1289,4.727,654.308,654.446
1290,4.727,654.308,654.446
1291,4.726,654.309,654.447
1292,4.726,654.310,654.447
1293,4.725,654.311,654.448
1294,4.725,654.311,654.448
1295,4.724,654.312,654.449
1296,4.724,654.313,654.449
1297,4.723,654.313,654.450
1298,4.722,654.314,654.450
1299,4.722,654.315,654.451
1300,4.721,654.316,654.451
1301,4.721,654.316,654.452
1302,4.720,654.317,654.452
1303,4.720,654.318,654.452
1304,4.719,654.318,654.453
1305,4.719,654.319,654.453
1306,4.718,654.320,654.453
1307,4.718,654.320,654.454
1308,4.717,654.321,654.454
1309,4.716,654.322,654.455
1310,4.716,654.323,654.455
1311,4.715,654.323,654.456
1312,4.715,654.324,654.456
1313,4.714,654.325,654.457
1314,4.714,654.325,654.457
1315,4.713,654.326,654.457
1316,4.713,654.326,654.458
1317,4.712,654.327,654.458
1318,4.712,654.328,654.459
1319,4.711,654.328,654.459
1320,4.711,654.329,654.460
1321,4.710,654.330,654.460
1322,4.710,654.330,654.461
1323,4.709,654.331,654.461
1324,4.708,654.332,654.461
1325,4.708,654.332,654.462
1326,4.707,654.333,654.462
1327,4.707,654.334,654.463
1328,4.706,654.334,654.463
1329,4.706,654.335,654.463
1330,4.705,654.335,654.464
1331,4.705,654.336,654.464
1332,4.704,654.337,654.464
1333,4.704,654.337,654.465
1334,4.703,654.338,654.465
1335,4.703,654.339,654.466
1336,4.702,654.339,654.466
1337,4.702,654.340,654.466
1338,4.701,654.341,654.467
1339,4.701,654.341,654.467
1340,4.700,654.342,654.468
1341,4.700,654.343,654.468
1342,4.699,654.343,654.468
1343,4.699,654.344,654.469
1344,4.698,654.344,654.469
1345,4.698,654.345,654.470
1346,4.697,654.345,654.470
1347,4.697,654.346,654.470
1348,4.696,654.347,654.471
1349,4.696,654.347,654.471
1350,4.695,654.348,654.472
1351,4.695,654.348,654.472
1352,4.694,654.349,654.472
1353,4.694,654.350,654.473
1354,4.693,654.350,654.473
1355,4.693,654.351,654.474
1356,4.692,654.351,654.474
1357,4.692,654.352,654.474
1358,4.691,654.353,654.475
1359,4.691,654.353,654.475
1360,4.690,654.354,654.475
1361,4.690,654.354,654.476
1362,4.689,654.355,654.476
1363,4.689,654.355,654.476
1364,4.688,654.356,654.477
1365,4.688,654.357,654.477
1366,4.687,654.357,654.477
1367,4.687,654.358,654.478
1368,4.686,654.358,654.478
1369,4.686,654.359,654.479
1370,4.685,654.359,654.479
1371,4.685,654.360,654.479
1372,4.684,654.361,654.480
1373,4.684,654.361,654.480
1374,4.683,654.362,654.480
1375,4.683,654.362,654.481
1376,4.682,654.363,654.481
1377,4.682,654.363,654.481
1378,4.681,654.364,654.482
1379,4.681,654.365,654.482
1380,4.681,654.365,654.482
1381,4.680,654.365,654.483
1382,4.680,654.366,654.483
1383,4.679,654.367,654.484
1384,4.679,654.367,654.484
1385,4.678,654.368,654.484
1386,4.678,654.368,654.485
1387,4.677,654.369,654.485
1388,4.677,654.369,654.485
1389,4.676,654.370,654.486
1390,4.676,654.370,654.486
1391,4.675,654.371,654.486
1392,4.675,654.371,654.487
1393,4.674,654.372,654.487
1394,4.674,654.372,654.487
1395,4.673,654.373,654.488
1396,4.673,654.374,654.488
1397,4.673,654.374,654.488
1398,4.672,654.375,654.489
1399,4.672,654.375,654.489
1400,4.671,654.375,654.489
1401,4.671,654.376,654.489
1402,4.670,654.376,654.490
1403,4.670,654.377,654.490
1404,4.669,654.377,654.490
1405,4.669,654.378,654.491
1406,4.668,654.379,654.491
1407,4.668,654.379,654.491
1408,4.668,654.380,654.492
1409,4.667,654.380,654.492
1410,4.667,654.381,654.492
1411,4.666,654.381,654.493
1412,4.666,654.382,654.493
1413,4.665,654.382,654.493
1414,4.665,654.383,654.494
1415,4.664,654.383,654.494
1416,4.664,654.384,654.494
1417,4.664,654.384,654.495
1418,4.663,654.385,654.495
1419,4.663,654.385,654.495
1420,4.662,654.386,654.496
1421,4.662,654.386,654.496
1422,4.661,654.387,654.496
1423,4.661,654.387,654.497
1424,4.660,654.387,654.497
1425,4.660,654.388,654.497
1426,4.660,654.388,654.497
1427,4.659,654.389,654.498
1428,4.659,654.389,654.498
1429,4.658,654.390,654.498
1430,4.658,654.390,654.499
1431,4.657,654.391,654.499
1432,4.657,654.391,654.499
1433,4.656,654.392,654.500
1434,4.656,654.392,654.500
1435,4.656,654.393,654.500
1436,4.655,654.393,654.501
1437,4.655,654.394,654.501
1438,4.654,654.394,654.501
1439,4.654,654.394,654.501
1440,4.653,654.395,654.502
1441,4.653,654.395,654.502
1442,4.653,654.396,654.502
1443,4.652,654.396,654.503
1444,4.652,654.397,654.503
1445,4.651,654.397,654.503
1446,4.651,654.398,654.504
1447,4.650,654.398,654.504
1448,4.650,654.398,654.504
1449,4.650,654.399,654.504
1450,4.649,654.399,654.504
1451,4.649,654.400,654.505
1452,4.648,654.400,654.505
1453,4.648,654.401,654.505
1454,4.648,654.401,654.506
1455,4.647,654.402,654.506
1456,4.647,654.402,654.506
1457,4.646,654.402,654.506
1458,4.646,654.403,654.507
1459,4.645,654.403,654.507
1460,4.645,654.404,654.507
1461,4.645,654.404,654.508
1462,4.644,654.405,654.508
1463,4.644,654.405,654.508
1464,4.643,654.405,654.508
1465,4.643,654.406,654.509
1466,4.643,654.406,654.509
1467,4.642,654.407,654.509
1468,4.642,654.407,654.509
1469,4.641,654.408,654.510
1470,4.641,654.408,654.510
1471,4.641,654.408,654.510
1472,4.640,654.409,654.511
1473,4.640,654.409,654.511
1474,4.639,654.410,654.511
1475,4.639,654.410,654.511
1476,4.638,654.411,654.512
1477,4.638,654.411,654.512
1478,4.638,654.411,654.512
1479,4.637,654.412,654.512
1480,4.637,654.412,654.513
1481,4.636,654.412,654.513
1482,4.636,654.413,654.513
1483,4.636,654.413,654.514
1484,4.635,654.414,654.514
1485,4.635,654.414,654.514
1486,4.634,654.415,654.514
1487,4.634,654.415,654.515
1488,4.634,654.415,654.515
1489,4.633,654.416,654.515
1490,4.633,654.416,654.515
1491,4.632,654.417,654.516
1492,4.632,654.417,654.516
1493,4.632,654.417,654.516
1494,4.631,654.418,654.516
1495,4.631,654.418,654.517
1496,4.631,654.419,654.517
1497,4.630,654.419,654.517
1498,4.630,654.419,654.517
1499,4.629,654.420,654.518
1500,4.629,654.420,654.518
1501,4.629,654.421,654.518
1502,4.628,654.421,654.518
1503,4.628,654.421,654.519
1504,4.627,654.422,654.519
1505,4.627,654.422,654.519
1506,4.627,654.422,654.519
1507,4.626,654.423,654.520
1508,4.626,654.423,654.520
1509,4.625,654.424,654.520
1510,4.625,654.424,654.520
1511,4.625,654.424,654.521
1512,4.624,654.425,654.521
1513,4.624,654.425,654.521
1514,4.624,654.426,654.521
1515,4.623,654.426,654.522
1516,4.623,654.426,654.522
1517,4.622,654.427,654.522
1518,4.622,654.427,654.522
1519,4.622,654.427,654.522
1520,4.621,654.428,654.523
1521,4.621,654.428,654.523
1522,4.621,654.428,654.523
1523,4.620,654.429,654.523
1524,4.620,654.429,654.524
1525,4.619,654.429,654.524
1526,4.619,654.430,654.524
1527,4.619,654.430,654.524
1528,4.618,654.431,654.524
1529,4.618,654.431,654.525
1530,4.618,654.431,654.525
1531,4.617,654.432,654.525
1532,4.617,654.432,654.525
1533,4.616,654.432,654.526
1534,4.616,654.433,654.526
1535,4.616,654.433,654.526
1536,4.615,654.433,654.526
1537,4.615,654.434,654.527
1538,4.615,654.434,654.527
1539,4.614,654.435,654.527
1540,4.614,654.435,654.527
1541,4.613,654.435,654.527
1542,4.613,654.436,654.528
1543,4.613,654.436,654.528
1544,4.612,654.436,654.528
1545,4.612,654.437,654.528
1546,4.612,654.437,654.529
1547,4.611,654.437,654.529
1548,4.611,654.438,654.529
1549,4.611,654.438,654.529
1550,4.610,654.438,654.530
1551,4.610,654.439,654.530
1552,4.609,654.439,654.530
1553,4.609,654.439,654.530
1554,4.609,654.440,654.530
1555,4.608,654.440,654.531
1556,4.608,654.440,654.531
1557,4.608,654.441,654.531
1558,4.607,654.441,654.531
1559,4.607,654.441,654.531
1560,4.607,654.442,654.532
1561,4.606,654.442,654.532
1562,4.606,654.442,654.532
1563,4.605,654.443,654.532
1564,4.605,654.443,654.533
1565,4.605,654.443,654.533
1566,4.604,654.444,654.533
1567,4.604,654.444,654.533
1568,4.604,654.444,654.533
1569,4.603,654.445,654.534
1570,4.603,654.445,654.534
1571,4.603,654.445,654.534
1572,4.602,654.446,654.534
1573,4.602,654.446,654.534
1574,4.602,654.446,654.535
1575,4.601,654.447,654.535
1576,4.601,654.447,654.535
1577,4.601,654.447,654.535
1578,4.600,654.448,654.536
1579,4.600,654.448,654.536
1580,4.600,654.448,654.536
1581,4.599,654.449,654.536
1582,4.599,654.449,654.536
1583,4.598,654.449,654.537
1584,4.598,654.450,654.537
1585,4.598,654.450,654.537
1586,4.597,654.450,654.537
1587,4.597,654.451,654.537
1588,4.597,654.451,654.538
1589,4.596,654.451,654.538
1590,4.596,654.452,654.538
1591,4.596,654.452,654.538
1592,4.595,654.452,654.538
1593,4.595,654.452,654.539
1594,4.595,654.453,654.539
1595,4.594,654.453,654.539
1596,4.594,654.453,654.539
1597,4.594,654.454,654.539
1598,4.593,654.454,654.540
1599,4.593,654.454,654.540
1600,4.593,654.454,654.540
1601,4.592,654.455,654.540
1602,4.592,654.455,654.540
1603,4.592,654.455,654.541
1604,4.591,654.456,654.541
1605,4.591,654.456,654.541
1606,4.591,654.456,654.541
1607,4.590,654.457,654.541
1608,4.590,654.457,654.542
1609,4.590,654.457,654.542
1610,4.589,654.457,654.542
1611,4.589,654.458,654.542
1612,4.589,654.458,654.542
1613,4.588,654.458,654.542
1614,4.588,654.459,654.543
1615,4.588,654.459,654.543
1616,4.587,654.459,654.543
1617,4.587,654.460,654.543
1618,4.587,654.460,654.543
1619,4.586,654.460,654.544
1620,4.586,654.460,654.544
1621,4.586,654.461,654.544
1622,4.585,654.461,654.544
1623,4.585,654.461,654.544
1624,4.585,654.462,654.545
1625,4.584,654.462,654.545
1626,4.584,654.462,654.545
1627,4.584,654.462,654.545
1628,4.583,654.463,654.545
1629,4.583,654.463,654.545
1630,4.583,654.463,654.546
1631,4.582,654.464,654.546
1632,4.582,654.464,654.546
1633,4.582,654.464,654.546
1634,4.581,654.464,654.546
1635,4.581,654.465,654.547
1636,4.581,654.465,654.547
1637,4.580,654.465,654.547
1638,4.580,654.466,654.547
1639,4.580,654.466,654.547
1640,4.579,654.466,654.547
1641,4.579,654.466,654.548
1642,4.579,654.467,654.548
1643,4.579,654.467,654.548
1644,4.578,654.467,654.548
1645,4.578,654.467,654.548
1646,4.578,654.468,654.549
1647,4.577,654.468,654.549
1648,4.577,654.468,654.549
1649,4.577,654.469,654.549
1650,4.576,654.469,654.549
1651,4.576,654.469,654.549
1652,4.576,654.469,654.550
1653,4.575,654.470,654.550
1654,4.575,654.470,654.550
1655,4.575,654.470,654.550
1656,4.574,654.471,654.550
1657,4.574,654.471,654.550
1658,4.574,654.471,654.551
1659,4.573,654.471,654.551
1660,4.573,654.472,654.551
1661,4.573,654.472,654.551
1662,4.573,654.472,654.551
1663,4.572,654.472,654.551
1664,4.572,654.473,654.552
1665,4.572,654.473,654.552
1666,4.571,654.473,654.552
1667,4.571,654.473,654.552
1668,4.571,654.474,654.552
1669,4.570,654.474,654.552
1670,4.570,654.474,654.553
1671,4.570,654.475,654.553
1672,4.569,654.475,654.553
1673,4.569,654.475,654.553
1674,4.569,654.475,654.553
1675,4.569,654.476,654.553
1676,4.568,654.476,654.554
1677,4.568,654.476,654.554
1678,4.568,654.476,654.554
1679,4.567,654.477,654.554
1680,4.567,654.477,654.554
1681,4.567,654.477,654.554
1682,4.566,654.477,654.555
1683,4.566,654.478,654.555
1684,4.566,654.478,654.555
1685,4.565,654.478,654.555
1686,4.565,654.478,654.555
1687,4.565,654.479,654.555
1688,4.565,654.479,654.556
1689,4.564,654.479,654.556
1690,4.564,654.479,654.556
1691,4.564,654.480,654.556
1692,4.563,654.480,654.556
1693,4.563,654.480,654.556
1694,4.563,654.480,654.557
1695,4.562,654.481,654.557
1696,4.562,654.481,654.557
1697,4.562,654.481,654.557
1698,4.562,654.481,654.557
1699,4.561,654.482,654.557
1700,4.561,654.482,654.557
1701,4.561,654.482,654.558
1702,4.560,654.482,654.558
1703,4.560,654.482,654.558
1704,4.560,654.483,654.558
1705,4.559,654.483,654.558
1706,4.559,654.483,654.558
1707,4.559,654.483,654.559
1708,4.559,654.484,654.559
1709,4.558,654.484,654.559
1710,4.558,654.484,654.559
1711,4.558,654.484,654.559
1712,4.557,654.485,654.559
1713,4.557,654.485,654.559
1714,4.557,654.485,654.560
1715,4.557,654.485,654.560
1716,4.556,654.486,654.560
1717,4.556,654.486,654.560
1718,4.556,654.486,654.560
1719,4.555,654.486,654.560
1720,4.555,654.487,654.561
1721,4.555,654.487,654.561
1722,4.554,654.487,654.561
1723,4.554,654.487,654.561
1724,4.554,654.487,654.561
1725,4.554,654.488,654.561
1726,4.553,654.488,654.561
1727,4.553,654.488,654.562
1728,4.553,654.488,654.562
1729,4.552,654.489,654.562
1730,4.552,654.489,654.562
1731,4.552,654.489,654.562
1732,4.552,654.489,654.562
1733,4.551,654.490,654.563
1734,4.551,654.490,654.563
1735,4.551,654.490,654.563
1736,4.550,654.490,654.563
1737,4.550,654.491,654.563
1738,4.550,654.491,654.563
1739,4.550,654.491,654.564
1740,4.549,654.491,654.564
1741,4.549,654.491,654.564
1742,4.549,654.492,654.564
1743,4.548,654.492,654.564
1744,4.548,654.492,654.564
1745,4.548,654.492,654.564
1746,4.548,654.493,654.565
1747,4.547,654.493,654.565
1748,4.547,654.493,654.565
1749,4.547,654.493,654.565
1750,4.547,654.493,654.565
1751,4.546,654.494,654.565
1752,4.546,654.494,654.565
1753,4.546,654.494,654.565
1754,4.545,654.494,654.566
1755,4.545,654.494,654.566
1756,4.545,654.495,654.566
1757,4.545,654.495,654.566
1758,4.544,654.495,654.566
1759,4.544,654.495,654.566
1760,4.544,654.496,654.566
1761,4.543,654.496,654.567
1762,4.543,654.496,654.567
1763,4.543,654.496,654.567
1764,4.543,654.496,654.567
1765,4.542,654.497,654.567
1766,4.542,654.497,654.567
1767,4.542,654.497,654.567
1768,4.542,654.497,654.568
1769,4.541,654.497,654.568
1770,4.541,654.498,654.568
1771,4.541,654.498,654.568
1772,4.540,654.498,654.568
1773,4.540,654.498,654.568
1774,4.540,654.498,654.568
1775,4.540,654.499,654.568
1776,4.539,654.499,654.569
1777,4.539,654.499,654.569
1778,4.539,654.499,654.569
1779,4.539,654.500,654.569
1780,4.538,654.500,654.569
1781,4.538,654.500,654.569
1782,4.538,654.500,654.569
1783,4.537,654.500,654.570
1784,4.537,654.501,654.570
1785,4.537,654.501,654.570
1786,4.537,654.501,654.570
1787,4.536,654.501,654.570
1788,4.536,654.501,654.570
1789,4.536,654.502,654.570
1790,4.536,654.502,654.570
1791,4.535,654.502,654.571
1792,4.535,654.502,654.571
1793,4.535,654.502,654.571
1794,4.534,654.503,654.571
1795,4.534,654.503,654.571
1796,4.534,654.503,654.571
1797,4.534,654.503,654.571
1798,4.533,654.503,654.571
1799,4.533,654.504,654.572
1800,4.533,654.504,654.572
1801,4.533,654.504,654.572
1802,4.532,654.504,654.572
1803,4.532,654.504,654.572
1804,4.532,654.505,654.572
1805,4.532,654.505,654.572
1806,4.531,654.505,654.572
1807,4.531,654.505,654.573
1808,4.531,654.505,654.573
1809,4.531,654.506,654.573
1810,4.530,654.506,654.573
1811,4.530,654.506,654.573
1812,4.530,654.506,654.573
1813,4.529,654.506,654.574
1814,4.529,654.507,654.574
1815,4.529,654.507,654.574
1816,4.529,654.507,654.574
1817,4.528,654.507,654.574
1818,4.528,654.507,654.574
1819,4.528,654.508,654.574
1820,4.528,654.508,654.574
1821,4.527,654.508,654.575
1822,4.527,654.508,654.575
1823,4.527,654.508,654.575
1824,4.527,654.509,654.575
1825,4.526,654.509,654.575
1826,4.526,654.509,654.575
1827,4.526,654.509,654.575
1828,4.526,654.509,654.575
1829,4.525,654.510,654.575
1830,4.525,654.510,654.576
1831,4.525,654.510,654.576
1832,4.525,654.510,654.576
1833,4.524,654.510,654.576
1834,4.524,654.510,654.576
1835,4.524,654.511,654.576
1836,4.524,654.511,654.576
1837,4.523,654.511,654.576
1838,4.523,654.511,654.577
1839,4.523,654.511,654.577
1840,4.523,654.512,654.577
1841,4.522,654.512,654.577
1842,4.522,654.512,654.577
1843,4.522,654.512,654.577
1844,4.522,654.512,654.577
1845,4.521,654.513,654.577
1846,4.521,654.513,654.577
1847,4.521,654.513,654.578
1848,4.521,654.513,654.578
1849,4.520,654.513,654.578
1850,4.520,654.513,654.578
1851,4.520,654.514,654.578
1852,4.520,654.514,654.578
1853,4.519,654.514,654.578
1854,4.519,654.514,654.578
1855,4.519,654.514,654.578
1856,4.519,654.514,654.579
1857,4.518,654.515,654.579
1858,4.518,654.515,654.579
1859,4.518,654.515,654.579
1860,4.518,654.515,654.579
1861,4.517,654.515,654.579
1862,4.517,654.516,654.579
1863,4.517,654.516,654.579
1864,4.517,654.516,654.580
1865,4.516,654.516,654.580
1866,4.516,654.516,654.580
1867,4.516,654.517,654.580
1868,4.516,654.517,654.580
1869,4.515,654.517,654.580
1870,4.515,654.517,654.580
1871,4.515,654.517,654.580
1872,4.515,654.517,654.581
1873,4.514,654.518,654.581
1874,4.514,654.518,654.581
1875,4.514,654.518,654.581
1876,4.514,654.518,654.581
1877,4.513,654.518,654.581
1878,4.513,654.518,654.581
1879,4.513,654.519,654.581
1880,4.513,654.519,654.581
1881,4.512,654.519,654.582
1882,4.512,654.519,654.582
1883,4.512,654.519,654.582
1884,4.512,654.519,654.582
1885,4.511,654.520,654.582
1886,4.511,654.520,654.582
1887,4.511,654.520,654.582
1888,4.511,654.520,654.582
1889,4.510,654.520,654.582
1890,4.510,654.520,654.582
1891,4.510,654.521,654.583
1892,4.510,654.521,654.583
1893,4.509,654.521,654.583
1894,4.509,654.521,654.583
1895,4.509,654.521,654.583
1896,4.509,654.521,654.583
1897,4.509,654.522,654.583
1898,4.508,654.522,654.583
1899,4.508,654.522,654.583
1900,4.508,654.522,654.584
1901,4.508,654.522,654.584
1902,4.507,654.522,654.584
1903,4.507,654.523,654.584
1904,4.507,654.523,654.584
1905,4.507,654.523,654.584
1906,4.506,654.523,654.584
1907,4.506,654.523,654.584
1908,4.506,654.523,654.584
1909,4.506,654.524,654.585
1910,4.505,654.524,654.585
1911,4.505,654.524,654.585
1912,4.505,654.524,654.585
1913,4.505,654.524,654.585
1914,4.505,654.524,654.585
1915,4.504,654.525,654.585
1916,4.504,654.525,654.585
1917,4.504,654.525,654.585
1918,4.504,654.525,654.586
1919,4.503,654.525,654.586
1920,4.503,654.525,654.586
1921,4.503,654.526,654.586
1922,4.503,654.526,654.586
1923,4.502,654.526,654.586
1924,4.502,654.526,654.586
1925,4.502,654.526,654.586
1926,4.502,654.526,654.586
1927,4.501,654.527,654.586
1928,4.501,654.527,654.587
1929,4.501,654.527,654.587
1930,4.501,654.527,654.587
1931,4.501,654.527,654.587
1932,4.500,654.527,654.587
1933,4.500,654.528,654.587
1934,4.500,654.528,654.587
1935,4.500,654.528,654.587
1936,4.499,654.528,654.587
1937,4.499,654.528,654.587
1938,4.499,654.528,654.588
1939,4.499,654.528,654.588
1940,4.498,654.529,654.588
1941,4.498,654.529,654.588
1942,4.498,654.529,654.588
1943,4.498,654.529,654.588
1944,4.498,654.529,654.588
1945,4.497,654.529,654.588
1946,4.497,654.529,654.588
1947,4.497,654.530,654.588
1948,4.497,654.530,654.589
1949,4.496,654.530,654.589
1950,4.496,654.530,654.589
1951,4.496,654.530,654.589
1952,4.496,654.530,654.589
1953,4.496,654.531,654.589
1954,4.495,654.531,654.589
1955,4.495,654.531,654.589
1956,4.495,654.531,654.589
1957,4.495,654.531,654.590
1958,4.494,654.531,654.590
1959,4.494,654.531,654.590
1960,4.494,654.532,654.590
1961,4.494,654.532,654.590
1962,4.494,654.532,654.590
1963,4.493,654.532,654.590
1964,4.493,654.532,654.590
1965,4.493,654.532,654.590
1966,4.493,654.533,654.590
1967,4.492,654.533,654.590
1968,4.492,654.533,654.591
1969,4.492,654.533,654.591
1970,4.492,654.533,654.591
1971,4.492,654.533,654.591
1972,4.491,654.533,654.591
1973,4.491,654.534,654.591
1974,4.491,654.534,654.591
1975,4.491,654.534,654.591
1976,4.490,654.534,654.591
1977,4.490,654.534,654.591
1978,4.490,654.534,654.591
1979,4.490,654.534,654.592
1980,4.490,654.535,654.592
1981,4.489,654.535,654.592
1982,4.489,654.535,654.592
1983,4.489,654.535,654.592
1984,4.489,654.535,654.592
1985,4.488,654.535,654.592
1986,4.488,654.535,654.592
1987,4.488,654.536,654.592
1988,4.488,654.536,654.592
1989,4.488,654.536,654.593
1990,4.487,654.536,654.593
1991,4.487,654.536,654.593
1992,4.487,654.536,654.593
1993,4.487,654.536,654.593
1994,4.486,654.537,654.593
1995,4.486,654.537,654.593
1996,4.486,654.537,654.593
1997,4.486,654.537,654.593
1998,4.486,654.537,654.593
1999,4.485,654.537,654.593
2000,4.485,654.537,654.594
2001,4.485,654.538,654.594
2002,4.485,654.538,654.594
2003,4.485,654.538,654.594
2004,4.484,654.538,654.594
2005,4.484,654.538,654.594
2006,4.484,654.538,654.594
2007,4.484,654.538,654.594
2008,4.483,654.539,654.594
2009,4.483,654.539,654.594
2010,4.483,654.539,654.594
2011,4.483,654.539,654.594
2012,4.483,654.539,654.595
2013,4.482,654.539,654.595
2014,4.482,654.539,654.595
2015,4.482,654.540,654.595
2016,4.482,654.540,654.595
2017,4.482,654.540,654.595
2018,4.481,654.540,654.595
2019,4.481,654.540,654.595
2020,4.481,654.540,654.595
2021,4.481,654.540,654.595
2022,4.480,654.541,654.596
2023,4.480,654.541,654.596
2024,4.480,654.541,654.596
2025,4.480,654.541,654.596
2026,4.480,654.541,654.596
2027,4.479,654.541,654.596
2028,4.479,654.541,654.596
2029,4.479,654.541,654.596
2030,4.479,654.542,654.596
2031,4.479,654.542,654.596
2032,4.478,654.542,654.596
2033,4.478,654.542,654.596
2034,4.478,654.542,654.597
2035,4.478,654.542,654.597
2036,4.478,654.542,654.597
2037,4.477,654.543,654.597
2038,4.477,654.543,654.597
2039,4.477,654.543,654.597
2040,4.477,654.543,654.597
2041,4.477,654.543,654.597
2042,4.476,654.543,654.597
2043,4.476,654.543,654.597
2044,4.476,654.543,654.597
2045,4.476,654.544,654.597
2046,4.475,654.544,654.598
2047,4.475,654.544,654.598
2048,4.475,654.544,654.598
2049,4.475,654.544,654.598
2050,4.475,654.544,654.598
2051,4.474,654.544,654.598
2052,4.474,654.545,654.598
2053,4.474,654.545,654.598
2054,4.474,654.545,654.598
2055,4.474,654.545,654.598
2056,4.473,654.545,654.598
2057,4.473,654.545,654.599
2058,4.473,654.545,654.599
2059,4.473,654.545,654.599
2060,4.473,654.546,654.599
2061,4.472,654.546,654.599
2062,4.472,654.546,654.599
2063,4.472,654.546,654.599
2064,4.472,654.546,654.599
2065,4.472,654.546,654.599
2066,4.471,654.546,654.599
2067,4.471,654.546,654.599
2068,4.471,654.547,654.599
2069,4.471,654.547,654.599
2070,4.471,654.547,654.600
2071,4.470,654.547,654.600
2072,4.470,654.547,654.600
2073,4.470,654.547,654.600
2074,4.470,654.547,654.600
2075,4.470,654.547,654.600
2076,4.469,654.548,654.600
2077,4.469,654.548,654.600
2078,4.469,654.548,654.600
2079,4.469,654.548,654.600
2080,4.469,654.548,654.600
2081,4.468,654.548,654.601
2082,4.468,654.548,654.601
2083,4.468,654.548,654.601
2084,4.468,654.549,654.601
2085,4.468,654.549,654.601
2086,4.467,654.549,654.601
2087,4.467,654.549,654.601
2088,4.467,654.549,654.601
2089,4.467,654.549,654.601
2090,4.467,654.549,654.601
2091,4.466,654.549,654.601
2092,4.466,654.550,654.601
2093,4.466,654.550,654.601
2094,4.466,654.550,654.601
2095,4.466,654.550,654.602
2096,4.465,654.550,654.602
2097,4.465,654.550,654.602
2098,4.465,654.550,654.602
2099,4.465,654.550,654.602
2100,4.465,654.550,654.602
2101,4.464,654.551,654.602
2102,4.464,654.551,654.602
2103,4.464,654.551,654.602
2104,4.464,654.551,654.602
2105,4.464,654.551,654.602
2106,4.463,654.551,654.602
2107,4.463,654.551,654.603
2108,4.463,654.551,654.603
2109,4.463,654.552,654.603
2110,4.463,654.552,654.603
2111,4.462,654.552,654.603
2112,4.462,654.552,654.603
2113,4.462,654.552,654.603
2114,4.462,654.552,654.603
2115,4.462,654.552,654.603
2116,4.461,654.552,654.603
2117,4.461,654.552,654.603
2118,4.461,654.553,654.603
2119,4.461,654.553,654.603
2120,4.461,654.553,654.603
2121,4.460,654.553,654.604
2122,4.460,654.553,654.604
2123,4.460,654.553,654.604
2124,4.460,654.553,654.604
2125,4.460,654.553,654.604
2126,4.460,654.554,654.604
2127,4.459,654.554,654.604
2128,4.459,654.554,654.604
2129,4.459,654.554,654.604
2130,4.459,654.554,654.604
2131,4.459,654.554,654.604
2132,4.458,654.554,654.604
2133,4.458,654.554,654.605
2134,4.458,654.555,654.605
2135,4.458,654.555,654.605
2136,4.458,654.555,654.605
2137,4.457,654.555,654.605
2138,4.457,654.555,654.605
2139,4.457,654.555,654.605
2140,4.457,654.555,654.605
2141,4.457,654.555,654.605
2142,4.456,654.555,654.605
2143,4.456,654.555,654.605
2144,4.456,654.556,654.605
2145,4.456,654.556,654.605
2146,4.456,654.556,654.605
2147,4.456,654.556,654.605
2148,4.455,654.556,654.606
2149,4.455,654.556,654.606
2150,4.455,654.556,654.606
2151,4.455,654.556,654.606
2152,4.455,654.557,654.606
2153,4.454,654.557,654.606
2154,4.454,654.557,654.606
2155,4.454,654.557,654.606
2156,4.454,654.557,654.606
2157,4.454,654.557,654.606
2158,4.453,654.557,654.606
2159,4.453,654.557,654.606
2160,4.453,654.557,654.606
2161,4.453,654.558,654.607
2162,4.453,654.558,654.607
2163,4.453,654.558,654.607
2164,4.452,654.558,654.607
2165,4.452,654.558,654.607
2166,4.452,654.558,654.607
2167,4.452,654.558,654.607
2168,4.452,654.558,654.607
2169,4.451,654.558,654.607
2170,4.451,654.559,654.607
2171,4.451,654.559,654.607
2172,4.451,654.559,654.607
2173,4.451,654.559,654.607
2174,4.450,654.559,654.607
2175,4.450,654.559,654.607
2176,4.450,654.559,654.608
2177,4.450,654.559,654.608
2178,4.450,654.559,654.608
2179,4.450,654.559,654.608
2180,4.449,654.560,654.608
2181,4.449,654.560,654.608
2182,4.449,654.560,654.608
2183,4.449,654.560,654.608
2184,4.449,654.560,654.608
2185,4.448,654.560,654.608
2186,4.448,654.560,654.608
2187,4.448,654.560,654.608
2188,4.448,654.560,654.608
2189,4.448,654.561,654.609
2190,4.448,654.561,654.609
2191,4.447,654.561,654.609
2192,4.447,654.561,654.609
2193,4.447,654.561,654.609
2194,4.447,654.561,654.609
2195,4.447,654.561,654.609
2196,4.446,654.561,654.609
2197,4.446,654.561,654.609
2198,4.446,654.561,654.609
2199,4.446,654.562,654.609
2200,4.446,654.562,654.609
2201,4.446,654.562,654.609
2202,4.445,654.562,654.609
2203,4.445,654.562,654.609
2204,4.445,654.562,654.609
2205,4.445,654.562,654.610
2206,4.445,654.562,654.610
2207,4.444,654.562,654.610
2208,4.444,654.563,654.610
2209,4.444,654.563,654.610
2210,4.444,654.563,654.610
2211,4.444,654.563,654.610
2212,4.444,654.563,654.610
2213,4.443,654.563,654.610
2214,4.443,654.563,654.610
2215,4.443,654.563,654.610
2216,4.443,654.563,654.610
2217,4.443,654.563,654.610
2218,4.442,654.564,654.610
2219,4.442,654.564,654.610
2220,4.442,654.564,654.611
2221,4.442,654.564,654.611
2222,4.442,654.564,654.611
2223,4.442,654.564,654.611
2224,4.441,654.564,654.611
2225,4.441,654.564,654.611
2226,4.441,654.564,654.611
2227,4.441,654.564,654.611
2228,4.441,654.565,654.611
2229,4.441,654.565,654.611
2230,4.440,654.565,654.611
2231,4.440,654.565,654.611
2232,4.440,654.565,654.611
2233,4.440,654.565,654.611
2234,4.440,654.565,654.612
2235,4.439,654.565,654.612
2236,4.439,654.565,654.612
2237,4.439,654.565,654.612
2238,4.439,654.566,654.612
2239,4.439,654.566,654.612
2240,4.439,654.566,654.612
2241,4.438,654.566,654.612
2242,4.438,654.566,654.612
2243,4.438,654.566,654.612
2244,4.438,654.566,654.612
2245,4.438,654.566,654.612
2246,4.438,654.566,654.612
2247,4.437,654.566,654.612
2248,4.437,654.567,654.612
2249,4.437,654.567,654.612
2250,4.437,654.567,654.613
2251,4.437,654.567,654.613
2252,4.437,654.567,654.613
2253,4.436,654.567,654.613
2254,4.436,654.567,654.613
2255,4.436,654.567,654.613
2256,4.436,654.567,654.613
2257,4.436,654.567,654.613
2258,4.435,654.567,654.613
2259,4.435,654.568,654.613
2260,4.435,654.568,654.613
2261,4.435,654.568,654.613
2262,4.435,654.568,654.613
2263,4.435,654.568,654.613
2264,4.434,654.568,654.613
2265,4.434,654.568,654.613
2266,4.434,654.568,654.613
2267,4.434,654.568,654.614
2268,4.434,654.568,654.614
2269,4.434,654.569,654.614
2270,4.433,654.569,654.614
2271,4.433,654.569,654.614
2272,4.433,654.569,654.614
2273,4.433,654.569,654.614
2274,4.433,654.569,654.614
2275,4.433,654.569,654.614
2276,4.432,654.569,654.614
2277,4.432,654.569,654.614
2278,4.432,654.569,654.614
2279,4.432,654.569,654.614
2280,4.432,654.570,654.614
2281,4.432,654.570,654.614
2282,4.431,654.570,654.614
2283,4.431,654.570,654.615
2284,4.431,654.570,654.615
2285,4.431,654.570,654.615
2286,4.431,654.570,654.615
2287,4.431,654.570,654.615
2288,4.430,654.570,654.615
2289,4.430,654.570,654.615
2290,4.430,654.571,654.615
2291,4.430,654.571,654.615
2292,4.430,654.571,654.615
2293,4.430,654.571,654.615
2294,4.429,654.571,654.615
2295,4.429,654.571,654.615
2296,4.429,654.571,654.615
2297,4.429,654.571,654.615
2298,4.429,654.571,654.615
2299,4.429,654.571,654.616
2300,4.428,654.571,654.616
2301,4.428,654.572,654.616
2302,4.428,654.572,654.616
2303,4.428,654.572,654.616
2304,4.428,654.572,654.616
2305,4.428,654.572,654.616
2306,4.427,654.572,654.616
2307,4.427,654.572,654.616
2308,4.427,654.572,654.616
2309,4.427,654.572,654.616
2310,4.427,654.572,654.616
2311,4.427,654.572,654.616
2312,4.426,654.572,654.616
2313,4.426,654.573,654.616
2314,4.426,654.573,654.616
2315,4.426,654.573,654.616
2316,4.426,654.573,654.617
2317,4.426,654.573,654.617
2318,4.425,654.573,654.617
2319,4.425,654.573,654.617
2320,4.425,654.573,654.617
2321,4.425,654.573,654.617
2322,4.425,654.573,654.617
2323,4.425,654.574,654.617
2324,4.424,654.574,654.617
2325,4.424,654.574,654.617
2326,4.424,654.574,654.617
2327,4.424,654.574,654.617
2328,4.424,654.574,654.617
2329,4.424,654.574,654.617
2330,4.423,654.574,654.617
2331,4.423,654.574,654.617
2332,4.423,654.574,654.617
2333,4.423,654.574,654.617
2334,4.423,654.574,654.618
2335,4.423,654.575,654.618
2336,4.422,654.575,654.618
2337,4.422,654.575,654.618
2338,4.422,654.575,654.618
2339,4.422,654.575,654.618
2340,4.422,654.575,654.618
2341,4.422,654.575,654.618
2342,4.421,654.575,654.618
2343,4.421,654.575,654.618
2344,4.421,654.575,654.618
2345,4.421,654.575,654.618
2346,4.421,654.575,654.618
2347,4.421,654.576,654.618
2348,4.421,654.576,654.618
2349,4.420,654.576,654.618
2350,4.420,654.576,654.618
2351,4.420,654.576,654.618
2352,4.420,654.576,654.619
2353,4.420,654.576,654.619
2354,4.420,654.576,654.619
2355,4.419,654.576,654.619
2356,4.419,654.576,654.619
2357,4.419,654.576,654.619
2358,4.419,654.576,654.619
2359,4.419,654.577,654.619
2360,4.419,654.577,654.619
2361,4.418,654.577,654.619
2362,4.418,654.577,654.619
2363,4.418,654.577,654.619
2364,4.418,654.577,654.619
2365,4.418,654.577,654.619
2366,4.418,654.577,654.619
2367,4.417,654.577,654.619
2368,4.417,654.577,654.619
2369,4.417,654.577,654.619
2370,4.417,654.577,654.619
2371,4.417,654.578,654.620
2372,4.417,654.578,654.620
2373,4.417,654.578,654.620
2374,4.416,654.578,654.620
2375,4.416,654.578,654.620
2376,4.416,654.578,654.620
2377,4.416,654.578,654.620
2378,4.416,654.578,654.620
2379,4.416,654.578,654.620
2380,4.415,654.578,654.620
2381,4.415,654.578,654.620
2382,4.415,654.579,654.620
2383,4.415,654.579,654.620
2384,4.415,654.579,654.620
2385,4.415,654.579,654.620
2386,4.414,654.579,654.620
2387,4.414,654.579,654.620
2388,4.414,654.579,654.620
2389,4.414,654.579,654.620
2390,4.414,654.579,654.621
2391,4.414,654.579,654.621
2392,4.414,654.579,654.621
2393,4.413,654.579,654.621
2394,4.413,654.579,654.621
2395,4.413,654.580,654.621
2396,4.413,654.580,654.621
2397,4.413,654.580,654.621
2398,4.413,654.580,654.621
2399,4.412,654.580,654.621
2400,4.412,654.580,654.621
2401,4.412,654.580,654.621
2402,4.412,654.580,654.621
2403,4.412,654.580,654.621
2404,4.412,654.580,654.621
2405,4.412,654.580,654.621
2406,4.411,654.580,654.621
2407,4.411,654.580,654.621
2408,4.411,654.581,654.621
2409,4.411,654.581,654.622
2410,4.411,654.581,654.622
2411,4.411,654.581,654.622
2412,4.410,654.581,654.622
2413,4.410,654.581,654.622
2414,4.410,654.581,654.622
2415,4.410,654.581,654.622
2416,4.410,654.581,654.622
2417,4.410,654.581,654.622
2418,4.410,654.581,654.622
2419,4.409,654.581,654.622
2420,4.409,654.582,654.622
2421,4.409,654.582,654.622
2422,4.409,654.582,654.622
2423,4.409,654.582,654.622
2424,4.409,654.582,654.622
2425,4.408,654.582,654.622
2426,4.408,654.582,654.622
2427,4.408,654.582,654.623
2428,4.408,654.582,654.623
2429,4.408,654.582,654.623
2430,4.408,654.582,654.623
2431,4.408,654.582,654.623
2432,4.407,654.582,654.623
2433,4.407,654.583,654.623
2434,4.407,654.583,654.623
2435,4.407,654.583,654.623
2436,4.407,654.583,654.623
2437,4.407,654.583,654.623
2438,4.407,654.583,654.623
2439,4.406,654.583,654.623
2440,4.406,654.583,654.623
2441,4.406,654.583,654.623
2442,4.406,654.583,654.623
2443,4.406,654.583,654.623
2444,4.406,654.583,654.623
2445,4.405,654.583,654.623
2446,4.405,654.584,654.623
2447,4.405,654.584,654.623
2448,4.405,654.584,654.624
2449,4.405,654.584,654.624
2450,4.405,654.584,654.624
2451,4.405,654.584,654.624
2452,4.404,654.584,654.624
2453,4.404,654.584,654.624
2454,4.404,654.584,654.624
2455,4.404,654.584,654.624
2456,4.404,654.584,654.624
2457,4.404,654.584,654.624
2458,4.404,654.584,654.624
2459,4.403,654.584,654.624
2460,4.403,654.585,654.624
2461,4.403,654.585,654.624
2462,4.403,654.585,654.624
2463,4.403,654.585,654.624
2464,4.403,654.585,654.624
2465,4.402,654.585,654.624
2466,4.402,654.585,654.624
2467,4.402,654.585,654.624
2468,4.402,654.585,654.625
2469,4.402,654.585,654.625
2470,4.402,654.585,654.625
2471,4.402,654.585,654.625
2472,4.401,654.585,654.625
2473,4.401,654.586,654.625
2474,4.401,654.586,654.625
2475,4.401,654.586,654.625
2476,4.401,654.586,654.625
2477,4.401,654.586,654.625
2478,4.401,654.586,654.625
2479,4.400,654.586,654.625
2480,4.400,654.586,654.625
2481,4.400,654.586,654.625
2482,4.400,654.586,654.625
2483,4.400,654.586,654.625
2484,4.400,654.586,654.625
2485,4.400,654.586,654.625
2486,4.399,654.586,654.625
2487,4.399,654.587,654.625
2488,4.399,654.587,654.625
2489,4.399,654.587,654.625
2490,4.399,654.587,654.625
2491,4.399,654.587,654.626
2492,4.399,654.587,654.626
2493,4.398,654.587,654.626
2494,4.398,654.587,654.626
2495,4.398,654.587,654.626
2496,4.398,654.587,654.626
2497,4.398,654.587,654.626
2498,4.398,654.587,654.626
2499,4.398,654.587,654.626
2500,4.397,654.587,654.626
2501,4.397,654.588,654.626
2502,4.397,654.588,654.626
2503,4.397,654.588,654.626
2504,4.397,654.588,654.626
2505,4.397,654.588,654.626
2506,4.397,654.588,654.626
2507,4.396,654.588,654.626
2508,4.396,654.588,654.626
2509,4.396,654.588,654.626
2510,4.396,654.588,654.626
2511,4.396,654.588,654.626
2512,4.396,654.588,654.626
2513,4.396,654.588,654.627
2514,4.395,654.588,654.627
2515,4.395,654.589,654.627
2516,4.395,654.589,654.627
2517,4.395,654.589,654.627
2518,4.395,654.589,654.627
2519,4.395,654.589,654.627
2520,4.395,654.589,654.627
2521,4.394,654.589,654.627
2522,4.394,654.589,654.627
2523,4.394,654.589,654.627
2524,4.394,654.589,654.627
2525,4.394,654.589,654.627
2526,4.394,654.589,654.627
2527,4.394,654.589,654.627
2528,4.393,654.589,654.627
2529,4.393,654.589,654.627
2530,4.393,654.590,654.627
2531,4.393,654.590,654.627
2532,4.393,654.590,654.627
2533,4.393,654.590,654.627
2534,4.393,654.590,654.628
2535,4.392,654.590,654.628
2536,4.392,654.590,654.628
2537,4.392,654.590,654.628
2538,4.392,654.590,654.628
2539,4.392,654.590,654.628
2540,4.392,654.590,654.628
2541,4.392,654.590,654.628
2542,4.391,654.590,654.628
2543,4.391,654.590,654.628
2544,4.391,654.591,654.628
2545,4.391,654.591,654.628
2546,4.391,654.591,654.628
2547,4.391,654.591,654.628
2548,4.391,654.591,654.628
2549,4.390,654.591,654.628
2550,4.390,654.591,654.628
2551,4.390,654.591,654.628
2552,4.390,654.591,654.628
2553,4.390,654.591,654.628
2554,4.390,654.591,654.628
2555,4.390,654.591,654.628
2556,4.389,654.591,654.628
2557,4.389,654.591,654.628
2558,4.389,654.591,654.629
2559,4.389,654.592,654.629
2560,4.389,654.592,654.629
2561,4.389,654.592,654.629
2562,4.389,654.592,654.629
2563,4.388,654.592,654.629
2564,4.388,654.592,654.629
2565,4.388,654.592,654.629
2566,4.388,654.592,654.629
2567,4.388,654.592,654.629
2568,4.388,654.592,654.629
2569,4.388,654.592,654.629
2570,4.388,654.592,654.629
2571,4.387,654.592,654.629
2572,4.387,654.592,654.629
2573,4.387,654.592,654.629
2574,4.387,654.592,654.629
2575,4.387,654.593,654.629
2576,4.387,654.593,654.629
2577,4.387,654.593,654.629
2578,4.386,654.593,654.629
2579,4.386,654.593,654.629
2580,4.386,654.593,654.630
2581,4.386,654.593,654.630
2582,4.386,654.593,654.630
2583,4.386,654.593,654.630
2584,4.386,654.593,654.630
2585,4.385,654.593,654.630
2586,4.385,654.593,654.630
2587,4.385,654.593,654.630
2588,4.385,654.593,654.630
2589,4.385,654.593,654.630
2590,4.385,654.594,654.630
2591,4.385,654.594,654.630
2592,4.385,654.594,654.630
2593,4.384,654.594,654.630
2594,4.384,654.594,654.630
2595,4.384,654.594,654.630
2596,4.384,654.594,654.630
2597,4.384,654.594,654.630
2598,4.384,654.594,654.630
2599,4.384,654.594,654.630
2600,4.383,654.594,654.630
2601,4.383,654.594,654.630
2602,4.383,654.594,654.630
2603,4.383,654.594,654.630
2604,4.383,654.594,654.630
2605,4.383,654.594,654.631
2606,4.383,654.595,654.631
2607,4.382,654.595,654.631
2608,4.382,654.595,654.631
2609,4.382,654.595,654.631
2610,4.382,654.595,654.631
2611,4.382,654.595,654.631
2612,4.382,654.595,654.631
2613,4.382,654.595,654.631
2614,4.382,654.595,654.631
2615,4.381,654.595,654.631
2616,4.381,654.595,654.631
2617,4.381,654.595,654.631
2618,4.381,654.595,654.631
2619,4.381,654.595,654.631
2620,4.381,654.595,654.631
2621,4.381,654.595,654.631
2622,4.380,654.596,654.631
2623,4.380,654.596,654.631
2624,4.380,654.596,654.631
2625,4.380,654.596,654.631
2626,4.380,654.596,654.631
2627,4.380,654.596,654.631
2628,4.380,654.596,654.631
2629,4.380,654.596,654.632
2630,4.379,654.596,654.632
2631,4.379,654.596,654.632
2632,4.379,654.596,654.632
2633,4.379,654.596,654.632
2634,4.379,654.596,654.632
2635,4.379,654.596,654.632
2636,4.379,654.596,654.632
2637,4.379,654.596,654.632
2638,4.378,654.597,654.632
2639,4.378,654.597,654.632
2640,4.378,654.597,654.632
2641,4.378,654.597,654.632
2642,4.378,654.597,654.632
2643,4.378,654.597,654.632
2644,4.378,654.597,654.632
2645,4.377,654.597,654.632
2646,4.377,654.597,654.632
2647,4.377,654.597,654.632
2648,4.377,654.597,654.632
2649,4.377,654.597,654.632
2650,4.377,654.597,654.632
2651,4.377,654.597,654.632
2652,4.377,654.597,654.632
2653,4.376,654.597,654.632
2654,4.376,654.597,654.632
2655,4.376,654.598,654.632
2656,4.376,654.598,654.633
2657,4.376,654.598,654.633
2658,4.376,654.598,654.633
2659,4.376,654.598,654.633
2660,4.376,654.598,654.633
2661,4.375,654.598,654.633
2662,4.375,654.598,654.633
2663,4.375,654.598,654.633
2664,4.375,654.598,654.633
2665,4.375,654.598,654.633
2666,4.375,654.598,654.633
2667,4.375,654.598,654.633
2668,4.374,654.598,654.633
2669,4.374,654.598,654.633
2670,4.374,654.598,654.633
2671,4.374,654.598,654.633
2672,4.374,654.599,654.633
2673,4.374,654.599,654.633
2674,4.374,654.599,654.633
2675,4.374,654.599,654.633
2676,4.373,654.599,654.633
2677,4.373,654.599,654.633
2678,4.373,654.599,654.633
2679,4.373,654.599,654.633
2680,4.373,654.599,654.633
2681,4.373,654.599,654.633
2682,4.373,654.599,654.634
2683,4.373,654.599,654.634
2684,4.372,654.599,654.634
2685,4.372,654.599,654.634
2686,4.372,654.599,654.634
2687,4.372,654.599,654.634
2688,4.372,654.599,654.634
2689,4.372,654.600,654.634
2690,4.372,654.600,654.634
2691,4.372,654.600,654.634
2692,4.371,654.600,654.634
2693,4.371,654.600,654.634
2694,4.371,654.600,654.634
2695,4.371,654.600,654.634
2696,4.371,654.600,654.634
2697,4.371,654.600,654.634
2698,4.371,654.600,654.634
2699,4.371,654.600,654.634
2700,4.370,654.600,654.634
2701,4.370,654.600,654.634
2702,4.370,654.600,654.634
2703,4.370,654.600,654.634
2704,4.370,654.600,654.634
2705,4.370,654.600,654.634
2706,4.370,654.600,654.634
2707,4.369,654.601,654.634
2708,4.369,654.601,654.635
2709,4.369,654.601,654.635
2710,4.369,654.601,654.635
2711,4.369,654.601,654.635
2712,4.369,654.601,654.635
2713,4.369,654.601,654.635
2714,4.369,654.601,654.635
2715,4.368,654.601,654.635
2716,4.368,654.601,654.635
2717,4.368,654.601,654.635
2718,4.368,654.601,654.635
2719,4.368,654.601,654.635
2720,4.368,654.601,654.635
2721,4.368,654.601,654.635
2722,4.368,654.601,654.635
2723,4.367,654.601,654.635
2724,4.367,654.601,654.635
2725,4.367,654.602,654.635
2726,4.367,654.602,654.635
2727,4.367,654.602,654.635
2728,4.367,654.602,654.635
2729,4.367,654.602,654.635
2730,4.367,654.602,654.635
2731,4.366,654.602,654.635
2732,4.366,654.602,654.635
2733,4.366,654.602,654.635
2734,4.366,654.602,654.635
2735,4.366,654.602,654.636
2736,4.366,654.602,654.636
2737,4.366,654.602,654.636
2738,4.366,654.602,654.636
2739,4.366,654.602,654.636
2740,4.365,654.602,654.636
2741,4.365,654.602,654.636
2742,4.365,654.602,654.636
2743,4.365,654.603,654.636
2744,4.365,654.603,654.636
2745,4.365,654.603,654.636
2746,4.365,654.603,654.636
2747,4.365,654.603,654.636
2748,4.364,654.603,654.636
2749,4.364,654.603,654.636
2750,4.364,654.603,654.636
2751,4.364,654.603,654.636
2752,4.364,654.603,654.636
2753,4.364,654.603,654.636
2754,4.364,654.603,654.636
2755,4.364,654.603,654.636
2756,4.363,654.603,654.636
2757,4.363,654.603,654.636
2758,4.363,654.603,654.636
2759,4.363,654.603,654.636
2760,4.363,654.603,654.636
2761,4.363,654.603,654.636
2762,4.363,654.604,654.636
2763,4.363,654.604,654.636
2764,4.362,654.604,654.637
2765,4.362,654.604,654.637
2766,4.362,654.604,654.637
2767,4.362,654.604,654.637
2768,4.362,654.604,654.637
2769,4.362,654.604,654.637
2770,4.362,654.604,654.637
2771,4.362,654.604,654.637
2772,4.361,654.604,654.637
2773,4.361,654.604,654.637
2774,4.361,654.604,654.637
2775,4.361,654.604,654.637
2776,4.361,654.604,654.637
2777,4.361,654.604,654.637
2778,4.361,654.604,654.637
2779,4.361,654.604,654.637
2780,4.361,654.604,654.637
2781,4.360,654.605,654.637
2782,4.360,654.605,654.637
2783,4.360,654.605,654.637
2784,4.360,654.605,654.637
2785,4.360,654.605,654.637
2786,4.360,654.605,654.637
2787,4.360,654.605,654.637
2788,4.360,654.605,654.637
2789,4.359,654.605,654.637
2790,4.359,654.605,654.637
2791,4.359,654.605,654.637
2792,4.359,654.605,654.637
2793,4.359,654.605,654.637
2794,4.359,654.605,654.637
2795,4.359,654.605,654.638
2796,4.359,654.605,654.638
2797,4.358,654.605,654.638
2798,4.358,654.605,654.638
2799,4.358,654.605,654.638
2800,4.358,654.605,654.638
2801,4.358,654.606,654.638
2802,4.358,654.606,654.638
2803,4.358,654.606,654.638
2804,4.358,654.606,654.638
2805,4.358,654.606,654.638
2806,4.357,654.606,654.638
2807,4.357,654.606,654.638
2808,4.357,654.606,654.638
2809,4.357,654.606,654.638
2810,4.357,654.606,654.638
2811,4.357,654.606,654.638
2812,4.357,654.606,654.638
2813,4.357,654.606,654.638
2814,4.356,654.606,654.638
2815,4.356,654.606,654.638
2816,4.356,654.606,654.638
2817,4.356,654.606,654.638
2818,4.356,654.606,654.638
2819,4.356,654.606,654.638
2820,4.356,654.607,654.638
2821,4.356,654.607,654.638
2822,4.356,654.607,654.638
2823,4.355,654.607,654.638
2824,4.355,654.607,654.638
2825,4.355,654.607,654.639
2826,4.355,654.607,654.639
2827,4.355,654.607,654.639
2828,4.355,654.607,654.639
2829,4.355,654.607,654.639
2830,4.355,654.607,654.639
2831,4.354,654.607,654.639
2832,4.354,654.607,654.639
2833,4.354,654.607,654.639
2834,4.354,654.607,654.639
2835,4.354,654.607,654.639
2836,4.354,654.607,654.639
2837,4.354,654.607,654.639
2838,4.354,654.607,654.639
2839,4.354,654.607,654.639
2840,4.353,654.607,654.639
2841,4.353,654.608,654.639
2842,4.353,654.608,654.639
2843,4.353,654.608,654.639
2844,4.353,654.608,654.639
2845,4.353,654.608,654.639
2846,4.353,654.608,654.639
2847,4.353,654.608,654.639
2848,4.352,654.608,654.639
2849,4.352,654.608,654.639
2850,4.352,654.608,654.639
2851,4.352,654.608,654.639
2852,4.352,654.608,654.639
2853,4.352,654.608,654.639
2854,4.352,654.608,654.639
2855,4.352,654.608,654.640
2856,4.352,654.608,654.640
2857,4.351,654.608,654.640
2858,4.351,654.608,654.640
2859,4.351,654.608,654.640
2860,4.351,654.608,654.640
2861,4.351,654.609,654.640
2862,4.351,654.609,654.640
2863,4.351,654.609,654.640
2864,4.351,654.609,654.640
2865,4.351,654.609,654.640
2866,4.350,654.609,654.640
2867,4.350,654.609,654.640
2868,4.350,654.609,654.640
2869,4.350,654.609,654.640
2870,4.350,654.609,654.640
2871,4.350,654.609,654.640
2872,4.350,654.609,654.640
2873,4.350,654.609,654.640
2874,4.349,654.609,654.640
2875,4.349,654.609,654.640
2876,4.349,654.609,654.640
2877,4.349,654.609,654.640
2878,4.349,654.609,654.640
2879,4.349,654.609,654.640
2880,4.349,654.609,654.640
2881,4.349,654.609,654.640
2882,4.349,654.610,654.640
2883,4.348,654.610,654.640
2884,4.348,654.610,654.640
2885,4.348,654.610,654.640
2886,4.348,654.610,654.640
2887,4.348,654.610,654.640
2888,4.348,654.610,654.640
2889,4.348,654.610,654.641
2890,4.348,654.610,654.641
2891,4.348,654.610,654.641
2892,4.347,654.610,654.641
2893,4.347,654.610,654.641
2894,4.347,654.610,654.641
2895,4.347,654.610,654.641
2896,4.347,654.610,654.641
2897,4.347,654.610,654.641
2898,4.347,654.610,654.641
2899,4.347,654.610,654.641
2900,4.347,654.610,654.641
2901,4.346,654.610,654.641
2902,4.346,654.610,654.641
2903,4.346,654.610,654.641
2904,4.346,654.611,654.641
2905,4.346,654.611,654.641
2906,4.346,654.611,654.641
2907,4.346,654.611,654.641
2908,4.346,654.611,654.641
2909,4.346,654.611,654.641
2910,4.345,654.611,654.641
2911,4.345,654.611,654.641
2912,4.345,654.611,654.641
2913,4.345,654.611,654.641
2914,4.345,654.611,654.641
2915,4.345,654.611,654.641
2916,4.345,654.611,654.641
2917,4.345,654.611,654.641
2918,4.345,654.611,654.641
2919,4.344,654.611,654.641
2920,4.344,654.611,654.641
2921,4.344,654.611,654.642
2922,4.344,654.611,654.642
2923,4.344,654.611,654.642
2924,4.344,654.611,654.642
2925,4.344,654.611,654.642
2926,4.344,654.612,654.642
2927,4.344,654.612,654.642
2928,4.343,654.612,654.642
2929,4.343,654.612,654.642
2930,4.343,654.612,654.642
2931,4.343,654.612,654.642
2932,4.343,654.612,654.642
2933,4.343,654.612,654.642
2934,4.343,654.612,654.642
2935,4.343,654.612,654.642
2936,4.343,654.612,654.642
2937,4.342,654.612,654.642
2938,4.342,654.612,654.642
2939,4.342,654.612,654.642
2940,4.342,654.612,654.642
2941,4.342,654.612,654.642
2942,4.342,654.612,654.642
2943,4.342,654.612,654.642
2944,4.342,654.612,654.642
2945,4.342,654.612,654.642
2946,4.341,654.612,654.642
2947,4.341,654.612,654.642
2948,4.341,654.613,654.642
2949,4.341,654.613,654.642
2950,4.341,654.613,654.642
2951,4.341,654.613,654.642
2952,4.341,654.613,654.642
2953,4.341,654.613,654.642
2954,4.341,654.613,654.642
2955,4.340,654.613,654.642
2956,4.340,654.613,654.642
2957,4.340,654.613,654.643
2958,4.340,654.613,654.643
2959,4.340,654.613,654.643
2960,4.340,654.613,654.643
2961,4.340,654.613,654.643
2962,4.340,654.613,654.643
2963,4.340,654.613,654.643
2964,4.339,654.613,654.643
2965,4.339,654.613,654.643
2966,4.339,654.613,654.643
2967,4.339,654.613,654.643
2968,4.339,654.613,654.643
2969,4.339,654.613,654.643
2970,4.339,654.613,654.643
2971,4.339,654.614,654.643
2972,4.339,654.614,654.643
2973,4.339,654.614,654.643
2974,4.338,654.614,654.643
2975,4.338,654.614,654.643
2976,4.338,654.614,654.643
2977,4.338,654.614,654.643
2978,4.338,654.614,654.643
2979,4.338,654.614,654.643
2980,4.338,654.614,654.643
2981,4.338,654.614,654.643
2982,4.338,654.614,654.643
2983,4.337,654.614,654.643
2984,4.337,654.614,654.643
2985,4.337,654.614,654.643
2986,4.337,654.614,654.643
2987,4.337,654.614,654.643
2988,4.337,654.614,654.643
2989,4.337,654.614,654.643
2990,4.337,654.614,654.643
2991,4.337,654.614,654.643
2992,4.336,654.614,654.644
2993,4.336,654.614,654.644
2994,4.336,654.615,654.644
2995,4.336,654.615,654.644
2996,4.336,654.615,654.644
2997,4.336,654.615,654.644
2998,4.336,654.615,654.644
2999,4.336,654.615,654.644
3000,4.336,654.615,654.644
3001,4.336,654.615,654.644
3002,4.336,654.615,654.644
3003,4.336,654.615,654.644
3004,4.336,654.615,654.644
3005,4.336,654.615,654.644
3006,4.336,654.615,654.644
3007,4.336,654.615,654.644
3008,4.336,654.615,654.644
3009,4.336,654.615,654.644
3010,4.336,654.615,654.644
3011,4.336,654.615,654.644
3012,4.336,654.615,654.644
3013,4.336,654.615,654.644
3014,4.336,654.615,654.644
3015,4.336,654.615,654.644
3016,4.336,654.615,654.644
3017,4.336,654.615,654.644
3018,4.336,654.615,654.644
3019,4.336,654.615,654.644
3020,4.336,654.615,654.644
3021,4.336,654.615,654.644
3022,4.336,654.615,654.644
3023,4.336,654.615,654.644
3024,4.336,654.615,654.644
3025,4.336,654.615,654.644
3026,4.336,654.615,654.644
3027,4.336,654.615,654.644
3028,4.336,654.615,654.644
3029,4.336,654.615,654.644
3030,4.336,654.615,654.644
3031,4.336,654.615,654.644
3032,4.336,654.615,654.644
3033,4.336,654.615,654.644
3034,4.336,654.615,654.644
3035,4.336,654.615,654.644
3036,4.336,654.615,654.644
3037,4.336,654.615,654.644
3038,4.336,654.615,654.644
3039,4.336,654.615,654.644
3040,4.336,654.615,654.644
3041,4.336,654.615,654.644
3042,4.336,654.615,654.644
3043,4.336,654.615,654.644
3044,4.336,654.615,654.644
3045,4.336,654.615,654.644
3046,4.336,654.615,654.644
3047,4.336,654.615,654.644
3048,4.336,654.615,654.644
3049,4.336,654.615,654.644
3050,4.336,654.615,654.644
3051,4.336,654.615,654.644
3052,4.336,654.615,654.644
3053,4.336,654.615,654.644
3054,4.336,654.615,654.644
3055,4.336,654.615,654.644
3056,4.336,654.615,654.644
3057,4.336,654.615,654.644
3058,4.336,654.615,654.644
3059,4.336,654.615,654.644
3060,4.336,654.615,654.644
3061,4.336,654.615,654.644
3062,4.336,654.615,654.644
3063,4.336,654.615,654.644
3064,4.336,654.615,654.644
3065,4.336,654.615,654.644
3066,4.336,654.615,654.644
3067,4.336,654.615,654.644
3068,4.336,654.615,654.644
3069,4.336,654.615,654.644
3070,4.336,654.615,654.644
3071,4.336,654.615,654.644
3072,4.336,654.615,654.644
3073,4.336,654.615,654.644
3074,4.336,654.615,654.644
3075,4.336,654.615,654.644
3076,4.336,654.615,654.644
3077,4.336,654.615,654.644
3078,4.336,654.615,654.644
3079,4.336,654.615,654.644
3080,4.336,654.615,654.644
3081,4.336,654.615,654.644
3082,4.336,654.615,654.644
3083,4.336,654.615,654.644
3084,4.336,654.615,654.644
3085,4.336,654.615,654.644
3086,4.336,654.615,654.644
3087,4.336,654.615,654.644
3088,4.336,654.615,654.644
3089,4.336,654.615,654.644
3090,4.336,654.615,654.644
3091,4.336,654.615,654.644
3092,4.336,654.615,654.644
3093,4.336,654.615,654.644
3094,4.336,654.615,654.644
3095,4.336,654.615,654.644
3096,4.336,654.615,654.644
3097,4.336,654.615,654.644
3098,4.336,654.615,654.644
3099,4.336,654.615,654.644
3100,4.336,654.615,654.644
3101,4.336,654.615,654.644
3102,4.336,654.615,654.644
3103,4.336,654.615,654.644
3104,4.336,654.615,654.644
3105,4.336,654.615,654.644
3106,4.336,654.615,654.644
3107,4.336,654.615,654.644
3108,4.336,654.615,654.644
3109,4.336,654.615,654.644
3110,4.336,654.615,654.644
3111,4.336,654.615,654.644
3112,4.336,654.615,654.644
3113,4.336,654.615,654.644
3114,4.336,654.615,654.644
3115,4.336,654.615,654.644
3116,4.336,654.615,654.644
3117,4.336,654.615,654.644
3118,4.336,654.615,654.644
3119,4.336,654.615,654.644
3120,4.336,654.615,654.644
3121,4.336,654.615,654.644
3122,4.336,654.615,654.644
3123,4.336,654.615,654.644
3124,4.336,654.615,654.644
3125,4.336,654.615,654.644
3126,4.336,654.615,654.644
3127,4.336,654.615,654.644
3128,4.336,654.615,654.644
3129,4.336,654.615,654.644
3130,4.336,654.615,654.644
3131,4.336,654.615,654.644
3132,4.336,654.615,654.644
3133,4.336,654.615,654.644
3134,4.336,654.615,654.644
3135,4.336,654.615,654.644
3136,4.336,654.615,654.644
3137,4.336,654.615,654.644
3138,4.336,654.615,654.644
3139,4.336,654.615,654.644
3140,4.336,654.615,654.644
3141,4.336,654.615,654.644
3142,4.336,654.615,654.644
3143,4.336,654.615,654.644
3144,4.336,654.615,654.644
3145,4.336,654.615,654.644
3146,4.336,654.615,654.644
3147,4.336,654.615,654.644
3148,4.336,654.615,654.644
3149,4.336,654.615,654.644
3150,4.336,654.615,654.644
3151,4.336,654.615,654.644
3152,4.336,654.615,654.644
3153,4.336,654.615,654.644
3154,4.336,654.615,654.644
3155,4.336,654.615,654.644
3156,4.336,654.615,654.644
3157,4.336,654.615,654.644
3158,4.336,654.615,654.644
3159,4.336,654.615,654.644
3160,4.336,654.615,654.644
3161,4.336,654.615,654.644
3162,4.336,654.615,654.644
3163,4.336,654.615,654.644
3164,4.336,654.615,654.644
3165,4.336,654.615,654.644
3166,4.336,654.615,654.644
3167,4.336,654.615,654.644
3168,4.336,654.615,654.644
3169,4.336,654.615,654.644
3170,4.336,654.615,654.644
3171,4.336,654.615,654.644
3172,4.336,654.615,654.644
3173,4.336,654.615,654.644
3174,4.336,654.615,654.644
3175,4.336,654.615,654.644
3176,4.336,654.615,654.644
3177,4.336,654.615,654.644
3178,4.336,654.615,654.644
3179,4.336,654.615,654.644
3180,4.336,654.615,654.644
3181,4.336,654.615,654.644
3182,4.336,654.615,654.644
3183,4.336,654.615,654.644
3184,4.336,654.615,654.644
3185,4.336,654.615,654.644
3186,4.336,654.615,654.644
3187,4.336,654.615,654.644
3188,4.336,654.615,654.644
3189,4.336,654.615,654.644
3190,4.336,654.615,654.644
3191,4.336,654.615,654.644
3192,4.336,654.615,654.644
3193,4.336,654.615,654.644
3194,4.336,654.615,654.644
3195,4.336,654.615,654.644
3196,4.336,654.615,654.644
3197,4.336,654.615,654.644
3198,4.336,654.615,654.644
3199,4.336,654.615,654.644
3200,4.336,654.615,654.644
3201,4.336,654.615,654.644
3202,4.336,654.615,654.644
3203,4.336,654.615,654.644
3204,4.336,654.615,654.644
3205,4.336,654.615,654.644
3206,4.336,654.615,654.644
3207,4.336,654.615,654.644
3208,4.336,654.615,654.644
3209,4.336,654.615,654.644
3210,4.336,654.615,654.644
3211,4.336,654.615,654.644
3212,4.336,654.615,654.644
3213,4.336,654.615,654.644
3214,4.336,654.615,654.644
3215,4.336,654.615,654.644
3216,4.336,654.615,654.644
3217,4.336,654.615,654.644
3218,4.336,654.615,654.644
3219,4.336,654.615,654.644
3220,4.336,654.615,654.644
3221,4.336,654.615,654.644
3222,4.336,654.615,654.644
3223,4.336,654.615,654.644
3224,4.336,654.615,654.644
3225,4.336,654.615,654.644
3226,4.336,654.615,654.644
3227,4.336,654.615,654.644
3228,4.336,654.615,654.644
3229,4.336,654.615,654.644
3230,4.336,654.615,654.644
3231,4.336,654.615,654.644
3232,4.336,654.615,654.644
3233,4.336,654.615,654.644
3234,4.336,654.615,654.644
3235,4.336,654.615,654.644
3236,4.336,654.615,654.644
3237,4.336,654.615,654.644
3238,4.336,654.615,654.644
3239,4.336,654.615,654.644
3240,4.336,654.615,654.644
3241,4.336,654.615,654.644
3242,4.336,654.615,654.644
3243,4.336,654.615,654.644
3244,4.336,654.615,654.644
3245,4.336,654.615,654.644
3246,4.336,654.615,654.644
3247,4.336,654.615,654.644
3248,4.336,654.615,654.644
3249,4.336,654.615,654.644
3250,4.336,654.615,654.644
3251,4.336,654.615,654.644
3252,4.336,654.615,654.644
3253,4.336,654.615,654.644
3254,4.336,654.615,654.644
3255,4.336,654.615,654.644
3256,4.336,654.615,654.644
3257,4.336,654.615,654.644
3258,4.336,654.615,654.644
3259,4.336,654.615,654.644
3260,4.336,654.615,654.644
3261,4.336,654.615,654.644
3262,4.336,654.615,654.644
3263,4.336,654.615,654.644
3264,4.336,654.615,654.644
3265,4.336,654.615,654.644
3266,4.336,654.615,654.644
3267,4.336,654.615,654.644
3268,4.336,654.615,654.644
3269,4.336,654.615,654.644
3270,4.336,654.615,654.644
3271,4.336,654.615,654.644
3272,4.336,654.615,654.644
3273,4.336,654.615,654.644
3274,4.336,654.615,654.644
3275,4.336,654.615,654.644
3276,4.336,654.615,654.644
3277,4.336,654.615,654.644
3278,4.336,654.615,654.644
3279,4.336,654.615,654.644
3280,4.336,654.615,654.644
3281,4.336,654.615,654.644
3282,4.336,654.615,654.644
3283,4.336,654.615,654.644
3284,4.336,654.615,654.644
3285,4.336,654.615,654.644
3286,4.336,654.615,654.644
3287,4.336,654.615,654.644
3288,4.336,654.615,654.644
3289,4.336,654.615,654.644
3290,4.336,654.615,654.644
3291,4.336,654.615,654.644
3292,4.336,654.615,654.644
3293,4.336,654.615,654.644
3294,4.336,654.615,654.644
3295,4.336,654.615,654.644
3296,4.336,654.615,654.644
3297,4.336,654.615,654.644
3298,4.336,654.615,654.644
3299,4.336,654.615,654.644
3300,4.336,654.615,654.644
3301,4.336,654.615,654.644
3302,4.336,654.615,654.644
3303,4.336,654.615,654.644
3304,4.336,654.615,654.644
3305,4.336,654.615,654.644
3306,4.336,654.615,654.644
3307,4.336,654.615,654.644
3308,4.336,654.615,654.644
3309,4.336,654.615,654.644
3310,4.336,654.615,654.644
3311,4.336,654.615,654.644
3312,4.336,654.615,654.644
3313,4.336,654.615,654.644
3314,4.336,654.615,654.644
3315,4.336,654.615,654.644
3316,4.336,654.615,654.644
3317,4.336,654.615,654.644
3318,4.336,654.615,654.644
3319,4.336,654.615,654.644
3320,4.336,654.615,654.644
3321,4.336,654.615,654.644
3322,4.336,654.615,654.644
3323,4.336,654.615,654.644
3324,4.336,654.615,654.644
3325,4.336,654.615,654.644
3326,4.336,654.615,654.644
3327,4.336,654.615,654.644
3328,4.336,654.615,654.644
3329,4.336,654.615,654.644
3330,4.336,654.615,654.644
3331,4.336,654.615,654.644
3332,4.336,654.615,654.644
3333,4.336,654.615,654.644
3334,4.336,654.615,654.644
3335,4.336,654.615,654.644
3336,4.336,654.615,654.644
3337,4.336,654.615,654.644
3338,4.336,654.615,654.644
3339,4.336,654.615,654.644
3340,4.336,654.615,654.644
3341,4.336,654.615,654.644
3342,4.336,654.615,654.644
3343,4.336,654.615,654.644
3344,4.336,654.615,654.644
3345,4.336,654.615,654.644
3346,4.336,654.615,654.644
3347,4.336,654.615,654.644
3348,4.336,654.615,654.644
3349,4.336,654.615,654.644
3350,4.336,654.615,654.644
3351,4.336,654.615,654.644
3352,4.336,654.615,654.644
3353,4.336,654.615,654.644
3354,4.336,654.615,654.644
3355,4.336,654.615,654.644
3356,4.336,654.615,654.644
3357,4.336,654.615,654.644
3358,4.336,654.615,654.644
3359,4.336,654.615,654.644
3360,4.336,654.615,654.644
3361,4.336,654.615,654.644
3362,4.336,654.615,654.644
3363,4.336,654.615,654.644
3364,4.336,654.615,654.644
3365,4.336,654.615,654.644
3366,4.336,654.615,654.644
3367,4.336,654.615,654.644
3368,4.336,654.615,654.644
3369,4.336,654.615,654.644
3370,4.336,654.615,654.644
3371,4.336,654.615,654.644
3372,4.336,654.615,654.644
3373,4.336,654.615,654.644
3374,4.336,654.615,654.644
3375,4.336,654.615,654.644
3376,4.336,654.615,654.644
3377,4.336,654.615,654.644
3378,4.336,654.615,654.644
3379,4.336,654.615,654.644
3380,4.336,654.615,654.644
3381,4.336,654.615,654.644
3382,4.336,654.615,654.644
3383,4.336,654.615,654.644
3384,4.336,654.615,654.644
3385,4.336,654.615,654.644
3386,4.336,654.615,654.644
3387,4.336,654.615,654.644
3388,4.336,654.615,654.644
3389,4.336,654.615,654.644
3390,4.336,654.615,654.644
3391,4.336,654.615,654.644
3392,4.336,654.615,654.644
3393,4.336,654.615,654.644
3394,4.336,654.615,654.644
3395,4.336,654.615,654.644
3396,4.336,654.615,654.644
3397,4.336,654.615,654.644
3398,4.336,654.615,654.644
3399,4.336,654.615,654.644
3400,4.336,654.615,654.644
3401,4.336,654.615,654.644
3402,4.336,654.615,654.644
3403,4.336,654.615,654.644
3404,4.336,654.615,654.644
3405,4.336,654.615,654.644
3406,4.336,654.615,654.644
3407,4.336,654.615,654.644
3408,4.336,654.615,654.644
3409,4.336,654.615,654.644
3410,4.336,654.615,654.644
3411,4.336,654.615,654.644
3412,4.336,654.615,654.644
3413,4.336,654.615,654.644
3414,4.336,654.615,654.644
3415,4.336,654.615,654.644
3416,4.336,654.615,654.644
3417,4.336,654.615,654.644
3418,4.336,654.615,654.644
3419,4.336,654.615,654.644
3420,4.336,654.615,654.644
3421,4.336,654.615,654.644
3422,4.336,654.615,654.644
3423,4.336,654.615,654.644
3424,4.336,654.615,654.644
3425,4.336,654.615,654.644
3426,4.336,654.615,654.644
3427,4.336,654.615,654.644
3428,4.336,654.615,654.644
3429,4.336,654.615,654.644
3430,4.336,654.615,654.644
3431,4.336,654.615,654.644
3432,4.336,654.615,654.644
3433,4.336,654.615,654.644
3434,4.336,654.615,654.644
3435,4.336,654.615,654.644
3436,4.336,654.615,654.644
3437,4.336,654.615,654.644
3438,4.336,654.615,654.644
3439,4.336,654.615,654.644
3440,4.336,654.615,654.644
3441,4.336,654.615,654.644
3442,4.336,654.615,654.644
3443,4.336,654.615,654.644
3444,4.336,654.615,654.644
3445,4.336,654.615,654.644
3446,4.336,654.615,654.644
3447,4.336,654.615,654.644
3448,4.336,654.615,654.644
3449,4.336,654.615,654.644
3450,4.336,654.615,654.644
3451,4.336,654.615,654.644
3452,4.336,654.615,654.644
3453,4.336,654.615,654.644
3454,4.336,654.615,654.644
3455,4.336,654.615,654.644
3456,4.336,654.615,654.644
3457,4.336,654.615,654.644
3458,4.336,654.615,654.644
3459,4.336,654.615,654.644
3460,4.336,654.615,654.644
3461,4.336,654.615,654.644
3462,4.336,654.615,654.644
3463,4.336,654.615,654.644
3464,4.336,654.615,654.644
3465,4.336,654.615,654.644
3466,4.336,654.615,654.644
3467,4.336,654.615,654.644
3468,4.336,654.615,654.644
3469,4.336,654.615,654.644
3470,4.336,654.615,654.644
3471,4.336,654.615,654.644
3472,4.336,654.615,654.644
3473,4.336,654.615,654.644
3474,4.336,654.615,654.644
3475,4.336,654.615,654.644
3476,4.336,654.615,654.644
3477,4.336,654.615,654.644
3478,4.336,654.615,654.644
3479,4.336,654.615,654.644
3480,4.336,654.615,654.644
3481,4.336,654.615,654.644
3482,4.336,654.615,654.644
3483,4.336,654.615,654.644
3484,4.336,654.615,654.644
3485,4.336,654.615,654.644
3486,4.336,654.615,654.644
3487,4.336,654.615,654.644
3488,4.336,654.615,654.644
3489,4.336,654.615,654.644
3490,4.336,654.615,654.644
3491,4.336,654.615,654.644
3492,4.336,654.615,654.644
3493,4.336,654.615,654.644
3494,4.336,654.615,654.644
3495,4.336,654.615,654.644
3496,4.336,654.615,654.644
3497,4.336,654.615,654.644
3498,4.336,654.615,654.644
3499,4.336,654.615,654.644
3500,4.336,654.615,654.644
3501,4.336,654.615,654.644
3502,4.336,654.615,654.644
3503,4.336,654.615,654.644
3504,4.336,654.615,654.644
3505,4.336,654.615,654.644
3506,4.336,654.615,654.644
3507,4.336,654.615,654.644
3508,4.336,654.615,654.644
3509,4.336,654.615,654.644
3510,4.336,654.615,654.644
3511,4.336,654.615,654.644
3512,4.336,654.615,654.644
3513,4.336,654.615,654.644
3514,4.336,654.615,654.644
3515,4.336,654.615,654.644
3516,4.336,654.615,654.644
3517,4.336,654.615,654.644
3518,4.336,654.615,654.644
3519,4.336,654.615,654.644
3520,4.336,654.615,654.644
3521,4.336,654.615,654.644
3522,4.336,654.615,654.644
3523,4.336,654.615,654.644
3524,4.336,654.615,654.644
3525,4.336,654.615,654.644
3526,4.336,654.615,654.644
3527,4.336,654.615,654.644
3528,4.336,654.615,654.644
3529,4.336,654.615,654.644
3530,4.336,654.615,654.644
3531,4.336,654.615,654.644
3532,4.336,654.615,654.644
3533,4.336,654.615,654.644
3534,4.336,654.615,654.644
3535,4.336,654.615,654.644
3536,4.336,654.615,654.644
3537,4.336,654.615,654.644
3538,4.336,654.615,654.644
3539,4.336,654.615,654.644
3540,4.336,654.615,654.644
3541,4.336,654.615,654.644
3542,4.336,654.615,654.644
3543,4.336,654.615,654.644
3544,4.336,654.615,654.644
3545,4.336,654.615,654.644
3546,4.336,654.615,654.644
3547,4.336,654.615,654.644
3548,4.336,654.615,654.644
3549,4.336,654.615,654.644
3550,4.336,654.615,654.644
3551,4.336,654.615,654.644
3552,4.336,654.615,654.644
3553,4.336,654.615,654.644
3554,4.336,654.615,654.644
3555,4.336,654.615,654.644
3556,4.336,654.615,654.644
3557,4.336,654.615,654.644
3558,4.336,654.615,654.644
3559,4.336,654.615,654.644
3560,4.336,654.615,654.644
3561,4.336,654.615,654.644
3562,4.336,654.615,654.644
3563,4.336,654.615,654.644
3564,4.336,654.615,654.644
3565,4.336,654.615,654.644
3566,4.336,654.615,654.644
3567,4.336,654.615,654.644
3568,4.336,654.615,654.644
3569,4.336,654.615,654.644
3570,4.336,654.615,654.644
3571,4.336,654.615,654.644
3572,4.336,654.615,654.644
3573,4.336,654.615,654.644
3574,4.336,654.615,654.644
3575,4.336,654.615,654.644
3576,4.336,654.615,654.644
3577,4.336,654.615,654.644
3578,4.336,654.615,654.644
3579,4.336,654.615,654.644
3580,4.336,654.615,654.644
3581,4.336,654.615,654.644
3582,4.336,654.615,654.644
3583,4.336,654.615,654.644
3584,4.336,654.615,654.644
3585,4.336,654.615,654.644
3586,4.336,654.615,654.644
3587,4.336,654.615,654.644
3588,4.336,654.615,654.644
3589,4.336,654.615,654.644
3590,4.336,654.615,654.644
3591,4.336,654.615,654.644
3592,4.336,654.615,654.644
3593,4.336,654.615,654.644
3594,4.336,654.615,654.644
3595,4.336,654.615,654.644
3596,4.336,654.615,654.644
3597,4.336,654.615,654.644
3598,4.336,654.615,654.644
3599,4.336,654.615,654.644
3600,4.336,654.615,654.644
3601,4.336,654.615,654.644
3602,4.336,654.615,654.644
3603,4.336,654.615,654.644
3604,4.336,654.615,654.644
3605,4.336,654.615,654.644
3606,4.336,654.615,654.644
3607,4.336,654.615,654.644
3608,4.336,654.615,654.644
3609,4.336,654.615,654.644
3610,4.336,654.615,654.644
3611,4.336,654.615,654.644
3612,4.336,654.615,654.644
3613,4.336,654.615,654.644
3614,4.336,654.615,654.644
3615,4.336,654.615,654.644
3616,4.336,654.615,654.644
3617,4.336,654.615,654.644
3618,4.336,654.615,654.644
3619,4.336,654.615,654.644
3620,4.336,654.615,654.644
3621,4.336,654.615,654.644
3622,4.336,654.615,654.644
3623,4.336,654.615,654.644
3624,4.336,654.615,654.644
3625,4.336,654.615,654.644
3626,4.336,654.615,654.644
3627,4.336,654.615,654.644
3628,4.336,654.615,654.644
3629,4.336,654.615,654.644
3630,4.336,654.615,654.644
3631,4.336,654.615,654.644
3632,4.336,654.615,654.644
3633,4.336,654.615,654.644
3634,4.336,654.615,654.644
3635,4.336,654.615,654.644
3636,4.336,654.615,654.644
3637,4.336,654.615,654.644
3638,4.336,654.615,654.644
3639,4.336,654.615,654.644
3640,4.336,654.615,654.644
3641,4.336,654.615,654.644
3642,4.336,654.615,654.644
3643,4.336,654.615,654.644
3644,4.336,654.615,654.644
3645,4.336,654.615,654.644
3646,4.336,654.615,654.644
3647,4.336,654.615,654.644
3648,4.336,654.615,654.644
3649,4.336,654.615,654.644
3650,4.336,654.615,654.644
3651,4.336,654.615,654.644
3652,4.336,654.615,654.644
3653,4.336,654.615,654.644
3654,4.336,654.615,654.644
3655,4.336,654.615,654.644
3656,4.336,654.615,654.644
3657,4.336,654.615,654.644
3658,4.336,654.615,654.644
3659,4.336,654.615,654.644
3660,4.336,654.615,654.644
3661,4.336,654.615,654.644
3662,4.336,654.615,654.644
3663,4.336,654.615,654.644
3664,4.336,654.615,654.644
3665,4.336,654.615,654.644
3666,4.336,654.615,654.644
3667,4.336,654.615,654.644
3668,4.336,654.615,654.644
3669,4.336,654.615,654.644
3670,4.336,654.615,654.644
3671,4.336,654.615,654.644
3672,4.336,654.615,654.644
3673,4.336,654.615,654.644
3674,4.336,654.615,654.644
3675,4.336,654.615,654.644
3676,4.336,654.615,654.644
3677,4.336,654.615,654.644
3678,4.336,654.615,654.644
3679,4.336,654.615,654.644
3680,4.336,654.615,654.644
3681,4.336,654.615,654.644
3682,4.336,654.615,654.644
3683,4.336,654.615,654.644
3684,4.336,654.615,654.644
3685,4.336,654.615,654.644
3686,4.336,654.615,654.644
3687,4.336,654.615,654.644
3688,4.336,654.615,654.644
3689,4.336,654.615,654.644
3690,4.336,654.615,654.644
3691,4.336,654.615,654.644
3692,4.336,654.615,654.644
3693,4.336,654.615,654.644
3694,4.336,654.615,654.644
3695,4.336,654.615,654.644
3696,4.336,654.615,654.644
3697,4.336,654.615,654.644
3698,4.336,654.615,654.644
3699,4.336,654.615,654.644
3700,4.336,654.615,654.644
3701,4.336,654.615,654.644
3702,4.336,654.615,654.644
3703,4.336,654.615,654.644
3704,4.336,654.615,654.644
3705,4.336,654.615,654.644
3706,4.336,654.615,654.644
3707,4.336,654.615,654.644
3708,4.336,654.615,654.644
3709,4.336,654.615,654.644
3710,4.336,654.615,654.644
3711,4.336,654.615,654.644
3712,4.336,654.615,654.644
3713,4.336,654.615,654.644
3714,4.336,654.615,654.644
3715,4.336,654.615,654.644
3716,4.336,654.615,654.644
3717,4.336,654.615,654.644
3718,4.336,654.615,654.644
3719,4.336,654.615,654.644
3720,4.336,654.615,654.644
3721,4.336,654.615,654.644
3722,4.336,654.615,654.644
3723,4.336,654.615,654.644
3724,4.336,654.615,654.644
3725,4.336,654.615,654.644
3726,4.336,654.615,654.644
3727,4.336,654.615,654.644
3728,4.336,654.615,654.644
3729,4.336,654.615,654.644
3730,4.336,654.615,654.644
3731,4.336,654.615,654.644
3732,4.336,654.615,654.644
3733,4.336,654.615,654.644
3734,4.336,654.615,654.644
3735,4.336,654.615,654.644
3736,4.336,654.615,654.644
3737,4.336,654.615,654.644
3738,4.336,654.615,654.644
3739,4.336,654.615,654.644
3740,4.336,654.615,654.644
3741,4.336,654.615,654.644
3742,4.336,654.615,654.644
3743,4.336,654.615,654.644
3744,4.336,654.615,654.644
3745,4.336,654.615,654.644
3746,4.336,654.615,654.644
3747,4.336,654.615,654.644
3748,4.336,654.615,654.644
3749,4.336,654.615,654.644
3750,4.336,654.615,654.644
3751,4.336,654.615,654.644
3752,4.336,654.615,654.644
3753,4.336,654.615,654.644
3754,4.336,654.615,654.644
3755,4.336,654.615,654.644
3756,4.336,654.615,654.644
3757,4.336,654.615,654.644
3758,4.336,654.615,654.644
3759,4.336,654.615,654.644
3760,4.336,654.615,654.644
3761,4.336,654.615,654.644
3762,4.336,654.615,654.644
3763,4.336,654.615,654.644
3764,4.336,654.615,654.644
3765,4.336,654.615,654.644
3766,4.336,654.615,654.644
3767,4.336,654.615,654.644
3768,4.336,654.615,654.644
3769,4.336,654.615,654.644
3770,4.336,654.615,654.644
3771,4.336,654.615,654.644
3772,4.336,654.615,654.644
3773,4.336,654.615,654.644
3774,4.336,654.615,654.644
3775,4.336,654.615,654.644
3776,4.336,654.615,654.644
3777,4.336,654.615,654.644
3778,4.336,654.615,654.644
3779,4.336,654.615,654.644
3780,4.336,654.615,654.644
3781,4.336,654.615,654.644
3782,4.336,654.615,654.644
3783,4.336,654.615,654.644
3784,4.336,654.615,654.644
3785,4.336,654.615,654.644
3786,4.336,654.615,654.644
3787,4.336,654.615,654.644
3788,4.336,654.615,654.644
3789,4.336,654.615,654.644
3790,4.336,654.615,654.644
3791,4.336,654.615,654.644
3792,4.336,654.615,654.644
3793,4.336,654.615,654.644
3794,4.336,654.615,654.644
3795,4.336,654.615,654.644
3796,4.336,654.615,654.644
3797,4.336,654.615,654.644
3798,4.336,654.615,654.644
3799,4.336,654.615,654.644
3800,4.336,654.615,654.644
3801,4.336,654.615,654.644
3802,4.336,654.615,654.644
3803,4.336,654.615,654.644
3804,4.336,654.615,654.644
3805,4.336,654.615,654.644
3806,4.336,654.615,654.644
3807,4.336,654.615,654.644
3808,4.336,654.615,654.644
3809,4.336,654.615,654.644
3810,4.336,654.615,654.644
3811,4.336,654.615,654.644
3812,4.336,654.615,654.644
3813,4.336,654.615,654.644
3814,4.336,654.615,654.644
3815,4.336,654.615,654.644
3816,4.336,654.615,654.644
3817,4.336,654.615,654.644
3818,4.336,654.615,654.644
3819,4.336,654.615,654.644
3820,4.336,654.615,654.644
3821,4.336,654.615,654.644
3822,4.336,654.615,654.644
3823,4.336,654.615,654.644
3824,4.336,654.615,654.644
3825,4.336,654.615,654.644
3826,4.336,654.615,654.644
3827,4.336,654.615,654.644
3828,4.336,654.615,654.644
3829,4.336,654.615,654.644
3830,4.336,654.615,654.644
3831,4.336,654.615,654.644
3832,4.336,654.615,654.644
3833,4.336,654.615,654.644
3834,4.336,654.615,654.644
3835,4.336,654.615,654.644
3836,4.336,654.615,654.644
3837,4.336,654.615,654.644
3838,4.336,654.615,654.644
3839,4.336,654.615,654.644
3840,4.336,654.615,654.644
3841,4.336,654.615,654.644
3842,4.336,654.615,654.644
3843,4.336,654.615,654.644
3844,4.336,654.615,654.644
3845,4.336,654.615,654.644
3846,4.336,654.615,654.644
3847,4.336,654.615,654.644
3848,4.336,654.615,654.644
3849,4.336,654.615,654.644
3850,4.336,654.615,654.644
3851,4.336,654.615,654.644
3852,4.336,654.615,654.644
3853,4.336,654.615,654.644
3854,4.336,654.615,654.644
3855,4.336,654.615,654.644
3856,4.336,654.615,654.644
3857,4.336,654.615,654.644
3858,4.336,654.615,654.644
3859,4.336,654.615,654.644
3860,4.336,654.615,654.644
3861,4.336,654.615,654.644
3862,4.336,654.615,654.644
3863,4.336,654.615,654.644
3864,4.336,654.615,654.644
3865,4.336,654.615,654.644
3866,4.336,654.615,654.644
3867,4.336,654.615,654.644
3868,4.336,654.615,654.644
3869,4.336,654.615,654.644
3870,4.336,654.615,654.644
3871,4.336,654.615,654.644
3872,4.336,654.615,654.644
3873,4.336,654.615,654.644
3874,4.336,654.615,654.644
3875,4.336,654.615,654.644
3876,4.336,654.615,654.644
3877,4.336,654.615,654.644
3878,4.336,654.615,654.644
3879,4.336,654.615,654.644
3880,4.336,654.615,654.644
3881,4.336,654.615,654.644
3882,4.336,654.615,654.644
3883,4.336,654.615,654.644
3884,4.336,654.615,654.644
3885,4.336,654.615,654.644
3886,4.336,654.615,654.644
3887,4.336,654.615,654.644
3888,4.336,654.615,654.644
3889,4.336,654.615,654.644
3890,4.336,654.615,654.644
3891,4.336,654.615,654.644
3892,4.336,654.615,654.644
3893,4.336,654.615,654.644
3894,4.336,654.615,654.644
3895,4.336,654.615,654.644
3896,4.336,654.615,654.644
3897,4.336,654.615,654.644
3898,4.336,654.615,654.644
3899,4.336,654.615,654.644
3900,4.336,654.615,654.644
3901,4.336,654.615,654.644
3902,4.336,654.615,654.644
3903,4.336,654.615,654.644
3904,4.336,654.615,654.644
3905,4.336,654.615,654.644
3906,4.336,654.615,654.644
3907,4.336,654.615,654.644
3908,4.336,654.615,654.644
3909,4.336,654.615,654.644
3910,4.336,654.615,654.644
3911,4.336,654.615,654.644
3912,4.336,654.615,654.644
3913,4.336,654.615,654.644
3914,4.336,654.615,654.644
3915,4.336,654.615,654.644
3916,4.336,654.615,654.644
3917,4.336,654.615,654.644
3918,4.336,654.615,654.644
3919,4.336,654.615,654.644
3920,4.336,654.615,654.644
3921,4.336,654.615,654.644
3922,4.336,654.615,654.644
3923,4.336,654.615,654.644
3924,4.336,654.615,654.644
3925,4.336,654.615,654.644
3926,4.336,654.615,654.644
3927,4.336,654.615,654.644
3928,4.336,654.615,654.644
3929,4.336,654.615,654.644
3930,4.336,654.615,654.644
3931,4.336,654.615,654.644
3932,4.336,654.615,654.644
3933,4.336,654.615,654.644
3934,4.336,654.615,654.644
3935,4.336,654.615,654.644
3936,4.336,654.615,654.644
3937,4.336,654.615,654.644
3938,4.336,654.615,654.644
3939,4.336,654.615,654.644
3940,4.336,654.615,654.644
3941,4.336,654.615,654.644
3942,4.336,654.615,654.644
3943,4.336,654.615,654.644
3944,4.336,654.615,654.644
3945,4.336,654.615,654.644
3946,4.336,654.615,654.644
3947,4.336,654.615,654.644
3948,4.336,654.615,654.644
3949,4.336,654.615,654.644
3950,4.336,654.615,654.644
3951,4.336,654.615,654.644
3952,4.336,654.615,654.644
3953,4.336,654.615,654.644
3954,4.336,654.615,654.644
3955,4.336,654.615,654.644
3956,4.336,654.615,654.644
3957,4.336,654.615,654.644
3958,4.336,654.615,654.644
3959,4.336,654.615,654.644
3960,4.336,654.615,654.644
3961,4.336,654.615,654.644
3962,4.336,654.615,654.644
3963,4.336,654.615,654.644
3964,4.336,654.615,654.644
3965,4.336,654.615,654.644
3966,4.336,654.615,654.644
3967,4.336,654.615,654.644
3968,4.336,654.615,654.644
3969,4.336,654.615,654.644
3970,4.336,654.615,654.644
3971,4.336,654.615,654.644
3972,4.336,654.615,654.644
3973,4.336,654.615,654.644
3974,4.336,654.615,654.644
3975,4.336,654.615,654.644
3976,4.336,654.615,654.644
3977,4.336,654.615,654.644
3978,4.336,654.615,654.644
3979,4.336,654.615,654.644
3980,4.336,654.615,654.644
3981,4.336,654.615,654.644
3982,4.336,654.615,654.644
3983,4.336,654.615,654.644
3984,4.336,654.615,654.644
3985,4.336,654.615,654.644
3986,4.336,654.615,654.644
3987,4.336,654.615,654.644
3988,4.336,654.615,654.644
3989,4.336,654.615,654.644
3990,4.336,654.615,654.644
3991,4.336,654.615,654.644
3992,4.336,654.615,654.644
3993,4.336,654.615,654.644
3994,4.336,654.615,654.644
3995,4.336,654.615,654.644
3996,4.336,654.615,654.644
3997,4.336,654.615,654.644
3998,4.336,654.615,654.644
3999,4.336,654.615,654.644
4000,4.336,654.615,654.644
4001,4.336,654.615,654.644
4002,4.336,654.615,654.644
4003,4.336,654.615,654.644
4004,4.336,654.615,654.644
4005,4.336,654.615,654.644
4006,4.336,654.615,654.644
4007,4.336,654.615,654.644
4008,4.336,654.615,654.644
4009,4.336,654.615,654.644
4010,4.336,654.615,654.644
4011,4.336,654.615,654.644
4012,4.336,654.615,654.644
4013,4.336,654.615,654.644
4014,4.336,654.615,654.644
4015,4.336,654.615,654.644
4016,4.336,654.615,654.644
4017,4.336,654.615,654.644
4018,4.336,654.615,654.644
4019,4.336,654.615,654.644
4020,4.336,654.615,654.644
4021,4.336,654.615,654.644
4022,4.336,654.615,654.644
4023,4.336,654.615,654.644
4024,4.336,654.615,654.644
4025,4.336,654.615,654.644
4026,4.336,654.615,654.644
4027,4.336,654.615,654.644
4028,4.336,654.615,654.644
4029,4.336,654.615,654.644
4030,4.336,654.615,654.644
4031,4.336,654.615,654.644
4032,4.336,654.615,654.644
4033,4.336,654.615,654.644
4034,4.336,654.615,654.644
4035,4.336,654.615,654.644
4036,4.336,654.615,654.644
4037,4.336,654.615,654.644
4038,4.336,654.615,654.644
4039,4.336,654.615,654.644
4040,4.336,654.615,654.644
4041,4.336,654.615,654.644
4042,4.336,654.615,654.644
4043,4.336,654.615,654.644
4044,4.336,654.615,654.644
4045,4.336,654.615,654.644
4046,4.336,654.615,654.644
4047,4.336,654.615,654.644
4048,4.336,654.615,654.644
4049,4.336,654.615,654.644
4050,4.336,654.615,654.644
4051,4.336,654.615,654.644
4052,4.336,654.615,654.644
4053,4.336,654.615,654.644
4054,4.336,654.615,654.644
4055,4.336,654.615,654.644
4056,4.336,654.615,654.644
4057,4.336,654.615,654.644
4058,4.336,654.615,654.644
4059,4.336,654.615,654.644
4060,4.336,654.615,654.644
4061,4.336,654.615,654.644
4062,4.336,654.615,654.644
4063,4.336,654.615,654.644
4064,4.336,654.615,654.644
4065,4.336,654.615,654.644
4066,4.336,654.615,654.644
4067,4.336,654.615,654.644
4068,4.336,654.615,654.644
4069,4.336,654.615,654.644
4070,4.336,654.615,654.644
4071,4.336,654.615,654.644
4072,4.336,654.615,654.644
4073,4.336,654.615,654.644
4074,4.336,654.615,654.644
4075,4.336,654.615,654.644
4076,4.336,654.615,654.644
4077,4.336,654.615,654.644
4078,4.336,654.615,654.644
4079,4.336,654.615,654.644
4080,4.336,654.615,654.644
4081,4.336,654.615,654.644
4082,4.336,654.615,654.644
4083,4.336,654.615,654.644
4084,4.336,654.615,654.644
4085,4.336,654.615,654.644
4086,4.336,654.615,654.644
4087,4.336,654.615,654.644
4088,4.336,654.615,654.644
4089,4.336,654.615,654.644
4090,4.336,654.615,654.644
4091,4.336,654.615,654.644
4092,4.336,654.615,654.644
4093,4.336,654.615,654.644
4094,4.336,654.615,654.644
4095,4.336,654.615,654.644
4096,4.336,654.615,654.644
4097,4.336,654.615,654.644
4098,4.336,654.615,654.644
4099,4.336,654.615,654.644
4100,4.336,654.615,654.644
4101,4.336,654.615,654.644
4102,4.336,654.615,654.644
4103,4.336,654.615,654.644
4104,4.336,654.615,654.644
4105,4.336,654.615,654.644
4106,4.336,654.615,654.644
4107,4.336,654.615,654.644
4108,4.336,654.615,654.644
4109,4.336,654.615,654.644
4110,4.336,654.615,654.644
4111,4.336,654.615,654.644
4112,4.336,654.615,654.644
4113,4.336,654.615,654.644
4114,4.336,654.615,654.644
4115,4.336,654.615,654.644
4116,4.336,654.615,654.644
4117,4.336,654.615,654.644
4118,4.336,654.615,654.644
4119,4.336,654.615,654.644
4120,4.336,654.615,654.644
4121,4.336,654.615,654.644
4122,4.336,654.615,654.644
4123,4.336,654.615,654.644
4124,4.336,654.615,654.644
4125,4.336,654.615,654.644
4126,4.336,654.615,654.644
4127,4.336,654.615,654.644
4128,4.336,654.615,654.644
4129,4.336,654.615,654.644
4130,4.336,654.615,654.644
4131,4.336,654.615,654.644
4132,4.336,654.615,654.644
4133,4.336,654.615,654.644
4134,4.336,654.615,654.644
4135,4.336,654.615,654.644
4136,4.336,654.615,654.644
4137,4.336,654.615,654.644
4138,4.336,654.615,654.644
4139,4.336,654.615,654.644
4140,4.336,654.615,654.644
4141,4.336,654.615,654.644
4142,4.336,654.615,654.644
4143,4.336,654.615,654.644
4144,4.336,654.615,654.644
4145,4.336,654.615,654.644
4146,4.336,654.615,654.644
4147,4.336,654.615,654.644
4148,4.336,654.615,654.644
4149,4.336,654.615,654.644
4150,4.336,654.615,654.644
4151,4.336,654.615,654.644
4152,4.336,654.615,654.644
4153,4.336,654.615,654.644
4154,4.336,654.615,654.644
4155,4.336,654.615,654.644
4156,4.336,654.615,654.644
4157,4.336,654.615,654.644
4158,4.336,654.615,654.644
4159,4.336,654.615,654.644
4160,4.336,654.615,654.644
4161,4.336,654.615,654.644
4162,4.336,654.615,654.644
4163,4.336,654.615,654.644
4164,4.336,654.615,654.644
4165,4.336,654.615,654.644
4166,4.336,654.615,654.644
4167,4.336,654.615,654.644
4168,4.336,654.615,654.644
4169,4.336,654.615,654.644
4170,4.336,654.615,654.644
4171,4.336,654.615,654.644
4172,4.336,654.615,654.644
4173,4.336,654.615,654.644
4174,4.336,654.615,654.644
4175,4.336,654.615,654.644
4176,4.336,654.615,654.644
4177,4.336,654.615,654.644
4178,4.336,654.615,654.644
4179,4.336,654.615,654.644
4180,4.336,654.615,654.644
4181,4.336,654.615,654.644
4182,4.336,654.615,654.644
4183,4.336,654.615,654.644
4184,4.336,654.615,654.644
4185,4.336,654.615,654.644
4186,4.336,654.615,654.644
4187,4.336,654.615,654.644
4188,4.336,654.615,654.644
4189,4.336,654.615,654.644
4190,4.336,654.615,654.644
4191,4.336,654.615,654.644
4192,4.336,654.615,654.644
4193,4.336,654.615,654.644
4194,4.336,654.615,654.644
4195,4.336,654.615,654.644
4196,4.336,654.615,654.644
4197,4.336,654.615,654.644
4198,4.336,654.615,654.644
4199,4.336,654.615,654.644
4200,4.336,654.615,654.644
4201,4.336,654.615,654.644
4202,4.336,654.615,654.644
4203,4.336,654.615,654.644
4204,4.336,654.615,654.644
4205,4.336,654.615,654.644
4206,4.336,654.615,654.644
4207,4.336,654.615,654.644
4208,4.336,654.615,654.644
4209,4.336,654.615,654.644
4210,4.336,654.615,654.644
4211,4.336,654.615,654.644
4212,4.336,654.615,654.644
4213,4.336,654.615,654.644
4214,4.336,654.615,654.644
4215,4.336,654.615,654.644
4216,4.336,654.615,654.644
4217,4.336,654.615,654.644
4218,4.336,654.615,654.644
4219,4.336,654.615,654.644
4220,4.336,654.615,654.644
4221,4.336,654.615,654.644
4222,4.336,654.615,654.644
4223,4.336,654.615,654.644
4224,4.336,654.615,654.644
4225,4.336,654.615,654.644
4226,4.336,654.615,654.644
4227,4.336,654.615,654.644
4228,4.336,654.615,654.644
4229,4.336,654.615,654.644
4230,4.336,654.615,654.644
4231,4.336,654.615,654.644
4232,4.336,654.615,654.644
4233,4.336,654.615,654.644
4234,4.336,654.615,654.644
4235,4.336,654.615,654.644
4236,4.336,654.615,654.644
4237,4.336,654.615,654.644
4238,4.336,654.615,654.644
4239,4.336,654.615,654.644
4240,4.336,654.615,654.644
4241,4.336,654.615,654.644
4242,4.336,654.615,654.644
4243,4.336,654.615,654.644
4244,4.336,654.615,654.644
4245,4.336,654.615,654.644
4246,4.336,654.615,654.644
4247,4.336,654.615,654.644
4248,4.336,654.615,654.644
4249,4.336,654.615,654.644
4250,4.336,654.615,654.644
4251,4.336,654.615,654.644
4252,4.336,654.615,654.644
4253,4.336,654.615,654.644
4254,4.336,654.615,654.644
4255,4.336,654.615,654.644
4256,4.336,654.615,654.644
4257,4.336,654.615,654.644
4258,4.336,654.615,654.644
4259,4.336,654.615,654.644
4260,4.336,654.615,654.644
4261,4.336,654.615,654.644
4262,4.336,654.615,654.644
4263,4.336,654.615,654.644
4264,4.336,654.615,654.644
4265,4.336,654.615,654.644
4266,4.336,654.615,654.644
4267,4.336,654.615,654.644
4268,4.336,654.615,654.644
4269,4.336,654.615,654.644
4270,4.336,654.615,654.644
4271,4.336,654.615,654.644
4272,4.336,654.615,654.644
4273,4.336,654.615,654.644
4274,4.336,654.615,654.644
4275,4.336,654.615,654.644
4276,4.336,654.615,654.644
4277,4.336,654.615,654.644
4278,4.336,654.615,654.644
4279,4.336,654.615,654.644
4280,4.336,654.615,654.644
4281,4.336,654.615,654.644
4282,4.336,654.615,654.644
4283,4.336,654.615,654.644
4284,4.336,654.615,654.644
4285,4.336,654.615,654.644
4286,4.336,654.615,654.644
4287,4.336,654.615,654.644
4288,4.336,654.615,654.644
4289,4.336,654.615,654.644
4290,4.336,654.615,654.644
4291,4.336,654.615,654.644
4292,4.336,654.615,654.644
4293,4.336,654.615,654.644
4294,4.336,654.615,654.644
4295,4.336,654.615,654.644
4296,4.336,654.615,654.644
4297,4.336,654.615,654.644
4298,4.336,654.615,654.644
4299,4.336,654.615,654.644
4300,4.336,654.615,654.644
4301,4.336,654.615,654.644
4302,4.336,654.615,654.644
4303,4.336,654.615,654.644
4304,4.336,654.615,654.644
4305,4.336,654.615,654.644
4306,4.336,654.615,654.644
4307,4.336,654.615,654.644
4308,4.336,654.615,654.644
4309,4.336,654.615,654.644
4310,4.336,654.615,654.644
4311,4.336,654.615,654.644
4312,4.336,654.615,654.644
4313,4.336,654.615,654.644
4314,4.336,654.615,654.644
4315,4.336,654.615,654.644
4316,4.336,654.615,654.644
4317,4.336,654.615,654.644
4318,4.336,654.615,654.644
4319,4.336,654.615,654.644
4320,4.336,654.615,654.644
4321,4.336,654.615,654.644
4322,4.336,654.615,654.644
4323,4.336,654.615,654.644
4324,4.336,654.615,654.644
4325,4.336,654.615,654.644
4326,4.336,654.615,654.644
4327,4.336,654.615,654.644
4328,4.336,654.615,654.644
4329,4.336,654.615,654.644
4330,4.336,654.615,654.644
4331,4.336,654.615,654.644
4332,4.336,654.615,654.644
4333,4.336,654.615,654.644
4334,4.336,654.615,654.644
4335,4.336,654.615,654.644
4336,4.336,654.615,654.644
4337,4.336,654.615,654.644
4338,4.336,654.615,654.644
4339,4.336,654.615,654.644
4340,4.336,654.615,654.644
4341,4.336,654.615,654.644
4342,4.336,654.615,654.644
4343,4.336,654.615,654.644
4344,4.336,654.615,654.644
4345,4.336,654.615,654.644
4346,4.336,654.615,654.644
4347,4.336,654.615,654.644
4348,4.336,654.615,654.644
4349,4.336,654.615,654.644
4350,4.336,654.615,654.644
4351,4.336,654.615,654.644
4352,4.336,654.615,654.644
4353,4.336,654.615,654.644
4354,4.336,654.615,654.644
4355,4.336,654.615,654.644
4356,4.336,654.615,654.644
4357,4.336,654.615,654.644
4358,4.336,654.615,654.644
4359,4.336,654.615,654.644
4360,4.336,654.615,654.644
4361,4.336,654.615,654.644
4362,4.336,654.615,654.644
4363,4.336,654.615,654.644
4364,4.336,654.615,654.644
4365,4.336,654.615,654.644
4366,4.336,654.615,654.644
4367,4.336,654.615,654.644
4368,4.336,654.615,654.644
4369,4.336,654.615,654.644
4370,4.336,654.615,654.644
4371,4.336,654.615,654.644
4372,4.336,654.615,654.644
4373,4.336,654.615,654.644
4374,4.336,654.615,654.644
4375,4.336,654.615,654.644
4376,4.336,654.615,654.644
4377,4.336,654.615,654.644
4378,4.336,654.615,654.644
4379,4.336,654.615,654.644
4380,4.336,654.615,654.644
4381,4.336,654.615,654.644
4382,4.336,654.615,654.644
4383,4.336,654.615,654.644
4384,4.336,654.615,654.644
4385,4.336,654.615,654.644
4386,4.336,654.615,654.644
4387,4.336,654.615,654.644
4388,4.336,654.615,654.644
4389,4.336,654.615,654.644
4390,4.336,654.615,654.644
4391,4.336,654.615,654.644
4392,4.336,654.615,654.644
4393,4.336,654.615,654.644
4394,4.336,654.615,654.644
4395,4.336,654.615,654.644
4396,4.336,654.615,654.644
4397,4.336,654.615,654.644
4398,4.336,654.615,654.644
4399,4.336,654.615,654.644
4400,4.336,654.615,654.644
4401,4.336,654.615,654.644
4402,4.336,654.615,654.644
4403,4.336,654.615,654.644
4404,4.336,654.615,654.644
4405,4.336,654.615,654.644
4406,4.336,654.615,654.644
4407,4.336,654.615,654.644
4408,4.336,654.615,654.644
4409,4.336,654.615,654.644
4410,4.336,654.615,654.644
4411,4.336,654.615,654.644
4412,4.336,654.615,654.644
4413,4.336,654.615,654.644
4414,4.336,654.615,654.644
4415,4.336,654.615,654.644
4416,4.336,654.615,654.644
4417,4.336,654.615,654.644
4418,4.336,654.615,654.644
4419,4.336,654.615,654.644
4420,4.336,654.615,654.644
4421,4.336,654.615,654.644
4422,4.336,654.615,654.644
4423,4.336,654.615,654.644
4424,4.336,654.615,654.644
4425,4.336,654.615,654.644
4426,4.336,654.615,654.644
4427,4.336,654.615,654.644
4428,4.336,654.615,654.644
4429,4.336,654.615,654.644
4430,4.336,654.615,654.644
4431,4.336,654.615,654.644
4432,4.336,654.615,654.644
4433,4.336,654.615,654.644
4434,4.336,654.615,654.644
4435,4.336,654.615,654.644
4436,4.336,654.615,654.644
4437,4.336,654.615,654.644
4438,4.336,654.615,654.644
4439,4.336,654.615,654.644
4440,4.336,654.615,654.644
4441,4.336,654.615,654.644
4442,4.336,654.615,654.644
4443,4.336,654.615,654.644
4444,4.336,654.615,654.644
4445,4.336,654.615,654.644
4446,4.336,654.615,654.644
4447,4.336,654.615,654.644
4448,4.336,654.615,654.644
4449,4.336,654.615,654.644
4450,4.336,654.615,654.644
4451,4.336,654.615,654.644
4452,4.336,654.615,654.644
4453,4.336,654.615,654.644
4454,4.336,654.615,654.644
4455,4.336,654.615,654.644
4456,4.336,654.615,654.644
4457,4.336,654.615,654.644
4458,4.336,654.615,654.644
4459,4.336,654.615,654.644
4460,4.336,654.615,654.644
4461,4.336,654.615,654.644
4462,4.336,654.615,654.644
4463,4.336,654.615,654.644
4464,4.336,654.615,654.644
4465,4.336,654.615,654.644
4466,4.336,654.615,654.644
4467,4.336,654.615,654.644
4468,4.336,654.615,654.644
4469,4.336,654.615,654.644
4470,4.336,654.615,654.644
4471,4.336,654.615,654.644
4472,4.336,654.615,654.644
4473,4.336,654.615,654.644
4474,4.336,654.615,654.644
4475,4.336,654.615,654.644
4476,4.336,654.615,654.644
4477,4.336,654.615,654.644
4478,4.336,654.615,654.644
4479,4.336,654.615,654.644
4480,4.336,654.615,654.644
4481,4.336,654.615,654.644
4482,4.336,654.615,654.644
4483,4.336,654.615,654.644
4484,4.336,654.615,654.644
4485,4.336,654.615,654.644
4486,4.336,654.615,654.644
4487,4.336,654.615,654.644
4488,4.336,654.615,654.644
4489,4.336,654.615,654.644
4490,4.336,654.615,654.644
4491,4.336,654.615,654.644
4492,4.336,654.615,654.644
4493,4.336,654.615,654.644
4494,4.336,654.615,654.644
4495,4.336,654.615,654.644
4496,4.336,654.615,654.644
4497,4.336,654.615,654.644
4498,4.336,654.615,654.644
4499,4.336,654.615,654.644
4500,4.336,654.615,654.644
4501,4.336,654.615,654.644
4502,4.336,654.615,654.644
4503,4.336,654.615,654.644
4504,4.336,654.615,654.644
4505,4.336,654.615,654.644
4506,4.336,654.615,654.644
4507,4.336,654.615,654.644
4508,4.336,654.615,654.644
4509,4.336,654.615,654.644
4510,4.336,654.615,654.644
4511,4.336,654.615,654.644
4512,4.336,654.615,654.644
4513,4.336,654.615,654.644
4514,4.336,654.615,654.644
4515,4.336,654.615,654.644
4516,4.336,654.615,654.644
4517,4.336,654.615,654.644
4518,4.336,654.615,654.644
4519,4.336,654.615,654.644
4520,4.336,654.615,654.644
4521,4.336,654.615,654.644
4522,4.336,654.615,654.644
4523,4.336,654.615,654.644
4524,4.336,654.615,654.644
4525,4.336,654.615,654.644
4526,4.336,654.615,654.644
4527,4.336,654.615,654.644
4528,4.336,654.615,654.644
4529,4.336,654.615,654.644
4530,4.336,654.615,654.644
4531,4.336,654.615,654.644
4532,4.336,654.615,654.644
4533,4.336,654.615,654.644
4534,4.336,654.615,654.644
4535,4.336,654.615,654.644
4536,4.336,654.615,654.644
4537,4.336,654.615,654.644
4538,4.336,654.615,654.644
4539,4.336,654.615,654.644
4540,4.336,654.615,654.644
4541,4.336,654.615,654.644
4542,4.336,654.615,654.644
4543,4.336,654.615,654.644
4544,4.336,654.615,654.644
4545,4.336,654.615,654.644
4546,4.336,654.615,654.644
4547,4.336,654.615,654.644
4548,4.336,654.615,654.644
4549,4.336,654.615,654.644
4550,4.336,654.615,654.644
4551,4.336,654.615,654.644
4552,4.336,654.615,654.644
4553,4.336,654.615,654.644
4554,4.336,654.615,654.644
4555,4.336,654.615,654.644
4556,4.336,654.615,654.644
4557,4.336,654.615,654.644
4558,4.336,654.615,654.644
4559,4.336,654.615,654.644
4560,4.336,654.615,654.644
4561,4.336,654.615,654.644
4562,4.336,654.615,654.644
4563,4.336,654.615,654.644
4564,4.336,654.615,654.644
4565,4.336,654.615,654.644
4566,4.336,654.615,654.644
4567,4.336,654.615,654.644
4568,4.336,654.615,654.644
4569,4.336,654.615,654.644
4570,4.336,654.615,654.644
4571,4.336,654.615,654.644
4572,4.336,654.615,654.644
4573,4.336,654.615,654.644
4574,4.336,654.615,654.644
4575,4.336,654.615,654.644
4576,4.336,654.615,654.644
4577,4.336,654.615,654.644
4578,4.336,654.615,654.644
4579,4.336,654.615,654.644
4580,4.336,654.615,654.644
4581,4.336,654.615,654.644
4582,4.336,654.615,654.644
4583,4.336,654.615,654.644
4584,4.336,654.615,654.644
4585,4.336,654.615,654.644
4586,4.336,654.615,654.644
4587,4.336,654.615,654.644
4588,4.336,654.615,654.644
4589,4.336,654.615,654.644
4590,4.336,654.615,654.644
4591,4.336,654.615,654.644
4592,4.336,654.615,654.644
4593,4.336,654.615,654.644
4594,4.336,654.615,654.644
4595,4.336,654.615,654.644
4596,4.336,654.615,654.644
4597,4.336,654.615,654.644
4598,4.336,654.615,654.644
4599,4.336,654.615,654.644
4600,4.336,654.615,654.644
4601,4.336,654.615,654.644
4602,4.336,654.615,654.644
4603,4.336,654.615,654.644
4604,4.336,654.615,654.644
4605,4.336,654.615,654.644
4606,4.336,654.615,654.644
4607,4.336,654.615,654.644
4608,4.336,654.615,654.644
4609,4.336,654.615,654.644
4610,4.336,654.615,654.644
4611,4.336,654.615,654.644
4612,4.336,654.615,654.644
4613,4.336,654.615,654.644
4614,4.336,654.615,654.644
4615,4.336,654.615,654.644
4616,4.336,654.615,654.644
4617,4.336,654.615,654.644
4618,4.336,654.615,654.644
4619,4.336,654.615,654.644
4620,4.336,654.615,654.644
4621,4.336,654.615,654.644
4622,4.336,654.615,654.644
4623,4.336,654.615,654.644
4624,4.336,654.615,654.644
4625,4.336,654.615,654.644
4626,4.336,654.615,654.644
4627,4.336,654.615,654.644
4628,4.336,654.615,654.644
4629,4.336,654.615,654.644
4630,4.336,654.615,654.644
4631,4.336,654.615,654.644
4632,4.336,654.615,654.644
4633,4.336,654.615,654.644
4634,4.336,654.615,654.644
4635,4.336,654.615,654.644
4636,4.336,654.615,654.644
4637,4.336,654.615,654.644
4638,4.336,654.615,654.644
4639,4.336,654.615,654.644
4640,4.336,654.615,654.644
4641,4.336,654.615,654.644
4642,4.336,654.615,654.644
4643,4.336,654.615,654.644
4644,4.336,654.615,654.644
4645,4.336,654.615,654.644
4646,4.336,654.615,654.644
4647,4.336,654.615,654.644
4648,4.336,654.615,654.644
4649,4.336,654.615,654.644
4650,4.336,654.615,654.644
4651,4.336,654.615,654.644
4652,4.336,654.615,654.644
4653,4.336,654.615,654.644
4654,4.336,654.615,654.644
4655,4.336,654.615,654.644
4656,4.336,654.615,654.644
4657,4.336,654.615,654.644
4658,4.336,654.615,654.644
4659,4.336,654.615,654.644
4660,4.336,654.615,654.644
4661,4.336,654.615,654.644
4662,4.336,654.615,654.644
4663,4.336,654.615,654.644
4664,4.336,654.615,654.644
4665,4.336,654.615,654.644
4666,4.336,654.615,654.644
4667,4.336,654.615,654.644
4668,4.336,654.615,654.644
4669,4.336,654.615,654.644
4670,4.336,654.615,654.644
4671,4.336,654.615,654.644
4672,4.336,654.615,654.644
4673,4.336,654.615,654.644
4674,4.336,654.615,654.644
4675,4.336,654.615,654.644
4676,4.336,654.615,654.644
4677,4.336,654.615,654.644
4678,4.336,654.615,654.644
4679,4.336,654.615,654.644
4680,4.336,654.615,654.644
4681,4.336,654.615,654.644
4682,4.336,654.615,654.644
4683,4.336,654.615,654.644
4684,4.336,654.615,654.644
4685,4.336,654.615,654.644
4686,4.336,654.615,654.644
4687,4.336,654.615,654.644
4688,4.336,654.615,654.644
4689,4.336,654.615,654.644
4690,4.336,654.615,654.644
4691,4.336,654.615,654.644
4692,4.336,654.615,654.644
4693,4.336,654.615,654.644
4694,4.336,654.615,654.644
4695,4.336,654.615,654.644
4696,4.336,654.615,654.644
4697,4.336,654.615,654.644
4698,4.336,654.615,654.644
4699,4.336,654.615,654.644
4700,4.336,654.615,654.644
4701,4.336,654.615,654.644
4702,4.336,654.615,654.644
4703,4.336,654.615,654.644
4704,4.336,654.615,654.644
4705,4.336,654.615,654.644
4706,4.336,654.615,654.644
4707,4.336,654.615,654.644
4708,4.336,654.615,654.644
4709,4.336,654.615,654.644
4710,4.336,654.615,654.644
4711,4.336,654.615,654.644
4712,4.336,654.615,654.644
4713,4.336,654.615,654.644
4714,4.336,654.615,654.644
4715,4.336,654.615,654.644
4716,4.336,654.615,654.644
4717,4.336,654.615,654.644
4718,4.336,654.615,654.644
4719,4.336,654.615,654.644
4720,4.336,654.615,654.644
4721,4.336,654.615,654.644
4722,4.336,654.615,654.644
4723,4.336,654.615,654.644
4724,4.336,654.615,654.644
4725,4.336,654.615,654.644
4726,4.336,654.615,654.644
4727,4.336,654.615,654.644
4728,4.336,654.615,654.644
4729,4.336,654.615,654.644
4730,4.336,654.615,654.644
4731,4.336,654.615,654.644
4732,4.336,654.615,654.644
4733,4.336,654.615,654.644
4734,4.336,654.615,654.644
4735,4.336,654.615,654.644
4736,4.336,654.615,654.644
4737,4.336,654.615,654.644
4738,4.336,654.615,654.644
4739,4.336,654.615,654.644
4740,4.336,654.615,654.644
4741,4.336,654.615,654.644
4742,4.336,654.615,654.644
4743,4.336,654.615,654.644
4744,4.336,654.615,654.644
4745,4.336,654.615,654.644
4746,4.336,654.615,654.644
4747,4.336,654.615,654.644
4748,4.336,654.615,654.644
4749,4.336,654.615,654.644
4750,4.336,654.615,654.644
4751,4.336,654.615,654.644
4752,4.336,654.615,654.644
4753,4.336,654.615,654.644
4754,4.336,654.615,654.644
4755,4.336,654.615,654.644
4756,4.336,654.615,654.644
4757,4.336,654.615,654.644
4758,4.336,654.615,654.644
4759,4.336,654.615,654.644
4760,4.336,654.615,654.644
4761,4.336,654.615,654.644
4762,4.336,654.615,654.644
4763,4.336,654.615,654.644
4764,4.336,654.615,654.644
4765,4.336,654.615,654.644
4766,4.336,654.615,654.644
4767,4.336,654.615,654.644
4768,4.336,654.615,654.644
4769,4.336,654.615,654.644
4770,4.336,654.615,654.644
4771,4.336,654.615,654.644
4772,4.336,654.615,654.644
4773,4.336,654.615,654.644
4774,4.336,654.615,654.644
4775,4.336,654.615,654.644
4776,4.336,654.615,654.644
4777,4.336,654.615,654.644
4778,4.336,654.615,654.644
4779,4.336,654.615,654.644
4780,4.336,654.615,654.644
4781,4.336,654.615,654.644
4782,4.336,654.615,654.644
4783,4.336,654.615,654.644
4784,4.336,654.615,654.644
4785,4.336,654.615,654.644
4786,4.336,654.615,654.644
4787,4.336,654.615,654.644
4788,4.336,654.615,654.644
4789,4.336,654.615,654.644
4790,4.336,654.615,654.644
4791,4.336,654.615,654.644
4792,4.336,654.615,654.644
4793,4.336,654.615,654.644
4794,4.336,654.615,654.644
4795,4.336,654.615,654.644
4796,4.336,654.615,654.644
4797,4.336,654.615,654.644
4798,4.336,654.615,654.644
4799,4.336,654.615,654.644
4800,4.336,654.615,654.644
4801,4.336,654.615,654.644
4802,4.336,654.615,654.644
4803,4.336,654.615,654.644
4804,4.336,654.615,654.644
4805,4.336,654.615,654.644
4806,4.336,654.615,654.644
4807,4.336,654.615,654.644
4808,4.336,654.615,654.644
4809,4.336,654.615,654.644
4810,4.336,654.615,654.644
4811,4.336,654.615,654.644
4812,4.336,654.615,654.644
4813,4.336,654.615,654.644
4814,4.336,654.615,654.644
4815,4.336,654.615,654.644
4816,4.336,654.615,654.644
4817,4.336,654.615,654.644
4818,4.336,654.615,654.644
4819,4.336,654.615,654.644
4820,4.336,654.615,654.644
4821,4.336,654.615,654.644
4822,4.336,654.615,654.644
4823,4.336,654.615,654.644
4824,4.336,654.615,654.644
4825,4.336,654.615,654.644
4826,4.336,654.615,654.644
4827,4.336,654.615,654.644
4828,4.336,654.615,654.644
4829,4.336,654.615,654.644
4830,4.336,654.615,654.644
4831,4.336,654.615,654.644
4832,4.336,654.615,654.644
4833,4.336,654.615,654.644
4834,4.336,654.615,654.644
4835,4.336,654.615,654.644
4836,4.336,654.615,654.644
4837,4.336,654.615,654.644
4838,4.336,654.615,654.644
4839,4.336,654.615,654.644
4840,4.336,654.615,654.644
4841,4.336,654.615,654.644
4842,4.336,654.615,654.644
4843,4.336,654.615,654.644
4844,4.336,654.615,654.644
4845,4.336,654.615,654.644
4846,4.336,654.615,654.644
4847,4.336,654.615,654.644
4848,4.336,654.615,654.644
4849,4.336,654.615,654.644
4850,4.336,654.615,654.644
4851,4.336,654.615,654.644
4852,4.336,654.615,654.644
4853,4.336,654.615,654.644
4854,4.336,654.615,654.644
4855,4.336,654.615,654.644
4856,4.336,654.615,654.644
4857,4.336,654.615,654.644
4858,4.336,654.615,654.644
4859,4.336,654.615,654.644
4860,4.336,654.615,654.644
4861,4.336,654.615,654.644
4862,4.336,654.615,654.644
4863,4.336,654.615,654.644
4864,4.336,654.615,654.644
4865,4.336,654.615,654.644
4866,4.336,654.615,654.644
4867,4.336,654.615,654.644
4868,4.336,654.615,654.644
4869,4.336,654.615,654.644
4870,4.336,654.615,654.644
4871,4.336,654.615,654.644
4872,4.336,654.615,654.644
4873,4.336,654.615,654.644
4874,4.336,654.615,654.644
4875,4.336,654.615,654.644
4876,4.336,654.615,654.644
4877,4.336,654.615,654.644
4878,4.336,654.615,654.644
4879,4.336,654.615,654.644
4880,4.336,654.615,654.644
4881,4.336,654.615,654.644
4882,4.336,654.615,654.644
4883,4.336,654.615,654.644
4884,4.336,654.615,654.644
4885,4.336,654.615,654.644
4886,4.336,654.615,654.644
4887,4.336,654.615,654.644
4888,4.336,654.615,654.644
4889,4.336,654.615,654.644
4890,4.336,654.615,654.644
4891,4.336,654.615,654.644
4892,4.336,654.615,654.644
4893,4.336,654.615,654.644
4894,4.336,654.615,654.644
4895,4.336,654.615,654.644
4896,4.336,654.615,654.644
4897,4.336,654.615,654.644
4898,4.336,654.615,654.644
4899,4.336,654.615,654.644
4900,4.336,654.615,654.644
4901,4.336,654.615,654.644
4902,4.336,654.615,654.644
4903,4.336,654.615,654.644
4904,4.336,654.615,654.644
4905,4.336,654.615,654.644
4906,4.336,654.615,654.644
4907,4.336,654.615,654.644
4908,4.336,654.615,654.644
4909,4.336,654.615,654.644
4910,4.336,654.615,654.644
4911,4.336,654.615,654.644
4912,4.336,654.615,654.644
4913,4.336,654.615,654.644
4914,4.336,654.615,654.644
4915,4.336,654.615,654.644
4916,4.336,654.615,654.644
4917,4.336,654.615,654.644
4918,4.336,654.615,654.644
4919,4.336,654.615,654.644
4920,4.336,654.615,654.644
4921,4.336,654.615,654.644
4922,4.336,654.615,654.644
4923,4.336,654.615,654.644
4924,4.336,654.615,654.644
4925,4.336,654.615,654.644
4926,4.336,654.615,654.644
4927,4.336,654.615,654.644
4928,4.336,654.615,654.644
4929,4.336,654.615,654.644
4930,4.336,654.615,654.644
4931,4.336,654.615,654.644
4932,4.336,654.615,654.644
4933,4.336,654.615,654.644
4934,4.336,654.615,654.644
4935,4.336,654.615,654.644
4936,4.336,654.615,654.644
4937,4.336,654.615,654.644
4938,4.336,654.615,654.644
4939,4.336,654.615,654.644
4940,4.336,654.615,654.644
4941,4.336,654.615,654.644
4942,4.336,654.615,654.644
4943,4.336,654.615,654.644
4944,4.336,654.615,654.644
4945,4.336,654.615,654.644
4946,4.336,654.615,654.644
4947,4.336,654.615,654.644
4948,4.336,654.615,654.644
4949,4.336,654.615,654.644
4950,4.336,654.615,654.644
4951,4.336,654.615,654.644
4952,4.336,654.615,654.644
4953,4.336,654.615,654.644
4954,4.336,654.615,654.644
4955,4.336,654.615,654.644
4956,4.336,654.615,654.644
4957,4.336,654.615,654.644
4958,4.336,654.615,654.644
4959,4.336,654.615,654.644
4960,4.336,654.615,654.644
4961,4.336,654.615,654.644
4962,4.336,654.615,654.644
4963,4.336,654.615,654.644
4964,4.336,654.615,654.644
4965,4.336,654.615,654.644
4966,4.336,654.615,654.644
4967,4.336,654.615,654.644
4968,4.336,654.615,654.644
4969,4.336,654.615,654.644
4970,4.336,654.615,654.644
4971,4.336,654.615,654.644
4972,4.336,654.615,654.644
4973,4.336,654.615,654.644
4974,4.336,654.615,654.644
4975,4.336,654.615,654.644
4976,4.336,654.615,654.644
4977,4.336,654.615,654.644
4978,4.336,654.615,654.644
4979,4.336,654.615,654.644
4980,4.336,654.615,654.644
4981,4.336,654.615,654.644
4982,4.336,654.615,654.644
4983,4.336,654.615,654.644
4984,4.336,654.615,654.644
4985,4.336,654.615,654.644
4986,4.336,654.615,654.644
4987,4.336,654.615,654.644
4988,4.336,654.615,654.644
4989,4.336,654.615,654.644
4990,4.336,654.615,654.644
4991,4.336,654.615,654.644
4992,4.336,654.615,654.644
4993,4.336,654.615,654.644
4994,4.336,654.615,654.644
4995,4.336,654.615,654.644
4996,4.336,654.615,654.644
4997,4.336,654.615,654.644
4998,4.336,654.615,654.644
4999,4.336,654.615,654.644
