# Time (s),Mass (g),T Back (K),T Front (K)
0,22.800,293.000,293.000
1,22.800,293.000,338.067
2,22.800,293.000,349.126
3,22.800,293.009,357.367
4,22.800,293.055,364.152
5,22.800,293.179,370.187
6,22.800,293.417,375.440
7,22.800,293.800,380.354
8,22.800,294.348,384.738
9,22.800,295.064,388.912
10,22.800,295.947,392.707
11,22.800,296.984,396.359
12,22.800,298.161,399.724
13,22.800,299.462,402.985
14,22.800,300.873,406.019
15,22.800,302.376,408.974
16,22.800,303.963,411.745
17,22.800,305.615,414.455
18,22.800,307.328,417.012
19,22.800,309.087,419.520
20,22.800,310.889,421.899
21,22.800,312.720,424.240
22,22.800,314.581,426.471
23,22.800,316.459,428.671
24,22.800,318.356,430.775
25,22.800,320.262,432.854
26,22.800,322.180,434.850
27,22.800,324.098,436.825
28,22.800,326.022,438.726
29,22.800,327.943,440.610
30,22.800,329.864,442.428
31,22.800,331.778,444.232
32,22.800,333.689,445.977
33,22.800,335.591,447.709
34,22.800,337.487,449.388
35,22.800,339.370,451.055
36,22.800,341.247,452.674
37,22.800,343.109,454.283
38,22.800,344.964,455.848
39,22.800,346.803,457.405
40,22.800,348.632,458.925
41,22.800,350.448,460.427
42,22.800,352.249,461.911
43,22.800,354.036,463.368
44,22.800,355.810,464.803
45,22.800,357.571,466.218
46,22.800,359.317,467.613
47,22.800,361.050,468.988
48,22.800,362.769,470.344
49,22.800,364.474,471.683
50,22.799,366.165,473.002
51,22.799,367.842,474.305
52,22.799,369.507,475.592
53,22.799,371.156,476.860
54,22.799,372.794,478.113
55,22.799,374.417,479.350
56,22.799,376.028,480.571
57,22.799,377.625,481.779
58,22.799,379.210,482.970
59,22.799,380.781,484.148
60,22.799,382.339,485.312
61,22.798,383.885,486.463
62,22.798,385.418,487.599
63,22.798,386.938,488.724
64,22.798,388.447,489.835
65,22.798,389.943,490.934
66,22.798,391.427,492.020
67,22.797,392.898,493.093
68,22.797,394.357,494.155
69,22.797,395.805,495.206
70,22.797,397.242,496.244
71,22.796,398.666,497.272
72,22.796,400.078,498.287
73,22.796,401.480,499.293
74,22.795,402.871,500.287
75,22.795,404.250,501.272
76,22.795,405.618,502.244
77,22.794,406.975,503.207
78,22.794,408.322,504.160
79,22.793,409.658,505.103
80,22.793,410.983,506.035
81,22.792,412.297,506.958
82,22.792,413.602,507.872
83,22.791,414.897,508.775
84,22.791,416.180,509.670
85,22.790,417.454,510.555
86,22.790,418.718,511.431
87,22.789,419.972,512.299
88,22.788,421.216,513.157
89,22.787,422.450,514.007
90,22.787,423.675,514.848
91,22.786,424.891,515.680
92,22.785,426.097,516.505
93,22.784,427.293,517.321
94,22.783,428.480,518.128
95,22.782,429.657,518.928
96,22.781,430.826,519.720
97,22.780,431.986,520.504
98,22.779,433.137,521.280
99,22.778,434.278,522.049
100,22.777,435.411,522.810
101,22.776,436.535,523.564
102,22.774,437.650,524.311
103,22.773,438.757,525.050
104,22.771,439.854,525.783
105,22.770,440.944,526.508
106,22.769,442.025,527.226
107,22.767,443.097,527.938
108,22.765,444.161,528.642
109,22.764,445.217,529.341
110,22.762,446.264,530.034
111,22.760,447.302,530.718
112,22.759,448.334,531.398
113,22.757,449.357,532.071
114,22.755,450.371,532.737
115,22.753,451.378,533.398
116,22.751,452.376,534.053
117,22.749,453.367,534.703
118,22.746,454.349,535.345
119,22.744,455.324,535.983
120,22.742,456.292,536.615
121,22.739,457.250,537.241
122,22.737,458.201,537.862
123,22.735,459.145,538.478
124,22.732,460.081,539.088
125,22.729,461.010,539.693
126,22.727,461.930,540.294
127,22.724,462.843,540.888
128,22.721,463.748,541.478
129,22.718,464.647,542.063
130,22.715,465.538,542.643
131,22.712,466.420,543.218
132,22.709,467.296,543.789
133,22.706,468.164,544.355
134,22.703,469.026,544.917
135,22.699,469.879,545.473
136,22.696,470.726,546.026
137,22.692,471.566,546.573
138,22.689,472.397,547.117
139,22.685,473.222,547.656
140,22.682,474.040,548.191
141,22.678,474.851,548.722
142,22.674,475.654,549.249
143,22.670,476.451,549.772
144,22.666,477.241,550.290
145,22.662,478.024,550.805
146,22.658,478.800,551.315
147,22.654,479.569,551.822
148,22.649,480.331,552.324
149,22.645,481.086,552.824
150,22.640,481.835,553.319
151,22.636,482.577,553.811
152,22.631,483.313,554.298
153,22.627,484.041,554.782
154,22.622,484.763,555.263
155,22.617,485.480,555.740
156,22.612,486.189,556.213
157,22.607,486.892,556.683
158,22.602,487.588,557.149
159,22.597,488.278,557.612
160,22.592,488.962,558.072
161,22.586,489.640,558.528
162,22.581,490.311,558.981
163,22.575,490.976,559.430
164,22.570,491.636,559.876
165,22.564,492.289,560.319
166,22.559,492.936,560.759
167,22.553,493.577,561.195
168,22.547,494.212,561.629
169,22.541,494.842,562.059
170,22.535,495.467,562.487
171,22.529,496.085,562.910
172,22.523,496.697,563.332
173,22.516,497.305,563.749
174,22.510,497.906,564.165
175,22.504,498.503,564.577
176,22.497,499.094,564.986
177,22.491,499.679,565.393
178,22.484,500.260,565.796
179,22.477,500.836,566.196
180,22.470,501.405,566.593
181,22.464,501.970,566.988
182,22.457,502.531,567.380
183,22.450,503.086,567.770
184,22.443,503.637,568.157
185,22.435,504.183,568.540
186,22.428,504.725,568.921
187,22.421,505.261,569.299
188,22.413,505.793,569.675
189,22.406,506.321,570.048
190,22.398,506.845,570.419
191,22.391,507.364,570.786
192,22.383,507.878,571.151
193,22.375,508.389,571.514
194,22.367,508.896,571.874
195,22.360,509.399,572.231
196,22.352,509.897,572.586
197,22.343,510.392,572.939
198,22.335,510.884,573.289
199,22.327,511.371,573.637
200,22.319,511.854,573.982
201,22.311,512.335,574.325
202,22.302,512.811,574.665
203,22.294,513.285,575.004
204,22.285,513.754,575.339
205,22.277,514.221,575.672
206,22.268,514.685,576.004
207,22.259,515.145,576.332
208,22.250,515.602,576.659
209,22.241,516.056,576.983
210,22.232,516.507,577.306
211,22.223,516.956,577.626
212,22.214,517.401,577.944
213,22.205,517.844,578.259
214,22.196,518.284,578.572
215,22.187,518.721,578.883
216,22.177,519.156,579.192
217,22.168,519.588,579.499
218,22.158,520.017,579.804
219,22.149,520.445,580.107
220,22.139,520.870,580.407
221,22.130,521.293,580.706
222,22.120,521.713,581.002
223,22.110,522.131,581.296
224,22.100,522.547,581.590
225,22.090,522.960,581.880
226,22.080,523.373,582.169
227,22.070,523.782,582.455
228,22.060,524.190,582.739
229,22.050,524.596,583.022
230,22.040,525.000,583.303
231,22.029,525.403,583.583
232,22.019,525.803,583.860
233,22.008,526.201,584.134
234,21.998,526.598,584.408
235,21.987,526.993,584.680
236,21.977,527.387,584.949
237,21.966,527.778,585.218
238,21.955,528.169,585.484
239,21.944,528.557,585.748
240,21.933,528.944,586.010
241,21.922,529.330,586.271
242,21.911,529.714,586.530
243,21.900,530.097,586.788
244,21.889,530.478,587.043
245,21.878,530.858,587.297
246,21.866,531.236,587.550
247,21.855,531.614,587.800
248,21.844,531.990,588.049
249,21.832,532.364,588.296
250,21.820,532.738,588.542
251,21.809,533.110,588.786
252,21.797,533.481,589.028
253,21.785,533.851,589.269
254,21.773,534.219,589.508
255,21.762,534.587,589.746
256,21.750,534.953,589.982
257,21.737,535.318,590.217
258,21.725,535.683,590.450
259,21.713,536.046,590.681
260,21.701,536.407,590.911
261,21.688,536.768,591.140
262,21.676,537.128,591.367
263,21.664,537.487,591.593
264,21.651,537.844,591.817
265,21.638,538.201,592.039
266,21.626,538.556,592.259
267,21.613,538.911,592.480
268,21.600,539.265,592.698
269,21.587,539.617,592.914
270,21.574,539.969,593.130
271,21.561,540.320,593.344
272,21.548,540.669,593.557
273,21.535,541.018,593.768
274,21.521,541.367,593.978
275,21.508,541.714,594.186
276,21.494,542.059,594.393
277,21.481,542.405,594.600
278,21.467,542.749,594.803
279,21.453,543.092,595.006
280,21.440,543.435,595.208
281,21.426,543.776,595.408
282,21.412,544.117,595.608
283,21.398,544.457,595.807
284,21.384,544.796,596.003
285,21.370,545.134,596.198
286,21.355,545.471,596.393
287,21.341,545.808,596.585
288,21.326,546.143,596.776
289,21.312,546.477,596.967
290,21.297,546.811,597.156
291,21.283,547.143,597.344
292,21.268,547.476,597.532
293,21.253,547.807,597.717
294,21.238,548.137,597.901
295,21.223,548.467,598.085
296,21.208,548.795,598.266
297,21.193,549.123,598.447
298,21.178,549.450,598.627
299,21.162,549.776,598.805
300,21.147,550.101,598.982
301,21.131,550.426,599.159
302,21.116,550.749,599.334
303,21.100,551.072,599.508
304,21.084,551.394,599.681
305,21.068,551.714,599.852
306,21.052,552.035,600.023
307,21.036,552.354,600.193
308,21.020,552.672,600.362
309,21.004,552.990,600.530
310,20.987,553.307,600.696
311,20.971,553.623,600.861
312,20.955,553.938,601.026
313,20.938,554.252,601.189
314,20.921,554.566,601.351
315,20.904,554.878,601.513
316,20.888,555.190,601.672
317,20.871,555.501,601.832
318,20.854,555.811,601.990
319,20.836,556.120,602.147
320,20.819,556.429,602.304
321,20.802,556.736,602.459
322,20.785,557.043,602.613
323,20.767,557.349,602.767
324,20.749,557.653,602.918
325,20.732,557.958,603.070
326,20.714,558.261,603.221
327,20.696,558.563,603.370
328,20.678,558.865,603.519
329,20.660,559.165,603.666
330,20.642,559.465,603.813
331,20.624,559.764,603.960
332,20.605,560.062,604.104
333,20.587,560.359,604.248
334,20.569,560.656,604.392
335,20.550,560.952,604.534
336,20.531,561.245,604.676
337,20.512,561.540,604.816
338,20.494,561.832,604.955
339,20.475,562.125,605.095
340,20.456,562.415,605.232
341,20.437,562.705,605.370
342,20.417,562.995,605.506
343,20.398,563.283,605.641
344,20.379,563.571,605.776
345,20.359,563.857,605.909
346,20.339,564.143,606.043
347,20.320,564.428,606.175
348,20.300,564.712,606.305
349,20.280,564.996,606.437
350,20.260,565.277,606.566
351,20.240,565.559,606.695
352,20.220,565.839,606.823
353,20.200,566.119,606.950
354,20.180,566.397,607.077
355,20.159,566.675,607.203
356,20.139,566.952,607.328
357,20.118,567.228,607.453
358,20.098,567.502,607.576
359,20.077,567.776,607.699
360,20.056,568.049,607.821
361,20.035,568.321,607.942
362,20.014,568.593,608.063
363,19.993,568.864,608.182
364,19.972,569.133,608.302
365,19.951,569.401,608.420
366,19.929,569.669,608.538
367,19.908,569.935,608.656
368,19.887,570.201,608.771
369,19.865,570.465,608.887
370,19.843,570.729,609.002
371,19.822,570.992,609.116
372,19.800,571.254,609.231
373,19.778,571.515,609.343
374,19.756,571.775,609.455
375,19.734,572.034,609.567
376,19.712,572.292,609.678
377,19.690,572.549,609.788
378,19.668,572.805,609.897
379,19.645,573.061,610.007
380,19.623,573.315,610.115
381,19.600,573.568,610.223
382,19.578,573.820,610.330
383,19.555,574.071,610.437
384,19.533,574.322,610.543
385,19.510,574.571,610.648
386,19.487,574.819,610.753
387,19.464,575.067,610.857
388,19.441,575.314,610.961
389,19.418,575.559,611.063
390,19.395,575.804,611.166
391,19.372,576.047,611.267
392,19.349,576.290,611.370
393,19.326,576.531,611.469
394,19.303,576.772,611.570
395,19.279,577.011,611.668
396,19.256,577.250,611.768
397,19.232,577.487,611.865
398,19.209,577.723,611.964
399,19.185,577.958,612.060
400,19.162,578.193,612.158
401,19.138,578.426,612.253
402,19.114,578.658,612.349
403,19.090,578.889,612.443
404,19.066,579.119,612.538
405,19.043,579.348,612.631
406,19.019,579.577,612.725
407,18.995,579.803,612.817
408,18.971,580.029,612.910
409,18.946,580.254,613.001
410,18.922,580.479,613.093
411,18.898,580.702,613.182
412,18.874,580.923,613.273
413,18.850,581.144,613.362
414,18.825,581.364,613.452
415,18.801,581.582,613.539
416,18.777,581.799,613.628
417,18.752,582.016,613.714
418,18.728,582.231,613.802
419,18.703,582.445,613.887
420,18.679,582.658,613.974
421,18.654,582.870,614.059
422,18.630,583.081,614.145
423,18.605,583.291,614.228
424,18.580,583.500,614.313
425,18.556,583.707,614.395
426,18.531,583.914,614.480
427,18.506,584.119,614.561
428,18.481,584.323,614.644
429,18.456,584.526,614.724
430,18.432,584.728,614.807
431,18.407,584.929,614.887
432,18.382,585.129,614.968
433,18.357,585.327,615.047
434,18.332,585.524,615.127
435,18.307,585.721,615.205
436,18.282,585.917,615.284
437,18.257,586.111,615.362
438,18.232,586.304,615.440
439,18.207,586.495,615.516
440,18.182,586.686,615.594
441,18.157,586.875,615.669
442,18.132,587.063,615.746
443,18.107,587.250,615.820
444,18.082,587.436,615.896
445,18.057,587.621,615.969
446,18.032,587.804,616.044
447,18.007,587.987,616.117
448,17.982,588.169,616.191
449,17.957,588.349,616.263
450,17.932,588.528,616.337
451,17.907,588.706,616.407
452,17.882,588.882,616.480
453,17.857,589.058,616.550
454,17.832,589.232,616.622
455,17.807,589.405,616.691
456,17.781,589.577,616.762
457,17.756,589.748,616.831
458,17.731,589.917,616.901
459,17.706,590.085,616.969
460,17.681,590.253,617.038
461,17.656,590.420,617.105
462,17.631,590.584,617.174
463,17.606,590.748,617.240
464,17.581,590.911,617.308
465,17.556,591.072,617.374
466,17.531,591.232,617.441
467,17.506,591.391,617.506
468,17.481,591.549,617.572
469,17.456,591.705,617.637
470,17.431,591.861,617.702
471,17.406,592.015,617.766
472,17.381,592.168,617.831
473,17.356,592.321,617.893
474,17.332,592.472,617.957
475,17.307,592.622,618.019
476,17.282,592.770,618.083
477,17.257,592.917,618.144
478,17.232,593.064,618.206
479,17.207,593.209,618.267
480,17.183,593.352,618.329
481,17.158,593.495,618.389
482,17.133,593.637,618.450
483,17.109,593.777,618.509
484,17.084,593.916,618.570
485,17.059,594.055,618.628
486,17.035,594.193,618.688
487,17.010,594.329,618.746
488,16.985,594.463,618.805
489,16.961,594.597,618.862
490,16.936,594.730,618.921
491,16.912,594.861,618.977
492,16.887,594.991,619.035
493,16.863,595.121,619.091
494,16.838,595.249,619.148
495,16.814,595.376,619.203
496,16.790,595.502,619.260
497,16.765,595.627,619.314
498,16.741,595.751,619.370
499,16.717,595.874,619.424
500,16.693,595.996,619.480
501,16.668,596.116,619.533
502,16.644,596.236,619.588
503,16.620,596.354,619.640
504,16.596,596.472,619.694
505,16.572,596.588,619.746
506,16.548,596.704,619.800
507,16.524,596.818,619.851
508,16.500,596.931,619.904
509,16.476,597.044,619.955
510,16.452,597.155,620.007
511,16.428,597.265,620.058
512,16.404,597.375,620.109
513,16.380,597.484,620.160
514,16.357,597.591,620.210
515,16.333,597.698,620.260
516,16.309,597.803,620.310
517,16.285,597.908,620.359
518,16.262,598.011,620.409
519,16.238,598.114,620.457
520,16.215,598.215,620.507
521,16.191,598.316,620.554
522,16.168,598.416,620.603
523,16.144,598.515,620.650
524,16.121,598.613,620.699
525,16.097,598.710,620.745
526,16.074,598.806,620.793
527,16.051,598.901,620.839
528,16.028,598.996,620.886
529,16.004,599.090,620.931
530,15.981,599.183,620.978
531,15.958,599.275,621.023
532,15.935,599.366,621.069
533,15.912,599.456,621.114
534,15.889,599.545,621.159
535,15.866,599.633,621.203
536,15.843,599.721,621.249
537,15.820,599.808,621.292
538,15.797,599.894,621.337
539,15.774,599.979,621.380
540,15.751,600.064,621.424
541,15.729,600.147,621.466
542,15.706,600.230,621.510
543,15.683,600.313,621.552
544,15.660,600.394,621.596
545,15.638,600.475,621.637
546,15.615,600.555,621.680
547,15.593,600.635,621.721
548,15.570,600.713,621.764
549,15.548,600.791,621.804
550,15.525,600.868,621.846
551,15.503,600.945,621.886
552,15.481,601.021,621.928
553,15.458,601.096,621.968
554,15.436,601.170,622.009
555,15.414,601.244,622.048
556,15.392,601.317,622.089
557,15.370,601.389,622.128
558,15.347,601.461,622.168
559,15.325,601.532,622.207
560,15.303,601.602,622.247
561,15.281,601.672,622.285
562,15.259,601.742,622.325
563,15.238,601.810,622.362
564,15.216,601.878,622.402
565,15.194,601.946,622.439
566,15.172,602.013,622.478
567,15.150,602.079,622.515
568,15.129,602.145,622.554
569,15.107,602.211,622.591
570,15.085,602.276,622.628
571,15.064,602.340,622.665
572,15.042,602.403,622.702
573,15.021,602.466,622.739
574,14.999,602.529,622.776
575,14.978,602.591,622.812
576,14.956,602.652,622.849
577,14.935,602.713,622.885
578,14.914,602.774,622.921
579,14.893,602.834,622.957
580,14.871,602.893,622.993
581,14.850,602.952,623.028
582,14.829,603.011,623.064
583,14.808,603.069,623.098
584,14.787,603.127,623.134
585,14.766,603.184,623.168
586,14.745,603.241,623.204
587,14.724,603.297,623.238
588,14.703,603.353,623.273
589,14.682,603.408,623.306
590,14.661,603.464,623.342
591,14.640,603.518,623.375
592,14.620,603.573,623.409
593,14.599,603.626,623.442
594,14.578,603.680,623.477
595,14.557,603.733,623.510
596,14.537,603.786,623.544
597,14.516,603.838,623.576
598,14.496,603.890,623.610
599,14.475,603.941,623.642
600,14.455,603.993,623.676
601,14.434,604.044,623.708
602,14.414,604.095,623.742
603,14.393,604.145,623.773
604,14.373,604.195,623.807
605,14.353,604.245,623.838
606,14.333,604.294,623.871
607,14.312,604.343,623.902
608,14.292,604.391,623.935
609,14.272,604.440,623.966
610,14.252,604.488,623.999
611,14.232,604.535,624.029
612,14.212,604.583,624.062
613,14.192,604.630,624.092
614,14.172,604.676,624.125
615,14.152,604.723,624.155
616,14.132,604.769,624.187
617,14.112,604.815,624.217
618,14.092,604.861,624.249
619,14.072,604.906,624.279
620,14.053,604.951,624.311
621,14.033,604.996,624.341
622,14.013,605.041,624.372
623,13.994,605.085,624.402
624,13.974,605.129,624.433
625,13.954,605.173,624.463
626,13.935,605.217,624.494
627,13.915,605.261,624.523
628,13.896,605.304,624.554
629,13.876,605.347,624.583
630,13.857,605.390,624.614
631,13.837,605.432,624.643
632,13.818,605.475,624.674
633,13.799,605.517,624.703
634,13.780,605.559,624.733
635,13.760,605.601,624.762
636,13.741,605.642,624.792
637,13.722,605.684,624.821
638,13.703,605.725,624.851
639,13.684,605.766,624.880
640,13.664,605.807,624.910
641,13.645,605.848,624.938
642,13.626,605.888,624.968
643,13.607,605.928,624.996
644,13.588,605.969,625.026
645,13.569,606.009,625.054
646,13.550,606.049,625.084
647,13.532,606.088,625.112
648,13.513,606.128,625.141
649,13.494,606.167,625.169
650,13.475,606.206,625.199
651,13.456,606.246,625.227
652,13.438,606.285,625.256
653,13.419,606.323,625.284
654,13.400,606.362,625.313
655,13.382,606.401,625.340
656,13.363,606.439,625.370
657,13.344,606.477,625.397
658,13.326,606.516,625.426
659,13.307,606.554,625.453
660,13.289,606.592,625.483
661,13.270,606.629,625.510
662,13.252,606.667,625.539
663,13.234,606.705,625.566
664,13.215,606.742,625.595
665,13.197,606.780,625.622
666,13.179,606.817,625.651
667,13.160,606.854,625.678
668,13.142,606.891,625.706
669,13.124,606.928,625.733
670,13.106,606.965,625.762
671,13.087,607.002,625.789
672,13.069,607.039,625.817
673,13.051,607.076,625.844
674,13.033,607.112,625.872
675,13.015,607.149,625.899
676,12.997,607.185,625.928
677,12.979,607.222,625.954
678,12.961,607.258,625.983
679,12.943,607.294,626.009
680,12.925,607.330,626.037
681,12.907,607.366,626.064
682,12.889,607.402,626.092
683,12.871,607.438,626.119
684,12.854,607.474,626.147
685,12.836,607.509,626.173
686,12.818,607.545,626.201
687,12.800,607.581,626.228
688,12.783,607.616,626.256
689,12.765,607.652,626.282
690,12.747,607.687,626.310
691,12.730,607.722,626.336
692,12.712,607.758,626.364
693,12.694,607.793,626.390
694,12.677,607.828,626.418
695,12.659,607.863,626.444
696,12.642,607.899,626.472
697,12.624,607.934,626.498
698,12.607,607.969,626.526
699,12.589,608.004,626.552
700,12.572,608.039,626.580
701,12.555,608.073,626.606
702,12.537,608.108,626.634
703,12.520,608.143,626.660
704,12.503,608.178,626.688
705,12.485,608.213,626.714
706,12.468,608.247,626.742
707,12.451,608.282,626.767
708,12.434,608.317,626.795
709,12.416,608.351,626.821
710,12.399,608.386,626.849
711,12.382,608.421,626.875
712,12.365,608.455,626.902
713,12.348,608.490,626.928
714,12.331,608.524,626.956
715,12.314,608.559,626.982
716,12.297,608.593,627.009
717,12.280,608.628,627.035
718,12.263,608.662,627.063
719,12.246,608.696,627.088
720,12.229,608.731,627.116
721,12.212,608.765,627.142
722,12.195,608.800,627.169
723,12.178,608.834,627.195
724,12.161,608.868,627.223
725,12.145,608.903,627.248
726,12.128,608.937,627.276
727,12.111,608.971,627.301
728,12.094,609.006,627.329
729,12.078,609.040,627.355
730,12.061,609.074,627.382
731,12.044,609.108,627.408
732,12.028,609.143,627.435
733,12.011,609.177,627.461
734,11.994,609.211,627.488
735,11.978,609.246,627.514
736,11.961,609.280,627.542
737,11.945,609.314,627.567
738,11.928,609.348,627.595
739,11.912,609.383,627.620
740,11.895,609.417,627.648
741,11.879,609.451,627.673
742,11.862,609.485,627.701
743,11.846,609.520,627.726
744,11.830,609.554,627.754
745,11.813,609.588,627.779
746,11.797,609.623,627.807
747,11.780,609.657,627.832
748,11.764,609.691,627.860
749,11.748,609.725,627.885
750,11.732,609.760,627.913
751,11.715,609.794,627.938
752,11.699,609.829,627.966
753,11.683,609.863,627.991
754,11.667,609.897,628.019
755,11.651,609.932,628.045
756,11.635,609.966,628.072
757,11.618,610.000,628.098
758,11.602,610.035,628.125
759,11.586,610.069,628.151
760,11.570,610.104,628.178
761,11.554,610.138,628.204
762,11.538,610.173,628.231
763,11.522,610.207,628.257
764,11.506,610.242,628.284
765,11.490,610.276,628.310
766,11.474,610.311,628.337
767,11.459,610.345,628.363
768,11.443,610.380,628.390
769,11.427,610.415,628.416
770,11.411,610.449,628.443
771,11.395,610.484,628.469
772,11.379,610.518,628.497
773,11.364,610.553,628.522
774,11.348,610.588,628.550
775,11.332,610.623,628.575
776,11.316,610.657,628.603
777,11.301,610.692,628.628
778,11.285,610.727,628.656
779,11.269,610.762,628.681
780,11.254,610.797,628.709
781,11.238,610.832,628.735
782,11.223,610.866,628.762
783,11.207,610.901,628.788
784,11.192,610.936,628.815
785,11.176,610.971,628.841
786,11.160,611.006,628.869
787,11.145,611.041,628.894
788,11.130,611.076,628.922
789,11.114,611.112,628.947
790,11.099,611.147,628.975
791,11.083,611.182,629.001
792,11.068,611.217,629.028
793,11.053,611.252,629.054
794,11.037,611.288,629.082
795,11.022,611.323,629.107
796,11.007,611.358,629.135
797,10.991,611.393,629.161
798,10.976,611.429,629.188
799,10.961,611.464,629.214
800,10.945,611.500,629.242
801,10.930,611.535,629.268
802,10.915,611.571,629.295
803,10.900,611.606,629.321
804,10.885,611.642,629.349
805,10.870,611.677,629.374
806,10.855,611.713,629.402
807,10.839,611.749,629.428
808,10.824,611.784,629.456
809,10.809,611.820,629.481
810,10.794,611.856,629.509
811,10.779,611.892,629.535
812,10.764,611.928,629.563
813,10.749,611.963,629.589
814,10.734,611.999,629.617
815,10.719,612.035,629.642
816,10.704,612.071,629.670
817,10.690,612.107,629.696
818,10.675,612.143,629.724
819,10.660,612.179,629.750
820,10.645,612.216,629.778
821,10.630,612.252,629.803
822,10.615,612.288,629.831
823,10.601,612.324,629.857
824,10.586,612.360,629.885
825,10.571,612.397,629.911
826,10.556,612.433,629.939
827,10.542,612.469,629.965
828,10.527,612.506,629.993
829,10.512,612.542,630.019
830,10.498,612.579,630.047
831,10.483,612.615,630.073
832,10.468,612.652,630.101
833,10.454,612.689,630.127
834,10.439,612.725,630.155
835,10.425,612.762,630.181
836,10.410,612.799,630.209
837,10.395,612.836,630.235
838,10.381,612.872,630.263
839,10.366,612.909,630.289
840,10.352,612.946,630.317
841,10.338,612.983,630.343
842,10.323,613.020,630.371
843,10.309,613.057,630.397
844,10.294,613.095,630.426
845,10.280,613.132,630.452
846,10.266,613.169,630.480
847,10.251,613.206,630.506
848,10.237,613.244,630.534
849,10.223,613.281,630.560
850,10.208,613.318,630.588
851,10.194,613.356,630.615
852,10.180,613.393,630.643
853,10.166,613.431,630.669
854,10.151,613.468,630.697
855,10.137,613.506,630.723
856,10.123,613.544,630.752
857,10.109,613.581,630.778
858,10.095,613.619,630.806
859,10.081,613.657,630.833
860,10.067,613.695,630.861
861,10.053,613.733,630.887
862,10.038,613.771,630.916
863,10.024,613.809,630.942
864,10.010,613.847,630.970
865,9.996,613.885,630.996
866,9.982,613.923,631.025
867,9.968,613.961,631.051
868,9.955,614.000,631.080
869,9.941,614.038,631.106
870,9.927,614.076,631.135
871,9.913,614.115,631.161
872,9.899,614.153,631.190
873,9.885,614.192,631.216
874,9.871,614.230,631.244
875,9.857,614.269,631.271
876,9.844,614.307,631.299
877,9.830,614.346,631.326
878,9.816,614.385,631.354
879,9.802,614.424,631.381
880,9.789,614.462,631.410
881,9.775,614.501,631.436
882,9.761,614.540,631.465
883,9.747,614.579,631.491
884,9.734,614.618,631.520
885,9.720,614.657,631.546
886,9.707,614.697,631.575
887,9.693,614.736,631.602
888,9.679,614.775,631.630
889,9.666,614.814,631.657
890,9.652,614.854,631.686
891,9.639,614.893,631.712
892,9.625,614.932,631.741
893,9.612,614.972,631.768
894,9.598,615.012,631.797
895,9.585,615.051,631.823
896,9.571,615.091,631.852
897,9.558,615.130,631.879
898,9.545,615.170,631.908
899,9.531,615.210,631.934
900,9.518,615.250,631.963
901,9.504,615.290,631.990
902,9.491,615.330,632.019
903,9.478,615.370,632.046
904,9.465,615.410,632.075
905,9.451,615.450,632.102
906,9.438,615.490,632.131
907,9.425,615.531,632.157
908,9.412,615.571,632.187
909,9.398,615.611,632.213
910,9.385,615.652,632.242
911,9.372,615.692,632.269
912,9.359,615.733,632.298
913,9.346,615.773,632.325
914,9.333,615.814,632.354
915,9.320,615.854,632.381
916,9.306,615.895,632.411
917,9.293,615.936,632.437
918,9.280,615.977,632.467
919,9.267,616.018,632.494
920,9.254,616.059,632.523
921,9.241,616.100,632.550
922,9.228,616.141,632.579
923,9.215,616.182,632.606
924,9.203,616.223,632.636
925,9.190,616.264,632.663
926,9.177,616.305,632.692
927,9.164,616.347,632.719
928,9.151,616.388,632.748
929,9.138,616.430,632.775
930,9.125,616.471,632.805
931,9.112,616.513,632.832
932,9.100,616.554,632.861
933,9.087,616.596,632.889
934,9.074,616.638,632.918
935,9.061,616.680,632.945
936,9.049,616.721,632.975
937,9.036,616.763,633.002
938,9.023,616.805,633.031
939,9.011,616.847,633.059
940,8.998,616.889,633.088
941,8.985,616.932,633.116
942,8.973,616.974,633.145
943,8.960,617.016,633.172
944,8.948,617.058,633.202
945,8.935,617.101,633.229
946,8.923,617.143,633.259
947,8.910,617.186,633.286
948,8.898,617.228,633.316
949,8.885,617.271,633.344
950,8.873,617.313,633.373
951,8.860,617.356,633.401
952,8.848,617.399,633.430
953,8.835,617.442,633.458
954,8.823,617.485,633.488
955,8.811,617.528,633.515
956,8.798,617.571,633.545
957,8.786,617.614,633.573
958,8.774,617.657,633.602
959,8.761,617.700,633.630
960,8.749,617.743,633.660
961,8.737,617.787,633.687
962,8.724,617.830,633.717
963,8.712,617.873,633.745
964,8.700,617.917,633.775
965,8.688,617.960,633.803
966,8.676,618.004,633.833
967,8.664,618.048,633.860
968,8.651,618.091,633.890
969,8.639,618.135,633.918
970,8.627,618.179,633.948
971,8.615,618.223,633.976
972,8.603,618.267,634.006
973,8.591,618.311,634.034
974,8.579,618.355,634.064
975,8.567,618.399,634.091
976,8.555,618.443,634.122
977,8.543,618.488,634.149
978,8.531,618.532,634.180
979,8.519,618.576,634.208
980,8.507,618.621,634.238
981,8.495,618.665,634.266
982,8.483,618.710,634.296
983,8.471,618.754,634.324
984,8.460,618.799,634.354
985,8.448,618.844,634.382
986,8.436,618.889,634.412
987,8.424,618.934,634.440
988,8.412,618.979,634.471
989,8.401,619.024,634.499
990,8.389,619.069,634.529
991,8.377,619.114,634.557
992,8.365,619.159,634.588
993,8.354,619.204,634.616
994,8.342,619.250,634.646
995,8.330,619.295,634.674
996,8.319,619.340,634.705
997,8.307,619.386,634.733
998,8.296,619.431,634.764
999,8.284,619.477,634.792
1000,8.273,619.523,634.822
1001,8.261,619.569,634.851
1002,8.249,619.614,634.881
1003,8.238,619.660,634.909
1004,8.226,619.706,634.940
1005,8.215,619.752,634.968
1006,8.204,619.798,634.999
1007,8.192,619.844,635.027
1008,8.181,619.891,635.058
1009,8.169,619.937,635.086
1010,8.158,619.983,635.117
1011,8.147,620.030,635.146
1012,8.135,620.076,635.176
1013,8.124,620.122,635.205
1014,8.113,620.169,635.236
1015,8.101,620.216,635.264
1016,8.090,620.262,635.295
1017,8.079,620.309,635.323
1018,8.068,620.356,635.354
1019,8.056,620.403,635.383
1020,8.045,620.450,635.414
1021,8.034,620.497,635.442
1022,8.023,620.544,635.473
1023,8.012,620.591,635.502
1024,8.001,620.638,635.533
1025,7.989,620.686,635.562
1026,7.978,620.733,635.593
1027,7.967,620.780,635.621
1028,7.956,620.828,635.652
1029,7.945,620.875,635.681
1030,7.934,620.923,635.712
1031,7.923,620.971,635.741
1032,7.912,621.018,635.772
1033,7.901,621.066,635.801
1034,7.890,621.114,635.832
1035,7.879,621.162,635.861
1036,7.868,621.210,635.892
1037,7.858,621.258,635.921
1038,7.847,621.306,635.952
1039,7.836,621.354,635.981
1040,7.825,621.402,636.012
1041,7.814,621.451,636.041
1042,7.803,621.499,636.072
1043,7.793,621.547,636.101
1044,7.782,621.596,636.133
1045,7.771,621.645,636.162
1046,7.760,621.693,636.193
1047,7.750,621.742,636.222
1048,7.739,621.791,636.253
1049,7.728,621.839,636.283
1050,7.718,621.888,636.314
1051,7.707,621.937,636.343
1052,7.697,621.986,636.375
1053,7.686,622.035,636.404
1054,7.675,622.084,636.435
1055,7.665,622.133,636.464
1056,7.654,622.183,636.496
1057,7.644,622.232,636.525
1058,7.633,622.281,636.557
1059,7.623,622.331,636.586
1060,7.612,622.380,636.618
1061,7.602,622.430,636.647
1062,7.591,622.479,636.679
1063,7.581,622.529,636.708
1064,7.571,622.579,636.740
1065,7.560,622.629,636.769
1066,7.550,622.678,636.801
1067,7.540,622.728,636.830
1068,7.529,622.779,636.862
1069,7.519,622.828,636.891
1070,7.509,622.879,636.923
1071,7.498,622.929,636.953
1072,7.488,622.979,636.984
1073,7.478,623.030,637.014
1074,7.468,623.080,637.046
1075,7.458,623.131,637.075
1076,7.447,623.181,637.107
1077,7.437,623.232,637.137
1078,7.427,623.282,637.169
1079,7.417,623.333,637.198
1080,7.407,623.384,637.230
1081,7.397,623.435,637.260
1082,7.387,623.486,637.292
1083,7.377,623.537,637.322
1084,7.367,623.588,637.354
1085,7.357,623.639,637.383
1086,7.347,623.690,637.416
1087,7.337,623.742,637.445
1088,7.327,623.793,637.477
1089,7.317,623.845,637.507
1090,7.307,623.896,637.539
1091,7.297,623.948,637.569
1092,7.287,623.999,637.601
1093,7.278,624.051,637.631
1094,7.268,624.103,637.663
1095,7.258,624.154,637.693
1096,7.248,624.206,637.726
1097,7.238,624.258,637.756
1098,7.229,624.310,637.788
1099,7.219,624.362,637.818
1100,7.209,624.414,637.850
1101,7.200,624.467,637.880
1102,7.190,624.519,637.913
1103,7.180,624.571,637.943
1104,7.171,624.624,637.975
1105,7.161,624.676,638.005
1106,7.151,624.729,638.038
1107,7.142,624.781,638.068
1108,7.132,624.834,638.100
1109,7.123,624.887,638.130
1110,7.113,624.939,638.163
1111,7.104,624.992,638.193
1112,7.094,625.045,638.226
1113,7.085,625.098,638.256
1114,7.075,625.151,638.288
1115,7.066,625.204,638.319
1116,7.056,625.257,638.351
1117,7.047,625.311,638.381
1118,7.038,625.364,638.414
1119,7.028,625.417,638.444
1120,7.019,625.471,638.477
1121,7.010,625.524,638.507
1122,7.000,625.578,638.540
1123,6.991,625.631,638.571
1124,6.982,625.685,638.603
1125,6.973,625.739,638.634
1126,6.963,625.792,638.667
1127,6.954,625.846,638.697
1128,6.945,625.900,638.730
1129,6.936,625.954,638.760
1130,6.927,626.008,638.793
1131,6.918,626.062,638.824
1132,6.909,626.116,638.857
1133,6.899,626.171,638.887
1134,6.890,626.225,638.920
1135,6.881,626.279,638.951
1136,6.872,626.334,638.984
1137,6.863,626.388,639.014
1138,6.854,626.443,639.047
1139,6.845,626.497,639.078
1140,6.836,626.552,639.111
1141,6.828,626.607,639.142
1142,6.819,626.661,639.175
1143,6.810,626.716,639.205
1144,6.801,626.771,639.239
1145,6.792,626.826,639.269
1146,6.783,626.881,639.302
1147,6.774,626.936,639.333
1148,6.766,626.991,639.366
1149,6.757,627.047,639.397
1150,6.748,627.102,639.430
1151,6.739,627.157,639.461
1152,6.731,627.213,639.495
1153,6.722,627.268,639.525
1154,6.713,627.324,639.559
1155,6.705,627.379,639.590
1156,6.696,627.435,639.623
1157,6.687,627.490,639.654
1158,6.679,627.546,639.687
1159,6.670,627.602,639.718
1160,6.662,627.658,639.751
1161,6.653,627.714,639.782
1162,6.645,627.770,639.816
1163,6.636,627.826,639.847
1164,6.628,627.882,639.880
1165,6.619,627.938,639.911
1166,6.611,627.994,639.945
1167,6.602,628.050,639.976
1168,6.594,628.107,640.009
1169,6.585,628.163,640.041
1170,6.577,628.219,640.074
1171,6.569,628.276,640.105
1172,6.560,628.332,640.139
1173,6.552,628.389,640.170
1174,6.544,628.446,640.203
1175,6.536,628.502,640.235
1176,6.527,628.559,640.268
1177,6.519,628.616,640.300
1178,6.511,628.673,640.333
1179,6.503,628.730,640.364
1180,6.495,628.787,640.398
1181,6.486,628.844,640.429
1182,6.478,628.901,640.463
1183,6.470,628.958,640.494
1184,6.462,629.015,640.528
1185,6.454,629.072,640.559
1186,6.446,629.130,640.593
1187,6.438,629.187,640.625
1188,6.430,629.244,640.658
1189,6.422,629.302,640.690
1190,6.414,629.359,640.723
1191,6.406,629.417,640.755
1192,6.398,629.474,640.789
1193,6.390,629.532,640.820
1194,6.382,629.590,640.854
1195,6.375,629.648,640.886
1196,6.367,629.705,640.919
1197,6.359,629.763,640.951
1198,6.351,629.821,640.985
1199,6.343,629.879,641.016
1200,6.336,629.937,641.050
1201,6.328,629.995,641.082
1202,6.320,630.053,641.116
1203,6.312,630.111,641.147
1204,6.305,630.170,641.181
1205,6.297,630.228,641.213
1206,6.289,630.286,641.247
1207,6.282,630.344,641.278
1208,6.274,630.403,641.312
1209,6.267,630.461,641.344
1210,6.259,630.520,641.378
1211,6.251,630.578,641.410
1212,6.244,630.637,641.444
1213,6.236,630.695,641.475
1214,6.229,630.754,641.509
1215,6.221,630.813,641.541
1216,6.214,630.871,641.575
1217,6.207,630.930,641.607
1218,6.199,630.989,641.641
1219,6.192,631.048,641.673
1220,6.184,631.107,641.707
1221,6.177,631.166,641.739
1222,6.170,631.225,641.773
1223,6.162,631.284,641.805
1224,6.155,631.343,641.839
1225,6.148,631.402,641.871
1226,6.141,631.461,641.905
1227,6.133,631.520,641.936
1228,6.126,631.579,641.971
1229,6.119,631.639,642.002
1230,6.112,631.698,642.037
1231,6.105,631.757,642.069
1232,6.098,631.817,642.103
1233,6.091,631.876,642.135
1234,6.083,631.936,642.169
1235,6.076,631.995,642.201
1236,6.069,632.055,642.235
1237,6.062,632.114,642.267
1238,6.055,632.174,642.301
1239,6.048,632.233,642.333
1240,6.041,632.293,642.367
1241,6.034,632.353,642.399
1242,6.027,632.412,642.433
1243,6.021,632.472,642.465
1244,6.014,632.532,642.499
1245,6.007,632.592,642.531
1246,6.000,632.651,642.566
1247,5.993,632.711,642.598
1248,5.986,632.771,642.632
1249,5.980,632.831,642.664
1250,5.973,632.891,642.698
1251,5.966,632.951,642.730
1252,5.959,633.011,642.764
1253,5.953,633.071,642.796
1254,5.946,633.131,642.831
1255,5.939,633.191,642.863
1256,5.933,633.251,642.897
1257,5.926,633.312,642.929
1258,5.920,633.372,642.963
1259,5.913,633.432,642.995
1260,5.906,633.492,643.029
1261,5.900,633.552,643.061
1262,5.893,633.613,643.096
1263,5.887,633.673,643.128
1264,5.880,633.733,643.162
1265,5.874,633.793,643.194
1266,5.867,633.854,643.228
1267,5.861,633.914,643.260
1268,5.855,633.974,643.294
1269,5.848,634.035,643.327
1270,5.842,634.095,643.361
1271,5.836,634.156,643.393
1272,5.829,634.216,643.427
1273,5.823,634.277,643.459
1274,5.817,634.337,643.493
1275,5.810,634.398,643.525
1276,5.804,634.458,643.560
1277,5.798,634.519,643.592
1278,5.792,634.579,643.626
1279,5.786,634.640,643.658
1280,5.780,634.700,643.692
1281,5.773,634.761,643.724
1282,5.767,634.821,643.758
1283,5.761,634.882,643.790
1284,5.755,634.942,643.824
1285,5.749,635.003,643.856
1286,5.743,635.063,643.891
1287,5.737,635.124,643.923
1288,5.731,635.185,643.957
1289,5.725,635.245,643.989
1290,5.719,635.306,644.023
1291,5.713,635.367,644.055
1292,5.707,635.427,644.089
1293,5.701,635.488,644.121
1294,5.696,635.548,644.155
1295,5.690,635.609,644.187
1296,5.684,635.669,644.221
1297,5.678,635.730,644.253
1298,5.672,635.790,644.287
1299,5.666,635.851,644.318
1300,5.661,635.912,644.352
1301,5.655,635.973,644.385
1302,5.649,636.033,644.419
1303,5.644,636.093,644.450
1304,5.638,636.154,644.484
1305,5.632,636.214,644.516
1306,5.627,636.275,644.550
1307,5.621,636.336,644.581
1308,5.615,636.397,644.616
1309,5.610,636.456,644.647
1310,5.604,636.517,644.682
1311,5.599,636.578,644.713
1312,5.593,636.638,644.747
1313,5.588,636.699,644.779
1314,5.582,636.759,644.813
1315,5.577,636.819,644.844
1316,5.572,636.880,644.878
1317,5.566,636.940,644.910
1318,5.561,637.000,644.943
1319,5.555,637.061,644.975
1320,5.550,637.121,645.008
1321,5.545,637.182,645.041
1322,5.539,637.242,645.074
1323,5.534,637.302,645.106
1324,5.529,637.362,645.139
1325,5.524,637.422,645.171
1326,5.518,637.483,645.204
1327,5.513,637.543,645.237
1328,5.508,637.603,645.269
1329,5.503,637.663,645.302
1330,5.498,637.723,645.334
1331,5.493,637.783,645.366
1332,5.487,637.843,645.399
1333,5.482,637.903,645.431
1334,5.477,637.963,645.464
1335,5.472,638.023,645.496
1336,5.467,638.083,645.528
1337,5.462,638.143,645.561
1338,5.457,638.203,645.592
1339,5.452,638.263,645.625
1340,5.447,638.322,645.657
1341,5.442,638.382,645.690
1342,5.437,638.441,645.721
1343,5.433,638.501,645.754
1344,5.428,638.561,645.786
1345,5.423,638.621,645.819
1346,5.418,638.680,645.850
1347,5.413,638.740,645.883
1348,5.408,638.799,645.914
1349,5.404,638.858,645.947
1350,5.399,638.918,645.978
1351,5.394,638.977,646.011
1352,5.389,639.036,646.042
1353,5.385,639.095,646.075
1354,5.380,639.154,646.106
1355,5.375,639.214,646.138
1356,5.371,639.273,646.170
1357,5.366,639.332,646.202
1358,5.361,639.391,646.234
1359,5.357,639.449,646.265
1360,5.352,639.508,646.297
1361,5.348,639.567,646.328
1362,5.343,639.625,646.360
1363,5.339,639.684,646.391
1364,5.334,639.743,646.424
1365,5.330,639.802,646.454
1366,5.325,639.860,646.486
1367,5.321,639.918,646.517
1368,5.317,639.977,646.549
1369,5.312,640.035,646.580
1370,5.308,640.093,646.611
1371,5.303,640.151,646.643
1372,5.299,640.209,646.674
1373,5.295,640.267,646.705
1374,5.290,640.325,646.736
1375,5.286,640.382,646.767
1376,5.282,640.441,646.798
1377,5.278,640.499,646.829
1378,5.273,640.556,646.860
1379,5.269,640.613,646.892
1380,5.265,640.671,646.922
1381,5.261,640.729,646.954
1382,5.257,640.786,646.984
1383,5.253,640.843,647.015
1384,5.249,640.900,647.045
1385,5.244,640.957,647.076
1386,5.240,641.014,647.106
1387,5.236,641.071,647.137
1388,5.232,641.128,647.168
1389,5.228,641.185,647.198
1390,5.224,641.241,647.229
1391,5.220,641.299,647.259
1392,5.216,641.355,647.290
1393,5.212,641.411,647.319
1394,5.208,641.467,647.350
1395,5.205,641.523,647.380
1396,5.201,641.580,647.411
1397,5.197,641.636,647.440
1398,5.193,641.692,647.470
1399,5.189,641.748,647.500
1400,5.185,641.804,647.531
1401,5.181,641.859,647.561
1402,5.178,641.914,647.590
1403,5.174,641.970,647.621
1404,5.170,642.025,647.649
1405,5.166,642.081,647.679
1406,5.163,642.136,647.709
1407,5.159,642.191,647.739
1408,5.155,642.246,647.768
1409,5.152,642.301,647.798
1410,5.148,642.356,647.827
1411,5.144,642.410,647.856
1412,5.141,642.465,647.886
1413,5.137,642.519,647.915
1414,5.134,642.574,647.944
1415,5.130,642.627,647.973
1416,5.127,642.682,648.002
1417,5.123,642.736,648.031
1418,5.120,642.789,648.060
1419,5.116,642.843,648.089
1420,5.113,642.897,648.118
1421,5.109,642.950,648.147
1422,5.106,643.004,648.175
1423,5.102,643.057,648.204
1424,5.099,643.110,648.232
1425,5.095,643.163,648.262
1426,5.092,643.216,648.289
1427,5.089,643.269,648.318
1428,5.085,643.321,648.346
1429,5.082,643.374,648.374
1430,5.079,643.427,648.402
1431,5.075,643.479,648.431
1432,5.072,643.531,648.459
1433,5.069,643.584,648.486
1434,5.066,643.634,648.515
1435,5.062,643.687,648.541
1436,5.059,643.739,648.570
1437,5.056,643.790,648.598
1438,5.053,643.841,648.626
1439,5.050,643.893,648.653
1440,5.047,643.944,648.680
1441,5.043,643.995,648.708
1442,5.040,644.046,648.735
1443,5.037,644.096,648.762
1444,5.034,644.147,648.789
1445,5.031,644.197,648.817
1446,5.028,644.248,648.844
1447,5.025,644.298,648.871
1448,5.022,644.348,648.897
1449,5.019,644.398,648.924
1450,5.016,644.448,648.951
1451,5.013,644.497,648.977
1452,5.010,644.546,649.005
1453,5.007,644.595,649.031
1454,5.004,644.645,649.058
1455,5.001,644.694,649.084
1456,4.998,644.743,649.111
1457,4.996,644.792,649.137
1458,4.993,644.840,649.162
1459,4.990,644.889,649.189
1460,4.987,644.937,649.214
1461,4.984,644.985,649.241
1462,4.981,645.033,649.266
1463,4.979,645.081,649.292
1464,4.976,645.128,649.318
1465,4.973,645.176,649.344
1466,4.970,645.223,649.369
1467,4.968,645.271,649.394
1468,4.965,645.317,649.420
1469,4.962,645.365,649.444
1470,4.960,645.411,649.470
1471,4.957,645.458,649.495
1472,4.954,645.505,649.520
1473,4.952,645.550,649.545
1474,4.949,645.597,649.570
1475,4.946,645.642,649.595
1476,4.944,645.688,649.619
1477,4.941,645.733,649.644
1478,4.939,645.779,649.668
1479,4.936,645.825,649.693
1480,4.933,645.870,649.718
1481,4.931,645.914,649.742
1482,4.928,645.960,649.766
1483,4.926,646.004,649.790
1484,4.923,646.048,649.814
1485,4.921,646.092,649.838
1486,4.919,646.137,649.862
1487,4.916,646.181,649.886
1488,4.914,646.225,649.909
1489,4.911,646.268,649.933
1490,4.909,646.312,649.956
1491,4.906,646.355,649.980
1492,4.904,646.398,650.003
1493,4.902,646.441,650.026
1494,4.899,646.484,650.050
1495,4.897,646.527,650.072
1496,4.895,646.569,650.096
1497,4.892,646.611,650.118
1498,4.890,646.653,650.141
1499,4.888,646.695,650.163
1500,4.885,646.737,650.186
1501,4.883,646.778,650.210
1502,4.881,646.819,650.231
1503,4.879,646.861,650.254
1504,4.876,646.902,650.276
1505,4.874,646.943,650.298
1506,4.872,646.984,650.320
1507,4.870,647.024,650.342
1508,4.868,647.065,650.365
1509,4.865,647.104,650.386
1510,4.863,647.145,650.408
1511,4.861,647.185,650.429
1512,4.859,647.225,650.451
1513,4.857,647.263,650.472
1514,4.855,647.303,650.493
1515,4.853,647.342,650.515
1516,4.851,647.381,650.536
1517,4.848,647.420,650.557
1518,4.846,647.459,650.578
1519,4.844,647.497,650.598
1520,4.842,647.535,650.619
1521,4.840,647.573,650.640
1522,4.838,647.611,650.661
1523,4.836,647.649,650.681
1524,4.834,647.686,650.702
1525,4.832,647.724,650.722
1526,4.830,647.761,650.743
1527,4.828,647.798,650.763
1528,4.826,647.835,650.782
1529,4.824,647.871,650.802
1530,4.823,647.908,650.822
1531,4.821,647.944,650.842
1532,4.819,647.981,650.862
1533,4.817,648.016,650.881
1534,4.815,648.052,650.901
1535,4.813,648.088,650.920
1536,4.811,648.123,650.940
1537,4.809,648.158,650.958
1538,4.807,648.193,650.977
1539,4.806,648.228,650.997
1540,4.804,648.263,651.016
1541,4.802,648.297,651.034
1542,4.800,648.331,651.054
1543,4.798,648.366,651.072
1544,4.797,648.400,651.091
1545,4.795,648.434,651.109
1546,4.793,648.468,651.127
1547,4.791,648.501,651.145
1548,4.789,648.534,651.164
1549,4.788,648.568,651.182
1550,4.786,648.600,651.200
1551,4.784,648.633,651.218
1552,4.783,648.666,651.236
1553,4.781,648.698,651.254
1554,4.779,648.730,651.271
1555,4.778,648.762,651.288
1556,4.776,648.794,651.306
1557,4.774,648.826,651.323
1558,4.773,648.857,651.340
1559,4.771,648.889,651.358
1560,4.769,648.920,651.375
1561,4.768,648.951,651.392
1562,4.766,648.982,651.409
1563,4.764,649.013,651.425
1564,4.763,649.043,651.442
1565,4.761,649.074,651.459
1566,4.760,649.104,651.475
1567,4.758,649.133,651.492
1568,4.756,649.163,651.508
1569,4.755,649.193,651.524
1570,4.753,649.222,651.541
1571,4.752,649.252,651.556
1572,4.750,649.281,651.572
1573,4.749,649.309,651.588
1574,4.747,649.338,651.604
1575,4.746,649.367,651.620
1576,4.744,649.396,651.635
1577,4.743,649.424,651.651
1578,4.741,649.452,651.667
1579,4.740,649.480,651.682
1580,4.738,649.508,651.697
1581,4.737,649.535,651.713
1582,4.735,649.563,651.728
1583,4.734,649.590,651.742
1584,4.733,649.617,651.758
1585,4.731,649.644,651.772
1586,4.730,649.671,651.788
1587,4.728,649.698,651.802
1588,4.727,649.725,651.817
1589,4.725,649.750,651.831
1590,4.724,649.777,651.846
1591,4.723,649.803,651.860
1592,4.721,649.829,651.874
1593,4.720,649.854,651.888
1594,4.719,649.880,651.902
1595,4.717,649.905,651.916
1596,4.716,649.930,651.930
1597,4.714,649.955,651.944
1598,4.713,649.980,651.957
1599,4.712,650.005,651.971
1600,4.710,650.029,651.985
1601,4.709,650.054,651.998
1602,4.708,650.079,652.012
1603,4.707,650.102,652.025
1604,4.705,650.126,652.038
1605,4.704,650.150,652.051
1606,4.703,650.174,652.064
1607,4.701,650.198,652.078
1608,4.700,650.221,652.090
1609,4.699,650.244,652.103
1610,4.698,650.267,652.116
1611,4.696,650.290,652.129
1612,4.695,650.313,652.141
1613,4.694,650.335,652.153
1614,4.693,650.358,652.166
1615,4.691,650.380,652.179
1616,4.690,650.402,652.191
1617,4.689,650.424,652.203
1618,4.688,650.446,652.215
1619,4.687,650.468,652.227
1620,4.685,650.489,652.239
1621,4.684,650.510,652.251
1622,4.683,650.532,652.262
1623,4.682,650.553,652.275
1624,4.681,650.574,652.286
1625,4.680,650.595,652.297
1626,4.678,650.616,652.309
1627,4.677,650.637,652.321
1628,4.676,650.657,652.332
1629,4.675,650.678,652.344
1630,4.674,650.697,652.355
1631,4.673,650.717,652.366
1632,4.672,650.737,652.377
1633,4.670,650.757,652.388
1634,4.669,650.776,652.398
1635,4.668,650.796,652.409
1636,4.667,650.816,652.420
1637,4.666,650.835,652.431
1638,4.665,650.854,652.442
1639,4.664,650.873,652.452
1640,4.663,650.892,652.463
1641,4.662,650.910,652.473
1642,4.661,650.929,652.483
1643,4.660,650.947,652.493
1644,4.659,650.966,652.504
1645,4.657,650.984,652.514
1646,4.656,651.002,652.524
1647,4.655,651.020,652.534
1648,4.654,651.038,652.544
1649,4.653,651.056,652.554
1650,4.652,651.073,652.564
1651,4.651,651.090,652.574
1652,4.650,651.108,652.583
1653,4.649,651.125,652.593
1654,4.648,651.143,652.603
1655,4.647,651.159,652.612
1656,4.646,651.176,652.621
1657,4.645,651.193,652.631
1658,4.644,651.210,652.640
1659,4.643,651.226,652.650
1660,4.642,651.243,652.658
1661,4.641,651.259,652.668
1662,4.640,651.275,652.677
1663,4.639,651.291,652.686
1664,4.638,651.307,652.694
1665,4.637,651.323,652.703
1666,4.636,651.339,652.712
1667,4.635,651.354,652.721
1668,4.634,651.370,652.729
1669,4.634,651.385,652.738
1670,4.633,651.400,652.747
1671,4.632,651.416,652.756
1672,4.631,651.431,652.763
1673,4.630,651.446,652.772
1674,4.629,651.460,652.780
1675,4.628,651.475,652.789
1676,4.627,651.490,652.797
1677,4.626,651.505,652.805
1678,4.625,651.519,652.813
1679,4.624,651.534,652.821
1680,4.623,651.548,652.829
1681,4.622,651.561,652.837
1682,4.622,651.575,652.845
1683,4.621,651.589,652.853
1684,4.620,651.603,652.861
1685,4.619,651.617,652.868
1686,4.618,651.631,652.876
1687,4.617,651.644,652.883
1688,4.616,651.658,652.891
1689,4.615,651.671,652.899
1690,4.615,651.684,652.906
1691,4.614,651.697,652.914
1692,4.613,651.711,652.921
1693,4.612,651.723,652.928
1694,4.611,651.736,652.936
1695,4.610,651.749,652.942
1696,4.609,651.761,652.950
1697,4.609,651.774,652.956
1698,4.608,651.787,652.964
1699,4.607,651.799,652.971
1700,4.606,651.811,652.978
1701,4.605,651.824,652.985
1702,4.604,651.836,652.991
1703,4.604,651.848,652.999
1704,4.603,651.860,653.005
1705,4.602,651.872,653.011
1706,4.601,651.884,653.019
1707,4.600,651.895,653.025
1708,4.600,651.907,653.031
1709,4.599,651.918,653.038
1710,4.598,651.930,653.044
1711,4.597,651.941,653.051
1712,4.596,651.953,653.058
1713,4.596,651.964,653.063
1714,4.595,651.975,653.070
1715,4.594,651.986,653.076
1716,4.593,651.998,653.082
1717,4.593,652.008,653.089
1718,4.592,652.019,653.095
1719,4.591,652.029,653.101
1720,4.590,652.041,653.107
1721,4.589,652.051,653.113
1722,4.589,652.062,653.119
1723,4.588,652.072,653.125
1724,4.587,652.083,653.131
1725,4.586,652.093,653.136
1726,4.586,652.103,653.142
1727,4.585,652.113,653.148
1728,4.584,652.123,653.154
1729,4.583,652.133,653.160
1730,4.583,652.143,653.165
1731,4.582,652.153,653.171
1732,4.581,652.163,653.176
1733,4.580,652.172,653.182
1734,4.580,652.182,653.187
1735,4.579,652.192,653.193
1736,4.578,652.201,653.198
1737,4.578,652.211,653.203
1738,4.577,652.220,653.209
1739,4.576,652.229,653.214
1740,4.575,652.238,653.220
1741,4.575,652.248,653.225
1742,4.574,652.257,653.230
1743,4.573,652.266,653.235
1744,4.573,652.275,653.240
1745,4.572,652.284,653.245
1746,4.571,652.293,653.250
1747,4.570,652.302,653.255
1748,4.570,652.311,653.260
1749,4.569,652.319,653.265
1750,4.568,652.328,653.269
1751,4.568,652.337,653.274
1752,4.567,652.345,653.280
1753,4.566,652.353,653.284
1754,4.566,652.362,653.289
1755,4.565,652.370,653.294
1756,4.564,652.379,653.299
1757,4.564,652.386,653.304
1758,4.563,652.395,653.308
1759,4.562,652.403,653.312
1760,4.562,652.411,653.317
1761,4.561,652.419,653.321
1762,4.560,652.427,653.326
1763,4.560,652.435,653.331
1764,4.559,652.443,653.335
1765,4.558,652.451,653.340
1766,4.558,652.459,653.344
1767,4.557,652.465,653.349
1768,4.556,652.473,653.353
1769,4.556,652.481,653.357
1770,4.555,652.489,653.361
1771,4.554,652.496,653.365
1772,4.554,652.503,653.370
1773,4.553,652.511,653.374
1774,4.553,652.518,653.378
1775,4.552,652.526,653.382
1776,4.551,652.533,653.387
1777,4.551,652.540,653.391
1778,4.550,652.547,653.395
1779,4.549,652.554,653.399
1780,4.549,652.561,653.403
1781,4.548,652.568,653.407
1782,4.547,652.575,653.410
1783,4.547,652.582,653.414
1784,4.546,652.589,653.418
1785,4.546,652.595,653.422
1786,4.545,652.602,653.426
1787,4.544,652.609,653.430
1788,4.544,652.616,653.434
1789,4.543,652.622,653.438
1790,4.543,652.629,653.441
1791,4.542,652.635,653.445
1792,4.541,652.642,653.449
1793,4.541,652.649,653.453
1794,4.540,652.654,653.456
1795,4.540,652.661,653.460
1796,4.539,652.667,653.464
1797,4.538,652.674,653.467
1798,4.538,652.679,653.471
1799,4.537,652.686,653.474
1800,4.537,652.692,653.477
1801,4.536,652.698,653.481
1802,4.535,652.704,653.485
1803,4.535,652.710,653.488
1804,4.534,652.716,653.492
1805,4.534,652.722,653.495
1806,4.533,652.728,653.498
1807,4.533,652.734,653.502
1808,4.532,652.740,653.505
1809,4.531,652.746,653.509
1810,4.531,652.751,653.512
1811,4.530,652.757,653.515
1812,4.530,652.763,653.519
1813,4.529,652.768,653.522
1814,4.528,652.774,653.525
1815,4.528,652.780,653.528
1816,4.527,652.785,653.532
1817,4.527,652.791,653.534
1818,4.526,652.797,653.538
1819,4.526,652.802,653.541
1820,4.525,652.807,653.544
1821,4.525,652.813,653.547
1822,4.524,652.818,653.550
1823,4.523,652.823,653.553
1824,4.523,652.829,653.557
1825,4.522,652.834,653.559
1826,4.522,652.839,653.562
1827,4.521,652.844,653.566
1828,4.521,652.850,653.568
1829,4.520,652.854,653.571
1830,4.520,652.859,653.574
1831,4.519,652.865,653.577
1832,4.519,652.870,653.580
1833,4.518,652.875,653.583
1834,4.517,652.880,653.585
1835,4.517,652.885,653.588
1836,4.516,652.889,653.592
1837,4.516,652.895,653.594
1838,4.515,652.899,653.597
1839,4.515,652.904,653.600
1840,4.514,652.909,653.602
1841,4.514,652.914,653.605
1842,4.513,652.918,653.608
1843,4.513,652.923,653.610
1844,4.512,652.928,653.613
1845,4.512,652.933,653.616
1846,4.511,652.937,653.618
1847,4.511,652.942,653.621
1848,4.510,652.947,653.624
1849,4.510,652.951,653.626
1850,4.509,652.955,653.629
1851,4.509,652.960,653.632
1852,4.508,652.965,653.634
1853,4.507,652.969,653.637
1854,4.507,652.973,653.640
1855,4.506,652.978,653.643
1856,4.506,652.982,653.645
1857,4.505,652.986,653.647
1858,4.505,652.991,653.650
1859,4.504,652.995,653.652
1860,4.504,652.999,653.655
1861,4.503,653.003,653.657
1862,4.503,653.008,653.659
1863,4.502,653.012,653.662
1864,4.502,653.016,653.665
1865,4.501,653.020,653.667
1866,4.501,653.024,653.669
1867,4.500,653.028,653.672
1868,4.500,653.032,653.674
1869,4.499,653.036,653.676
1870,4.499,653.040,653.679
1871,4.498,653.044,653.681
1872,4.498,653.048,653.683
1873,4.497,653.052,653.686
1874,4.497,653.057,653.688
1875,4.496,653.061,653.690
1876,4.496,653.065,653.692
1877,4.495,653.069,653.695
1878,4.495,653.072,653.697
1879,4.495,653.076,653.699
1880,4.494,653.080,653.701
1881,4.494,653.084,653.704
1882,4.493,653.087,653.706
1883,4.493,653.091,653.708
1884,4.492,653.095,653.710
1885,4.492,653.098,653.712
1886,4.491,653.102,653.714
1887,4.491,653.106,653.716
1888,4.490,653.110,653.719
1889,4.490,653.113,653.721
1890,4.489,653.117,653.723
1891,4.489,653.121,653.725
1892,4.488,653.124,653.727
1893,4.488,653.128,653.729
1894,4.487,653.132,653.731
1895,4.487,653.135,653.733
1896,4.486,653.138,653.735
1897,4.486,653.142,653.737
1898,4.486,653.145,653.739
1899,4.485,653.149,653.741
1900,4.485,653.152,653.743
1901,4.484,653.156,653.745
1902,4.484,653.159,653.748
1903,4.483,653.162,653.749
1904,4.483,653.166,653.752
1905,4.482,653.170,653.753
1906,4.482,653.172,653.755
1907,4.481,653.176,653.757
1908,4.481,653.179,653.759
1909,4.480,653.183,653.761
1910,4.480,653.186,653.763
1911,4.480,653.189,653.765
1912,4.479,653.192,653.767
1913,4.479,653.196,653.769
1914,4.478,653.198,653.770
1915,4.478,653.202,653.773
1916,4.477,653.205,653.774
1917,4.477,653.209,653.776
1918,4.476,653.211,653.778
1919,4.476,653.215,653.780
1920,4.476,653.218,653.782
1921,4.475,653.220,653.784
1922,4.475,653.224,653.785
1923,4.474,653.227,653.787
1924,4.474,653.230,653.789
1925,4.473,653.233,653.790
1926,4.473,653.236,653.793
1927,4.472,653.239,653.794
1928,4.472,653.242,653.796
1929,4.472,653.245,653.798
1930,4.471,653.248,653.799
1931,4.471,653.251,653.801
1932,4.470,653.254,653.803
1933,4.470,653.257,653.804
1934,4.469,653.260,653.807
1935,4.469,653.263,653.808
1936,4.469,653.266,653.810
1937,4.468,653.268,653.812
1938,4.468,653.271,653.813
1939,4.467,653.274,653.814
1940,4.467,653.278,653.817
1941,4.466,653.280,653.818
1942,4.466,653.283,653.820
1943,4.466,653.286,653.821
1944,4.465,653.289,653.823
1945,4.465,653.291,653.825
1946,4.464,653.294,653.826
1947,4.464,653.297,653.827
1948,4.463,653.300,653.830
1949,4.463,653.302,653.831
1950,4.463,653.305,653.833
1951,4.462,653.308,653.834
1952,4.462,653.311,653.836
1953,4.461,653.313,653.838
1954,4.461,653.316,653.839
1955,4.461,653.318,653.841
1956,4.460,653.321,653.842
1957,4.460,653.324,653.843
1958,4.459,653.326,653.845
1959,4.459,653.329,653.847
1960,4.459,653.332,653.848
1961,4.458,653.335,653.850
1962,4.458,653.336,653.851
1963,4.457,653.339,653.853
1964,4.457,653.342,653.854
1965,4.456,653.345,653.856
1966,4.456,653.347,653.857
1967,4.456,653.349,653.859
1968,4.455,653.352,653.861
1969,4.455,653.355,653.862
1970,4.454,653.357,653.863
1971,4.454,653.359,653.865
1972,4.454,653.362,653.866
1973,4.453,653.365,653.867
1974,4.453,653.367,653.869
1975,4.452,653.369,653.870
1976,4.452,653.372,653.872
1977,4.452,653.374,653.873
1978,4.451,653.377,653.874
1979,4.451,653.380,653.876
1980,4.450,653.381,653.877
1981,4.450,653.384,653.879
1982,4.450,653.386,653.880
1983,4.449,653.389,653.881
1984,4.449,653.391,653.883
1985,4.448,653.393,653.884
1986,4.448,653.396,653.886
1987,4.448,653.398,653.887
1988,4.447,653.401,653.888
1989,4.447,653.403,653.890
1990,4.447,653.405,653.891
1991,4.446,653.407,653.893
1992,4.446,653.410,653.894
1993,4.445,653.412,653.895
1994,4.445,653.414,653.897
1995,4.445,653.416,653.898
1996,4.444,653.419,653.900
1997,4.444,653.421,653.901
1998,4.443,653.423,653.902
1999,4.443,653.425,653.904
2000,4.443,653.427,653.905
2001,4.442,653.430,653.906
2002,4.442,653.432,653.907
2003,4.442,653.434,653.908
2004,4.441,653.436,653.910
2005,4.441,653.438,653.911
2006,4.440,653.441,653.913
2007,4.440,653.443,653.914
2008,4.440,653.445,653.915
2009,4.439,653.447,653.916
2010,4.439,653.449,653.917
2011,4.438,653.452,653.919
2012,4.438,653.454,653.920
2013,4.438,653.456,653.921
2014,4.437,653.458,653.923
2015,4.437,653.460,653.924
2016,4.437,653.462,653.925
2017,4.436,653.464,653.926
2018,4.436,653.466,653.927
2019,4.436,653.468,653.929
2020,4.435,653.470,653.930
2021,4.435,653.473,653.932
2022,4.434,653.475,653.932
2023,4.434,653.476,653.933
2024,4.434,653.479,653.935
2025,4.433,653.480,653.936
2026,4.433,653.483,653.937
2027,4.433,653.485,653.938
2028,4.432,653.486,653.939
2029,4.432,653.489,653.941
2030,4.431,653.490,653.942
2031,4.431,653.493,653.943
2032,4.431,653.494,653.944
2033,4.430,653.496,653.945
2034,4.430,653.499,653.947
2035,4.430,653.500,653.947
2036,4.429,653.502,653.949
2037,4.429,653.504,653.950
2038,4.429,653.507,653.952
2039,4.428,653.508,653.952
2040,4.428,653.510,653.953
2041,4.427,653.512,653.955
2042,4.427,653.514,653.955
2043,4.427,653.516,653.957
2044,4.426,653.518,653.958
2045,4.426,653.519,653.959
2046,4.426,653.522,653.960
2047,4.425,653.523,653.961
2048,4.425,653.525,653.963
2049,4.425,653.527,653.963
2050,4.424,653.529,653.965
2051,4.424,653.531,653.966
2052,4.424,653.533,653.966
2053,4.423,653.535,653.968
2054,4.423,653.536,653.969
2055,4.423,653.538,653.970
2056,4.422,653.540,653.971
2057,4.422,653.542,653.972
2058,4.421,653.544,653.973
2059,4.421,653.545,653.974
2060,4.421,653.547,653.976
2061,4.420,653.549,653.976
2062,4.420,653.551,653.978
2063,4.420,653.553,653.979
2064,4.419,653.554,653.979
2065,4.419,653.556,653.981
2066,4.419,653.558,653.982
2067,4.418,653.560,653.983
2068,4.418,653.561,653.984
2069,4.418,653.564,653.985
2070,4.417,653.565,653.986
2071,4.417,653.566,653.987
2072,4.417,653.569,653.988
2073,4.416,653.570,653.989
2074,4.416,653.572,653.990
2075,4.416,653.573,653.991
2076,4.415,653.575,653.992
2077,4.415,653.577,653.993
2078,4.415,653.578,653.994
2079,4.414,653.581,653.995
2080,4.414,653.582,653.996
2081,4.414,653.584,653.997
2082,4.413,653.585,653.998
2083,4.413,653.587,653.999
2084,4.413,653.589,654.000
2085,4.412,653.590,654.001
2086,4.412,653.592,654.002
2087,4.412,653.594,654.003
2088,4.411,653.596,654.004
2089,4.411,653.597,654.005
2090,4.411,653.598,654.006
2091,4.410,653.600,654.007
2092,4.410,653.602,654.008
2093,4.410,653.604,654.009
2094,4.409,653.605,654.010
2095,4.409,653.607,654.011
2096,4.409,653.608,654.012
2097,4.408,653.610,654.013
2098,4.408,653.612,654.014
2099,4.408,653.613,654.014
2100,4.407,653.615,654.016
2101,4.407,653.616,654.016
2102,4.407,653.618,654.018
2103,4.406,653.619,654.018
2104,4.406,653.621,654.020
2105,4.406,653.623,654.020
2106,4.405,653.624,654.021
2107,4.405,653.626,654.022
2108,4.405,653.627,654.023
2109,4.404,653.629,654.024
2110,4.404,653.630,654.025
2111,4.404,653.632,654.026
2112,4.403,653.633,654.027
2113,4.403,653.636,654.028
2114,4.403,653.637,654.029
2115,4.402,653.638,654.029
2116,4.402,653.640,654.030
2117,4.402,653.641,654.031
2118,4.401,653.643,654.032
2119,4.401,653.644,654.033
2120,4.401,653.646,654.034
2121,4.400,653.647,654.035
2122,4.400,653.648,654.035
2123,4.400,653.650,654.037
2124,4.400,653.651,654.037
2125,4.399,653.653,654.039
2126,4.399,653.654,654.039
2127,4.399,653.656,654.040
2128,4.398,653.657,654.041
2129,4.398,653.659,654.042
2130,4.398,653.660,654.043
2131,4.397,653.661,654.044
2132,4.397,653.663,654.045
2133,4.397,653.664,654.045
2134,4.396,653.666,654.046
2135,4.396,653.667,654.047
2136,4.396,653.669,654.048
2137,4.395,653.670,654.049
2138,4.395,653.672,654.050
2139,4.395,653.673,654.051
2140,4.395,653.674,654.051
2141,4.394,653.676,654.052
2142,4.394,653.677,654.053
2143,4.394,653.679,654.054
2144,4.393,653.680,654.055
2145,4.393,653.682,654.056
2146,4.393,653.683,654.056
2147,4.392,653.685,654.058
2148,4.392,653.686,654.058
2149,4.392,653.688,654.059
2150,4.391,653.689,654.060
2151,4.391,653.690,654.060
2152,4.391,653.692,654.062
2153,4.391,653.693,654.062
2154,4.390,653.694,654.063
2155,4.390,653.695,654.064
2156,4.390,653.697,654.065
2157,4.389,653.698,654.066
2158,4.389,653.700,654.067
2159,4.389,653.701,654.067
2160,4.388,653.703,654.068
2161,4.388,653.704,654.069
2162,4.388,653.705,654.069
2163,4.387,653.707,654.070
2164,4.387,653.707,654.071
2165,4.387,653.709,654.072
2166,4.387,653.710,654.073
2167,4.386,653.712,654.074
2168,4.386,653.713,654.074
2169,4.386,653.715,654.075
2170,4.385,653.716,654.076
2171,4.385,653.717,654.077
2172,4.385,653.718,654.078
2173,4.384,653.719,654.078
2174,4.384,653.721,654.079
2175,4.384,653.722,654.080
2176,4.384,653.724,654.081
2177,4.383,653.725,654.081
2178,4.383,653.726,654.082
2179,4.383,653.727,654.083
2180,4.382,653.729,654.084
2181,4.382,653.730,654.084
2182,4.382,653.732,654.085
2183,4.382,653.732,654.086
2184,4.381,653.734,654.087
2185,4.381,653.735,654.088
2186,4.381,653.736,654.088
2187,4.380,653.738,654.089
2188,4.380,653.738,654.090
2189,4.380,653.740,654.091
2190,4.379,653.741,654.091
2191,4.379,653.743,654.092
2192,4.379,653.744,654.093
2193,4.379,653.745,654.094
2194,4.378,653.746,654.094
2195,4.378,653.748,654.095
2196,4.378,653.749,654.096
2197,4.377,653.750,654.097
2198,4.377,653.751,654.097
2199,4.377,653.752,654.098
2200,4.377,653.754,654.099
2201,4.376,653.754,654.099
2202,4.376,653.756,654.100
2203,4.376,653.757,654.101
2204,4.375,653.759,654.102
2205,4.375,653.759,654.102
2206,4.375,653.761,654.103
2207,4.375,653.762,654.104
2208,4.374,653.763,654.105
2209,4.374,653.764,654.105
2210,4.374,653.766,654.106
2211,4.373,653.767,654.107
2212,4.373,653.768,654.108
2213,4.373,653.769,654.108
2214,4.373,653.771,654.109
2215,4.372,653.771,654.109
2216,4.372,653.772,654.110
2217,4.372,653.774,654.111
2218,4.372,653.775,654.111
2219,4.371,653.776,654.112
2220,4.371,653.777,654.113
2221,4.371,653.779,654.114
2222,4.370,653.779,654.114
2223,4.370,653.781,654.115
2224,4.370,653.782,654.116
2225,4.370,653.783,654.117
2226,4.369,653.784,654.117
2227,4.369,653.786,654.118
2228,4.369,653.786,654.119
2229,4.368,653.788,654.119
2230,4.368,653.789,654.120
2231,4.368,653.790,654.121
2232,4.368,653.791,654.121
2233,4.367,653.792,654.122
2234,4.367,653.793,654.123
2235,4.367,653.794,654.124
2236,4.367,653.796,654.124
2237,4.366,653.796,654.124
2238,4.366,653.798,654.125
2239,4.366,653.799,654.126
2240,4.365,653.800,654.127
2241,4.365,653.801,654.127
2242,4.365,653.802,654.128
2243,4.365,653.803,654.129
2244,4.364,653.804,654.129
2245,4.364,653.805,654.130
2246,4.364,653.807,654.131
2247,4.364,653.807,654.131
2248,4.363,653.809,654.132
2249,4.363,653.810,654.132
2250,4.363,653.811,654.133
2251,4.362,653.812,654.134
2252,4.362,653.813,654.135
2253,4.362,653.814,654.135
2254,4.362,653.815,654.136
2255,4.361,653.816,654.137
2256,4.361,653.818,654.137
2257,4.361,653.818,654.138
2258,4.361,653.820,654.139
2259,4.360,653.820,654.139
2260,4.360,653.822,654.140
2261,4.360,653.823,654.140
2262,4.359,653.824,654.141
2263,4.359,653.825,654.142
2264,4.359,653.825,654.142
2265,4.359,653.827,654.143
2266,4.358,653.828,654.143
2267,4.358,653.829,654.144
2268,4.358,653.830,654.145
2269,4.358,653.831,654.145
2270,4.357,653.832,654.146
2271,4.357,653.833,654.147
2272,4.357,653.834,654.147
2273,4.357,653.835,654.148
2274,4.356,653.836,654.148
2275,4.356,653.837,654.149
2276,4.356,653.838,654.150
2277,4.356,653.839,654.150
2278,4.355,653.840,654.151
2279,4.355,653.841,654.152
2280,4.355,653.842,654.152
2281,4.354,653.843,654.153
2282,4.354,653.844,654.153
2283,4.354,653.845,654.154
2284,4.354,653.846,654.155
2285,4.353,653.847,654.155
2286,4.353,653.848,654.156
2287,4.353,653.849,654.157
2288,4.353,653.850,654.157
2289,4.352,653.851,654.158
2290,4.352,653.852,654.158
2291,4.352,653.853,654.159
2292,4.352,653.854,654.159
2293,4.351,653.855,654.160
2294,4.351,653.856,654.161
2295,4.351,653.857,654.161
2296,4.351,653.858,654.162
2297,4.350,653.859,654.163
2298,4.350,653.860,654.163
2299,4.350,653.861,654.164
2300,4.350,653.862,654.164
2301,4.349,653.863,654.165
2302,4.349,653.864,654.165
2303,4.349,653.865,654.166
2304,4.349,653.866,654.166
2305,4.348,653.867,654.167
2306,4.348,653.868,654.168
2307,4.348,653.869,654.169
2308,4.348,653.870,654.169
2309,4.347,653.871,654.170
2310,4.347,653.871,654.170
2311,4.347,653.873,654.171
2312,4.347,653.873,654.171
2313,4.346,653.875,654.172
2314,4.346,653.875,654.172
2315,4.346,653.877,654.173
2316,4.346,653.877,654.173
2317,4.345,653.878,654.174
2318,4.345,653.879,654.175
2319,4.345,653.880,654.175
2320,4.345,653.881,654.176
2321,4.344,653.882,654.176
2322,4.344,653.883,654.177
2323,4.344,653.884,654.178
2324,4.344,653.885,654.178
2325,4.343,653.886,654.179
2326,4.343,653.886,654.179
2327,4.343,653.888,654.180
2328,4.343,653.888,654.180
2329,4.342,653.889,654.181
2330,4.342,653.890,654.181
2331,4.342,653.891,654.182
2332,4.342,653.892,654.182
2333,4.341,653.893,654.183
2334,4.341,653.894,654.184
2335,4.341,653.895,654.184
2336,4.341,653.895,654.185
2337,4.340,653.897,654.185
2338,4.340,653.897,654.186
2339,4.340,653.898,654.186
2340,4.340,653.899,654.187
2341,4.339,653.900,654.187
2342,4.339,653.901,654.188
2343,4.339,653.902,654.189
2344,4.339,653.903,654.189
2345,4.338,653.904,654.190
2346,4.338,653.904,654.190
2347,4.338,653.905,654.191
2348,4.338,653.906,654.191
2349,4.337,653.907,654.192
2350,4.337,653.908,654.192
2351,4.337,653.909,654.193
2352,4.337,653.910,654.193
2353,4.337,653.911,654.194
2354,4.336,653.911,654.194
2355,4.336,653.912,654.195
2356,4.336,653.914,654.196
2357,4.336,653.914,654.196
2358,4.335,653.915,654.197
2359,4.335,653.916,654.197
2360,4.335,653.917,654.198
2361,4.335,653.917,654.198
2362,4.334,653.919,654.199
2363,4.334,653.919,654.199
2364,4.334,653.920,654.200
2365,4.334,653.921,654.200
2366,4.333,653.922,654.201
2367,4.333,653.923,654.201
2368,4.333,653.924,654.202
2369,4.333,653.924,654.202
2370,4.332,653.925,654.203
2371,4.332,653.926,654.203
2372,4.332,653.927,654.204
2373,4.332,653.928,654.204
2374,4.332,653.929,654.205
2375,4.331,653.929,654.205
2376,4.331,653.930,654.206
2377,4.331,653.931,654.206
2378,4.331,653.932,654.207
2379,4.330,653.932,654.207
2380,4.330,653.934,654.208
2381,4.330,653.934,654.208
2382,4.330,653.935,654.209
2383,4.329,653.936,654.209
2384,4.329,653.937,654.210
2385,4.329,653.938,654.210
2386,4.329,653.938,654.211
2387,4.329,653.939,654.211
2388,4.328,653.940,654.212
2389,4.328,653.941,654.212
2390,4.328,653.942,654.213
2391,4.328,653.943,654.213
2392,4.327,653.943,654.214
2393,4.327,653.944,654.214
2394,4.327,653.945,654.215
2395,4.327,653.946,654.215
2396,4.326,653.946,654.216
2397,4.326,653.947,654.216
2398,4.326,653.948,654.216
2399,4.326,653.949,654.217
2400,4.326,653.949,654.218
2401,4.325,653.950,654.218
2402,4.325,653.951,654.218
2403,4.325,653.952,654.219
2404,4.325,653.953,654.219
2405,4.324,653.954,654.220
2406,4.324,653.955,654.221
2407,4.324,653.955,654.221
2408,4.324,653.956,654.222
2409,4.323,653.957,654.222
2410,4.323,653.958,654.223
2411,4.323,653.958,654.223
2412,4.323,653.959,654.223
2413,4.323,653.960,654.224
2414,4.322,653.961,654.224
2415,4.322,653.961,654.225
2416,4.322,653.962,654.225
2417,4.322,653.963,654.226
2418,4.321,653.964,654.226
2419,4.321,653.964,654.226
2420,4.321,653.965,654.227
2421,4.321,653.966,654.227
2422,4.321,653.967,654.228
2423,4.320,653.968,654.229
2424,4.320,653.968,654.229
2425,4.320,653.969,654.230
2426,4.320,653.970,654.230
2427,4.319,653.971,654.231
2428,4.319,653.971,654.231
2429,4.319,653.972,654.231
2430,4.319,653.973,654.232
2431,4.319,653.974,654.232
2432,4.318,653.974,654.233
2433,4.318,653.975,654.233
2434,4.318,653.976,654.233
2435,4.318,653.976,654.234
2436,4.317,653.977,654.234
2437,4.317,653.978,654.235
2438,4.317,653.979,654.235
2439,4.317,653.979,654.236
2440,4.317,653.980,654.236
2441,4.316,653.981,654.237
2442,4.316,653.982,654.237
2443,4.316,653.982,654.238
2444,4.316,653.983,654.238
2445,4.315,653.984,654.238
2446,4.315,653.985,654.239
2447,4.315,653.985,654.239
2448,4.315,653.986,654.240
2449,4.315,653.987,654.240
2450,4.314,653.987,654.241
2451,4.314,653.988,654.241
2452,4.314,653.989,654.242
2453,4.314,653.990,654.242
2454,4.314,653.990,654.242
2455,4.313,653.991,654.243
2456,4.313,653.992,654.243
2457,4.313,653.993,654.244
2458,4.313,653.993,654.244
2459,4.312,653.994,654.245
2460,4.312,653.994,654.245
2461,4.312,653.995,654.246
2462,4.312,653.996,654.246
2463,4.312,653.997,654.246
2464,4.311,653.998,654.247
2465,4.311,653.998,654.247
2466,4.311,653.999,654.248
2467,4.311,653.999,654.248
2468,4.311,654.000,654.249
2469,4.310,654.001,654.249
2470,4.310,654.002,654.250
2471,4.310,654.002,654.250
2472,4.310,654.003,654.250
2473,4.309,654.004,654.251
2474,4.309,654.004,654.251
2475,4.309,654.005,654.252
2476,4.309,654.006,654.252
2477,4.309,654.007,654.252
2478,4.308,654.007,654.253
2479,4.308,654.008,654.253
2480,4.308,654.008,654.254
2481,4.308,654.009,654.254
2482,4.308,654.010,654.254
2483,4.307,654.011,654.255
2484,4.307,654.011,654.255
2485,4.307,654.012,654.256
2486,4.307,654.013,654.256
2487,4.307,654.013,654.257
2488,4.306,654.014,654.257
2489,4.306,654.015,654.257
2490,4.306,654.015,654.258
2491,4.306,654.016,654.258
2492,4.305,654.017,654.259
2493,4.305,654.017,654.259
2494,4.305,654.018,654.259
2495,4.305,654.018,654.260
2496,4.305,654.019,654.260
2497,4.304,654.020,654.261
2498,4.304,654.021,654.261
2499,4.304,654.021,654.262
2500,4.304,654.022,654.262
2501,4.304,654.023,654.262
2502,4.303,654.023,654.263
2503,4.303,654.024,654.263
2504,4.303,654.024,654.263
2505,4.303,654.025,654.264
2506,4.303,654.026,654.265
2507,4.302,654.027,654.265
2508,4.302,654.027,654.265
2509,4.302,654.028,654.266
2510,4.302,654.029,654.266
2511,4.302,654.029,654.266
2512,4.301,654.030,654.267
2513,4.301,654.030,654.267
2514,4.301,654.031,654.268
2515,4.301,654.032,654.268
2516,4.301,654.032,654.268
2517,4.300,654.033,654.269
2518,4.300,654.034,654.269
2519,4.300,654.034,654.270
2520,4.300,654.035,654.270
2521,4.300,654.036,654.270
2522,4.299,654.036,654.271
2523,4.299,654.037,654.271
2524,4.299,654.038,654.272
2525,4.299,654.038,654.272
2526,4.299,654.039,654.272
2527,4.298,654.039,654.273
2528,4.298,654.040,654.273
2529,4.298,654.040,654.273
2530,4.298,654.041,654.274
2531,4.298,654.042,654.274
2532,4.297,654.042,654.275
2533,4.297,654.043,654.275
2534,4.297,654.044,654.275
2535,4.297,654.044,654.276
2536,4.297,654.045,654.276
2537,4.296,654.046,654.277
2538,4.296,654.046,654.277
2539,4.296,654.047,654.277
2540,4.296,654.048,654.278
2541,4.296,654.048,654.278
2542,4.295,654.049,654.279
2543,4.295,654.049,654.279
2544,4.295,654.050,654.279
2545,4.295,654.050,654.280
2546,4.295,654.051,654.280
2547,4.294,654.052,654.280
2548,4.294,654.052,654.281
2549,4.294,654.053,654.281
2550,4.294,654.054,654.281
2551,4.294,654.054,654.282
2552,4.293,654.055,654.282
2553,4.293,654.055,654.283
2554,4.293,654.056,654.283
2555,4.293,654.057,654.283
2556,4.293,654.057,654.284
2557,4.292,654.058,654.284
2558,4.292,654.059,654.284
2559,4.292,654.059,654.285
2560,4.292,654.060,654.285
2561,4.292,654.060,654.285
2562,4.291,654.061,654.286
2563,4.291,654.061,654.286
2564,4.291,654.062,654.287
2565,4.291,654.063,654.287
2566,4.291,654.063,654.287
2567,4.290,654.064,654.288
2568,4.290,654.064,654.288
2569,4.290,654.065,654.288
2570,4.290,654.065,654.289
2571,4.290,654.066,654.289
2572,4.289,654.067,654.290
2573,4.289,654.067,654.290
2574,4.289,654.068,654.290
2575,4.289,654.068,654.290
2576,4.289,654.069,654.291
2577,4.289,654.069,654.291
2578,4.288,654.070,654.292
2579,4.288,654.071,654.292
2580,4.288,654.071,654.292
2581,4.288,654.072,654.293
2582,4.288,654.072,654.293
2583,4.287,654.073,654.293
2584,4.287,654.073,654.294
2585,4.287,654.074,654.294
2586,4.287,654.075,654.295
2587,4.287,654.075,654.295
2588,4.286,654.076,654.295
2589,4.286,654.076,654.295
2590,4.286,654.077,654.296
2591,4.286,654.077,654.296
2592,4.286,654.078,654.297
2593,4.285,654.079,654.297
2594,4.285,654.079,654.297
2595,4.285,654.080,654.298
2596,4.285,654.080,654.298
2597,4.285,654.081,654.298
2598,4.285,654.081,654.299
2599,4.284,654.082,654.299
2600,4.284,654.083,654.299
2601,4.284,654.083,654.300
2602,4.284,654.084,654.300
2603,4.284,654.084,654.300
2604,4.283,654.085,654.301
2605,4.283,654.086,654.301
2606,4.283,654.086,654.301
2607,4.283,654.087,654.302
2608,4.283,654.087,654.302
2609,4.282,654.088,654.302
2610,4.282,654.088,654.303
2611,4.282,654.089,654.303
2612,4.282,654.089,654.304
2613,4.282,654.090,654.304
2614,4.282,654.090,654.304
2615,4.281,654.091,654.304
2616,4.281,654.091,654.305
2617,4.281,654.092,654.305
2618,4.281,654.093,654.305
2619,4.281,654.093,654.306
2620,4.280,654.094,654.306
2621,4.280,654.094,654.307
2622,4.280,654.095,654.307
2623,4.280,654.095,654.307
2624,4.280,654.096,654.308
2625,4.280,654.096,654.308
2626,4.279,654.097,654.308
2627,4.279,654.097,654.308
2628,4.279,654.098,654.309
2629,4.279,654.098,654.309
2630,4.279,654.099,654.310
2631,4.278,654.100,654.310
2632,4.278,654.100,654.310
2633,4.278,654.101,654.310
2634,4.278,654.101,654.311
2635,4.278,654.102,654.311
2636,4.277,654.102,654.312
2637,4.277,654.103,654.312
2638,4.277,654.103,654.312
2639,4.277,654.104,654.312
2640,4.277,654.104,654.313
2641,4.277,654.105,654.313
2642,4.276,654.105,654.313
2643,4.276,654.106,654.314
2644,4.276,654.106,654.314
2645,4.276,654.107,654.314
2646,4.276,654.107,654.315
2647,4.276,654.108,654.315
2648,4.275,654.109,654.315
2649,4.275,654.109,654.316
2650,4.275,654.110,654.316
2651,4.275,654.110,654.316
2652,4.275,654.111,654.317
2653,4.274,654.111,654.317
2654,4.274,654.111,654.317
2655,4.274,654.112,654.318
2656,4.274,654.112,654.318
2657,4.274,654.113,654.318
2658,4.274,654.113,654.318
2659,4.273,654.114,654.319
2660,4.273,654.115,654.319
2661,4.273,654.115,654.319
2662,4.273,654.116,654.320
2663,4.273,654.116,654.320
2664,4.272,654.117,654.320
2665,4.272,654.117,654.321
2666,4.272,654.118,654.321
2667,4.272,654.118,654.321
2668,4.272,654.118,654.322
2669,4.272,654.119,654.322
2670,4.271,654.120,654.322
2671,4.271,654.120,654.323
2672,4.271,654.121,654.323
2673,4.271,654.121,654.323
2674,4.271,654.122,654.324
2675,4.271,654.122,654.324
2676,4.270,654.123,654.324
2677,4.270,654.123,654.324
2678,4.270,654.123,654.325
2679,4.270,654.124,654.325
2680,4.270,654.124,654.325
2681,4.269,654.125,654.326
2682,4.269,654.126,654.326
2683,4.269,654.126,654.326
2684,4.269,654.127,654.327
2685,4.269,654.127,654.327
2686,4.269,654.127,654.327
2687,4.268,654.128,654.328
2688,4.268,654.128,654.328
2689,4.268,654.129,654.328
2690,4.268,654.129,654.328
2691,4.268,654.130,654.329
2692,4.268,654.131,654.329
2693,4.267,654.131,654.329
2694,4.267,654.131,654.330
2695,4.267,654.132,654.330
2696,4.267,654.132,654.330
2697,4.267,654.133,654.331
2698,4.267,654.133,654.331
2699,4.266,654.134,654.331
2700,4.266,654.134,654.331
2701,4.266,654.135,654.332
2702,4.266,654.135,654.332
2703,4.266,654.136,654.332
2704,4.265,654.136,654.333
2705,4.265,654.136,654.333
2706,4.265,654.137,654.333
2707,4.265,654.138,654.333
2708,4.265,654.138,654.334
2709,4.265,654.139,654.334
2710,4.264,654.139,654.334
2711,4.264,654.139,654.335
2712,4.264,654.140,654.335
2713,4.264,654.140,654.335
2714,4.264,654.141,654.336
2715,4.264,654.141,654.336
2716,4.263,654.142,654.336
2717,4.263,654.142,654.336
2718,4.263,654.143,654.337
2719,4.263,654.143,654.337
2720,4.263,654.143,654.337
2721,4.263,654.144,654.337
2722,4.262,654.145,654.338
2723,4.262,654.145,654.338
2724,4.262,654.146,654.338
2725,4.262,654.146,654.339
2726,4.262,654.146,654.339
2727,4.262,654.147,654.339
2728,4.261,654.147,654.339
2729,4.261,654.148,654.340
2730,4.261,654.148,654.340
2731,4.261,654.149,654.340
2732,4.261,654.149,654.341
2733,4.261,654.149,654.341
2734,4.260,654.150,654.341
2735,4.260,654.151,654.342
2736,4.260,654.151,654.342
2737,4.260,654.151,654.342
2738,4.260,654.152,654.342
2739,4.260,654.152,654.343
2740,4.259,654.153,654.343
2741,4.259,654.153,654.343
2742,4.259,654.154,654.343
2743,4.259,654.154,654.344
2744,4.259,654.155,654.344
2745,4.259,654.155,654.344
2746,4.258,654.155,654.344
2747,4.258,654.156,654.345
2748,4.258,654.156,654.345
2749,4.258,654.157,654.345
2750,4.258,654.157,654.346
2751,4.258,654.158,654.346
2752,4.257,654.158,654.346
2753,4.257,654.158,654.346
2754,4.257,654.159,654.347
2755,4.257,654.159,654.347
2756,4.257,654.160,654.347
2757,4.257,654.160,654.348
2758,4.256,654.161,654.348
2759,4.256,654.161,654.348
2760,4.256,654.162,654.348
2761,4.256,654.162,654.349
2762,4.256,654.162,654.349
2763,4.256,654.163,654.349
2764,4.255,654.163,654.349
2765,4.255,654.164,654.350
2766,4.255,654.164,654.350
2767,4.255,654.165,654.350
2768,4.255,654.165,654.351
2769,4.255,654.165,654.351
2770,4.254,654.166,654.351
2771,4.254,654.166,654.351
2772,4.254,654.167,654.352
2773,4.254,654.167,654.352
2774,4.254,654.168,654.352
2775,4.254,654.168,654.352
2776,4.253,654.169,654.353
2777,4.253,654.169,654.353
2778,4.253,654.169,654.353
2779,4.253,654.170,654.353
2780,4.253,654.170,654.354
2781,4.253,654.171,654.354
2782,4.253,654.171,654.354
2783,4.252,654.171,654.355
2784,4.252,654.172,654.355
2785,4.252,654.172,654.355
2786,4.252,654.173,654.355
2787,4.252,654.173,654.356
2788,4.252,654.174,654.356
2789,4.251,654.174,654.356
2790,4.251,654.174,654.356
2791,4.251,654.175,654.357
2792,4.251,654.175,654.357
2793,4.251,654.176,654.357
2794,4.251,654.176,654.357
2795,4.250,654.176,654.358
2796,4.250,654.177,654.358
2797,4.250,654.177,654.358
2798,4.250,654.178,654.358
2799,4.250,654.178,654.359
2800,4.250,654.178,654.359
2801,4.249,654.179,654.359
2802,4.249,654.179,654.360
2803,4.249,654.180,654.360
2804,4.249,654.180,654.360
2805,4.249,654.181,654.360
2806,4.249,654.181,654.361
2807,4.249,654.181,654.361
2808,4.248,654.182,654.361
2809,4.248,654.182,654.361
2810,4.248,654.183,654.362
2811,4.248,654.183,654.362
2812,4.248,654.183,654.362
2813,4.248,654.184,654.362
2814,4.247,654.184,654.362
2815,4.247,654.185,654.363
2816,4.247,654.185,654.363
2817,4.247,654.185,654.363
2818,4.247,654.186,654.364
2819,4.247,654.186,654.364
2820,4.246,654.187,654.364
2821,4.246,654.187,654.364
2822,4.246,654.187,654.365
2823,4.246,654.188,654.365
2824,4.246,654.188,654.365
2825,4.246,654.189,654.365
2826,4.246,654.189,654.366
2827,4.245,654.189,654.366
2828,4.245,654.190,654.366
2829,4.245,654.190,654.366
2830,4.245,654.191,654.366
2831,4.245,654.191,654.367
2832,4.245,654.191,654.367
2833,4.244,654.192,654.367
2834,4.244,654.192,654.368
2835,4.244,654.193,654.368
2836,4.244,654.193,654.368
2837,4.244,654.193,654.368
2838,4.244,654.194,654.368
2839,4.244,654.194,654.369
2840,4.243,654.194,654.369
2841,4.243,654.195,654.369
2842,4.243,654.195,654.369
2843,4.243,654.196,654.370
2844,4.243,654.196,654.370
2845,4.243,654.197,654.370
2846,4.242,654.197,654.370
2847,4.242,654.197,654.371
2848,4.242,654.198,654.371
2849,4.242,654.198,654.371
2850,4.242,654.198,654.371
2851,4.242,654.199,654.372
2852,4.242,654.199,654.372
2853,4.241,654.200,654.372
2854,4.241,654.200,654.372
2855,4.241,654.200,654.373
2856,4.241,654.201,654.373
2857,4.241,654.201,654.373
2858,4.241,654.202,654.373
2859,4.240,654.202,654.374
2860,4.240,654.202,654.374
2861,4.240,654.203,654.374
2862,4.240,654.203,654.374
2863,4.240,654.203,654.374
2864,4.240,654.204,654.375
2865,4.240,654.204,654.375
2866,4.239,654.205,654.375
2867,4.239,654.205,654.375
2868,4.239,654.205,654.376
2869,4.239,654.206,654.376
2870,4.239,654.206,654.376
2871,4.239,654.206,654.376
2872,4.239,654.207,654.377
2873,4.238,654.207,654.377
2874,4.238,654.207,654.377
2875,4.238,654.208,654.377
2876,4.238,654.208,654.378
2877,4.238,654.209,654.378
2878,4.238,654.209,654.378
2879,4.237,654.209,654.378
2880,4.237,654.210,654.378
2881,4.237,654.210,654.379
2882,4.237,654.210,654.379
2883,4.237,654.211,654.379
2884,4.237,654.211,654.379
2885,4.237,654.212,654.380
2886,4.236,654.212,654.380
2887,4.236,654.212,654.380
2888,4.236,654.213,654.380
2889,4.236,654.213,654.381
2890,4.236,654.213,654.381
2891,4.236,654.214,654.381
2892,4.236,654.214,654.381
2893,4.235,654.214,654.381
2894,4.235,654.215,654.382
2895,4.235,654.215,654.382
2896,4.235,654.216,654.382
2897,4.235,654.216,654.382
2898,4.235,654.216,654.383
2899,4.235,654.217,654.383
2900,4.234,654.217,654.383
2901,4.234,654.217,654.383
2902,4.234,654.218,654.383
2903,4.234,654.218,654.384
2904,4.234,654.218,654.384
2905,4.234,654.219,654.384
2906,4.233,654.219,654.384
2907,4.233,654.219,654.385
2908,4.233,654.220,654.385
2909,4.233,654.220,654.385
2910,4.233,654.221,654.385
2911,4.233,654.221,654.386
2912,4.233,654.221,654.386
2913,4.232,654.222,654.386
2914,4.232,654.222,654.386
2915,4.232,654.222,654.386
2916,4.232,654.223,654.387
2917,4.232,654.223,654.387
2918,4.232,654.223,654.387
2919,4.232,654.224,654.387
2920,4.231,654.224,654.387
2921,4.231,654.224,654.388
2922,4.231,654.225,654.388
2923,4.231,654.225,654.388
2924,4.231,654.225,654.388
2925,4.231,654.226,654.389
2926,4.231,654.226,654.389
2927,4.230,654.226,654.389
2928,4.230,654.227,654.389
2929,4.230,654.227,654.389
2930,4.230,654.228,654.390
2931,4.230,654.228,654.390
2932,4.230,654.228,654.390
2933,4.230,654.229,654.390
2934,4.229,654.229,654.390
2935,4.229,654.229,654.391
2936,4.229,654.230,654.391
2937,4.229,654.230,654.391
2938,4.229,654.230,654.391
2939,4.229,654.231,654.392
2940,4.229,654.231,654.392
2941,4.228,654.231,654.392
2942,4.228,654.232,654.392
2943,4.228,654.232,654.392
2944,4.228,654.232,654.393
2945,4.228,654.233,654.393
2946,4.228,654.233,654.393
2947,4.228,654.233,654.393
2948,4.227,654.234,654.394
2949,4.227,654.234,654.394
2950,4.227,654.234,654.394
2951,4.227,654.235,654.394
2952,4.227,654.235,654.394
2953,4.227,654.235,654.395
2954,4.227,654.236,654.395
2955,4.226,654.236,654.395
2956,4.226,654.236,654.395
2957,4.226,654.237,654.395
2958,4.226,654.237,654.396
2959,4.226,654.237,654.396
2960,4.226,654.238,654.396
2961,4.226,654.238,654.396
2962,4.225,654.238,654.396
2963,4.225,654.239,654.397
2964,4.225,654.239,654.397
2965,4.225,654.239,654.397
2966,4.225,654.240,654.397
2967,4.225,654.240,654.397
2968,4.225,654.240,654.398
2969,4.224,654.241,654.398
2970,4.224,654.241,654.398
2971,4.224,654.241,654.398
2972,4.224,654.242,654.398
2973,4.224,654.242,654.399
2974,4.224,654.242,654.399
2975,4.224,654.243,654.399
2976,4.223,654.243,654.399
2977,4.223,654.243,654.400
2978,4.223,654.243,654.400
2979,4.223,654.244,654.400
2980,4.223,654.244,654.400
2981,4.223,654.244,654.400
2982,4.223,654.245,654.401
2983,4.223,654.245,654.401
2984,4.222,654.245,654.401
2985,4.222,654.246,654.401
2986,4.222,654.246,654.401
2987,4.222,654.246,654.402
2988,4.222,654.247,654.402
2989,4.222,654.247,654.402
2990,4.222,654.247,654.402
2991,4.221,654.248,654.402
2992,4.221,654.248,654.402
2993,4.221,654.248,654.403
2994,4.221,654.249,654.403
2995,4.221,654.249,654.403
2996,4.221,654.249,654.403
2997,4.221,654.250,654.404
2998,4.220,654.250,654.404
2999,4.220,654.250,654.404
3000,4.220,654.251,654.404
3001,4.220,654.251,654.404
3002,4.220,654.251,654.404
3003,4.220,654.251,654.404
3004,4.220,654.251,654.404
3005,4.220,654.251,654.404
3006,4.220,654.251,654.404
3007,4.220,654.251,654.404
3008,4.220,654.251,654.404
3009,4.220,654.251,654.404
3010,4.220,654.251,654.404
3011,4.220,654.251,654.404
3012,4.220,654.251,654.404
3013,4.220,654.251,654.404
3014,4.220,654.251,654.404
3015,4.220,654.251,654.404
3016,4.220,654.251,654.404
3017,4.220,654.251,654.404
3018,4.220,654.251,654.404
3019,4.220,654.251,654.404
3020,4.220,654.251,654.404
3021,4.220,654.251,654.404
3022,4.220,654.251,654.404
3023,4.220,654.251,654.404
3024,4.220,654.251,654.404
3025,4.220,654.251,654.404
3026,4.220,654.251,654.404
3027,4.220,654.251,654.404
3028,4.220,654.251,654.404
3029,4.220,654.251,654.404
3030,4.220,654.251,654.404
3031,4.220,654.251,654.404
3032,4.220,654.251,654.404
3033,4.220,654.251,654.404
3034,4.220,654.251,654.404
3035,4.220,654.251,654.404
3036,4.220,654.251,654.404
3037,4.220,654.251,654.404
3038,4.220,654.251,654.404
3039,4.220,654.251,654.404
3040,4.220,654.251,654.404
3041,4.220,654.251,654.404
3042,4.220,654.251,654.404
3043,4.220,654.251,654.404
3044,4.220,654.251,654.404
3045,4.220,654.251,654.404
3046,4.220,654.251,654.404
3047,4.220,654.251,654.404
3048,4.220,654.251,654.404
3049,4.220,654.251,654.404
3050,4.220,654.251,654.404
3051,4.220,654.251,654.404
3052,4.220,654.251,654.404
3053,4.220,654.251,654.404
3054,4.220,654.251,654.404
3055,4.220,654.251,654.404
3056,4.220,654.251,654.404
3057,4.220,654.251,654.404
3058,4.220,654.251,654.404
3059,4.220,654.251,654.404
3060,4.220,654.251,654.404
3061,4.220,654.251,654.404
3062,4.220,654.251,654.404
3063,4.220,654.251,654.404
3064,4.220,654.251,654.404
3065,4.220,654.251,654.404
3066,4.220,654.251,654.404
3067,4.220,654.251,654.404
3068,4.220,654.251,654.404
3069,4.220,654.251,654.404
3070,4.220,654.251,654.404
3071,4.220,654.251,654.404
3072,4.220,654.251,654.404
3073,4.220,654.251,654.404
3074,4.220,654.251,654.404
3075,4.220,654.251,654.404
3076,4.220,654.251,654.404
3077,4.220,654.251,654.404
3078,4.220,654.251,654.404
3079,4.220,654.251,654.404
3080,4.220,654.251,654.404
3081,4.220,654.251,654.404
3082,4.220,654.251,654.404
3083,4.220,654.251,654.404
3084,4.220,654.251,654.404
3085,4.220,654.251,654.404
3086,4.220,654.251,654.404
3087,4.220,654.251,654.404
3088,4.220,654.251,654.404
3089,4.220,654.251,654.404
3090,4.220,654.251,654.404
3091,4.220,654.251,654.404
3092,4.220,654.251,654.404
3093,4.220,654.251,654.404
3094,4.220,654.251,654.404
3095,4.220,654.251,654.404
3096,4.220,654.251,654.404
3097,4.220,654.251,654.404
3098,4.220,654.251,654.404
3099,4.220,654.251,654.404
3100,4.220,654.251,654.404
3101,4.220,654.251,654.404
3102,4.220,654.251,654.404
3103,4.220,654.251,654.404
3104,4.220,654.251,654.404
3105,4.220,654.251,654.404
3106,4.220,654.251,654.404
3107,4.220,654.251,654.404
3108,4.220,654.251,654.404
3109,4.220,654.251,654.404
3110,4.220,654.251,654.404
3111,4.220,654.251,654.404
3112,4.220,654.251,654.404
3113,4.220,654.251,654.404
3114,4.220,654.251,654.404
3115,4.220,654.251,654.404
3116,4.220,654.251,654.404
3117,4.220,654.251,654.404
3118,4.220,654.251,654.404
3119,4.220,654.251,654.404
3120,4.220,654.251,654.404
3121,4.220,654.251,654.404
3122,4.220,654.251,654.404
3123,4.220,654.251,654.404
3124,4.220,654.251,654.404
3125,4.220,654.251,654.404
3126,4.220,654.251,654.404
3127,4.220,654.251,654.404
3128,4.220,654.251,654.404
3129,4.220,654.251,654.404
3130,4.220,654.251,654.404
3131,4.220,654.251,654.404
3132,4.220,654.251,654.404
3133,4.220,654.251,654.404
3134,4.220,654.251,654.404
3135,4.220,654.251,654.404
3136,4.220,654.251,654.404
3137,4.220,654.251,654.404
3138,4.220,654.251,654.404
3139,4.220,654.251,654.404
3140,4.220,654.251,654.404
3141,4.220,654.251,654.404
3142,4.220,654.251,654.404
3143,4.220,654.251,654.404
3144,4.220,654.251,654.404
3145,4.220,654.251,654.404
3146,4.220,654.251,654.404
3147,4.220,654.251,654.404
3148,4.220,654.251,654.404
3149,4.220,654.251,654.404
3150,4.220,654.251,654.404
3151,4.220,654.251,654.404
3152,4.220,654.251,654.404
3153,4.220,654.251,654.404
3154,4.220,654.251,654.404
3155,4.220,654.251,654.404
3156,4.220,654.251,654.404
3157,4.220,654.251,654.404
3158,4.220,654.251,654.404
3159,4.220,654.251,654.404
3160,4.220,654.251,654.404
3161,4.220,654.251,654.404
3162,4.220,654.251,654.404
3163,4.220,654.251,654.404
3164,4.220,654.251,654.404
3165,4.220,654.251,654.404
3166,4.220,654.251,654.404
3167,4.220,654.251,654.404
3168,4.220,654.251,654.404
3169,4.220,654.251,654.404
3170,4.220,654.251,654.404
3171,4.220,654.251,654.404
3172,4.220,654.251,654.404
3173,4.220,654.251,654.404
3174,4.220,654.251,654.404
3175,4.220,654.251,654.404
3176,4.220,654.251,654.404
3177,4.220,654.251,654.404
3178,4.220,654.251,654.404
3179,4.220,654.251,654.404
3180,4.220,654.251,654.404
3181,4.220,654.251,654.404
3182,4.220,654.251,654.404
3183,4.220,654.251,654.404
3184,4.220,654.251,654.404
3185,4.220,654.251,654.404
3186,4.220,654.251,654.404
3187,4.220,654.251,654.404
3188,4.220,654.251,654.404
3189,4.220,654.251,654.404
3190,4.220,654.251,654.404
3191,4.220,654.251,654.404
3192,4.220,654.251,654.404
3193,4.220,654.251,654.404
3194,4.220,654.251,654.404
3195,4.220,654.251,654.404
3196,4.220,654.251,654.404
3197,4.220,654.251,654.404
3198,4.220,654.251,654.404
3199,4.220,654.251,654.404
3200,4.220,654.251,654.404
3201,4.220,654.251,654.404
3202,4.220,654.251,654.404
3203,4.220,654.251,654.404
3204,4.220,654.251,654.404
3205,4.220,654.251,654.404
3206,4.220,654.251,654.404
3207,4.220,654.251,654.404
3208,4.220,654.251,654.404
3209,4.220,654.251,654.404
3210,4.220,654.251,654.404
3211,4.220,654.251,654.404
3212,4.220,654.251,654.404
3213,4.220,654.251,654.404
3214,4.220,654.251,654.404
3215,4.220,654.251,654.404
3216,4.220,654.251,654.404
3217,4.220,654.251,654.404
3218,4.220,654.251,654.404
3219,4.220,654.251,654.404
3220,4.220,654.251,654.404
3221,4.220,654.251,654.404
3222,4.220,654.251,654.404
3223,4.220,654.251,654.404
3224,4.220,654.251,654.404
3225,4.220,654.251,654.404
3226,4.220,654.251,654.404
3227,4.220,654.251,654.404
3228,4.220,654.251,654.404
3229,4.220,654.251,654.404
3230,4.220,654.251,654.404
3231,4.220,654.251,654.404
3232,4.220,654.251,654.404
3233,4.220,654.251,654.404
3234,4.220,654.251,654.404
3235,4.220,654.251,654.404
3236,4.220,654.251,654.404
3237,4.220,654.251,654.404
3238,4.220,654.251,654.404
3239,4.220,654.251,654.404
3240,4.220,654.251,654.404
3241,4.220,654.251,654.404
3242,4.220,654.251,654.404
3243,4.220,654.251,654.404
3244,4.220,654.251,654.404
3245,4.220,654.251,654.404
3246,4.220,654.251,654.404
3247,4.220,654.251,654.404
3248,4.220,654.251,654.404
3249,4.220,654.251,654.404
3250,4.220,654.251,654.404
3251,4.220,654.251,654.404
3252,4.220,654.251,654.404
3253,4.220,654.251,654.404
3254,4.220,654.251,654.404
3255,4.220,654.251,654.404
3256,4.220,654.251,654.404
3257,4.220,654.251,654.404
3258,4.220,654.251,654.404
3259,4.220,654.251,654.404
3260,4.220,654.251,654.404
3261,4.220,654.251,654.404
3262,4.220,654.251,654.404
3263,4.220,654.251,654.404
3264,4.220,654.251,654.404
3265,4.220,654.251,654.404
3266,4.220,654.251,654.404
3267,4.220,654.251,654.404
3268,4.220,654.251,654.404
3269,4.220,654.251,654.404
3270,4.220,654.251,654.404
3271,4.220,654.251,654.404
3272,4.220,654.251,654.404
3273,4.220,654.251,654.404
3274,4.220,654.251,654.404
3275,4.220,654.251,654.404
3276,4.220,654.251,654.404
3277,4.220,654.251,654.404
3278,4.220,654.251,654.404
3279,4.220,654.251,654.404
3280,4.220,654.251,654.404
3281,4.220,654.251,654.404
3282,4.220,654.251,654.404
3283,4.220,654.251,654.404
3284,4.220,654.251,654.404
3285,4.220,654.251,654.404
3286,4.220,654.251,654.404
3287,4.220,654.251,654.404
3288,4.220,654.251,654.404
3289,4.220,654.251,654.404
3290,4.220,654.251,654.404
3291,4.220,654.251,654.404
3292,4.220,654.251,654.404
3293,4.220,654.251,654.404
3294,4.220,654.251,654.404
3295,4.220,654.251,654.404
3296,4.220,654.251,654.404
3297,4.220,654.251,654.404
3298,4.220,654.251,654.404
3299,4.220,654.251,654.404
3300,4.220,654.251,654.404
3301,4.220,654.251,654.404
3302,4.220,654.251,654.404
3303,4.220,654.251,654.404
3304,4.220,654.251,654.404
3305,4.220,654.251,654.404
3306,4.220,654.251,654.404
3307,4.220,654.251,654.404
3308,4.220,654.251,654.404
3309,4.220,654.251,654.404
3310,4.220,654.251,654.404
3311,4.220,654.251,654.404
3312,4.220,654.251,654.404
3313,4.220,654.251,654.404
3314,4.220,654.251,654.404
3315,4.220,654.251,654.404
3316,4.220,654.251,654.404
3317,4.220,654.251,654.404
3318,4.220,654.251,654.404
3319,4.220,654.251,654.404
3320,4.220,654.251,654.404
3321,4.220,654.251,654.404
3322,4.220,654.251,654.404
3323,4.220,654.251,654.404
3324,4.220,654.251,654.404
3325,4.220,654.251,654.404
3326,4.220,654.251,654.404
3327,4.220,654.251,654.404
3328,4.220,654.251,654.404
3329,4.220,654.251,654.404
3330,4.220,654.251,654.404
3331,4.220,654.251,654.404
3332,4.220,654.251,654.404
3333,4.220,654.251,654.404
3334,4.220,654.251,654.404
3335,4.220,654.251,654.404
3336,4.220,654.251,654.404
3337,4.220,654.251,654.404
3338,4.220,654.251,654.404
3339,4.220,654.251,654.404
3340,4.220,654.251,654.404
3341,4.220,654.251,654.404
3342,4.220,654.251,654.404
3343,4.220,654.251,654.404
3344,4.220,654.251,654.404
3345,4.220,654.251,654.404
3346,4.220,654.251,654.404
3347,4.220,654.251,654.404
3348,4.220,654.251,654.404
3349,4.220,654.251,654.404
3350,4.220,654.251,654.404
3351,4.220,654.251,654.404
3352,4.220,654.251,654.404
3353,4.220,654.251,654.404
3354,4.220,654.251,654.404
3355,4.220,654.251,654.404
3356,4.220,654.251,654.404
3357,4.220,654.251,654.404
3358,4.220,654.251,654.404
3359,4.220,654.251,654.404
3360,4.220,654.251,654.404
3361,4.220,654.251,654.404
3362,4.220,654.251,654.404
3363,4.220,654.251,654.404
3364,4.220,654.251,654.404
3365,4.220,654.251,654.404
3366,4.220,654.251,654.404
3367,4.220,654.251,654.404
3368,4.220,654.251,654.404
3369,4.220,654.251,654.404
3370,4.220,654.251,654.404
3371,4.220,654.251,654.404
3372,4.220,654.251,654.404
3373,4.220,654.251,654.404
3374,4.220,654.251,654.404
3375,4.220,654.251,654.404
3376,4.220,654.251,654.404
3377,4.220,654.251,654.404
3378,4.220,654.251,654.404
3379,4.220,654.251,654.404
3380,4.220,654.251,654.404
3381,4.220,654.251,654.404
3382,4.220,654.251,654.404
3383,4.220,654.251,654.404
3384,4.220,654.251,654.404
3385,4.220,654.251,654.404
3386,4.220,654.251,654.404
3387,4.220,654.251,654.404
3388,4.220,654.251,654.404
3389,4.220,654.251,654.404
3390,4.220,654.251,654.404
3391,4.220,654.251,654.404
3392,4.220,654.251,654.404
3393,4.220,654.251,654.404
3394,4.220,654.251,654.404
3395,4.220,654.251,654.404
3396,4.220,654.251,654.404
3397,4.220,654.251,654.404
3398,4.220,654.251,654.404
3399,4.220,654.251,654.404
3400,4.220,654.251,654.404
3401,4.220,654.251,654.404
3402,4.220,654.251,654.404
3403,4.220,654.251,654.404
3404,4.220,654.251,654.404
3405,4.220,654.251,654.404
3406,4.220,654.251,654.404
3407,4.220,654.251,654.404
3408,4.220,654.251,654.404
3409,4.220,654.251,654.404
3410,4.220,654.251,654.404
3411,4.220,654.251,654.404
3412,4.220,654.251,654.404
3413,4.220,654.251,654.404
3414,4.220,654.251,654.404
3415,4.220,654.251,654.404
3416,4.220,654.251,654.404
3417,4.220,654.251,654.404
3418,4.220,654.251,654.404
3419,4.220,654.251,654.404
3420,4.220,654.251,654.404
3421,4.220,654.251,654.404
3422,4.220,654.251,654.404
3423,4.220,654.251,654.404
3424,4.220,654.251,654.404
3425,4.220,654.251,654.404
3426,4.220,654.251,654.404
3427,4.220,654.251,654.404
3428,4.220,654.251,654.404
3429,4.220,654.251,654.404
3430,4.220,654.251,654.404
3431,4.220,654.251,654.404
3432,4.220,654.251,654.404
3433,4.220,654.251,654.404
3434,4.220,654.251,654.404
3435,4.220,654.251,654.404
3436,4.220,654.251,654.404
3437,4.220,654.251,654.404
3438,4.220,654.251,654.404
3439,4.220,654.251,654.404
3440,4.220,654.251,654.404
3441,4.220,654.251,654.404
3442,4.220,654.251,654.404
3443,4.220,654.251,654.404
3444,4.220,654.251,654.404
3445,4.220,654.251,654.404
3446,4.220,654.251,654.404
3447,4.220,654.251,654.404
3448,4.220,654.251,654.404
3449,4.220,654.251,654.404
3450,4.220,654.251,654.404
3451,4.220,654.251,654.404
3452,4.220,654.251,654.404
3453,4.220,654.251,654.404
3454,4.220,654.251,654.404
3455,4.220,654.251,654.404
3456,4.220,654.251,654.404
3457,4.220,654.251,654.404
3458,4.220,654.251,654.404
3459,4.220,654.251,654.404
3460,4.220,654.251,654.404
3461,4.220,654.251,654.404
3462,4.220,654.251,654.404
3463,4.220,654.251,654.404
3464,4.220,654.251,654.404
3465,4.220,654.251,654.404
3466,4.220,654.251,654.404
3467,4.220,654.251,654.404
3468,4.220,654.251,654.404
3469,4.220,654.251,654.404
3470,4.220,654.251,654.404
3471,4.220,654.251,654.404
3472,4.220,654.251,654.404
3473,4.220,654.251,654.404
3474,4.220,654.251,654.404
3475,4.220,654.251,654.404
3476,4.220,654.251,654.404
3477,4.220,654.251,654.404
3478,4.220,654.251,654.404
3479,4.220,654.251,654.404
3480,4.220,654.251,654.404
3481,4.220,654.251,654.404
3482,4.220,654.251,654.404
3483,4.220,654.251,654.404
3484,4.220,654.251,654.404
3485,4.220,654.251,654.404
3486,4.220,654.251,654.404
3487,4.220,654.251,654.404
3488,4.220,654.251,654.404
3489,4.220,654.251,654.404
3490,4.220,654.251,654.404
3491,4.220,654.251,654.404
3492,4.220,654.251,654.404
3493,4.220,654.251,654.404
3494,4.220,654.251,654.404
3495,4.220,654.251,654.404
3496,4.220,654.251,654.404
3497,4.220,654.251,654.404
3498,4.220,654.251,654.404
3499,4.220,654.251,654.404
3500,4.220,654.251,654.404
3501,4.220,654.251,654.404
3502,4.220,654.251,654.404
3503,4.220,654.251,654.404
3504,4.220,654.251,654.404
3505,4.220,654.251,654.404
3506,4.220,654.251,654.404
3507,4.220,654.251,654.404
3508,4.220,654.251,654.404
3509,4.220,654.251,654.404
3510,4.220,654.251,654.404
3511,4.220,654.251,654.404
3512,4.220,654.251,654.404
3513,4.220,654.251,654.404
3514,4.220,654.251,654.404
3515,4.220,654.251,654.404
3516,4.220,654.251,654.404
3517,4.220,654.251,654.404
3518,4.220,654.251,654.404
3519,4.220,654.251,654.404
3520,4.220,654.251,654.404
3521,4.220,654.251,654.404
3522,4.220,654.251,654.404
3523,4.220,654.251,654.404
3524,4.220,654.251,654.404
3525,4.220,654.251,654.404
3526,4.220,654.251,654.404
3527,4.220,654.251,654.404
3528,4.220,654.251,654.404
3529,4.220,654.251,654.404
3530,4.220,654.251,654.404
3531,4.220,654.251,654.404
3532,4.220,654.251,654.404
3533,4.220,654.251,654.404
3534,4.220,654.251,654.404
3535,4.220,654.251,654.404
3536,4.220,654.251,654.404
3537,4.220,654.251,654.404
3538,4.220,654.251,654.404
3539,4.220,654.251,654.404
3540,4.220,654.251,654.404
3541,4.220,654.251,654.404
3542,4.220,654.251,654.404
3543,4.220,654.251,654.404
3544,4.220,654.251,654.404
3545,4.220,654.251,654.404
3546,4.220,654.251,654.404
3547,4.220,654.251,654.404
3548,4.220,654.251,654.404
3549,4.220,654.251,654.404
3550,4.220,654.251,654.404
3551,4.220,654.251,654.404
3552,4.220,654.251,654.404
3553,4.220,654.251,654.404
3554,4.220,654.251,654.404
3555,4.220,654.251,654.404
3556,4.220,654.251,654.404
3557,4.220,654.251,654.404
3558,4.220,654.251,654.404
3559,4.220,654.251,654.404
3560,4.220,654.251,654.404
3561,4.220,654.251,654.404
3562,4.220,654.251,654.404
3563,4.220,654.251,654.404
3564,4.220,654.251,654.404
3565,4.220,654.251,654.404
3566,4.220,654.251,654.404
3567,4.220,654.251,654.404
3568,4.220,654.251,654.404
3569,4.220,654.251,654.404
3570,4.220,654.251,654.404
3571,4.220,654.251,654.404
3572,4.220,654.251,654.404
3573,4.220,654.251,654.404
3574,4.220,654.251,654.404
3575,4.220,654.251,654.404
3576,4.220,654.251,654.404
3577,4.220,654.251,654.404
3578,4.220,654.251,654.404
3579,4.220,654.251,654.404
3580,4.220,654.251,654.404
3581,4.220,654.251,654.404
3582,4.220,654.251,654.404
3583,4.220,654.251,654.404
3584,4.220,654.251,654.404
3585,4.220,654.251,654.404
3586,4.220,654.251,654.404
3587,4.220,654.251,654.404
3588,4.220,654.251,654.404
3589,4.220,654.251,654.404
3590,4.220,654.251,654.404
3591,4.220,654.251,654.404
3592,4.220,654.251,654.404
3593,4.220,654.251,654.404
3594,4.220,654.251,654.404
3595,4.220,654.251,654.404
3596,4.220,654.251,654.404
3597,4.220,654.251,654.404
3598,4.220,654.251,654.404
3599,4.220,654.251,654.404
3600,4.220,654.251,654.404
3601,4.220,654.251,654.404
3602,4.220,654.251,654.404
3603,4.220,654.251,654.404
3604,4.220,654.251,654.404
3605,4.220,654.251,654.404
3606,4.220,654.251,654.404
3607,4.220,654.251,654.404
3608,4.220,654.251,654.404
3609,4.220,654.251,654.404
3610,4.220,654.251,654.404
3611,4.220,654.251,654.404
3612,4.220,654.251,654.404
3613,4.220,654.251,654.404
3614,4.220,654.251,654.404
3615,4.220,654.251,654.404
3616,4.220,654.251,654.404
3617,4.220,654.251,654.404
3618,4.220,654.251,654.404
3619,4.220,654.251,654.404
3620,4.220,654.251,654.404
3621,4.220,654.251,654.404
3622,4.220,654.251,654.404
3623,4.220,654.251,654.404
3624,4.220,654.251,654.404
3625,4.220,654.251,654.404
3626,4.220,654.251,654.404
3627,4.220,654.251,654.404
3628,4.220,654.251,654.404
3629,4.220,654.251,654.404
3630,4.220,654.251,654.404
3631,4.220,654.251,654.404
3632,4.220,654.251,654.404
3633,4.220,654.251,654.404
3634,4.220,654.251,654.404
3635,4.220,654.251,654.404
3636,4.220,654.251,654.404
3637,4.220,654.251,654.404
3638,4.220,654.251,654.404
3639,4.220,654.251,654.404
3640,4.220,654.251,654.404
3641,4.220,654.251,654.404
3642,4.220,654.251,654.404
3643,4.220,654.251,654.404
3644,4.220,654.251,654.404
3645,4.220,654.251,654.404
3646,4.220,654.251,654.404
3647,4.220,654.251,654.404
3648,4.220,654.251,654.404
3649,4.220,654.251,654.404
3650,4.220,654.251,654.404
3651,4.220,654.251,654.404
3652,4.220,654.251,654.404
3653,4.220,654.251,654.404
3654,4.220,654.251,654.404
3655,4.220,654.251,654.404
3656,4.220,654.251,654.404
3657,4.220,654.251,654.404
3658,4.220,654.251,654.404
3659,4.220,654.251,654.404
3660,4.220,654.251,654.404
3661,4.220,654.251,654.404
3662,4.220,654.251,654.404
3663,4.220,654.251,654.404
3664,4.220,654.251,654.404
3665,4.220,654.251,654.404
3666,4.220,654.251,654.404
3667,4.220,654.251,654.404
3668,4.220,654.251,654.404
3669,4.220,654.251,654.404
3670,4.220,654.251,654.404
3671,4.220,654.251,654.404
3672,4.220,654.251,654.404
3673,4.220,654.251,654.404
3674,4.220,654.251,654.404
3675,4.220,654.251,654.404
3676,4.220,654.251,654.404
3677,4.220,654.251,654.404
3678,4.220,654.251,654.404
3679,4.220,654.251,654.404
3680,4.220,654.251,654.404
3681,4.220,654.251,654.404
3682,4.220,654.251,654.404
3683,4.220,654.251,654.404
3684,4.220,654.251,654.404
3685,4.220,654.251,654.404
3686,4.220,654.251,654.404
3687,4.220,654.251,654.404
3688,4.220,654.251,654.404
3689,4.220,654.251,654.404
3690,4.220,654.251,654.404
3691,4.220,654.251,654.404
3692,4.220,654.251,654.404
3693,4.220,654.251,654.404
3694,4.220,654.251,654.404
3695,4.220,654.251,654.404
3696,4.220,654.251,654.404
3697,4.220,654.251,654.404
3698,4.220,654.251,654.404
3699,4.220,654.251,654.404
3700,4.220,654.251,654.404
3701,4.220,654.251,654.404
3702,4.220,654.251,654.404
3703,4.220,654.251,654.404
3704,4.220,654.251,654.404
3705,4.220,654.251,654.404
3706,4.220,654.251,654.404
3707,4.220,654.251,654.404
3708,4.220,654.251,654.404
3709,4.220,654.251,654.404
3710,4.220,654.251,654.404
3711,4.220,654.251,654.404
3712,4.220,654.251,654.404
3713,4.220,654.251,654.404
3714,4.220,654.251,654.404
3715,4.220,654.251,654.404
3716,4.220,654.251,654.404
3717,4.220,654.251,654.404
3718,4.220,654.251,654.404
3719,4.220,654.251,654.404
3720,4.220,654.251,654.404
3721,4.220,654.251,654.404
3722,4.220,654.251,654.404
3723,4.220,654.251,654.404
3724,4.220,654.251,654.404
3725,4.220,654.251,654.404
3726,4.220,654.251,654.404
3727,4.220,654.251,654.404
3728,4.220,654.251,654.404
3729,4.220,654.251,654.404
3730,4.220,654.251,654.404
3731,4.220,654.251,654.404
3732,4.220,654.251,654.404
3733,4.220,654.251,654.404
3734,4.220,654.251,654.404
3735,4.220,654.251,654.404
3736,4.220,654.251,654.404
3737,4.220,654.251,654.404
3738,4.220,654.251,654.404
3739,4.220,654.251,654.404
3740,4.220,654.251,654.404
3741,4.220,654.251,654.404
3742,4.220,654.251,654.404
3743,4.220,654.251,654.404
3744,4.220,654.251,654.404
3745,4.220,654.251,654.404
3746,4.220,654.251,654.404
3747,4.220,654.251,654.404
3748,4.220,654.251,654.404
3749,4.220,654.251,654.404
3750,4.220,654.251,654.404
3751,4.220,654.251,654.404
3752,4.220,654.251,654.404
3753,4.220,654.251,654.404
3754,4.220,654.251,654.404
3755,4.220,654.251,654.404
3756,4.220,654.251,654.404
3757,4.220,654.251,654.404
3758,4.220,654.251,654.404
3759,4.220,654.251,654.404
3760,4.220,654.251,654.404
3761,4.220,654.251,654.404
3762,4.220,654.251,654.404
3763,4.220,654.251,654.404
3764,4.220,654.251,654.404
3765,4.220,654.251,654.404
3766,4.220,654.251,654.404
3767,4.220,654.251,654.404
3768,4.220,654.251,654.404
3769,4.220,654.251,654.404
3770,4.220,654.251,654.404
3771,4.220,654.251,654.404
3772,4.220,654.251,654.404
3773,4.220,654.251,654.404
3774,4.220,654.251,654.404
3775,4.220,654.251,654.404
3776,4.220,654.251,654.404
3777,4.220,654.251,654.404
3778,4.220,654.251,654.404
3779,4.220,654.251,654.404
3780,4.220,654.251,654.404
3781,4.220,654.251,654.404
3782,4.220,654.251,654.404
3783,4.220,654.251,654.404
3784,4.220,654.251,654.404
3785,4.220,654.251,654.404
3786,4.220,654.251,654.404
3787,4.220,654.251,654.404
3788,4.220,654.251,654.404
3789,4.220,654.251,654.404
3790,4.220,654.251,654.404
3791,4.220,654.251,654.404
3792,4.220,654.251,654.404
3793,4.220,654.251,654.404
3794,4.220,654.251,654.404
3795,4.220,654.251,654.404
3796,4.220,654.251,654.404
3797,4.220,654.251,654.404
3798,4.220,654.251,654.404
3799,4.220,654.251,654.404
3800,4.220,654.251,654.404
3801,4.220,654.251,654.404
3802,4.220,654.251,654.404
3803,4.220,654.251,654.404
3804,4.220,654.251,654.404
3805,4.220,654.251,654.404
3806,4.220,654.251,654.404
3807,4.220,654.251,654.404
3808,4.220,654.251,654.404
3809,4.220,654.251,654.404
3810,4.220,654.251,654.404
3811,4.220,654.251,654.404
3812,4.220,654.251,654.404
3813,4.220,654.251,654.404
3814,4.220,654.251,654.404
3815,4.220,654.251,654.404
3816,4.220,654.251,654.404
3817,4.220,654.251,654.404
3818,4.220,654.251,654.404
3819,4.220,654.251,654.404
3820,4.220,654.251,654.404
3821,4.220,654.251,654.404
3822,4.220,654.251,654.404
3823,4.220,654.251,654.404
3824,4.220,654.251,654.404
3825,4.220,654.251,654.404
3826,4.220,654.251,654.404
3827,4.220,654.251,654.404
3828,4.220,654.251,654.404
3829,4.220,654.251,654.404
3830,4.220,654.251,654.404
3831,4.220,654.251,654.404
3832,4.220,654.251,654.404
3833,4.220,654.251,654.404
3834,4.220,654.251,654.404
3835,4.220,654.251,654.404
3836,4.220,654.251,654.404
3837,4.220,654.251,654.404
3838,4.220,654.251,654.404
3839,4.220,654.251,654.404
3840,4.220,654.251,654.404
3841,4.220,654.251,654.404
3842,4.220,654.251,654.404
3843,4.220,654.251,654.404
3844,4.220,654.251,654.404
3845,4.220,654.251,654.404
3846,4.220,654.251,654.404
3847,4.220,654.251,654.404
3848,4.220,654.251,654.404
3849,4.220,654.251,654.404
3850,4.220,654.251,654.404
3851,4.220,654.251,654.404
3852,4.220,654.251,654.404
3853,4.220,654.251,654.404
3854,4.220,654.251,654.404
3855,4.220,654.251,654.404
3856,4.220,654.251,654.404
3857,4.220,654.251,654.404
3858,4.220,654.251,654.404
3859,4.220,654.251,654.404
3860,4.220,654.251,654.404
3861,4.220,654.251,654.404
3862,4.220,654.251,654.404
3863,4.220,654.251,654.404
3864,4.220,654.251,654.404
3865,4.220,654.251,654.404
3866,4.220,654.251,654.404
3867,4.220,654.251,654.404
3868,4.220,654.251,654.404
3869,4.220,654.251,654.404
3870,4.220,654.251,654.404
3871,4.220,654.251,654.404
3872,4.220,654.251,654.404
3873,4.220,654.251,654.404
3874,4.220,654.251,654.404
3875,4.220,654.251,654.404
3876,4.220,654.251,654.404
3877,4.220,654.251,654.404
3878,4.220,654.251,654.404
3879,4.220,654.251,654.404
3880,4.220,654.251,654.404
3881,4.220,654.251,654.404
3882,4.220,654.251,654.404
3883,4.220,654.251,654.404
3884,4.220,654.251,654.404
3885,4.220,654.251,654.404
3886,4.220,654.251,654.404
3887,4.220,654.251,654.404
3888,4.220,654.251,654.404
3889,4.220,654.251,654.404
3890,4.220,654.251,654.404
3891,4.220,654.251,654.404
3892,4.220,654.251,654.404
3893,4.220,654.251,654.404
3894,4.220,654.251,654.404
3895,4.220,654.251,654.404
3896,4.220,654.251,654.404
3897,4.220,654.251,654.404
3898,4.220,654.251,654.404
3899,4.220,654.251,654.404
3900,4.220,654.251,654.404
3901,4.220,654.251,654.404
3902,4.220,654.251,654.404
3903,4.220,654.251,654.404
3904,4.220,654.251,654.404
3905,4.220,654.251,654.404
3906,4.220,654.251,654.404
3907,4.220,654.251,654.404
3908,4.220,654.251,654.404
3909,4.220,654.251,654.404
3910,4.220,654.251,654.404
3911,4.220,654.251,654.404
3912,4.220,654.251,654.404
3913,4.220,654.251,654.404
3914,4.220,654.251,654.404
3915,4.220,654.251,654.404
3916,4.220,654.251,654.404
3917,4.220,654.251,654.404
3918,4.220,654.251,654.404
3919,4.220,654.251,654.404
3920,4.220,654.251,654.404
3921,4.220,654.251,654.404
3922,4.220,654.251,654.404
3923,4.220,654.251,654.404
3924,4.220,654.251,654.404
3925,4.220,654.251,654.404
3926,4.220,654.251,654.404
3927,4.220,654.251,654.404
3928,4.220,654.251,654.404
3929,4.220,654.251,654.404
3930,4.220,654.251,654.404
3931,4.220,654.251,654.404
3932,4.220,654.251,654.404
3933,4.220,654.251,654.404
3934,4.220,654.251,654.404
3935,4.220,654.251,654.404
3936,4.220,654.251,654.404
3937,4.220,654.251,654.404
3938,4.220,654.251,654.404
3939,4.220,654.251,654.404
3940,4.220,654.251,654.404
3941,4.220,654.251,654.404
3942,4.220,654.251,654.404
3943,4.220,654.251,654.404
3944,4.220,654.251,654.404
3945,4.220,654.251,654.404
3946,4.220,654.251,654.404
3947,4.220,654.251,654.404
3948,4.220,654.251,654.404
3949,4.220,654.251,654.404
3950,4.220,654.251,654.404
3951,4.220,654.251,654.404
3952,4.220,654.251,654.404
3953,4.220,654.251,654.404
3954,4.220,654.251,654.404
3955,4.220,654.251,654.404
3956,4.220,654.251,654.404
3957,4.220,654.251,654.404
3958,4.220,654.251,654.404
3959,4.220,654.251,654.404
3960,4.220,654.251,654.404
3961,4.220,654.251,654.404
3962,4.220,654.251,654.404
3963,4.220,654.251,654.404
3964,4.220,654.251,654.404
3965,4.220,654.251,654.404
3966,4.220,654.251,654.404
3967,4.220,654.251,654.404
3968,4.220,654.251,654.404
3969,4.220,654.251,654.404
3970,4.220,654.251,654.404
3971,4.220,654.251,654.404
3972,4.220,654.251,654.404
3973,4.220,654.251,654.404
3974,4.220,654.251,654.404
3975,4.220,654.251,654.404
3976,4.220,654.251,654.404
3977,4.220,654.251,654.404
3978,4.220,654.251,654.404
3979,4.220,654.251,654.404
3980,4.220,654.251,654.404
3981,4.220,654.251,654.404
3982,4.220,654.251,654.404
3983,4.220,654.251,654.404
3984,4.220,654.251,654.404
3985,4.220,654.251,654.404
3986,4.220,654.251,654.404
3987,4.220,654.251,654.404
3988,4.220,654.251,654.404
3989,4.220,654.251,654.404
3990,4.220,654.251,654.404
3991,4.220,654.251,654.404
3992,4.220,654.251,654.404
3993,4.220,654.251,654.404
3994,4.220,654.251,654.404
3995,4.220,654.251,654.404
3996,4.220,654.251,654.404
3997,4.220,654.251,654.404
3998,4.220,654.251,654.404
3999,4.220,654.251,654.404
4000,4.220,654.251,654.404
4001,4.220,654.251,654.404
4002,4.220,654.251,654.404
4003,4.220,654.251,654.404
4004,4.220,654.251,654.404
4005,4.220,654.251,654.404
4006,4.220,654.251,654.404
4007,4.220,654.251,654.404
4008,4.220,654.251,654.404
4009,4.220,654.251,654.404
4010,4.220,654.251,654.404
4011,4.220,654.251,654.404
4012,4.220,654.251,654.404
4013,4.220,654.251,654.404
4014,4.220,654.251,654.404
4015,4.220,654.251,654.404
4016,4.220,654.251,654.404
4017,4.220,654.251,654.404
4018,4.220,654.251,654.404
4019,4.220,654.251,654.404
4020,4.220,654.251,654.404
4021,4.220,654.251,654.404
4022,4.220,654.251,654.404
4023,4.220,654.251,654.404
4024,4.220,654.251,654.404
4025,4.220,654.251,654.404
4026,4.220,654.251,654.404
4027,4.220,654.251,654.404
4028,4.220,654.251,654.404
4029,4.220,654.251,654.404
4030,4.220,654.251,654.404
4031,4.220,654.251,654.404
4032,4.220,654.251,654.404
4033,4.220,654.251,654.404
4034,4.220,654.251,654.404
4035,4.220,654.251,654.404
4036,4.220,654.251,654.404
4037,4.220,654.251,654.404
4038,4.220,654.251,654.404
4039,4.220,654.251,654.404
4040,4.220,654.251,654.404
4041,4.220,654.251,654.404
4042,4.220,654.251,654.404
4043,4.220,654.251,654.404
4044,4.220,654.251,654.404
4045,4.220,654.251,654.404
4046,4.220,654.251,654.404
4047,4.220,654.251,654.404
4048,4.220,654.251,654.404
4049,4.220,654.251,654.404
4050,4.220,654.251,654.404
4051,4.220,654.251,654.404
4052,4.220,654.251,654.404
4053,4.220,654.251,654.404
4054,4.220,654.251,654.404
4055,4.220,654.251,654.404
4056,4.220,654.251,654.404
4057,4.220,654.251,654.404
4058,4.220,654.251,654.404
4059,4.220,654.251,654.404
4060,4.220,654.251,654.404
4061,4.220,654.251,654.404
4062,4.220,654.251,654.404
4063,4.220,654.251,654.404
4064,4.220,654.251,654.404
4065,4.220,654.251,654.404
4066,4.220,654.251,654.404
4067,4.220,654.251,654.404
4068,4.220,654.251,654.404
4069,4.220,654.251,654.404
4070,4.220,654.251,654.404
4071,4.220,654.251,654.404
4072,4.220,654.251,654.404
4073,4.220,654.251,654.404
4074,4.220,654.251,654.404
4075,4.220,654.251,654.404
4076,4.220,654.251,654.404
4077,4.220,654.251,654.404
4078,4.220,654.251,654.404
4079,4.220,654.251,654.404
4080,4.220,654.251,654.404
4081,4.220,654.251,654.404
4082,4.220,654.251,654.404
4083,4.220,654.251,654.404
4084,4.220,654.251,654.404
4085,4.220,654.251,654.404
4086,4.220,654.251,654.404
4087,4.220,654.251,654.404
4088,4.220,654.251,654.404
4089,4.220,654.251,654.404
4090,4.220,654.251,654.404
4091,4.220,654.251,654.404
4092,4.220,654.251,654.404
4093,4.220,654.251,654.404
4094,4.220,654.251,654.404
4095,4.220,654.251,654.404
4096,4.220,654.251,654.404
4097,4.220,654.251,654.404
4098,4.220,654.251,654.404
4099,4.220,654.251,654.404
4100,4.220,654.251,654.404
4101,4.220,654.251,654.404
4102,4.220,654.251,654.404
4103,4.220,654.251,654.404
4104,4.220,654.251,654.404
4105,4.220,654.251,654.404
4106,4.220,654.251,654.404
4107,4.220,654.251,654.404
4108,4.220,654.251,654.404
4109,4.220,654.251,654.404
4110,4.220,654.251,654.404
4111,4.220,654.251,654.404
4112,4.220,654.251,654.404
4113,4.220,654.251,654.404
4114,4.220,654.251,654.404
4115,4.220,654.251,654.404
4116,4.220,654.251,654.404
4117,4.220,654.251,654.404
4118,4.220,654.251,654.404
4119,4.220,654.251,654.404
4120,4.220,654.251,654.404
4121,4.220,654.251,654.404
4122,4.220,654.251,654.404
4123,4.220,654.251,654.404
4124,4.220,654.251,654.404
4125,4.220,654.251,654.404
4126,4.220,654.251,654.404
4127,4.220,654.251,654.404
4128,4.220,654.251,654.404
4129,4.220,654.251,654.404
4130,4.220,654.251,654.404
4131,4.220,654.251,654.404
4132,4.220,654.251,654.404
4133,4.220,654.251,654.404
4134,4.220,654.251,654.404
4135,4.220,654.251,654.404
4136,4.220,654.251,654.404
4137,4.220,654.251,654.404
4138,4.220,654.251,654.404
4139,4.220,654.251,654.404
4140,4.220,654.251,654.404
4141,4.220,654.251,654.404
4142,4.220,654.251,654.404
4143,4.220,654.251,654.404
4144,4.220,654.251,654.404
4145,4.220,654.251,654.404
4146,4.220,654.251,654.404
4147,4.220,654.251,654.404
4148,4.220,654.251,654.404
4149,4.220,654.251,654.404
4150,4.220,654.251,654.404
4151,4.220,654.251,654.404
4152,4.220,654.251,654.404
4153,4.220,654.251,654.404
4154,4.220,654.251,654.404
4155,4.220,654.251,654.404
4156,4.220,654.251,654.404
4157,4.220,654.251,654.404
4158,4.220,654.251,654.404
4159,4.220,654.251,654.404
4160,4.220,654.251,654.404
4161,4.220,654.251,654.404
4162,4.220,654.251,654.404
4163,4.220,654.251,654.404
4164,4.220,654.251,654.404
4165,4.220,654.251,654.404
4166,4.220,654.251,654.404
4167,4.220,654.251,654.404
4168,4.220,654.251,654.404
4169,4.220,654.251,654.404
4170,4.220,654.251,654.404
4171,4.220,654.251,654.404
4172,4.220,654.251,654.404
4173,4.220,654.251,654.404
4174,4.220,654.251,654.404
4175,4.220,654.251,654.404
4176,4.220,654.251,654.404
4177,4.220,654.251,654.404
4178,4.220,654.251,654.404
4179,4.220,654.251,654.404
4180,4.220,654.251,654.404
4181,4.220,654.251,654.404
4182,4.220,654.251,654.404
4183,4.220,654.251,654.404
4184,4.220,654.251,654.404
4185,4.220,654.251,654.404
4186,4.220,654.251,654.404
4187,4.220,654.251,654.404
4188,4.220,654.251,654.404
4189,4.220,654.251,654.404
4190,4.220,654.251,654.404
4191,4.220,654.251,654.404
4192,4.220,654.251,654.404
4193,4.220,654.251,654.404
4194,4.220,654.251,654.404
4195,4.220,654.251,654.404
4196,4.220,654.251,654.404
4197,4.220,654.251,654.404
4198,4.220,654.251,654.404
4199,4.220,654.251,654.404
4200,4.220,654.251,654.404
4201,4.220,654.251,654.404
4202,4.220,654.251,654.404
4203,4.220,654.251,654.404
4204,4.220,654.251,654.404
4205,4.220,654.251,654.404
4206,4.220,654.251,654.404
4207,4.220,654.251,654.404
4208,4.220,654.251,654.404
4209,4.220,654.251,654.404
4210,4.220,654.251,654.404
4211,4.220,654.251,654.404
4212,4.220,654.251,654.404
4213,4.220,654.251,654.404
4214,4.220,654.251,654.404
4215,4.220,654.251,654.404
4216,4.220,654.251,654.404
4217,4.220,654.251,654.404
4218,4.220,654.251,654.404
4219,4.220,654.251,654.404
4220,4.220,654.251,654.404
4221,4.220,654.251,654.404
4222,4.220,654.251,654.404
4223,4.220,654.251,654.404
4224,4.220,654.251,654.404
4225,4.220,654.251,654.404
4226,4.220,654.251,654.404
4227,4.220,654.251,654.404
4228,4.220,654.251,654.404
4229,4.220,654.251,654.404
4230,4.220,654.251,654.404
4231,4.220,654.251,654.404
4232,4.220,654.251,654.404
4233,4.220,654.251,654.404
4234,4.220,654.251,654.404
4235,4.220,654.251,654.404
4236,4.220,654.251,654.404
4237,4.220,654.251,654.404
4238,4.220,654.251,654.404
4239,4.220,654.251,654.404
4240,4.220,654.251,654.404
4241,4.220,654.251,654.404
4242,4.220,654.251,654.404
4243,4.220,654.251,654.404
4244,4.220,654.251,654.404
4245,4.220,654.251,654.404
4246,4.220,654.251,654.404
4247,4.220,654.251,654.404
4248,4.220,654.251,654.404
4249,4.220,654.251,654.404
4250,4.220,654.251,654.404
4251,4.220,654.251,654.404
4252,4.220,654.251,654.404
4253,4.220,654.251,654.404
4254,4.220,654.251,654.404
4255,4.220,654.251,654.404
4256,4.220,654.251,654.404
4257,4.220,654.251,654.404
4258,4.220,654.251,654.404
4259,4.220,654.251,654.404
4260,4.220,654.251,654.404
4261,4.220,654.251,654.404
4262,4.220,654.251,654.404
4263,4.220,654.251,654.404
4264,4.220,654.251,654.404
4265,4.220,654.251,654.404
4266,4.220,654.251,654.404
4267,4.220,654.251,654.404
4268,4.220,654.251,654.404
4269,4.220,654.251,654.404
4270,4.220,654.251,654.404
4271,4.220,654.251,654.404
4272,4.220,654.251,654.404
4273,4.220,654.251,654.404
4274,4.220,654.251,654.404
4275,4.220,654.251,654.404
4276,4.220,654.251,654.404
4277,4.220,654.251,654.404
4278,4.220,654.251,654.404
4279,4.220,654.251,654.404
4280,4.220,654.251,654.404
4281,4.220,654.251,654.404
4282,4.220,654.251,654.404
4283,4.220,654.251,654.404
4284,4.220,654.251,654.404
4285,4.220,654.251,654.404
4286,4.220,654.251,654.404
4287,4.220,654.251,654.404
4288,4.220,654.251,654.404
4289,4.220,654.251,654.404
4290,4.220,654.251,654.404
4291,4.220,654.251,654.404
4292,4.220,654.251,654.404
4293,4.220,654.251,654.404
4294,4.220,654.251,654.404
4295,4.220,654.251,654.404
4296,4.220,654.251,654.404
4297,4.220,654.251,654.404
4298,4.220,654.251,654.404
4299,4.220,654.251,654.404
4300,4.220,654.251,654.404
4301,4.220,654.251,654.404
4302,4.220,654.251,654.404
4303,4.220,654.251,654.404
4304,4.220,654.251,654.404
4305,4.220,654.251,654.404
4306,4.220,654.251,654.404
4307,4.220,654.251,654.404
4308,4.220,654.251,654.404
4309,4.220,654.251,654.404
4310,4.220,654.251,654.404
4311,4.220,654.251,654.404
4312,4.220,654.251,654.404
4313,4.220,654.251,654.404
4314,4.220,654.251,654.404
4315,4.220,654.251,654.404
4316,4.220,654.251,654.404
4317,4.220,654.251,654.404
4318,4.220,654.251,654.404
4319,4.220,654.251,654.404
4320,4.220,654.251,654.404
4321,4.220,654.251,654.404
4322,4.220,654.251,654.404
4323,4.220,654.251,654.404
4324,4.220,654.251,654.404
4325,4.220,654.251,654.404
4326,4.220,654.251,654.404
4327,4.220,654.251,654.404
4328,4.220,654.251,654.404
4329,4.220,654.251,654.404
4330,4.220,654.251,654.404
4331,4.220,654.251,654.404
4332,4.220,654.251,654.404
4333,4.220,654.251,654.404
4334,4.220,654.251,654.404
4335,4.220,654.251,654.404
4336,4.220,654.251,654.404
4337,4.220,654.251,654.404
4338,4.220,654.251,654.404
4339,4.220,654.251,654.404
4340,4.220,654.251,654.404
4341,4.220,654.251,654.404
4342,4.220,654.251,654.404
4343,4.220,654.251,654.404
4344,4.220,654.251,654.404
4345,4.220,654.251,654.404
4346,4.220,654.251,654.404
4347,4.220,654.251,654.404
4348,4.220,654.251,654.404
4349,4.220,654.251,654.404
4350,4.220,654.251,654.404
4351,4.220,654.251,654.404
4352,4.220,654.251,654.404
4353,4.220,654.251,654.404
4354,4.220,654.251,654.404
4355,4.220,654.251,654.404
4356,4.220,654.251,654.404
4357,4.220,654.251,654.404
4358,4.220,654.251,654.404
4359,4.220,654.251,654.404
4360,4.220,654.251,654.404
4361,4.220,654.251,654.404
4362,4.220,654.251,654.404
4363,4.220,654.251,654.404
4364,4.220,654.251,654.404
4365,4.220,654.251,654.404
4366,4.220,654.251,654.404
4367,4.220,654.251,654.404
4368,4.220,654.251,654.404
4369,4.220,654.251,654.404
4370,4.220,654.251,654.404
4371,4.220,654.251,654.404
4372,4.220,654.251,654.404
4373,4.220,654.251,654.404
4374,4.220,654.251,654.404
4375,4.220,654.251,654.404
4376,4.220,654.251,654.404
4377,4.220,654.251,654.404
4378,4.220,654.251,654.404
4379,4.220,654.251,654.404
4380,4.220,654.251,654.404
4381,4.220,654.251,654.404
4382,4.220,654.251,654.404
4383,4.220,654.251,654.404
4384,4.220,654.251,654.404
4385,4.220,654.251,654.404
4386,4.220,654.251,654.404
4387,4.220,654.251,654.404
4388,4.220,654.251,654.404
4389,4.220,654.251,654.404
4390,4.220,654.251,654.404
4391,4.220,654.251,654.404
4392,4.220,654.251,654.404
4393,4.220,654.251,654.404
4394,4.220,654.251,654.404
4395,4.220,654.251,654.404
4396,4.220,654.251,654.404
4397,4.220,654.251,654.404
4398,4.220,654.251,654.404
4399,4.220,654.251,654.404
4400,4.220,654.251,654.404
4401,4.220,654.251,654.404
4402,4.220,654.251,654.404
4403,4.220,654.251,654.404
4404,4.220,654.251,654.404
4405,4.220,654.251,654.404
4406,4.220,654.251,654.404
4407,4.220,654.251,654.404
4408,4.220,654.251,654.404
4409,4.220,654.251,654.404
4410,4.220,654.251,654.404
4411,4.220,654.251,654.404
4412,4.220,654.251,654.404
4413,4.220,654.251,654.404
4414,4.220,654.251,654.404
4415,4.220,654.251,654.404
4416,4.220,654.251,654.404
4417,4.220,654.251,654.404
4418,4.220,654.251,654.404
4419,4.220,654.251,654.404
4420,4.220,654.251,654.404
4421,4.220,654.251,654.404
4422,4.220,654.251,654.404
4423,4.220,654.251,654.404
4424,4.220,654.251,654.404
4425,4.220,654.251,654.404
4426,4.220,654.251,654.404
4427,4.220,654.251,654.404
4428,4.220,654.251,654.404
4429,4.220,654.251,654.404
4430,4.220,654.251,654.404
4431,4.220,654.251,654.404
4432,4.220,654.251,654.404
4433,4.220,654.251,654.404
4434,4.220,654.251,654.404
4435,4.220,654.251,654.404
4436,4.220,654.251,654.404
4437,4.220,654.251,654.404
4438,4.220,654.251,654.404
4439,4.220,654.251,654.404
4440,4.220,654.251,654.404
4441,4.220,654.251,654.404
4442,4.220,654.251,654.404
4443,4.220,654.251,654.404
4444,4.220,654.251,654.404
4445,4.220,654.251,654.404
4446,4.220,654.251,654.404
4447,4.220,654.251,654.404
4448,4.220,654.251,654.404
4449,4.220,654.251,654.404
4450,4.220,654.251,654.404
4451,4.220,654.251,654.404
4452,4.220,654.251,654.404
4453,4.220,654.251,654.404
4454,4.220,654.251,654.404
4455,4.220,654.251,654.404
4456,4.220,654.251,654.404
4457,4.220,654.251,654.404
4458,4.220,654.251,654.404
4459,4.220,654.251,654.404
4460,4.220,654.251,654.404
4461,4.220,654.251,654.404
4462,4.220,654.251,654.404
4463,4.220,654.251,654.404
4464,4.220,654.251,654.404
4465,4.220,654.251,654.404
4466,4.220,654.251,654.404
4467,4.220,654.251,654.404
4468,4.220,654.251,654.404
4469,4.220,654.251,654.404
4470,4.220,654.251,654.404
4471,4.220,654.251,654.404
4472,4.220,654.251,654.404
4473,4.220,654.251,654.404
4474,4.220,654.251,654.404
4475,4.220,654.251,654.404
4476,4.220,654.251,654.404
4477,4.220,654.251,654.404
4478,4.220,654.251,654.404
4479,4.220,654.251,654.404
4480,4.220,654.251,654.404
4481,4.220,654.251,654.404
4482,4.220,654.251,654.404
4483,4.220,654.251,654.404
4484,4.220,654.251,654.404
4485,4.220,654.251,654.404
4486,4.220,654.251,654.404
4487,4.220,654.251,654.404
4488,4.220,654.251,654.404
4489,4.220,654.251,654.404
4490,4.220,654.251,654.404
4491,4.220,654.251,654.404
4492,4.220,654.251,654.404
4493,4.220,654.251,654.404
4494,4.220,654.251,654.404
4495,4.220,654.251,654.404
4496,4.220,654.251,654.404
4497,4.220,654.251,654.404
4498,4.220,654.251,654.404
4499,4.220,654.251,654.404
4500,4.220,654.251,654.404
4501,4.220,654.251,654.404
4502,4.220,654.251,654.404
4503,4.220,654.251,654.404
4504,4.220,654.251,654.404
4505,4.220,654.251,654.404
4506,4.220,654.251,654.404
4507,4.220,654.251,654.404
4508,4.220,654.251,654.404
4509,4.220,654.251,654.404
4510,4.220,654.251,654.404
4511,4.220,654.251,654.404
4512,4.220,654.251,654.404
4513,4.220,654.251,654.404
4514,4.220,654.251,654.404
4515,4.220,654.251,654.404
4516,4.220,654.251,654.404
4517,4.220,654.251,654.404
4518,4.220,654.251,654.404
4519,4.220,654.251,654.404
4520,4.220,654.251,654.404
4521,4.220,654.251,654.404
4522,4.220,654.251,654.404
4523,4.220,654.251,654.404
4524,4.220,654.251,654.404
4525,4.220,654.251,654.404
4526,4.220,654.251,654.404
4527,4.220,654.251,654.404
4528,4.220,654.251,654.404
4529,4.220,654.251,654.404
4530,4.220,654.251,654.404
4531,4.220,654.251,654.404
4532,4.220,654.251,654.404
4533,4.220,654.251,654.404
4534,4.220,654.251,654.404
4535,4.220,654.251,654.404
4536,4.220,654.251,654.404
4537,4.220,654.251,654.404
4538,4.220,654.251,654.404
4539,4.220,654.251,654.404
4540,4.220,654.251,654.404
4541,4.220,654.251,654.404
4542,4.220,654.251,654.404
4543,4.220,654.251,654.404
4544,4.220,654.251,654.404
4545,4.220,654.251,654.404
4546,4.220,654.251,654.404
4547,4.220,654.251,654.404
4548,4.220,654.251,654.404
4549,4.220,654.251,654.404
4550,4.220,654.251,654.404
4551,4.220,654.251,654.404
4552,4.220,654.251,654.404
4553,4.220,654.251,654.404
4554,4.220,654.251,654.404
4555,4.220,654.251,654.404
4556,4.220,654.251,654.404
4557,4.220,654.251,654.404
4558,4.220,654.251,654.404
4559,4.220,654.251,654.404
4560,4.220,654.251,654.404
4561,4.220,654.251,654.404
4562,4.220,654.251,654.404
4563,4.220,654.251,654.404
4564,4.220,654.251,654.404
4565,4.220,654.251,654.404
4566,4.220,654.251,654.404
4567,4.220,654.251,654.404
4568,4.220,654.251,654.404
4569,4.220,654.251,654.404
4570,4.220,654.251,654.404
4571,4.220,654.251,654.404
4572,4.220,654.251,654.404
4573,4.220,654.251,654.404
4574,4.220,654.251,654.404
4575,4.220,654.251,654.404
4576,4.220,654.251,654.404
4577,4.220,654.251,654.404
4578,4.220,654.251,654.404
4579,4.220,654.251,654.404
4580,4.220,654.251,654.404
4581,4.220,654.251,654.404
4582,4.220,654.251,654.404
4583,4.220,654.251,654.404
4584,4.220,654.251,654.404
4585,4.220,654.251,654.404
4586,4.220,654.251,654.404
4587,4.220,654.251,654.404
4588,4.220,654.251,654.404
4589,4.220,654.251,654.404
4590,4.220,654.251,654.404
4591,4.220,654.251,654.404
4592,4.220,654.251,654.404
4593,4.220,654.251,654.404
4594,4.220,654.251,654.404
4595,4.220,654.251,654.404
4596,4.220,654.251,654.404
4597,4.220,654.251,654.404
4598,4.220,654.251,654.404
4599,4.220,654.251,654.404
4600,4.220,654.251,654.404
4601,4.220,654.251,654.404
4602,4.220,654.251,654.404
4603,4.220,654.251,654.404
4604,4.220,654.251,654.404
4605,4.220,654.251,654.404
4606,4.220,654.251,654.404
4607,4.220,654.251,654.404
4608,4.220,654.251,654.404
4609,4.220,654.251,654.404
4610,4.220,654.251,654.404
4611,4.220,654.251,654.404
4612,4.220,654.251,654.404
4613,4.220,654.251,654.404
4614,4.220,654.251,654.404
4615,4.220,654.251,654.404
4616,4.220,654.251,654.404
4617,4.220,654.251,654.404
4618,4.220,654.251,654.404
4619,4.220,654.251,654.404
4620,4.220,654.251,654.404
4621,4.220,654.251,654.404
4622,4.220,654.251,654.404
4623,4.220,654.251,654.404
4624,4.220,654.251,654.404
4625,4.220,654.251,654.404
4626,4.220,654.251,654.404
4627,4.220,654.251,654.404
4628,4.220,654.251,654.404
4629,4.220,654.251,654.404
4630,4.220,654.251,654.404
4631,4.220,654.251,654.404
4632,4.220,654.251,654.404
4633,4.220,654.251,654.404
4634,4.220,654.251,654.404
4635,4.220,654.251,654.404
4636,4.220,654.251,654.404
4637,4.220,654.251,654.404
4638,4.220,654.251,654.404
4639,4.220,654.251,654.404
4640,4.220,654.251,654.404
4641,4.220,654.251,654.404
4642,4.220,654.251,654.404
4643,4.220,654.251,654.404
4644,4.220,654.251,654.404
4645,4.220,654.251,654.404
4646,4.220,654.251,654.404
4647,4.220,654.251,654.404
4648,4.220,654.251,654.404
4649,4.220,654.251,654.404
4650,4.220,654.251,654.404
4651,4.220,654.251,654.404
4652,4.220,654.251,654.404
4653,4.220,654.251,654.404
4654,4.220,654.251,654.404
4655,4.220,654.251,654.404
4656,4.220,654.251,654.404
4657,4.220,654.251,654.404
4658,4.220,654.251,654.404
4659,4.220,654.251,654.404
4660,4.220,654.251,654.404
4661,4.220,654.251,654.404
4662,4.220,654.251,654.404
4663,4.220,654.251,654.404
4664,4.220,654.251,654.404
4665,4.220,654.251,654.404
4666,4.220,654.251,654.404
4667,4.220,654.251,654.404
4668,4.220,654.251,654.404
4669,4.220,654.251,654.404
4670,4.220,654.251,654.404
4671,4.220,654.251,654.404
4672,4.220,654.251,654.404
4673,4.220,654.251,654.404
4674,4.220,654.251,654.404
4675,4.220,654.251,654.404
4676,4.220,654.251,654.404
4677,4.220,654.251,654.404
4678,4.220,654.251,654.404
4679,4.220,654.251,654.404
4680,4.220,654.251,654.404
4681,4.220,654.251,654.404
4682,4.220,654.251,654.404
4683,4.220,654.251,654.404
4684,4.220,654.251,654.404
4685,4.220,654.251,654.404
4686,4.220,654.251,654.404
4687,4.220,654.251,654.404
4688,4.220,654.251,654.404
4689,4.220,654.251,654.404
4690,4.220,654.251,654.404
4691,4.220,654.251,654.404
4692,4.220,654.251,654.404
4693,4.220,654.251,654.404
4694,4.220,654.251,654.404
4695,4.220,654.251,654.404
4696,4.220,654.251,654.404
4697,4.220,654.251,654.404
4698,4.220,654.251,654.404
4699,4.220,654.251,654.404
4700,4.220,654.251,654.404
4701,4.220,654.251,654.404
4702,4.220,654.251,654.404
4703,4.220,654.251,654.404
4704,4.220,654.251,654.404
4705,4.220,654.251,654.404
4706,4.220,654.251,654.404
4707,4.220,654.251,654.404
4708,4.220,654.251,654.404
4709,4.220,654.251,654.404
4710,4.220,654.251,654.404
4711,4.220,654.251,654.404
4712,4.220,654.251,654.404
4713,4.220,654.251,654.404
4714,4.220,654.251,654.404
4715,4.220,654.251,654.404
4716,4.220,654.251,654.404
4717,4.220,654.251,654.404
4718,4.220,654.251,654.404
4719,4.220,654.251,654.404
4720,4.220,654.251,654.404
4721,4.220,654.251,654.404
4722,4.220,654.251,654.404
4723,4.220,654.251,654.404
4724,4.220,654.251,654.404
4725,4.220,654.251,654.404
4726,4.220,654.251,654.404
4727,4.220,654.251,654.404
4728,4.220,654.251,654.404
4729,4.220,654.251,654.404
4730,4.220,654.251,654.404
4731,4.220,654.251,654.404
4732,4.220,654.251,654.404
4733,4.220,654.251,654.404
4734,4.220,654.251,654.404
4735,4.220,654.251,654.404
4736,4.220,654.251,654.404
4737,4.220,654.251,654.404
4738,4.220,654.251,654.404
4739,4.220,654.251,654.404
4740,4.220,654.251,654.404
4741,4.220,654.251,654.404
4742,4.220,654.251,654.404
4743,4.220,654.251,654.404
4744,4.220,654.251,654.404
4745,4.220,654.251,654.404
4746,4.220,654.251,654.404
4747,4.220,654.251,654.404
4748,4.220,654.251,654.404
4749,4.220,654.251,654.404
4750,4.220,654.251,654.404
4751,4.220,654.251,654.404
4752,4.220,654.251,654.404
4753,4.220,654.251,654.404
4754,4.220,654.251,654.404
4755,4.220,654.251,654.404
4756,4.220,654.251,654.404
4757,4.220,654.251,654.404
4758,4.220,654.251,654.404
4759,4.220,654.251,654.404
4760,4.220,654.251,654.404
4761,4.220,654.251,654.404
4762,4.220,654.251,654.404
4763,4.220,654.251,654.404
4764,4.220,654.251,654.404
4765,4.220,654.251,654.404
4766,4.220,654.251,654.404
4767,4.220,654.251,654.404
4768,4.220,654.251,654.404
4769,4.220,654.251,654.404
4770,4.220,654.251,654.404
4771,4.220,654.251,654.404
4772,4.220,654.251,654.404
4773,4.220,654.251,654.404
4774,4.220,654.251,654.404
4775,4.220,654.251,654.404
4776,4.220,654.251,654.404
4777,4.220,654.251,654.404
4778,4.220,654.251,654.404
4779,4.220,654.251,654.404
4780,4.220,654.251,654.404
4781,4.220,654.251,654.404
4782,4.220,654.251,654.404
4783,4.220,654.251,654.404
4784,4.220,654.251,654.404
4785,4.220,654.251,654.404
4786,4.220,654.251,654.404
4787,4.220,654.251,654.404
4788,4.220,654.251,654.404
4789,4.220,654.251,654.404
4790,4.220,654.251,654.404
4791,4.220,654.251,654.404
4792,4.220,654.251,654.404
4793,4.220,654.251,654.404
4794,4.220,654.251,654.404
4795,4.220,654.251,654.404
4796,4.220,654.251,654.404
4797,4.220,654.251,654.404
4798,4.220,654.251,654.404
4799,4.220,654.251,654.404
4800,4.220,654.251,654.404
4801,4.220,654.251,654.404
4802,4.220,654.251,654.404
4803,4.220,654.251,654.404
4804,4.220,654.251,654.404
4805,4.220,654.251,654.404
4806,4.220,654.251,654.404
4807,4.220,654.251,654.404
4808,4.220,654.251,654.404
4809,4.220,654.251,654.404
4810,4.220,654.251,654.404
4811,4.220,654.251,654.404
4812,4.220,654.251,654.404
4813,4.220,654.251,654.404
4814,4.220,654.251,654.404
4815,4.220,654.251,654.404
4816,4.220,654.251,654.404
4817,4.220,654.251,654.404
4818,4.220,654.251,654.404
4819,4.220,654.251,654.404
4820,4.220,654.251,654.404
4821,4.220,654.251,654.404
4822,4.220,654.251,654.404
4823,4.220,654.251,654.404
4824,4.220,654.251,654.404
4825,4.220,654.251,654.404
4826,4.220,654.251,654.404
4827,4.220,654.251,654.404
4828,4.220,654.251,654.404
4829,4.220,654.251,654.404
4830,4.220,654.251,654.404
4831,4.220,654.251,654.404
4832,4.220,654.251,654.404
4833,4.220,654.251,654.404
4834,4.220,654.251,654.404
4835,4.220,654.251,654.404
4836,4.220,654.251,654.404
4837,4.220,654.251,654.404
4838,4.220,654.251,654.404
4839,4.220,654.251,654.404
4840,4.220,654.251,654.404
4841,4.220,654.251,654.404
4842,4.220,654.251,654.404
4843,4.220,654.251,654.404
4844,4.220,654.251,654.404
4845,4.220,654.251,654.404
4846,4.220,654.251,654.404
4847,4.220,654.251,654.404
4848,4.220,654.251,654.404
4849,4.220,654.251,654.404
4850,4.220,654.251,654.404
4851,4.220,654.251,654.404
4852,4.220,654.251,654.404
4853,4.220,654.251,654.404
4854,4.220,654.251,654.404
4855,4.220,654.251,654.404
4856,4.220,654.251,654.404
4857,4.220,654.251,654.404
4858,4.220,654.251,654.404
4859,4.220,654.251,654.404
4860,4.220,654.251,654.404
4861,4.220,654.251,654.404
4862,4.220,654.251,654.404
4863,4.220,654.251,654.404
4864,4.220,654.251,654.404
4865,4.220,654.251,654.404
4866,4.220,654.251,654.404
4867,4.220,654.251,654.404
4868,4.220,654.251,654.404
4869,4.220,654.251,654.404
4870,4.220,654.251,654.404
4871,4.220,654.251,654.404
4872,4.220,654.251,654.404
4873,4.220,654.251,654.404
4874,4.220,654.251,654.404
4875,4.220,654.251,654.404
4876,4.220,654.251,654.404
4877,4.220,654.251,654.404
4878,4.220,654.251,654.404
4879,4.220,654.251,654.404
4880,4.220,654.251,654.404
4881,4.220,654.251,654.404
4882,4.220,654.251,654.404
4883,4.220,654.251,654.404
4884,4.220,654.251,654.404
4885,4.220,654.251,654.404
4886,4.220,654.251,654.404
4887,4.220,654.251,654.404
4888,4.220,654.251,654.404
4889,4.220,654.251,654.404
4890,4.220,654.251,654.404
4891,4.220,654.251,654.404
4892,4.220,654.251,654.404
4893,4.220,654.251,654.404
4894,4.220,654.251,654.404
4895,4.220,654.251,654.404
4896,4.220,654.251,654.404
4897,4.220,654.251,654.404
4898,4.220,654.251,654.404
4899,4.220,654.251,654.404
4900,4.220,654.251,654.404
4901,4.220,654.251,654.404
4902,4.220,654.251,654.404
4903,4.220,654.251,654.404
4904,4.220,654.251,654.404
4905,4.220,654.251,654.404
4906,4.220,654.251,654.404
4907,4.220,654.251,654.404
4908,4.220,654.251,654.404
4909,4.220,654.251,654.404
4910,4.220,654.251,654.404
4911,4.220,654.251,654.404
4912,4.220,654.251,654.404
4913,4.220,654.251,654.404
4914,4.220,654.251,654.404
4915,4.220,654.251,654.404
4916,4.220,654.251,654.404
4917,4.220,654.251,654.404
4918,4.220,654.251,654.404
4919,4.220,654.251,654.404
4920,4.220,654.251,654.404
4921,4.220,654.251,654.404
4922,4.220,654.251,654.404
4923,4.220,654.251,654.404
4924,4.220,654.251,654.404
4925,4.220,654.251,654.404
4926,4.220,654.251,654.404
4927,4.220,654.251,654.404
4928,4.220,654.251,654.404
4929,4.220,654.251,654.404
4930,4.220,654.251,654.404
4931,4.220,654.251,654.404
4932,4.220,654.251,654.404
4933,4.220,654.251,654.404
4934,4.220,654.251,654.404
4935,4.220,654.251,654.404
4936,4.220,654.251,654.404
4937,4.220,654.251,654.404
4938,4.220,654.251,654.404
4939,4.220,654.251,654.404
4940,4.220,654.251,654.404
4941,4.220,654.251,654.404
4942,4.220,654.251,654.404
4943,4.220,654.251,654.404
4944,4.220,654.251,654.404
4945,4.220,654.251,654.404
4946,4.220,654.251,654.404
4947,4.220,654.251,654.404
4948,4.220,654.251,654.404
4949,4.220,654.251,654.404
4950,4.220,654.251,654.404
4951,4.220,654.251,654.404
4952,4.220,654.251,654.404
4953,4.220,654.251,654.404
4954,4.220,654.251,654.404
4955,4.220,654.251,654.404
4956,4.220,654.251,654.404
4957,4.220,654.251,654.404
4958,4.220,654.251,654.404
4959,4.220,654.251,654.404
4960,4.220,654.251,654.404
4961,4.220,654.251,654.404
4962,4.220,654.251,654.404
4963,4.220,654.251,654.404
4964,4.220,654.251,654.404
4965,4.220,654.251,654.404
4966,4.220,654.251,654.404
4967,4.220,654.251,654.404
4968,4.220,654.251,654.404
4969,4.220,654.251,654.404
4970,4.220,654.251,654.404
4971,4.220,654.251,654.404
4972,4.220,654.251,654.404
4973,4.220,654.251,654.404
4974,4.220,654.251,654.404
4975,4.220,654.251,654.404
4976,4.220,654.251,654.404
4977,4.220,654.251,654.404
4978,4.220,654.251,654.404
4979,4.220,654.251,654.404
4980,4.220,654.251,654.404
4981,4.220,654.251,654.404
4982,4.220,654.251,654.404
4983,4.220,654.251,654.404
4984,4.220,654.251,654.404
4985,4.220,654.251,654.404
4986,4.220,654.251,654.404
4987,4.220,654.251,654.404
4988,4.220,654.251,654.404
4989,4.220,654.251,654.404
4990,4.220,654.251,654.404
4991,4.220,654.251,654.404
4992,4.220,654.251,654.404
4993,4.220,654.251,654.404
4994,4.220,654.251,654.404
4995,4.220,654.251,654.404
4996,4.220,654.251,654.404
4997,4.220,654.251,654.404
4998,4.220,654.251,654.404
4999,4.220,654.251,654.404
