# Time (s),Mass (g),T Back (K),T Front (K)
0,22.800,293.000,293.000
1,22.800,293.000,319.829
2,22.800,293.000,330.716
3,22.800,293.000,338.887
4,22.800,293.002,345.725
5,22.800,293.010,351.668
6,22.800,293.028,357.014
7,22.800,293.069,361.864
8,22.800,293.142,366.337
9,22.800,293.259,370.489
10,22.800,293.429,374.387
11,22.800,293.661,378.054
12,22.800,293.960,381.535
13,22.800,294.332,384.837
14,22.800,294.777,387.995
15,22.800,295.296,391.010
16,22.800,295.888,393.908
17,22.800,296.551,396.688
18,22.800,297.281,399.373
19,22.800,298.078,401.956
20,22.800,298.936,404.460
21,22.800,299.854,406.876
22,22.800,300.826,409.226
23,22.800,301.850,411.499
24,22.800,302.922,413.714
25,22.800,304.040,415.863
26,22.800,305.200,417.961
27,22.800,306.398,419.999
28,22.800,307.633,421.995
29,22.800,308.901,423.937
30,22.800,310.200,425.838
31,22.800,311.528,427.697
32,22.800,312.883,429.513
33,22.800,314.262,431.293
34,22.800,315.663,433.037
35,22.800,317.085,434.748
36,22.800,318.526,436.427
37,22.799,319.983,438.077
38,22.799,321.456,439.698
39,22.799,322.943,441.291
40,22.799,324.442,442.859
41,22.799,325.954,444.402
42,22.799,327.475,445.921
43,22.799,329.006,447.418
44,22.799,330.544,448.892
45,22.799,332.090,450.345
46,22.798,333.642,451.779
47,22.798,335.199,453.192
48,22.798,336.761,454.586
49,22.798,338.327,455.962
50,22.797,339.896,457.319
51,22.797,341.467,458.659
52,22.797,343.041,459.982
53,22.797,344.616,461.288
54,22.796,346.191,462.578
55,22.796,347.766,463.851
56,22.795,349.342,465.109
57,22.795,350.917,466.351
58,22.794,352.490,467.579
59,22.794,354.062,468.792
60,22.793,355.632,469.991
61,22.793,357.200,471.175
62,22.792,358.765,472.345
63,22.792,360.327,473.500
64,22.791,361.886,474.643
65,22.790,363.441,475.772
66,22.789,364.992,476.889
67,22.788,366.538,477.992
68,22.788,368.080,479.082
69,22.787,369.617,480.161
70,22.786,371.149,481.226
71,22.785,372.676,482.281
72,22.783,374.197,483.322
73,22.782,375.712,484.354
74,22.781,377.222,485.372
75,22.780,378.724,486.381
76,22.778,380.220,487.378
77,22.777,381.710,488.364
78,22.776,383.192,489.341
79,22.774,384.667,490.308
80,22.772,386.134,491.263
81,22.771,387.594,492.209
82,22.769,389.046,493.147
83,22.767,390.490,494.074
84,22.765,391.925,494.992
85,22.763,393.353,495.902
86,22.761,394.771,496.802
87,22.759,396.179,497.695
88,22.757,397.580,498.578
89,22.755,398.970,499.454
90,22.753,400.351,500.322
91,22.750,401.722,501.181
92,22.748,403.084,502.034
93,22.745,404.435,502.879
94,22.743,405.776,503.716
95,22.740,407.106,504.546
96,22.737,408.425,505.369
97,22.734,409.734,506.186
98,22.731,411.032,506.995
99,22.728,412.317,507.798
100,22.725,413.591,508.594
101,22.722,414.853,509.383
102,22.719,416.105,510.168
103,22.715,417.344,510.945
104,22.712,418.569,511.717
105,22.708,419.783,512.481
106,22.704,420.983,513.240
107,22.701,422.172,513.993
108,22.697,423.346,514.740
109,22.693,424.508,515.481
110,22.689,425.657,516.218
111,22.685,426.791,516.948
112,22.680,427.912,517.672
113,22.676,429.019,518.391
114,22.672,430.113,519.105
115,22.667,431.192,519.813
116,22.663,432.257,520.516
117,22.658,433.307,521.214
118,22.653,434.343,521.906
119,22.648,435.365,522.594
120,22.643,436.370,523.275
121,22.638,437.363,523.952
122,22.633,438.340,524.624
123,22.627,439.303,525.291
124,22.622,440.250,525.954
125,22.616,441.184,526.611
126,22.611,442.102,527.263
127,22.605,443.006,527.912
128,22.599,443.895,528.553
129,22.593,444.770,529.191
130,22.587,445.629,529.825
131,22.581,446.475,530.453
132,22.575,447.307,531.077
133,22.569,448.124,531.695
134,22.562,448.929,532.310
135,22.556,449.719,532.919
136,22.549,450.495,533.525
137,22.542,451.258,534.125
138,22.536,452.008,534.722
139,22.529,452.745,535.313
140,22.522,453.471,535.901
141,22.515,454.183,536.483
142,22.507,454.884,537.061
143,22.500,455.572,537.635
144,22.493,456.249,538.205
145,22.485,456.915,538.770
146,22.478,457.571,539.330
147,22.470,458.216,539.886
148,22.462,458.851,540.439
149,22.455,459.476,540.987
150,22.447,460.091,541.531
151,22.439,460.697,542.072
152,22.431,461.295,542.608
153,22.422,461.883,543.140
154,22.414,462.464,543.667
155,22.406,463.036,544.190
156,22.397,463.602,544.709
157,22.389,464.159,545.226
158,22.380,464.710,545.740
159,22.372,465.253,546.249
160,22.363,465.792,546.753
161,22.354,466.323,547.253
162,22.345,466.850,547.749
163,22.337,467.370,548.243
164,22.328,467.886,548.735
165,22.318,468.396,549.223
166,22.309,468.902,549.706
167,22.300,469.404,550.185
168,22.291,469.902,550.661
169,22.281,470.396,551.136
170,22.272,470.886,551.609
171,22.263,471.372,552.075
172,22.253,471.856,552.538
173,22.243,472.337,552.999
174,22.234,472.816,553.459
175,22.224,473.291,553.915
176,22.214,473.764,554.366
177,22.204,474.235,554.815
178,22.194,474.704,555.263
179,22.184,475.171,555.707
180,22.174,475.636,556.148
181,22.164,476.101,556.585
182,22.154,476.563,557.022
183,22.144,477.025,557.456
184,22.133,477.485,557.888
185,22.123,477.944,558.314
186,22.112,478.402,558.740
187,22.102,478.860,559.165
188,22.091,479.316,559.585
189,22.081,479.772,560.002
190,22.070,480.227,560.419
191,22.059,480.682,560.834
192,22.048,481.137,561.246
193,22.037,481.591,561.654
194,22.026,482.045,562.062
195,22.015,482.499,562.468
196,22.004,482.952,562.869
197,21.993,483.406,563.269
198,21.982,483.859,563.670
199,21.970,484.313,564.067
200,21.959,484.767,564.459
201,21.948,485.221,564.853
202,21.936,485.674,565.245
203,21.925,486.128,565.632
204,21.913,486.583,566.019
205,21.901,487.038,566.406
206,21.889,487.493,566.788
207,21.878,487.948,567.168
208,21.866,488.403,567.549
209,21.854,488.859,567.927
210,21.842,489.316,568.301
211,21.830,489.772,568.677
212,21.817,490.230,569.051
213,21.805,490.687,569.419
214,21.793,491.146,569.789
215,21.781,491.603,570.158
216,21.768,492.062,570.522
217,21.756,492.522,570.886
218,21.743,492.981,571.251
219,21.730,493.442,571.610
220,21.718,493.903,571.970
221,21.705,494.364,572.330
222,21.692,494.825,572.684
223,21.679,495.288,573.040
224,21.666,495.750,573.395
225,21.653,496.214,573.744
226,21.639,496.677,574.095
227,21.626,497.142,574.446
228,21.613,497.606,574.791
229,21.599,498.071,575.139
230,21.586,498.537,575.484
231,21.572,499.003,575.825
232,21.559,499.470,576.170
233,21.545,499.936,576.510
234,21.531,500.404,576.848
235,21.517,500.872,577.189
236,21.503,501.340,577.524
237,21.489,501.809,577.859
238,21.475,502.279,578.196
239,21.461,502.748,578.525
240,21.446,503.217,578.857
241,21.432,503.687,579.190
242,21.418,504.158,579.516
243,21.403,504.629,579.845
244,21.388,505.101,580.171
245,21.374,505.573,580.494
246,21.359,506.045,580.821
247,21.344,506.518,581.143
248,21.329,506.990,581.464
249,21.314,507.463,581.787
250,21.298,507.936,582.104
251,21.283,508.410,582.422
252,21.268,508.884,582.740
253,21.252,509.358,583.053
254,21.237,509.833,583.369
255,21.221,510.307,583.683
256,21.205,510.782,583.994
257,21.189,511.257,584.307
258,21.174,511.732,584.615
259,21.157,512.207,584.924
260,21.141,512.683,585.233
261,21.125,513.159,585.537
262,21.109,513.634,585.844
263,21.092,514.110,586.148
264,21.076,514.586,586.449
265,21.059,515.062,586.754
266,21.042,515.538,587.054
267,21.026,516.014,587.353
268,21.009,516.490,587.654
269,20.991,516.967,587.949
270,20.974,517.443,588.247
271,20.957,517.920,588.543
272,20.940,518.396,588.835
273,20.922,518.872,589.132
274,20.905,519.348,589.422
275,20.887,519.824,589.713
276,20.869,520.300,590.006
277,20.851,520.776,590.292
278,20.833,521.252,590.581
279,20.815,521.728,590.869
280,20.797,522.204,591.153
281,20.778,522.679,591.441
282,20.760,523.154,591.724
283,20.741,523.629,592.006
284,20.723,524.104,592.290
285,20.704,524.579,592.569
286,20.685,525.054,592.851
287,20.666,525.529,593.129
288,20.647,526.003,593.407
289,20.627,526.477,593.686
290,20.608,526.951,593.959
291,20.588,527.425,594.237
292,20.569,527.898,594.510
293,20.549,528.371,594.782
294,20.529,528.844,595.056
295,20.509,529.316,595.324
296,20.489,529.788,595.598
297,20.469,530.259,595.865
298,20.449,530.731,596.135
299,20.428,531.202,596.402
300,20.408,531.672,596.667
301,20.387,532.142,596.934
302,20.366,532.612,597.195
303,20.345,533.081,597.463
304,20.324,533.549,597.721
305,20.303,534.017,597.985
306,20.282,534.485,598.244
307,20.260,534.952,598.504
308,20.239,535.418,598.762
309,20.217,535.884,599.019
310,20.195,536.349,599.277
311,20.173,536.814,599.529
312,20.151,537.278,599.788
313,20.129,537.741,600.038
314,20.107,538.205,600.293
315,20.084,538.667,600.543
316,20.062,539.129,600.794
317,20.039,539.590,601.044
318,20.016,540.050,601.291
319,19.993,540.510,601.542
320,19.970,540.969,601.785
321,19.947,541.427,602.034
322,19.924,541.885,602.277
323,19.900,542.342,602.522
324,19.877,542.798,602.764
325,19.853,543.253,603.006
326,19.829,543.708,603.249
327,19.805,544.162,603.486
328,19.781,544.615,603.729
329,19.757,545.067,603.963
330,19.733,545.519,604.203
331,19.708,545.970,604.438
332,19.684,546.419,604.674
333,19.659,546.868,604.909
334,19.634,547.316,605.140
335,19.609,547.764,605.376
336,19.584,548.211,605.604
337,19.559,548.657,605.838
338,19.534,549.102,606.066
339,19.509,549.546,606.295
340,19.483,549.989,606.524
341,19.458,550.431,606.749
342,19.432,550.872,606.978
343,19.406,551.312,607.199
344,19.380,551.751,607.426
345,19.354,552.189,607.648
346,19.328,552.627,607.871
347,19.302,553.063,608.093
348,19.276,553.499,608.311
349,19.249,553.933,608.534
350,19.223,554.367,608.749
351,19.196,554.800,608.969
352,19.169,555.231,609.185
353,19.142,555.661,609.400
354,19.115,556.090,609.617
355,19.088,556.519,609.828
356,19.061,556.947,610.044
357,19.034,557.372,610.254
358,19.006,557.797,610.466
359,18.979,558.221,610.676
360,18.951,558.644,610.885
361,18.924,559.066,611.096
362,18.896,559.487,611.300
363,18.868,559.906,611.508
364,18.840,560.325,611.713
365,18.812,560.742,611.918
366,18.784,561.159,612.123
367,18.756,561.573,612.323
368,18.727,561.987,612.529
369,18.699,562.399,612.728
370,18.671,562.811,612.928
371,18.642,563.221,613.128
372,18.613,563.630,613.324
373,18.585,564.038,613.524
374,18.556,564.445,613.719
375,18.527,564.850,613.915
376,18.498,565.253,614.110
377,18.469,565.656,614.303
378,18.440,566.058,614.499
379,18.411,566.458,614.687
380,18.382,566.857,614.881
381,18.352,567.254,615.070
382,18.323,567.651,615.259
383,18.294,568.046,615.448
384,18.264,568.440,615.634
385,18.235,568.831,615.823
386,18.205,569.222,616.006
387,18.175,569.613,616.195
388,18.146,570.000,616.375
389,18.116,570.387,616.561
390,18.086,570.773,616.741
391,18.056,571.157,616.924
392,18.026,571.540,617.102
393,17.996,571.921,617.283
394,17.966,572.301,617.461
395,17.936,572.680,617.639
396,17.906,573.056,617.815
397,17.876,573.432,617.992
398,17.846,573.806,618.166
399,17.815,574.179,618.340
400,17.785,574.550,618.513
401,17.755,574.919,618.685
402,17.724,575.287,618.856
403,17.694,575.654,619.026
404,17.663,576.019,619.195
405,17.633,576.382,619.363
406,17.602,576.744,619.530
407,17.571,577.104,619.697
408,17.541,577.463,619.862
409,17.510,577.819,620.027
410,17.479,578.175,620.190
411,17.448,578.529,620.353
412,17.418,578.881,620.514
413,17.387,579.232,620.675
414,17.356,579.581,620.834
415,17.325,579.928,620.993
416,17.294,580.273,621.150
417,17.263,580.617,621.308
418,17.232,580.960,621.464
419,17.201,581.301,621.619
420,17.170,581.639,621.773
421,17.139,581.976,621.926
422,17.108,582.312,622.078
423,17.077,582.646,622.230
424,17.045,582.978,622.380
425,17.014,583.308,622.529
426,16.983,583.637,622.677
427,16.952,583.964,622.825
428,16.921,584.289,622.971
429,16.889,584.612,623.118
430,16.858,584.933,623.262
431,16.827,585.253,623.407
432,16.795,585.571,623.550
433,16.764,585.887,623.692
434,16.733,586.201,623.833
435,16.702,586.514,623.973
436,16.670,586.824,624.112
437,16.639,587.133,624.251
438,16.608,587.441,624.388
439,16.576,587.746,624.525
440,16.545,588.049,624.660
441,16.513,588.351,624.795
442,16.482,588.650,624.928
443,16.451,588.948,625.062
444,16.419,589.245,625.194
445,16.388,589.539,625.325
446,16.357,589.831,625.455
447,16.325,590.122,625.584
448,16.294,590.410,625.712
449,16.263,590.697,625.840
450,16.231,590.982,625.966
451,16.200,591.265,626.093
452,16.169,591.546,626.217
453,16.137,591.825,626.341
454,16.106,592.102,626.463
455,16.075,592.378,626.586
456,16.044,592.651,626.707
457,16.012,592.923,626.827
458,15.981,593.193,626.947
459,15.950,593.461,627.066
460,15.919,593.727,627.184
461,15.888,593.991,627.301
462,15.857,594.253,627.416
463,15.825,594.514,627.532
464,15.794,594.772,627.646
465,15.763,595.029,627.760
466,15.732,595.283,627.872
467,15.701,595.536,627.984
468,15.670,595.787,628.095
469,15.639,596.036,628.205
470,15.609,596.283,628.314
471,15.578,596.528,628.423
472,15.547,596.772,628.530
473,15.516,597.013,628.637
474,15.485,597.253,628.742
475,15.455,597.491,628.848
476,15.424,597.726,628.952
477,15.393,597.960,629.056
478,15.363,598.192,629.158
479,15.332,598.423,629.260
480,15.302,598.652,629.361
481,15.271,598.878,629.461
482,15.241,599.103,629.561
483,15.210,599.325,629.660
484,15.180,599.546,629.757
485,15.150,599.766,629.854
486,15.120,599.983,629.951
487,15.090,600.199,630.046
488,15.059,600.413,630.141
489,15.029,600.625,630.235
490,14.999,600.835,630.328
491,14.970,601.043,630.421
492,14.940,601.250,630.512
493,14.910,601.455,630.604
494,14.880,601.658,630.693
495,14.850,601.859,630.783
496,14.821,602.059,630.872
497,14.791,602.257,630.960
498,14.762,602.453,631.047
499,14.732,602.647,631.134
500,14.703,602.840,631.220
501,14.674,603.031,631.305
502,14.644,603.220,631.389
503,14.615,603.408,631.473
504,14.586,603.593,631.556
505,14.557,603.777,631.638
506,14.528,603.960,631.720
507,14.499,604.141,631.801
508,14.471,604.320,631.881
509,14.442,604.498,631.961
510,14.413,604.674,632.040
511,14.385,604.848,632.119
512,14.356,605.020,632.196
513,14.328,605.192,632.273
514,14.299,605.361,632.349
515,14.271,605.529,632.425
516,14.243,605.696,632.500
517,14.215,605.861,632.575
518,14.187,606.024,632.648
519,14.159,606.185,632.722
520,14.131,606.346,632.794
521,14.103,606.505,632.866
522,14.075,606.662,632.938
523,14.048,606.818,633.008
524,14.020,606.972,633.078
525,13.993,607.125,633.148
526,13.965,607.276,633.217
527,13.938,607.426,633.286
528,13.911,607.575,633.353
529,13.883,607.722,633.421
530,13.856,607.868,633.488
531,13.829,608.012,633.555
532,13.803,608.155,633.620
533,13.776,608.297,633.685
534,13.749,608.437,633.750
535,13.722,608.576,633.814
536,13.696,608.713,633.877
537,13.669,608.850,633.940
538,13.643,608.985,634.003
539,13.617,609.119,634.065
540,13.590,609.251,634.126
541,13.564,609.382,634.187
542,13.538,609.512,634.248
543,13.512,609.641,634.308
544,13.486,609.768,634.367
545,13.461,609.894,634.426
546,13.435,610.020,634.485
547,13.409,610.144,634.543
548,13.384,610.267,634.600
549,13.358,610.388,634.658
550,13.333,610.509,634.714
551,13.308,610.628,634.771
552,13.283,610.746,634.827
553,13.257,610.863,634.882
554,13.232,610.979,634.937
555,13.207,611.094,634.992
556,13.183,611.208,635.046
557,13.158,611.320,635.099
558,13.133,611.432,635.152
559,13.109,611.542,635.205
560,13.084,611.652,635.258
561,13.060,611.761,635.310
562,13.035,611.869,635.362
563,13.011,611.975,635.413
564,12.987,612.081,635.463
565,12.963,612.185,635.514
566,12.939,612.289,635.564
567,12.915,612.392,635.614
568,12.891,612.494,635.664
569,12.867,612.595,635.713
570,12.844,612.695,635.761
571,12.820,612.794,635.810
572,12.797,612.893,635.858
573,12.773,612.990,635.905
574,12.750,613.087,635.953
575,12.727,613.182,636.000
576,12.703,613.277,636.046
577,12.680,613.371,636.093
578,12.657,613.464,636.139
579,12.634,613.557,636.185
580,12.612,613.648,636.231
581,12.589,613.739,636.276
582,12.566,613.830,636.321
583,12.543,613.920,636.365
584,12.521,614.008,636.409
585,12.498,614.096,636.453
586,12.476,614.183,636.497
587,12.454,614.270,636.540
588,12.432,614.356,636.584
589,12.409,614.441,636.626
590,12.387,614.525,636.669
591,12.365,614.609,636.711
592,12.343,614.692,636.753
593,12.322,614.774,636.795
594,12.300,614.856,636.837
595,12.278,614.937,636.878
596,12.256,615.018,636.919
597,12.235,615.098,636.960
598,12.213,615.177,637.000
599,12.192,615.256,637.041
600,12.171,615.335,637.081
601,12.150,615.412,637.121
602,12.128,615.489,637.161
603,12.107,615.566,637.200
604,12.086,615.641,637.240
605,12.065,615.716,637.279
606,12.044,615.791,637.317
607,12.024,615.866,637.356
608,12.003,615.940,637.394
609,11.982,616.013,637.433
610,11.962,616.086,637.471
611,11.941,616.158,637.508
612,11.921,616.230,637.546
613,11.900,616.301,637.584
614,11.880,616.372,637.621
615,11.860,616.443,637.658
616,11.839,616.513,637.695
617,11.819,616.582,637.732
618,11.799,616.651,637.768
619,11.779,616.720,637.805
620,11.759,616.788,637.841
621,11.739,616.856,637.877
622,11.720,616.924,637.913
623,11.700,616.991,637.949
624,11.680,617.057,637.985
625,11.661,617.123,638.020
626,11.641,617.189,638.055
627,11.622,617.255,638.090
628,11.602,617.320,638.126
629,11.583,617.385,638.160
630,11.564,617.449,638.196
631,11.544,617.513,638.230
632,11.525,617.577,638.265
633,11.506,617.641,638.299
634,11.487,617.704,638.333
635,11.468,617.767,638.367
636,11.449,617.829,638.401
637,11.430,617.891,638.435
638,11.411,617.953,638.468
639,11.393,618.015,638.502
640,11.374,618.076,638.535
641,11.355,618.137,638.569
642,11.337,618.198,638.602
643,11.318,618.258,638.635
644,11.300,618.318,638.668
645,11.282,618.378,638.701
646,11.263,618.438,638.734
647,11.245,618.497,638.766
648,11.227,618.556,638.799
649,11.209,618.615,638.831
650,11.191,618.674,638.864
651,11.173,618.732,638.896
652,11.155,618.790,638.928
653,11.137,618.848,638.960
654,11.119,618.906,638.993
655,11.101,618.963,639.025
656,11.083,619.021,639.056
657,11.066,619.078,639.088
658,11.048,619.135,639.120
659,11.030,619.192,639.151
660,11.013,619.248,639.183
661,10.995,619.305,639.214
662,10.978,619.361,639.246
663,10.960,619.417,639.277
664,10.943,619.472,639.308
665,10.926,619.528,639.339
666,10.909,619.583,639.370
667,10.891,619.638,639.401
668,10.874,619.693,639.432
669,10.857,619.748,639.463
670,10.840,619.803,639.494
671,10.823,619.858,639.524
672,10.806,619.912,639.555
673,10.790,619.966,639.585
674,10.773,620.021,639.616
675,10.756,620.075,639.646
676,10.739,620.128,639.677
677,10.723,620.182,639.707
678,10.706,620.236,639.737
679,10.689,620.289,639.767
680,10.673,620.342,639.798
681,10.656,620.396,639.828
682,10.640,620.449,639.858
683,10.624,620.502,639.888
684,10.607,620.555,639.918
685,10.591,620.607,639.948
686,10.575,620.660,639.977
687,10.559,620.713,640.007
688,10.542,620.765,640.037
689,10.526,620.818,640.067
690,10.510,620.870,640.096
691,10.494,620.922,640.126
692,10.478,620.974,640.155
693,10.463,621.026,640.185
694,10.447,621.078,640.215
695,10.431,621.130,640.244
696,10.415,621.182,640.273
697,10.399,621.234,640.303
698,10.384,621.285,640.332
699,10.368,621.337,640.362
700,10.352,621.388,640.391
701,10.337,621.439,640.420
702,10.321,621.491,640.449
703,10.306,621.542,640.479
704,10.291,621.593,640.508
705,10.275,621.644,640.537
706,10.260,621.695,640.566
707,10.245,621.746,640.595
708,10.229,621.797,640.624
709,10.214,621.848,640.653
710,10.199,621.899,640.682
711,10.184,621.950,640.710
712,10.169,622.001,640.739
713,10.154,622.052,640.768
714,10.139,622.103,640.797
715,10.124,622.153,640.826
716,10.109,622.204,640.855
717,10.094,622.255,640.883
718,10.080,622.305,640.912
719,10.065,622.356,640.941
720,10.050,622.406,640.970
721,10.035,622.457,640.998
722,10.021,622.507,641.027
723,10.006,622.558,641.055
724,9.992,622.608,641.084
725,9.977,622.659,641.112
726,9.963,622.709,641.141
727,9.948,622.760,641.170
728,9.934,622.810,641.198
729,9.919,622.860,641.227
730,9.905,622.911,641.255
731,9.891,622.961,641.284
732,9.877,623.011,641.312
733,9.862,623.062,641.340
734,9.848,623.112,641.369
735,9.834,623.162,641.397
736,9.820,623.212,641.426
737,9.806,623.263,641.454
738,9.792,623.313,641.483
739,9.778,623.363,641.511
740,9.764,623.414,641.539
741,9.750,623.464,641.567
742,9.736,623.514,641.596
743,9.723,623.564,641.624
744,9.709,623.615,641.653
745,9.695,623.665,641.681
746,9.681,623.715,641.709
747,9.668,623.766,641.737
748,9.654,623.816,641.766
749,9.641,623.866,641.794
750,9.627,623.917,641.822
751,9.614,623.967,641.850
752,9.600,624.018,641.879
753,9.587,624.068,641.907
754,9.573,624.118,641.935
755,9.560,624.169,641.963
756,9.547,624.219,641.992
757,9.533,624.270,642.020
758,9.520,624.320,642.048
759,9.507,624.371,642.076
760,9.494,624.422,642.104
761,9.481,624.472,642.132
762,9.468,624.523,642.161
763,9.455,624.573,642.189
764,9.442,624.624,642.217
765,9.429,624.675,642.245
766,9.416,624.726,642.273
767,9.403,624.776,642.301
768,9.390,624.827,642.330
769,9.377,624.878,642.358
770,9.364,624.929,642.386
771,9.352,624.980,642.414
772,9.339,625.031,642.442
773,9.326,625.082,642.470
774,9.313,625.133,642.499
775,9.301,625.184,642.527
776,9.288,625.235,642.555
777,9.276,625.287,642.583
778,9.263,625.338,642.611
779,9.251,625.389,642.639
780,9.238,625.440,642.668
781,9.226,625.492,642.696
782,9.214,625.543,642.724
783,9.201,625.595,642.752
784,9.189,625.646,642.780
785,9.177,625.698,642.808
786,9.164,625.750,642.837
787,9.152,625.801,642.865
788,9.140,625.853,642.893
789,9.128,625.905,642.921
790,9.116,625.957,642.949
791,9.104,626.009,642.977
792,9.092,626.061,643.005
793,9.080,626.113,643.033
794,9.068,626.165,643.062
795,9.056,626.217,643.090
796,9.044,626.269,643.118
797,9.032,626.321,643.146
798,9.020,626.373,643.175
799,9.009,626.426,643.203
800,8.997,626.478,643.231
801,8.985,626.531,643.259
802,8.974,626.583,643.287
803,8.962,626.636,643.315
804,8.950,626.688,643.344
805,8.939,626.741,643.372
806,8.927,626.794,643.400
807,8.916,626.847,643.428
808,8.904,626.900,643.457
809,8.893,626.953,643.485
810,8.881,627.006,643.513
811,8.870,627.059,643.541
812,8.859,627.112,643.570
813,8.847,627.166,643.598
814,8.836,627.219,643.626
815,8.825,627.273,643.654
816,8.814,627.326,643.683
817,8.802,627.380,643.711
818,8.791,627.434,643.739
819,8.780,627.487,643.767
820,8.769,627.541,643.796
821,8.758,627.595,643.824
822,8.747,627.649,643.852
823,8.736,627.703,643.880
824,8.725,627.757,643.909
825,8.714,627.812,643.937
826,8.703,627.866,643.966
827,8.693,627.920,643.994
828,8.682,627.975,644.022
829,8.671,628.029,644.050
830,8.660,628.084,644.079
831,8.649,628.139,644.107
832,8.639,628.193,644.136
833,8.628,628.248,644.164
834,8.618,628.303,644.193
835,8.607,628.358,644.221
836,8.596,628.414,644.249
837,8.586,628.469,644.277
838,8.575,628.524,644.306
839,8.565,628.580,644.334
840,8.555,628.635,644.363
841,8.544,628.691,644.391
842,8.534,628.747,644.420
843,8.523,628.803,644.448
844,8.513,628.858,644.477
845,8.503,628.914,644.505
846,8.493,628.971,644.534
847,8.482,629.027,644.562
848,8.472,629.083,644.591
849,8.462,629.139,644.619
850,8.452,629.196,644.648
851,8.442,629.252,644.676
852,8.432,629.309,644.705
853,8.422,629.365,644.733
854,8.412,629.422,644.762
855,8.402,629.479,644.790
856,8.392,629.536,644.819
857,8.382,629.593,644.847
858,8.372,629.650,644.876
859,8.363,629.708,644.904
860,8.353,629.765,644.933
861,8.343,629.822,644.961
862,8.333,629.880,644.990
863,8.324,629.938,645.019
864,8.314,629.996,645.047
865,8.304,630.054,645.076
866,8.295,630.112,645.105
867,8.285,630.170,645.133
868,8.276,630.228,645.162
869,8.266,630.287,645.190
870,8.257,630.345,645.219
871,8.247,630.404,645.248
872,8.238,630.463,645.277
873,8.229,630.521,645.305
874,8.219,630.580,645.334
875,8.210,630.639,645.362
876,8.201,630.698,645.391
877,8.191,630.758,645.420
878,8.182,630.817,645.449
879,8.173,630.876,645.477
880,8.164,630.936,645.506
881,8.155,630.995,645.535
882,8.146,631.055,645.564
883,8.137,631.115,645.592
884,8.128,631.175,645.621
885,8.119,631.235,645.650
886,8.110,631.296,645.679
887,8.101,631.356,645.707
888,8.092,631.417,645.736
889,8.083,631.477,645.765
890,8.074,631.538,645.794
891,8.065,631.599,645.823
892,8.056,631.660,645.851
893,8.048,631.721,645.880
894,8.039,631.782,645.909
895,8.030,631.843,645.938
896,8.022,631.905,645.967
897,8.013,631.966,645.996
898,8.004,632.028,646.024
899,7.996,632.089,646.053
900,7.987,632.151,646.082
901,7.979,632.213,646.111
902,7.970,632.275,646.140
903,7.962,632.338,646.169
904,7.953,632.400,646.198
905,7.945,632.463,646.227
906,7.937,632.525,646.255
907,7.928,632.588,646.284
908,7.920,632.651,646.313
909,7.912,632.714,646.342
910,7.904,632.777,646.371
911,7.895,632.840,646.400
912,7.887,632.904,646.429
913,7.879,632.967,646.458
914,7.871,633.031,646.487
915,7.863,633.094,646.516
916,7.855,633.158,646.545
917,7.847,633.222,646.574
918,7.839,633.286,646.603
919,7.831,633.351,646.632
920,7.823,633.415,646.661
921,7.815,633.480,646.690
922,7.807,633.544,646.719
923,7.799,633.609,646.748
924,7.792,633.674,646.777
925,7.784,633.739,646.806
926,7.776,633.804,646.835
927,7.768,633.869,646.864
928,7.761,633.935,646.893
929,7.753,634.000,646.922
930,7.746,634.066,646.951
931,7.738,634.131,646.980
932,7.730,634.197,647.009
933,7.723,634.263,647.038
934,7.715,634.329,647.067
935,7.708,634.396,647.096
936,7.700,634.462,647.125
937,7.693,634.529,647.154
938,7.686,634.596,647.183
939,7.678,634.663,647.212
940,7.671,634.730,647.241
941,7.664,634.797,647.270
942,7.656,634.864,647.300
943,7.649,634.931,647.329
944,7.642,634.998,647.358
945,7.635,635.066,647.387
946,7.628,635.134,647.416
947,7.621,635.201,647.445
948,7.614,635.269,647.474
949,7.606,635.337,647.503
950,7.599,635.406,647.532
951,7.592,635.474,647.561
952,7.586,635.542,647.591
953,7.579,635.611,647.620
954,7.572,635.680,647.649
955,7.565,635.749,647.678
956,7.558,635.818,647.707
957,7.551,635.887,647.736
958,7.544,635.957,647.765
959,7.538,636.026,647.794
960,7.531,636.096,647.824
961,7.524,636.166,647.853
962,7.518,636.235,647.882
963,7.511,636.305,647.911
964,7.504,636.376,647.940
965,7.498,636.446,647.969
966,7.491,636.516,647.999
967,7.485,636.587,648.028
968,7.478,636.657,648.057
969,7.472,636.728,648.086
970,7.465,636.799,648.115
971,7.459,636.870,648.144
972,7.453,636.941,648.174
973,7.446,637.013,648.203
974,7.440,637.084,648.232
975,7.434,637.156,648.261
976,7.427,637.228,648.291
977,7.421,637.299,648.320
978,7.415,637.371,648.349
979,7.409,637.444,648.378
980,7.403,637.516,648.407
981,7.397,637.588,648.436
982,7.391,637.660,648.466
983,7.385,637.733,648.495
984,7.379,637.806,648.524
985,7.373,637.879,648.553
986,7.367,637.952,648.583
987,7.361,638.025,648.612
988,7.355,638.098,648.641
989,7.349,638.172,648.670
990,7.343,638.245,648.700
991,7.337,638.319,648.729
992,7.332,638.393,648.758
993,7.326,638.467,648.787
994,7.320,638.541,648.816
995,7.314,638.615,648.845
996,7.309,638.689,648.875
997,7.303,638.763,648.904
998,7.298,638.838,648.933
999,7.292,638.912,648.962
1000,7.286,638.987,648.992
1001,7.281,639.062,649.021
1002,7.275,639.137,649.050
1003,7.270,639.212,649.079
1004,7.264,639.288,649.109
1005,7.259,639.363,649.138
1006,7.254,639.438,649.167
1007,7.248,639.514,649.196
1008,7.243,639.590,649.225
1009,7.238,639.666,649.254
1010,7.233,639.742,649.284
1011,7.227,639.818,649.313
1012,7.222,639.894,649.342
1013,7.217,639.970,649.371
1014,7.212,640.046,649.400
1015,7.207,640.123,649.429
1016,7.202,640.199,649.459
1017,7.197,640.276,649.488
1018,7.192,640.352,649.517
1019,7.187,640.429,649.546
1020,7.182,640.506,649.575
1021,7.177,640.583,649.604
1022,7.172,640.661,649.634
1023,7.167,640.738,649.663
1024,7.162,640.815,649.692
1025,7.157,640.893,649.721
1026,7.152,640.970,649.750
1027,7.148,641.048,649.779
1028,7.143,641.126,649.808
1029,7.138,641.203,649.837
1030,7.134,641.281,649.866
1031,7.129,641.359,649.895
1032,7.124,641.437,649.924
1033,7.120,641.515,649.953
1034,7.115,641.593,649.982
1035,7.111,641.672,650.011
1036,7.106,641.750,650.040
1037,7.102,641.828,650.069
1038,7.097,641.906,650.097
1039,7.093,641.985,650.126
1040,7.088,642.063,650.155
1041,7.084,642.142,650.184
1042,7.080,642.221,650.213
1043,7.075,642.299,650.242
1044,7.071,642.378,650.270
1045,7.067,642.457,650.299
1046,7.062,642.535,650.328
1047,7.058,642.614,650.357
1048,7.054,642.693,650.385
1049,7.050,642.772,650.414
1050,7.046,642.851,650.442
1051,7.042,642.930,650.471
1052,7.038,643.009,650.499
1053,7.034,643.088,650.528
1054,7.030,643.167,650.556
1055,7.026,643.246,650.585
1056,7.022,643.325,650.613
1057,7.018,643.404,650.642
1058,7.014,643.483,650.670
1059,7.010,643.562,650.698
1060,7.006,643.641,650.726
1061,7.002,643.720,650.755
1062,6.998,643.799,650.783
1063,6.995,643.878,650.811
1064,6.991,643.957,650.839
1065,6.987,644.036,650.867
1066,6.983,644.115,650.895
1067,6.980,644.194,650.923
1068,6.976,644.273,650.951
1069,6.972,644.352,650.979
1070,6.969,644.431,651.007
1071,6.965,644.509,651.034
1072,6.962,644.588,651.062
1073,6.958,644.667,651.089
1074,6.955,644.745,651.117
1075,6.951,644.824,651.145
1076,6.948,644.902,651.172
1077,6.944,644.980,651.200
1078,6.941,645.059,651.227
1079,6.937,645.137,651.254
1080,6.934,645.215,651.282
1081,6.931,645.293,651.309
1082,6.927,645.370,651.336
1083,6.924,645.448,651.363
1084,6.921,645.525,651.390
1085,6.918,645.603,651.417
1086,6.915,645.680,651.443
1087,6.911,645.757,651.470
1088,6.908,645.834,651.497
1089,6.905,645.911,651.524
1090,6.902,645.987,651.550
1091,6.899,646.064,651.577
1092,6.896,646.140,651.603
1093,6.893,646.216,651.629
1094,6.890,646.292,651.655
1095,6.887,646.368,651.682
1096,6.884,646.443,651.707
1097,6.881,646.519,651.733
1098,6.878,646.593,651.759
1099,6.875,646.668,651.785
1100,6.872,646.743,651.811
1101,6.869,646.818,651.837
1102,6.866,646.892,651.861
1103,6.863,646.966,651.886
1104,6.861,647.040,651.912
1105,6.858,647.113,651.937
1106,6.855,647.187,651.962
1107,6.852,647.259,651.987
1108,6.850,647.332,652.011
1109,6.847,647.404,652.036
1110,6.844,647.476,652.060
1111,6.842,647.547,652.085
1112,6.839,647.619,652.110
1113,6.836,647.690,652.134
1114,6.834,647.760,652.158
1115,6.831,647.830,652.182
1116,6.829,647.900,652.206
1117,6.826,647.970,652.230
1118,6.823,648.040,652.253
1119,6.821,648.108,652.277
1120,6.818,648.176,652.300
1121,6.816,648.244,652.323
1122,6.814,648.312,652.346
1123,6.811,648.380,652.369
1124,6.809,648.446,652.392
1125,6.806,648.513,652.414
1126,6.804,648.579,652.436
1127,6.802,648.644,652.458
1128,6.799,648.709,652.481
1129,6.797,648.774,652.503
1130,6.794,648.838,652.524
1131,6.792,648.902,652.546
1132,6.790,648.965,652.567
1133,6.788,649.028,652.589
1134,6.785,649.091,652.610
1135,6.783,649.152,652.631
1136,6.781,649.213,652.652
1137,6.779,649.274,652.672
1138,6.776,649.334,652.693
1139,6.774,649.394,652.713
1140,6.772,649.453,652.733
1141,6.770,649.511,652.753
1142,6.768,649.569,652.773
1143,6.766,649.627,652.792
1144,6.764,649.684,652.812
1145,6.761,649.740,652.831
1146,6.759,649.795,652.850
1147,6.757,649.850,652.869
1148,6.755,649.905,652.888
1149,6.753,649.959,652.906
1150,6.751,650.012,652.924
1151,6.749,650.065,652.942
1152,6.747,650.117,652.960
1153,6.745,650.168,652.978
1154,6.743,650.219,652.995
1155,6.741,650.270,653.013
1156,6.739,650.320,653.030
1157,6.737,650.369,653.047
1158,6.735,650.417,653.063
1159,6.733,650.465,653.080
1160,6.731,650.512,653.096
1161,6.729,650.558,653.112
1162,6.727,650.604,653.128
1163,6.726,650.649,653.144
1164,6.724,650.693,653.159
1165,6.722,650.737,653.175
1166,6.720,650.780,653.190
1167,6.718,650.822,653.205
1168,6.716,650.864,653.219
1169,6.714,650.905,653.234
1170,6.712,650.946,653.248
1171,6.711,650.986,653.262
1172,6.709,651.025,653.276
1173,6.707,651.063,653.289
1174,6.705,651.101,653.303
1175,6.703,651.138,653.316
1176,6.701,651.175,653.329
1177,6.700,651.211,653.342
1178,6.698,651.246,653.355
1179,6.696,651.280,653.367
1180,6.694,651.314,653.379
1181,6.693,651.347,653.391
1182,6.691,651.380,653.402
1183,6.689,651.412,653.414
1184,6.687,651.443,653.425
1185,6.686,651.474,653.437
1186,6.684,651.504,653.448
1187,6.682,651.533,653.458
1188,6.680,651.562,653.469
1189,6.679,651.590,653.479
1190,6.677,651.617,653.489
1191,6.675,651.644,653.499
1192,6.673,651.671,653.509
1193,6.672,651.697,653.519
1194,6.670,651.722,653.528
1195,6.668,651.747,653.538
1196,6.667,651.771,653.547
1197,6.665,651.795,653.555
1198,6.663,651.818,653.564
1199,6.662,651.841,653.572
1200,6.660,651.863,653.581
1201,6.658,651.884,653.589
1202,6.657,651.906,653.597
1203,6.655,651.926,653.605
1204,6.653,651.946,653.612
1205,6.652,651.966,653.620
1206,6.650,651.986,653.627
1207,6.648,652.004,653.635
1208,6.647,652.023,653.642
1209,6.645,652.041,653.649
1210,6.644,652.058,653.656
1211,6.642,652.076,653.662
1212,6.640,652.093,653.669
1213,6.639,652.109,653.675
1214,6.637,652.125,653.681
1215,6.635,652.141,653.687
1216,6.634,652.157,653.693
1217,6.632,652.172,653.699
1218,6.631,652.187,653.705
1219,6.629,652.201,653.711
1220,6.627,652.216,653.716
1221,6.626,652.230,653.722
1222,6.624,652.243,653.727
1223,6.623,652.257,653.732
1224,6.621,652.270,653.737
1225,6.620,652.284,653.742
1226,6.618,652.296,653.747
1227,6.616,652.309,653.752
1228,6.615,652.321,653.757
1229,6.613,652.334,653.761
1230,6.612,652.345,653.766
1231,6.610,652.357,653.770
1232,6.609,652.368,653.775
1233,6.607,652.379,653.779
1234,6.606,652.390,653.783
1235,6.604,652.401,653.787
1236,6.603,652.412,653.791
1237,6.601,652.422,653.795
1238,6.600,652.433,653.799
1239,6.598,652.443,653.803
1240,6.597,652.453,653.807
1241,6.595,652.462,653.811
1242,6.594,652.472,653.815
1243,6.592,652.481,653.818
1244,6.591,652.491,653.822
1245,6.589,652.500,653.826
1246,6.588,652.509,653.829
1247,6.586,652.518,653.833
1248,6.585,652.527,653.836
1249,6.583,652.535,653.839
1250,6.582,652.544,653.843
1251,6.580,652.552,653.846
1252,6.579,652.561,653.849
1253,6.577,652.569,653.852
1254,6.576,652.577,653.856
1255,6.575,652.585,653.859
1256,6.573,652.592,653.862
1257,6.572,652.600,653.865
1258,6.570,652.608,653.868
1259,6.569,652.615,653.871
1260,6.567,652.622,653.873
1261,6.566,652.630,653.876
1262,6.565,652.637,653.879
1263,6.563,652.644,653.882
1264,6.562,652.651,653.884
1265,6.560,652.658,653.887
1266,6.559,652.665,653.890
1267,6.557,652.672,653.892
1268,6.556,652.678,653.895
1269,6.555,652.685,653.897
1270,6.553,652.692,653.900
1271,6.552,652.698,653.902
1272,6.551,652.704,653.905
1273,6.549,652.711,653.907
1274,6.548,652.717,653.910
1275,6.546,652.723,653.912
1276,6.545,652.729,653.914
1277,6.544,652.736,653.917
1278,6.542,652.742,653.919
1279,6.541,652.747,653.921
1280,6.540,652.753,653.924
1281,6.538,652.759,653.926
1282,6.537,652.765,653.928
1283,6.535,652.770,653.930
1284,6.534,652.776,653.932
1285,6.533,652.782,653.935
1286,6.531,652.787,653.937
1287,6.530,652.793,653.939
1288,6.529,652.798,653.941
1289,6.527,652.803,653.943
1290,6.526,652.809,653.945
1291,6.525,652.814,653.947
1292,6.524,652.819,653.949
1293,6.522,652.824,653.951
1294,6.521,652.829,653.953
1295,6.520,652.835,653.955
1296,6.518,652.840,653.957
1297,6.517,652.845,653.959
1298,6.516,652.850,653.961
1299,6.514,652.855,653.963
1300,6.513,652.859,653.965
1301,6.512,652.864,653.967
1302,6.510,652.869,653.969
1303,6.509,652.874,653.971
1304,6.508,652.879,653.973
1305,6.507,652.883,653.974
1306,6.505,652.888,653.976
1307,6.504,652.893,653.978
1308,6.503,652.897,653.980
1309,6.502,652.902,653.982
1310,6.500,652.907,653.983
1311,6.499,652.911,653.985
1312,6.498,652.916,653.987
1313,6.497,652.920,653.989
1314,6.495,652.925,653.990
1315,6.494,652.929,653.992
1316,6.493,652.933,653.994
1317,6.492,652.938,653.995
1318,6.490,652.942,653.997
1319,6.489,652.946,653.999
1320,6.488,652.951,654.001
1321,6.487,652.955,654.002
1322,6.485,652.959,654.004
1323,6.484,652.963,654.005
1324,6.483,652.967,654.007
1325,6.482,652.972,654.009
1326,6.480,652.976,654.010
1327,6.479,652.980,654.012
1328,6.478,652.984,654.014
1329,6.477,652.988,654.015
1330,6.476,652.992,654.017
1331,6.474,652.996,654.018
1332,6.473,653.000,654.020
1333,6.472,653.004,654.021
1334,6.471,653.008,654.023
1335,6.470,653.011,654.024
1336,6.468,653.015,654.026
1337,6.467,653.019,654.027
1338,6.466,653.023,654.029
1339,6.465,653.027,654.030
1340,6.464,653.031,654.032
1341,6.463,653.034,654.033
1342,6.461,653.038,654.035
1343,6.460,653.042,654.036
1344,6.459,653.045,654.038
1345,6.458,653.049,654.039
1346,6.457,653.053,654.041
1347,6.456,653.056,654.042
1348,6.454,653.060,654.043
1349,6.453,653.064,654.045
1350,6.452,653.067,654.046
1351,6.451,653.071,654.048
1352,6.450,653.074,654.049
1353,6.449,653.078,654.050
1354,6.447,653.081,654.052
1355,6.446,653.085,654.053
1356,6.445,653.088,654.055
1357,6.444,653.092,654.056
1358,6.443,653.095,654.057
1359,6.442,653.099,654.059
1360,6.441,653.102,654.060
1361,6.440,653.106,654.061
1362,6.438,653.109,654.063
1363,6.437,653.112,654.064
1364,6.436,653.116,654.065
1365,6.435,653.119,654.067
1366,6.434,653.122,654.068
1367,6.433,653.126,654.069
1368,6.432,653.129,654.071
1369,6.431,653.132,654.072
1370,6.429,653.136,654.073
1371,6.428,653.139,654.074
1372,6.427,653.142,654.076
1373,6.426,653.145,654.077
1374,6.425,653.149,654.078
1375,6.424,653.152,654.079
1376,6.423,653.155,654.081
1377,6.422,653.158,654.082
1378,6.421,653.161,654.083
1379,6.420,653.165,654.084
1380,6.419,653.168,654.086
1381,6.417,653.171,654.087
1382,6.416,653.174,654.088
1383,6.415,653.177,654.089
1384,6.414,653.180,654.091
1385,6.413,653.183,654.092
1386,6.412,653.186,654.093
1387,6.411,653.189,654.094
1388,6.410,653.192,654.095
1389,6.409,653.195,654.097
1390,6.408,653.198,654.098
1391,6.407,653.201,654.099
1392,6.406,653.204,654.100
1393,6.405,653.207,654.101
1394,6.404,653.210,654.103
1395,6.403,653.213,654.104
1396,6.402,653.216,654.105
1397,6.400,653.219,654.106
1398,6.399,653.222,654.107
1399,6.398,653.225,654.108
1400,6.397,653.228,654.109
1401,6.396,653.231,654.111
1402,6.395,653.234,654.112
1403,6.394,653.237,654.113
1404,6.393,653.240,654.114
1405,6.392,653.242,654.115
1406,6.391,653.245,654.116
1407,6.390,653.248,654.117
1408,6.389,653.251,654.118
1409,6.388,653.254,654.120
1410,6.387,653.257,654.121
1411,6.386,653.259,654.122
1412,6.385,653.262,654.123
1413,6.384,653.265,654.124
1414,6.383,653.268,654.125
1415,6.382,653.270,654.126
1416,6.381,653.273,654.127
1417,6.380,653.276,654.128
1418,6.379,653.279,654.129
1419,6.378,653.281,654.130
1420,6.377,653.284,654.131
1421,6.376,653.287,654.133
1422,6.375,653.289,654.134
1423,6.374,653.292,654.135
1424,6.373,653.295,654.136
1425,6.372,653.297,654.137
1426,6.371,653.300,654.138
1427,6.370,653.303,654.139
1428,6.369,653.305,654.140
1429,6.368,653.308,654.141
1430,6.367,653.311,654.142
1431,6.366,653.313,654.143
1432,6.365,653.316,654.144
1433,6.364,653.318,654.145
1434,6.363,653.321,654.146
1435,6.362,653.324,654.147
1436,6.361,653.326,654.148
1437,6.360,653.329,654.149
1438,6.359,653.331,654.150
1439,6.358,653.334,654.151
1440,6.357,653.336,654.152
1441,6.356,653.339,654.153
1442,6.356,653.341,654.154
1443,6.355,653.344,654.155
1444,6.354,653.346,654.156
1445,6.353,653.349,654.157
1446,6.352,653.351,654.158
1447,6.351,653.354,654.159
1448,6.350,653.356,654.160
1449,6.349,653.359,654.161
1450,6.348,653.361,654.162
1451,6.347,653.363,654.163
1452,6.346,653.366,654.164
1453,6.345,653.368,654.165
1454,6.344,653.371,654.166
1455,6.343,653.373,654.166
1456,6.342,653.376,654.167
1457,6.341,653.378,654.168
1458,6.340,653.380,654.169
1459,6.340,653.383,654.170
1460,6.339,653.385,654.171
1461,6.338,653.387,654.172
1462,6.337,653.390,654.173
1463,6.336,653.392,654.174
1464,6.335,653.394,654.175
1465,6.334,653.397,654.176
1466,6.333,653.399,654.177
1467,6.332,653.401,654.178
1468,6.331,653.404,654.179
1469,6.330,653.406,654.179
1470,6.329,653.408,654.180
1471,6.329,653.410,654.181
1472,6.328,653.413,654.182
1473,6.327,653.415,654.183
1474,6.326,653.417,654.184
1475,6.325,653.420,654.185
1476,6.324,653.422,654.186
1477,6.323,653.424,654.186
1478,6.322,653.426,654.187
1479,6.321,653.428,654.188
1480,6.320,653.431,654.189
1481,6.320,653.433,654.190
1482,6.319,653.435,654.191
1483,6.318,653.437,654.192
1484,6.317,653.439,654.193
1485,6.316,653.442,654.193
1486,6.315,653.444,654.194
1487,6.314,653.446,654.195
1488,6.313,653.448,654.196
1489,6.313,653.450,654.197
1490,6.312,653.452,654.198
1491,6.311,653.455,654.198
1492,6.310,653.457,654.199
1493,6.309,653.459,654.200
1494,6.308,653.461,654.201
1495,6.307,653.463,654.202
1496,6.306,653.465,654.203
1497,6.306,653.467,654.203
1498,6.305,653.469,654.204
1499,6.304,653.471,654.205
1500,6.303,653.473,654.206
1501,6.302,653.476,654.207
1502,6.301,653.478,654.208
1503,6.300,653.480,654.208
1504,6.300,653.482,654.209
1505,6.299,653.484,654.210
1506,6.298,653.486,654.211
1507,6.297,653.488,654.212
1508,6.296,653.490,654.213
1509,6.295,653.492,654.213
1510,6.294,653.494,654.214
1511,6.294,653.496,654.215
1512,6.293,653.498,654.216
1513,6.292,653.500,654.216
1514,6.291,653.502,654.217
1515,6.290,653.504,654.218
1516,6.289,653.506,654.219
1517,6.289,653.508,654.219
1518,6.288,653.510,654.220
1519,6.287,653.512,654.221
1520,6.286,653.514,654.222
1521,6.285,653.516,654.222
1522,6.284,653.518,654.223
1523,6.284,653.520,654.224
1524,6.283,653.521,654.225
1525,6.282,653.523,654.226
1526,6.281,653.525,654.227
1527,6.280,653.527,654.227
1528,6.279,653.529,654.228
1529,6.279,653.531,654.229
1530,6.278,653.533,654.230
1531,6.277,653.535,654.230
1532,6.276,653.537,654.231
1533,6.275,653.539,654.232
1534,6.275,653.540,654.233
1535,6.274,653.542,654.233
1536,6.273,653.544,654.234
1537,6.272,653.546,654.234
1538,6.271,653.548,654.235
1539,6.271,653.550,654.236
1540,6.270,653.552,654.237
1541,6.269,653.553,654.237
1542,6.268,653.555,654.238
1543,6.267,653.557,654.239
1544,6.267,653.559,654.240
1545,6.266,653.561,654.240
1546,6.265,653.562,654.241
1547,6.264,653.564,654.242
1548,6.263,653.566,654.243
1549,6.263,653.568,654.243
1550,6.262,653.570,654.244
1551,6.261,653.571,654.245
1552,6.260,653.573,654.246
1553,6.259,653.575,654.246
1554,6.259,653.577,654.247
1555,6.258,653.579,654.247
1556,6.257,653.580,654.248
1557,6.256,653.582,654.249
1558,6.256,653.584,654.250
1559,6.255,653.586,654.250
1560,6.254,653.587,654.251
1561,6.253,653.589,654.251
1562,6.252,653.591,654.252
1563,6.252,653.592,654.253
1564,6.251,653.594,654.254
1565,6.250,653.596,654.254
1566,6.249,653.598,654.255
1567,6.249,653.599,654.256
1568,6.248,653.601,654.257
1569,6.247,653.603,654.257
1570,6.246,653.604,654.258
1571,6.245,653.606,654.258
1572,6.245,653.608,654.259
1573,6.244,653.609,654.260
1574,6.243,653.611,654.261
1575,6.242,653.613,654.261
1576,6.242,653.614,654.262
1577,6.241,653.616,654.262
1578,6.240,653.618,654.263
1579,6.239,653.619,654.264
1580,6.239,653.621,654.265
1581,6.238,653.623,654.265
1582,6.237,653.624,654.266
1583,6.236,653.626,654.266
1584,6.236,653.628,654.267
1585,6.235,653.629,654.267
1586,6.234,653.631,654.268
1587,6.233,653.632,654.269
1588,6.233,653.634,654.270
1589,6.232,653.636,654.270
1590,6.231,653.637,654.271
1591,6.230,653.639,654.271
1592,6.230,653.640,654.272
1593,6.229,653.642,654.272
1594,6.228,653.644,654.273
1595,6.228,653.645,654.274
1596,6.227,653.647,654.275
1597,6.226,653.648,654.275
1598,6.225,653.650,654.276
1599,6.225,653.651,654.276
1600,6.224,653.653,654.277
1601,6.223,653.654,654.277
1602,6.222,653.656,654.278
1603,6.222,653.658,654.279
1604,6.221,653.659,654.280
1605,6.220,653.661,654.280
1606,6.220,653.662,654.281
1607,6.219,653.664,654.281
1608,6.218,653.665,654.282
1609,6.217,653.667,654.282
1610,6.217,653.668,654.283
1611,6.216,653.670,654.283
1612,6.215,653.671,654.284
1613,6.214,653.673,654.285
1614,6.214,653.674,654.286
1615,6.213,653.676,654.286
1616,6.212,653.677,654.287
1617,6.212,653.679,654.287
1618,6.211,653.680,654.288
1619,6.210,653.682,654.288
1620,6.210,653.683,654.289
1621,6.209,653.685,654.289
1622,6.208,653.686,654.290
1623,6.207,653.688,654.291
1624,6.207,653.689,654.292
1625,6.206,653.690,654.292
1626,6.205,653.692,654.293
1627,6.205,653.693,654.293
1628,6.204,653.695,654.294
1629,6.203,653.696,654.294
1630,6.202,653.698,654.295
1631,6.202,653.699,654.295
1632,6.201,653.701,654.296
1633,6.200,653.702,654.296
1634,6.200,653.703,654.297
1635,6.199,653.705,654.297
1636,6.198,653.706,654.298
1637,6.198,653.708,654.299
1638,6.197,653.709,654.300
1639,6.196,653.710,654.300
1640,6.196,653.712,654.301
1641,6.195,653.713,654.301
1642,6.194,653.715,654.302
1643,6.194,653.716,654.302
1644,6.193,653.717,654.303
1645,6.192,653.719,654.303
1646,6.191,653.720,654.304
1647,6.191,653.722,654.304
1648,6.190,653.723,654.305
1649,6.189,653.724,654.305
1650,6.189,653.726,654.306
1651,6.188,653.727,654.306
1652,6.187,653.728,654.307
1653,6.187,653.730,654.307
1654,6.186,653.731,654.308
1655,6.185,653.732,654.308
1656,6.185,653.734,654.309
1657,6.184,653.735,654.309
1658,6.183,653.736,654.310
1659,6.183,653.738,654.311
1660,6.182,653.739,654.312
1661,6.181,653.740,654.312
1662,6.181,653.742,654.313
1663,6.180,653.743,654.313
1664,6.179,653.744,654.314
1665,6.179,653.746,654.314
1666,6.178,653.747,654.315
1667,6.177,653.748,654.315
1668,6.177,653.750,654.316
1669,6.176,653.751,654.316
1670,6.175,653.752,654.317
1671,6.175,653.754,654.317
1672,6.174,653.755,654.318
1673,6.173,653.756,654.318
1674,6.173,653.757,654.319
1675,6.172,653.759,654.319
1676,6.172,653.760,654.320
1677,6.171,653.761,654.320
1678,6.170,653.763,654.321
1679,6.170,653.764,654.321
1680,6.169,653.765,654.322
1681,6.168,653.766,654.322
1682,6.168,653.768,654.323
1683,6.167,653.769,654.323
1684,6.166,653.770,654.324
1685,6.166,653.771,654.324
1686,6.165,653.773,654.325
1687,6.164,653.774,654.325
1688,6.164,653.775,654.326
1689,6.163,653.776,654.326
1690,6.163,653.778,654.327
1691,6.162,653.779,654.327
1692,6.161,653.780,654.328
1693,6.161,653.781,654.328
1694,6.160,653.783,654.329
1695,6.159,653.784,654.329
1696,6.159,653.785,654.330
1697,6.158,653.786,654.330
1698,6.157,653.787,654.331
1699,6.157,653.789,654.331
1700,6.156,653.790,654.332
1701,6.156,653.791,654.332
1702,6.155,653.792,654.333
1703,6.154,653.793,654.333
1704,6.154,653.795,654.334
1705,6.153,653.796,654.334
1706,6.152,653.797,654.335
1707,6.152,653.798,654.335
1708,6.151,653.799,654.336
1709,6.151,653.801,654.335
1710,6.150,653.802,654.336
1711,6.149,653.803,654.336
1712,6.149,653.804,654.337
1713,6.148,653.805,654.337
1714,6.147,653.806,654.338
1715,6.147,653.808,654.338
1716,6.146,653.809,654.339
1717,6.146,653.810,654.339
1718,6.145,653.811,654.340
1719,6.144,653.812,654.340
1720,6.144,653.813,654.341
1721,6.143,653.814,654.341
1722,6.143,653.816,654.342
1723,6.142,653.817,654.342
1724,6.141,653.818,654.343
1725,6.141,653.819,654.343
1726,6.140,653.820,654.344
1727,6.140,653.821,654.344
1728,6.139,653.822,654.345
1729,6.138,653.824,654.345
1730,6.138,653.825,654.346
1731,6.137,653.826,654.346
1732,6.136,653.827,654.347
1733,6.136,653.828,654.346
1734,6.135,653.829,654.347
1735,6.135,653.830,654.347
1736,6.134,653.831,654.348
1737,6.133,653.832,654.348
1738,6.133,653.834,654.349
1739,6.132,653.835,654.349
1740,6.132,653.836,654.350
1741,6.131,653.837,654.350
1742,6.131,653.838,654.351
1743,6.130,653.839,654.351
1744,6.129,653.840,654.352
1745,6.129,653.841,654.352
1746,6.128,653.842,654.353
1747,6.128,653.843,654.353
1748,6.127,653.844,654.354
1749,6.126,653.846,654.353
1750,6.126,653.847,654.354
1751,6.125,653.848,654.354
1752,6.125,653.849,654.355
1753,6.124,653.850,654.355
1754,6.123,653.851,654.356
1755,6.123,653.852,654.356
1756,6.122,653.853,654.357
1757,6.122,653.854,654.357
1758,6.121,653.855,654.358
1759,6.121,653.856,654.358
1760,6.120,653.857,654.359
1761,6.119,653.858,654.358
1762,6.119,653.859,654.359
1763,6.118,653.860,654.359
1764,6.118,653.861,654.360
1765,6.117,653.862,654.360
1766,6.116,653.863,654.361
1767,6.116,653.865,654.361
1768,6.115,653.866,654.362
1769,6.115,653.867,654.362
1770,6.114,653.868,654.363
1771,6.114,653.869,654.363
1772,6.113,653.870,654.364
1773,6.112,653.871,654.363
1774,6.112,653.872,654.364
1775,6.111,653.873,654.364
1776,6.111,653.874,654.365
1777,6.110,653.875,654.365
1778,6.110,653.876,654.366
1779,6.109,653.877,654.366
1780,6.109,653.878,654.367
1781,6.108,653.879,654.367
1782,6.107,653.880,654.368
1783,6.107,653.881,654.367
1784,6.106,653.882,654.368
1785,6.106,653.883,654.368
1786,6.105,653.884,654.369
1787,6.105,653.885,654.369
1788,6.104,653.886,654.370
1789,6.103,653.887,654.370
1790,6.103,653.888,654.371
1791,6.102,653.889,654.371
1792,6.102,653.890,654.372
1793,6.101,653.891,654.371
1794,6.101,653.892,654.372
1795,6.100,653.893,654.372
1796,6.100,653.894,654.373
1797,6.099,653.894,654.373
1798,6.098,653.895,654.374
1799,6.098,653.896,654.374
1800,6.097,653.897,654.375
1801,6.097,653.898,654.374
1802,6.096,653.899,654.375
1803,6.096,653.900,654.375
1804,6.095,653.901,654.376
1805,6.095,653.902,654.376
1806,6.094,653.903,654.377
1807,6.094,653.904,654.377
1808,6.093,653.905,654.378
1809,6.092,653.906,654.377
1810,6.092,653.907,654.378
1811,6.091,653.908,654.378
1812,6.091,653.909,654.379
1813,6.090,653.910,654.379
1814,6.090,653.911,654.380
1815,6.089,653.912,654.380
1816,6.089,653.912,654.381
1817,6.088,653.913,654.380
1818,6.088,653.914,654.381
1819,6.087,653.915,654.381
1820,6.086,653.916,654.382
1821,6.086,653.917,654.382
1822,6.085,653.918,654.383
1823,6.085,653.919,654.383
1824,6.084,653.920,654.384
1825,6.084,653.921,654.383
1826,6.083,653.922,654.384
1827,6.083,653.923,654.384
1828,6.082,653.923,654.385
1829,6.082,653.924,654.385
1830,6.081,653.925,654.386
1831,6.081,653.926,654.386
1832,6.080,653.927,654.387
1833,6.080,653.928,654.386
1834,6.079,653.929,654.387
1835,6.078,653.930,654.387
1836,6.078,653.931,654.388
1837,6.077,653.932,654.388
1838,6.077,653.932,654.389
1839,6.076,653.933,654.388
1840,6.076,653.934,654.389
1841,6.075,653.935,654.389
1842,6.075,653.936,654.390
1843,6.074,653.937,654.390
1844,6.074,653.938,654.391
1845,6.073,653.939,654.390
1846,6.073,653.939,654.391
1847,6.072,653.940,654.391
1848,6.072,653.941,654.392
1849,6.071,653.942,654.392
1850,6.071,653.943,654.393
1851,6.070,653.944,654.393
1852,6.070,653.945,654.394
1853,6.069,653.946,654.393
1854,6.069,653.946,654.394
1855,6.068,653.947,654.394
1856,6.068,653.948,654.395
1857,6.067,653.949,654.395
1858,6.067,653.950,654.396
1859,6.066,653.951,654.395
1860,6.066,653.952,654.396
1861,6.065,653.952,654.396
1862,6.064,653.953,654.397
1863,6.064,653.954,654.397
1864,6.063,653.955,654.398
1865,6.063,653.956,654.397
1866,6.062,653.957,654.398
1867,6.062,653.957,654.398
1868,6.061,653.958,654.399
1869,6.061,653.959,654.399
1870,6.060,653.960,654.400
1871,6.060,653.961,654.399
1872,6.059,653.962,654.400
1873,6.059,653.962,654.400
1874,6.058,653.963,654.401
1875,6.058,653.964,654.401
1876,6.057,653.965,654.402
1877,6.057,653.966,654.401
1878,6.056,653.966,654.402
1879,6.056,653.967,654.402
1880,6.055,653.968,654.403
1881,6.055,653.969,654.403
1882,6.054,653.970,654.404
1883,6.054,653.971,654.403
1884,6.053,653.971,654.404
1885,6.053,653.972,654.404
1886,6.052,653.973,654.405
1887,6.052,653.974,654.405
1888,6.051,653.975,654.406
1889,6.051,653.975,654.405
1890,6.050,653.976,654.406
1891,6.050,653.977,654.406
1892,6.049,653.978,654.407
1893,6.049,653.979,654.406
1894,6.048,653.979,654.407
1895,6.048,653.980,654.407
1896,6.047,653.981,654.408
1897,6.047,653.982,654.408
1898,6.046,653.982,654.409
1899,6.046,653.983,654.408
1900,6.046,653.984,654.409
1901,6.045,653.985,654.409
1902,6.045,653.986,654.410
1903,6.044,653.986,654.410
1904,6.044,653.987,654.411
1905,6.043,653.988,654.410
1906,6.043,653.989,654.411
1907,6.042,653.989,654.411
1908,6.042,653.990,654.412
1909,6.041,653.991,654.411
1910,6.041,653.992,654.412
1911,6.040,653.993,654.412
1912,6.040,653.993,654.413
1913,6.039,653.994,654.413
1914,6.039,653.995,654.414
1915,6.038,653.996,654.413
1916,6.038,653.996,654.414
1917,6.037,653.997,654.414
1918,6.037,653.998,654.415
1919,6.036,653.999,654.415
1920,6.036,653.999,654.415
1921,6.035,654.000,654.415
1922,6.035,654.001,654.416
1923,6.034,654.002,654.416
1924,6.034,654.002,654.417
1925,6.033,654.003,654.416
1926,6.033,654.004,654.417
1927,6.033,654.005,654.417
1928,6.032,654.005,654.418
1929,6.032,654.006,654.418
1930,6.031,654.007,654.418
1931,6.031,654.008,654.418
1932,6.030,654.008,654.419
1933,6.030,654.009,654.419
1934,6.029,654.010,654.420
1935,6.029,654.010,654.419
1936,6.028,654.011,654.420
1937,6.028,654.012,654.420
1938,6.027,654.013,654.421
1939,6.027,654.013,654.420
1940,6.026,654.014,654.421
1941,6.026,654.015,654.421
1942,6.026,654.016,654.422
1943,6.025,654.016,654.422
1944,6.025,654.017,654.422
1945,6.024,654.018,654.422
1946,6.024,654.018,654.423
1947,6.023,654.019,654.423
1948,6.023,654.020,654.424
1949,6.022,654.021,654.423
1950,6.022,654.021,654.424
1951,6.021,654.022,654.424
1952,6.021,654.023,654.425
1953,6.020,654.023,654.424
1954,6.020,654.024,654.425
1955,6.019,654.025,654.425
1956,6.019,654.025,654.426
1957,6.019,654.026,654.426
1958,6.018,654.027,654.426
1959,6.018,654.028,654.426
1960,6.017,654.028,654.427
1961,6.017,654.029,654.427
1962,6.016,654.030,654.428
1963,6.016,654.030,654.427
1964,6.015,654.031,654.428
1965,6.015,654.032,654.428
1966,6.014,654.032,654.429
1967,6.014,654.033,654.428
1968,6.014,654.034,654.429
1969,6.013,654.034,654.429
1970,6.013,654.035,654.430
1971,6.012,654.036,654.429
1972,6.012,654.037,654.430
1973,6.011,654.037,654.430
1974,6.011,654.038,654.431
1975,6.010,654.039,654.431
1976,6.010,654.039,654.431
1977,6.010,654.040,654.431
1978,6.009,654.041,654.432
1979,6.009,654.041,654.432
1980,6.008,654.042,654.432
1981,6.008,654.043,654.432
1982,6.007,654.043,654.433
1983,6.007,654.044,654.433
1984,6.006,654.045,654.434
1985,6.006,654.045,654.433
1986,6.006,654.046,654.434
1987,6.005,654.047,654.434
1988,6.005,654.047,654.435
1989,6.004,654.048,654.434
1990,6.004,654.049,654.435
1991,6.003,654.049,654.435
1992,6.003,654.050,654.436
1993,6.002,654.051,654.435
1994,6.002,654.051,654.436
1995,6.002,654.052,654.436
1996,6.001,654.053,654.437
1997,6.001,654.053,654.436
1998,6.000,654.054,654.437
1999,6.000,654.054,654.437
2000,5.999,654.055,654.438
2001,5.999,654.056,654.437
2002,5.998,654.056,654.438
2003,5.998,654.057,654.438
2004,5.998,654.058,654.439
2005,5.997,654.058,654.438
2006,5.997,654.059,654.439
2007,5.996,654.060,654.439
2008,5.996,654.060,654.440
2009,5.995,654.061,654.440
2010,5.995,654.062,654.440
2011,5.995,654.062,654.440
2012,5.994,654.063,654.441
2013,5.994,654.063,654.441
2014,5.993,654.064,654.441
2015,5.993,654.065,654.441
2016,5.992,654.065,654.442
2017,5.992,654.066,654.442
2018,5.992,654.067,654.442
2019,5.991,654.067,654.442
2020,5.991,654.068,654.443
2021,5.990,654.068,654.443
2022,5.990,654.069,654.443
2023,5.989,654.070,654.443
2024,5.989,654.070,654.444
2025,5.989,654.071,654.444
2026,5.988,654.072,654.444
2027,5.988,654.072,654.444
2028,5.987,654.073,654.445
2029,5.987,654.073,654.445
2030,5.986,654.074,654.445
2031,5.986,654.075,654.445
2032,5.986,654.075,654.446
2033,5.985,654.076,654.446
2034,5.985,654.076,654.446
2035,5.984,654.077,654.446
2036,5.984,654.078,654.447
2037,5.984,654.078,654.446
2038,5.983,654.079,654.447
2039,5.983,654.079,654.447
2040,5.982,654.080,654.448
2041,5.982,654.081,654.447
2042,5.981,654.081,654.448
2043,5.981,654.082,654.448
2044,5.981,654.082,654.449
2045,5.980,654.083,654.448
2046,5.980,654.084,654.449
2047,5.979,654.084,654.449
2048,5.979,654.085,654.450
2049,5.978,654.085,654.449
2050,5.978,654.086,654.450
2051,5.978,654.087,654.450
2052,5.977,654.087,654.451
2053,5.977,654.088,654.450
2054,5.976,654.088,654.451
2055,5.976,654.089,654.451
2056,5.976,654.090,654.452
2057,5.975,654.090,654.451
2058,5.975,654.091,654.452
2059,5.974,654.091,654.452
2060,5.974,654.092,654.453
2061,5.974,654.092,654.452
2062,5.973,654.093,654.453
2063,5.973,654.094,654.453
2064,5.972,654.094,654.453
2065,5.972,654.095,654.453
2066,5.971,654.095,654.454
2067,5.971,654.096,654.454
2068,5.971,654.096,654.454
2069,5.970,654.097,654.454
2070,5.970,654.098,654.455
2071,5.969,654.098,654.455
2072,5.969,654.099,654.455
2073,5.969,654.099,654.455
2074,5.968,654.100,654.456
2075,5.968,654.100,654.455
2076,5.967,654.101,654.456
2077,5.967,654.102,654.456
2078,5.967,654.102,654.457
2079,5.966,654.103,654.456
2080,5.966,654.103,654.457
2081,5.965,654.104,654.457
2082,5.965,654.104,654.458
2083,5.965,654.105,654.457
2084,5.964,654.106,654.458
2085,5.964,654.106,654.458
2086,5.963,654.107,654.458
2087,5.963,654.107,654.458
2088,5.963,654.108,654.459
2089,5.962,654.108,654.459
2090,5.962,654.109,654.459
2091,5.961,654.109,654.459
2092,5.961,654.110,654.460
2093,5.961,654.110,654.459
2094,5.960,654.111,654.460
2095,5.960,654.112,654.460
2096,5.959,654.112,654.461
2097,5.959,654.113,654.460
2098,5.959,654.113,654.461
2099,5.958,654.114,654.461
2100,5.958,654.114,654.462
2101,5.957,654.115,654.461
2102,5.957,654.115,654.462
2103,5.957,654.116,654.462
2104,5.956,654.116,654.462
2105,5.956,654.117,654.462
2106,5.956,654.118,654.463
2107,5.955,654.118,654.463
2108,5.955,654.119,654.463
2109,5.954,654.119,654.463
2110,5.954,654.120,654.464
2111,5.954,654.120,654.463
2112,5.953,654.121,654.464
2113,5.953,654.121,654.464
2114,5.952,654.122,654.465
2115,5.952,654.122,654.464
2116,5.952,654.123,654.465
2117,5.951,654.123,654.465
2118,5.951,654.124,654.465
2119,5.950,654.124,654.465
2120,5.950,654.125,654.466
2121,5.950,654.125,654.466
2122,5.949,654.126,654.466
2123,5.949,654.127,654.466
2124,5.949,654.127,654.467
2125,5.948,654.128,654.466
2126,5.948,654.128,654.467
2127,5.947,654.129,654.467
2128,5.947,654.129,654.468
2129,5.947,654.130,654.467
2130,5.946,654.130,654.468
2131,5.946,654.131,654.468
2132,5.945,654.131,654.468
2133,5.945,654.132,654.468
2134,5.945,654.132,654.469
2135,5.944,654.133,654.468
2136,5.944,654.133,654.469
2137,5.944,654.134,654.469
2138,5.943,654.134,654.470
2139,5.943,654.135,654.469
2140,5.942,654.135,654.470
2141,5.942,654.136,654.470
2142,5.942,654.136,654.470
2143,5.941,654.137,654.470
2144,5.941,654.137,654.471
2145,5.941,654.138,654.470
2146,5.940,654.138,654.471
2147,5.940,654.139,654.471
2148,5.939,654.139,654.472
2149,5.939,654.140,654.471
2150,5.939,654.140,654.472
2151,5.938,654.141,654.472
2152,5.938,654.141,654.472
2153,5.937,654.142,654.472
2154,5.937,654.142,654.473
2155,5.937,654.143,654.472
2156,5.936,654.143,654.473
2157,5.936,654.144,654.473
2158,5.936,654.144,654.474
2159,5.935,654.145,654.473
2160,5.935,654.145,654.474
2161,5.935,654.146,654.474
2162,5.934,654.146,654.474
2163,5.934,654.147,654.474
2164,5.933,654.147,654.475
2165,5.933,654.148,654.474
2166,5.933,654.148,654.475
2167,5.932,654.149,654.475
2168,5.932,654.149,654.476
2169,5.932,654.150,654.475
2170,5.931,654.150,654.476
2171,5.931,654.151,654.476
2172,5.930,654.151,654.476
2173,5.930,654.152,654.476
2174,5.930,654.152,654.477
2175,5.929,654.153,654.476
2176,5.929,654.153,654.477
2177,5.929,654.154,654.477
2178,5.928,654.154,654.478
2179,5.928,654.154,654.477
2180,5.928,654.155,654.478
2181,5.927,654.155,654.478
2182,5.927,654.156,654.478
2183,5.926,654.156,654.478
2184,5.926,654.157,654.479
2185,5.926,654.157,654.478
2186,5.925,654.158,654.479
2187,5.925,654.158,654.479
2188,5.925,654.159,654.479
2189,5.924,654.159,654.479
2190,5.924,654.160,654.480
2191,5.924,654.160,654.479
2192,5.923,654.161,654.480
2193,5.923,654.161,654.480
2194,5.922,654.162,654.481
2195,5.922,654.162,654.480
2196,5.922,654.162,654.481
2197,5.921,654.163,654.481
2198,5.921,654.163,654.481
2199,5.921,654.164,654.481
2200,5.920,654.164,654.482
2201,5.920,654.165,654.481
2202,5.920,654.165,654.482
2203,5.919,654.166,654.482
2204,5.919,654.166,654.482
2205,5.918,654.167,654.482
2206,5.918,654.167,654.483
2207,5.918,654.168,654.482
2208,5.917,654.168,654.483
2209,5.917,654.168,654.483
2210,5.917,654.169,654.484
2211,5.916,654.169,654.483
2212,5.916,654.170,654.484
2213,5.916,654.170,654.484
2214,5.915,654.171,654.484
2215,5.915,654.171,654.484
2216,5.915,654.172,654.485
2217,5.914,654.172,654.484
2218,5.914,654.172,654.485
2219,5.914,654.173,654.485
2220,5.913,654.173,654.485
2221,5.913,654.174,654.485
2222,5.912,654.174,654.486
2223,5.912,654.175,654.485
2224,5.912,654.175,654.486
2225,5.911,654.176,654.486
2226,5.911,654.176,654.486
2227,5.911,654.177,654.486
2228,5.910,654.177,654.487
2229,5.910,654.177,654.486
2230,5.910,654.178,654.487
2231,5.909,654.178,654.487
2232,5.909,654.179,654.487
2233,5.909,654.179,654.487
2234,5.908,654.180,654.488
2235,5.908,654.180,654.487
2236,5.908,654.180,654.488
2237,5.907,654.181,654.488
2238,5.907,654.181,654.489
2239,5.907,654.182,654.488
2240,5.906,654.182,654.489
2241,5.906,654.183,654.489
2242,5.906,654.183,654.489
2243,5.905,654.183,654.489
2244,5.905,654.184,654.490
2245,5.904,654.184,654.489
2246,5.904,654.185,654.490
2247,5.904,654.185,654.490
2248,5.903,654.186,654.490
2249,5.903,654.186,654.490
2250,5.903,654.186,654.491
2251,5.902,654.187,654.490
2252,5.902,654.187,654.491
2253,5.902,654.188,654.491
2254,5.901,654.188,654.491
2255,5.901,654.189,654.491
2256,5.901,654.189,654.492
2257,5.900,654.189,654.491
2258,5.900,654.190,654.492
2259,5.900,654.190,654.492
2260,5.899,654.191,654.492
2261,5.899,654.191,654.492
2262,5.899,654.192,654.493
2263,5.898,654.192,654.492
2264,5.898,654.192,654.493
2265,5.898,654.193,654.493
2266,5.897,654.193,654.493
2267,5.897,654.194,654.493
2268,5.897,654.194,654.494
2269,5.896,654.194,654.493
2270,5.896,654.195,654.494
2271,5.896,654.195,654.494
2272,5.895,654.196,654.494
2273,5.895,654.196,654.494
2274,5.895,654.197,654.495
2275,5.894,654.197,654.494
2276,5.894,654.197,654.495
2277,5.894,654.198,654.495
2278,5.893,654.198,654.495
2279,5.893,654.199,654.495
2280,5.893,654.199,654.496
2281,5.892,654.199,654.495
2282,5.892,654.200,654.496
2283,5.892,654.200,654.496
2284,5.891,654.201,654.496
2285,5.891,654.201,654.496
2286,5.891,654.201,654.497
2287,5.890,654.202,654.496
2288,5.890,654.202,654.497
2289,5.890,654.203,654.497
2290,5.889,654.203,654.497
2291,5.889,654.203,654.497
2292,5.889,654.204,654.498
2293,5.888,654.204,654.497
2294,5.888,654.205,654.498
2295,5.888,654.205,654.498
2296,5.887,654.205,654.498
2297,5.887,654.206,654.498
2298,5.887,654.206,654.499
2299,5.886,654.207,654.498
2300,5.886,654.207,654.499
2301,5.886,654.207,654.499
2302,5.885,654.208,654.499
2303,5.885,654.208,654.499
2304,5.885,654.209,654.500
2305,5.884,654.209,654.499
2306,5.884,654.209,654.500
2307,5.884,654.210,654.500
2308,5.883,654.210,654.500
2309,5.883,654.211,654.500
2310,5.883,654.211,654.500
2311,5.882,654.211,654.500
2312,5.882,654.212,654.501
2313,5.882,654.212,654.500
2314,5.881,654.213,654.501
2315,5.881,654.213,654.501
2316,5.881,654.213,654.501
2317,5.880,654.214,654.501
2318,5.880,654.214,654.502
2319,5.880,654.214,654.501
2320,5.879,654.215,654.502
2321,5.879,654.215,654.502
2322,5.879,654.216,654.502
2323,5.879,654.216,654.502
2324,5.878,654.216,654.503
2325,5.878,654.217,654.502
2326,5.878,654.217,654.503
2327,5.877,654.218,654.503
2328,5.877,654.218,654.503
2329,5.877,654.218,654.503
2330,5.876,654.219,654.504
2331,5.876,654.219,654.503
2332,5.876,654.219,654.504
2333,5.875,654.220,654.504
2334,5.875,654.220,654.504
2335,5.875,654.221,654.504
2336,5.874,654.221,654.504
2337,5.874,654.221,654.504
2338,5.874,654.222,654.505
2339,5.873,654.222,654.504
2340,5.873,654.222,654.505
2341,5.873,654.223,654.505
2342,5.872,654.223,654.505
2343,5.872,654.224,654.505
2344,5.872,654.224,654.506
2345,5.872,654.224,654.505
2346,5.871,654.225,654.506
2347,5.871,654.225,654.506
2348,5.871,654.225,654.506
2349,5.870,654.226,654.506
2350,5.870,654.226,654.507
2351,5.870,654.227,654.506
2352,5.869,654.227,654.507
2353,5.869,654.227,654.507
2354,5.869,654.228,654.507
2355,5.868,654.228,654.507
2356,5.868,654.228,654.507
2357,5.868,654.229,654.507
2358,5.867,654.229,654.508
2359,5.867,654.229,654.507
2360,5.867,654.230,654.508
2361,5.866,654.230,654.508
2362,5.866,654.231,654.508
2363,5.866,654.231,654.508
2364,5.866,654.231,654.509
2365,5.865,654.232,654.508
2366,5.865,654.232,654.509
2367,5.865,654.232,654.509
2368,5.864,654.233,654.509
2369,5.864,654.233,654.509
2370,5.864,654.233,654.510
2371,5.863,654.234,654.509
2372,5.863,654.234,654.510
2373,5.863,654.235,654.510
2374,5.862,654.235,654.510
2375,5.862,654.235,654.510
2376,5.862,654.236,654.510
2377,5.862,654.236,654.510
2378,5.861,654.236,654.511
2379,5.861,654.237,654.510
2380,5.861,654.237,654.511
2381,5.860,654.237,654.511
2382,5.860,654.238,654.511
2383,5.860,654.238,654.511
2384,5.859,654.238,654.512
2385,5.859,654.239,654.511
2386,5.859,654.239,654.512
2387,5.858,654.239,654.512
2388,5.858,654.240,654.512
2389,5.858,654.240,654.512
2390,5.858,654.241,654.512
2391,5.857,654.241,654.512
2392,5.857,654.241,654.513
2393,5.857,654.242,654.512
2394,5.856,654.242,654.513
2395,5.856,654.242,654.513
2396,5.856,654.243,654.513
2397,5.855,654.243,654.513
2398,5.855,654.243,654.514
2399,5.855,654.244,654.513
2400,5.855,654.244,654.514
2401,5.854,654.244,654.513
2402,5.854,654.245,654.514
2403,5.854,654.245,654.514
2404,5.853,654.245,654.514
2405,5.853,654.246,654.514
2406,5.853,654.246,654.515
2407,5.852,654.246,654.514
2408,5.852,654.247,654.515
2409,5.852,654.247,654.515
2410,5.852,654.247,654.515
2411,5.851,654.248,654.515
2412,5.851,654.248,654.515
2413,5.851,654.248,654.515
2414,5.850,654.249,654.516
2415,5.850,654.249,654.515
2416,5.850,654.249,654.516
2417,5.849,654.250,654.516
2418,5.849,654.250,654.516
2419,5.849,654.250,654.516
2420,5.849,654.251,654.517
2421,5.848,654.251,654.516
2422,5.848,654.251,654.517
2423,5.848,654.252,654.516
2424,5.847,654.252,654.517
2425,5.847,654.252,654.517
2426,5.847,654.253,654.517
2427,5.846,654.253,654.517
2428,5.846,654.253,654.518
2429,5.846,654.254,654.517
2430,5.846,654.254,654.518
2431,5.845,654.254,654.518
2432,5.845,654.255,654.518
2433,5.845,654.255,654.518
2434,5.844,654.255,654.518
2435,5.844,654.256,654.518
2436,5.844,654.256,654.519
2437,5.844,654.256,654.518
2438,5.843,654.257,654.519
2439,5.843,654.257,654.519
2440,5.843,654.257,654.519
2441,5.842,654.258,654.519
2442,5.842,654.258,654.519
2443,5.842,654.258,654.519
2444,5.841,654.259,654.520
2445,5.841,654.259,654.519
2446,5.841,654.259,654.520
2447,5.841,654.260,654.520
2448,5.840,654.260,654.520
2449,5.840,654.260,654.520
2450,5.840,654.261,654.520
2451,5.839,654.261,654.520
2452,5.839,654.261,654.521
2453,5.839,654.262,654.520
2454,5.839,654.262,654.521
2455,5.838,654.262,654.521
2456,5.838,654.263,654.521
2457,5.838,654.263,654.521
2458,5.837,654.263,654.522
2459,5.837,654.263,654.521
2460,5.837,654.264,654.522
2461,5.837,654.264,654.521
2462,5.836,654.264,654.522
2463,5.836,654.265,654.522
2464,5.836,654.265,654.522
2465,5.835,654.265,654.522
2466,5.835,654.266,654.523
2467,5.835,654.266,654.522
2468,5.835,654.266,654.523
2469,5.834,654.267,654.523
2470,5.834,654.267,654.523
2471,5.834,654.267,654.523
2472,5.833,654.268,654.523
2473,5.833,654.268,654.523
2474,5.833,654.268,654.524
2475,5.833,654.269,654.523
2476,5.832,654.269,654.524
2477,5.832,654.269,654.524
2478,5.832,654.269,654.524
2479,5.831,654.270,654.524
2480,5.831,654.270,654.524
2481,5.831,654.270,654.524
2482,5.831,654.271,654.525
2483,5.830,654.271,654.524
2484,5.830,654.271,654.525
2485,5.830,654.272,654.525
2486,5.829,654.272,654.525
2487,5.829,654.272,654.525
2488,5.829,654.273,654.525
2489,5.829,654.273,654.525
2490,5.828,654.273,654.526
2491,5.828,654.273,654.525
2492,5.828,654.274,654.526
2493,5.827,654.274,654.526
2494,5.827,654.274,654.526
2495,5.827,654.275,654.526
2496,5.827,654.275,654.526
2497,5.826,654.275,654.526
2498,5.826,654.276,654.527
2499,5.826,654.276,654.526
2500,5.826,654.276,654.527
2501,5.825,654.276,654.526
2502,5.825,654.277,654.527
2503,5.825,654.277,654.527
2504,5.824,654.277,654.527
2505,5.824,654.278,654.527
2506,5.824,654.278,654.528
2507,5.824,654.278,654.527
2508,5.823,654.279,654.528
2509,5.823,654.279,654.527
2510,5.823,654.279,654.528
2511,5.822,654.279,654.528
2512,5.822,654.280,654.528
2513,5.822,654.280,654.528
2514,5.822,654.280,654.528
2515,5.821,654.281,654.528
2516,5.821,654.281,654.529
2517,5.821,654.281,654.528
2518,5.821,654.282,654.529
2519,5.820,654.282,654.529
2520,5.820,654.282,654.529
2521,5.820,654.282,654.529
2522,5.819,654.283,654.529
2523,5.819,654.283,654.529
2524,5.819,654.283,654.530
2525,5.819,654.284,654.529
2526,5.818,654.284,654.530
2527,5.818,654.284,654.530
2528,5.818,654.284,654.530
2529,5.818,654.285,654.530
2530,5.817,654.285,654.530
2531,5.817,654.285,654.530
2532,5.817,654.286,654.531
2533,5.816,654.286,654.530
2534,5.816,654.286,654.531
2535,5.816,654.286,654.531
2536,5.816,654.287,654.531
2537,5.815,654.287,654.531
2538,5.815,654.287,654.531
2539,5.815,654.288,654.531
2540,5.815,654.288,654.532
2541,5.814,654.288,654.531
2542,5.814,654.288,654.532
2543,5.814,654.289,654.531
2544,5.813,654.289,654.532
2545,5.813,654.289,654.532
2546,5.813,654.290,654.532
2547,5.813,654.290,654.532
2548,5.812,654.290,654.532
2549,5.812,654.290,654.532
2550,5.812,654.291,654.533
2551,5.812,654.291,654.532
2552,5.811,654.291,654.533
2553,5.811,654.292,654.533
2554,5.811,654.292,654.533
2555,5.810,654.292,654.533
2556,5.810,654.292,654.533
2557,5.810,654.293,654.533
2558,5.810,654.293,654.534
2559,5.809,654.293,654.533
2560,5.809,654.294,654.534
2561,5.809,654.294,654.534
2562,5.809,654.294,654.534
2563,5.808,654.294,654.534
2564,5.808,654.295,654.534
2565,5.808,654.295,654.534
2566,5.808,654.295,654.534
2567,5.807,654.295,654.534
2568,5.807,654.296,654.535
2569,5.807,654.296,654.534
2570,5.806,654.296,654.535
2571,5.806,654.297,654.535
2572,5.806,654.297,654.535
2573,5.806,654.297,654.535
2574,5.805,654.297,654.535
2575,5.805,654.298,654.535
2576,5.805,654.298,654.536
2577,5.805,654.298,654.535
2578,5.804,654.299,654.536
2579,5.804,654.299,654.536
2580,5.804,654.299,654.536
2581,5.804,654.299,654.536
2582,5.803,654.300,654.536
2583,5.803,654.300,654.536
2584,5.803,654.300,654.536
2585,5.803,654.300,654.536
2586,5.802,654.301,654.537
2587,5.802,654.301,654.536
2588,5.802,654.301,654.537
2589,5.801,654.301,654.537
2590,5.801,654.302,654.537
2591,5.801,654.302,654.537
2592,5.801,654.302,654.537
2593,5.800,654.303,654.537
2594,5.800,654.303,654.538
2595,5.800,654.303,654.537
2596,5.800,654.303,654.538
2597,5.799,654.304,654.537
2598,5.799,654.304,654.538
2599,5.799,654.304,654.538
2600,5.799,654.304,654.538
2601,5.798,654.305,654.538
2602,5.798,654.305,654.538
2603,5.798,654.305,654.538
2604,5.798,654.305,654.539
2605,5.797,654.306,654.538
2606,5.797,654.306,654.539
2607,5.797,654.306,654.539
2608,5.797,654.307,654.539
2609,5.796,654.307,654.539
2610,5.796,654.307,654.539
2611,5.796,654.307,654.539
2612,5.796,654.308,654.539
2613,5.795,654.308,654.539
2614,5.795,654.308,654.540
2615,5.795,654.308,654.539
2616,5.794,654.309,654.540
2617,5.794,654.309,654.540
2618,5.794,654.309,654.540
2619,5.794,654.309,654.540
2620,5.793,654.310,654.540
2621,5.793,654.310,654.540
2622,5.793,654.310,654.541
2623,5.793,654.310,654.540
2624,5.792,654.311,654.541
2625,5.792,654.311,654.540
2626,5.792,654.311,654.541
2627,5.792,654.311,654.541
2628,5.791,654.312,654.541
2629,5.791,654.312,654.541
2630,5.791,654.312,654.541
2631,5.791,654.313,654.541
2632,5.790,654.313,654.542
2633,5.790,654.313,654.541
2634,5.790,654.313,654.542
2635,5.790,654.314,654.541
2636,5.789,654.314,654.542
2637,5.789,654.314,654.542
2638,5.789,654.314,654.542
2639,5.789,654.315,654.542
2640,5.788,654.315,654.542
2641,5.788,654.315,654.542
2642,5.788,654.315,654.543
2643,5.788,654.316,654.542
2644,5.787,654.316,654.543
2645,5.787,654.316,654.543
2646,5.787,654.316,654.543
2647,5.787,654.317,654.543
2648,5.786,654.317,654.543
2649,5.786,654.317,654.543
2650,5.786,654.317,654.543
2651,5.786,654.318,654.543
2652,5.785,654.318,654.544
2653,5.785,654.318,654.543
2654,5.785,654.318,654.544
2655,5.785,654.319,654.544
2656,5.784,654.319,654.544
2657,5.784,654.319,654.544
2658,5.784,654.319,654.544
2659,5.784,654.320,654.544
2660,5.783,654.320,654.544
2661,5.783,654.320,654.544
2662,5.783,654.320,654.545
2663,5.783,654.321,654.544
2664,5.782,654.321,654.545
2665,5.782,654.321,654.545
2666,5.782,654.321,654.545
2667,5.782,654.322,654.545
2668,5.781,654.322,654.545
2669,5.781,654.322,654.545
2670,5.781,654.322,654.545
2671,5.781,654.322,654.545
2672,5.780,654.323,654.546
2673,5.780,654.323,654.545
2674,5.780,654.323,654.546
2675,5.780,654.323,654.546
2676,5.779,654.324,654.546
2677,5.779,654.324,654.546
2678,5.779,654.324,654.546
2679,5.779,654.324,654.546
2680,5.778,654.325,654.546
2681,5.778,654.325,654.546
2682,5.778,654.325,654.547
2683,5.778,654.325,654.546
2684,5.777,654.326,654.547
2685,5.777,654.326,654.547
2686,5.777,654.326,654.547
2687,5.777,654.326,654.547
2688,5.777,654.327,654.547
2689,5.776,654.327,654.547
2690,5.776,654.327,654.547
2691,5.776,654.327,654.547
2692,5.776,654.328,654.548
2693,5.775,654.328,654.547
2694,5.775,654.328,654.548
2695,5.775,654.328,654.547
2696,5.775,654.328,654.548
2697,5.774,654.329,654.548
2698,5.774,654.329,654.548
2699,5.774,654.329,654.548
2700,5.774,654.329,654.548
2701,5.773,654.330,654.548
2702,5.773,654.330,654.549
2703,5.773,654.330,654.548
2704,5.773,654.330,654.549
2705,5.772,654.331,654.548
2706,5.772,654.331,654.549
2707,5.772,654.331,654.549
2708,5.772,654.331,654.549
2709,5.771,654.332,654.549
2710,5.771,654.332,654.549
2711,5.771,654.332,654.549
2712,5.771,654.332,654.549
2713,5.770,654.332,654.549
2714,5.770,654.333,654.550
2715,5.770,654.333,654.549
2716,5.770,654.333,654.550
2717,5.770,654.333,654.550
2718,5.769,654.334,654.550
2719,5.769,654.334,654.550
2720,5.769,654.334,654.550
2721,5.769,654.334,654.550
2722,5.768,654.335,654.550
2723,5.768,654.335,654.550
2724,5.768,654.335,654.551
2725,5.768,654.335,654.550
2726,5.767,654.335,654.551
2727,5.767,654.336,654.550
2728,5.767,654.336,654.551
2729,5.767,654.336,654.551
2730,5.766,654.336,654.551
2731,5.766,654.337,654.551
2732,5.766,654.337,654.551
2733,5.766,654.337,654.551
2734,5.765,654.337,654.552
2735,5.765,654.338,654.551
2736,5.765,654.338,654.552
2737,5.765,654.338,654.551
2738,5.765,654.338,654.552
2739,5.764,654.338,654.552
2740,5.764,654.339,654.552
2741,5.764,654.339,654.552
2742,5.764,654.339,654.552
2743,5.763,654.339,654.552
2744,5.763,654.340,654.552
2745,5.763,654.340,654.552
2746,5.763,654.340,654.553
2747,5.762,654.340,654.552
2748,5.762,654.340,654.553
2749,5.762,654.341,654.553
2750,5.762,654.341,654.553
2751,5.761,654.341,654.553
2752,5.761,654.341,654.553
2753,5.761,654.342,654.553
2754,5.761,654.342,654.553
2755,5.761,654.342,654.553
2756,5.760,654.342,654.554
2757,5.760,654.342,654.553
2758,5.760,654.343,654.554
2759,5.760,654.343,654.553
2760,5.759,654.343,654.554
2761,5.759,654.343,654.554
2762,5.759,654.344,654.554
2763,5.759,654.344,654.554
2764,5.758,654.344,654.554
2765,5.758,654.344,654.554
2766,5.758,654.344,654.554
2767,5.758,654.345,654.554
2768,5.758,654.345,654.555
2769,5.757,654.345,654.554
2770,5.757,654.345,654.555
2771,5.757,654.345,654.554
2772,5.757,654.346,654.555
2773,5.756,654.346,654.555
2774,5.756,654.346,654.555
2775,5.756,654.346,654.555
2776,5.756,654.347,654.555
2777,5.755,654.347,654.555
2778,5.755,654.347,654.555
2779,5.755,654.347,654.555
2780,5.755,654.347,654.556
2781,5.755,654.348,654.555
2782,5.754,654.348,654.556
2783,5.754,654.348,654.556
2784,5.754,654.348,654.556
2785,5.754,654.349,654.556
2786,5.753,654.349,654.556
2787,5.753,654.349,654.556
2788,5.753,654.349,654.556
2789,5.753,654.349,654.556
2790,5.753,654.350,654.556
2791,5.752,654.350,654.556
2792,5.752,654.350,654.557
2793,5.752,654.350,654.556
2794,5.752,654.350,654.557
2795,5.751,654.351,654.557
2796,5.751,654.351,654.557
2797,5.751,654.351,654.557
2798,5.751,654.351,654.557
2799,5.750,654.351,654.557
2800,5.750,654.352,654.557
2801,5.750,654.352,654.557
2802,5.750,654.352,654.558
2803,5.750,654.352,654.557
2804,5.749,654.353,654.558
2805,5.749,654.353,654.557
2806,5.749,654.353,654.558
2807,5.749,654.353,654.558
2808,5.748,654.353,654.558
2809,5.748,654.354,654.558
2810,5.748,654.354,654.558
2811,5.748,654.354,654.558
2812,5.748,654.354,654.558
2813,5.747,654.354,654.558
2814,5.747,654.355,654.559
2815,5.747,654.355,654.558
2816,5.747,654.355,654.559
2817,5.746,654.355,654.558
2818,5.746,654.355,654.559
2819,5.746,654.356,654.559
2820,5.746,654.356,654.559
2821,5.746,654.356,654.559
2822,5.745,654.356,654.559
2823,5.745,654.356,654.559
2824,5.745,654.357,654.559
2825,5.745,654.357,654.559
2826,5.744,654.357,654.560
2827,5.744,654.357,654.559
2828,5.744,654.358,654.560
2829,5.744,654.358,654.559
2830,5.744,654.358,654.560
2831,5.743,654.358,654.560
2832,5.743,654.358,654.560
2833,5.743,654.359,654.560
2834,5.743,654.359,654.560
2835,5.742,654.359,654.560
2836,5.742,654.359,654.560
2837,5.742,654.359,654.560
2838,5.742,654.360,654.561
2839,5.742,654.360,654.560
2840,5.741,654.360,654.561
2841,5.741,654.360,654.560
2842,5.741,654.360,654.561
2843,5.741,654.361,654.561
2844,5.740,654.361,654.561
2845,5.740,654.361,654.561
2846,5.740,654.361,654.561
2847,5.740,654.361,654.561
2848,5.740,654.362,654.561
2849,5.739,654.362,654.561
2850,5.739,654.362,654.561
2851,5.739,654.362,654.561
2852,5.739,654.362,654.562
2853,5.738,654.363,654.561
2854,5.738,654.363,654.562
2855,5.738,654.363,654.562
2856,5.738,654.363,654.562
2857,5.738,654.363,654.562
2858,5.737,654.364,654.562
2859,5.737,654.364,654.562
2860,5.737,654.364,654.562
2861,5.737,654.364,654.562
2862,5.737,654.364,654.562
2863,5.736,654.365,654.562
2864,5.736,654.365,654.563
2865,5.736,654.365,654.562
2866,5.736,654.365,654.563
2867,5.735,654.365,654.563
2868,5.735,654.365,654.563
2869,5.735,654.366,654.563
2870,5.735,654.366,654.563
2871,5.735,654.366,654.563
2872,5.734,654.366,654.563
2873,5.734,654.366,654.563
2874,5.734,654.367,654.563
2875,5.734,654.367,654.563
2876,5.733,654.367,654.564
2877,5.733,654.367,654.563
2878,5.733,654.367,654.564
2879,5.733,654.368,654.563
2880,5.733,654.368,654.564
2881,5.732,654.368,654.564
2882,5.732,654.368,654.564
2883,5.732,654.368,654.564
2884,5.732,654.369,654.564
2885,5.732,654.369,654.564
2886,5.731,654.369,654.564
2887,5.731,654.369,654.564
2888,5.731,654.369,654.565
2889,5.731,654.370,654.564
2890,5.730,654.370,654.565
2891,5.730,654.370,654.564
2892,5.730,654.370,654.565
2893,5.730,654.370,654.565
2894,5.730,654.371,654.565
2895,5.729,654.371,654.565
2896,5.729,654.371,654.565
2897,5.729,654.371,654.565
2898,5.729,654.371,654.565
2899,5.729,654.371,654.565
2900,5.728,654.372,654.565
2901,5.728,654.372,654.565
2902,5.728,654.372,654.566
2903,5.728,654.372,654.565
2904,5.727,654.372,654.566
2905,5.727,654.373,654.565
2906,5.727,654.373,654.566
2907,5.727,654.373,654.566
2908,5.727,654.373,654.566
2909,5.726,654.373,654.566
2910,5.726,654.374,654.566
2911,5.726,654.374,654.566
2912,5.726,654.374,654.566
2913,5.726,654.374,654.566
2914,5.725,654.374,654.566
2915,5.725,654.374,654.566
2916,5.725,654.375,654.567
2917,5.725,654.375,654.566
2918,5.725,654.375,654.567
2919,5.724,654.375,654.567
2920,5.724,654.375,654.567
2921,5.724,654.376,654.567
2922,5.724,654.376,654.567
2923,5.723,654.376,654.567
2924,5.723,654.376,654.567
2925,5.723,654.376,654.567
2926,5.723,654.376,654.567
2927,5.723,654.377,654.567
2928,5.722,654.377,654.568
2929,5.722,654.377,654.567
2930,5.722,654.377,654.568
2931,5.722,654.377,654.567
2932,5.722,654.378,654.568
2933,5.721,654.378,654.568
2934,5.721,654.378,654.568
2935,5.721,654.378,654.568
2936,5.721,654.378,654.568
2937,5.721,654.378,654.568
2938,5.720,654.379,654.568
2939,5.720,654.379,654.568
2940,5.720,654.379,654.568
2941,5.720,654.379,654.568
2942,5.720,654.379,654.569
2943,5.719,654.380,654.568
2944,5.719,654.380,654.569
2945,5.719,654.380,654.568
2946,5.719,654.380,654.569
2947,5.719,654.380,654.569
2948,5.718,654.380,654.569
2949,5.718,654.381,654.569
2950,5.718,654.381,654.569
2951,5.718,654.381,654.569
2952,5.717,654.381,654.569
2953,5.717,654.381,654.569
2954,5.717,654.382,654.569
2955,5.717,654.382,654.569
2956,5.717,654.382,654.570
2957,5.716,654.382,654.569
2958,5.716,654.382,654.570
2959,5.716,654.382,654.569
2960,5.716,654.383,654.570
2961,5.716,654.383,654.570
2962,5.715,654.383,654.570
2963,5.715,654.383,654.570
2964,5.715,654.383,654.570
2965,5.715,654.384,654.570
2966,5.715,654.384,654.570
2967,5.714,654.384,654.570
2968,5.714,654.384,654.570
2969,5.714,654.384,654.570
2970,5.714,654.384,654.571
2971,5.714,654.385,654.570
2972,5.713,654.385,654.571
2973,5.713,654.385,654.570
2974,5.713,654.385,654.571
2975,5.713,654.385,654.571
2976,5.713,654.385,654.571
2977,5.712,654.386,654.571
2978,5.712,654.386,654.571
2979,5.712,654.386,654.571
2980,5.712,654.386,654.571
2981,5.712,654.386,654.571
2982,5.711,654.386,654.571
2983,5.711,654.387,654.571
2984,5.711,654.387,654.572
2985,5.711,654.387,654.571
2986,5.711,654.387,654.572
2987,5.710,654.387,654.571
2988,5.710,654.388,654.572
2989,5.710,654.388,654.572
2990,5.710,654.388,654.572
2991,5.710,654.388,654.572
2992,5.709,654.388,654.572
2993,5.709,654.388,654.572
2994,5.709,654.389,654.572
2995,5.709,654.389,654.572
2996,5.709,654.389,654.572
2997,5.708,654.389,654.572
2998,5.708,654.389,654.573
2999,5.708,654.389,654.572
3000,5.708,654.390,654.573
3001,5.708,654.390,654.573
3002,5.708,654.390,654.573
3003,5.708,654.390,654.573
3004,5.708,654.390,654.573
3005,5.708,654.390,654.573
3006,5.708,654.390,654.573
3007,5.708,654.390,654.573
3008,5.708,654.390,654.573
3009,5.708,654.390,654.573
3010,5.708,654.390,654.573
3011,5.708,654.390,654.573
3012,5.708,654.390,654.573
3013,5.708,654.390,654.573
3014,5.708,654.390,654.573
3015,5.708,654.390,654.573
3016,5.708,654.390,654.573
3017,5.708,654.390,654.573
3018,5.708,654.390,654.573
3019,5.708,654.390,654.573
3020,5.708,654.390,654.573
3021,5.708,654.390,654.573
3022,5.708,654.390,654.573
3023,5.708,654.390,654.573
3024,5.708,654.390,654.573
3025,5.708,654.390,654.573
3026,5.708,654.390,654.573
3027,5.708,654.390,654.573
3028,5.708,654.390,654.573
3029,5.708,654.390,654.573
3030,5.708,654.390,654.573
3031,5.708,654.390,654.573
3032,5.708,654.390,654.573
3033,5.708,654.390,654.573
3034,5.708,654.390,654.573
3035,5.708,654.390,654.573
3036,5.708,654.390,654.573
3037,5.708,654.390,654.573
3038,5.708,654.390,654.573
3039,5.708,654.390,654.573
3040,5.708,654.390,654.573
3041,5.708,654.390,654.573
3042,5.708,654.390,654.573
3043,5.708,654.390,654.573
3044,5.708,654.390,654.573
3045,5.708,654.390,654.573
3046,5.708,654.390,654.573
3047,5.708,654.390,654.573
3048,5.708,654.390,654.573
3049,5.708,654.390,654.573
3050,5.708,654.390,654.573
3051,5.708,654.390,654.573
3052,5.708,654.390,654.573
3053,5.708,654.390,654.573
3054,5.708,654.390,654.573
3055,5.708,654.390,654.573
3056,5.708,654.390,654.573
3057,5.708,654.390,654.573
3058,5.708,654.390,654.573
3059,5.708,654.390,654.573
3060,5.708,654.390,654.573
3061,5.708,654.390,654.573
3062,5.708,654.390,654.573
3063,5.708,654.390,654.573
3064,5.708,654.390,654.573
3065,5.708,654.390,654.573
3066,5.708,654.390,654.573
3067,5.708,654.390,654.573
3068,5.708,654.390,654.573
3069,5.708,654.390,654.573
3070,5.708,654.390,654.573
3071,5.708,654.390,654.573
3072,5.708,654.390,654.573
3073,5.708,654.390,654.573
3074,5.708,654.390,654.573
3075,5.708,654.390,654.573
3076,5.708,654.390,654.573
3077,5.708,654.390,654.573
3078,5.708,654.390,654.573
3079,5.708,654.390,654.573
3080,5.708,654.390,654.573
3081,5.708,654.390,654.573
3082,5.708,654.390,654.573
3083,5.708,654.390,654.573
3084,5.708,654.390,654.573
3085,5.708,654.390,654.573
3086,5.708,654.390,654.573
3087,5.708,654.390,654.573
3088,5.708,654.390,654.573
3089,5.708,654.390,654.573
3090,5.708,654.390,654.573
3091,5.708,654.390,654.573
3092,5.708,654.390,654.573
3093,5.708,654.390,654.573
3094,5.708,654.390,654.573
3095,5.708,654.390,654.573
3096,5.708,654.390,654.573
3097,5.708,654.390,654.573
3098,5.708,654.390,654.573
3099,5.708,654.390,654.573
3100,5.708,654.390,654.573
3101,5.708,654.390,654.573
3102,5.708,654.390,654.573
3103,5.708,654.390,654.573
3104,5.708,654.390,654.573
3105,5.708,654.390,654.573
3106,5.708,654.390,654.573
3107,5.708,654.390,654.573
3108,5.708,654.390,654.573
3109,5.708,654.390,654.573
3110,5.708,654.390,654.573
3111,5.708,654.390,654.573
3112,5.708,654.390,654.573
3113,5.708,654.390,654.573
3114,5.708,654.390,654.573
3115,5.708,654.390,654.573
3116,5.708,654.390,654.573
3117,5.708,654.390,654.573
3118,5.708,654.390,654.573
3119,5.708,654.390,654.573
3120,5.708,654.390,654.573
3121,5.708,654.390,654.573
3122,5.708,654.390,654.573
3123,5.708,654.390,654.573
3124,5.708,654.390,654.573
3125,5.708,654.390,654.573
3126,5.708,654.390,654.573
3127,5.708,654.390,654.573
3128,5.708,654.390,654.573
3129,5.708,654.390,654.573
3130,5.708,654.390,654.573
3131,5.708,654.390,654.573
3132,5.708,654.390,654.573
3133,5.708,654.390,654.573
3134,5.708,654.390,654.573
3135,5.708,654.390,654.573
3136,5.708,654.390,654.573
3137,5.708,654.390,654.573
3138,5.708,654.390,654.573
3139,5.708,654.390,654.573
3140,5.708,654.390,654.573
3141,5.708,654.390,654.573
3142,5.708,654.390,654.573
3143,5.708,654.390,654.573
3144,5.708,654.390,654.573
3145,5.708,654.390,654.573
3146,5.708,654.390,654.573
3147,5.708,654.390,654.573
3148,5.708,654.390,654.573
3149,5.708,654.390,654.573
3150,5.708,654.390,654.573
3151,5.708,654.390,654.573
3152,5.708,654.390,654.573
3153,5.708,654.390,654.573
3154,5.708,654.390,654.573
3155,5.708,654.390,654.573
3156,5.708,654.390,654.573
3157,5.708,654.390,654.573
3158,5.708,654.390,654.573
3159,5.708,654.390,654.573
3160,5.708,654.390,654.573
3161,5.708,654.390,654.573
3162,5.708,654.390,654.573
3163,5.708,654.390,654.573
3164,5.708,654.390,654.573
3165,5.708,654.390,654.573
3166,5.708,654.390,654.573
3167,5.708,654.390,654.573
3168,5.708,654.390,654.573
3169,5.708,654.390,654.573
3170,5.708,654.390,654.573
3171,5.708,654.390,654.573
3172,5.708,654.390,654.573
3173,5.708,654.390,654.573
3174,5.708,654.390,654.573
3175,5.708,654.390,654.573
3176,5.708,654.390,654.573
3177,5.708,654.390,654.573
3178,5.708,654.390,654.573
3179,5.708,654.390,654.573
3180,5.708,654.390,654.573
3181,5.708,654.390,654.573
3182,5.708,654.390,654.573
3183,5.708,654.390,654.573
3184,5.708,654.390,654.573
3185,5.708,654.390,654.573
3186,5.708,654.390,654.573
3187,5.708,654.390,654.573
3188,5.708,654.390,654.573
3189,5.708,654.390,654.573
3190,5.708,654.390,654.573
3191,5.708,654.390,654.573
3192,5.708,654.390,654.573
3193,5.708,654.390,654.573
3194,5.708,654.390,654.573
3195,5.708,654.390,654.573
3196,5.708,654.390,654.573
3197,5.708,654.390,654.573
3198,5.708,654.390,654.573
3199,5.708,654.390,654.573
3200,5.708,654.390,654.573
3201,5.708,654.390,654.573
3202,5.708,654.390,654.573
3203,5.708,654.390,654.573
3204,5.708,654.390,654.573
3205,5.708,654.390,654.573
3206,5.708,654.390,654.573
3207,5.708,654.390,654.573
3208,5.708,654.390,654.573
3209,5.708,654.390,654.573
3210,5.708,654.390,654.573
3211,5.708,654.390,654.573
3212,5.708,654.390,654.573
3213,5.708,654.390,654.573
3214,5.708,654.390,654.573
3215,5.708,654.390,654.573
3216,5.708,654.390,654.573
3217,5.708,654.390,654.573
3218,5.708,654.390,654.573
3219,5.708,654.390,654.573
3220,5.708,654.390,654.573
3221,5.708,654.390,654.573
3222,5.708,654.390,654.573
3223,5.708,654.390,654.573
3224,5.708,654.390,654.573
3225,5.708,654.390,654.573
3226,5.708,654.390,654.573
3227,5.708,654.390,654.573
3228,5.708,654.390,654.573
3229,5.708,654.390,654.573
3230,5.708,654.390,654.573
3231,5.708,654.390,654.573
3232,5.708,654.390,654.573
3233,5.708,654.390,654.573
3234,5.708,654.390,654.573
3235,5.708,654.390,654.573
3236,5.708,654.390,654.573
3237,5.708,654.390,654.573
3238,5.708,654.390,654.573
3239,5.708,654.390,654.573
3240,5.708,654.390,654.573
3241,5.708,654.390,654.573
3242,5.708,654.390,654.573
3243,5.708,654.390,654.573
3244,5.708,654.390,654.573
3245,5.708,654.390,654.573
3246,5.708,654.390,654.573
3247,5.708,654.390,654.573
3248,5.708,654.390,654.573
3249,5.708,654.390,654.573
3250,5.708,654.390,654.573
3251,5.708,654.390,654.573
3252,5.708,654.390,654.573
3253,5.708,654.390,654.573
3254,5.708,654.390,654.573
3255,5.708,654.390,654.573
3256,5.708,654.390,654.573
3257,5.708,654.390,654.573
3258,5.708,654.390,654.573
3259,5.708,654.390,654.573
3260,5.708,654.390,654.573
3261,5.708,654.390,654.573
3262,5.708,654.390,654.573
3263,5.708,654.390,654.573
3264,5.708,654.390,654.573
3265,5.708,654.390,654.573
3266,5.708,654.390,654.573
3267,5.708,654.390,654.573
3268,5.708,654.390,654.573
3269,5.708,654.390,654.573
3270,5.708,654.390,654.573
3271,5.708,654.390,654.573
3272,5.708,654.390,654.573
3273,5.708,654.390,654.573
3274,5.708,654.390,654.573
3275,5.708,654.390,654.573
3276,5.708,654.390,654.573
3277,5.708,654.390,654.573
3278,5.708,654.390,654.573
3279,5.708,654.390,654.573
3280,5.708,654.390,654.573
3281,5.708,654.390,654.573
3282,5.708,654.390,654.573
3283,5.708,654.390,654.573
3284,5.708,654.390,654.573
3285,5.708,654.390,654.573
3286,5.708,654.390,654.573
3287,5.708,654.390,654.573
3288,5.708,654.390,654.573
3289,5.708,654.390,654.573
3290,5.708,654.390,654.573
3291,5.708,654.390,654.573
3292,5.708,654.390,654.573
3293,5.708,654.390,654.573
3294,5.708,654.390,654.573
3295,5.708,654.390,654.573
3296,5.708,654.390,654.573
3297,5.708,654.390,654.573
3298,5.708,654.390,654.573
3299,5.708,654.390,654.573
3300,5.708,654.390,654.573
3301,5.708,654.390,654.573
3302,5.708,654.390,654.573
3303,5.708,654.390,654.573
3304,5.708,654.390,654.573
3305,5.708,654.390,654.573
3306,5.708,654.390,654.573
3307,5.708,654.390,654.573
3308,5.708,654.390,654.573
3309,5.708,654.390,654.573
3310,5.708,654.390,654.573
3311,5.708,654.390,654.573
3312,5.708,654.390,654.573
3313,5.708,654.390,654.573
3314,5.708,654.390,654.573
3315,5.708,654.390,654.573
3316,5.708,654.390,654.573
3317,5.708,654.390,654.573
3318,5.708,654.390,654.573
3319,5.708,654.390,654.573
3320,5.708,654.390,654.573
3321,5.708,654.390,654.573
3322,5.708,654.390,654.573
3323,5.708,654.390,654.573
3324,5.708,654.390,654.573
3325,5.708,654.390,654.573
3326,5.708,654.390,654.573
3327,5.708,654.390,654.573
3328,5.708,654.390,654.573
3329,5.708,654.390,654.573
3330,5.708,654.390,654.573
3331,5.708,654.390,654.573
3332,5.708,654.390,654.573
3333,5.708,654.390,654.573
3334,5.708,654.390,654.573
3335,5.708,654.390,654.573
3336,5.708,654.390,654.573
3337,5.708,654.390,654.573
3338,5.708,654.390,654.573
3339,5.708,654.390,654.573
3340,5.708,654.390,654.573
3341,5.708,654.390,654.573
3342,5.708,654.390,654.573
3343,5.708,654.390,654.573
3344,5.708,654.390,654.573
3345,5.708,654.390,654.573
3346,5.708,654.390,654.573
3347,5.708,654.390,654.573
3348,5.708,654.390,654.573
3349,5.708,654.390,654.573
3350,5.708,654.390,654.573
3351,5.708,654.390,654.573
3352,5.708,654.390,654.573
3353,5.708,654.390,654.573
3354,5.708,654.390,654.573
3355,5.708,654.390,654.573
3356,5.708,654.390,654.573
3357,5.708,654.390,654.573
3358,5.708,654.390,654.573
3359,5.708,654.390,654.573
3360,5.708,654.390,654.573
3361,5.708,654.390,654.573
3362,5.708,654.390,654.573
3363,5.708,654.390,654.573
3364,5.708,654.390,654.573
3365,5.708,654.390,654.573
3366,5.708,654.390,654.573
3367,5.708,654.390,654.573
3368,5.708,654.390,654.573
3369,5.708,654.390,654.573
3370,5.708,654.390,654.573
3371,5.708,654.390,654.573
3372,5.708,654.390,654.573
3373,5.708,654.390,654.573
3374,5.708,654.390,654.573
3375,5.708,654.390,654.573
3376,5.708,654.390,654.573
3377,5.708,654.390,654.573
3378,5.708,654.390,654.573
3379,5.708,654.390,654.573
3380,5.708,654.390,654.573
3381,5.708,654.390,654.573
3382,5.708,654.390,654.573
3383,5.708,654.390,654.573
3384,5.708,654.390,654.573
3385,5.708,654.390,654.573
3386,5.708,654.390,654.573
3387,5.708,654.390,654.573
3388,5.708,654.390,654.573
3389,5.708,654.390,654.573
3390,5.708,654.390,654.573
3391,5.708,654.390,654.573
3392,5.708,654.390,654.573
3393,5.708,654.390,654.573
3394,5.708,654.390,654.573
3395,5.708,654.390,654.573
3396,5.708,654.390,654.573
3397,5.708,654.390,654.573
3398,5.708,654.390,654.573
3399,5.708,654.390,654.573
3400,5.708,654.390,654.573
3401,5.708,654.390,654.573
3402,5.708,654.390,654.573
3403,5.708,654.390,654.573
3404,5.708,654.390,654.573
3405,5.708,654.390,654.573
3406,5.708,654.390,654.573
3407,5.708,654.390,654.573
3408,5.708,654.390,654.573
3409,5.708,654.390,654.573
3410,5.708,654.390,654.573
3411,5.708,654.390,654.573
3412,5.708,654.390,654.573
3413,5.708,654.390,654.573
3414,5.708,654.390,654.573
3415,5.708,654.390,654.573
3416,5.708,654.390,654.573
3417,5.708,654.390,654.573
3418,5.708,654.390,654.573
3419,5.708,654.390,654.573
3420,5.708,654.390,654.573
3421,5.708,654.390,654.573
3422,5.708,654.390,654.573
3423,5.708,654.390,654.573
3424,5.708,654.390,654.573
3425,5.708,654.390,654.573
3426,5.708,654.390,654.573
3427,5.708,654.390,654.573
3428,5.708,654.390,654.573
3429,5.708,654.390,654.573
3430,5.708,654.390,654.573
3431,5.708,654.390,654.573
3432,5.708,654.390,654.573
3433,5.708,654.390,654.573
3434,5.708,654.390,654.573
3435,5.708,654.390,654.573
3436,5.708,654.390,654.573
3437,5.708,654.390,654.573
3438,5.708,654.390,654.573
3439,5.708,654.390,654.573
3440,5.708,654.390,654.573
3441,5.708,654.390,654.573
3442,5.708,654.390,654.573
3443,5.708,654.390,654.573
3444,5.708,654.390,654.573
3445,5.708,654.390,654.573
3446,5.708,654.390,654.573
3447,5.708,654.390,654.573
3448,5.708,654.390,654.573
3449,5.708,654.390,654.573
3450,5.708,654.390,654.573
3451,5.708,654.390,654.573
3452,5.708,654.390,654.573
3453,5.708,654.390,654.573
3454,5.708,654.390,654.573
3455,5.708,654.390,654.573
3456,5.708,654.390,654.573
3457,5.708,654.390,654.573
3458,5.708,654.390,654.573
3459,5.708,654.390,654.573
3460,5.708,654.390,654.573
3461,5.708,654.390,654.573
3462,5.708,654.390,654.573
3463,5.708,654.390,654.573
3464,5.708,654.390,654.573
3465,5.708,654.390,654.573
3466,5.708,654.390,654.573
3467,5.708,654.390,654.573
3468,5.708,654.390,654.573
3469,5.708,654.390,654.573
3470,5.708,654.390,654.573
3471,5.708,654.390,654.573
3472,5.708,654.390,654.573
3473,5.708,654.390,654.573
3474,5.708,654.390,654.573
3475,5.708,654.390,654.573
3476,5.708,654.390,654.573
3477,5.708,654.390,654.573
3478,5.708,654.390,654.573
3479,5.708,654.390,654.573
3480,5.708,654.390,654.573
3481,5.708,654.390,654.573
3482,5.708,654.390,654.573
3483,5.708,654.390,654.573
3484,5.708,654.390,654.573
3485,5.708,654.390,654.573
3486,5.708,654.390,654.573
3487,5.708,654.390,654.573
3488,5.708,654.390,654.573
3489,5.708,654.390,654.573
3490,5.708,654.390,654.573
3491,5.708,654.390,654.573
3492,5.708,654.390,654.573
3493,5.708,654.390,654.573
3494,5.708,654.390,654.573
3495,5.708,654.390,654.573
3496,5.708,654.390,654.573
3497,5.708,654.390,654.573
3498,5.708,654.390,654.573
3499,5.708,654.390,654.573
3500,5.708,654.390,654.573
3501,5.708,654.390,654.573
3502,5.708,654.390,654.573
3503,5.708,654.390,654.573
3504,5.708,654.390,654.573
3505,5.708,654.390,654.573
3506,5.708,654.390,654.573
3507,5.708,654.390,654.573
3508,5.708,654.390,654.573
3509,5.708,654.390,654.573
3510,5.708,654.390,654.573
3511,5.708,654.390,654.573
3512,5.708,654.390,654.573
3513,5.708,654.390,654.573
3514,5.708,654.390,654.573
3515,5.708,654.390,654.573
3516,5.708,654.390,654.573
3517,5.708,654.390,654.573
3518,5.708,654.390,654.573
3519,5.708,654.390,654.573
3520,5.708,654.390,654.573
3521,5.708,654.390,654.573
3522,5.708,654.390,654.573
3523,5.708,654.390,654.573
3524,5.708,654.390,654.573
3525,5.708,654.390,654.573
3526,5.708,654.390,654.573
3527,5.708,654.390,654.573
3528,5.708,654.390,654.573
3529,5.708,654.390,654.573
3530,5.708,654.390,654.573
3531,5.708,654.390,654.573
3532,5.708,654.390,654.573
3533,5.708,654.390,654.573
3534,5.708,654.390,654.573
3535,5.708,654.390,654.573
3536,5.708,654.390,654.573
3537,5.708,654.390,654.573
3538,5.708,654.390,654.573
3539,5.708,654.390,654.573
3540,5.708,654.390,654.573
3541,5.708,654.390,654.573
3542,5.708,654.390,654.573
3543,5.708,654.390,654.573
3544,5.708,654.390,654.573
3545,5.708,654.390,654.573
3546,5.708,654.390,654.573
3547,5.708,654.390,654.573
3548,5.708,654.390,654.573
3549,5.708,654.390,654.573
3550,5.708,654.390,654.573
3551,5.708,654.390,654.573
3552,5.708,654.390,654.573
3553,5.708,654.390,654.573
3554,5.708,654.390,654.573
3555,5.708,654.390,654.573
3556,5.708,654.390,654.573
3557,5.708,654.390,654.573
3558,5.708,654.390,654.573
3559,5.708,654.390,654.573
3560,5.708,654.390,654.573
3561,5.708,654.390,654.573
3562,5.708,654.390,654.573
3563,5.708,654.390,654.573
3564,5.708,654.390,654.573
3565,5.708,654.390,654.573
3566,5.708,654.390,654.573
3567,5.708,654.390,654.573
3568,5.708,654.390,654.573
3569,5.708,654.390,654.573
3570,5.708,654.390,654.573
3571,5.708,654.390,654.573
3572,5.708,654.390,654.573
3573,5.708,654.390,654.573
3574,5.708,654.390,654.573
3575,5.708,654.390,654.573
3576,5.708,654.390,654.573
3577,5.708,654.390,654.573
3578,5.708,654.390,654.573
3579,5.708,654.390,654.573
3580,5.708,654.390,654.573
3581,5.708,654.390,654.573
3582,5.708,654.390,654.573
3583,5.708,654.390,654.573
3584,5.708,654.390,654.573
3585,5.708,654.390,654.573
3586,5.708,654.390,654.573
3587,5.708,654.390,654.573
3588,5.708,654.390,654.573
3589,5.708,654.390,654.573
3590,5.708,654.390,654.573
3591,5.708,654.390,654.573
3592,5.708,654.390,654.573
3593,5.708,654.390,654.573
3594,5.708,654.390,654.573
3595,5.708,654.390,654.573
3596,5.708,654.390,654.573
3597,5.708,654.390,654.573
3598,5.708,654.390,654.573
3599,5.708,654.390,654.573
3600,5.708,654.390,654.573
3601,5.708,654.390,654.573
3602,5.708,654.390,654.573
3603,5.708,654.390,654.573
3604,5.708,654.390,654.573
3605,5.708,654.390,654.573
3606,5.708,654.390,654.573
3607,5.708,654.390,654.573
3608,5.708,654.390,654.573
3609,5.708,654.390,654.573
3610,5.708,654.390,654.573
3611,5.708,654.390,654.573
3612,5.708,654.390,654.573
3613,5.708,654.390,654.573
3614,5.708,654.390,654.573
3615,5.708,654.390,654.573
3616,5.708,654.390,654.573
3617,5.708,654.390,654.573
3618,5.708,654.390,654.573
3619,5.708,654.390,654.573
3620,5.708,654.390,654.573
3621,5.708,654.390,654.573
3622,5.708,654.390,654.573
3623,5.708,654.390,654.573
3624,5.708,654.390,654.573
3625,5.708,654.390,654.573
3626,5.708,654.390,654.573
3627,5.708,654.390,654.573
3628,5.708,654.390,654.573
3629,5.708,654.390,654.573
3630,5.708,654.390,654.573
3631,5.708,654.390,654.573
3632,5.708,654.390,654.573
3633,5.708,654.390,654.573
3634,5.708,654.390,654.573
3635,5.708,654.390,654.573
3636,5.708,654.390,654.573
3637,5.708,654.390,654.573
3638,5.708,654.390,654.573
3639,5.708,654.390,654.573
3640,5.708,654.390,654.573
3641,5.708,654.390,654.573
3642,5.708,654.390,654.573
3643,5.708,654.390,654.573
3644,5.708,654.390,654.573
3645,5.708,654.390,654.573
3646,5.708,654.390,654.573
3647,5.708,654.390,654.573
3648,5.708,654.390,654.573
3649,5.708,654.390,654.573
3650,5.708,654.390,654.573
3651,5.708,654.390,654.573
3652,5.708,654.390,654.573
3653,5.708,654.390,654.573
3654,5.708,654.390,654.573
3655,5.708,654.390,654.573
3656,5.708,654.390,654.573
3657,5.708,654.390,654.573
3658,5.708,654.390,654.573
3659,5.708,654.390,654.573
3660,5.708,654.390,654.573
3661,5.708,654.390,654.573
3662,5.708,654.390,654.573
3663,5.708,654.390,654.573
3664,5.708,654.390,654.573
3665,5.708,654.390,654.573
3666,5.708,654.390,654.573
3667,5.708,654.390,654.573
3668,5.708,654.390,654.573
3669,5.708,654.390,654.573
3670,5.708,654.390,654.573
3671,5.708,654.390,654.573
3672,5.708,654.390,654.573
3673,5.708,654.390,654.573
3674,5.708,654.390,654.573
3675,5.708,654.390,654.573
3676,5.708,654.390,654.573
3677,5.708,654.390,654.573
3678,5.708,654.390,654.573
3679,5.708,654.390,654.573
3680,5.708,654.390,654.573
3681,5.708,654.390,654.573
3682,5.708,654.390,654.573
3683,5.708,654.390,654.573
3684,5.708,654.390,654.573
3685,5.708,654.390,654.573
3686,5.708,654.390,654.573
3687,5.708,654.390,654.573
3688,5.708,654.390,654.573
3689,5.708,654.390,654.573
3690,5.708,654.390,654.573
3691,5.708,654.390,654.573
3692,5.708,654.390,654.573
3693,5.708,654.390,654.573
3694,5.708,654.390,654.573
3695,5.708,654.390,654.573
3696,5.708,654.390,654.573
3697,5.708,654.390,654.573
3698,5.708,654.390,654.573
3699,5.708,654.390,654.573
3700,5.708,654.390,654.573
3701,5.708,654.390,654.573
3702,5.708,654.390,654.573
3703,5.708,654.390,654.573
3704,5.708,654.390,654.573
3705,5.708,654.390,654.573
3706,5.708,654.390,654.573
3707,5.708,654.390,654.573
3708,5.708,654.390,654.573
3709,5.708,654.390,654.573
3710,5.708,654.390,654.573
3711,5.708,654.390,654.573
3712,5.708,654.390,654.573
3713,5.708,654.390,654.573
3714,5.708,654.390,654.573
3715,5.708,654.390,654.573
3716,5.708,654.390,654.573
3717,5.708,654.390,654.573
3718,5.708,654.390,654.573
3719,5.708,654.390,654.573
3720,5.708,654.390,654.573
3721,5.708,654.390,654.573
3722,5.708,654.390,654.573
3723,5.708,654.390,654.573
3724,5.708,654.390,654.573
3725,5.708,654.390,654.573
3726,5.708,654.390,654.573
3727,5.708,654.390,654.573
3728,5.708,654.390,654.573
3729,5.708,654.390,654.573
3730,5.708,654.390,654.573
3731,5.708,654.390,654.573
3732,5.708,654.390,654.573
3733,5.708,654.390,654.573
3734,5.708,654.390,654.573
3735,5.708,654.390,654.573
3736,5.708,654.390,654.573
3737,5.708,654.390,654.573
3738,5.708,654.390,654.573
3739,5.708,654.390,654.573
3740,5.708,654.390,654.573
3741,5.708,654.390,654.573
3742,5.708,654.390,654.573
3743,5.708,654.390,654.573
3744,5.708,654.390,654.573
3745,5.708,654.390,654.573
3746,5.708,654.390,654.573
3747,5.708,654.390,654.573
3748,5.708,654.390,654.573
3749,5.708,654.390,654.573
3750,5.708,654.390,654.573
3751,5.708,654.390,654.573
3752,5.708,654.390,654.573
3753,5.708,654.390,654.573
3754,5.708,654.390,654.573
3755,5.708,654.390,654.573
3756,5.708,654.390,654.573
3757,5.708,654.390,654.573
3758,5.708,654.390,654.573
3759,5.708,654.390,654.573
3760,5.708,654.390,654.573
3761,5.708,654.390,654.573
3762,5.708,654.390,654.573
3763,5.708,654.390,654.573
3764,5.708,654.390,654.573
3765,5.708,654.390,654.573
3766,5.708,654.390,654.573
3767,5.708,654.390,654.573
3768,5.708,654.390,654.573
3769,5.708,654.390,654.573
3770,5.708,654.390,654.573
3771,5.708,654.390,654.573
3772,5.708,654.390,654.573
3773,5.708,654.390,654.573
3774,5.708,654.390,654.573
3775,5.708,654.390,654.573
3776,5.708,654.390,654.573
3777,5.708,654.390,654.573
3778,5.708,654.390,654.573
3779,5.708,654.390,654.573
3780,5.708,654.390,654.573
3781,5.708,654.390,654.573
3782,5.708,654.390,654.573
3783,5.708,654.390,654.573
3784,5.708,654.390,654.573
3785,5.708,654.390,654.573
3786,5.708,654.390,654.573
3787,5.708,654.390,654.573
3788,5.708,654.390,654.573
3789,5.708,654.390,654.573
3790,5.708,654.390,654.573
3791,5.708,654.390,654.573
3792,5.708,654.390,654.573
3793,5.708,654.390,654.573
3794,5.708,654.390,654.573
3795,5.708,654.390,654.573
3796,5.708,654.390,654.573
3797,5.708,654.390,654.573
3798,5.708,654.390,654.573
3799,5.708,654.390,654.573
3800,5.708,654.390,654.573
3801,5.708,654.390,654.573
3802,5.708,654.390,654.573
3803,5.708,654.390,654.573
3804,5.708,654.390,654.573
3805,5.708,654.390,654.573
3806,5.708,654.390,654.573
3807,5.708,654.390,654.573
3808,5.708,654.390,654.573
3809,5.708,654.390,654.573
3810,5.708,654.390,654.573
3811,5.708,654.390,654.573
3812,5.708,654.390,654.573
3813,5.708,654.390,654.573
3814,5.708,654.390,654.573
3815,5.708,654.390,654.573
3816,5.708,654.390,654.573
3817,5.708,654.390,654.573
3818,5.708,654.390,654.573
3819,5.708,654.390,654.573
3820,5.708,654.390,654.573
3821,5.708,654.390,654.573
3822,5.708,654.390,654.573
3823,5.708,654.390,654.573
3824,5.708,654.390,654.573
3825,5.708,654.390,654.573
3826,5.708,654.390,654.573
3827,5.708,654.390,654.573
3828,5.708,654.390,654.573
3829,5.708,654.390,654.573
3830,5.708,654.390,654.573
3831,5.708,654.390,654.573
3832,5.708,654.390,654.573
3833,5.708,654.390,654.573
3834,5.708,654.390,654.573
3835,5.708,654.390,654.573
3836,5.708,654.390,654.573
3837,5.708,654.390,654.573
3838,5.708,654.390,654.573
3839,5.708,654.390,654.573
3840,5.708,654.390,654.573
3841,5.708,654.390,654.573
3842,5.708,654.390,654.573
3843,5.708,654.390,654.573
3844,5.708,654.390,654.573
3845,5.708,654.390,654.573
3846,5.708,654.390,654.573
3847,5.708,654.390,654.573
3848,5.708,654.390,654.573
3849,5.708,654.390,654.573
3850,5.708,654.390,654.573
3851,5.708,654.390,654.573
3852,5.708,654.390,654.573
3853,5.708,654.390,654.573
3854,5.708,654.390,654.573
3855,5.708,654.390,654.573
3856,5.708,654.390,654.573
3857,5.708,654.390,654.573
3858,5.708,654.390,654.573
3859,5.708,654.390,654.573
3860,5.708,654.390,654.573
3861,5.708,654.390,654.573
3862,5.708,654.390,654.573
3863,5.708,654.390,654.573
3864,5.708,654.390,654.573
3865,5.708,654.390,654.573
3866,5.708,654.390,654.573
3867,5.708,654.390,654.573
3868,5.708,654.390,654.573
3869,5.708,654.390,654.573
3870,5.708,654.390,654.573
3871,5.708,654.390,654.573
3872,5.708,654.390,654.573
3873,5.708,654.390,654.573
3874,5.708,654.390,654.573
3875,5.708,654.390,654.573
3876,5.708,654.390,654.573
3877,5.708,654.390,654.573
3878,5.708,654.390,654.573
3879,5.708,654.390,654.573
3880,5.708,654.390,654.573
3881,5.708,654.390,654.573
3882,5.708,654.390,654.573
3883,5.708,654.390,654.573
3884,5.708,654.390,654.573
3885,5.708,654.390,654.573
3886,5.708,654.390,654.573
3887,5.708,654.390,654.573
3888,5.708,654.390,654.573
3889,5.708,654.390,654.573
3890,5.708,654.390,654.573
3891,5.708,654.390,654.573
3892,5.708,654.390,654.573
3893,5.708,654.390,654.573
3894,5.708,654.390,654.573
3895,5.708,654.390,654.573
3896,5.708,654.390,654.573
3897,5.708,654.390,654.573
3898,5.708,654.390,654.573
3899,5.708,654.390,654.573
3900,5.708,654.390,654.573
3901,5.708,654.390,654.573
3902,5.708,654.390,654.573
3903,5.708,654.390,654.573
3904,5.708,654.390,654.573
3905,5.708,654.390,654.573
3906,5.708,654.390,654.573
3907,5.708,654.390,654.573
3908,5.708,654.390,654.573
3909,5.708,654.390,654.573
3910,5.708,654.390,654.573
3911,5.708,654.390,654.573
3912,5.708,654.390,654.573
3913,5.708,654.390,654.573
3914,5.708,654.390,654.573
3915,5.708,654.390,654.573
3916,5.708,654.390,654.573
3917,5.708,654.390,654.573
3918,5.708,654.390,654.573
3919,5.708,654.390,654.573
3920,5.708,654.390,654.573
3921,5.708,654.390,654.573
3922,5.708,654.390,654.573
3923,5.708,654.390,654.573
3924,5.708,654.390,654.573
3925,5.708,654.390,654.573
3926,5.708,654.390,654.573
3927,5.708,654.390,654.573
3928,5.708,654.390,654.573
3929,5.708,654.390,654.573
3930,5.708,654.390,654.573
3931,5.708,654.390,654.573
3932,5.708,654.390,654.573
3933,5.708,654.390,654.573
3934,5.708,654.390,654.573
3935,5.708,654.390,654.573
3936,5.708,654.390,654.573
3937,5.708,654.390,654.573
3938,5.708,654.390,654.573
3939,5.708,654.390,654.573
3940,5.708,654.390,654.573
3941,5.708,654.390,654.573
3942,5.708,654.390,654.573
3943,5.708,654.390,654.573
3944,5.708,654.390,654.573
3945,5.708,654.390,654.573
3946,5.708,654.390,654.573
3947,5.708,654.390,654.573
3948,5.708,654.390,654.573
3949,5.708,654.390,654.573
3950,5.708,654.390,654.573
3951,5.708,654.390,654.573
3952,5.708,654.390,654.573
3953,5.708,654.390,654.573
3954,5.708,654.390,654.573
3955,5.708,654.390,654.573
3956,5.708,654.390,654.573
3957,5.708,654.390,654.573
3958,5.708,654.390,654.573
3959,5.708,654.390,654.573
3960,5.708,654.390,654.573
3961,5.708,654.390,654.573
3962,5.708,654.390,654.573
3963,5.708,654.390,654.573
3964,5.708,654.390,654.573
3965,5.708,654.390,654.573
3966,5.708,654.390,654.573
3967,5.708,654.390,654.573
3968,5.708,654.390,654.573
3969,5.708,654.390,654.573
3970,5.708,654.390,654.573
3971,5.708,654.390,654.573
3972,5.708,654.390,654.573
3973,5.708,654.390,654.573
3974,5.708,654.390,654.573
3975,5.708,654.390,654.573
3976,5.708,654.390,654.573
3977,5.708,654.390,654.573
3978,5.708,654.390,654.573
3979,5.708,654.390,654.573
3980,5.708,654.390,654.573
3981,5.708,654.390,654.573
3982,5.708,654.390,654.573
3983,5.708,654.390,654.573
3984,5.708,654.390,654.573
3985,5.708,654.390,654.573
3986,5.708,654.390,654.573
3987,5.708,654.390,654.573
3988,5.708,654.390,654.573
3989,5.708,654.390,654.573
3990,5.708,654.390,654.573
3991,5.708,654.390,654.573
3992,5.708,654.390,654.573
3993,5.708,654.390,654.573
3994,5.708,654.390,654.573
3995,5.708,654.390,654.573
3996,5.708,654.390,654.573
3997,5.708,654.390,654.573
3998,5.708,654.390,654.573
3999,5.708,654.390,654.573
4000,5.708,654.390,654.573
4001,5.708,654.390,654.573
4002,5.708,654.390,654.573
4003,5.708,654.390,654.573
4004,5.708,654.390,654.573
4005,5.708,654.390,654.573
4006,5.708,654.390,654.573
4007,5.708,654.390,654.573
4008,5.708,654.390,654.573
4009,5.708,654.390,654.573
4010,5.708,654.390,654.573
4011,5.708,654.390,654.573
4012,5.708,654.390,654.573
4013,5.708,654.390,654.573
4014,5.708,654.390,654.573
4015,5.708,654.390,654.573
4016,5.708,654.390,654.573
4017,5.708,654.390,654.573
4018,5.708,654.390,654.573
4019,5.708,654.390,654.573
4020,5.708,654.390,654.573
4021,5.708,654.390,654.573
4022,5.708,654.390,654.573
4023,5.708,654.390,654.573
4024,5.708,654.390,654.573
4025,5.708,654.390,654.573
4026,5.708,654.390,654.573
4027,5.708,654.390,654.573
4028,5.708,654.390,654.573
4029,5.708,654.390,654.573
4030,5.708,654.390,654.573
4031,5.708,654.390,654.573
4032,5.708,654.390,654.573
4033,5.708,654.390,654.573
4034,5.708,654.390,654.573
4035,5.708,654.390,654.573
4036,5.708,654.390,654.573
4037,5.708,654.390,654.573
4038,5.708,654.390,654.573
4039,5.708,654.390,654.573
4040,5.708,654.390,654.573
4041,5.708,654.390,654.573
4042,5.708,654.390,654.573
4043,5.708,654.390,654.573
4044,5.708,654.390,654.573
4045,5.708,654.390,654.573
4046,5.708,654.390,654.573
4047,5.708,654.390,654.573
4048,5.708,654.390,654.573
4049,5.708,654.390,654.573
4050,5.708,654.390,654.573
4051,5.708,654.390,654.573
4052,5.708,654.390,654.573
4053,5.708,654.390,654.573
4054,5.708,654.390,654.573
4055,5.708,654.390,654.573
4056,5.708,654.390,654.573
4057,5.708,654.390,654.573
4058,5.708,654.390,654.573
4059,5.708,654.390,654.573
4060,5.708,654.390,654.573
4061,5.708,654.390,654.573
4062,5.708,654.390,654.573
4063,5.708,654.390,654.573
4064,5.708,654.390,654.573
4065,5.708,654.390,654.573
4066,5.708,654.390,654.573
4067,5.708,654.390,654.573
4068,5.708,654.390,654.573
4069,5.708,654.390,654.573
4070,5.708,654.390,654.573
4071,5.708,654.390,654.573
4072,5.708,654.390,654.573
4073,5.708,654.390,654.573
4074,5.708,654.390,654.573
4075,5.708,654.390,654.573
4076,5.708,654.390,654.573
4077,5.708,654.390,654.573
4078,5.708,654.390,654.573
4079,5.708,654.390,654.573
4080,5.708,654.390,654.573
4081,5.708,654.390,654.573
4082,5.708,654.390,654.573
4083,5.708,654.390,654.573
4084,5.708,654.390,654.573
4085,5.708,654.390,654.573
4086,5.708,654.390,654.573
4087,5.708,654.390,654.573
4088,5.708,654.390,654.573
4089,5.708,654.390,654.573
4090,5.708,654.390,654.573
4091,5.708,654.390,654.573
4092,5.708,654.390,654.573
4093,5.708,654.390,654.573
4094,5.708,654.390,654.573
4095,5.708,654.390,654.573
4096,5.708,654.390,654.573
4097,5.708,654.390,654.573
4098,5.708,654.390,654.573
4099,5.708,654.390,654.573
4100,5.708,654.390,654.573
4101,5.708,654.390,654.573
4102,5.708,654.390,654.573
4103,5.708,654.390,654.573
4104,5.708,654.390,654.573
4105,5.708,654.390,654.573
4106,5.708,654.390,654.573
4107,5.708,654.390,654.573
4108,5.708,654.390,654.573
4109,5.708,654.390,654.573
4110,5.708,654.390,654.573
4111,5.708,654.390,654.573
4112,5.708,654.390,654.573
4113,5.708,654.390,654.573
4114,5.708,654.390,654.573
4115,5.708,654.390,654.573
4116,5.708,654.390,654.573
4117,5.708,654.390,654.573
4118,5.708,654.390,654.573
4119,5.708,654.390,654.573
4120,5.708,654.390,654.573
4121,5.708,654.390,654.573
4122,5.708,654.390,654.573
4123,5.708,654.390,654.573
4124,5.708,654.390,654.573
4125,5.708,654.390,654.573
4126,5.708,654.390,654.573
4127,5.708,654.390,654.573
4128,5.708,654.390,654.573
4129,5.708,654.390,654.573
4130,5.708,654.390,654.573
4131,5.708,654.390,654.573
4132,5.708,654.390,654.573
4133,5.708,654.390,654.573
4134,5.708,654.390,654.573
4135,5.708,654.390,654.573
4136,5.708,654.390,654.573
4137,5.708,654.390,654.573
4138,5.708,654.390,654.573
4139,5.708,654.390,654.573
4140,5.708,654.390,654.573
4141,5.708,654.390,654.573
4142,5.708,654.390,654.573
4143,5.708,654.390,654.573
4144,5.708,654.390,654.573
4145,5.708,654.390,654.573
4146,5.708,654.390,654.573
4147,5.708,654.390,654.573
4148,5.708,654.390,654.573
4149,5.708,654.390,654.573
4150,5.708,654.390,654.573
4151,5.708,654.390,654.573
4152,5.708,654.390,654.573
4153,5.708,654.390,654.573
4154,5.708,654.390,654.573
4155,5.708,654.390,654.573
4156,5.708,654.390,654.573
4157,5.708,654.390,654.573
4158,5.708,654.390,654.573
4159,5.708,654.390,654.573
4160,5.708,654.390,654.573
4161,5.708,654.390,654.573
4162,5.708,654.390,654.573
4163,5.708,654.390,654.573
4164,5.708,654.390,654.573
4165,5.708,654.390,654.573
4166,5.708,654.390,654.573
4167,5.708,654.390,654.573
4168,5.708,654.390,654.573
4169,5.708,654.390,654.573
4170,5.708,654.390,654.573
4171,5.708,654.390,654.573
4172,5.708,654.390,654.573
4173,5.708,654.390,654.573
4174,5.708,654.390,654.573
4175,5.708,654.390,654.573
4176,5.708,654.390,654.573
4177,5.708,654.390,654.573
4178,5.708,654.390,654.573
4179,5.708,654.390,654.573
4180,5.708,654.390,654.573
4181,5.708,654.390,654.573
4182,5.708,654.390,654.573
4183,5.708,654.390,654.573
4184,5.708,654.390,654.573
4185,5.708,654.390,654.573
4186,5.708,654.390,654.573
4187,5.708,654.390,654.573
4188,5.708,654.390,654.573
4189,5.708,654.390,654.573
4190,5.708,654.390,654.573
4191,5.708,654.390,654.573
4192,5.708,654.390,654.573
4193,5.708,654.390,654.573
4194,5.708,654.390,654.573
4195,5.708,654.390,654.573
4196,5.708,654.390,654.573
4197,5.708,654.390,654.573
4198,5.708,654.390,654.573
4199,5.708,654.390,654.573
4200,5.708,654.390,654.573
4201,5.708,654.390,654.573
4202,5.708,654.390,654.573
4203,5.708,654.390,654.573
4204,5.708,654.390,654.573
4205,5.708,654.390,654.573
4206,5.708,654.390,654.573
4207,5.708,654.390,654.573
4208,5.708,654.390,654.573
4209,5.708,654.390,654.573
4210,5.708,654.390,654.573
4211,5.708,654.390,654.573
4212,5.708,654.390,654.573
4213,5.708,654.390,654.573
4214,5.708,654.390,654.573
4215,5.708,654.390,654.573
4216,5.708,654.390,654.573
4217,5.708,654.390,654.573
4218,5.708,654.390,654.573
4219,5.708,654.390,654.573
4220,5.708,654.390,654.573
4221,5.708,654.390,654.573
4222,5.708,654.390,654.573
4223,5.708,654.390,654.573
4224,5.708,654.390,654.573
4225,5.708,654.390,654.573
4226,5.708,654.390,654.573
4227,5.708,654.390,654.573
4228,5.708,654.390,654.573
4229,5.708,654.390,654.573
4230,5.708,654.390,654.573
4231,5.708,654.390,654.573
4232,5.708,654.390,654.573
4233,5.708,654.390,654.573
4234,5.708,654.390,654.573
4235,5.708,654.390,654.573
4236,5.708,654.390,654.573
4237,5.708,654.390,654.573
4238,5.708,654.390,654.573
4239,5.708,654.390,654.573
4240,5.708,654.390,654.573
4241,5.708,654.390,654.573
4242,5.708,654.390,654.573
4243,5.708,654.390,654.573
4244,5.708,654.390,654.573
4245,5.708,654.390,654.573
4246,5.708,654.390,654.573
4247,5.708,654.390,654.573
4248,5.708,654.390,654.573
4249,5.708,654.390,654.573
4250,5.708,654.390,654.573
4251,5.708,654.390,654.573
4252,5.708,654.390,654.573
4253,5.708,654.390,654.573
4254,5.708,654.390,654.573
4255,5.708,654.390,654.573
4256,5.708,654.390,654.573
4257,5.708,654.390,654.573
4258,5.708,654.390,654.573
4259,5.708,654.390,654.573
4260,5.708,654.390,654.573
4261,5.708,654.390,654.573
4262,5.708,654.390,654.573
4263,5.708,654.390,654.573
4264,5.708,654.390,654.573
4265,5.708,654.390,654.573
4266,5.708,654.390,654.573
4267,5.708,654.390,654.573
4268,5.708,654.390,654.573
4269,5.708,654.390,654.573
4270,5.708,654.390,654.573
4271,5.708,654.390,654.573
4272,5.708,654.390,654.573
4273,5.708,654.390,654.573
4274,5.708,654.390,654.573
4275,5.708,654.390,654.573
4276,5.708,654.390,654.573
4277,5.708,654.390,654.573
4278,5.708,654.390,654.573
4279,5.708,654.390,654.573
4280,5.708,654.390,654.573
4281,5.708,654.390,654.573
4282,5.708,654.390,654.573
4283,5.708,654.390,654.573
4284,5.708,654.390,654.573
4285,5.708,654.390,654.573
4286,5.708,654.390,654.573
4287,5.708,654.390,654.573
4288,5.708,654.390,654.573
4289,5.708,654.390,654.573
4290,5.708,654.390,654.573
4291,5.708,654.390,654.573
4292,5.708,654.390,654.573
4293,5.708,654.390,654.573
4294,5.708,654.390,654.573
4295,5.708,654.390,654.573
4296,5.708,654.390,654.573
4297,5.708,654.390,654.573
4298,5.708,654.390,654.573
4299,5.708,654.390,654.573
4300,5.708,654.390,654.573
4301,5.708,654.390,654.573
4302,5.708,654.390,654.573
4303,5.708,654.390,654.573
4304,5.708,654.390,654.573
4305,5.708,654.390,654.573
4306,5.708,654.390,654.573
4307,5.708,654.390,654.573
4308,5.708,654.390,654.573
4309,5.708,654.390,654.573
4310,5.708,654.390,654.573
4311,5.708,654.390,654.573
4312,5.708,654.390,654.573
4313,5.708,654.390,654.573
4314,5.708,654.390,654.573
4315,5.708,654.390,654.573
4316,5.708,654.390,654.573
4317,5.708,654.390,654.573
4318,5.708,654.390,654.573
4319,5.708,654.390,654.573
4320,5.708,654.390,654.573
4321,5.708,654.390,654.573
4322,5.708,654.390,654.573
4323,5.708,654.390,654.573
4324,5.708,654.390,654.573
4325,5.708,654.390,654.573
4326,5.708,654.390,654.573
4327,5.708,654.390,654.573
4328,5.708,654.390,654.573
4329,5.708,654.390,654.573
4330,5.708,654.390,654.573
4331,5.708,654.390,654.573
4332,5.708,654.390,654.573
4333,5.708,654.390,654.573
4334,5.708,654.390,654.573
4335,5.708,654.390,654.573
4336,5.708,654.390,654.573
4337,5.708,654.390,654.573
4338,5.708,654.390,654.573
4339,5.708,654.390,654.573
4340,5.708,654.390,654.573
4341,5.708,654.390,654.573
4342,5.708,654.390,654.573
4343,5.708,654.390,654.573
4344,5.708,654.390,654.573
4345,5.708,654.390,654.573
4346,5.708,654.390,654.573
4347,5.708,654.390,654.573
4348,5.708,654.390,654.573
4349,5.708,654.390,654.573
4350,5.708,654.390,654.573
4351,5.708,654.390,654.573
4352,5.708,654.390,654.573
4353,5.708,654.390,654.573
4354,5.708,654.390,654.573
4355,5.708,654.390,654.573
4356,5.708,654.390,654.573
4357,5.708,654.390,654.573
4358,5.708,654.390,654.573
4359,5.708,654.390,654.573
4360,5.708,654.390,654.573
4361,5.708,654.390,654.573
4362,5.708,654.390,654.573
4363,5.708,654.390,654.573
4364,5.708,654.390,654.573
4365,5.708,654.390,654.573
4366,5.708,654.390,654.573
4367,5.708,654.390,654.573
4368,5.708,654.390,654.573
4369,5.708,654.390,654.573
4370,5.708,654.390,654.573
4371,5.708,654.390,654.573
4372,5.708,654.390,654.573
4373,5.708,654.390,654.573
4374,5.708,654.390,654.573
4375,5.708,654.390,654.573
4376,5.708,654.390,654.573
4377,5.708,654.390,654.573
4378,5.708,654.390,654.573
4379,5.708,654.390,654.573
4380,5.708,654.390,654.573
4381,5.708,654.390,654.573
4382,5.708,654.390,654.573
4383,5.708,654.390,654.573
4384,5.708,654.390,654.573
4385,5.708,654.390,654.573
4386,5.708,654.390,654.573
4387,5.708,654.390,654.573
4388,5.708,654.390,654.573
4389,5.708,654.390,654.573
4390,5.708,654.390,654.573
4391,5.708,654.390,654.573
4392,5.708,654.390,654.573
4393,5.708,654.390,654.573
4394,5.708,654.390,654.573
4395,5.708,654.390,654.573
4396,5.708,654.390,654.573
4397,5.708,654.390,654.573
4398,5.708,654.390,654.573
4399,5.708,654.390,654.573
4400,5.708,654.390,654.573
4401,5.708,654.390,654.573
4402,5.708,654.390,654.573
4403,5.708,654.390,654.573
4404,5.708,654.390,654.573
4405,5.708,654.390,654.573
4406,5.708,654.390,654.573
4407,5.708,654.390,654.573
4408,5.708,654.390,654.573
4409,5.708,654.390,654.573
4410,5.708,654.390,654.573
4411,5.708,654.390,654.573
4412,5.708,654.390,654.573
4413,5.708,654.390,654.573
4414,5.708,654.390,654.573
4415,5.708,654.390,654.573
4416,5.708,654.390,654.573
4417,5.708,654.390,654.573
4418,5.708,654.390,654.573
4419,5.708,654.390,654.573
4420,5.708,654.390,654.573
4421,5.708,654.390,654.573
4422,5.708,654.390,654.573
4423,5.708,654.390,654.573
4424,5.708,654.390,654.573
4425,5.708,654.390,654.573
4426,5.708,654.390,654.573
4427,5.708,654.390,654.573
4428,5.708,654.390,654.573
4429,5.708,654.390,654.573
4430,5.708,654.390,654.573
4431,5.708,654.390,654.573
4432,5.708,654.390,654.573
4433,5.708,654.390,654.573
4434,5.708,654.390,654.573
4435,5.708,654.390,654.573
4436,5.708,654.390,654.573
4437,5.708,654.390,654.573
4438,5.708,654.390,654.573
4439,5.708,654.390,654.573
4440,5.708,654.390,654.573
4441,5.708,654.390,654.573
4442,5.708,654.390,654.573
4443,5.708,654.390,654.573
4444,5.708,654.390,654.573
4445,5.708,654.390,654.573
4446,5.708,654.390,654.573
4447,5.708,654.390,654.573
4448,5.708,654.390,654.573
4449,5.708,654.390,654.573
4450,5.708,654.390,654.573
4451,5.708,654.390,654.573
4452,5.708,654.390,654.573
4453,5.708,654.390,654.573
4454,5.708,654.390,654.573
4455,5.708,654.390,654.573
4456,5.708,654.390,654.573
4457,5.708,654.390,654.573
4458,5.708,654.390,654.573
4459,5.708,654.390,654.573
4460,5.708,654.390,654.573
4461,5.708,654.390,654.573
4462,5.708,654.390,654.573
4463,5.708,654.390,654.573
4464,5.708,654.390,654.573
4465,5.708,654.390,654.573
4466,5.708,654.390,654.573
4467,5.708,654.390,654.573
4468,5.708,654.390,654.573
4469,5.708,654.390,654.573
4470,5.708,654.390,654.573
4471,5.708,654.390,654.573
4472,5.708,654.390,654.573
4473,5.708,654.390,654.573
4474,5.708,654.390,654.573
4475,5.708,654.390,654.573
4476,5.708,654.390,654.573
4477,5.708,654.390,654.573
4478,5.708,654.390,654.573
4479,5.708,654.390,654.573
4480,5.708,654.390,654.573
4481,5.708,654.390,654.573
4482,5.708,654.390,654.573
4483,5.708,654.390,654.573
4484,5.708,654.390,654.573
4485,5.708,654.390,654.573
4486,5.708,654.390,654.573
4487,5.708,654.390,654.573
4488,5.708,654.390,654.573
4489,5.708,654.390,654.573
4490,5.708,654.390,654.573
4491,5.708,654.390,654.573
4492,5.708,654.390,654.573
4493,5.708,654.390,654.573
4494,5.708,654.390,654.573
4495,5.708,654.390,654.573
4496,5.708,654.390,654.573
4497,5.708,654.390,654.573
4498,5.708,654.390,654.573
4499,5.708,654.390,654.573
4500,5.708,654.390,654.573
4501,5.708,654.390,654.573
4502,5.708,654.390,654.573
4503,5.708,654.390,654.573
4504,5.708,654.390,654.573
4505,5.708,654.390,654.573
4506,5.708,654.390,654.573
4507,5.708,654.390,654.573
4508,5.708,654.390,654.573
4509,5.708,654.390,654.573
4510,5.708,654.390,654.573
4511,5.708,654.390,654.573
4512,5.708,654.390,654.573
4513,5.708,654.390,654.573
4514,5.708,654.390,654.573
4515,5.708,654.390,654.573
4516,5.708,654.390,654.573
4517,5.708,654.390,654.573
4518,5.708,654.390,654.573
4519,5.708,654.390,654.573
4520,5.708,654.390,654.573
4521,5.708,654.390,654.573
4522,5.708,654.390,654.573
4523,5.708,654.390,654.573
4524,5.708,654.390,654.573
4525,5.708,654.390,654.573
4526,5.708,654.390,654.573
4527,5.708,654.390,654.573
4528,5.708,654.390,654.573
4529,5.708,654.390,654.573
4530,5.708,654.390,654.573
4531,5.708,654.390,654.573
4532,5.708,654.390,654.573
4533,5.708,654.390,654.573
4534,5.708,654.390,654.573
4535,5.708,654.390,654.573
4536,5.708,654.390,654.573
4537,5.708,654.390,654.573
4538,5.708,654.390,654.573
4539,5.708,654.390,654.573
4540,5.708,654.390,654.573
4541,5.708,654.390,654.573
4542,5.708,654.390,654.573
4543,5.708,654.390,654.573
4544,5.708,654.390,654.573
4545,5.708,654.390,654.573
4546,5.708,654.390,654.573
4547,5.708,654.390,654.573
4548,5.708,654.390,654.573
4549,5.708,654.390,654.573
4550,5.708,654.390,654.573
4551,5.708,654.390,654.573
4552,5.708,654.390,654.573
4553,5.708,654.390,654.573
4554,5.708,654.390,654.573
4555,5.708,654.390,654.573
4556,5.708,654.390,654.573
4557,5.708,654.390,654.573
4558,5.708,654.390,654.573
4559,5.708,654.390,654.573
4560,5.708,654.390,654.573
4561,5.708,654.390,654.573
4562,5.708,654.390,654.573
4563,5.708,654.390,654.573
4564,5.708,654.390,654.573
4565,5.708,654.390,654.573
4566,5.708,654.390,654.573
4567,5.708,654.390,654.573
4568,5.708,654.390,654.573
4569,5.708,654.390,654.573
4570,5.708,654.390,654.573
4571,5.708,654.390,654.573
4572,5.708,654.390,654.573
4573,5.708,654.390,654.573
4574,5.708,654.390,654.573
4575,5.708,654.390,654.573
4576,5.708,654.390,654.573
4577,5.708,654.390,654.573
4578,5.708,654.390,654.573
4579,5.708,654.390,654.573
4580,5.708,654.390,654.573
4581,5.708,654.390,654.573
4582,5.708,654.390,654.573
4583,5.708,654.390,654.573
4584,5.708,654.390,654.573
4585,5.708,654.390,654.573
4586,5.708,654.390,654.573
4587,5.708,654.390,654.573
4588,5.708,654.390,654.573
4589,5.708,654.390,654.573
4590,5.708,654.390,654.573
4591,5.708,654.390,654.573
4592,5.708,654.390,654.573
4593,5.708,654.390,654.573
4594,5.708,654.390,654.573
4595,5.708,654.390,654.573
4596,5.708,654.390,654.573
4597,5.708,654.390,654.573
4598,5.708,654.390,654.573
4599,5.708,654.390,654.573
4600,5.708,654.390,654.573
4601,5.708,654.390,654.573
4602,5.708,654.390,654.573
4603,5.708,654.390,654.573
4604,5.708,654.390,654.573
4605,5.708,654.390,654.573
4606,5.708,654.390,654.573
4607,5.708,654.390,654.573
4608,5.708,654.390,654.573
4609,5.708,654.390,654.573
4610,5.708,654.390,654.573
4611,5.708,654.390,654.573
4612,5.708,654.390,654.573
4613,5.708,654.390,654.573
4614,5.708,654.390,654.573
4615,5.708,654.390,654.573
4616,5.708,654.390,654.573
4617,5.708,654.390,654.573
4618,5.708,654.390,654.573
4619,5.708,654.390,654.573
4620,5.708,654.390,654.573
4621,5.708,654.390,654.573
4622,5.708,654.390,654.573
4623,5.708,654.390,654.573
4624,5.708,654.390,654.573
4625,5.708,654.390,654.573
4626,5.708,654.390,654.573
4627,5.708,654.390,654.573
4628,5.708,654.390,654.573
4629,5.708,654.390,654.573
4630,5.708,654.390,654.573
4631,5.708,654.390,654.573
4632,5.708,654.390,654.573
4633,5.708,654.390,654.573
4634,5.708,654.390,654.573
4635,5.708,654.390,654.573
4636,5.708,654.390,654.573
4637,5.708,654.390,654.573
4638,5.708,654.390,654.573
4639,5.708,654.390,654.573
4640,5.708,654.390,654.573
4641,5.708,654.390,654.573
4642,5.708,654.390,654.573
4643,5.708,654.390,654.573
4644,5.708,654.390,654.573
4645,5.708,654.390,654.573
4646,5.708,654.390,654.573
4647,5.708,654.390,654.573
4648,5.708,654.390,654.573
4649,5.708,654.390,654.573
4650,5.708,654.390,654.573
4651,5.708,654.390,654.573
4652,5.708,654.390,654.573
4653,5.708,654.390,654.573
4654,5.708,654.390,654.573
4655,5.708,654.390,654.573
4656,5.708,654.390,654.573
4657,5.708,654.390,654.573
4658,5.708,654.390,654.573
4659,5.708,654.390,654.573
4660,5.708,654.390,654.573
4661,5.708,654.390,654.573
4662,5.708,654.390,654.573
4663,5.708,654.390,654.573
4664,5.708,654.390,654.573
4665,5.708,654.390,654.573
4666,5.708,654.390,654.573
4667,5.708,654.390,654.573
4668,5.708,654.390,654.573
4669,5.708,654.390,654.573
4670,5.708,654.390,654.573
4671,5.708,654.390,654.573
4672,5.708,654.390,654.573
4673,5.708,654.390,654.573
4674,5.708,654.390,654.573
4675,5.708,654.390,654.573
4676,5.708,654.390,654.573
4677,5.708,654.390,654.573
4678,5.708,654.390,654.573
4679,5.708,654.390,654.573
4680,5.708,654.390,654.573
4681,5.708,654.390,654.573
4682,5.708,654.390,654.573
4683,5.708,654.390,654.573
4684,5.708,654.390,654.573
4685,5.708,654.390,654.573
4686,5.708,654.390,654.573
4687,5.708,654.390,654.573
4688,5.708,654.390,654.573
4689,5.708,654.390,654.573
4690,5.708,654.390,654.573
4691,5.708,654.390,654.573
4692,5.708,654.390,654.573
4693,5.708,654.390,654.573
4694,5.708,654.390,654.573
4695,5.708,654.390,654.573
4696,5.708,654.390,654.573
4697,5.708,654.390,654.573
4698,5.708,654.390,654.573
4699,5.708,654.390,654.573
4700,5.708,654.390,654.573
4701,5.708,654.390,654.573
4702,5.708,654.390,654.573
4703,5.708,654.390,654.573
4704,5.708,654.390,654.573
4705,5.708,654.390,654.573
4706,5.708,654.390,654.573
4707,5.708,654.390,654.573
4708,5.708,654.390,654.573
4709,5.708,654.390,654.573
4710,5.708,654.390,654.573
4711,5.708,654.390,654.573
4712,5.708,654.390,654.573
4713,5.708,654.390,654.573
4714,5.708,654.390,654.573
4715,5.708,654.390,654.573
4716,5.708,654.390,654.573
4717,5.708,654.390,654.573
4718,5.708,654.390,654.573
4719,5.708,654.390,654.573
4720,5.708,654.390,654.573
4721,5.708,654.390,654.573
4722,5.708,654.390,654.573
4723,5.708,654.390,654.573
4724,5.708,654.390,654.573
4725,5.708,654.390,654.573
4726,5.708,654.390,654.573
4727,5.708,654.390,654.573
4728,5.708,654.390,654.573
4729,5.708,654.390,654.573
4730,5.708,654.390,654.573
4731,5.708,654.390,654.573
4732,5.708,654.390,654.573
4733,5.708,654.390,654.573
4734,5.708,654.390,654.573
4735,5.708,654.390,654.573
4736,5.708,654.390,654.573
4737,5.708,654.390,654.573
4738,5.708,654.390,654.573
4739,5.708,654.390,654.573
4740,5.708,654.390,654.573
4741,5.708,654.390,654.573
4742,5.708,654.390,654.573
4743,5.708,654.390,654.573
4744,5.708,654.390,654.573
4745,5.708,654.390,654.573
4746,5.708,654.390,654.573
4747,5.708,654.390,654.573
4748,5.708,654.390,654.573
4749,5.708,654.390,654.573
4750,5.708,654.390,654.573
4751,5.708,654.390,654.573
4752,5.708,654.390,654.573
4753,5.708,654.390,654.573
4754,5.708,654.390,654.573
4755,5.708,654.390,654.573
4756,5.708,654.390,654.573
4757,5.708,654.390,654.573
4758,5.708,654.390,654.573
4759,5.708,654.390,654.573
4760,5.708,654.390,654.573
4761,5.708,654.390,654.573
4762,5.708,654.390,654.573
4763,5.708,654.390,654.573
4764,5.708,654.390,654.573
4765,5.708,654.390,654.573
4766,5.708,654.390,654.573
4767,5.708,654.390,654.573
4768,5.708,654.390,654.573
4769,5.708,654.390,654.573
4770,5.708,654.390,654.573
4771,5.708,654.390,654.573
4772,5.708,654.390,654.573
4773,5.708,654.390,654.573
4774,5.708,654.390,654.573
4775,5.708,654.390,654.573
4776,5.708,654.390,654.573
4777,5.708,654.390,654.573
4778,5.708,654.390,654.573
4779,5.708,654.390,654.573
4780,5.708,654.390,654.573
4781,5.708,654.390,654.573
4782,5.708,654.390,654.573
4783,5.708,654.390,654.573
4784,5.708,654.390,654.573
4785,5.708,654.390,654.573
4786,5.708,654.390,654.573
4787,5.708,654.390,654.573
4788,5.708,654.390,654.573
4789,5.708,654.390,654.573
4790,5.708,654.390,654.573
4791,5.708,654.390,654.573
4792,5.708,654.390,654.573
4793,5.708,654.390,654.573
4794,5.708,654.390,654.573
4795,5.708,654.390,654.573
4796,5.708,654.390,654.573
4797,5.708,654.390,654.573
4798,5.708,654.390,654.573
4799,5.708,654.390,654.573
4800,5.708,654.390,654.573
4801,5.708,654.390,654.573
4802,5.708,654.390,654.573
4803,5.708,654.390,654.573
4804,5.708,654.390,654.573
4805,5.708,654.390,654.573
4806,5.708,654.390,654.573
4807,5.708,654.390,654.573
4808,5.708,654.390,654.573
4809,5.708,654.390,654.573
4810,5.708,654.390,654.573
4811,5.708,654.390,654.573
4812,5.708,654.390,654.573
4813,5.708,654.390,654.573
4814,5.708,654.390,654.573
4815,5.708,654.390,654.573
4816,5.708,654.390,654.573
4817,5.708,654.390,654.573
4818,5.708,654.390,654.573
4819,5.708,654.390,654.573
4820,5.708,654.390,654.573
4821,5.708,654.390,654.573
4822,5.708,654.390,654.573
4823,5.708,654.390,654.573
4824,5.708,654.390,654.573
4825,5.708,654.390,654.573
4826,5.708,654.390,654.573
4827,5.708,654.390,654.573
4828,5.708,654.390,654.573
4829,5.708,654.390,654.573
4830,5.708,654.390,654.573
4831,5.708,654.390,654.573
4832,5.708,654.390,654.573
4833,5.708,654.390,654.573
4834,5.708,654.390,654.573
4835,5.708,654.390,654.573
4836,5.708,654.390,654.573
4837,5.708,654.390,654.573
4838,5.708,654.390,654.573
4839,5.708,654.390,654.573
4840,5.708,654.390,654.573
4841,5.708,654.390,654.573
4842,5.708,654.390,654.573
4843,5.708,654.390,654.573
4844,5.708,654.390,654.573
4845,5.708,654.390,654.573
4846,5.708,654.390,654.573
4847,5.708,654.390,654.573
4848,5.708,654.390,654.573
4849,5.708,654.390,654.573
4850,5.708,654.390,654.573
4851,5.708,654.390,654.573
4852,5.708,654.390,654.573
4853,5.708,654.390,654.573
4854,5.708,654.390,654.573
4855,5.708,654.390,654.573
4856,5.708,654.390,654.573
4857,5.708,654.390,654.573
4858,5.708,654.390,654.573
4859,5.708,654.390,654.573
4860,5.708,654.390,654.573
4861,5.708,654.390,654.573
4862,5.708,654.390,654.573
4863,5.708,654.390,654.573
4864,5.708,654.390,654.573
4865,5.708,654.390,654.573
4866,5.708,654.390,654.573
4867,5.708,654.390,654.573
4868,5.708,654.390,654.573
4869,5.708,654.390,654.573
4870,5.708,654.390,654.573
4871,5.708,654.390,654.573
4872,5.708,654.390,654.573
4873,5.708,654.390,654.573
4874,5.708,654.390,654.573
4875,5.708,654.390,654.573
4876,5.708,654.390,654.573
4877,5.708,654.390,654.573
4878,5.708,654.390,654.573
4879,5.708,654.390,654.573
4880,5.708,654.390,654.573
4881,5.708,654.390,654.573
4882,5.708,654.390,654.573
4883,5.708,654.390,654.573
4884,5.708,654.390,654.573
4885,5.708,654.390,654.573
4886,5.708,654.390,654.573
4887,5.708,654.390,654.573
4888,5.708,654.390,654.573
4889,5.708,654.390,654.573
4890,5.708,654.390,654.573
4891,5.708,654.390,654.573
4892,5.708,654.390,654.573
4893,5.708,654.390,654.573
4894,5.708,654.390,654.573
4895,5.708,654.390,654.573
4896,5.708,654.390,654.573
4897,5.708,654.390,654.573
4898,5.708,654.390,654.573
4899,5.708,654.390,654.573
4900,5.708,654.390,654.573
4901,5.708,654.390,654.573
4902,5.708,654.390,654.573
4903,5.708,654.390,654.573
4904,5.708,654.390,654.573
4905,5.708,654.390,654.573
4906,5.708,654.390,654.573
4907,5.708,654.390,654.573
4908,5.708,654.390,654.573
4909,5.708,654.390,654.573
4910,5.708,654.390,654.573
4911,5.708,654.390,654.573
4912,5.708,654.390,654.573
4913,5.708,654.390,654.573
4914,5.708,654.390,654.573
4915,5.708,654.390,654.573
4916,5.708,654.390,654.573
4917,5.708,654.390,654.573
4918,5.708,654.390,654.573
4919,5.708,654.390,654.573
4920,5.708,654.390,654.573
4921,5.708,654.390,654.573
4922,5.708,654.390,654.573
4923,5.708,654.390,654.573
4924,5.708,654.390,654.573
4925,5.708,654.390,654.573
4926,5.708,654.390,654.573
4927,5.708,654.390,654.573
4928,5.708,654.390,654.573
4929,5.708,654.390,654.573
4930,5.708,654.390,654.573
4931,5.708,654.390,654.573
4932,5.708,654.390,654.573
4933,5.708,654.390,654.573
4934,5.708,654.390,654.573
4935,5.708,654.390,654.573
4936,5.708,654.390,654.573
4937,5.708,654.390,654.573
4938,5.708,654.390,654.573
4939,5.708,654.390,654.573
4940,5.708,654.390,654.573
4941,5.708,654.390,654.573
4942,5.708,654.390,654.573
4943,5.708,654.390,654.573
4944,5.708,654.390,654.573
4945,5.708,654.390,654.573
4946,5.708,654.390,654.573
4947,5.708,654.390,654.573
4948,5.708,654.390,654.573
4949,5.708,654.390,654.573
4950,5.708,654.390,654.573
4951,5.708,654.390,654.573
4952,5.708,654.390,654.573
4953,5.708,654.390,654.573
4954,5.708,654.390,654.573
4955,5.708,654.390,654.573
4956,5.708,654.390,654.573
4957,5.708,654.390,654.573
4958,5.708,654.390,654.573
4959,5.708,654.390,654.573
4960,5.708,654.390,654.573
4961,5.708,654.390,654.573
4962,5.708,654.390,654.573
4963,5.708,654.390,654.573
4964,5.708,654.390,654.573
4965,5.708,654.390,654.573
4966,5.708,654.390,654.573
4967,5.708,654.390,654.573
4968,5.708,654.390,654.573
4969,5.708,654.390,654.573
4970,5.708,654.390,654.573
4971,5.708,654.390,654.573
4972,5.708,654.390,654.573
4973,5.708,654.390,654.573
4974,5.708,654.390,654.573
4975,5.708,654.390,654.573
4976,5.708,654.390,654.573
4977,5.708,654.390,654.573
4978,5.708,654.390,654.573
4979,5.708,654.390,654.573
4980,5.708,654.390,654.573
4981,5.708,654.390,654.573
4982,5.708,654.390,654.573
4983,5.708,654.390,654.573
4984,5.708,654.390,654.573
4985,5.708,654.390,654.573
4986,5.708,654.390,654.573
4987,5.708,654.390,654.573
4988,5.708,654.390,654.573
4989,5.708,654.390,654.573
4990,5.708,654.390,654.573
4991,5.708,654.390,654.573
4992,5.708,654.390,654.573
4993,5.708,654.390,654.573
4994,5.708,654.390,654.573
4995,5.708,654.390,654.573
4996,5.708,654.390,654.573
4997,5.708,654.390,654.573
4998,5.708,654.390,654.573
4999,5.708,654.390,654.573
