# Time (s),Mass (g),T Back (K),T Front (K)
0,22.800,293.000,293.000
1,22.800,293.000,332.289
2,22.800,293.000,346.515
3,22.800,293.000,357.009
4,22.800,293.000,365.665
5,22.800,293.001,373.112
6,22.800,293.003,379.728
7,22.800,293.010,385.686
8,22.800,293.024,391.117
9,22.800,293.049,396.125
10,22.800,293.092,400.778
11,22.800,293.160,405.128
12,22.800,293.257,409.218
13,22.800,293.390,413.077
14,22.800,293.565,416.735
15,22.800,293.785,420.208
16,22.800,294.055,423.521
17,22.800,294.376,426.681
18,22.800,294.751,429.709
19,22.800,295.181,432.608
20,22.800,295.664,435.397
21,22.800,296.203,438.074
22,22.800,296.793,440.660
23,22.800,297.437,443.146
24,22.800,298.130,445.549
25,22.800,298.876,447.867
26,22.800,299.668,450.110
27,22.800,300.506,452.281
28,22.800,301.388,454.386
29,22.800,302.311,456.425
30,22.800,303.275,458.406
31,22.799,304.275,460.330
32,22.799,305.312,462.200
33,22.799,306.382,464.019
34,22.799,307.483,465.789
35,22.799,308.614,467.513
36,22.799,309.773,469.193
37,22.799,310.959,470.831
38,22.799,312.169,472.429
39,22.798,313.402,473.989
40,22.798,314.656,475.511
41,22.798,315.929,476.999
42,22.798,317.222,478.453
43,22.798,318.531,479.875
44,22.797,319.855,481.266
45,22.797,321.195,482.627
46,22.797,322.547,483.961
47,22.796,323.912,485.267
48,22.796,325.288,486.548
49,22.796,326.674,487.803
50,22.795,328.069,489.034
51,22.795,329.473,490.243
52,22.794,330.883,491.429
53,22.794,332.300,492.594
54,22.794,333.723,493.739
55,22.793,335.151,494.864
56,22.792,336.583,495.970
57,22.792,338.019,497.059
58,22.791,339.458,498.130
59,22.791,340.899,499.184
60,22.790,342.342,500.222
61,22.789,343.787,501.244
62,22.789,345.232,502.252
63,22.788,346.677,503.244
64,22.787,348.123,504.223
65,22.787,349.567,505.188
66,22.786,351.011,506.140
67,22.785,352.453,507.079
68,22.784,353.894,508.006
69,22.783,355.333,508.921
70,22.782,356.768,509.826
71,22.781,358.202,510.717
72,22.780,359.633,511.599
73,22.779,361.059,512.469
74,22.778,362.483,513.331
75,22.777,363.903,514.181
76,22.776,365.319,515.022
77,22.775,366.730,515.853
78,22.774,368.138,516.675
79,22.773,369.541,517.488
80,22.772,370.938,518.292
81,22.770,372.331,519.088
82,22.769,373.720,519.874
83,22.768,375.102,520.654
84,22.767,376.479,521.423
85,22.765,377.850,522.186
86,22.764,379.216,522.941
87,22.762,380.576,523.687
88,22.761,381.931,524.427
89,22.759,383.279,525.160
90,22.758,384.621,525.885
91,22.756,385.957,526.602
92,22.755,387.286,527.313
93,22.753,388.610,528.016
94,22.751,389.926,528.714
95,22.750,391.236,529.404
96,22.748,392.540,530.088
97,22.746,393.836,530.765
98,22.744,395.127,531.436
99,22.743,396.410,532.100
100,22.741,397.686,532.758
101,22.739,398.956,533.410
102,22.737,400.218,534.055
103,22.735,401.474,534.696
104,22.733,402.722,535.330
105,22.731,403.963,535.957
106,22.728,405.197,536.579
107,22.726,406.424,537.196
108,22.724,407.644,537.807
109,22.722,408.855,538.411
110,22.719,410.060,539.010
111,22.717,411.258,539.605
112,22.715,412.448,540.193
113,22.712,413.629,540.775
114,22.710,414.805,541.354
115,22.707,415.971,541.927
116,22.704,417.131,542.493
117,22.702,418.283,543.054
118,22.699,419.427,543.611
119,22.696,420.564,544.164
120,22.693,421.692,544.710
121,22.690,422.813,545.251
122,22.687,423.926,545.789
123,22.684,425.031,546.321
124,22.681,426.128,546.848
125,22.678,427.218,547.369
126,22.675,428.298,547.886
127,22.672,429.371,548.400
128,22.669,430.436,548.907
129,22.665,431.493,549.411
130,22.662,432.542,549.910
131,22.658,433.582,550.404
132,22.655,434.614,550.893
133,22.651,435.639,551.379
134,22.648,436.653,551.859
135,22.644,437.662,552.336
136,22.640,438.661,552.809
137,22.636,439.651,553.276
138,22.632,440.634,553.739
139,22.628,441.608,554.199
140,22.624,442.573,554.654
141,22.620,443.530,555.105
142,22.616,444.480,555.552
143,22.612,445.419,555.994
144,22.608,446.351,556.433
145,22.603,447.275,556.869
146,22.599,448.189,557.300
147,22.594,449.096,557.726
148,22.590,449.995,558.149
149,22.585,450.883,558.569
150,22.580,451.765,558.985
151,22.576,452.638,559.397
152,22.571,453.503,559.806
153,22.566,454.358,560.211
154,22.561,455.206,560.612
155,22.556,456.046,561.009
156,22.551,456.878,561.404
157,22.546,457.701,561.795
158,22.540,458.516,562.181
159,22.535,459.322,562.565
160,22.530,460.122,562.946
161,22.524,460.913,563.323
162,22.519,461.697,563.697
163,22.513,462.472,564.067
164,22.508,463.240,564.434
165,22.502,464.001,564.798
166,22.496,464.753,565.159
167,22.490,465.498,565.516
168,22.484,466.237,565.870
169,22.478,466.967,566.221
170,22.472,467.690,566.569
171,22.466,468.408,566.915
172,22.460,469.116,567.256
173,22.454,469.819,567.594
174,22.447,470.514,567.930
175,22.441,471.204,568.262
176,22.435,471.887,568.593
177,22.428,472.563,568.920
178,22.422,473.232,569.243
179,22.415,473.895,569.563
180,22.408,474.552,569.881
181,22.402,475.203,570.197
182,22.395,475.848,570.510
183,22.388,476.487,570.820
184,22.381,477.121,571.126
185,22.374,477.749,571.430
186,22.367,478.371,571.733
187,22.360,478.988,572.032
188,22.353,479.600,572.329
189,22.346,480.206,572.622
190,22.338,480.807,572.914
191,22.331,481.403,573.204
192,22.324,481.994,573.491
193,22.316,482.581,573.774
194,22.309,483.162,574.057
195,22.301,483.739,574.338
196,22.294,484.311,574.614
197,22.286,484.878,574.889
198,22.279,485.441,575.163
199,22.271,485.999,575.433
200,22.263,486.554,575.701
201,22.255,487.103,575.967
202,22.248,487.649,576.232
203,22.240,488.190,576.493
204,22.232,488.727,576.753
205,22.224,489.260,577.011
206,22.216,489.790,577.265
207,22.208,490.315,577.520
208,22.199,490.836,577.771
209,22.191,491.354,578.019
210,22.183,491.868,578.268
211,22.175,492.377,578.512
212,22.166,492.883,578.756
213,22.158,493.385,578.998
214,22.150,493.883,579.236
215,22.141,494.378,579.476
216,22.133,494.870,579.711
217,22.124,495.357,579.945
218,22.116,495.842,580.177
219,22.107,496.322,580.406
220,22.098,496.799,580.637
221,22.089,497.273,580.862
222,22.081,497.743,581.088
223,22.072,498.209,581.310
224,22.063,498.673,581.533
225,22.054,499.133,581.752
226,22.045,499.590,581.970
227,22.036,500.043,582.188
228,22.027,500.493,582.400
229,22.018,500.939,582.615
230,22.009,501.383,582.824
231,22.000,501.823,583.036
232,21.990,502.260,583.242
233,21.981,502.693,583.450
234,21.972,503.123,583.654
235,21.962,503.551,583.858
236,21.953,503.975,584.059
237,21.944,504.396,584.259
238,21.934,504.814,584.459
239,21.925,505.228,584.656
240,21.915,505.640,584.852
241,21.905,506.049,585.046
242,21.896,506.454,585.240
243,21.886,506.857,585.430
244,21.876,507.257,585.622
245,21.866,507.652,585.808
246,21.857,508.047,585.998
247,21.847,508.437,586.182
248,21.837,508.824,586.368
249,21.827,509.209,586.550
250,21.817,509.591,586.733
251,21.807,509.970,586.912
252,21.797,510.347,587.093
253,21.787,510.720,587.270
254,21.776,511.092,587.448
255,21.766,511.460,587.622
256,21.756,511.825,587.797
257,21.746,512.187,587.969
258,21.735,512.547,588.141
259,21.725,512.904,588.312
260,21.714,513.258,588.482
261,21.704,513.611,588.649
262,21.693,513.960,588.816
263,21.683,514.307,588.981
264,21.672,514.652,589.146
265,21.662,514.993,589.309
266,21.651,515.333,589.472
267,21.640,515.669,589.632
268,21.629,516.004,589.792
269,21.619,516.337,589.951
270,21.608,516.666,590.109
271,21.597,516.993,590.265
272,21.586,517.318,590.421
273,21.575,517.641,590.575
274,21.564,517.962,590.728
275,21.553,518.280,590.880
276,21.542,518.596,591.032
277,21.531,518.910,591.182
278,21.520,519.222,591.331
279,21.508,519.531,591.479
280,21.497,519.839,591.626
281,21.486,520.144,591.772
282,21.475,520.448,591.917
283,21.463,520.749,592.061
284,21.452,521.049,592.204
285,21.440,521.346,592.346
286,21.429,521.642,592.488
287,21.418,521.936,592.628
288,21.406,522.228,592.767
289,21.394,522.518,592.906
290,21.383,522.806,593.043
291,21.371,523.093,593.180
292,21.359,523.377,593.316
293,21.348,523.661,593.450
294,21.336,523.942,593.584
295,21.324,524.222,593.717
296,21.312,524.500,593.849
297,21.301,524.777,593.981
298,21.289,525.052,594.112
299,21.277,525.325,594.241
300,21.265,525.597,594.371
301,21.253,525.868,594.498
302,21.241,526.137,594.626
303,21.229,526.404,594.752
304,21.217,526.671,594.878
305,21.204,526.936,595.003
306,21.192,527.199,595.127
307,21.180,527.461,595.250
308,21.168,527.722,595.373
309,21.156,527.983,595.495
310,21.143,528.241,595.616
311,21.131,528.498,595.737
312,21.119,528.754,595.856
313,21.106,529.009,595.975
314,21.094,529.263,596.094
315,21.081,529.515,596.212
316,21.069,529.767,596.329
317,21.056,530.017,596.445
318,21.044,530.267,596.560
319,21.031,530.515,596.675
320,21.019,530.763,596.790
321,21.006,531.009,596.904
322,20.993,531.255,597.017
323,20.981,531.500,597.129
324,20.968,531.744,597.241
325,20.955,531.986,597.352
326,20.942,532.228,597.463
327,20.929,532.470,597.573
328,20.917,532.711,597.683
329,20.904,532.950,597.791
330,20.891,533.189,597.899
331,20.878,533.427,598.007
332,20.865,533.664,598.115
333,20.852,533.901,598.221
334,20.839,534.137,598.327
335,20.826,534.372,598.433
336,20.813,534.607,598.538
337,20.800,534.840,598.642
338,20.787,535.073,598.746
339,20.773,535.306,598.850
340,20.760,535.539,598.953
341,20.747,535.770,599.055
342,20.734,536.001,599.157
343,20.720,536.232,599.258
344,20.707,536.462,599.359
345,20.694,536.691,599.459
346,20.680,536.920,599.559
347,20.667,537.148,599.659
348,20.654,537.376,599.758
349,20.640,537.604,599.857
350,20.627,537.831,599.955
351,20.613,538.058,600.053
352,20.600,538.284,600.150
353,20.586,538.510,600.247
354,20.573,538.735,600.344
355,20.559,538.960,600.440
356,20.545,539.185,600.535
357,20.532,539.410,600.631
358,20.518,539.634,600.726
359,20.504,539.858,600.820
360,20.491,540.082,600.915
361,20.477,540.305,601.008
362,20.463,540.528,601.102
363,20.449,540.751,601.195
364,20.436,540.973,601.288
365,20.422,541.196,601.380
366,20.408,541.418,601.472
367,20.394,541.639,601.564
368,20.380,541.861,601.655
369,20.366,542.083,601.746
370,20.352,542.304,601.836
371,20.338,542.525,601.927
372,20.324,542.745,602.017
373,20.310,542.966,602.106
374,20.296,543.186,602.196
375,20.282,543.407,602.285
376,20.268,543.627,602.373
377,20.254,543.847,602.462
378,20.240,544.067,602.550
379,20.225,544.287,602.638
380,20.211,544.506,602.726
381,20.197,544.726,602.813
382,20.183,544.945,602.900
383,20.168,545.165,602.987
384,20.154,545.384,603.073
385,20.140,545.603,603.159
386,20.125,545.823,603.245
387,20.111,546.042,603.330
388,20.096,546.261,603.416
389,20.082,546.480,603.501
390,20.068,546.699,603.586
391,20.053,546.918,603.671
392,20.039,547.137,603.755
393,20.024,547.355,603.839
394,20.009,547.574,603.923
395,19.995,547.793,604.007
396,19.980,548.012,604.091
397,19.966,548.231,604.174
398,19.951,548.449,604.257
399,19.936,548.668,604.340
400,19.922,548.887,604.422
401,19.907,549.106,604.505
402,19.892,549.325,604.587
403,19.877,549.543,604.669
404,19.862,549.762,604.751
405,19.848,549.981,604.833
406,19.833,550.200,604.914
407,19.818,550.419,604.996
408,19.803,550.638,605.077
409,19.788,550.857,605.158
410,19.773,551.076,605.238
411,19.758,551.295,605.319
412,19.743,551.514,605.399
413,19.728,551.733,605.479
414,19.713,551.953,605.559
415,19.698,552.172,605.639
416,19.683,552.391,605.719
417,19.668,552.611,605.799
418,19.652,552.830,605.878
419,19.637,553.050,605.958
420,19.622,553.269,606.037
421,19.607,553.489,606.116
422,19.591,553.709,606.194
423,19.576,553.929,606.273
424,19.561,554.148,606.352
425,19.545,554.369,606.430
426,19.530,554.589,606.508
427,19.515,554.809,606.586
428,19.499,555.029,606.664
429,19.484,555.250,606.742
430,19.468,555.470,606.820
431,19.453,555.691,606.897
432,19.437,555.911,606.975
433,19.422,556.132,607.052
434,19.406,556.353,607.130
435,19.390,556.574,607.207
436,19.375,556.795,607.284
437,19.359,557.016,607.361
438,19.343,557.237,607.437
439,19.328,557.458,607.514
440,19.312,557.679,607.591
441,19.296,557.901,607.667
442,19.280,558.122,607.743
443,19.264,558.344,607.819
444,19.248,558.565,607.896
445,19.232,558.787,607.972
446,19.217,559.009,608.048
447,19.201,559.231,608.124
448,19.185,559.453,608.199
449,19.169,559.675,608.275
450,19.153,559.897,608.350
451,19.136,560.120,608.426
452,19.120,560.342,608.501
453,19.104,560.565,608.577
454,19.088,560.787,608.652
455,19.072,561.010,608.727
456,19.056,561.233,608.802
457,19.039,561.455,608.877
458,19.023,561.678,608.952
459,19.007,561.902,609.027
460,18.990,562.125,609.102
461,18.974,562.348,609.177
462,18.958,562.571,609.252
463,18.941,562.795,609.326
464,18.925,563.018,609.401
465,18.908,563.242,609.475
466,18.892,563.466,609.549
467,18.875,563.690,609.623
468,18.858,563.913,609.698
469,18.842,564.137,609.772
470,18.825,564.361,609.846
471,18.808,564.585,609.920
472,18.792,564.809,609.994
473,18.775,565.034,610.068
474,18.758,565.258,610.142
475,18.741,565.482,610.216
476,18.725,565.706,610.290
477,18.708,565.931,610.363
478,18.691,566.155,610.437
479,18.674,566.380,610.511
480,18.657,566.604,610.585
481,18.640,566.829,610.658
482,18.623,567.054,610.732
483,18.606,567.278,610.805
484,18.589,567.503,610.878
485,18.571,567.728,610.951
486,18.554,567.953,611.025
487,18.537,568.178,611.098
488,18.520,568.403,611.171
489,18.502,568.628,611.244
490,18.485,568.853,611.317
491,18.468,569.078,611.390
492,18.450,569.303,611.463
493,18.433,569.528,611.536
494,18.416,569.753,611.609
495,18.398,569.978,611.682
496,18.381,570.203,611.755
497,18.363,570.429,611.828
498,18.345,570.654,611.901
499,18.328,570.879,611.974
500,18.310,571.104,612.046
501,18.292,571.329,612.119
502,18.275,571.554,612.192
503,18.257,571.779,612.264
504,18.239,572.004,612.337
505,18.221,572.230,612.409
506,18.203,572.455,612.482
507,18.186,572.680,612.555
508,18.168,572.905,612.627
509,18.150,573.130,612.699
510,18.132,573.355,612.772
511,18.114,573.580,612.844
512,18.095,573.804,612.916
513,18.077,574.029,612.989
514,18.059,574.254,613.061
515,18.041,574.479,613.133
516,18.023,574.704,613.206
517,18.004,574.928,613.278
518,17.986,575.153,613.350
519,17.968,575.377,613.422
520,17.949,575.602,613.494
521,17.931,575.826,613.567
522,17.913,576.050,613.639
523,17.894,576.274,613.711
524,17.875,576.498,613.783
525,17.857,576.722,613.855
526,17.838,576.946,613.927
527,17.820,577.170,613.999
528,17.801,577.393,614.071
529,17.782,577.617,614.143
530,17.764,577.840,614.215
531,17.745,578.063,614.287
532,17.726,578.286,614.359
533,17.707,578.509,614.431
534,17.688,578.732,614.503
535,17.669,578.954,614.574
536,17.650,579.177,614.646
537,17.631,579.400,614.718
538,17.612,579.622,614.790
539,17.593,579.844,614.862
540,17.574,580.066,614.933
541,17.555,580.288,615.005
542,17.536,580.509,615.077
543,17.516,580.731,615.149
544,17.497,580.952,615.220
545,17.478,581.173,615.292
546,17.458,581.393,615.364
547,17.439,581.614,615.435
548,17.420,581.834,615.507
549,17.400,582.054,615.579
550,17.381,582.274,615.650
551,17.361,582.493,615.722
552,17.342,582.713,615.793
553,17.322,582.932,615.865
554,17.302,583.151,615.936
555,17.283,583.369,616.008
556,17.263,583.587,616.079
557,17.243,583.806,616.151
558,17.223,584.024,616.222
559,17.203,584.241,616.293
560,17.184,584.459,616.364
561,17.164,584.676,616.436
562,17.144,584.892,616.507
563,17.124,585.108,616.579
564,17.104,585.324,616.650
565,17.084,585.540,616.721
566,17.064,585.756,616.792
567,17.043,585.971,616.863
568,17.023,586.186,616.934
569,17.003,586.400,617.006
570,16.983,586.614,617.077
571,16.963,586.828,617.148
572,16.942,587.042,617.219
573,16.922,587.255,617.290
574,16.902,587.468,617.361
575,16.881,587.680,617.432
576,16.861,587.892,617.503
577,16.840,588.104,617.574
578,16.820,588.315,617.645
579,16.799,588.526,617.715
580,16.779,588.736,617.786
581,16.758,588.946,617.857
582,16.737,589.156,617.928
583,16.717,589.365,617.998
584,16.696,589.574,618.069
585,16.675,589.782,618.140
586,16.655,589.990,618.211
587,16.634,590.198,618.281
588,16.613,590.405,618.352
589,16.592,590.612,618.422
590,16.571,590.818,618.493
591,16.550,591.024,618.563
592,16.529,591.229,618.633
593,16.508,591.434,618.703
594,16.487,591.638,618.774
595,16.466,591.842,618.844
596,16.445,592.046,618.914
597,16.424,592.249,618.984
598,16.403,592.452,619.055
599,16.382,592.654,619.125
600,16.360,592.855,619.195
601,16.339,593.056,619.265
602,16.318,593.257,619.334
603,16.297,593.456,619.404
604,16.275,593.655,619.474
605,16.254,593.854,619.544
606,16.233,594.053,619.613
607,16.211,594.251,619.683
608,16.190,594.448,619.753
609,16.168,594.645,619.822
610,16.147,594.841,619.891
611,16.125,595.037,619.961
612,16.104,595.232,620.030
613,16.082,595.426,620.099
614,16.060,595.620,620.168
615,16.039,595.814,620.237
616,16.017,596.007,620.307
617,15.996,596.199,620.376
618,15.974,596.390,620.444
619,15.952,596.581,620.513
620,15.930,596.772,620.582
621,15.909,596.962,620.651
622,15.887,597.151,620.719
623,15.865,597.340,620.788
624,15.843,597.528,620.856
625,15.821,597.716,620.925
626,15.799,597.903,620.993
627,15.778,598.089,621.062
628,15.756,598.275,621.130
629,15.734,598.460,621.198
630,15.712,598.644,621.266
631,15.690,598.828,621.333
632,15.668,599.011,621.401
633,15.646,599.194,621.469
634,15.624,599.376,621.537
635,15.602,599.557,621.604
636,15.579,599.738,621.671
637,15.557,599.918,621.738
638,15.535,600.097,621.806
639,15.513,600.276,621.873
640,15.491,600.454,621.940
641,15.469,600.631,622.007
642,15.447,600.808,622.073
643,15.424,600.984,622.140
644,15.402,601.160,622.207
645,15.380,601.334,622.273
646,15.358,601.508,622.339
647,15.335,601.682,622.406
648,15.313,601.855,622.472
649,15.291,602.027,622.538
650,15.268,602.199,622.604
651,15.246,602.369,622.669
652,15.224,602.539,622.735
653,15.201,602.709,622.801
654,15.179,602.877,622.867
655,15.157,603.045,622.932
656,15.134,603.213,622.997
657,15.112,603.380,623.062
658,15.089,603.546,623.127
659,15.067,603.711,623.192
660,15.044,603.876,623.256
661,15.022,604.040,623.321
662,15.000,604.203,623.385
663,14.977,604.366,623.449
664,14.955,604.528,623.513
665,14.932,604.689,623.577
666,14.910,604.850,623.641
667,14.887,605.010,623.705
668,14.865,605.169,623.769
669,14.842,605.328,623.832
670,14.819,605.486,623.896
671,14.797,605.643,623.959
672,14.774,605.800,624.022
673,14.752,605.955,624.085
674,14.729,606.110,624.147
675,14.707,606.265,624.210
676,14.684,606.418,624.272
677,14.661,606.571,624.334
678,14.639,606.724,624.396
679,14.616,606.876,624.458
680,14.594,607.027,624.520
681,14.571,607.177,624.582
682,14.548,607.326,624.643
683,14.526,607.475,624.705
684,14.503,607.624,624.766
685,14.480,607.772,624.827
686,14.458,607.919,624.888
687,14.435,608.065,624.949
688,14.412,608.211,625.009
689,14.390,608.356,625.069
690,14.367,608.500,625.130
691,14.345,608.643,625.190
692,14.322,608.786,625.250
693,14.299,608.928,625.310
694,14.277,609.070,625.369
695,14.254,609.211,625.429
696,14.231,609.351,625.488
697,14.209,609.490,625.547
698,14.186,609.629,625.606
699,14.163,609.767,625.664
700,14.140,609.905,625.723
701,14.118,610.042,625.781
702,14.095,610.178,625.840
703,14.072,610.314,625.898
704,14.050,610.448,625.955
705,14.027,610.583,626.013
706,14.004,610.717,626.070
707,13.982,610.850,626.128
708,13.959,610.982,626.185
709,13.936,611.113,626.243
710,13.914,611.244,626.299
711,13.891,611.375,626.356
712,13.869,611.505,626.412
713,13.846,611.634,626.469
714,13.823,611.762,626.525
715,13.801,611.890,626.581
716,13.778,612.017,626.636
717,13.755,612.144,626.692
718,13.733,612.270,626.747
719,13.710,612.395,626.803
720,13.687,612.520,626.857
721,13.665,612.644,626.913
722,13.642,612.767,626.967
723,13.620,612.890,627.022
724,13.597,613.012,627.076
725,13.574,613.134,627.130
726,13.552,613.255,627.184
727,13.529,613.375,627.238
728,13.507,613.494,627.292
729,13.484,613.614,627.346
730,13.461,613.733,627.398
731,13.439,613.851,627.452
732,13.416,613.968,627.504
733,13.394,614.084,627.557
734,13.371,614.200,627.609
735,13.349,614.316,627.662
736,13.326,614.431,627.714
737,13.304,614.545,627.767
738,13.281,614.659,627.818
739,13.259,614.772,627.870
740,13.236,614.885,627.921
741,13.214,614.997,627.973
742,13.191,615.109,628.024
743,13.169,615.220,628.075
744,13.146,615.330,628.126
745,13.124,615.440,628.176
746,13.101,615.550,628.227
747,13.079,615.658,628.277
748,13.056,615.766,628.327
749,13.034,615.874,628.377
750,13.012,615.981,628.427
751,12.989,616.088,628.476
752,12.967,616.194,628.525
753,12.944,616.299,628.574
754,12.922,616.404,628.623
755,12.900,616.508,628.672
756,12.877,616.612,628.721
757,12.855,616.715,628.770
758,12.833,616.818,628.818
759,12.811,616.920,628.866
760,12.788,617.022,628.914
761,12.766,617.123,628.962
762,12.744,617.224,629.010
763,12.721,617.324,629.057
764,12.699,617.424,629.105
765,12.677,617.523,629.152
766,12.655,617.621,629.199
767,12.633,617.719,629.246
768,12.610,617.817,629.292
769,12.588,617.914,629.339
770,12.566,618.011,629.385
771,12.544,618.107,629.431
772,12.522,618.203,629.477
773,12.500,618.298,629.523
774,12.478,618.393,629.569
775,12.456,618.487,629.614
776,12.434,618.581,629.660
777,12.412,618.674,629.705
778,12.390,618.768,629.750
779,12.368,618.860,629.795
780,12.346,618.951,629.840
781,12.324,619.043,629.884
782,12.302,619.134,629.928
783,12.280,619.224,629.973
784,12.258,619.315,630.017
785,12.236,619.404,630.061
786,12.214,619.493,630.105
787,12.192,619.582,630.148
788,12.170,619.671,630.192
789,12.148,619.759,630.236
790,12.127,619.846,630.279
791,12.105,619.933,630.322
792,12.083,620.019,630.365
793,12.061,620.105,630.408
794,12.040,620.191,630.450
795,12.018,620.276,630.493
796,11.996,620.361,630.535
797,11.975,620.446,630.578
798,11.953,620.530,630.619
799,11.931,620.614,630.662
800,11.910,620.697,630.703
801,11.888,620.779,630.745
802,11.867,620.862,630.786
803,11.845,620.944,630.828
804,11.823,621.025,630.869
805,11.802,621.107,630.911
806,11.780,621.188,630.951
807,11.759,621.268,630.993
808,11.738,621.348,631.033
809,11.716,621.428,631.074
810,11.695,621.507,631.114
811,11.673,621.586,631.155
812,11.652,621.665,631.195
813,11.631,621.743,631.235
814,11.609,621.821,631.275
815,11.588,621.898,631.315
816,11.567,621.975,631.354
817,11.546,622.052,631.394
818,11.524,622.129,631.433
819,11.503,622.205,631.473
820,11.482,622.280,631.512
821,11.461,622.356,631.552
822,11.440,622.431,631.590
823,11.419,622.505,631.630
824,11.398,622.580,631.668
825,11.377,622.654,631.707
826,11.356,622.728,631.745
827,11.335,622.801,631.784
828,11.314,622.874,631.822
829,11.293,622.947,631.860
830,11.272,623.019,631.898
831,11.251,623.091,631.937
832,11.230,623.163,631.974
833,11.209,623.234,632.012
834,11.189,623.305,632.050
835,11.168,623.376,632.088
836,11.147,623.446,632.125
837,11.127,623.517,632.163
838,11.106,623.587,632.199
839,11.085,623.656,632.237
840,11.065,623.725,632.274
841,11.044,623.794,632.311
842,11.023,623.862,632.347
843,11.003,623.931,632.385
844,10.982,623.999,632.421
845,10.962,624.067,632.458
846,10.942,624.135,632.494
847,10.921,624.202,632.531
848,10.901,624.268,632.567
849,10.880,624.335,632.604
850,10.860,624.401,632.640
851,10.840,624.468,632.676
852,10.820,624.534,632.712
853,10.799,624.599,632.748
854,10.779,624.664,632.784
855,10.759,624.729,632.820
856,10.739,624.794,632.855
857,10.719,624.859,632.891
858,10.699,624.923,632.926
859,10.679,624.987,632.962
860,10.659,625.051,632.997
861,10.639,625.114,633.033
862,10.619,625.178,633.067
863,10.599,625.241,633.103
864,10.579,625.303,633.138
865,10.559,625.366,633.173
866,10.539,625.428,633.207
867,10.520,625.490,633.243
868,10.500,625.552,633.277
869,10.480,625.614,633.312
870,10.460,625.675,633.346
871,10.441,625.736,633.382
872,10.421,625.797,633.416
873,10.402,625.858,633.450
874,10.382,625.919,633.484
875,10.363,625.979,633.519
876,10.343,626.039,633.553
877,10.324,626.099,633.588
878,10.304,626.159,633.622
879,10.285,626.218,633.656
880,10.266,626.277,633.690
881,10.247,626.336,633.724
882,10.227,626.395,633.758
883,10.208,626.454,633.792
884,10.189,626.512,633.825
885,10.170,626.570,633.860
886,10.151,626.628,633.893
887,10.132,626.686,633.927
888,10.113,626.744,633.960
889,10.094,626.801,633.994
890,10.075,626.859,634.027
891,10.056,626.916,634.061
892,10.037,626.972,634.094
893,10.018,627.029,634.128
894,9.999,627.086,634.161
895,9.981,627.142,634.195
896,9.962,627.198,634.227
897,9.943,627.255,634.261
898,9.925,627.311,634.294
899,9.906,627.366,634.327
900,9.887,627.422,634.360
901,9.869,627.477,634.393
902,9.850,627.533,634.426
903,9.832,627.587,634.459
904,9.814,627.643,634.492
905,9.795,627.697,634.525
906,9.777,627.752,634.557
907,9.759,627.806,634.591
908,9.740,627.860,634.623
909,9.722,627.914,634.656
910,9.704,627.968,634.688
911,9.686,628.022,634.722
912,9.668,628.076,634.754
913,9.650,628.130,634.787
914,9.632,628.183,634.819
915,9.614,628.236,634.852
916,9.596,628.289,634.884
917,9.578,628.342,634.917
918,9.560,628.395,634.949
919,9.543,628.448,634.982
920,9.525,628.500,635.014
921,9.507,628.553,635.047
922,9.489,628.605,635.079
923,9.472,628.657,635.112
924,9.454,628.709,635.144
925,9.437,628.761,635.177
926,9.419,628.813,635.209
927,9.402,628.865,635.242
928,9.384,628.916,635.274
929,9.367,628.968,635.306
930,9.350,629.019,635.338
931,9.333,629.071,635.371
932,9.315,629.122,635.403
933,9.298,629.173,635.436
934,9.281,629.224,635.468
935,9.264,629.274,635.500
936,9.247,629.325,635.532
937,9.230,629.375,635.564
938,9.213,629.426,635.596
939,9.196,629.477,635.629
940,9.179,629.527,635.661
941,9.162,629.577,635.694
942,9.146,629.627,635.726
943,9.129,629.677,635.758
944,9.112,629.727,635.790
945,9.096,629.777,635.822
946,9.079,629.826,635.854
947,9.062,629.876,635.886
948,9.046,629.925,635.919
949,9.029,629.975,635.950
950,9.013,630.024,635.983
951,8.997,630.073,636.015
952,8.980,630.123,636.048
953,8.964,630.172,636.079
954,8.948,630.220,636.112
955,8.932,630.270,636.143
956,8.916,630.319,636.177
957,8.899,630.368,636.207
958,8.883,630.416,636.241
959,8.867,630.465,636.271
960,8.851,630.513,636.306
961,8.836,630.562,636.335
962,8.820,630.610,636.370
963,8.804,630.659,636.399
964,8.788,630.706,636.435
965,8.772,630.756,636.464
966,8.757,630.803,636.500
967,8.741,630.852,636.529
968,8.726,630.899,636.564
969,8.710,630.947,636.593
970,8.695,630.995,636.629
971,8.679,631.044,636.657
972,8.664,631.090,636.694
973,8.648,631.139,636.722
974,8.633,631.186,636.759
975,8.618,631.235,636.787
976,8.603,631.281,636.823
977,8.588,631.330,636.851
978,8.573,631.376,636.888
979,8.558,631.424,636.916
980,8.543,631.471,636.951
981,8.528,631.519,636.982
982,8.513,631.566,637.016
983,8.498,631.614,637.047
984,8.483,631.661,637.081
985,8.468,631.708,637.113
986,8.454,631.755,637.146
987,8.439,631.802,637.178
988,8.424,631.849,637.211
989,8.410,631.897,637.244
990,8.395,631.944,637.276
991,8.381,631.990,637.309
992,8.367,632.038,637.341
993,8.352,632.085,637.375
994,8.338,632.132,637.406
995,8.324,632.178,637.441
996,8.309,632.226,637.471
997,8.295,632.272,637.507
998,8.281,632.319,637.537
999,8.267,632.365,637.573
1000,8.253,632.413,637.602
1001,8.239,632.459,637.639
1002,8.225,632.507,637.669
1003,8.211,632.552,637.704
1004,8.198,632.600,637.735
1005,8.184,632.646,637.771
1006,8.170,632.693,637.802
1007,8.157,632.739,637.836
1008,8.143,632.786,637.868
1009,8.130,632.833,637.902
1010,8.116,632.880,637.935
1011,8.103,632.926,637.968
1012,8.089,632.973,638.001
1013,8.076,633.020,638.035
1014,8.063,633.066,638.069
1015,8.049,633.113,638.102
1016,8.036,633.159,638.136
1017,8.023,633.206,638.168
1018,8.010,633.252,638.203
1019,7.997,633.299,638.234
1020,7.984,633.345,638.270
1021,7.971,633.393,638.301
1022,7.958,633.438,638.338
1023,7.945,633.486,638.369
1024,7.933,633.531,638.405
1025,7.920,633.579,638.437
1026,7.907,633.625,638.472
1027,7.895,633.672,638.505
1028,7.882,633.718,638.540
1029,7.869,633.765,638.573
1030,7.857,633.811,638.608
1031,7.845,633.858,638.642
1032,7.832,633.905,638.675
1033,7.820,633.951,638.710
1034,7.808,633.998,638.744
1035,7.795,634.044,638.779
1036,7.783,634.092,638.812
1037,7.771,634.138,638.847
1038,7.759,634.186,638.881
1039,7.747,634.231,638.916
1040,7.735,634.279,638.949
1041,7.723,634.324,638.985
1042,7.711,634.373,639.018
1043,7.700,634.419,639.054
1044,7.688,634.466,639.088
1045,7.676,634.512,639.123
1046,7.665,634.559,639.157
1047,7.653,634.606,639.192
1048,7.641,634.653,639.227
1049,7.630,634.700,639.262
1050,7.619,634.747,639.297
1051,7.607,634.795,639.331
1052,7.596,634.841,639.367
1053,7.585,634.889,639.401
1054,7.573,634.935,639.438
1055,7.562,634.984,639.471
1056,7.551,635.029,639.508
1057,7.540,635.077,639.542
1058,7.529,635.123,639.578
1059,7.518,635.172,639.613
1060,7.507,635.218,639.649
1061,7.496,635.266,639.683
1062,7.485,635.314,639.720
1063,7.475,635.361,639.755
1064,7.464,635.408,639.791
1065,7.453,635.455,639.826
1066,7.443,635.503,639.862
1067,7.432,635.550,639.898
1068,7.422,635.599,639.933
1069,7.411,635.645,639.969
1070,7.401,635.694,640.005
1071,7.391,635.740,640.042
1072,7.380,635.789,640.076
1073,7.370,635.836,640.113
1074,7.360,635.884,640.149
1075,7.350,635.932,640.185
1076,7.340,635.980,640.221
1077,7.330,636.028,640.258
1078,7.320,636.076,640.294
1079,7.310,636.124,640.330
1080,7.300,636.172,640.367
1081,7.290,636.220,640.403
1082,7.281,636.268,640.440
1083,7.271,636.317,640.476
1084,7.261,636.364,640.513
1085,7.252,636.413,640.549
1086,7.242,636.461,640.587
1087,7.233,636.510,640.622
1088,7.223,636.558,640.660
1089,7.214,636.607,640.697
1090,7.204,636.655,640.734
1091,7.195,636.704,640.771
1092,7.186,636.752,640.808
1093,7.177,636.801,640.845
1094,7.168,636.850,640.882
1095,7.158,636.899,640.919
1096,7.149,636.948,640.957
1097,7.140,636.996,640.994
1098,7.131,637.046,641.031
1099,7.123,637.094,641.068
1100,7.114,637.144,641.106
1101,7.105,637.192,641.143
1102,7.096,637.242,641.181
1103,7.088,637.291,641.219
1104,7.079,637.341,641.257
1105,7.070,637.390,641.294
1106,7.062,637.439,641.332
1107,7.054,637.488,641.370
1108,7.045,637.537,641.407
1109,7.037,637.587,641.446
1110,7.028,637.636,641.483
1111,7.020,637.687,641.521
1112,7.012,637.736,641.559
1113,7.004,637.787,641.598
1114,6.996,637.836,641.636
1115,6.988,637.886,641.674
1116,6.980,637.936,641.712
1117,6.972,637.986,641.750
1118,6.964,638.036,641.789
1119,6.956,638.086,641.828
1120,6.948,638.136,641.866
1121,6.940,638.187,641.904
1122,6.933,638.237,641.943
1123,6.925,638.287,641.981
1124,6.918,638.337,642.020
1125,6.910,638.387,642.059
1126,6.903,638.438,642.097
1127,6.895,638.489,642.136
1128,6.888,638.540,642.175
1129,6.880,638.590,642.214
1130,6.873,638.641,642.253
1131,6.866,638.692,642.292
1132,6.859,638.743,642.331
1133,6.851,638.794,642.370
1134,6.844,638.844,642.409
1135,6.837,638.895,642.448
1136,6.830,638.945,642.487
1137,6.823,638.998,642.527
1138,6.816,639.048,642.566
1139,6.810,639.100,642.605
1140,6.803,639.151,642.644
1141,6.796,639.202,642.684
1142,6.789,639.254,642.723
1143,6.783,639.305,642.763
1144,6.776,639.357,642.802
1145,6.770,639.408,642.842
1146,6.763,639.459,642.881
1147,6.757,639.510,642.920
1148,6.750,639.563,642.961
1149,6.744,639.614,643.001
1150,6.737,639.666,643.040
1151,6.731,639.718,643.080
1152,6.725,639.770,643.121
1153,6.719,639.821,643.160
1154,6.713,639.874,643.199
1155,6.707,639.926,643.239
1156,6.701,639.978,643.279
1157,6.695,640.030,643.319
1158,6.689,640.082,643.359
1159,6.683,640.134,643.399
1160,6.677,640.186,643.439
1161,6.671,640.239,643.480
1162,6.665,640.290,643.518
1163,6.660,640.343,643.559
1164,6.654,640.396,643.599
1165,6.648,640.448,643.640
1166,6.643,640.501,643.679
1167,6.637,640.553,643.720
1168,6.632,640.605,643.760
1169,6.626,640.658,643.801
1170,6.621,640.710,643.841
1171,6.616,640.763,643.881
1172,6.610,640.816,643.922
1173,6.605,640.868,643.961
1174,6.600,640.921,644.002
1175,6.595,640.974,644.042
1176,6.590,641.026,644.083
1177,6.584,641.079,644.123
1178,6.579,641.132,644.163
1179,6.574,641.185,644.203
1180,6.569,641.238,644.244
1181,6.565,641.291,644.284
1182,6.560,641.343,644.325
1183,6.555,641.396,644.366
1184,6.550,641.449,644.405
1185,6.545,641.503,644.446
1186,6.541,641.555,644.486
1187,6.536,641.608,644.527
1188,6.531,641.660,644.567
1189,6.527,641.714,644.608
1190,6.522,641.767,644.648
1191,6.518,641.820,644.688
1192,6.513,641.872,644.728
1193,6.509,641.925,644.768
1194,6.505,641.979,644.809
1195,6.500,642.031,644.848
1196,6.496,642.084,644.890
1197,6.492,642.137,644.929
1198,6.488,642.190,644.970
1199,6.483,642.242,645.010
1200,6.479,642.295,645.050
1201,6.475,642.348,645.090
1202,6.471,642.401,645.130
1203,6.467,642.453,645.171
1204,6.463,642.506,645.211
1205,6.459,642.559,645.252
1206,6.455,642.612,645.291
1207,6.452,642.665,645.331
1208,6.448,642.717,645.371
1209,6.444,642.770,645.412
1210,6.440,642.823,645.450
1211,6.437,642.875,645.491
1212,6.433,642.928,645.531
1213,6.429,642.980,645.571
1214,6.426,643.033,645.610
1215,6.422,643.085,645.650
1216,6.419,643.138,645.690
1217,6.415,643.190,645.730
1218,6.412,643.242,645.770
1219,6.408,643.294,645.808
1220,6.405,643.347,645.848
1221,6.401,643.398,645.888
1222,6.398,643.450,645.927
1223,6.395,643.502,645.966
1224,6.392,643.554,646.006
1225,6.388,643.606,646.045
1226,6.385,643.658,646.084
1227,6.382,643.709,646.123
1228,6.379,643.760,646.161
1229,6.376,643.812,646.201
1230,6.373,643.864,646.240
1231,6.370,643.915,646.279
1232,6.367,643.965,646.317
1233,6.364,644.018,646.356
1234,6.361,644.068,646.395
1235,6.358,644.119,646.433
1236,6.355,644.170,646.471
1237,6.352,644.220,646.510
1238,6.349,644.271,646.548
1239,6.347,644.321,646.586
1240,6.344,644.372,646.625
1241,6.341,644.422,646.662
1242,6.338,644.472,646.701
1243,6.336,644.523,646.738
1244,6.333,644.572,646.776
1245,6.331,644.622,646.814
1246,6.328,644.672,646.851
1247,6.325,644.721,646.888
1248,6.323,644.771,646.926
1249,6.320,644.820,646.964
1250,6.318,644.869,647.000
1251,6.315,644.919,647.037
1252,6.313,644.966,647.073
1253,6.311,645.016,647.111
1254,6.308,645.064,647.147
1255,6.306,645.112,647.184
1256,6.304,645.160,647.220
1257,6.301,645.208,647.257
1258,6.299,645.256,647.293
1259,6.297,645.304,647.329
1260,6.294,645.352,647.366
1261,6.292,645.399,647.401
1262,6.290,645.447,647.437
1263,6.288,645.493,647.472
1264,6.286,645.540,647.508
1265,6.284,645.587,647.542
1266,6.281,645.633,647.578
1267,6.279,645.679,647.613
1268,6.277,645.725,647.648
1269,6.275,645.771,647.683
1270,6.273,645.817,647.717
1271,6.271,645.862,647.752
1272,6.269,645.908,647.786
1273,6.267,645.953,647.821
1274,6.265,645.998,647.854
1275,6.263,646.043,647.889
1276,6.261,646.087,647.922
1277,6.259,646.131,647.956
1278,6.258,646.175,647.989
1279,6.256,646.219,648.022
1280,6.254,646.263,648.056
1281,6.252,646.306,648.088
1282,6.250,646.349,648.121
1283,6.248,646.392,648.153
1284,6.247,646.435,648.186
1285,6.245,646.477,648.217
1286,6.243,646.519,648.251
1287,6.241,646.561,648.282
1288,6.240,646.602,648.314
1289,6.238,646.644,648.345
1290,6.236,646.685,648.376
1291,6.235,646.726,648.408
1292,6.233,646.767,648.439
1293,6.231,646.808,648.470
1294,6.230,646.847,648.500
1295,6.228,646.888,648.532
1296,6.226,646.927,648.561
1297,6.225,646.967,648.592
1298,6.223,647.006,648.621
1299,6.221,647.044,648.651
1300,6.220,647.083,648.681
1301,6.218,647.122,648.710
1302,6.217,647.160,648.740
1303,6.215,647.197,648.768
1304,6.214,647.235,648.797
1305,6.212,647.272,648.826
1306,6.211,647.309,648.854
1307,6.209,647.346,648.882
1308,6.207,647.383,648.911
1309,6.206,647.419,648.938
1310,6.204,647.455,648.966
1311,6.203,647.490,648.993
1312,6.202,647.526,649.020
1313,6.200,647.561,649.048
1314,6.199,647.596,649.075
1315,6.197,647.630,649.101
1316,6.196,647.664,649.128
1317,6.194,647.698,649.154
1318,6.193,647.732,649.180
1319,6.191,647.766,649.206
1320,6.190,647.799,649.232
1321,6.189,647.832,649.257
1322,6.187,647.864,649.282
1323,6.186,647.897,649.307
1324,6.184,647.929,649.332
1325,6.183,647.961,649.357
1326,6.182,647.992,649.382
1327,6.180,648.023,649.405
1328,6.179,648.054,649.430
1329,6.177,648.085,649.454
1330,6.176,648.115,649.477
1331,6.175,648.146,649.501
1332,6.173,648.175,649.524
1333,6.172,648.205,649.547
1334,6.171,648.234,649.570
1335,6.169,648.263,649.593
1336,6.168,648.292,649.615
1337,6.166,648.320,649.638
1338,6.165,648.349,649.659
1339,6.164,648.377,649.682
1340,6.162,648.405,649.703
1341,6.161,648.432,649.724
1342,6.160,648.460,649.746
1343,6.158,648.486,649.767
1344,6.157,648.513,649.789
1345,6.156,648.539,649.809
1346,6.155,648.565,649.830
1347,6.153,648.592,649.850
1348,6.152,648.618,649.871
1349,6.151,648.643,649.891
1350,6.149,648.669,649.911
1351,6.148,648.694,649.930
1352,6.147,648.718,649.950
1353,6.145,648.743,649.969
1354,6.144,648.768,649.988
1355,6.143,648.792,650.008
1356,6.141,648.815,650.027
1357,6.140,648.839,650.045
1358,6.139,648.863,650.064
1359,6.138,648.887,650.083
1360,6.136,648.910,650.101
1361,6.135,648.933,650.119
1362,6.134,648.955,650.137
1363,6.133,648.978,650.154
1364,6.131,649.000,650.172
1365,6.130,649.022,650.189
1366,6.129,649.044,650.208
1367,6.127,649.066,650.224
1368,6.126,649.088,650.242
1369,6.125,649.109,650.258
1370,6.124,649.131,650.275
1371,6.122,649.152,650.292
1372,6.121,649.173,650.308
1373,6.120,649.194,650.324
1374,6.119,649.215,650.341
1375,6.117,649.234,650.357
1376,6.116,649.254,650.373
1377,6.115,649.275,650.389
1378,6.114,649.295,650.404
1379,6.113,649.315,650.420
1380,6.111,649.334,650.435
1381,6.110,649.353,650.450
1382,6.109,649.373,650.466
1383,6.108,649.392,650.481
1384,6.106,649.411,650.496
1385,6.105,649.430,650.511
1386,6.104,649.448,650.526
1387,6.103,649.467,650.540
1388,6.102,649.486,650.554
1389,6.100,649.504,650.569
1390,6.099,649.522,650.583
1391,6.098,649.540,650.598
1392,6.097,649.558,650.611
1393,6.096,649.576,650.625
1394,6.094,649.593,650.639
1395,6.093,649.610,650.654
1396,6.092,649.628,650.666
1397,6.091,649.645,650.680
1398,6.090,649.662,650.694
1399,6.089,649.679,650.707
1400,6.087,649.696,650.721
1401,6.086,649.712,650.733
1402,6.085,649.729,650.746
1403,6.084,649.745,650.759
1404,6.083,649.762,650.773
1405,6.082,649.778,650.785
1406,6.080,649.794,650.798
1407,6.079,649.810,650.810
1408,6.078,649.826,650.822
1409,6.077,649.842,650.835
1410,6.076,649.858,650.848
1411,6.075,649.873,650.860
1412,6.073,649.888,650.872
1413,6.072,649.904,650.884
1414,6.071,649.918,650.895
1415,6.070,649.934,650.908
1416,6.069,649.949,650.920
1417,6.068,649.963,650.931
1418,6.067,649.978,650.943
1419,6.065,649.993,650.954
1420,6.064,650.007,650.966
1421,6.063,650.022,650.978
1422,6.062,650.036,650.989
1423,6.061,650.050,651.000
1424,6.060,650.065,651.012
1425,6.059,650.079,651.022
1426,6.058,650.093,651.033
1427,6.057,650.107,651.044
1428,6.055,650.121,651.055
1429,6.054,650.135,651.066
1430,6.053,650.148,651.076
1431,6.052,650.161,651.088
1432,6.051,650.175,651.098
1433,6.050,650.188,651.109
1434,6.049,650.201,651.119
1435,6.048,650.215,651.130
1436,6.047,650.228,651.139
1437,6.046,650.241,651.150
1438,6.045,650.254,651.160
1439,6.043,650.267,651.170
1440,6.042,650.280,651.180
1441,6.041,650.292,651.190
1442,6.040,650.304,651.200
1443,6.039,650.318,651.210
1444,6.038,650.330,651.220
1445,6.037,650.342,651.229
1446,6.036,650.354,651.239
1447,6.035,650.367,651.249
1448,6.034,650.379,651.259
1449,6.033,650.391,651.268
1450,6.032,650.403,651.277
1451,6.031,650.415,651.287
1452,6.030,650.427,651.296
1453,6.029,650.439,651.306
1454,6.027,650.450,651.315
1455,6.026,650.462,651.325
1456,6.025,650.474,651.333
1457,6.024,650.485,651.342
1458,6.023,650.496,651.352
1459,6.022,650.508,651.360
1460,6.021,650.519,651.370
1461,6.020,650.531,651.378
1462,6.019,650.542,651.387
1463,6.018,650.553,651.395
1464,6.017,650.564,651.405
1465,6.016,650.575,651.413
1466,6.015,650.586,651.421
1467,6.014,650.597,651.430
1468,6.013,650.607,651.439
1469,6.012,650.618,651.447
1470,6.011,650.629,651.455
1471,6.010,650.639,651.464
1472,6.009,650.650,651.472
1473,6.008,650.660,651.481
1474,6.007,650.671,651.489
1475,6.006,650.681,651.497
1476,6.005,650.692,651.505
1477,6.004,650.702,651.514
1478,6.003,650.713,651.521
1479,6.002,650.723,651.529
1480,6.001,650.733,651.538
1481,6.000,650.743,651.546
1482,5.999,650.753,651.553
1483,5.998,650.763,651.561
1484,5.997,650.773,651.569
1485,5.996,650.783,651.577
1486,5.995,650.793,651.584
1487,5.994,650.802,651.592
1488,5.993,650.812,651.600
1489,5.992,650.821,651.608
1490,5.991,650.830,651.614
1491,5.990,650.840,651.623
1492,5.989,650.850,651.630
1493,5.988,650.859,651.637
1494,5.987,650.869,651.644
1495,5.986,650.878,651.652
1496,5.985,650.888,651.660
1497,5.984,650.896,651.667
1498,5.983,650.906,651.674
1499,5.982,650.915,651.681
1500,5.981,650.924,651.689
1501,5.981,650.933,651.696
1502,5.980,650.942,651.703
1503,5.979,650.951,651.710
1504,5.978,650.960,651.716
1505,5.977,650.969,651.724
1506,5.976,650.978,651.731
1507,5.975,650.987,651.738
1508,5.974,650.995,651.744
1509,5.973,651.004,651.752
1510,5.972,651.013,651.758
1511,5.971,651.021,651.765
1512,5.970,651.030,651.772
1513,5.969,651.038,651.779
1514,5.968,651.047,651.785
1515,5.967,651.055,651.792
1516,5.966,651.064,651.799
1517,5.965,651.073,651.805
1518,5.965,651.081,651.812
1519,5.964,651.089,651.818
1520,5.963,651.097,651.825
1521,5.962,651.105,651.831
1522,5.961,651.113,651.838
1523,5.960,651.122,651.845
1524,5.959,651.130,651.851
1525,5.958,651.138,651.857
1526,5.957,651.146,651.864
1527,5.956,651.154,651.870
1528,5.955,651.162,651.876
1529,5.955,651.170,651.882
1530,5.954,651.178,651.888
1531,5.953,651.185,651.894
1532,5.952,651.193,651.900
1533,5.951,651.201,651.907
1534,5.950,651.209,651.913
1535,5.949,651.216,651.919
1536,5.948,651.224,651.925
1537,5.947,651.232,651.931
1538,5.946,651.240,651.937
1539,5.946,651.247,651.943
1540,5.945,651.255,651.949
1541,5.944,651.262,651.955
1542,5.943,651.270,651.961
1543,5.942,651.277,651.967
1544,5.941,651.284,651.972
1545,5.940,651.292,651.979
1546,5.939,651.300,651.985
1547,5.939,651.307,651.990
1548,5.938,651.314,651.996
1549,5.937,651.321,652.002
1550,5.936,651.328,652.007
1551,5.935,651.336,652.013
1552,5.934,651.343,652.019
1553,5.933,651.350,652.024
1554,5.932,651.357,652.030
1555,5.932,651.365,652.035
1556,5.931,651.371,652.041
1557,5.930,651.378,652.047
1558,5.929,651.386,652.052
1559,5.928,651.392,652.058
1560,5.927,651.399,652.063
1561,5.926,651.406,652.069
1562,5.926,651.413,652.074
1563,5.925,651.420,652.080
1564,5.924,651.427,652.084
1565,5.923,651.433,652.090
1566,5.922,651.440,652.096
1567,5.921,651.446,652.101
1568,5.921,651.453,652.106
1569,5.920,651.460,652.112
1570,5.919,651.466,652.117
1571,5.918,651.473,652.121
1572,5.917,651.480,652.128
1573,5.916,651.486,652.132
1574,5.916,651.493,652.138
1575,5.915,651.500,652.142
1576,5.914,651.506,652.148
1577,5.913,651.513,652.153
1578,5.912,651.519,652.158
1579,5.911,651.525,652.163
1580,5.911,651.532,652.168
1581,5.910,651.539,652.174
1582,5.909,651.544,652.178
1583,5.908,651.551,652.184
1584,5.907,651.557,652.188
1585,5.906,651.563,652.193
1586,5.906,651.570,652.198
1587,5.905,651.576,652.202
1588,5.904,651.582,652.208
1589,5.903,651.588,652.212
1590,5.902,651.595,652.218
1591,5.902,651.600,652.222
1592,5.901,651.607,652.228
1593,5.900,651.613,652.232
1594,5.899,651.619,652.237
1595,5.898,651.625,652.242
1596,5.898,651.631,652.246
1597,5.897,651.637,652.251
1598,5.896,651.643,652.255
1599,5.895,651.649,652.261
1600,5.894,651.655,652.265
1601,5.894,651.661,652.270
1602,5.893,651.666,652.274
1603,5.892,651.672,652.280
1604,5.891,651.679,652.284
1605,5.890,651.684,652.288
1606,5.890,651.690,652.293
1607,5.889,651.696,652.297
1608,5.888,651.702,652.302
1609,5.887,651.707,652.306
1610,5.887,651.713,652.312
1611,5.886,651.718,652.315
1612,5.885,651.724,652.320
1613,5.884,651.730,652.325
1614,5.883,651.735,652.329
1615,5.883,651.741,652.334
1616,5.882,651.747,652.338
1617,5.881,651.753,652.343
1618,5.880,651.758,652.346
1619,5.880,651.764,652.352
1620,5.879,651.769,652.355
1621,5.878,651.774,652.360
1622,5.877,651.780,652.364
1623,5.877,651.785,652.369
1624,5.876,651.791,652.373
1625,5.875,651.796,652.377
1626,5.874,651.802,652.382
1627,5.874,651.807,652.385
1628,5.873,651.812,652.390
1629,5.872,651.817,652.394
1630,5.871,651.823,652.398
1631,5.870,651.829,652.402
1632,5.870,651.834,652.407
1633,5.869,651.839,652.411
1634,5.868,651.844,652.415
1635,5.867,651.850,652.419
1636,5.867,651.854,652.423
1637,5.866,651.860,652.428
1638,5.865,651.865,652.431
1639,5.865,651.870,652.435
1640,5.864,651.875,652.439
1641,5.863,651.880,652.444
1642,5.862,651.886,652.448
1643,5.862,651.891,652.452
1644,5.861,651.896,652.456
1645,5.860,651.900,652.459
1646,5.859,651.906,652.464
1647,5.859,651.911,652.467
1648,5.858,651.916,652.471
1649,5.857,651.921,652.475
1650,5.856,651.926,652.480
1651,5.856,651.931,652.483
1652,5.855,651.936,652.488
1653,5.854,651.941,652.491
1654,5.854,651.946,652.495
1655,5.853,651.951,652.499
1656,5.852,651.955,652.503
1657,5.851,651.960,652.506
1658,5.851,651.965,652.510
1659,5.850,651.970,652.514
1660,5.849,651.975,652.518
1661,5.849,651.980,652.522
1662,5.848,651.984,652.526
1663,5.847,651.990,652.530
1664,5.846,651.994,652.534
1665,5.846,651.998,652.537
1666,5.845,652.003,652.540
1667,5.844,652.008,652.544
1668,5.844,652.013,652.548
1669,5.843,652.017,652.552
1670,5.842,652.022,652.556
1671,5.841,652.027,652.559
1672,5.841,652.032,652.563
1673,5.840,652.036,652.567
1674,5.839,652.041,652.571
1675,5.839,652.045,652.574
1676,5.838,652.049,652.577
1677,5.837,652.054,652.581
1678,5.837,652.059,652.585
1679,5.836,652.064,652.588
1680,5.835,652.068,652.592
1681,5.834,652.073,652.596
1682,5.834,652.077,652.599
1683,5.833,652.082,652.603
1684,5.832,652.086,652.607
1685,5.832,652.090,652.610
1686,5.831,652.095,652.613
1687,5.830,652.099,652.617
1688,5.830,652.104,652.620
1689,5.829,652.108,652.624
1690,5.828,652.113,652.627
1691,5.828,652.117,652.631
1692,5.827,652.121,652.634
1693,5.826,652.125,652.638
1694,5.826,652.130,652.641
1695,5.825,652.134,652.644
1696,5.824,652.139,652.648
1697,5.823,652.143,652.651
1698,5.823,652.147,652.654
1699,5.822,652.151,652.658
1700,5.821,652.155,652.661
1701,5.821,652.160,652.664
1702,5.820,652.164,652.668
1703,5.819,652.168,652.671
1704,5.819,652.172,652.674
1705,5.818,652.177,652.678
1706,5.817,652.181,652.681
1707,5.817,652.185,652.684
1708,5.816,652.189,652.688
1709,5.815,652.193,652.691
1710,5.815,652.197,652.694
1711,5.814,652.201,652.698
1712,5.813,652.206,652.701
1713,5.813,652.209,652.704
1714,5.812,652.214,652.708
1715,5.812,652.218,652.710
1716,5.811,652.222,652.714
1717,5.810,652.226,652.717
1718,5.810,652.230,652.720
1719,5.809,652.234,652.724
1720,5.808,652.238,652.727
1721,5.808,652.242,652.730
1722,5.807,652.246,652.733
1723,5.806,652.250,652.736
1724,5.806,652.254,652.739
1725,5.805,652.258,652.743
1726,5.804,652.262,652.746
1727,5.804,652.266,652.749
1728,5.803,652.270,652.752
1729,5.802,652.274,652.755
1730,5.802,652.277,652.758
1731,5.801,652.282,652.761
1732,5.801,652.285,652.764
1733,5.800,652.289,652.767
1734,5.799,652.293,652.770
1735,5.799,652.297,652.773
1736,5.798,652.300,652.776
1737,5.797,652.304,652.780
1738,5.797,652.308,652.782
1739,5.796,652.312,652.785
1740,5.795,652.316,652.788
1741,5.795,652.319,652.791
1742,5.794,652.323,652.794
1743,5.794,652.327,652.798
1744,5.793,652.331,652.800
1745,5.792,652.334,652.803
1746,5.792,652.338,652.806
1747,5.791,652.342,652.809
1748,5.790,652.346,652.812
1749,5.790,652.350,652.815
1750,5.789,652.353,652.818
1751,5.789,652.357,652.821
1752,5.788,652.360,652.824
1753,5.787,652.364,652.826
1754,5.787,652.368,652.830
1755,5.786,652.372,652.832
1756,5.785,652.375,652.835
1757,5.785,652.379,652.839
1758,5.784,652.382,652.841
1759,5.784,652.385,652.844
1760,5.783,652.390,652.847
1761,5.782,652.393,652.850
1762,5.782,652.396,652.852
1763,5.781,652.400,652.855
1764,5.781,652.404,652.858
1765,5.780,652.407,652.861
1766,5.779,652.411,652.864
1767,5.779,652.414,652.866
1768,5.778,652.417,652.869
1769,5.778,652.421,652.872
1770,5.777,652.425,652.875
1771,5.776,652.428,652.877
1772,5.776,652.432,652.880
1773,5.775,652.435,652.883
1774,5.774,652.439,652.886
1775,5.774,652.442,652.889
1776,5.773,652.445,652.891
1777,5.773,652.449,652.894
1778,5.772,652.452,652.897
1779,5.772,652.455,652.899
1780,5.771,652.459,652.902
1781,5.770,652.462,652.904
1782,5.770,652.465,652.907
1783,5.769,652.469,652.910
1784,5.769,652.472,652.913
1785,5.768,652.475,652.915
1786,5.767,652.479,652.918
1787,5.767,652.482,652.921
1788,5.766,652.485,652.923
1789,5.766,652.489,652.926
1790,5.765,652.492,652.928
1791,5.764,652.495,652.931
1792,5.764,652.499,652.934
1793,5.763,652.502,652.936
1794,5.763,652.505,652.938
1795,5.762,652.509,652.942
1796,5.761,652.512,652.944
1797,5.761,652.516,652.947
1798,5.760,652.519,652.949
1799,5.760,652.522,652.951
1800,5.759,652.525,652.955
1801,5.759,652.528,652.957
1802,5.758,652.531,652.959
1803,5.757,652.535,652.962
1804,5.757,652.538,652.965
1805,5.756,652.541,652.967
1806,5.756,652.544,652.969
1807,5.755,652.547,652.972
1808,5.755,652.550,652.975
1809,5.754,652.554,652.977
1810,5.753,652.557,652.979
1811,5.753,652.560,652.982
1812,5.752,652.563,652.985
1813,5.752,652.566,652.987
1814,5.751,652.569,652.989
1815,5.751,652.572,652.992
1816,5.750,652.575,652.994
1817,5.749,652.579,652.997
1818,5.749,652.582,652.999
1819,5.748,652.584,653.001
1820,5.748,652.588,653.004
1821,5.747,652.591,653.007
1822,5.747,652.594,653.009
1823,5.746,652.597,653.011
1824,5.746,652.600,653.013
1825,5.745,652.603,653.016
1826,5.744,652.606,653.019
1827,5.744,652.609,653.021
1828,5.743,652.612,653.023
1829,5.743,652.615,653.025
1830,5.742,652.618,653.028
1831,5.742,652.621,653.030
1832,5.741,652.624,653.033
1833,5.741,652.627,653.035
1834,5.740,652.630,653.038
1835,5.739,652.633,653.040
1836,5.739,652.635,653.042
1837,5.738,652.639,653.044
1838,5.738,652.642,653.047
1839,5.737,652.644,653.049
1840,5.737,652.648,653.051
1841,5.736,652.650,653.054
1842,5.736,652.653,653.056
1843,5.735,652.656,653.059
1844,5.735,652.659,653.060
1845,5.734,652.661,653.063
1846,5.733,652.665,653.065
1847,5.733,652.668,653.068
1848,5.732,652.670,653.070
1849,5.732,652.673,653.072
1850,5.731,652.676,653.074
1851,5.731,652.679,653.077
1852,5.730,652.682,653.079
1853,5.730,652.684,653.081
1854,5.729,652.687,653.083
1855,5.729,652.690,653.086
1856,5.728,652.693,653.088
1857,5.728,652.696,653.090
1858,5.727,652.698,653.092
1859,5.726,652.701,653.095
1860,5.726,652.704,653.097
1861,5.725,652.707,653.099
1862,5.725,652.709,653.101
1863,5.724,652.712,653.103
1864,5.724,652.715,653.105
1865,5.723,652.718,653.107
1866,5.723,652.721,653.110
1867,5.722,652.723,653.112
1868,5.722,652.726,653.114
1869,5.721,652.729,653.116
1870,5.721,652.731,653.118
1871,5.720,652.734,653.120
1872,5.720,652.737,653.123
1873,5.719,652.739,653.125
1874,5.719,652.742,653.127
1875,5.718,652.745,653.129
1876,5.717,652.748,653.131
1877,5.717,652.750,653.133
1878,5.716,652.753,653.135
1879,5.716,652.755,653.137
1880,5.715,652.758,653.139
1881,5.715,652.761,653.142
1882,5.714,652.763,653.144
1883,5.714,652.766,653.146
1884,5.713,652.768,653.147
1885,5.713,652.771,653.150
1886,5.712,652.774,653.152
1887,5.712,652.776,653.154
1888,5.711,652.779,653.156
1889,5.711,652.782,653.158
1890,5.710,652.784,653.160
1891,5.710,652.787,653.162
1892,5.709,652.789,653.164
1893,5.709,652.792,653.167
1894,5.708,652.795,653.168
1895,5.708,652.797,653.170
1896,5.707,652.799,653.172
1897,5.707,652.802,653.174
1898,5.706,652.805,653.177
1899,5.706,652.807,653.178
1900,5.705,652.810,653.180
1901,5.705,652.812,653.182
1902,5.704,652.815,653.185
1903,5.704,652.817,653.186
1904,5.703,652.820,653.188
1905,5.703,652.822,653.190
1906,5.702,652.825,653.192
1907,5.702,652.827,653.194
1908,5.701,652.830,653.196
1909,5.701,652.832,653.198
1910,5.700,652.835,653.201
1911,5.700,652.837,653.202
1912,5.699,652.839,653.204
1913,5.699,652.842,653.206
1914,5.698,652.844,653.207
1915,5.698,652.847,653.210
1916,5.697,652.849,653.212
1917,5.697,652.851,653.214
1918,5.696,652.854,653.215
1919,5.696,652.857,653.218
1920,5.695,652.859,653.220
1921,5.695,652.861,653.221
1922,5.694,652.863,653.223
1923,5.694,652.866,653.226
1924,5.693,652.869,653.227
1925,5.693,652.871,653.229
1926,5.692,652.873,653.231
1927,5.692,652.876,653.233
1928,5.691,652.878,653.235
1929,5.691,652.880,653.237
1930,5.690,652.882,653.238
1931,5.690,652.885,653.240
1932,5.689,652.888,653.242
1933,5.689,652.890,653.244
1934,5.688,652.892,653.246
1935,5.688,652.894,653.248
1936,5.687,652.897,653.250
1937,5.687,652.899,653.251
1938,5.686,652.901,653.253
1939,5.686,652.903,653.255
1940,5.686,652.906,653.257
1941,5.685,652.908,653.259
1942,5.685,652.910,653.261
1943,5.684,652.912,653.262
1944,5.684,652.915,653.265
1945,5.683,652.917,653.266
1946,5.683,652.919,653.268
1947,5.682,652.922,653.270
1948,5.682,652.925,653.272
1949,5.681,652.927,653.273
1950,5.681,652.929,653.275
1951,5.680,652.931,653.277
1952,5.680,652.934,653.279
1953,5.679,652.936,653.281
1954,5.679,652.938,653.282
1955,5.678,652.940,653.284
1956,5.678,652.942,653.286
1957,5.677,652.945,653.288
1958,5.677,652.946,653.289
1959,5.677,652.948,653.291
1960,5.676,652.950,653.293
1961,5.676,652.953,653.295
1962,5.675,652.955,653.296
1963,5.675,652.957,653.298
1964,5.674,652.959,653.299
1965,5.674,652.962,653.301
1966,5.673,652.964,653.303
1967,5.673,652.966,653.305
1968,5.672,652.968,653.307
1969,5.672,652.971,653.309
1970,5.671,652.973,653.310
1971,5.671,652.975,653.312
1972,5.670,652.977,653.313
1973,5.670,652.979,653.316
1974,5.670,652.981,653.317
1975,5.669,652.983,653.319
1976,5.669,652.985,653.321
1977,5.668,652.987,653.322
1978,5.668,652.990,653.324
1979,5.667,652.992,653.326
1980,5.667,652.994,653.327
1981,5.666,652.996,653.329
1982,5.666,652.998,653.331
1983,5.665,653.000,653.332
1984,5.665,653.002,653.334
1985,5.665,653.004,653.336
1986,5.664,653.007,653.337
1987,5.664,653.009,653.339
1988,5.663,653.011,653.340
1989,5.663,653.012,653.342
1990,5.662,653.015,653.344
1991,5.662,653.017,653.345
1992,5.661,653.019,653.347
1993,5.661,653.021,653.349
1994,5.660,653.023,653.350
1995,5.660,653.025,653.352
1996,5.660,653.027,653.353
1997,5.659,653.029,653.355
1998,5.659,653.031,653.357
1999,5.658,653.033,653.358
2000,5.658,653.035,653.360
2001,5.657,653.037,653.362
2002,5.657,653.039,653.363
2003,5.656,653.041,653.365
2004,5.656,653.043,653.367
2005,5.656,653.045,653.368
2006,5.655,653.047,653.369
2007,5.655,653.049,653.371
2008,5.654,653.051,653.372
2009,5.654,653.053,653.374
2010,5.653,653.055,653.376
2011,5.653,653.057,653.378
2012,5.652,653.059,653.379
2013,5.652,653.061,653.381
2014,5.652,653.063,653.382
2015,5.651,653.065,653.384
2016,5.651,653.067,653.385
2017,5.650,653.069,653.387
2018,5.650,653.071,653.388
2019,5.649,653.073,653.390
2020,5.649,653.075,653.392
2021,5.649,653.077,653.393
2022,5.648,653.078,653.394
2023,5.648,653.081,653.396
2024,5.647,653.083,653.397
2025,5.647,653.085,653.399
2026,5.646,653.086,653.401
2027,5.646,653.088,653.402
2028,5.646,653.090,653.404
2029,5.645,653.092,653.405
2030,5.645,653.094,653.407
2031,5.644,653.095,653.408
2032,5.644,653.098,653.410
2033,5.643,653.099,653.411
2034,5.643,653.101,653.413
2035,5.643,653.103,653.414
2036,5.642,653.106,653.416
2037,5.642,653.107,653.417
2038,5.641,653.109,653.419
2039,5.641,653.111,653.420
2040,5.640,653.113,653.422
2041,5.640,653.114,653.423
2042,5.640,653.116,653.425
2043,5.639,653.118,653.426
2044,5.639,653.120,653.428
2045,5.638,653.122,653.429
2046,5.638,653.124,653.430
2047,5.637,653.125,653.432
2048,5.637,653.128,653.434
2049,5.637,653.129,653.435
2050,5.636,653.131,653.437
2051,5.636,653.133,653.438
2052,5.635,653.135,653.440
2053,5.635,653.137,653.441
2054,5.634,653.138,653.442
2055,5.634,653.140,653.443
2056,5.634,653.142,653.445
2057,5.633,653.144,653.446
2058,5.633,653.145,653.448
2059,5.632,653.147,653.450
2060,5.632,653.149,653.451
2061,5.632,653.151,653.453
2062,5.631,653.153,653.454
2063,5.631,653.154,653.455
2064,5.630,653.156,653.456
2065,5.630,653.158,653.458
2066,5.629,653.160,653.459
2067,5.629,653.162,653.461
2068,5.629,653.163,653.462
2069,5.628,653.165,653.464
2070,5.628,653.167,653.465
2071,5.627,653.168,653.466
2072,5.627,653.170,653.468
2073,5.627,653.172,653.469
2074,5.626,653.174,653.470
2075,5.626,653.176,653.472
2076,5.625,653.177,653.474
2077,5.625,653.179,653.475
2078,5.625,653.181,653.476
2079,5.624,653.182,653.477
2080,5.624,653.184,653.478
2081,5.623,653.185,653.480
2082,5.623,653.187,653.481
2083,5.623,653.189,653.482
2084,5.622,653.191,653.484
2085,5.622,653.193,653.486
2086,5.621,653.195,653.487
2087,5.621,653.196,653.488
2088,5.621,653.198,653.490
2089,5.620,653.199,653.491
2090,5.620,653.201,653.492
2091,5.619,653.203,653.493
2092,5.619,653.205,653.495
2093,5.619,653.206,653.496
2094,5.618,653.208,653.498
2095,5.618,653.210,653.499
2096,5.617,653.211,653.500
2097,5.617,653.213,653.501
2098,5.617,653.214,653.503
2099,5.616,653.216,653.504
2100,5.616,653.218,653.506
2101,5.615,653.219,653.507
2102,5.615,653.221,653.509
2103,5.615,653.223,653.509
2104,5.614,653.224,653.511
2105,5.614,653.226,653.512
2106,5.613,653.228,653.513
2107,5.613,653.229,653.514
2108,5.613,653.231,653.516
2109,5.612,653.233,653.517
2110,5.612,653.234,653.519
2111,5.611,653.236,653.520
2112,5.611,653.237,653.521
2113,5.611,653.239,653.522
2114,5.610,653.240,653.523
2115,5.610,653.242,653.525
2116,5.609,653.243,653.526
2117,5.609,653.245,653.528
2118,5.609,653.247,653.529
2119,5.608,653.249,653.530
2120,5.608,653.250,653.532
2121,5.607,653.252,653.532
2122,5.607,653.253,653.534
2123,5.607,653.255,653.535
2124,5.606,653.256,653.536
2125,5.606,653.258,653.538
2126,5.606,653.260,653.539
2127,5.605,653.261,653.540
2128,5.605,653.263,653.541
2129,5.604,653.264,653.543
2130,5.604,653.266,653.544
2131,5.604,653.267,653.545
2132,5.603,653.269,653.546
2133,5.603,653.271,653.548
2134,5.602,653.272,653.549
2135,5.602,653.274,653.550
2136,5.602,653.275,653.552
2137,5.601,653.277,653.552
2138,5.601,653.278,653.554
2139,5.601,653.280,653.555
2140,5.600,653.281,653.556
2141,5.600,653.283,653.558
2142,5.599,653.284,653.559
2143,5.599,653.286,653.560
2144,5.599,653.287,653.561
2145,5.598,653.289,653.562
2146,5.598,653.290,653.563
2147,5.598,653.292,653.565
2148,5.597,653.293,653.566
2149,5.597,653.295,653.568
2150,5.596,653.297,653.569
2151,5.596,653.298,653.570
2152,5.596,653.300,653.571
2153,5.595,653.301,653.572
2154,5.595,653.302,653.573
2155,5.595,653.304,653.574
2156,5.594,653.305,653.575
2157,5.594,653.307,653.576
2158,5.593,653.309,653.578
2159,5.593,653.310,653.579
2160,5.593,653.311,653.580
2161,5.592,653.313,653.582
2162,5.592,653.314,653.582
2163,5.592,653.315,653.584
2164,5.591,653.317,653.585
2165,5.591,653.318,653.586
2166,5.590,653.320,653.588
2167,5.590,653.322,653.589
2168,5.590,653.323,653.590
2169,5.589,653.324,653.591
2170,5.589,653.326,653.592
2171,5.589,653.327,653.593
2172,5.588,653.329,653.594
2173,5.588,653.330,653.595
2174,5.587,653.332,653.597
2175,5.587,653.333,653.598
2176,5.587,653.335,653.599
2177,5.586,653.336,653.600
2178,5.586,653.337,653.601
2179,5.586,653.339,653.602
2180,5.585,653.340,653.603
2181,5.585,653.341,653.604
2182,5.585,653.343,653.606
2183,5.584,653.345,653.607
2184,5.584,653.346,653.608
2185,5.583,653.347,653.609
2186,5.583,653.349,653.610
2187,5.583,653.350,653.611
2188,5.582,653.351,653.612
2189,5.582,653.353,653.613
2190,5.582,653.355,653.615
2191,5.581,653.356,653.616
2192,5.581,653.357,653.617
2193,5.581,653.359,653.618
2194,5.580,653.360,653.619
2195,5.580,653.361,653.620
2196,5.579,653.362,653.621
2197,5.579,653.364,653.622
2198,5.579,653.365,653.623
2199,5.578,653.367,653.625
2200,5.578,653.368,653.626
2201,5.578,653.370,653.627
2202,5.577,653.371,653.628
2203,5.577,653.372,653.629
2204,5.577,653.373,653.630
2205,5.576,653.375,653.631
2206,5.576,653.376,653.632
2207,5.576,653.378,653.634
2208,5.575,653.379,653.634
2209,5.575,653.381,653.636
2210,5.574,653.382,653.636
2211,5.574,653.383,653.638
2212,5.574,653.384,653.638
2213,5.573,653.385,653.639
2214,5.573,653.387,653.640
2215,5.573,653.389,653.642
2216,5.572,653.390,653.643
2217,5.572,653.391,653.644
2218,5.572,653.392,653.645
2219,5.571,653.394,653.646
2220,5.571,653.395,653.647
2221,5.571,653.396,653.648
2222,5.570,653.397,653.649
2223,5.570,653.399,653.651
2224,5.570,653.400,653.652
2225,5.569,653.402,653.653
2226,5.569,653.403,653.653
2227,5.569,653.404,653.655
2228,5.568,653.405,653.655
2229,5.568,653.407,653.656
2230,5.567,653.408,653.657
2231,5.567,653.410,653.659
2232,5.567,653.411,653.660
2233,5.566,653.412,653.661
2234,5.566,653.413,653.662
2235,5.566,653.415,653.663
2236,5.565,653.416,653.664
2237,5.565,653.417,653.665
2238,5.565,653.418,653.666
2239,5.564,653.420,653.667
2240,5.564,653.421,653.668
2241,5.564,653.423,653.669
2242,5.563,653.424,653.670
2243,5.563,653.425,653.671
2244,5.563,653.426,653.672
2245,5.562,653.427,653.673
2246,5.562,653.428,653.674
2247,5.562,653.429,653.675
2248,5.561,653.431,653.676
2249,5.561,653.433,653.677
2250,5.561,653.434,653.678
2251,5.560,653.435,653.679
2252,5.560,653.436,653.680
2253,5.560,653.437,653.681
2254,5.559,653.438,653.682
2255,5.559,653.439,653.683
2256,5.559,653.441,653.684
2257,5.558,653.443,653.685
2258,5.558,653.444,653.686
2259,5.558,653.445,653.687
2260,5.557,653.446,653.688
2261,5.557,653.447,653.689
2262,5.557,653.448,653.690
2263,5.556,653.449,653.691
2264,5.556,653.451,653.692
2265,5.556,653.452,653.693
2266,5.555,653.454,653.694
2267,5.555,653.455,653.695
2268,5.555,653.456,653.696
2269,5.554,653.457,653.696
2270,5.554,653.458,653.698
2271,5.554,653.459,653.698
2272,5.553,653.461,653.700
2273,5.553,653.462,653.701
2274,5.553,653.463,653.702
2275,5.552,653.464,653.703
2276,5.552,653.465,653.703
2277,5.552,653.466,653.704
2278,5.551,653.468,653.705
2279,5.551,653.469,653.706
2280,5.551,653.471,653.708
2281,5.550,653.472,653.708
2282,5.550,653.473,653.709
2283,5.550,653.474,653.710
2284,5.549,653.475,653.711
2285,5.549,653.476,653.712
2286,5.549,653.477,653.713
2287,5.548,653.478,653.714
2288,5.548,653.480,653.715
2289,5.548,653.481,653.716
2290,5.547,653.482,653.717
2291,5.547,653.483,653.718
2292,5.547,653.484,653.719
2293,5.546,653.485,653.720
2294,5.546,653.487,653.720
2295,5.546,653.488,653.721
2296,5.545,653.490,653.723
2297,5.545,653.491,653.723
2298,5.545,653.492,653.724
2299,5.544,653.493,653.725
2300,5.544,653.494,653.726
2301,5.544,653.495,653.727
2302,5.543,653.496,653.728
2303,5.543,653.497,653.728
2304,5.543,653.499,653.730
2305,5.542,653.500,653.731
2306,5.542,653.501,653.732
2307,5.542,653.502,653.733
2308,5.541,653.503,653.733
2309,5.541,653.504,653.734
2310,5.541,653.505,653.735
2311,5.541,653.506,653.736
2312,5.540,653.507,653.737
2313,5.540,653.509,653.738
2314,5.540,653.510,653.739
2315,5.539,653.511,653.740
2316,5.539,653.512,653.741
2317,5.539,653.513,653.741
2318,5.538,653.514,653.742
2319,5.538,653.515,653.743
2320,5.538,653.516,653.744
2321,5.537,653.518,653.745
2322,5.537,653.519,653.746
2323,5.537,653.520,653.747
2324,5.536,653.521,653.748
2325,5.536,653.522,653.749
2326,5.536,653.523,653.749
2327,5.535,653.524,653.750
2328,5.535,653.525,653.751
2329,5.535,653.527,653.752
2330,5.534,653.528,653.753
2331,5.534,653.529,653.754
2332,5.534,653.530,653.755
2333,5.534,653.531,653.756
2334,5.533,653.532,653.756
2335,5.533,653.533,653.757
2336,5.533,653.534,653.758
2337,5.532,653.535,653.760
2338,5.532,653.536,653.760
2339,5.532,653.537,653.761
2340,5.531,653.538,653.762
2341,5.531,653.539,653.763
2342,5.531,653.540,653.763
2343,5.530,653.541,653.764
2344,5.530,653.542,653.765
2345,5.530,653.544,653.766
2346,5.529,653.545,653.767
2347,5.529,653.546,653.768
2348,5.529,653.547,653.769
2349,5.529,653.548,653.769
2350,5.528,653.549,653.770
2351,5.528,653.550,653.771
2352,5.528,653.551,653.772
2353,5.527,653.553,653.773
2354,5.527,653.554,653.774
2355,5.527,653.554,653.775
2356,5.526,653.555,653.775
2357,5.526,653.556,653.776
2358,5.526,653.557,653.777
2359,5.525,653.558,653.778
2360,5.525,653.559,653.778
2361,5.525,653.561,653.780
2362,5.525,653.562,653.781
2363,5.524,653.563,653.781
2364,5.524,653.564,653.782
2365,5.524,653.565,653.783
2366,5.523,653.566,653.784
2367,5.523,653.567,653.784
2368,5.523,653.567,653.785
2369,5.522,653.569,653.787
2370,5.522,653.570,653.787
2371,5.522,653.571,653.788
2372,5.522,653.572,653.789
2373,5.521,653.573,653.790
2374,5.521,653.574,653.790
2375,5.521,653.575,653.791
2376,5.520,653.576,653.792
2377,5.520,653.577,653.793
2378,5.520,653.578,653.794
2379,5.519,653.579,653.794
2380,5.519,653.580,653.795
2381,5.519,653.581,653.796
2382,5.518,653.582,653.797
2383,5.518,653.583,653.797
2384,5.518,653.584,653.798
2385,5.518,653.586,653.800
2386,5.517,653.586,653.800
2387,5.517,653.587,653.801
2388,5.517,653.588,653.802
2389,5.516,653.589,653.802
2390,5.516,653.590,653.803
2391,5.516,653.591,653.804
2392,5.516,653.592,653.804
2393,5.515,653.593,653.806
2394,5.515,653.594,653.807
2395,5.515,653.595,653.807
2396,5.514,653.596,653.808
2397,5.514,653.597,653.809
2398,5.514,653.598,653.810
2399,5.513,653.599,653.810
2400,5.513,653.600,653.811
2401,5.513,653.601,653.812
2402,5.513,653.602,653.813
2403,5.512,653.603,653.814
2404,5.512,653.604,653.814
2405,5.512,653.605,653.815
2406,5.511,653.606,653.816
2407,5.511,653.607,653.816
2408,5.511,653.607,653.817
2409,5.510,653.609,653.818
2410,5.510,653.610,653.819
2411,5.510,653.611,653.820
2412,5.510,653.612,653.821
2413,5.509,653.613,653.821
2414,5.509,653.613,653.822
2415,5.509,653.614,653.823
2416,5.508,653.615,653.823
2417,5.508,653.616,653.824
2418,5.508,653.618,653.825
2419,5.508,653.619,653.826
2420,5.507,653.619,653.827
2421,5.507,653.620,653.827
2422,5.507,653.621,653.828
2423,5.506,653.622,653.829
2424,5.506,653.623,653.829
2425,5.506,653.624,653.830
2426,5.506,653.625,653.831
2427,5.505,653.626,653.832
2428,5.505,653.627,653.833
2429,5.505,653.628,653.833
2430,5.504,653.629,653.834
2431,5.504,653.629,653.835
2432,5.504,653.630,653.835
2433,5.504,653.631,653.836
2434,5.503,653.633,653.837
2435,5.503,653.634,653.838
2436,5.503,653.634,653.839
2437,5.502,653.635,653.839
2438,5.502,653.636,653.840
2439,5.502,653.637,653.841
2440,5.502,653.638,653.841
2441,5.501,653.639,653.842
2442,5.501,653.640,653.843
2443,5.501,653.641,653.844
2444,5.500,653.642,653.845
2445,5.500,653.643,653.845
2446,5.500,653.643,653.846
2447,5.500,653.644,653.847
2448,5.499,653.645,653.847
2449,5.499,653.646,653.848
2450,5.499,653.647,653.849
2451,5.498,653.648,653.850
2452,5.498,653.649,653.850
2453,5.498,653.650,653.851
2454,5.498,653.651,653.852
2455,5.497,653.651,653.852
2456,5.497,653.652,653.853
2457,5.497,653.653,653.854
2458,5.496,653.655,653.855
2459,5.496,653.655,653.856
2460,5.496,653.656,653.856
2461,5.496,653.657,653.857
2462,5.495,653.658,653.858
2463,5.495,653.659,653.858
2464,5.495,653.659,653.859
2465,5.494,653.660,653.859
2466,5.494,653.662,653.861
2467,5.494,653.663,653.861
2468,5.494,653.663,653.862
2469,5.493,653.664,653.863
2470,5.493,653.665,653.863
2471,5.493,653.666,653.864
2472,5.493,653.667,653.864
2473,5.492,653.667,653.865
2474,5.492,653.669,653.866
2475,5.492,653.670,653.867
2476,5.491,653.670,653.868
2477,5.491,653.671,653.868
2478,5.491,653.672,653.869
2479,5.491,653.673,653.869
2480,5.490,653.674,653.870
2481,5.490,653.674,653.871
2482,5.490,653.676,653.872
2483,5.490,653.677,653.873
2484,5.489,653.677,653.873
2485,5.489,653.678,653.874
2486,5.489,653.679,653.874
2487,5.488,653.680,653.875
2488,5.488,653.680,653.876
2489,5.488,653.681,653.876
2490,5.488,653.683,653.877
2491,5.487,653.683,653.878
2492,5.487,653.684,653.879
2493,5.487,653.685,653.879
2494,5.486,653.686,653.880
2495,5.486,653.686,653.880
2496,5.486,653.687,653.881
2497,5.486,653.688,653.882
2498,5.485,653.689,653.883
2499,5.485,653.690,653.884
2500,5.485,653.691,653.884
2501,5.485,653.692,653.885
2502,5.484,653.692,653.885
2503,5.484,653.693,653.886
2504,5.484,653.694,653.886
2505,5.484,653.695,653.887
2506,5.483,653.696,653.888
2507,5.483,653.697,653.889
2508,5.483,653.698,653.890
2509,5.482,653.698,653.890
2510,5.482,653.699,653.891
2511,5.482,653.700,653.891
2512,5.482,653.701,653.892
2513,5.481,653.701,653.892
2514,5.481,653.703,653.894
2515,5.481,653.704,653.894
2516,5.481,653.704,653.895
2517,5.480,653.705,653.895
2518,5.480,653.706,653.896
2519,5.480,653.707,653.897
2520,5.480,653.707,653.897
2521,5.479,653.708,653.898
2522,5.479,653.709,653.899
2523,5.479,653.710,653.899
2524,5.478,653.711,653.900
2525,5.478,653.712,653.901
2526,5.478,653.712,653.901
2527,5.478,653.713,653.902
2528,5.477,653.714,653.902
2529,5.477,653.714,653.903
2530,5.477,653.716,653.904
2531,5.477,653.717,653.905
2532,5.476,653.717,653.905
2533,5.476,653.718,653.906
2534,5.476,653.719,653.906
2535,5.476,653.719,653.907
2536,5.475,653.720,653.907
2537,5.475,653.721,653.908
2538,5.475,653.722,653.909
2539,5.474,653.723,653.910
2540,5.474,653.724,653.910
2541,5.474,653.724,653.911
2542,5.474,653.725,653.912
2543,5.473,653.726,653.912
2544,5.473,653.727,653.913
2545,5.473,653.727,653.913
2546,5.473,653.729,653.914
2547,5.472,653.729,653.915
2548,5.472,653.730,653.915
2549,5.472,653.731,653.916
2550,5.472,653.731,653.916
2551,5.471,653.732,653.917
2552,5.471,653.733,653.918
2553,5.471,653.734,653.918
2554,5.471,653.735,653.919
2555,5.470,653.736,653.920
2556,5.470,653.736,653.920
2557,5.470,653.737,653.921
2558,5.470,653.738,653.922
2559,5.469,653.738,653.922
2560,5.469,653.739,653.923
2561,5.469,653.740,653.923
2562,5.469,653.741,653.924
2563,5.468,653.742,653.925
2564,5.468,653.742,653.925
2565,5.468,653.743,653.926
2566,5.467,653.744,653.926
2567,5.467,653.745,653.927
2568,5.467,653.745,653.927
2569,5.467,653.746,653.928
2570,5.466,653.747,653.929
2571,5.466,653.748,653.930
2572,5.466,653.749,653.930
2573,5.466,653.749,653.931
2574,5.465,653.750,653.931
2575,5.465,653.751,653.932
2576,5.465,653.751,653.932
2577,5.465,653.752,653.933
2578,5.464,653.753,653.934
2579,5.464,653.754,653.935
2580,5.464,653.755,653.935
2581,5.464,653.755,653.936
2582,5.463,653.756,653.936
2583,5.463,653.757,653.937
2584,5.463,653.757,653.937
2585,5.463,653.758,653.938
2586,5.462,653.759,653.939
2587,5.462,653.760,653.939
2588,5.462,653.761,653.940
2589,5.462,653.761,653.940
2590,5.461,653.762,653.941
2591,5.461,653.763,653.941
2592,5.461,653.763,653.942
2593,5.461,653.764,653.942
2594,5.460,653.765,653.944
2595,5.460,653.766,653.944
2596,5.460,653.767,653.945
2597,5.460,653.767,653.945
2598,5.459,653.768,653.946
2599,5.459,653.768,653.946
2600,5.459,653.769,653.947
2601,5.459,653.770,653.947
2602,5.458,653.771,653.948
2603,5.458,653.772,653.949
2604,5.458,653.772,653.949
2605,5.458,653.773,653.950
2606,5.457,653.774,653.950
2607,5.457,653.774,653.951
2608,5.457,653.775,653.951
2609,5.457,653.776,653.952
2610,5.456,653.777,653.953
2611,5.456,653.778,653.954
2612,5.456,653.778,653.954
2613,5.456,653.779,653.955
2614,5.455,653.779,653.955
2615,5.455,653.780,653.956
2616,5.455,653.781,653.956
2617,5.455,653.781,653.957
2618,5.454,653.783,653.958
2619,5.454,653.783,653.958
2620,5.454,653.784,653.959
2621,5.454,653.784,653.959
2622,5.453,653.785,653.960
2623,5.453,653.786,653.960
2624,5.453,653.786,653.961
2625,5.453,653.787,653.961
2626,5.452,653.788,653.962
2627,5.452,653.789,653.963
2628,5.452,653.790,653.963
2629,5.452,653.790,653.964
2630,5.451,653.791,653.964
2631,5.451,653.791,653.965
2632,5.451,653.792,653.965
2633,5.451,653.793,653.966
2634,5.451,653.794,653.967
2635,5.450,653.794,653.967
2636,5.450,653.795,653.968
2637,5.450,653.796,653.968
2638,5.450,653.796,653.969
2639,5.449,653.797,653.969
2640,5.449,653.798,653.970
2641,5.449,653.799,653.971
2642,5.449,653.799,653.971
2643,5.448,653.800,653.972
2644,5.448,653.801,653.972
2645,5.448,653.801,653.973
2646,5.448,653.802,653.973
2647,5.447,653.802,653.974
2648,5.447,653.803,653.974
2649,5.447,653.804,653.975
2650,5.447,653.805,653.976
2651,5.446,653.806,653.976
2652,5.446,653.806,653.976
2653,5.446,653.807,653.977
2654,5.446,653.807,653.977
2655,5.445,653.808,653.978
2656,5.445,653.809,653.978
2657,5.445,653.810,653.979
2658,5.445,653.810,653.980
2659,5.444,653.811,653.980
2660,5.444,653.812,653.981
2661,5.444,653.812,653.981
2662,5.444,653.813,653.982
2663,5.444,653.813,653.982
2664,5.443,653.814,653.983
2665,5.443,653.815,653.984
2666,5.443,653.816,653.984
2667,5.443,653.816,653.985
2668,5.442,653.817,653.985
2669,5.442,653.817,653.985
2670,5.442,653.818,653.986
2671,5.442,653.819,653.986
2672,5.441,653.819,653.987
2673,5.441,653.820,653.988
2674,5.441,653.821,653.988
2675,5.441,653.822,653.989
2676,5.440,653.822,653.989
2677,5.440,653.823,653.990
2678,5.440,653.823,653.990
2679,5.440,653.824,653.991
2680,5.440,653.825,653.991
2681,5.439,653.826,653.992
2682,5.439,653.826,653.993
2683,5.439,653.827,653.993
2684,5.439,653.827,653.994
2685,5.438,653.828,653.994
2686,5.438,653.829,653.995
2687,5.438,653.829,653.995
2688,5.438,653.830,653.995
2689,5.437,653.831,653.996
2690,5.437,653.831,653.997
2691,5.437,653.832,653.997
2692,5.437,653.833,653.998
2693,5.436,653.833,653.998
2694,5.436,653.834,653.999
2695,5.436,653.834,653.999
2696,5.436,653.835,653.999
2697,5.436,653.836,654.000
2698,5.435,653.837,654.001
2699,5.435,653.837,654.001
2700,5.435,653.838,654.002
2701,5.435,653.838,654.002
2702,5.434,653.839,654.003
2703,5.434,653.839,654.003
2704,5.434,653.840,654.004
2705,5.434,653.841,654.005
2706,5.433,653.842,654.005
2707,5.433,653.842,654.006
2708,5.433,653.843,654.006
2709,5.433,653.843,654.006
2710,5.433,653.844,654.007
2711,5.432,653.845,654.007
2712,5.432,653.845,654.008
2713,5.432,653.846,654.009
2714,5.432,653.847,654.009
2715,5.431,653.847,654.009
2716,5.431,653.848,654.010
2717,5.431,653.848,654.010
2718,5.431,653.849,654.011
2719,5.431,653.850,654.011
2720,5.430,653.850,654.012
2721,5.430,653.851,654.013
2722,5.430,653.852,654.013
2723,5.430,653.852,654.014
2724,5.429,653.853,654.014
2725,5.429,653.853,654.014
2726,5.429,653.854,654.015
2727,5.429,653.855,654.015
2728,5.428,653.855,654.016
2729,5.428,653.856,654.017
2730,5.428,653.857,654.017
2731,5.428,653.857,654.017
2732,5.428,653.858,654.018
2733,5.427,653.858,654.018
2734,5.427,653.859,654.019
2735,5.427,653.859,654.019
2736,5.427,653.860,654.020
2737,5.426,653.861,654.021
2738,5.426,653.862,654.021
2739,5.426,653.862,654.021
2740,5.426,653.863,654.022
2741,5.426,653.863,654.022
2742,5.425,653.864,654.023
2743,5.425,653.864,654.023
2744,5.425,653.865,654.024
2745,5.425,653.866,654.024
2746,5.424,653.866,654.025
2747,5.424,653.867,654.025
2748,5.424,653.867,654.026
2749,5.424,653.868,654.026
2750,5.424,653.869,654.027
2751,5.423,653.869,654.027
2752,5.423,653.870,654.028
2753,5.423,653.871,654.028
2754,5.423,653.871,654.029
2755,5.422,653.872,654.029
2756,5.422,653.872,654.029
2757,5.422,653.873,654.030
2758,5.422,653.873,654.030
2759,5.422,653.874,654.031
2760,5.421,653.875,654.032
2761,5.421,653.875,654.032
2762,5.421,653.876,654.033
2763,5.421,653.876,654.033
2764,5.420,653.877,654.033
2765,5.420,653.878,654.034
2766,5.420,653.878,654.034
2767,5.420,653.879,654.035
2768,5.420,653.880,654.035
2769,5.419,653.880,654.036
2770,5.419,653.881,654.036
2771,5.419,653.881,654.037
2772,5.419,653.882,654.037
2773,5.418,653.882,654.038
2774,5.418,653.883,654.038
2775,5.418,653.883,654.038
2776,5.418,653.884,654.039
2777,5.418,653.885,654.040
2778,5.417,653.885,654.040
2779,5.417,653.886,654.040
2780,5.417,653.886,654.041
2781,5.417,653.887,654.041
2782,5.416,653.887,654.042
2783,5.416,653.888,654.042
2784,5.416,653.889,654.043
2785,5.416,653.889,654.043
2786,5.416,653.890,654.044
2787,5.415,653.890,654.044
2788,5.415,653.891,654.044
2789,5.415,653.891,654.045
2790,5.415,653.892,654.045
2791,5.415,653.892,654.046
2792,5.414,653.893,654.047
2793,5.414,653.894,654.047
2794,5.414,653.894,654.047
2795,5.414,653.895,654.048
2796,5.413,653.895,654.048
2797,5.413,653.896,654.049
2798,5.413,653.896,654.049
2799,5.413,653.897,654.049
2800,5.413,653.898,654.050
2801,5.412,653.898,654.051
2802,5.412,653.899,654.051
2803,5.412,653.899,654.051
2804,5.412,653.900,654.052
2805,5.412,653.900,654.052
2806,5.411,653.901,654.053
2807,5.411,653.901,654.053
2808,5.411,653.902,654.054
2809,5.411,653.903,654.054
2810,5.410,653.903,654.055
2811,5.410,653.904,654.055
2812,5.410,653.904,654.055
2813,5.410,653.905,654.056
2814,5.410,653.905,654.056
2815,5.409,653.906,654.057
2816,5.409,653.907,654.057
2817,5.409,653.907,654.058
2818,5.409,653.908,654.058
2819,5.409,653.908,654.059
2820,5.408,653.909,654.059
2821,5.408,653.909,654.059
2822,5.408,653.910,654.060
2823,5.408,653.910,654.060
2824,5.407,653.911,654.061
2825,5.407,653.912,654.061
2826,5.407,653.912,654.062
2827,5.407,653.913,654.062
2828,5.407,653.913,654.062
2829,5.406,653.914,654.063
2830,5.406,653.914,654.063
2831,5.406,653.915,654.064
2832,5.406,653.916,654.064
2833,5.406,653.916,654.065
2834,5.405,653.917,654.065
2835,5.405,653.917,654.066
2836,5.405,653.917,654.066
2837,5.405,653.918,654.066
2838,5.405,653.918,654.067
2839,5.404,653.919,654.067
2840,5.404,653.920,654.068
2841,5.404,653.920,654.068
2842,5.404,653.921,654.069
2843,5.403,653.921,654.069
2844,5.403,653.922,654.069
2845,5.403,653.922,654.070
2846,5.403,653.923,654.070
2847,5.403,653.924,654.071
2848,5.402,653.924,654.071
2849,5.402,653.925,654.072
2850,5.402,653.925,654.072
2851,5.402,653.926,654.072
2852,5.402,653.926,654.073
2853,5.401,653.926,654.073
2854,5.401,653.927,654.073
2855,5.401,653.928,654.074
2856,5.401,653.928,654.075
2857,5.401,653.929,654.075
2858,5.400,653.929,654.075
2859,5.400,653.930,654.076
2860,5.400,653.930,654.076
2861,5.400,653.931,654.076
2862,5.400,653.931,654.077
2863,5.399,653.932,654.078
2864,5.399,653.933,654.078
2865,5.399,653.933,654.078
2866,5.399,653.933,654.079
2867,5.399,653.934,654.079
2868,5.398,653.934,654.079
2869,5.398,653.935,654.080
2870,5.398,653.935,654.080
2871,5.398,653.936,654.081
2872,5.397,653.937,654.081
2873,5.397,653.937,654.082
2874,5.397,653.938,654.082
2875,5.397,653.938,654.082
2876,5.397,653.939,654.083
2877,5.396,653.939,654.083
2878,5.396,653.939,654.084
2879,5.396,653.940,654.084
2880,5.396,653.941,654.085
2881,5.396,653.941,654.085
2882,5.395,653.942,654.085
2883,5.395,653.942,654.086
2884,5.395,653.943,654.086
2885,5.395,653.943,654.087
2886,5.395,653.943,654.087
2887,5.394,653.944,654.087
2888,5.394,653.945,654.088
2889,5.394,653.945,654.088
2890,5.394,653.946,654.089
2891,5.394,653.946,654.089
2892,5.393,653.947,654.089
2893,5.393,653.947,654.090
2894,5.393,653.948,654.090
2895,5.393,653.948,654.091
2896,5.393,653.949,654.091
2897,5.392,653.949,654.092
2898,5.392,653.950,654.092
2899,5.392,653.950,654.092
2900,5.392,653.951,654.093
2901,5.392,653.951,654.093
2902,5.391,653.952,654.094
2903,5.391,653.952,654.094
2904,5.391,653.953,654.094
2905,5.391,653.953,654.095
2906,5.391,653.954,654.095
2907,5.390,653.954,654.095
2908,5.390,653.955,654.096
2909,5.390,653.955,654.096
2910,5.390,653.956,654.097
2911,5.390,653.956,654.097
2912,5.389,653.957,654.097
2913,5.389,653.957,654.098
2914,5.389,653.958,654.098
2915,5.389,653.958,654.099
2916,5.389,653.959,654.099
2917,5.388,653.959,654.099
2918,5.388,653.960,654.100
2919,5.388,653.960,654.100
2920,5.388,653.961,654.101
2921,5.388,653.961,654.101
2922,5.387,653.962,654.101
2923,5.387,653.962,654.102
2924,5.387,653.962,654.102
2925,5.387,653.963,654.102
2926,5.387,653.964,654.103
2927,5.386,653.964,654.103
2928,5.386,653.965,654.104
2929,5.386,653.965,654.104
2930,5.386,653.965,654.104
2931,5.386,653.966,654.105
2932,5.385,653.966,654.105
2933,5.385,653.967,654.106
2934,5.385,653.968,654.106
2935,5.385,653.968,654.106
2936,5.385,653.968,654.107
2937,5.385,653.969,654.107
2938,5.384,653.969,654.108
2939,5.384,653.970,654.108
2940,5.384,653.970,654.108
2941,5.384,653.971,654.109
2942,5.384,653.971,654.109
2943,5.383,653.972,654.110
2944,5.383,653.972,654.110
2945,5.383,653.973,654.110
2946,5.383,653.973,654.111
2947,5.383,653.973,654.111
2948,5.382,653.974,654.111
2949,5.382,653.974,654.112
2950,5.382,653.975,654.112
2951,5.382,653.976,654.113
2952,5.382,653.976,654.113
2953,5.381,653.976,654.113
2954,5.381,653.977,654.114
2955,5.381,653.977,654.114
2956,5.381,653.978,654.114
2957,5.381,653.978,654.115
2958,5.380,653.979,654.115
2959,5.380,653.979,654.116
2960,5.380,653.980,654.116
2961,5.380,653.980,654.116
2962,5.380,653.981,654.117
2963,5.379,653.981,654.117
2964,5.379,653.981,654.117
2965,5.379,653.982,654.118
2966,5.379,653.983,654.118
2967,5.379,653.983,654.119
2968,5.379,653.983,654.119
2969,5.378,653.984,654.119
2970,5.378,653.984,654.120
2971,5.378,653.985,654.120
2972,5.378,653.985,654.120
2973,5.378,653.986,654.121
2974,5.377,653.986,654.121
2975,5.377,653.987,654.122
2976,5.377,653.987,654.122
2977,5.377,653.988,654.122
2978,5.377,653.988,654.122
2979,5.376,653.988,654.123
2980,5.376,653.989,654.123
2981,5.376,653.990,654.124
2982,5.376,653.990,654.124
2983,5.376,653.990,654.124
2984,5.375,653.991,654.125
2985,5.375,653.991,654.125
2986,5.375,653.992,654.126
2987,5.375,653.992,654.126
2988,5.375,653.992,654.126
2989,5.375,653.993,654.127
2990,5.374,653.994,654.127
2991,5.374,653.994,654.127
2992,5.374,653.994,654.128
2993,5.374,653.995,654.128
2994,5.374,653.995,654.128
2995,5.373,653.996,654.129
2996,5.373,653.996,654.129
2997,5.373,653.997,654.130
2998,5.373,653.997,654.130
2999,5.373,653.998,654.130
3000,5.372,653.998,654.131
3001,5.372,653.998,654.131
3002,5.372,653.998,654.131
3003,5.372,653.998,654.131
3004,5.372,653.998,654.131
3005,5.372,653.998,654.131
3006,5.372,653.998,654.131
3007,5.372,653.998,654.131
3008,5.372,653.998,654.131
3009,5.372,653.998,654.131
3010,5.372,653.998,654.131
3011,5.372,653.998,654.131
3012,5.372,653.998,654.131
3013,5.372,653.998,654.131
3014,5.372,653.998,654.131
3015,5.372,653.998,654.131
3016,5.372,653.998,654.131
3017,5.372,653.998,654.131
3018,5.372,653.998,654.131
3019,5.372,653.998,654.131
3020,5.372,653.998,654.131
3021,5.372,653.998,654.131
3022,5.372,653.998,654.131
3023,5.372,653.998,654.131
3024,5.372,653.998,654.131
3025,5.372,653.998,654.131
3026,5.372,653.998,654.131
3027,5.372,653.998,654.131
3028,5.372,653.998,654.131
3029,5.372,653.998,654.131
3030,5.372,653.998,654.131
3031,5.372,653.998,654.131
3032,5.372,653.998,654.131
3033,5.372,653.998,654.131
3034,5.372,653.998,654.131
3035,5.372,653.998,654.131
3036,5.372,653.998,654.131
3037,5.372,653.998,654.131
3038,5.372,653.998,654.131
3039,5.372,653.998,654.131
3040,5.372,653.998,654.131
3041,5.372,653.998,654.131
3042,5.372,653.998,654.131
3043,5.372,653.998,654.131
3044,5.372,653.998,654.131
3045,5.372,653.998,654.131
3046,5.372,653.998,654.131
3047,5.372,653.998,654.131
3048,5.372,653.998,654.131
3049,5.372,653.998,654.131
3050,5.372,653.998,654.131
3051,5.372,653.998,654.131
3052,5.372,653.998,654.131
3053,5.372,653.998,654.131
3054,5.372,653.998,654.131
3055,5.372,653.998,654.131
3056,5.372,653.998,654.131
3057,5.372,653.998,654.131
3058,5.372,653.998,654.131
3059,5.372,653.998,654.131
3060,5.372,653.998,654.131
3061,5.372,653.998,654.131
3062,5.372,653.998,654.131
3063,5.372,653.998,654.131
3064,5.372,653.998,654.131
3065,5.372,653.998,654.131
3066,5.372,653.998,654.131
3067,5.372,653.998,654.131
3068,5.372,653.998,654.131
3069,5.372,653.998,654.131
3070,5.372,653.998,654.131
3071,5.372,653.998,654.131
3072,5.372,653.998,654.131
3073,5.372,653.998,654.131
3074,5.372,653.998,654.131
3075,5.372,653.998,654.131
3076,5.372,653.998,654.131
3077,5.372,653.998,654.131
3078,5.372,653.998,654.131
3079,5.372,653.998,654.131
3080,5.372,653.998,654.131
3081,5.372,653.998,654.131
3082,5.372,653.998,654.131
3083,5.372,653.998,654.131
3084,5.372,653.998,654.131
3085,5.372,653.998,654.131
3086,5.372,653.998,654.131
3087,5.372,653.998,654.131
3088,5.372,653.998,654.131
3089,5.372,653.998,654.131
3090,5.372,653.998,654.131
3091,5.372,653.998,654.131
3092,5.372,653.998,654.131
3093,5.372,653.998,654.131
3094,5.372,653.998,654.131
3095,5.372,653.998,654.131
3096,5.372,653.998,654.131
3097,5.372,653.998,654.131
3098,5.372,653.998,654.131
3099,5.372,653.998,654.131
3100,5.372,653.998,654.131
3101,5.372,653.998,654.131
3102,5.372,653.998,654.131
3103,5.372,653.998,654.131
3104,5.372,653.998,654.131
3105,5.372,653.998,654.131
3106,5.372,653.998,654.131
3107,5.372,653.998,654.131
3108,5.372,653.998,654.131
3109,5.372,653.998,654.131
3110,5.372,653.998,654.131
3111,5.372,653.998,654.131
3112,5.372,653.998,654.131
3113,5.372,653.998,654.131
3114,5.372,653.998,654.131
3115,5.372,653.998,654.131
3116,5.372,653.998,654.131
3117,5.372,653.998,654.131
3118,5.372,653.998,654.131
3119,5.372,653.998,654.131
3120,5.372,653.998,654.131
3121,5.372,653.998,654.131
3122,5.372,653.998,654.131
3123,5.372,653.998,654.131
3124,5.372,653.998,654.131
3125,5.372,653.998,654.131
3126,5.372,653.998,654.131
3127,5.372,653.998,654.131
3128,5.372,653.998,654.131
3129,5.372,653.998,654.131
3130,5.372,653.998,654.131
3131,5.372,653.998,654.131
3132,5.372,653.998,654.131
3133,5.372,653.998,654.131
3134,5.372,653.998,654.131
3135,5.372,653.998,654.131
3136,5.372,653.998,654.131
3137,5.372,653.998,654.131
3138,5.372,653.998,654.131
3139,5.372,653.998,654.131
3140,5.372,653.998,654.131
3141,5.372,653.998,654.131
3142,5.372,653.998,654.131
3143,5.372,653.998,654.131
3144,5.372,653.998,654.131
3145,5.372,653.998,654.131
3146,5.372,653.998,654.131
3147,5.372,653.998,654.131
3148,5.372,653.998,654.131
3149,5.372,653.998,654.131
3150,5.372,653.998,654.131
3151,5.372,653.998,654.131
3152,5.372,653.998,654.131
3153,5.372,653.998,654.131
3154,5.372,653.998,654.131
3155,5.372,653.998,654.131
3156,5.372,653.998,654.131
3157,5.372,653.998,654.131
3158,5.372,653.998,654.131
3159,5.372,653.998,654.131
3160,5.372,653.998,654.131
3161,5.372,653.998,654.131
3162,5.372,653.998,654.131
3163,5.372,653.998,654.131
3164,5.372,653.998,654.131
3165,5.372,653.998,654.131
3166,5.372,653.998,654.131
3167,5.372,653.998,654.131
3168,5.372,653.998,654.131
3169,5.372,653.998,654.131
3170,5.372,653.998,654.131
3171,5.372,653.998,654.131
3172,5.372,653.998,654.131
3173,5.372,653.998,654.131
3174,5.372,653.998,654.131
3175,5.372,653.998,654.131
3176,5.372,653.998,654.131
3177,5.372,653.998,654.131
3178,5.372,653.998,654.131
3179,5.372,653.998,654.131
3180,5.372,653.998,654.131
3181,5.372,653.998,654.131
3182,5.372,653.998,654.131
3183,5.372,653.998,654.131
3184,5.372,653.998,654.131
3185,5.372,653.998,654.131
3186,5.372,653.998,654.131
3187,5.372,653.998,654.131
3188,5.372,653.998,654.131
3189,5.372,653.998,654.131
3190,5.372,653.998,654.131
3191,5.372,653.998,654.131
3192,5.372,653.998,654.131
3193,5.372,653.998,654.131
3194,5.372,653.998,654.131
3195,5.372,653.998,654.131
3196,5.372,653.998,654.131
3197,5.372,653.998,654.131
3198,5.372,653.998,654.131
3199,5.372,653.998,654.131
3200,5.372,653.998,654.131
3201,5.372,653.998,654.131
3202,5.372,653.998,654.131
3203,5.372,653.998,654.131
3204,5.372,653.998,654.131
3205,5.372,653.998,654.131
3206,5.372,653.998,654.131
3207,5.372,653.998,654.131
3208,5.372,653.998,654.131
3209,5.372,653.998,654.131
3210,5.372,653.998,654.131
3211,5.372,653.998,654.131
3212,5.372,653.998,654.131
3213,5.372,653.998,654.131
3214,5.372,653.998,654.131
3215,5.372,653.998,654.131
3216,5.372,653.998,654.131
3217,5.372,653.998,654.131
3218,5.372,653.998,654.131
3219,5.372,653.998,654.131
3220,5.372,653.998,654.131
3221,5.372,653.998,654.131
3222,5.372,653.998,654.131
3223,5.372,653.998,654.131
3224,5.372,653.998,654.131
3225,5.372,653.998,654.131
3226,5.372,653.998,654.131
3227,5.372,653.998,654.131
3228,5.372,653.998,654.131
3229,5.372,653.998,654.131
3230,5.372,653.998,654.131
3231,5.372,653.998,654.131
3232,5.372,653.998,654.131
3233,5.372,653.998,654.131
3234,5.372,653.998,654.131
3235,5.372,653.998,654.131
3236,5.372,653.998,654.131
3237,5.372,653.998,654.131
3238,5.372,653.998,654.131
3239,5.372,653.998,654.131
3240,5.372,653.998,654.131
3241,5.372,653.998,654.131
3242,5.372,653.998,654.131
3243,5.372,653.998,654.131
3244,5.372,653.998,654.131
3245,5.372,653.998,654.131
3246,5.372,653.998,654.131
3247,5.372,653.998,654.131
3248,5.372,653.998,654.131
3249,5.372,653.998,654.131
3250,5.372,653.998,654.131
3251,5.372,653.998,654.131
3252,5.372,653.998,654.131
3253,5.372,653.998,654.131
3254,5.372,653.998,654.131
3255,5.372,653.998,654.131
3256,5.372,653.998,654.131
3257,5.372,653.998,654.131
3258,5.372,653.998,654.131
3259,5.372,653.998,654.131
3260,5.372,653.998,654.131
3261,5.372,653.998,654.131
3262,5.372,653.998,654.131
3263,5.372,653.998,654.131
3264,5.372,653.998,654.131
3265,5.372,653.998,654.131
3266,5.372,653.998,654.131
3267,5.372,653.998,654.131
3268,5.372,653.998,654.131
3269,5.372,653.998,654.131
3270,5.372,653.998,654.131
3271,5.372,653.998,654.131
3272,5.372,653.998,654.131
3273,5.372,653.998,654.131
3274,5.372,653.998,654.131
3275,5.372,653.998,654.131
3276,5.372,653.998,654.131
3277,5.372,653.998,654.131
3278,5.372,653.998,654.131
3279,5.372,653.998,654.131
3280,5.372,653.998,654.131
3281,5.372,653.998,654.131
3282,5.372,653.998,654.131
3283,5.372,653.998,654.131
3284,5.372,653.998,654.131
3285,5.372,653.998,654.131
3286,5.372,653.998,654.131
3287,5.372,653.998,654.131
3288,5.372,653.998,654.131
3289,5.372,653.998,654.131
3290,5.372,653.998,654.131
3291,5.372,653.998,654.131
3292,5.372,653.998,654.131
3293,5.372,653.998,654.131
3294,5.372,653.998,654.131
3295,5.372,653.998,654.131
3296,5.372,653.998,654.131
3297,5.372,653.998,654.131
3298,5.372,653.998,654.131
3299,5.372,653.998,654.131
3300,5.372,653.998,654.131
3301,5.372,653.998,654.131
3302,5.372,653.998,654.131
3303,5.372,653.998,654.131
3304,5.372,653.998,654.131
3305,5.372,653.998,654.131
3306,5.372,653.998,654.131
3307,5.372,653.998,654.131
3308,5.372,653.998,654.131
3309,5.372,653.998,654.131
3310,5.372,653.998,654.131
3311,5.372,653.998,654.131
3312,5.372,653.998,654.131
3313,5.372,653.998,654.131
3314,5.372,653.998,654.131
3315,5.372,653.998,654.131
3316,5.372,653.998,654.131
3317,5.372,653.998,654.131
3318,5.372,653.998,654.131
3319,5.372,653.998,654.131
3320,5.372,653.998,654.131
3321,5.372,653.998,654.131
3322,5.372,653.998,654.131
3323,5.372,653.998,654.131
3324,5.372,653.998,654.131
3325,5.372,653.998,654.131
3326,5.372,653.998,654.131
3327,5.372,653.998,654.131
3328,5.372,653.998,654.131
3329,5.372,653.998,654.131
3330,5.372,653.998,654.131
3331,5.372,653.998,654.131
3332,5.372,653.998,654.131
3333,5.372,653.998,654.131
3334,5.372,653.998,654.131
3335,5.372,653.998,654.131
3336,5.372,653.998,654.131
3337,5.372,653.998,654.131
3338,5.372,653.998,654.131
3339,5.372,653.998,654.131
3340,5.372,653.998,654.131
3341,5.372,653.998,654.131
3342,5.372,653.998,654.131
3343,5.372,653.998,654.131
3344,5.372,653.998,654.131
3345,5.372,653.998,654.131
3346,5.372,653.998,654.131
3347,5.372,653.998,654.131
3348,5.372,653.998,654.131
3349,5.372,653.998,654.131
3350,5.372,653.998,654.131
3351,5.372,653.998,654.131
3352,5.372,653.998,654.131
3353,5.372,653.998,654.131
3354,5.372,653.998,654.131
3355,5.372,653.998,654.131
3356,5.372,653.998,654.131
3357,5.372,653.998,654.131
3358,5.372,653.998,654.131
3359,5.372,653.998,654.131
3360,5.372,653.998,654.131
3361,5.372,653.998,654.131
3362,5.372,653.998,654.131
3363,5.372,653.998,654.131
3364,5.372,653.998,654.131
3365,5.372,653.998,654.131
3366,5.372,653.998,654.131
3367,5.372,653.998,654.131
3368,5.372,653.998,654.131
3369,5.372,653.998,654.131
3370,5.372,653.998,654.131
3371,5.372,653.998,654.131
3372,5.372,653.998,654.131
3373,5.372,653.998,654.131
3374,5.372,653.998,654.131
3375,5.372,653.998,654.131
3376,5.372,653.998,654.131
3377,5.372,653.998,654.131
3378,5.372,653.998,654.131
3379,5.372,653.998,654.131
3380,5.372,653.998,654.131
3381,5.372,653.998,654.131
3382,5.372,653.998,654.131
3383,5.372,653.998,654.131
3384,5.372,653.998,654.131
3385,5.372,653.998,654.131
3386,5.372,653.998,654.131
3387,5.372,653.998,654.131
3388,5.372,653.998,654.131
3389,5.372,653.998,654.131
3390,5.372,653.998,654.131
3391,5.372,653.998,654.131
3392,5.372,653.998,654.131
3393,5.372,653.998,654.131
3394,5.372,653.998,654.131
3395,5.372,653.998,654.131
3396,5.372,653.998,654.131
3397,5.372,653.998,654.131
3398,5.372,653.998,654.131
3399,5.372,653.998,654.131
3400,5.372,653.998,654.131
3401,5.372,653.998,654.131
3402,5.372,653.998,654.131
3403,5.372,653.998,654.131
3404,5.372,653.998,654.131
3405,5.372,653.998,654.131
3406,5.372,653.998,654.131
3407,5.372,653.998,654.131
3408,5.372,653.998,654.131
3409,5.372,653.998,654.131
3410,5.372,653.998,654.131
3411,5.372,653.998,654.131
3412,5.372,653.998,654.131
3413,5.372,653.998,654.131
3414,5.372,653.998,654.131
3415,5.372,653.998,654.131
3416,5.372,653.998,654.131
3417,5.372,653.998,654.131
3418,5.372,653.998,654.131
3419,5.372,653.998,654.131
3420,5.372,653.998,654.131
3421,5.372,653.998,654.131
3422,5.372,653.998,654.131
3423,5.372,653.998,654.131
3424,5.372,653.998,654.131
3425,5.372,653.998,654.131
3426,5.372,653.998,654.131
3427,5.372,653.998,654.131
3428,5.372,653.998,654.131
3429,5.372,653.998,654.131
3430,5.372,653.998,654.131
3431,5.372,653.998,654.131
3432,5.372,653.998,654.131
3433,5.372,653.998,654.131
3434,5.372,653.998,654.131
3435,5.372,653.998,654.131
3436,5.372,653.998,654.131
3437,5.372,653.998,654.131
3438,5.372,653.998,654.131
3439,5.372,653.998,654.131
3440,5.372,653.998,654.131
3441,5.372,653.998,654.131
3442,5.372,653.998,654.131
3443,5.372,653.998,654.131
3444,5.372,653.998,654.131
3445,5.372,653.998,654.131
3446,5.372,653.998,654.131
3447,5.372,653.998,654.131
3448,5.372,653.998,654.131
3449,5.372,653.998,654.131
3450,5.372,653.998,654.131
3451,5.372,653.998,654.131
3452,5.372,653.998,654.131
3453,5.372,653.998,654.131
3454,5.372,653.998,654.131
3455,5.372,653.998,654.131
3456,5.372,653.998,654.131
3457,5.372,653.998,654.131
3458,5.372,653.998,654.131
3459,5.372,653.998,654.131
3460,5.372,653.998,654.131
3461,5.372,653.998,654.131
3462,5.372,653.998,654.131
3463,5.372,653.998,654.131
3464,5.372,653.998,654.131
3465,5.372,653.998,654.131
3466,5.372,653.998,654.131
3467,5.372,653.998,654.131
3468,5.372,653.998,654.131
3469,5.372,653.998,654.131
3470,5.372,653.998,654.131
3471,5.372,653.998,654.131
3472,5.372,653.998,654.131
3473,5.372,653.998,654.131
3474,5.372,653.998,654.131
3475,5.372,653.998,654.131
3476,5.372,653.998,654.131
3477,5.372,653.998,654.131
3478,5.372,653.998,654.131
3479,5.372,653.998,654.131
3480,5.372,653.998,654.131
3481,5.372,653.998,654.131
3482,5.372,653.998,654.131
3483,5.372,653.998,654.131
3484,5.372,653.998,654.131
3485,5.372,653.998,654.131
3486,5.372,653.998,654.131
3487,5.372,653.998,654.131
3488,5.372,653.998,654.131
3489,5.372,653.998,654.131
3490,5.372,653.998,654.131
3491,5.372,653.998,654.131
3492,5.372,653.998,654.131
3493,5.372,653.998,654.131
3494,5.372,653.998,654.131
3495,5.372,653.998,654.131
3496,5.372,653.998,654.131
3497,5.372,653.998,654.131
3498,5.372,653.998,654.131
3499,5.372,653.998,654.131
3500,5.372,653.998,654.131
3501,5.372,653.998,654.131
3502,5.372,653.998,654.131
3503,5.372,653.998,654.131
3504,5.372,653.998,654.131
3505,5.372,653.998,654.131
3506,5.372,653.998,654.131
3507,5.372,653.998,654.131
3508,5.372,653.998,654.131
3509,5.372,653.998,654.131
3510,5.372,653.998,654.131
3511,5.372,653.998,654.131
3512,5.372,653.998,654.131
3513,5.372,653.998,654.131
3514,5.372,653.998,654.131
3515,5.372,653.998,654.131
3516,5.372,653.998,654.131
3517,5.372,653.998,654.131
3518,5.372,653.998,654.131
3519,5.372,653.998,654.131
3520,5.372,653.998,654.131
3521,5.372,653.998,654.131
3522,5.372,653.998,654.131
3523,5.372,653.998,654.131
3524,5.372,653.998,654.131
3525,5.372,653.998,654.131
3526,5.372,653.998,654.131
3527,5.372,653.998,654.131
3528,5.372,653.998,654.131
3529,5.372,653.998,654.131
3530,5.372,653.998,654.131
3531,5.372,653.998,654.131
3532,5.372,653.998,654.131
3533,5.372,653.998,654.131
3534,5.372,653.998,654.131
3535,5.372,653.998,654.131
3536,5.372,653.998,654.131
3537,5.372,653.998,654.131
3538,5.372,653.998,654.131
3539,5.372,653.998,654.131
3540,5.372,653.998,654.131
3541,5.372,653.998,654.131
3542,5.372,653.998,654.131
3543,5.372,653.998,654.131
3544,5.372,653.998,654.131
3545,5.372,653.998,654.131
3546,5.372,653.998,654.131
3547,5.372,653.998,654.131
3548,5.372,653.998,654.131
3549,5.372,653.998,654.131
3550,5.372,653.998,654.131
3551,5.372,653.998,654.131
3552,5.372,653.998,654.131
3553,5.372,653.998,654.131
3554,5.372,653.998,654.131
3555,5.372,653.998,654.131
3556,5.372,653.998,654.131
3557,5.372,653.998,654.131
3558,5.372,653.998,654.131
3559,5.372,653.998,654.131
3560,5.372,653.998,654.131
3561,5.372,653.998,654.131
3562,5.372,653.998,654.131
3563,5.372,653.998,654.131
3564,5.372,653.998,654.131
3565,5.372,653.998,654.131
3566,5.372,653.998,654.131
3567,5.372,653.998,654.131
3568,5.372,653.998,654.131
3569,5.372,653.998,654.131
3570,5.372,653.998,654.131
3571,5.372,653.998,654.131
3572,5.372,653.998,654.131
3573,5.372,653.998,654.131
3574,5.372,653.998,654.131
3575,5.372,653.998,654.131
3576,5.372,653.998,654.131
3577,5.372,653.998,654.131
3578,5.372,653.998,654.131
3579,5.372,653.998,654.131
3580,5.372,653.998,654.131
3581,5.372,653.998,654.131
3582,5.372,653.998,654.131
3583,5.372,653.998,654.131
3584,5.372,653.998,654.131
3585,5.372,653.998,654.131
3586,5.372,653.998,654.131
3587,5.372,653.998,654.131
3588,5.372,653.998,654.131
3589,5.372,653.998,654.131
3590,5.372,653.998,654.131
3591,5.372,653.998,654.131
3592,5.372,653.998,654.131
3593,5.372,653.998,654.131
3594,5.372,653.998,654.131
3595,5.372,653.998,654.131
3596,5.372,653.998,654.131
3597,5.372,653.998,654.131
3598,5.372,653.998,654.131
3599,5.372,653.998,654.131
3600,5.372,653.998,654.131
3601,5.372,653.998,654.131
3602,5.372,653.998,654.131
3603,5.372,653.998,654.131
3604,5.372,653.998,654.131
3605,5.372,653.998,654.131
3606,5.372,653.998,654.131
3607,5.372,653.998,654.131
3608,5.372,653.998,654.131
3609,5.372,653.998,654.131
3610,5.372,653.998,654.131
3611,5.372,653.998,654.131
3612,5.372,653.998,654.131
3613,5.372,653.998,654.131
3614,5.372,653.998,654.131
3615,5.372,653.998,654.131
3616,5.372,653.998,654.131
3617,5.372,653.998,654.131
3618,5.372,653.998,654.131
3619,5.372,653.998,654.131
3620,5.372,653.998,654.131
3621,5.372,653.998,654.131
3622,5.372,653.998,654.131
3623,5.372,653.998,654.131
3624,5.372,653.998,654.131
3625,5.372,653.998,654.131
3626,5.372,653.998,654.131
3627,5.372,653.998,654.131
3628,5.372,653.998,654.131
3629,5.372,653.998,654.131
3630,5.372,653.998,654.131
3631,5.372,653.998,654.131
3632,5.372,653.998,654.131
3633,5.372,653.998,654.131
3634,5.372,653.998,654.131
3635,5.372,653.998,654.131
3636,5.372,653.998,654.131
3637,5.372,653.998,654.131
3638,5.372,653.998,654.131
3639,5.372,653.998,654.131
3640,5.372,653.998,654.131
3641,5.372,653.998,654.131
3642,5.372,653.998,654.131
3643,5.372,653.998,654.131
3644,5.372,653.998,654.131
3645,5.372,653.998,654.131
3646,5.372,653.998,654.131
3647,5.372,653.998,654.131
3648,5.372,653.998,654.131
3649,5.372,653.998,654.131
3650,5.372,653.998,654.131
3651,5.372,653.998,654.131
3652,5.372,653.998,654.131
3653,5.372,653.998,654.131
3654,5.372,653.998,654.131
3655,5.372,653.998,654.131
3656,5.372,653.998,654.131
3657,5.372,653.998,654.131
3658,5.372,653.998,654.131
3659,5.372,653.998,654.131
3660,5.372,653.998,654.131
3661,5.372,653.998,654.131
3662,5.372,653.998,654.131
3663,5.372,653.998,654.131
3664,5.372,653.998,654.131
3665,5.372,653.998,654.131
3666,5.372,653.998,654.131
3667,5.372,653.998,654.131
3668,5.372,653.998,654.131
3669,5.372,653.998,654.131
3670,5.372,653.998,654.131
3671,5.372,653.998,654.131
3672,5.372,653.998,654.131
3673,5.372,653.998,654.131
3674,5.372,653.998,654.131
3675,5.372,653.998,654.131
3676,5.372,653.998,654.131
3677,5.372,653.998,654.131
3678,5.372,653.998,654.131
3679,5.372,653.998,654.131
3680,5.372,653.998,654.131
3681,5.372,653.998,654.131
3682,5.372,653.998,654.131
3683,5.372,653.998,654.131
3684,5.372,653.998,654.131
3685,5.372,653.998,654.131
3686,5.372,653.998,654.131
3687,5.372,653.998,654.131
3688,5.372,653.998,654.131
3689,5.372,653.998,654.131
3690,5.372,653.998,654.131
3691,5.372,653.998,654.131
3692,5.372,653.998,654.131
3693,5.372,653.998,654.131
3694,5.372,653.998,654.131
3695,5.372,653.998,654.131
3696,5.372,653.998,654.131
3697,5.372,653.998,654.131
3698,5.372,653.998,654.131
3699,5.372,653.998,654.131
3700,5.372,653.998,654.131
3701,5.372,653.998,654.131
3702,5.372,653.998,654.131
3703,5.372,653.998,654.131
3704,5.372,653.998,654.131
3705,5.372,653.998,654.131
3706,5.372,653.998,654.131
3707,5.372,653.998,654.131
3708,5.372,653.998,654.131
3709,5.372,653.998,654.131
3710,5.372,653.998,654.131
3711,5.372,653.998,654.131
3712,5.372,653.998,654.131
3713,5.372,653.998,654.131
3714,5.372,653.998,654.131
3715,5.372,653.998,654.131
3716,5.372,653.998,654.131
3717,5.372,653.998,654.131
3718,5.372,653.998,654.131
3719,5.372,653.998,654.131
3720,5.372,653.998,654.131
3721,5.372,653.998,654.131
3722,5.372,653.998,654.131
3723,5.372,653.998,654.131
3724,5.372,653.998,654.131
3725,5.372,653.998,654.131
3726,5.372,653.998,654.131
3727,5.372,653.998,654.131
3728,5.372,653.998,654.131
3729,5.372,653.998,654.131
3730,5.372,653.998,654.131
3731,5.372,653.998,654.131
3732,5.372,653.998,654.131
3733,5.372,653.998,654.131
3734,5.372,653.998,654.131
3735,5.372,653.998,654.131
3736,5.372,653.998,654.131
3737,5.372,653.998,654.131
3738,5.372,653.998,654.131
3739,5.372,653.998,654.131
3740,5.372,653.998,654.131
3741,5.372,653.998,654.131
3742,5.372,653.998,654.131
3743,5.372,653.998,654.131
3744,5.372,653.998,654.131
3745,5.372,653.998,654.131
3746,5.372,653.998,654.131
3747,5.372,653.998,654.131
3748,5.372,653.998,654.131
3749,5.372,653.998,654.131
3750,5.372,653.998,654.131
3751,5.372,653.998,654.131
3752,5.372,653.998,654.131
3753,5.372,653.998,654.131
3754,5.372,653.998,654.131
3755,5.372,653.998,654.131
3756,5.372,653.998,654.131
3757,5.372,653.998,654.131
3758,5.372,653.998,654.131
3759,5.372,653.998,654.131
3760,5.372,653.998,654.131
3761,5.372,653.998,654.131
3762,5.372,653.998,654.131
3763,5.372,653.998,654.131
3764,5.372,653.998,654.131
3765,5.372,653.998,654.131
3766,5.372,653.998,654.131
3767,5.372,653.998,654.131
3768,5.372,653.998,654.131
3769,5.372,653.998,654.131
3770,5.372,653.998,654.131
3771,5.372,653.998,654.131
3772,5.372,653.998,654.131
3773,5.372,653.998,654.131
3774,5.372,653.998,654.131
3775,5.372,653.998,654.131
3776,5.372,653.998,654.131
3777,5.372,653.998,654.131
3778,5.372,653.998,654.131
3779,5.372,653.998,654.131
3780,5.372,653.998,654.131
3781,5.372,653.998,654.131
3782,5.372,653.998,654.131
3783,5.372,653.998,654.131
3784,5.372,653.998,654.131
3785,5.372,653.998,654.131
3786,5.372,653.998,654.131
3787,5.372,653.998,654.131
3788,5.372,653.998,654.131
3789,5.372,653.998,654.131
3790,5.372,653.998,654.131
3791,5.372,653.998,654.131
3792,5.372,653.998,654.131
3793,5.372,653.998,654.131
3794,5.372,653.998,654.131
3795,5.372,653.998,654.131
3796,5.372,653.998,654.131
3797,5.372,653.998,654.131
3798,5.372,653.998,654.131
3799,5.372,653.998,654.131
3800,5.372,653.998,654.131
3801,5.372,653.998,654.131
3802,5.372,653.998,654.131
3803,5.372,653.998,654.131
3804,5.372,653.998,654.131
3805,5.372,653.998,654.131
3806,5.372,653.998,654.131
3807,5.372,653.998,654.131
3808,5.372,653.998,654.131
3809,5.372,653.998,654.131
3810,5.372,653.998,654.131
3811,5.372,653.998,654.131
3812,5.372,653.998,654.131
3813,5.372,653.998,654.131
3814,5.372,653.998,654.131
3815,5.372,653.998,654.131
3816,5.372,653.998,654.131
3817,5.372,653.998,654.131
3818,5.372,653.998,654.131
3819,5.372,653.998,654.131
3820,5.372,653.998,654.131
3821,5.372,653.998,654.131
3822,5.372,653.998,654.131
3823,5.372,653.998,654.131
3824,5.372,653.998,654.131
3825,5.372,653.998,654.131
3826,5.372,653.998,654.131
3827,5.372,653.998,654.131
3828,5.372,653.998,654.131
3829,5.372,653.998,654.131
3830,5.372,653.998,654.131
3831,5.372,653.998,654.131
3832,5.372,653.998,654.131
3833,5.372,653.998,654.131
3834,5.372,653.998,654.131
3835,5.372,653.998,654.131
3836,5.372,653.998,654.131
3837,5.372,653.998,654.131
3838,5.372,653.998,654.131
3839,5.372,653.998,654.131
3840,5.372,653.998,654.131
3841,5.372,653.998,654.131
3842,5.372,653.998,654.131
3843,5.372,653.998,654.131
3844,5.372,653.998,654.131
3845,5.372,653.998,654.131
3846,5.372,653.998,654.131
3847,5.372,653.998,654.131
3848,5.372,653.998,654.131
3849,5.372,653.998,654.131
3850,5.372,653.998,654.131
3851,5.372,653.998,654.131
3852,5.372,653.998,654.131
3853,5.372,653.998,654.131
3854,5.372,653.998,654.131
3855,5.372,653.998,654.131
3856,5.372,653.998,654.131
3857,5.372,653.998,654.131
3858,5.372,653.998,654.131
3859,5.372,653.998,654.131
3860,5.372,653.998,654.131
3861,5.372,653.998,654.131
3862,5.372,653.998,654.131
3863,5.372,653.998,654.131
3864,5.372,653.998,654.131
3865,5.372,653.998,654.131
3866,5.372,653.998,654.131
3867,5.372,653.998,654.131
3868,5.372,653.998,654.131
3869,5.372,653.998,654.131
3870,5.372,653.998,654.131
3871,5.372,653.998,654.131
3872,5.372,653.998,654.131
3873,5.372,653.998,654.131
3874,5.372,653.998,654.131
3875,5.372,653.998,654.131
3876,5.372,653.998,654.131
3877,5.372,653.998,654.131
3878,5.372,653.998,654.131
3879,5.372,653.998,654.131
3880,5.372,653.998,654.131
3881,5.372,653.998,654.131
3882,5.372,653.998,654.131
3883,5.372,653.998,654.131
3884,5.372,653.998,654.131
3885,5.372,653.998,654.131
3886,5.372,653.998,654.131
3887,5.372,653.998,654.131
3888,5.372,653.998,654.131
3889,5.372,653.998,654.131
3890,5.372,653.998,654.131
3891,5.372,653.998,654.131
3892,5.372,653.998,654.131
3893,5.372,653.998,654.131
3894,5.372,653.998,654.131
3895,5.372,653.998,654.131
3896,5.372,653.998,654.131
3897,5.372,653.998,654.131
3898,5.372,653.998,654.131
3899,5.372,653.998,654.131
3900,5.372,653.998,654.131
3901,5.372,653.998,654.131
3902,5.372,653.998,654.131
3903,5.372,653.998,654.131
3904,5.372,653.998,654.131
3905,5.372,653.998,654.131
3906,5.372,653.998,654.131
3907,5.372,653.998,654.131
3908,5.372,653.998,654.131
3909,5.372,653.998,654.131
3910,5.372,653.998,654.131
3911,5.372,653.998,654.131
3912,5.372,653.998,654.131
3913,5.372,653.998,654.131
3914,5.372,653.998,654.131
3915,5.372,653.998,654.131
3916,5.372,653.998,654.131
3917,5.372,653.998,654.131
3918,5.372,653.998,654.131
3919,5.372,653.998,654.131
3920,5.372,653.998,654.131
3921,5.372,653.998,654.131
3922,5.372,653.998,654.131
3923,5.372,653.998,654.131
3924,5.372,653.998,654.131
3925,5.372,653.998,654.131
3926,5.372,653.998,654.131
3927,5.372,653.998,654.131
3928,5.372,653.998,654.131
3929,5.372,653.998,654.131
3930,5.372,653.998,654.131
3931,5.372,653.998,654.131
3932,5.372,653.998,654.131
3933,5.372,653.998,654.131
3934,5.372,653.998,654.131
3935,5.372,653.998,654.131
3936,5.372,653.998,654.131
3937,5.372,653.998,654.131
3938,5.372,653.998,654.131
3939,5.372,653.998,654.131
3940,5.372,653.998,654.131
3941,5.372,653.998,654.131
3942,5.372,653.998,654.131
3943,5.372,653.998,654.131
3944,5.372,653.998,654.131
3945,5.372,653.998,654.131
3946,5.372,653.998,654.131
3947,5.372,653.998,654.131
3948,5.372,653.998,654.131
3949,5.372,653.998,654.131
3950,5.372,653.998,654.131
3951,5.372,653.998,654.131
3952,5.372,653.998,654.131
3953,5.372,653.998,654.131
3954,5.372,653.998,654.131
3955,5.372,653.998,654.131
3956,5.372,653.998,654.131
3957,5.372,653.998,654.131
3958,5.372,653.998,654.131
3959,5.372,653.998,654.131
3960,5.372,653.998,654.131
3961,5.372,653.998,654.131
3962,5.372,653.998,654.131
3963,5.372,653.998,654.131
3964,5.372,653.998,654.131
3965,5.372,653.998,654.131
3966,5.372,653.998,654.131
3967,5.372,653.998,654.131
3968,5.372,653.998,654.131
3969,5.372,653.998,654.131
3970,5.372,653.998,654.131
3971,5.372,653.998,654.131
3972,5.372,653.998,654.131
3973,5.372,653.998,654.131
3974,5.372,653.998,654.131
3975,5.372,653.998,654.131
3976,5.372,653.998,654.131
3977,5.372,653.998,654.131
3978,5.372,653.998,654.131
3979,5.372,653.998,654.131
3980,5.372,653.998,654.131
3981,5.372,653.998,654.131
3982,5.372,653.998,654.131
3983,5.372,653.998,654.131
3984,5.372,653.998,654.131
3985,5.372,653.998,654.131
3986,5.372,653.998,654.131
3987,5.372,653.998,654.131
3988,5.372,653.998,654.131
3989,5.372,653.998,654.131
3990,5.372,653.998,654.131
3991,5.372,653.998,654.131
3992,5.372,653.998,654.131
3993,5.372,653.998,654.131
3994,5.372,653.998,654.131
3995,5.372,653.998,654.131
3996,5.372,653.998,654.131
3997,5.372,653.998,654.131
3998,5.372,653.998,654.131
3999,5.372,653.998,654.131
4000,5.372,653.998,654.131
4001,5.372,653.998,654.131
4002,5.372,653.998,654.131
4003,5.372,653.998,654.131
4004,5.372,653.998,654.131
4005,5.372,653.998,654.131
4006,5.372,653.998,654.131
4007,5.372,653.998,654.131
4008,5.372,653.998,654.131
4009,5.372,653.998,654.131
4010,5.372,653.998,654.131
4011,5.372,653.998,654.131
4012,5.372,653.998,654.131
4013,5.372,653.998,654.131
4014,5.372,653.998,654.131
4015,5.372,653.998,654.131
4016,5.372,653.998,654.131
4017,5.372,653.998,654.131
4018,5.372,653.998,654.131
4019,5.372,653.998,654.131
4020,5.372,653.998,654.131
4021,5.372,653.998,654.131
4022,5.372,653.998,654.131
4023,5.372,653.998,654.131
4024,5.372,653.998,654.131
4025,5.372,653.998,654.131
4026,5.372,653.998,654.131
4027,5.372,653.998,654.131
4028,5.372,653.998,654.131
4029,5.372,653.998,654.131
4030,5.372,653.998,654.131
4031,5.372,653.998,654.131
4032,5.372,653.998,654.131
4033,5.372,653.998,654.131
4034,5.372,653.998,654.131
4035,5.372,653.998,654.131
4036,5.372,653.998,654.131
4037,5.372,653.998,654.131
4038,5.372,653.998,654.131
4039,5.372,653.998,654.131
4040,5.372,653.998,654.131
4041,5.372,653.998,654.131
4042,5.372,653.998,654.131
4043,5.372,653.998,654.131
4044,5.372,653.998,654.131
4045,5.372,653.998,654.131
4046,5.372,653.998,654.131
4047,5.372,653.998,654.131
4048,5.372,653.998,654.131
4049,5.372,653.998,654.131
4050,5.372,653.998,654.131
4051,5.372,653.998,654.131
4052,5.372,653.998,654.131
4053,5.372,653.998,654.131
4054,5.372,653.998,654.131
4055,5.372,653.998,654.131
4056,5.372,653.998,654.131
4057,5.372,653.998,654.131
4058,5.372,653.998,654.131
4059,5.372,653.998,654.131
4060,5.372,653.998,654.131
4061,5.372,653.998,654.131
4062,5.372,653.998,654.131
4063,5.372,653.998,654.131
4064,5.372,653.998,654.131
4065,5.372,653.998,654.131
4066,5.372,653.998,654.131
4067,5.372,653.998,654.131
4068,5.372,653.998,654.131
4069,5.372,653.998,654.131
4070,5.372,653.998,654.131
4071,5.372,653.998,654.131
4072,5.372,653.998,654.131
4073,5.372,653.998,654.131
4074,5.372,653.998,654.131
4075,5.372,653.998,654.131
4076,5.372,653.998,654.131
4077,5.372,653.998,654.131
4078,5.372,653.998,654.131
4079,5.372,653.998,654.131
4080,5.372,653.998,654.131
4081,5.372,653.998,654.131
4082,5.372,653.998,654.131
4083,5.372,653.998,654.131
4084,5.372,653.998,654.131
4085,5.372,653.998,654.131
4086,5.372,653.998,654.131
4087,5.372,653.998,654.131
4088,5.372,653.998,654.131
4089,5.372,653.998,654.131
4090,5.372,653.998,654.131
4091,5.372,653.998,654.131
4092,5.372,653.998,654.131
4093,5.372,653.998,654.131
4094,5.372,653.998,654.131
4095,5.372,653.998,654.131
4096,5.372,653.998,654.131
4097,5.372,653.998,654.131
4098,5.372,653.998,654.131
4099,5.372,653.998,654.131
4100,5.372,653.998,654.131
4101,5.372,653.998,654.131
4102,5.372,653.998,654.131
4103,5.372,653.998,654.131
4104,5.372,653.998,654.131
4105,5.372,653.998,654.131
4106,5.372,653.998,654.131
4107,5.372,653.998,654.131
4108,5.372,653.998,654.131
4109,5.372,653.998,654.131
4110,5.372,653.998,654.131
4111,5.372,653.998,654.131
4112,5.372,653.998,654.131
4113,5.372,653.998,654.131
4114,5.372,653.998,654.131
4115,5.372,653.998,654.131
4116,5.372,653.998,654.131
4117,5.372,653.998,654.131
4118,5.372,653.998,654.131
4119,5.372,653.998,654.131
4120,5.372,653.998,654.131
4121,5.372,653.998,654.131
4122,5.372,653.998,654.131
4123,5.372,653.998,654.131
4124,5.372,653.998,654.131
4125,5.372,653.998,654.131
4126,5.372,653.998,654.131
4127,5.372,653.998,654.131
4128,5.372,653.998,654.131
4129,5.372,653.998,654.131
4130,5.372,653.998,654.131
4131,5.372,653.998,654.131
4132,5.372,653.998,654.131
4133,5.372,653.998,654.131
4134,5.372,653.998,654.131
4135,5.372,653.998,654.131
4136,5.372,653.998,654.131
4137,5.372,653.998,654.131
4138,5.372,653.998,654.131
4139,5.372,653.998,654.131
4140,5.372,653.998,654.131
4141,5.372,653.998,654.131
4142,5.372,653.998,654.131
4143,5.372,653.998,654.131
4144,5.372,653.998,654.131
4145,5.372,653.998,654.131
4146,5.372,653.998,654.131
4147,5.372,653.998,654.131
4148,5.372,653.998,654.131
4149,5.372,653.998,654.131
4150,5.372,653.998,654.131
4151,5.372,653.998,654.131
4152,5.372,653.998,654.131
4153,5.372,653.998,654.131
4154,5.372,653.998,654.131
4155,5.372,653.998,654.131
4156,5.372,653.998,654.131
4157,5.372,653.998,654.131
4158,5.372,653.998,654.131
4159,5.372,653.998,654.131
4160,5.372,653.998,654.131
4161,5.372,653.998,654.131
4162,5.372,653.998,654.131
4163,5.372,653.998,654.131
4164,5.372,653.998,654.131
4165,5.372,653.998,654.131
4166,5.372,653.998,654.131
4167,5.372,653.998,654.131
4168,5.372,653.998,654.131
4169,5.372,653.998,654.131
4170,5.372,653.998,654.131
4171,5.372,653.998,654.131
4172,5.372,653.998,654.131
4173,5.372,653.998,654.131
4174,5.372,653.998,654.131
4175,5.372,653.998,654.131
4176,5.372,653.998,654.131
4177,5.372,653.998,654.131
4178,5.372,653.998,654.131
4179,5.372,653.998,654.131
4180,5.372,653.998,654.131
4181,5.372,653.998,654.131
4182,5.372,653.998,654.131
4183,5.372,653.998,654.131
4184,5.372,653.998,654.131
4185,5.372,653.998,654.131
4186,5.372,653.998,654.131
4187,5.372,653.998,654.131
4188,5.372,653.998,654.131
4189,5.372,653.998,654.131
4190,5.372,653.998,654.131
4191,5.372,653.998,654.131
4192,5.372,653.998,654.131
4193,5.372,653.998,654.131
4194,5.372,653.998,654.131
4195,5.372,653.998,654.131
4196,5.372,653.998,654.131
4197,5.372,653.998,654.131
4198,5.372,653.998,654.131
4199,5.372,653.998,654.131
4200,5.372,653.998,654.131
4201,5.372,653.998,654.131
4202,5.372,653.998,654.131
4203,5.372,653.998,654.131
4204,5.372,653.998,654.131
4205,5.372,653.998,654.131
4206,5.372,653.998,654.131
4207,5.372,653.998,654.131
4208,5.372,653.998,654.131
4209,5.372,653.998,654.131
4210,5.372,653.998,654.131
4211,5.372,653.998,654.131
4212,5.372,653.998,654.131
4213,5.372,653.998,654.131
4214,5.372,653.998,654.131
4215,5.372,653.998,654.131
4216,5.372,653.998,654.131
4217,5.372,653.998,654.131
4218,5.372,653.998,654.131
4219,5.372,653.998,654.131
4220,5.372,653.998,654.131
4221,5.372,653.998,654.131
4222,5.372,653.998,654.131
4223,5.372,653.998,654.131
4224,5.372,653.998,654.131
4225,5.372,653.998,654.131
4226,5.372,653.998,654.131
4227,5.372,653.998,654.131
4228,5.372,653.998,654.131
4229,5.372,653.998,654.131
4230,5.372,653.998,654.131
4231,5.372,653.998,654.131
4232,5.372,653.998,654.131
4233,5.372,653.998,654.131
4234,5.372,653.998,654.131
4235,5.372,653.998,654.131
4236,5.372,653.998,654.131
4237,5.372,653.998,654.131
4238,5.372,653.998,654.131
4239,5.372,653.998,654.131
4240,5.372,653.998,654.131
4241,5.372,653.998,654.131
4242,5.372,653.998,654.131
4243,5.372,653.998,654.131
4244,5.372,653.998,654.131
4245,5.372,653.998,654.131
4246,5.372,653.998,654.131
4247,5.372,653.998,654.131
4248,5.372,653.998,654.131
4249,5.372,653.998,654.131
4250,5.372,653.998,654.131
4251,5.372,653.998,654.131
4252,5.372,653.998,654.131
4253,5.372,653.998,654.131
4254,5.372,653.998,654.131
4255,5.372,653.998,654.131
4256,5.372,653.998,654.131
4257,5.372,653.998,654.131
4258,5.372,653.998,654.131
4259,5.372,653.998,654.131
4260,5.372,653.998,654.131
4261,5.372,653.998,654.131
4262,5.372,653.998,654.131
4263,5.372,653.998,654.131
4264,5.372,653.998,654.131
4265,5.372,653.998,654.131
4266,5.372,653.998,654.131
4267,5.372,653.998,654.131
4268,5.372,653.998,654.131
4269,5.372,653.998,654.131
4270,5.372,653.998,654.131
4271,5.372,653.998,654.131
4272,5.372,653.998,654.131
4273,5.372,653.998,654.131
4274,5.372,653.998,654.131
4275,5.372,653.998,654.131
4276,5.372,653.998,654.131
4277,5.372,653.998,654.131
4278,5.372,653.998,654.131
4279,5.372,653.998,654.131
4280,5.372,653.998,654.131
4281,5.372,653.998,654.131
4282,5.372,653.998,654.131
4283,5.372,653.998,654.131
4284,5.372,653.998,654.131
4285,5.372,653.998,654.131
4286,5.372,653.998,654.131
4287,5.372,653.998,654.131
4288,5.372,653.998,654.131
4289,5.372,653.998,654.131
4290,5.372,653.998,654.131
4291,5.372,653.998,654.131
4292,5.372,653.998,654.131
4293,5.372,653.998,654.131
4294,5.372,653.998,654.131
4295,5.372,653.998,654.131
4296,5.372,653.998,654.131
4297,5.372,653.998,654.131
4298,5.372,653.998,654.131
4299,5.372,653.998,654.131
4300,5.372,653.998,654.131
4301,5.372,653.998,654.131
4302,5.372,653.998,654.131
4303,5.372,653.998,654.131
4304,5.372,653.998,654.131
4305,5.372,653.998,654.131
4306,5.372,653.998,654.131
4307,5.372,653.998,654.131
4308,5.372,653.998,654.131
4309,5.372,653.998,654.131
4310,5.372,653.998,654.131
4311,5.372,653.998,654.131
4312,5.372,653.998,654.131
4313,5.372,653.998,654.131
4314,5.372,653.998,654.131
4315,5.372,653.998,654.131
4316,5.372,653.998,654.131
4317,5.372,653.998,654.131
4318,5.372,653.998,654.131
4319,5.372,653.998,654.131
4320,5.372,653.998,654.131
4321,5.372,653.998,654.131
4322,5.372,653.998,654.131
4323,5.372,653.998,654.131
4324,5.372,653.998,654.131
4325,5.372,653.998,654.131
4326,5.372,653.998,654.131
4327,5.372,653.998,654.131
4328,5.372,653.998,654.131
4329,5.372,653.998,654.131
4330,5.372,653.998,654.131
4331,5.372,653.998,654.131
4332,5.372,653.998,654.131
4333,5.372,653.998,654.131
4334,5.372,653.998,654.131
4335,5.372,653.998,654.131
4336,5.372,653.998,654.131
4337,5.372,653.998,654.131
4338,5.372,653.998,654.131
4339,5.372,653.998,654.131
4340,5.372,653.998,654.131
4341,5.372,653.998,654.131
4342,5.372,653.998,654.131
4343,5.372,653.998,654.131
4344,5.372,653.998,654.131
4345,5.372,653.998,654.131
4346,5.372,653.998,654.131
4347,5.372,653.998,654.131
4348,5.372,653.998,654.131
4349,5.372,653.998,654.131
4350,5.372,653.998,654.131
4351,5.372,653.998,654.131
4352,5.372,653.998,654.131
4353,5.372,653.998,654.131
4354,5.372,653.998,654.131
4355,5.372,653.998,654.131
4356,5.372,653.998,654.131
4357,5.372,653.998,654.131
4358,5.372,653.998,654.131
4359,5.372,653.998,654.131
4360,5.372,653.998,654.131
4361,5.372,653.998,654.131
4362,5.372,653.998,654.131
4363,5.372,653.998,654.131
4364,5.372,653.998,654.131
4365,5.372,653.998,654.131
4366,5.372,653.998,654.131
4367,5.372,653.998,654.131
4368,5.372,653.998,654.131
4369,5.372,653.998,654.131
4370,5.372,653.998,654.131
4371,5.372,653.998,654.131
4372,5.372,653.998,654.131
4373,5.372,653.998,654.131
4374,5.372,653.998,654.131
4375,5.372,653.998,654.131
4376,5.372,653.998,654.131
4377,5.372,653.998,654.131
4378,5.372,653.998,654.131
4379,5.372,653.998,654.131
4380,5.372,653.998,654.131
4381,5.372,653.998,654.131
4382,5.372,653.998,654.131
4383,5.372,653.998,654.131
4384,5.372,653.998,654.131
4385,5.372,653.998,654.131
4386,5.372,653.998,654.131
4387,5.372,653.998,654.131
4388,5.372,653.998,654.131
4389,5.372,653.998,654.131
4390,5.372,653.998,654.131
4391,5.372,653.998,654.131
4392,5.372,653.998,654.131
4393,5.372,653.998,654.131
4394,5.372,653.998,654.131
4395,5.372,653.998,654.131
4396,5.372,653.998,654.131
4397,5.372,653.998,654.131
4398,5.372,653.998,654.131
4399,5.372,653.998,654.131
4400,5.372,653.998,654.131
4401,5.372,653.998,654.131
4402,5.372,653.998,654.131
4403,5.372,653.998,654.131
4404,5.372,653.998,654.131
4405,5.372,653.998,654.131
4406,5.372,653.998,654.131
4407,5.372,653.998,654.131
4408,5.372,653.998,654.131
4409,5.372,653.998,654.131
4410,5.372,653.998,654.131
4411,5.372,653.998,654.131
4412,5.372,653.998,654.131
4413,5.372,653.998,654.131
4414,5.372,653.998,654.131
4415,5.372,653.998,654.131
4416,5.372,653.998,654.131
4417,5.372,653.998,654.131
4418,5.372,653.998,654.131
4419,5.372,653.998,654.131
4420,5.372,653.998,654.131
4421,5.372,653.998,654.131
4422,5.372,653.998,654.131
4423,5.372,653.998,654.131
4424,5.372,653.998,654.131
4425,5.372,653.998,654.131
4426,5.372,653.998,654.131
4427,5.372,653.998,654.131
4428,5.372,653.998,654.131
4429,5.372,653.998,654.131
4430,5.372,653.998,654.131
4431,5.372,653.998,654.131
4432,5.372,653.998,654.131
4433,5.372,653.998,654.131
4434,5.372,653.998,654.131
4435,5.372,653.998,654.131
4436,5.372,653.998,654.131
4437,5.372,653.998,654.131
4438,5.372,653.998,654.131
4439,5.372,653.998,654.131
4440,5.372,653.998,654.131
4441,5.372,653.998,654.131
4442,5.372,653.998,654.131
4443,5.372,653.998,654.131
4444,5.372,653.998,654.131
4445,5.372,653.998,654.131
4446,5.372,653.998,654.131
4447,5.372,653.998,654.131
4448,5.372,653.998,654.131
4449,5.372,653.998,654.131
4450,5.372,653.998,654.131
4451,5.372,653.998,654.131
4452,5.372,653.998,654.131
4453,5.372,653.998,654.131
4454,5.372,653.998,654.131
4455,5.372,653.998,654.131
4456,5.372,653.998,654.131
4457,5.372,653.998,654.131
4458,5.372,653.998,654.131
4459,5.372,653.998,654.131
4460,5.372,653.998,654.131
4461,5.372,653.998,654.131
4462,5.372,653.998,654.131
4463,5.372,653.998,654.131
4464,5.372,653.998,654.131
4465,5.372,653.998,654.131
4466,5.372,653.998,654.131
4467,5.372,653.998,654.131
4468,5.372,653.998,654.131
4469,5.372,653.998,654.131
4470,5.372,653.998,654.131
4471,5.372,653.998,654.131
4472,5.372,653.998,654.131
4473,5.372,653.998,654.131
4474,5.372,653.998,654.131
4475,5.372,653.998,654.131
4476,5.372,653.998,654.131
4477,5.372,653.998,654.131
4478,5.372,653.998,654.131
4479,5.372,653.998,654.131
4480,5.372,653.998,654.131
4481,5.372,653.998,654.131
4482,5.372,653.998,654.131
4483,5.372,653.998,654.131
4484,5.372,653.998,654.131
4485,5.372,653.998,654.131
4486,5.372,653.998,654.131
4487,5.372,653.998,654.131
4488,5.372,653.998,654.131
4489,5.372,653.998,654.131
4490,5.372,653.998,654.131
4491,5.372,653.998,654.131
4492,5.372,653.998,654.131
4493,5.372,653.998,654.131
4494,5.372,653.998,654.131
4495,5.372,653.998,654.131
4496,5.372,653.998,654.131
4497,5.372,653.998,654.131
4498,5.372,653.998,654.131
4499,5.372,653.998,654.131
4500,5.372,653.998,654.131
4501,5.372,653.998,654.131
4502,5.372,653.998,654.131
4503,5.372,653.998,654.131
4504,5.372,653.998,654.131
4505,5.372,653.998,654.131
4506,5.372,653.998,654.131
4507,5.372,653.998,654.131
4508,5.372,653.998,654.131
4509,5.372,653.998,654.131
4510,5.372,653.998,654.131
4511,5.372,653.998,654.131
4512,5.372,653.998,654.131
4513,5.372,653.998,654.131
4514,5.372,653.998,654.131
4515,5.372,653.998,654.131
4516,5.372,653.998,654.131
4517,5.372,653.998,654.131
4518,5.372,653.998,654.131
4519,5.372,653.998,654.131
4520,5.372,653.998,654.131
4521,5.372,653.998,654.131
4522,5.372,653.998,654.131
4523,5.372,653.998,654.131
4524,5.372,653.998,654.131
4525,5.372,653.998,654.131
4526,5.372,653.998,654.131
4527,5.372,653.998,654.131
4528,5.372,653.998,654.131
4529,5.372,653.998,654.131
4530,5.372,653.998,654.131
4531,5.372,653.998,654.131
4532,5.372,653.998,654.131
4533,5.372,653.998,654.131
4534,5.372,653.998,654.131
4535,5.372,653.998,654.131
4536,5.372,653.998,654.131
4537,5.372,653.998,654.131
4538,5.372,653.998,654.131
4539,5.372,653.998,654.131
4540,5.372,653.998,654.131
4541,5.372,653.998,654.131
4542,5.372,653.998,654.131
4543,5.372,653.998,654.131
4544,5.372,653.998,654.131
4545,5.372,653.998,654.131
4546,5.372,653.998,654.131
4547,5.372,653.998,654.131
4548,5.372,653.998,654.131
4549,5.372,653.998,654.131
4550,5.372,653.998,654.131
4551,5.372,653.998,654.131
4552,5.372,653.998,654.131
4553,5.372,653.998,654.131
4554,5.372,653.998,654.131
4555,5.372,653.998,654.131
4556,5.372,653.998,654.131
4557,5.372,653.998,654.131
4558,5.372,653.998,654.131
4559,5.372,653.998,654.131
4560,5.372,653.998,654.131
4561,5.372,653.998,654.131
4562,5.372,653.998,654.131
4563,5.372,653.998,654.131
4564,5.372,653.998,654.131
4565,5.372,653.998,654.131
4566,5.372,653.998,654.131
4567,5.372,653.998,654.131
4568,5.372,653.998,654.131
4569,5.372,653.998,654.131
4570,5.372,653.998,654.131
4571,5.372,653.998,654.131
4572,5.372,653.998,654.131
4573,5.372,653.998,654.131
4574,5.372,653.998,654.131
4575,5.372,653.998,654.131
4576,5.372,653.998,654.131
4577,5.372,653.998,654.131
4578,5.372,653.998,654.131
4579,5.372,653.998,654.131
4580,5.372,653.998,654.131
4581,5.372,653.998,654.131
4582,5.372,653.998,654.131
4583,5.372,653.998,654.131
4584,5.372,653.998,654.131
4585,5.372,653.998,654.131
4586,5.372,653.998,654.131
4587,5.372,653.998,654.131
4588,5.372,653.998,654.131
4589,5.372,653.998,654.131
4590,5.372,653.998,654.131
4591,5.372,653.998,654.131
4592,5.372,653.998,654.131
4593,5.372,653.998,654.131
4594,5.372,653.998,654.131
4595,5.372,653.998,654.131
4596,5.372,653.998,654.131
4597,5.372,653.998,654.131
4598,5.372,653.998,654.131
4599,5.372,653.998,654.131
4600,5.372,653.998,654.131
4601,5.372,653.998,654.131
4602,5.372,653.998,654.131
4603,5.372,653.998,654.131
4604,5.372,653.998,654.131
4605,5.372,653.998,654.131
4606,5.372,653.998,654.131
4607,5.372,653.998,654.131
4608,5.372,653.998,654.131
4609,5.372,653.998,654.131
4610,5.372,653.998,654.131
4611,5.372,653.998,654.131
4612,5.372,653.998,654.131
4613,5.372,653.998,654.131
4614,5.372,653.998,654.131
4615,5.372,653.998,654.131
4616,5.372,653.998,654.131
4617,5.372,653.998,654.131
4618,5.372,653.998,654.131
4619,5.372,653.998,654.131
4620,5.372,653.998,654.131
4621,5.372,653.998,654.131
4622,5.372,653.998,654.131
4623,5.372,653.998,654.131
4624,5.372,653.998,654.131
4625,5.372,653.998,654.131
4626,5.372,653.998,654.131
4627,5.372,653.998,654.131
4628,5.372,653.998,654.131
4629,5.372,653.998,654.131
4630,5.372,653.998,654.131
4631,5.372,653.998,654.131
4632,5.372,653.998,654.131
4633,5.372,653.998,654.131
4634,5.372,653.998,654.131
4635,5.372,653.998,654.131
4636,5.372,653.998,654.131
4637,5.372,653.998,654.131
4638,5.372,653.998,654.131
4639,5.372,653.998,654.131
4640,5.372,653.998,654.131
4641,5.372,653.998,654.131
4642,5.372,653.998,654.131
4643,5.372,653.998,654.131
4644,5.372,653.998,654.131
4645,5.372,653.998,654.131
4646,5.372,653.998,654.131
4647,5.372,653.998,654.131
4648,5.372,653.998,654.131
4649,5.372,653.998,654.131
4650,5.372,653.998,654.131
4651,5.372,653.998,654.131
4652,5.372,653.998,654.131
4653,5.372,653.998,654.131
4654,5.372,653.998,654.131
4655,5.372,653.998,654.131
4656,5.372,653.998,654.131
4657,5.372,653.998,654.131
4658,5.372,653.998,654.131
4659,5.372,653.998,654.131
4660,5.372,653.998,654.131
4661,5.372,653.998,654.131
4662,5.372,653.998,654.131
4663,5.372,653.998,654.131
4664,5.372,653.998,654.131
4665,5.372,653.998,654.131
4666,5.372,653.998,654.131
4667,5.372,653.998,654.131
4668,5.372,653.998,654.131
4669,5.372,653.998,654.131
4670,5.372,653.998,654.131
4671,5.372,653.998,654.131
4672,5.372,653.998,654.131
4673,5.372,653.998,654.131
4674,5.372,653.998,654.131
4675,5.372,653.998,654.131
4676,5.372,653.998,654.131
4677,5.372,653.998,654.131
4678,5.372,653.998,654.131
4679,5.372,653.998,654.131
4680,5.372,653.998,654.131
4681,5.372,653.998,654.131
4682,5.372,653.998,654.131
4683,5.372,653.998,654.131
4684,5.372,653.998,654.131
4685,5.372,653.998,654.131
4686,5.372,653.998,654.131
4687,5.372,653.998,654.131
4688,5.372,653.998,654.131
4689,5.372,653.998,654.131
4690,5.372,653.998,654.131
4691,5.372,653.998,654.131
4692,5.372,653.998,654.131
4693,5.372,653.998,654.131
4694,5.372,653.998,654.131
4695,5.372,653.998,654.131
4696,5.372,653.998,654.131
4697,5.372,653.998,654.131
4698,5.372,653.998,654.131
4699,5.372,653.998,654.131
4700,5.372,653.998,654.131
4701,5.372,653.998,654.131
4702,5.372,653.998,654.131
4703,5.372,653.998,654.131
4704,5.372,653.998,654.131
4705,5.372,653.998,654.131
4706,5.372,653.998,654.131
4707,5.372,653.998,654.131
4708,5.372,653.998,654.131
4709,5.372,653.998,654.131
4710,5.372,653.998,654.131
4711,5.372,653.998,654.131
4712,5.372,653.998,654.131
4713,5.372,653.998,654.131
4714,5.372,653.998,654.131
4715,5.372,653.998,654.131
4716,5.372,653.998,654.131
4717,5.372,653.998,654.131
4718,5.372,653.998,654.131
4719,5.372,653.998,654.131
4720,5.372,653.998,654.131
4721,5.372,653.998,654.131
4722,5.372,653.998,654.131
4723,5.372,653.998,654.131
4724,5.372,653.998,654.131
4725,5.372,653.998,654.131
4726,5.372,653.998,654.131
4727,5.372,653.998,654.131
4728,5.372,653.998,654.131
4729,5.372,653.998,654.131
4730,5.372,653.998,654.131
4731,5.372,653.998,654.131
4732,5.372,653.998,654.131
4733,5.372,653.998,654.131
4734,5.372,653.998,654.131
4735,5.372,653.998,654.131
4736,5.372,653.998,654.131
4737,5.372,653.998,654.131
4738,5.372,653.998,654.131
4739,5.372,653.998,654.131
4740,5.372,653.998,654.131
4741,5.372,653.998,654.131
4742,5.372,653.998,654.131
4743,5.372,653.998,654.131
4744,5.372,653.998,654.131
4745,5.372,653.998,654.131
4746,5.372,653.998,654.131
4747,5.372,653.998,654.131
4748,5.372,653.998,654.131
4749,5.372,653.998,654.131
4750,5.372,653.998,654.131
4751,5.372,653.998,654.131
4752,5.372,653.998,654.131
4753,5.372,653.998,654.131
4754,5.372,653.998,654.131
4755,5.372,653.998,654.131
4756,5.372,653.998,654.131
4757,5.372,653.998,654.131
4758,5.372,653.998,654.131
4759,5.372,653.998,654.131
4760,5.372,653.998,654.131
4761,5.372,653.998,654.131
4762,5.372,653.998,654.131
4763,5.372,653.998,654.131
4764,5.372,653.998,654.131
4765,5.372,653.998,654.131
4766,5.372,653.998,654.131
4767,5.372,653.998,654.131
4768,5.372,653.998,654.131
4769,5.372,653.998,654.131
4770,5.372,653.998,654.131
4771,5.372,653.998,654.131
4772,5.372,653.998,654.131
4773,5.372,653.998,654.131
4774,5.372,653.998,654.131
4775,5.372,653.998,654.131
4776,5.372,653.998,654.131
4777,5.372,653.998,654.131
4778,5.372,653.998,654.131
4779,5.372,653.998,654.131
4780,5.372,653.998,654.131
4781,5.372,653.998,654.131
4782,5.372,653.998,654.131
4783,5.372,653.998,654.131
4784,5.372,653.998,654.131
4785,5.372,653.998,654.131
4786,5.372,653.998,654.131
4787,5.372,653.998,654.131
4788,5.372,653.998,654.131
4789,5.372,653.998,654.131
4790,5.372,653.998,654.131
4791,5.372,653.998,654.131
4792,5.372,653.998,654.131
4793,5.372,653.998,654.131
4794,5.372,653.998,654.131
4795,5.372,653.998,654.131
4796,5.372,653.998,654.131
4797,5.372,653.998,654.131
4798,5.372,653.998,654.131
4799,5.372,653.998,654.131
4800,5.372,653.998,654.131
4801,5.372,653.998,654.131
4802,5.372,653.998,654.131
4803,5.372,653.998,654.131
4804,5.372,653.998,654.131
4805,5.372,653.998,654.131
4806,5.372,653.998,654.131
4807,5.372,653.998,654.131
4808,5.372,653.998,654.131
4809,5.372,653.998,654.131
4810,5.372,653.998,654.131
4811,5.372,653.998,654.131
4812,5.372,653.998,654.131
4813,5.372,653.998,654.131
4814,5.372,653.998,654.131
4815,5.372,653.998,654.131
4816,5.372,653.998,654.131
4817,5.372,653.998,654.131
4818,5.372,653.998,654.131
4819,5.372,653.998,654.131
4820,5.372,653.998,654.131
4821,5.372,653.998,654.131
4822,5.372,653.998,654.131
4823,5.372,653.998,654.131
4824,5.372,653.998,654.131
4825,5.372,653.998,654.131
4826,5.372,653.998,654.131
4827,5.372,653.998,654.131
4828,5.372,653.998,654.131
4829,5.372,653.998,654.131
4830,5.372,653.998,654.131
4831,5.372,653.998,654.131
4832,5.372,653.998,654.131
4833,5.372,653.998,654.131
4834,5.372,653.998,654.131
4835,5.372,653.998,654.131
4836,5.372,653.998,654.131
4837,5.372,653.998,654.131
4838,5.372,653.998,654.131
4839,5.372,653.998,654.131
4840,5.372,653.998,654.131
4841,5.372,653.998,654.131
4842,5.372,653.998,654.131
4843,5.372,653.998,654.131
4844,5.372,653.998,654.131
4845,5.372,653.998,654.131
4846,5.372,653.998,654.131
4847,5.372,653.998,654.131
4848,5.372,653.998,654.131
4849,5.372,653.998,654.131
4850,5.372,653.998,654.131
4851,5.372,653.998,654.131
4852,5.372,653.998,654.131
4853,5.372,653.998,654.131
4854,5.372,653.998,654.131
4855,5.372,653.998,654.131
4856,5.372,653.998,654.131
4857,5.372,653.998,654.131
4858,5.372,653.998,654.131
4859,5.372,653.998,654.131
4860,5.372,653.998,654.131
4861,5.372,653.998,654.131
4862,5.372,653.998,654.131
4863,5.372,653.998,654.131
4864,5.372,653.998,654.131
4865,5.372,653.998,654.131
4866,5.372,653.998,654.131
4867,5.372,653.998,654.131
4868,5.372,653.998,654.131
4869,5.372,653.998,654.131
4870,5.372,653.998,654.131
4871,5.372,653.998,654.131
4872,5.372,653.998,654.131
4873,5.372,653.998,654.131
4874,5.372,653.998,654.131
4875,5.372,653.998,654.131
4876,5.372,653.998,654.131
4877,5.372,653.998,654.131
4878,5.372,653.998,654.131
4879,5.372,653.998,654.131
4880,5.372,653.998,654.131
4881,5.372,653.998,654.131
4882,5.372,653.998,654.131
4883,5.372,653.998,654.131
4884,5.372,653.998,654.131
4885,5.372,653.998,654.131
4886,5.372,653.998,654.131
4887,5.372,653.998,654.131
4888,5.372,653.998,654.131
4889,5.372,653.998,654.131
4890,5.372,653.998,654.131
4891,5.372,653.998,654.131
4892,5.372,653.998,654.131
4893,5.372,653.998,654.131
4894,5.372,653.998,654.131
4895,5.372,653.998,654.131
4896,5.372,653.998,654.131
4897,5.372,653.998,654.131
4898,5.372,653.998,654.131
4899,5.372,653.998,654.131
4900,5.372,653.998,654.131
4901,5.372,653.998,654.131
4902,5.372,653.998,654.131
4903,5.372,653.998,654.131
4904,5.372,653.998,654.131
4905,5.372,653.998,654.131
4906,5.372,653.998,654.131
4907,5.372,653.998,654.131
4908,5.372,653.998,654.131
4909,5.372,653.998,654.131
4910,5.372,653.998,654.131
4911,5.372,653.998,654.131
4912,5.372,653.998,654.131
4913,5.372,653.998,654.131
4914,5.372,653.998,654.131
4915,5.372,653.998,654.131
4916,5.372,653.998,654.131
4917,5.372,653.998,654.131
4918,5.372,653.998,654.131
4919,5.372,653.998,654.131
4920,5.372,653.998,654.131
4921,5.372,653.998,654.131
4922,5.372,653.998,654.131
4923,5.372,653.998,654.131
4924,5.372,653.998,654.131
4925,5.372,653.998,654.131
4926,5.372,653.998,654.131
4927,5.372,653.998,654.131
4928,5.372,653.998,654.131
4929,5.372,653.998,654.131
4930,5.372,653.998,654.131
4931,5.372,653.998,654.131
4932,5.372,653.998,654.131
4933,5.372,653.998,654.131
4934,5.372,653.998,654.131
4935,5.372,653.998,654.131
4936,5.372,653.998,654.131
4937,5.372,653.998,654.131
4938,5.372,653.998,654.131
4939,5.372,653.998,654.131
4940,5.372,653.998,654.131
4941,5.372,653.998,654.131
4942,5.372,653.998,654.131
4943,5.372,653.998,654.131
4944,5.372,653.998,654.131
4945,5.372,653.998,654.131
4946,5.372,653.998,654.131
4947,5.372,653.998,654.131
4948,5.372,653.998,654.131
4949,5.372,653.998,654.131
4950,5.372,653.998,654.131
4951,5.372,653.998,654.131
4952,5.372,653.998,654.131
4953,5.372,653.998,654.131
4954,5.372,653.998,654.131
4955,5.372,653.998,654.131
4956,5.372,653.998,654.131
4957,5.372,653.998,654.131
4958,5.372,653.998,654.131
4959,5.372,653.998,654.131
4960,5.372,653.998,654.131
4961,5.372,653.998,654.131
4962,5.372,653.998,654.131
4963,5.372,653.998,654.131
4964,5.372,653.998,654.131
4965,5.372,653.998,654.131
4966,5.372,653.998,654.131
4967,5.372,653.998,654.131
4968,5.372,653.998,654.131
4969,5.372,653.998,654.131
4970,5.372,653.998,654.131
4971,5.372,653.998,654.131
4972,5.372,653.998,654.131
4973,5.372,653.998,654.131
4974,5.372,653.998,654.131
4975,5.372,653.998,654.131
4976,5.372,653.998,654.131
4977,5.372,653.998,654.131
4978,5.372,653.998,654.131
4979,5.372,653.998,654.131
4980,5.372,653.998,654.131
4981,5.372,653.998,654.131
4982,5.372,653.998,654.131
4983,5.372,653.998,654.131
4984,5.372,653.998,654.131
4985,5.372,653.998,654.131
4986,5.372,653.998,654.131
4987,5.372,653.998,654.131
4988,5.372,653.998,654.131
4989,5.372,653.998,654.131
4990,5.372,653.998,654.131
4991,5.372,653.998,654.131
4992,5.372,653.998,654.131
4993,5.372,653.998,654.131
4994,5.372,653.998,654.131
4995,5.372,653.998,654.131
4996,5.372,653.998,654.131
4997,5.372,653.998,654.131
4998,5.372,653.998,654.131
4999,5.372,653.998,654.131
