# Time (s),Mass (g),T Back (K),T Front (K)
0,22.800,293.000,293.000
1,22.800,293.000,331.033
2,22.800,293.000,344.431
3,22.800,293.000,354.211
4,22.800,293.000,362.251
5,22.800,293.001,369.070
6,22.800,293.004,375.159
7,22.800,293.011,380.552
8,22.800,293.026,385.506
9,22.800,293.055,390.008
10,22.800,293.103,394.230
11,22.800,293.178,398.126
12,22.800,293.286,401.826
13,22.800,293.435,405.274
14,22.800,293.632,408.575
15,22.800,293.880,411.676
16,22.800,294.184,414.662
17,22.800,294.549,417.482
18,22.800,294.975,420.211
19,22.800,295.465,422.798
20,22.800,296.019,425.312
21,22.800,296.637,427.704
22,22.800,297.318,430.034
23,22.800,298.063,432.257
24,22.800,298.868,434.430
25,22.800,299.732,436.508
26,22.800,300.653,438.544
27,22.800,301.629,440.495
28,22.800,302.656,442.394
29,22.800,303.736,444.239
30,22.800,304.862,446.029
31,22.800,306.036,447.768
32,22.800,307.254,449.460
33,22.800,308.512,451.109
34,22.800,309.808,452.718
35,22.799,311.140,454.289
36,22.799,312.507,455.821
37,22.799,313.904,457.318
38,22.799,315.330,458.782
39,22.799,316.785,460.214
40,22.799,318.263,461.616
41,22.799,319.765,462.989
42,22.799,321.289,464.334
43,22.799,322.832,465.653
44,22.798,324.393,466.947
45,22.798,325.970,468.216
46,22.798,327.563,469.463
47,22.798,329.168,470.687
48,22.798,330.785,471.891
49,22.797,332.414,473.073
50,22.797,334.051,474.236
51,22.797,335.697,475.381
52,22.797,337.350,476.509
53,22.796,339.009,477.618
54,22.796,340.673,478.712
55,22.796,342.341,479.789
56,22.795,344.013,480.852
57,22.795,345.688,481.899
58,22.794,347.363,482.935
59,22.794,349.041,483.954
60,22.794,350.718,484.962
61,22.793,352.395,485.958
62,22.793,354.071,486.940
63,22.792,355.746,487.912
64,22.792,357.418,488.872
65,22.791,359.088,489.822
66,22.790,360.754,490.761
67,22.790,362.418,491.690
68,22.789,364.077,492.609
69,22.788,365.732,493.519
70,22.788,367.382,494.420
71,22.787,369.027,495.312
72,22.786,370.667,496.195
73,22.786,372.301,497.071
74,22.785,373.930,497.936
75,22.784,375.553,498.797
76,22.783,377.168,499.647
77,22.782,378.776,500.492
78,22.781,380.379,501.328
79,22.780,381.973,502.158
80,22.779,383.561,502.980
81,22.778,385.141,503.796
82,22.777,386.713,504.605
83,22.776,388.278,505.407
84,22.775,389.835,506.204
85,22.774,391.383,506.993
86,22.772,392.923,507.778
87,22.771,394.455,508.556
88,22.770,395.978,509.327
89,22.768,397.494,510.093
90,22.767,398.999,510.853
91,22.766,400.497,511.609
92,22.764,401.985,512.357
93,22.763,403.465,513.100
94,22.761,404.935,513.838
95,22.760,406.397,514.570
96,22.758,407.849,515.298
97,22.756,409.292,516.019
98,22.755,410.725,516.735
99,22.753,412.150,517.447
100,22.751,413.564,518.153
101,22.749,414.969,518.854
102,22.747,416.365,519.549
103,22.745,417.750,520.240
104,22.743,419.127,520.925
105,22.741,420.493,521.606
106,22.739,421.849,522.281
107,22.737,423.196,522.951
108,22.734,424.532,523.618
109,22.732,425.858,524.277
110,22.730,427.175,524.933
111,22.727,428.481,525.584
112,22.725,429.777,526.229
113,22.722,431.063,526.871
114,22.720,432.339,527.506
115,22.717,433.603,528.137
116,22.714,434.857,528.763
117,22.711,436.101,529.384
118,22.708,437.333,530.001
119,22.706,438.557,530.612
120,22.702,439.769,531.220
121,22.699,440.969,531.820
122,22.696,442.160,532.418
123,22.693,443.339,533.010
124,22.690,444.508,533.598
125,22.686,445.666,534.182
126,22.683,446.812,534.758
127,22.679,447.949,535.333
128,22.675,449.074,535.901
129,22.672,450.187,536.464
130,22.668,451.290,537.023
131,22.664,452.382,537.578
132,22.660,453.463,538.128
133,22.656,454.533,538.672
134,22.652,455.592,539.213
135,22.648,456.641,539.750
136,22.643,457.678,540.281
137,22.639,458.704,540.807
138,22.634,459.719,541.330
139,22.630,460.723,541.849
140,22.625,461.717,542.361
141,22.620,462.701,542.869
142,22.616,463.675,543.373
143,22.611,464.637,543.873
144,22.606,465.588,544.369
145,22.601,466.530,544.861
146,22.595,467.463,545.348
147,22.590,468.385,545.830
148,22.585,469.297,546.308
149,22.579,470.199,546.782
150,22.574,471.092,547.252
151,22.568,471.975,547.717
152,22.563,472.849,548.177
153,22.557,473.713,548.634
154,22.551,474.568,549.086
155,22.545,475.415,549.533
156,22.539,476.253,549.977
157,22.533,477.082,550.416
158,22.527,477.903,550.851
159,22.520,478.715,551.283
160,22.514,479.519,551.710
161,22.508,480.316,552.134
162,22.501,481.105,552.553
163,22.494,481.885,552.968
164,22.488,482.659,553.380
165,22.481,483.425,553.788
166,22.474,484.184,554.192
167,22.467,484.935,554.594
168,22.460,485.680,554.992
169,22.453,486.418,555.386
170,22.446,487.149,555.777
171,22.439,487.874,556.164
172,22.432,488.592,556.547
173,22.424,489.303,556.927
174,22.417,490.009,557.303
175,22.409,490.708,557.677
176,22.402,491.401,558.047
177,22.394,492.089,558.416
178,22.387,492.770,558.778
179,22.379,493.445,559.138
180,22.371,494.115,559.496
181,22.363,494.779,559.852
182,22.355,495.436,560.204
183,22.347,496.089,560.552
184,22.339,496.736,560.897
185,22.331,497.378,561.241
186,22.323,498.014,561.582
187,22.314,498.644,561.918
188,22.306,499.270,562.253
189,22.297,499.890,562.586
190,22.289,500.505,562.915
191,22.280,501.115,563.241
192,22.272,501.719,563.566
193,22.263,502.318,563.889
194,22.254,502.913,564.206
195,22.245,503.501,564.523
196,22.237,504.085,564.839
197,22.228,504.664,565.149
198,22.218,505.238,565.459
199,22.209,505.807,565.767
200,22.200,506.370,566.070
201,22.191,506.929,566.374
202,22.182,507.483,566.674
203,22.172,508.032,566.972
204,22.163,508.577,567.270
205,22.153,509.116,567.561
206,22.144,509.650,567.854
207,22.134,510.180,568.144
208,22.125,510.705,568.430
209,22.115,511.226,568.717
210,22.105,511.741,568.998
211,22.095,512.252,569.281
212,22.085,512.758,569.559
213,22.075,513.259,569.836
214,22.065,513.756,570.112
215,22.055,514.249,570.383
216,22.045,514.736,570.657
217,22.035,515.220,570.924
218,22.024,515.698,571.193
219,22.014,516.172,571.458
220,22.003,516.642,571.721
221,21.993,517.107,571.985
222,21.982,517.569,572.243
223,21.972,518.026,572.504
224,21.961,518.478,572.758
225,21.950,518.926,573.014
226,21.939,519.370,573.267
227,21.928,519.810,573.518
228,21.917,520.246,573.769
229,21.906,520.678,574.015
230,21.895,521.106,574.265
231,21.884,521.530,574.507
232,21.873,521.950,574.753
233,21.862,522.366,574.993
234,21.850,522.778,575.234
235,21.839,523.187,575.473
236,21.828,523.592,575.710
237,21.816,523.994,575.947
238,21.805,524.391,576.179
239,21.793,524.785,576.415
240,21.781,525.176,576.643
241,21.770,525.564,576.876
242,21.758,525.947,577.102
243,21.746,526.327,577.331
244,21.734,526.705,577.556
245,21.722,527.079,577.781
246,21.710,527.450,578.004
247,21.698,527.817,578.225
248,21.686,528.182,578.446
249,21.674,528.543,578.664
250,21.662,528.902,578.884
251,21.650,529.258,579.099
252,21.637,529.611,579.317
253,21.625,529.962,579.528
254,21.612,530.308,579.744
255,21.600,530.653,579.952
256,21.587,530.995,580.167
257,21.575,531.335,580.373
258,21.562,531.672,580.583
259,21.550,532.006,580.789
260,21.537,532.338,580.997
261,21.524,532.667,581.201
262,21.511,532.994,581.406
263,21.499,533.319,581.607
264,21.486,533.641,581.810
265,21.473,533.961,582.010
266,21.460,534.280,582.210
267,21.447,534.595,582.408
268,21.434,534.909,582.607
269,21.421,535.221,582.803
270,21.407,535.531,582.999
271,21.394,535.839,583.193
272,21.381,536.145,583.387
273,21.368,536.450,583.580
274,21.354,536.752,583.773
275,21.341,537.053,583.963
276,21.328,537.352,584.154
277,21.314,537.649,584.342
278,21.301,537.944,584.531
279,21.287,538.238,584.718
280,21.273,538.530,584.905
281,21.260,538.821,585.091
282,21.246,539.110,585.276
283,21.232,539.398,585.460
284,21.219,539.684,585.644
285,21.205,539.969,585.826
286,21.191,540.252,586.009
287,21.177,540.533,586.190
288,21.163,540.814,586.370
289,21.149,541.093,586.549
290,21.135,541.372,586.729
291,21.121,541.649,586.906
292,21.107,541.925,587.084
293,21.093,542.199,587.261
294,21.079,542.472,587.437
295,21.065,542.744,587.612
296,21.051,543.016,587.788
297,21.037,543.285,587.961
298,21.022,543.554,588.135
299,21.008,543.822,588.307
300,20.994,544.089,588.480
301,20.979,544.355,588.651
302,20.965,544.620,588.823
303,20.951,544.884,588.993
304,20.936,545.147,589.163
305,20.922,545.410,589.333
306,20.907,545.672,589.501
307,20.892,545.932,589.669
308,20.878,546.192,589.837
309,20.863,546.451,590.004
310,20.849,546.709,590.171
311,20.834,546.967,590.336
312,20.819,547.223,590.502
313,20.804,547.479,590.667
314,20.790,547.735,590.832
315,20.775,547.990,590.995
316,20.760,548.243,591.160
317,20.745,548.496,591.322
318,20.730,548.749,591.485
319,20.715,549.001,591.647
320,20.700,549.252,591.809
321,20.685,549.503,591.970
322,20.670,549.753,592.131
323,20.655,550.002,592.292
324,20.640,550.251,592.452
325,20.624,550.500,592.611
326,20.609,550.748,592.770
327,20.594,550.995,592.929
328,20.579,551.242,593.087
329,20.564,551.488,593.245
330,20.548,551.734,593.403
331,20.533,551.980,593.559
332,20.517,552.225,593.717
333,20.502,552.469,593.873
334,20.487,552.713,594.029
335,20.471,552.956,594.184
336,20.456,553.199,594.340
337,20.440,553.441,594.494
338,20.424,553.683,594.649
339,20.409,553.925,594.803
340,20.393,554.167,594.957
341,20.377,554.407,595.109
342,20.362,554.648,595.263
343,20.346,554.888,595.416
344,20.330,555.127,595.568
345,20.314,555.367,595.720
346,20.299,555.606,595.872
347,20.283,555.844,596.024
348,20.267,556.082,596.175
349,20.251,556.320,596.325
350,20.235,556.557,596.476
351,20.219,556.795,596.626
352,20.203,557.031,596.777
353,20.187,557.268,596.926
354,20.171,557.504,597.075
355,20.155,557.739,597.224
356,20.138,557.974,597.373
357,20.122,558.209,597.520
358,20.106,558.444,597.669
359,20.090,558.679,597.816
360,20.073,558.913,597.964
361,20.057,559.146,598.111
362,20.041,559.379,598.258
363,20.024,559.612,598.404
364,20.008,559.845,598.551
365,19.991,560.078,598.697
366,19.975,560.310,598.843
367,19.958,560.541,598.988
368,19.942,560.773,599.134
369,19.925,561.004,599.279
370,19.909,561.235,599.423
371,19.892,561.465,599.568
372,19.875,561.696,599.712
373,19.858,561.926,599.855
374,19.842,562.155,599.999
375,19.825,562.385,600.142
376,19.808,562.614,600.285
377,19.791,562.842,600.428
378,19.774,563.071,600.570
379,19.757,563.299,600.713
380,19.740,563.527,600.855
381,19.723,563.754,600.996
382,19.706,563.982,601.138
383,19.689,564.208,601.279
384,19.672,564.435,601.421
385,19.655,564.661,601.561
386,19.638,564.887,601.702
387,19.620,565.113,601.841
388,19.603,565.338,601.981
389,19.586,565.564,602.120
390,19.568,565.788,602.260
391,19.551,566.013,602.399
392,19.534,566.237,602.539
393,19.516,566.461,602.677
394,19.499,566.684,602.815
395,19.481,566.908,602.953
396,19.464,567.131,603.091
397,19.446,567.353,603.228
398,19.428,567.575,603.366
399,19.411,567.797,603.503
400,19.393,568.019,603.640
401,19.375,568.241,603.776
402,19.357,568.462,603.913
403,19.340,568.683,604.049
404,19.322,568.904,604.185
405,19.304,569.124,604.321
406,19.286,569.344,604.456
407,19.268,569.563,604.591
408,19.250,569.782,604.726
409,19.232,570.001,604.860
410,19.214,570.220,604.995
411,19.196,570.439,605.128
412,19.177,570.656,605.263
413,19.159,570.874,605.396
414,19.141,571.091,605.529
415,19.123,571.308,605.661
416,19.104,571.525,605.795
417,19.086,571.741,605.927
418,19.068,571.957,606.059
419,19.049,572.172,606.191
420,19.031,572.388,606.323
421,19.012,572.603,606.454
422,18.994,572.817,606.586
423,18.975,573.032,606.716
424,18.957,573.246,606.847
425,18.938,573.459,606.977
426,18.919,573.673,607.107
427,18.900,573.885,607.237
428,18.882,574.098,607.367
429,18.863,574.310,607.496
430,18.844,574.522,607.625
431,18.825,574.733,607.754
432,18.806,574.944,607.882
433,18.787,575.155,608.011
434,18.768,575.365,608.139
435,18.749,575.575,608.266
436,18.730,575.784,608.394
437,18.711,575.994,608.521
438,18.692,576.202,608.647
439,18.673,576.410,608.774
440,18.653,576.618,608.900
441,18.634,576.826,609.026
442,18.615,577.034,609.152
443,18.595,577.240,609.278
444,18.576,577.447,609.403
445,18.557,577.653,609.528
446,18.537,577.858,609.653
447,18.518,578.064,609.777
448,18.498,578.269,609.901
449,18.478,578.474,610.024
450,18.459,578.678,610.148
451,18.439,578.881,610.271
452,18.419,579.084,610.395
453,18.400,579.287,610.517
454,18.380,579.490,610.640
455,18.360,579.692,610.761
456,18.340,579.893,610.883
457,18.320,580.094,611.004
458,18.301,580.295,611.126
459,18.281,580.495,611.247
460,18.261,580.695,611.368
461,18.241,580.894,611.488
462,18.221,581.093,611.608
463,18.200,581.292,611.728
464,18.180,581.490,611.847
465,18.160,581.688,611.966
466,18.140,581.885,612.085
467,18.120,582.082,612.204
468,18.099,582.278,612.322
469,18.079,582.474,612.440
470,18.059,582.670,612.558
471,18.038,582.865,612.675
472,18.018,583.059,612.792
473,17.997,583.253,612.909
474,17.977,583.447,613.026
475,17.956,583.640,613.142
476,17.936,583.833,613.258
477,17.915,584.025,613.373
478,17.895,584.217,613.489
479,17.874,584.408,613.603
480,17.853,584.599,613.718
481,17.833,584.789,613.832
482,17.812,584.979,613.946
483,17.791,585.168,614.059
484,17.770,585.358,614.173
485,17.749,585.546,614.285
486,17.729,585.734,614.399
487,17.708,585.921,614.511
488,17.687,586.108,614.623
489,17.666,586.295,614.735
490,17.645,586.481,614.847
491,17.624,586.666,614.958
492,17.603,586.851,615.068
493,17.582,587.035,615.179
494,17.560,587.219,615.289
495,17.539,587.402,615.399
496,17.518,587.585,615.509
497,17.497,587.768,615.618
498,17.476,587.950,615.727
499,17.454,588.131,615.835
500,17.433,588.312,615.944
501,17.412,588.492,616.051
502,17.390,588.673,616.159
503,17.369,588.852,616.266
504,17.348,589.031,616.373
505,17.326,589.209,616.479
506,17.305,589.387,616.586
507,17.283,589.564,616.691
508,17.262,589.740,616.797
509,17.240,589.916,616.902
510,17.219,590.092,617.008
511,17.197,590.267,617.112
512,17.176,590.442,617.217
513,17.154,590.616,617.321
514,17.132,590.789,617.424
515,17.111,590.963,617.527
516,17.089,591.135,617.630
517,17.067,591.307,617.733
518,17.045,591.478,617.835
519,17.024,591.649,617.937
520,17.002,591.819,618.038
521,16.980,591.989,618.139
522,16.958,592.158,618.240
523,16.936,592.327,618.341
524,16.915,592.495,618.441
525,16.893,592.662,618.541
526,16.871,592.829,618.641
527,16.849,592.995,618.740
528,16.827,593.161,618.839
529,16.805,593.326,618.937
530,16.783,593.491,619.035
531,16.761,593.655,619.133
532,16.739,593.819,619.231
533,16.717,593.982,619.327
534,16.695,594.144,619.425
535,16.673,594.306,619.521
536,16.651,594.468,619.617
537,16.629,594.628,619.713
538,16.607,594.788,619.809
539,16.585,594.948,619.904
540,16.562,595.107,619.998
541,16.540,595.266,620.092
542,16.518,595.424,620.186
543,16.496,595.581,620.280
544,16.474,595.738,620.374
545,16.452,595.894,620.467
546,16.429,596.050,620.560
547,16.407,596.205,620.651
548,16.385,596.360,620.744
549,16.363,596.514,620.835
550,16.341,596.667,620.926
551,16.318,596.820,621.017
552,16.296,596.972,621.108
553,16.274,597.124,621.197
554,16.251,597.275,621.288
555,16.229,597.425,621.377
556,16.207,597.575,621.466
557,16.185,597.724,621.555
558,16.162,597.873,621.644
559,16.140,598.022,621.732
560,16.118,598.170,621.820
561,16.095,598.317,621.907
562,16.073,598.463,621.994
563,16.051,598.609,622.081
564,16.028,598.755,622.167
565,16.006,598.899,622.253
566,15.983,599.043,622.339
567,15.961,599.187,622.424
568,15.939,599.330,622.509
569,15.916,599.473,622.594
570,15.894,599.615,622.678
571,15.871,599.756,622.762
572,15.849,599.897,622.846
573,15.827,600.037,622.929
574,15.804,600.177,623.013
575,15.782,600.316,623.095
576,15.759,600.455,623.177
577,15.737,600.593,623.259
578,15.715,600.730,623.341
579,15.692,600.867,623.421
580,15.670,601.003,623.503
581,15.647,601.139,623.583
582,15.625,601.274,623.663
583,15.603,601.408,623.743
584,15.580,601.542,623.823
585,15.558,601.675,623.902
586,15.535,601.808,623.981
587,15.513,601.941,624.059
588,15.491,602.073,624.137
589,15.468,602.204,624.215
590,15.446,602.334,624.293
591,15.423,602.464,624.370
592,15.401,602.594,624.447
593,15.379,602.723,624.523
594,15.356,602.851,624.599
595,15.334,602.979,624.675
596,15.311,603.107,624.750
597,15.289,603.233,624.826
598,15.267,603.359,624.901
599,15.244,603.485,624.975
600,15.222,603.610,625.049
601,15.200,603.734,625.123
602,15.177,603.858,625.197
603,15.155,603.982,625.269
604,15.132,604.105,625.342
605,15.110,604.227,625.414
606,15.088,604.349,625.487
607,15.065,604.470,625.559
608,15.043,604.591,625.631
609,15.021,604.711,625.702
610,14.998,604.831,625.772
611,14.976,604.950,625.843
612,14.954,605.069,625.913
613,14.932,605.187,625.983
614,14.909,605.304,626.053
615,14.887,605.421,626.122
616,14.865,605.537,626.191
617,14.842,605.653,626.260
618,14.820,605.768,626.328
619,14.798,605.883,626.396
620,14.776,605.998,626.464
621,14.753,606.112,626.531
622,14.731,606.225,626.599
623,14.709,606.338,626.665
624,14.687,606.450,626.732
625,14.665,606.562,626.797
626,14.642,606.673,626.864
627,14.620,606.784,626.929
628,14.598,606.894,626.994
629,14.576,607.004,627.059
630,14.554,607.113,627.124
631,14.532,607.221,627.188
632,14.510,607.329,627.252
633,14.488,607.437,627.316
634,14.465,607.545,627.379
635,14.443,607.651,627.442
636,14.421,607.758,627.505
637,14.399,607.863,627.567
638,14.377,607.968,627.630
639,14.355,608.073,627.692
640,14.333,608.177,627.753
641,14.311,608.281,627.814
642,14.289,608.384,627.875
643,14.267,608.487,627.936
644,14.245,608.589,627.997
645,14.223,608.691,628.057
646,14.201,608.792,628.117
647,14.179,608.893,628.176
648,14.157,608.993,628.235
649,14.135,609.093,628.294
650,14.114,609.192,628.353
651,14.092,609.291,628.412
652,14.070,609.390,628.470
653,14.048,609.488,628.528
654,14.026,609.586,628.586
655,14.004,609.683,628.643
656,13.983,609.779,628.701
657,13.961,609.875,628.757
658,13.939,609.971,628.814
659,13.917,610.067,628.870
660,13.895,610.161,628.926
661,13.874,610.255,628.982
662,13.852,610.349,629.038
663,13.830,610.443,629.093
664,13.809,610.536,629.148
665,13.787,610.628,629.202
666,13.765,610.720,629.257
667,13.744,610.812,629.311
668,13.722,610.904,629.365
669,13.700,610.994,629.419
670,13.679,611.085,629.472
671,13.657,611.175,629.525
672,13.636,611.264,629.578
673,13.614,611.353,629.630
674,13.593,611.442,629.683
675,13.571,611.530,629.735
676,13.550,611.618,629.787
677,13.528,611.705,629.839
678,13.507,611.792,629.890
679,13.485,611.879,629.941
680,13.464,611.965,629.992
681,13.442,612.051,630.043
682,13.421,612.136,630.094
683,13.400,612.221,630.143
684,13.378,612.306,630.194
685,13.357,612.390,630.243
686,13.336,612.473,630.293
687,13.314,612.556,630.342
688,13.293,612.639,630.391
689,13.272,612.722,630.440
690,13.251,612.804,630.489
691,13.230,612.886,630.537
692,13.208,612.968,630.585
693,13.187,613.049,630.633
694,13.166,613.129,630.681
695,13.145,613.209,630.728
696,13.124,613.289,630.775
697,13.103,613.369,630.822
698,13.082,613.448,630.869
699,13.061,613.526,630.916
700,13.039,613.604,630.962
701,13.018,613.682,631.008
702,12.997,613.760,631.054
703,12.977,613.837,631.100
704,12.956,613.914,631.146
705,12.935,613.991,631.191
706,12.914,614.067,631.236
707,12.893,614.142,631.281
708,12.872,614.218,631.325
709,12.851,614.293,631.370
710,12.830,614.367,631.414
711,12.809,614.442,631.458
712,12.789,614.516,631.502
713,12.768,614.589,631.546
714,12.747,614.663,631.590
715,12.726,614.736,631.633
716,12.706,614.809,631.676
717,12.685,614.881,631.719
718,12.664,614.953,631.761
719,12.644,615.025,631.804
720,12.623,615.096,631.846
721,12.603,615.167,631.888
722,12.582,615.238,631.930
723,12.561,615.308,631.972
724,12.541,615.378,632.014
725,12.520,615.448,632.055
726,12.500,615.517,632.097
727,12.480,615.586,632.138
728,12.459,615.655,632.179
729,12.439,615.723,632.220
730,12.418,615.792,632.260
731,12.398,615.859,632.301
732,12.378,615.926,632.341
733,12.357,615.994,632.381
734,12.337,616.061,632.421
735,12.317,616.127,632.460
736,12.297,616.194,632.500
737,12.276,616.260,632.539
738,12.256,616.326,632.578
739,12.236,616.391,632.617
740,12.216,616.456,632.656
741,12.196,616.521,632.695
742,12.176,616.585,632.733
743,12.156,616.650,632.772
744,12.136,616.714,632.810
745,12.116,616.777,632.848
746,12.096,616.841,632.886
747,12.076,616.904,632.924
748,12.056,616.967,632.962
749,12.036,617.029,632.999
750,12.016,617.091,633.036
751,11.996,617.153,633.073
752,11.976,617.215,633.110
753,11.956,617.277,633.147
754,11.937,617.338,633.184
755,11.917,617.399,633.221
756,11.897,617.459,633.257
757,11.877,617.520,633.294
758,11.858,617.580,633.330
759,11.838,617.640,633.366
760,11.818,617.700,633.402
761,11.799,617.759,633.437
762,11.779,617.818,633.473
763,11.760,617.877,633.508
764,11.740,617.936,633.544
765,11.721,617.994,633.579
766,11.701,618.052,633.614
767,11.682,618.110,633.649
768,11.662,618.168,633.684
769,11.643,618.226,633.719
770,11.624,618.283,633.753
771,11.604,618.340,633.788
772,11.585,618.397,633.822
773,11.566,618.454,633.857
774,11.546,618.510,633.891
775,11.527,618.566,633.925
776,11.508,618.622,633.959
777,11.489,618.678,633.992
778,11.470,618.733,634.026
779,11.451,618.788,634.059
780,11.432,618.843,634.093
781,11.413,618.898,634.126
782,11.394,618.952,634.159
783,11.375,619.007,634.192
784,11.356,619.061,634.225
785,11.337,619.115,634.258
786,11.318,619.168,634.291
787,11.299,619.222,634.324
788,11.280,619.275,634.356
789,11.261,619.328,634.389
790,11.242,619.381,634.421
791,11.224,619.434,634.454
792,11.205,619.486,634.485
793,11.186,619.539,634.518
794,11.168,619.591,634.550
795,11.149,619.643,634.582
796,11.130,619.694,634.613
797,11.112,619.746,634.646
798,11.093,619.797,634.677
799,11.075,619.848,634.709
800,11.056,619.899,634.740
801,11.038,619.950,634.771
802,11.019,620.001,634.802
803,11.001,620.051,634.833
804,10.983,620.102,634.864
805,10.964,620.152,634.895
806,10.946,620.202,634.926
807,10.928,620.251,634.957
808,10.910,620.301,634.988
809,10.891,620.351,635.018
810,10.873,620.400,635.049
811,10.855,620.449,635.079
812,10.837,620.498,635.110
813,10.819,620.547,635.140
814,10.801,620.595,635.171
815,10.783,620.643,635.201
816,10.765,620.691,635.231
817,10.747,620.740,635.261
818,10.729,620.788,635.291
819,10.711,620.835,635.321
820,10.693,620.883,635.350
821,10.675,620.931,635.380
822,10.658,620.978,635.409
823,10.640,621.025,635.439
824,10.622,621.072,635.468
825,10.604,621.119,635.498
826,10.587,621.166,635.527
827,10.569,621.212,635.557
828,10.551,621.259,635.586
829,10.534,621.305,635.615
830,10.516,621.351,635.644
831,10.499,621.397,635.673
832,10.481,621.443,635.702
833,10.464,621.489,635.731
834,10.447,621.535,635.760
835,10.429,621.580,635.789
836,10.412,621.626,635.818
837,10.395,621.671,635.846
838,10.377,621.716,635.875
839,10.360,621.761,635.903
840,10.343,621.806,635.932
841,10.326,621.851,635.960
842,10.309,621.895,635.989
843,10.292,621.940,636.017
844,10.274,621.984,636.046
845,10.257,622.028,636.074
846,10.240,622.072,636.102
847,10.223,622.116,636.130
848,10.207,622.160,636.159
849,10.190,622.204,636.187
850,10.173,622.248,636.215
851,10.156,622.291,636.243
852,10.139,622.335,636.271
853,10.122,622.378,636.299
854,10.106,622.422,636.326
855,10.089,622.465,636.354
856,10.072,622.508,636.382
857,10.056,622.551,636.410
858,10.039,622.594,636.437
859,10.023,622.637,636.465
860,10.006,622.679,636.492
861,9.990,622.722,636.520
862,9.973,622.764,636.547
863,9.957,622.807,636.575
864,9.940,622.849,636.602
865,9.924,622.891,636.630
866,9.908,622.933,636.657
867,9.892,622.975,636.685
868,9.875,623.017,636.712
869,9.859,623.059,636.739
870,9.843,623.101,636.766
871,9.827,623.142,636.794
872,9.811,623.184,636.821
873,9.795,623.226,636.848
874,9.779,623.267,636.875
875,9.763,623.309,636.902
876,9.747,623.350,636.929
877,9.731,623.391,636.957
878,9.715,623.433,636.984
879,9.699,623.473,637.011
880,9.683,623.515,637.038
881,9.667,623.555,637.065
882,9.652,623.597,637.092
883,9.636,623.637,637.118
884,9.620,623.678,637.145
885,9.605,623.718,637.172
886,9.589,623.759,637.199
887,9.574,623.800,637.226
888,9.558,623.840,637.253
889,9.543,623.880,637.279
890,9.527,623.921,637.306
891,9.512,623.961,637.333
892,9.496,624.001,637.360
893,9.481,624.041,637.386
894,9.466,624.082,637.413
895,9.451,624.122,637.439
896,9.435,624.162,637.466
897,9.420,624.202,637.493
898,9.405,624.241,637.520
899,9.390,624.281,637.546
900,9.375,624.321,637.573
901,9.360,624.361,637.599
902,9.345,624.400,637.626
903,9.330,624.440,637.652
904,9.315,624.479,637.679
905,9.300,624.519,637.705
906,9.285,624.558,637.732
907,9.270,624.598,637.758
908,9.255,624.637,637.785
909,9.241,624.676,637.811
910,9.226,624.715,637.838
911,9.211,624.755,637.864
912,9.197,624.794,637.891
913,9.182,624.833,637.917
914,9.168,624.872,637.944
915,9.153,624.911,637.970
916,9.139,624.950,637.996
917,9.124,624.989,638.023
918,9.110,625.028,638.049
919,9.095,625.067,638.075
920,9.081,625.106,638.102
921,9.067,625.145,638.128
922,9.052,625.184,638.155
923,9.038,625.223,638.181
924,9.024,625.262,638.207
925,9.010,625.300,638.234
926,8.996,625.339,638.260
927,8.982,625.378,638.286
928,8.968,625.417,638.313
929,8.954,625.455,638.339
930,8.940,625.494,638.365
931,8.926,625.533,638.392
932,8.912,625.572,638.418
933,8.898,625.610,638.445
934,8.884,625.649,638.471
935,8.870,625.687,638.497
936,8.857,625.726,638.523
937,8.843,625.764,638.550
938,8.829,625.803,638.576
939,8.816,625.841,638.603
940,8.802,625.880,638.629
941,8.789,625.918,638.655
942,8.775,625.957,638.681
943,8.762,625.995,638.708
944,8.748,626.034,638.734
945,8.735,626.072,638.761
946,8.721,626.110,638.787
947,8.708,626.149,638.814
948,8.695,626.187,638.840
949,8.682,626.225,638.866
950,8.668,626.264,638.892
951,8.655,626.302,638.919
952,8.642,626.341,638.945
953,8.629,626.379,638.972
954,8.616,626.418,638.998
955,8.603,626.456,639.025
956,8.590,626.494,639.051
957,8.577,626.532,639.077
958,8.564,626.571,639.103
959,8.551,626.609,639.130
960,8.538,626.648,639.156
961,8.526,626.686,639.183
962,8.513,626.724,639.209
963,8.500,626.762,639.236
964,8.488,626.801,639.262
965,8.475,626.839,639.289
966,8.462,626.878,639.315
967,8.450,626.916,639.342
968,8.437,626.955,639.368
969,8.425,626.993,639.395
970,8.412,627.031,639.421
971,8.400,627.069,639.448
972,8.388,627.108,639.474
973,8.375,627.146,639.501
974,8.363,627.185,639.527
975,8.351,627.223,639.554
976,8.338,627.262,639.580
977,8.326,627.300,639.607
978,8.314,627.339,639.633
979,8.302,627.377,639.660
980,8.290,627.416,639.686
981,8.278,627.454,639.713
982,8.266,627.493,639.739
983,8.254,627.531,639.766
984,8.242,627.570,639.793
985,8.230,627.609,639.819
986,8.218,627.648,639.846
987,8.207,627.686,639.872
988,8.195,627.725,639.899
989,8.183,627.763,639.926
990,8.172,627.802,639.952
991,8.160,627.841,639.979
992,8.148,627.880,640.006
993,8.137,627.918,640.032
994,8.125,627.957,640.059
995,8.114,627.996,640.086
996,8.102,628.035,640.113
997,8.091,628.074,640.139
998,8.079,628.113,640.166
999,8.068,628.152,640.193
1000,8.057,628.191,640.219
1001,8.046,628.230,640.246
1002,8.034,628.269,640.273
1003,8.023,628.308,640.300
1004,8.012,628.347,640.327
1005,8.001,628.386,640.353
1006,7.990,628.425,640.380
1007,7.979,628.464,640.407
1008,7.968,628.503,640.434
1009,7.957,628.543,640.461
1010,7.946,628.582,640.488
1011,7.935,628.621,640.514
1012,7.924,628.660,640.541
1013,7.914,628.700,640.568
1014,7.903,628.739,640.595
1015,7.892,628.779,640.622
1016,7.881,628.818,640.649
1017,7.871,628.858,640.676
1018,7.860,628.897,640.703
1019,7.850,628.937,640.730
1020,7.839,628.977,640.757
1021,7.829,629.017,640.784
1022,7.818,629.056,640.811
1023,7.808,629.096,640.838
1024,7.797,629.136,640.865
1025,7.787,629.176,640.892
1026,7.777,629.215,640.919
1027,7.766,629.255,640.946
1028,7.756,629.295,640.973
1029,7.746,629.335,641.000
1030,7.736,629.375,641.027
1031,7.726,629.415,641.054
1032,7.716,629.456,641.081
1033,7.706,629.496,641.108
1034,7.696,629.536,641.135
1035,7.686,629.576,641.163
1036,7.676,629.617,641.190
1037,7.666,629.657,641.217
1038,7.656,629.697,641.244
1039,7.646,629.737,641.271
1040,7.637,629.778,641.298
1041,7.627,629.818,641.325
1042,7.617,629.859,641.352
1043,7.607,629.900,641.380
1044,7.598,629.941,641.407
1045,7.588,629.981,641.434
1046,7.579,630.022,641.461
1047,7.569,630.063,641.489
1048,7.560,630.104,641.516
1049,7.550,630.144,641.543
1050,7.541,630.186,641.570
1051,7.532,630.226,641.598
1052,7.522,630.268,641.625
1053,7.513,630.309,641.652
1054,7.504,630.350,641.679
1055,7.495,630.391,641.707
1056,7.485,630.433,641.734
1057,7.476,630.474,641.761
1058,7.467,630.515,641.788
1059,7.458,630.556,641.816
1060,7.449,630.598,641.843
1061,7.440,630.639,641.871
1062,7.431,630.681,641.898
1063,7.422,630.723,641.925
1064,7.414,630.765,641.952
1065,7.405,630.806,641.980
1066,7.396,630.848,642.007
1067,7.387,630.890,642.035
1068,7.378,630.932,642.062
1069,7.370,630.974,642.089
1070,7.361,631.016,642.116
1071,7.353,631.059,642.144
1072,7.344,631.101,642.171
1073,7.335,631.143,642.199
1074,7.327,631.185,642.226
1075,7.319,631.228,642.254
1076,7.310,631.270,642.281
1077,7.302,631.313,642.308
1078,7.293,631.355,642.335
1079,7.285,631.398,642.363
1080,7.277,631.441,642.390
1081,7.269,631.484,642.418
1082,7.260,631.526,642.445
1083,7.252,631.569,642.473
1084,7.244,631.612,642.500
1085,7.236,631.655,642.528
1086,7.228,631.698,642.555
1087,7.220,631.741,642.582
1088,7.212,631.785,642.610
1089,7.204,631.828,642.637
1090,7.196,631.871,642.664
1091,7.188,631.914,642.692
1092,7.181,631.958,642.719
1093,7.173,632.001,642.747
1094,7.165,632.045,642.774
1095,7.157,632.088,642.802
1096,7.150,632.132,642.829
1097,7.142,632.176,642.857
1098,7.134,632.220,642.884
1099,7.127,632.264,642.912
1100,7.119,632.308,642.939
1101,7.112,632.352,642.967
1102,7.104,632.396,642.994
1103,7.097,632.440,643.022
1104,7.089,632.484,643.049
1105,7.082,632.529,643.076
1106,7.075,632.573,643.104
1107,7.067,632.618,643.131
1108,7.060,632.662,643.158
1109,7.053,632.707,643.186
1110,7.046,632.751,643.213
1111,7.039,632.796,643.241
1112,7.032,632.840,643.268
1113,7.025,632.885,643.296
1114,7.018,632.930,643.323
1115,7.011,632.975,643.351
1116,7.004,633.020,643.378
1117,6.997,633.065,643.406
1118,6.990,633.111,643.433
1119,6.983,633.156,643.460
1120,6.976,633.201,643.488
1121,6.969,633.246,643.515
1122,6.962,633.292,643.542
1123,6.956,633.337,643.570
1124,6.949,633.383,643.597
1125,6.942,633.428,643.625
1126,6.936,633.474,643.652
1127,6.929,633.520,643.680
1128,6.923,633.566,643.707
1129,6.916,633.612,643.734
1130,6.910,633.658,643.761
1131,6.903,633.704,643.789
1132,6.897,633.750,643.816
1133,6.890,633.796,643.844
1134,6.884,633.842,643.871
1135,6.878,633.889,643.898
1136,6.872,633.935,643.925
1137,6.865,633.982,643.953
1138,6.859,634.028,643.980
1139,6.853,634.075,644.008
1140,6.847,634.121,644.035
1141,6.841,634.168,644.062
1142,6.835,634.215,644.089
1143,6.829,634.262,644.117
1144,6.823,634.309,644.144
1145,6.817,634.356,644.171
1146,6.811,634.403,644.198
1147,6.805,634.450,644.226
1148,6.799,634.497,644.253
1149,6.793,634.544,644.280
1150,6.787,634.592,644.307
1151,6.782,634.639,644.335
1152,6.776,634.687,644.362
1153,6.770,634.734,644.389
1154,6.765,634.782,644.416
1155,6.759,634.829,644.444
1156,6.753,634.877,644.471
1157,6.748,634.925,644.498
1158,6.742,634.973,644.525
1159,6.737,635.021,644.552
1160,6.731,635.069,644.579
1161,6.726,635.117,644.607
1162,6.720,635.165,644.634
1163,6.715,635.213,644.661
1164,6.710,635.261,644.688
1165,6.704,635.310,644.715
1166,6.699,635.358,644.742
1167,6.694,635.407,644.769
1168,6.689,635.455,644.796
1169,6.683,635.504,644.823
1170,6.678,635.553,644.850
1171,6.673,635.602,644.878
1172,6.668,635.650,644.905
1173,6.663,635.699,644.932
1174,6.658,635.748,644.959
1175,6.653,635.797,644.986
1176,6.648,635.846,645.013
1177,6.643,635.895,645.040
1178,6.638,635.944,645.067
1179,6.633,635.993,645.094
1180,6.629,636.043,645.121
1181,6.624,636.092,645.147
1182,6.619,636.141,645.174
1183,6.614,636.191,645.201
1184,6.610,636.240,645.228
1185,6.605,636.290,645.255
1186,6.600,636.339,645.282
1187,6.596,636.389,645.309
1188,6.591,636.439,645.336
1189,6.586,636.488,645.363
1190,6.582,636.538,645.390
1191,6.577,636.588,645.416
1192,6.573,636.638,645.443
1193,6.568,636.688,645.470
1194,6.564,636.738,645.497
1195,6.560,636.788,645.523
1196,6.555,636.838,645.550
1197,6.551,636.888,645.577
1198,6.547,636.939,645.604
1199,6.542,636.989,645.630
1200,6.538,637.039,645.657
1201,6.534,637.089,645.684
1202,6.530,637.140,645.711
1203,6.526,637.190,645.737
1204,6.522,637.241,645.764
1205,6.518,637.291,645.791
1206,6.513,637.342,645.818
1207,6.509,637.393,645.844
1208,6.505,637.444,645.871
1209,6.501,637.494,645.897
1210,6.497,637.545,645.924
1211,6.494,637.596,645.950
1212,6.490,637.647,645.977
1213,6.486,637.698,646.003
1214,6.482,637.749,646.030
1215,6.478,637.800,646.056
1216,6.474,637.851,646.083
1217,6.471,637.902,646.109
1218,6.467,637.953,646.136
1219,6.463,638.004,646.162
1220,6.460,638.055,646.189
1221,6.456,638.107,646.215
1222,6.452,638.158,646.242
1223,6.449,638.209,646.268
1224,6.445,638.260,646.295
1225,6.442,638.312,646.321
1226,6.438,638.363,646.347
1227,6.435,638.415,646.373
1228,6.431,638.466,646.400
1229,6.428,638.517,646.426
1230,6.424,638.569,646.452
1231,6.421,638.620,646.478
1232,6.418,638.672,646.505
1233,6.414,638.723,646.531
1234,6.411,638.775,646.557
1235,6.408,638.827,646.583
1236,6.404,638.878,646.609
1237,6.401,638.930,646.635
1238,6.398,638.981,646.662
1239,6.395,639.033,646.687
1240,6.392,639.085,646.714
1241,6.389,639.136,646.739
1242,6.385,639.188,646.766
1243,6.382,639.240,646.791
1244,6.379,639.291,646.818
1245,6.376,639.343,646.843
1246,6.373,639.394,646.869
1247,6.370,639.446,646.895
1248,6.367,639.498,646.921
1249,6.364,639.550,646.947
1250,6.362,639.601,646.973
1251,6.359,639.653,646.998
1252,6.356,639.704,647.024
1253,6.353,639.756,647.050
1254,6.350,639.808,647.076
1255,6.347,639.860,647.101
1256,6.345,639.911,647.127
1257,6.342,639.963,647.152
1258,6.339,640.014,647.178
1259,6.336,640.066,647.203
1260,6.334,640.117,647.229
1261,6.331,640.169,647.254
1262,6.328,640.220,647.280
1263,6.326,640.272,647.305
1264,6.323,640.323,647.331
1265,6.321,640.375,647.355
1266,6.318,640.426,647.381
1267,6.316,640.477,647.406
1268,6.313,640.529,647.432
1269,6.311,640.580,647.456
1270,6.308,640.631,647.482
1271,6.306,640.682,647.506
1272,6.303,640.734,647.532
1273,6.301,640.785,647.556
1274,6.298,640.836,647.582
1275,6.296,640.887,647.606
1276,6.294,640.938,647.632
1277,6.291,640.989,647.656
1278,6.289,641.040,647.682
1279,6.287,641.090,647.706
1280,6.284,641.141,647.731
1281,6.282,641.192,647.755
1282,6.280,641.243,647.781
1283,6.278,641.293,647.805
1284,6.276,641.344,647.830
1285,6.273,641.394,647.854
1286,6.271,641.445,647.879
1287,6.269,641.495,647.903
1288,6.267,641.546,647.928
1289,6.265,641.596,647.952
1290,6.263,641.646,647.976
1291,6.261,641.696,648.000
1292,6.259,641.746,648.025
1293,6.257,641.796,648.049
1294,6.255,641.846,648.073
1295,6.253,641.895,648.097
1296,6.251,641.945,648.121
1297,6.249,641.995,648.145
1298,6.247,642.044,648.169
1299,6.245,642.093,648.193
1300,6.243,642.143,648.217
1301,6.241,642.192,648.240
1302,6.239,642.241,648.264
1303,6.237,642.290,648.288
1304,6.235,642.338,648.311
1305,6.233,642.387,648.335
1306,6.232,642.435,648.358
1307,6.230,642.484,648.382
1308,6.228,642.532,648.405
1309,6.226,642.580,648.428
1310,6.224,642.628,648.452
1311,6.223,642.676,648.475
1312,6.221,642.724,648.498
1313,6.219,642.772,648.521
1314,6.217,642.819,648.544
1315,6.216,642.867,648.567
1316,6.214,642.914,648.590
1317,6.212,642.961,648.612
1318,6.211,643.008,648.635
1319,6.209,643.055,648.658
1320,6.207,643.102,648.680
1321,6.206,643.148,648.703
1322,6.204,643.195,648.725
1323,6.203,643.241,648.748
1324,6.201,643.287,648.770
1325,6.199,643.333,648.792
1326,6.198,643.379,648.814
1327,6.196,643.424,648.836
1328,6.195,643.470,648.858
1329,6.193,643.515,648.880
1330,6.192,643.560,648.902
1331,6.190,643.605,648.924
1332,6.189,643.650,648.946
1333,6.187,643.694,648.967
1334,6.186,643.739,648.989
1335,6.184,643.783,649.010
1336,6.183,643.827,649.032
1337,6.181,643.871,649.053
1338,6.180,643.915,649.075
1339,6.178,643.958,649.096
1340,6.177,644.002,649.117
1341,6.175,644.045,649.138
1342,6.174,644.088,649.159
1343,6.173,644.130,649.180
1344,6.171,644.173,649.200
1345,6.170,644.215,649.221
1346,6.168,644.257,649.242
1347,6.167,644.299,649.262
1348,6.166,644.341,649.283
1349,6.164,644.383,649.303
1350,6.163,644.424,649.323
1351,6.162,644.465,649.343
1352,6.160,644.506,649.363
1353,6.159,644.547,649.383
1354,6.158,644.588,649.403
1355,6.156,644.628,649.423
1356,6.155,644.668,649.443
1357,6.154,644.708,649.463
1358,6.152,644.747,649.482
1359,6.151,644.786,649.502
1360,6.150,644.826,649.521
1361,6.149,644.865,649.540
1362,6.147,644.903,649.560
1363,6.146,644.942,649.579
1364,6.145,644.980,649.598
1365,6.144,645.018,649.617
1366,6.142,645.056,649.636
1367,6.141,645.094,649.654
1368,6.140,645.131,649.673
1369,6.139,645.168,649.691
1370,6.137,645.205,649.710
1371,6.136,645.242,649.728
1372,6.135,645.278,649.746
1373,6.134,645.314,649.764
1374,6.132,645.350,649.782
1375,6.131,645.386,649.800
1376,6.130,645.421,649.818
1377,6.129,645.457,649.836
1378,6.128,645.492,649.854
1379,6.126,645.527,649.872
1380,6.125,645.561,649.889
1381,6.124,645.596,649.907
1382,6.123,645.630,649.924
1383,6.122,645.664,649.941
1384,6.121,645.698,649.958
1385,6.119,645.731,649.975
1386,6.118,645.764,649.992
1387,6.117,645.797,650.009
1388,6.116,645.830,650.026
1389,6.115,645.862,650.042
1390,6.114,645.894,650.059
1391,6.112,645.926,650.075
1392,6.111,645.958,650.092
1393,6.110,645.990,650.107
1394,6.109,646.022,650.124
1395,6.108,646.053,650.139
1396,6.107,646.084,650.156
1397,6.105,646.114,650.171
1398,6.104,646.145,650.188
1399,6.103,646.175,650.203
1400,6.102,646.205,650.219
1401,6.101,646.235,650.234
1402,6.100,646.264,650.250
1403,6.099,646.294,650.265
1404,6.098,646.323,650.280
1405,6.096,646.352,650.295
1406,6.095,646.381,650.310
1407,6.094,646.409,650.325
1408,6.093,646.438,650.340
1409,6.092,646.466,650.354
1410,6.091,646.494,650.369
1411,6.090,646.521,650.384
1412,6.089,646.549,650.398
1413,6.087,646.577,650.412
1414,6.086,646.604,650.427
1415,6.085,646.631,650.441
1416,6.084,646.658,650.455
1417,6.083,646.684,650.469
1418,6.082,646.711,650.483
1419,6.081,646.737,650.496
1420,6.080,646.763,650.510
1421,6.079,646.789,650.524
1422,6.078,646.815,650.537
1423,6.076,646.840,650.550
1424,6.075,646.866,650.564
1425,6.074,646.891,650.577
1426,6.073,646.917,650.590
1427,6.072,646.942,650.603
1428,6.071,646.966,650.616
1429,6.070,646.991,650.629
1430,6.069,647.016,650.642
1431,6.068,647.040,650.655
1432,6.067,647.064,650.667
1433,6.066,647.088,650.680
1434,6.065,647.112,650.693
1435,6.064,647.136,650.705
1436,6.063,647.159,650.718
1437,6.061,647.183,650.730
1438,6.060,647.206,650.742
1439,6.059,647.229,650.754
1440,6.058,647.252,650.766
1441,6.057,647.275,650.778
1442,6.056,647.297,650.790
1443,6.055,647.320,650.802
1444,6.054,647.342,650.814
1445,6.053,647.365,650.825
1446,6.052,647.387,650.837
1447,6.051,647.409,650.849
1448,6.050,647.431,650.860
1449,6.049,647.453,650.871
1450,6.048,647.474,650.883
1451,6.047,647.496,650.894
1452,6.046,647.517,650.905
1453,6.045,647.538,650.916
1454,6.044,647.559,650.927
1455,6.043,647.580,650.938
1456,6.042,647.601,650.949
1457,6.041,647.622,650.960
1458,6.040,647.642,650.971
1459,6.039,647.663,650.982
1460,6.038,647.683,650.993
1461,6.036,647.704,651.003
1462,6.035,647.724,651.014
1463,6.034,647.744,651.025
1464,6.033,647.764,651.035
1465,6.032,647.783,651.045
1466,6.031,647.803,651.056
1467,6.030,647.822,651.066
1468,6.029,647.842,651.076
1469,6.028,647.861,651.086
1470,6.027,647.880,651.096
1471,6.026,647.899,651.107
1472,6.025,647.918,651.117
1473,6.024,647.937,651.126
1474,6.023,647.956,651.136
1475,6.022,647.975,651.146
1476,6.021,647.994,651.156
1477,6.020,648.012,651.165
1478,6.019,648.030,651.175
1479,6.018,648.049,651.185
1480,6.018,648.067,651.195
1481,6.017,648.085,651.204
1482,6.016,648.103,651.214
1483,6.015,648.121,651.222
1484,6.014,648.139,651.232
1485,6.013,648.156,651.241
1486,6.012,648.174,651.251
1487,6.011,648.191,651.259
1488,6.010,648.209,651.269
1489,6.009,648.226,651.278
1490,6.008,648.243,651.287
1491,6.007,648.260,651.296
1492,6.006,648.277,651.305
1493,6.005,648.294,651.314
1494,6.004,648.311,651.323
1495,6.003,648.328,651.331
1496,6.002,648.344,651.341
1497,6.001,648.361,651.349
1498,6.000,648.378,651.358
1499,5.999,648.394,651.366
1500,5.998,648.410,651.375
1501,5.997,648.427,651.383
1502,5.996,648.443,651.392
1503,5.995,648.459,651.400
1504,5.994,648.475,651.409
1505,5.993,648.491,651.417
1506,5.993,648.507,651.426
1507,5.992,648.523,651.434
1508,5.991,648.538,651.442
1509,5.990,648.554,651.450
1510,5.989,648.570,651.458
1511,5.988,648.585,651.466
1512,5.987,648.600,651.475
1513,5.986,648.616,651.483
1514,5.985,648.631,651.491
1515,5.984,648.646,651.499
1516,5.983,648.661,651.506
1517,5.982,648.676,651.514
1518,5.981,648.691,651.522
1519,5.980,648.706,651.530
1520,5.980,648.720,651.537
1521,5.979,648.735,651.545
1522,5.978,648.750,651.553
1523,5.977,648.764,651.561
1524,5.976,648.778,651.568
1525,5.975,648.793,651.576
1526,5.974,648.807,651.583
1527,5.973,648.821,651.591
1528,5.972,648.835,651.598
1529,5.971,648.850,651.606
1530,5.971,648.864,651.613
1531,5.970,648.878,651.621
1532,5.969,648.892,651.628
1533,5.968,648.905,651.635
1534,5.967,648.919,651.642
1535,5.966,648.933,651.650
1536,5.965,648.947,651.657
1537,5.964,648.960,651.664
1538,5.963,648.974,651.671
1539,5.962,648.987,651.678
1540,5.962,649.001,651.685
1541,5.961,649.014,651.692
1542,5.960,649.027,651.699
1543,5.959,649.041,651.706
1544,5.958,649.054,651.713
1545,5.957,649.067,651.720
1546,5.956,649.080,651.727
1547,5.955,649.093,651.733
1548,5.955,649.106,651.740
1549,5.954,649.119,651.747
1550,5.953,649.131,651.754
1551,5.952,649.144,651.760
1552,5.951,649.157,651.767
1553,5.950,649.169,651.773
1554,5.949,649.182,651.780
1555,5.949,649.194,651.787
1556,5.948,649.207,651.793
1557,5.947,649.219,651.800
1558,5.946,649.231,651.806
1559,5.945,649.244,651.812
1560,5.944,649.256,651.819
1561,5.943,649.268,651.825
1562,5.943,649.280,651.832
1563,5.942,649.292,651.838
1564,5.941,649.304,651.845
1565,5.940,649.316,651.851
1566,5.939,649.328,651.857
1567,5.938,649.340,651.863
1568,5.937,649.352,651.870
1569,5.937,649.363,651.876
1570,5.936,649.375,651.882
1571,5.935,649.387,651.888
1572,5.934,649.398,651.894
1573,5.933,649.410,651.900
1574,5.932,649.422,651.906
1575,5.932,649.433,651.912
1576,5.931,649.444,651.918
1577,5.930,649.456,651.924
1578,5.929,649.467,651.930
1579,5.928,649.478,651.936
1580,5.927,649.490,651.942
1581,5.927,649.501,651.948
1582,5.926,649.512,651.953
1583,5.925,649.523,651.959
1584,5.924,649.534,651.965
1585,5.923,649.545,651.971
1586,5.923,649.556,651.977
1587,5.922,649.567,651.983
1588,5.921,649.578,651.988
1589,5.920,649.588,651.994
1590,5.919,649.599,651.999
1591,5.918,649.610,652.005
1592,5.918,649.621,652.010
1593,5.917,649.631,652.016
1594,5.916,649.642,652.022
1595,5.915,649.652,652.028
1596,5.914,649.663,652.033
1597,5.914,649.673,652.039
1598,5.913,649.683,652.044
1599,5.912,649.694,652.050
1600,5.911,649.704,652.055
1601,5.910,649.714,652.060
1602,5.910,649.725,652.065
1603,5.909,649.735,652.071
1604,5.908,649.745,652.076
1605,5.907,649.755,652.082
1606,5.906,649.765,652.087
1607,5.906,649.775,652.092
1608,5.905,649.785,652.097
1609,5.904,649.795,652.103
1610,5.903,649.805,652.108
1611,5.903,649.815,652.113
1612,5.902,649.825,652.118
1613,5.901,649.835,652.124
1614,5.900,649.844,652.129
1615,5.899,649.854,652.134
1616,5.899,649.864,652.139
1617,5.898,649.874,652.144
1618,5.897,649.883,652.149
1619,5.896,649.893,652.154
1620,5.896,649.902,652.159
1621,5.895,649.912,652.164
1622,5.894,649.921,652.169
1623,5.893,649.931,652.174
1624,5.892,649.940,652.179
1625,5.892,649.950,652.184
1626,5.891,649.959,652.189
1627,5.890,649.968,652.194
1628,5.889,649.978,652.199
1629,5.889,649.987,652.203
1630,5.888,649.996,652.208
1631,5.887,650.005,652.213
1632,5.886,650.014,652.218
1633,5.886,650.024,652.222
1634,5.885,650.033,652.227
1635,5.884,650.042,652.232
1636,5.883,650.051,652.237
1637,5.883,650.060,652.241
1638,5.882,650.069,652.246
1639,5.881,650.077,652.251
1640,5.880,650.086,652.256
1641,5.880,650.095,652.260
1642,5.879,650.104,652.265
1643,5.878,650.113,652.269
1644,5.877,650.122,652.274
1645,5.877,650.130,652.278
1646,5.876,650.139,652.283
1647,5.875,650.148,652.287
1648,5.874,650.156,652.292
1649,5.874,650.165,652.296
1650,5.873,650.173,652.301
1651,5.872,650.182,652.305
1652,5.871,650.190,652.310
1653,5.871,650.199,652.314
1654,5.870,650.207,652.319
1655,5.869,650.216,652.323
1656,5.869,650.224,652.328
1657,5.868,650.232,652.332
1658,5.867,650.241,652.337
1659,5.866,650.249,652.341
1660,5.866,650.257,652.345
1661,5.865,650.265,652.349
1662,5.864,650.274,652.354
1663,5.864,650.282,652.358
1664,5.863,650.290,652.363
1665,5.862,650.298,652.367
1666,5.861,650.306,652.371
1667,5.861,650.314,652.375
1668,5.860,650.322,652.379
1669,5.859,650.330,652.383
1670,5.858,650.338,652.388
1671,5.858,650.346,652.392
1672,5.857,650.354,652.396
1673,5.856,650.362,652.400
1674,5.856,650.370,652.404
1675,5.855,650.378,652.408
1676,5.854,650.385,652.413
1677,5.854,650.393,652.417
1678,5.853,650.401,652.421
1679,5.852,650.409,652.425
1680,5.851,650.416,652.429
1681,5.851,650.424,652.433
1682,5.850,650.432,652.437
1683,5.849,650.439,652.441
1684,5.849,650.447,652.445
1685,5.848,650.454,652.449
1686,5.847,650.462,652.453
1687,5.847,650.469,652.457
1688,5.846,650.477,652.461
1689,5.845,650.484,652.465
1690,5.844,650.492,652.469
1691,5.844,650.499,652.473
1692,5.843,650.507,652.476
1693,5.842,650.514,652.480
1694,5.842,650.521,652.484
1695,5.841,650.529,652.488
1696,5.840,650.536,652.492
1697,5.840,650.543,652.496
1698,5.839,650.550,652.500
1699,5.838,650.558,652.504
1700,5.838,650.565,652.507
1701,5.837,650.572,652.511
1702,5.836,650.579,652.515
1703,5.836,650.586,652.519
1704,5.835,650.593,652.522
1705,5.834,650.601,652.526
1706,5.834,650.608,652.530
1707,5.833,650.615,652.534
1708,5.832,650.622,652.537
1709,5.832,650.629,652.541
1710,5.831,650.636,652.544
1711,5.830,650.643,652.548
1712,5.830,650.650,652.552
1713,5.829,650.656,652.556
1714,5.828,650.663,652.559
1715,5.828,650.670,652.563
1716,5.827,650.677,652.566
1717,5.826,650.684,652.570
1718,5.826,650.691,652.573
1719,5.825,650.698,652.577
1720,5.824,650.704,652.580
1721,5.824,650.711,652.584
1722,5.823,650.718,652.587
1723,5.822,650.725,652.591
1724,5.822,650.731,652.595
1725,5.821,650.738,652.599
1726,5.820,650.745,652.602
1727,5.820,650.751,652.606
1728,5.819,650.758,652.609
1729,5.818,650.764,652.612
1730,5.818,650.771,652.615
1731,5.817,650.778,652.619
1732,5.816,650.784,652.622
1733,5.816,650.791,652.626
1734,5.815,650.797,652.629
1735,5.814,650.804,652.633
1736,5.814,650.810,652.636
1737,5.813,650.816,652.640
1738,5.813,650.823,652.643
1739,5.812,650.829,652.646
1740,5.811,650.836,652.649
1741,5.811,650.842,652.653
1742,5.810,650.848,652.656
1743,5.809,650.855,652.660
1744,5.809,650.861,652.663
1745,5.808,650.867,652.666
1746,5.807,650.874,652.669
1747,5.807,650.880,652.673
1748,5.806,650.886,652.676
1749,5.806,650.892,652.679
1750,5.805,650.898,652.682
1751,5.804,650.905,652.686
1752,5.804,650.911,652.689
1753,5.803,650.917,652.692
1754,5.802,650.923,652.695
1755,5.802,650.929,652.699
1756,5.801,650.935,652.702
1757,5.800,650.941,652.705
1758,5.800,650.947,652.708
1759,5.799,650.953,652.712
1760,5.799,650.959,652.715
1761,5.798,650.965,652.718
1762,5.797,650.971,652.721
1763,5.797,650.977,652.724
1764,5.796,650.983,652.727
1765,5.796,650.989,652.730
1766,5.795,650.995,652.733
1767,5.794,651.001,652.737
1768,5.794,651.007,652.740
1769,5.793,651.012,652.743
1770,5.792,651.018,652.746
1771,5.792,651.024,652.749
1772,5.791,651.030,652.752
1773,5.791,651.036,652.755
1774,5.790,651.041,652.758
1775,5.789,651.047,652.761
1776,5.789,651.053,652.764
1777,5.788,651.059,652.767
1778,5.788,651.064,652.770
1779,5.787,651.070,652.773
1780,5.786,651.076,652.776
1781,5.786,651.081,652.779
1782,5.785,651.087,652.782
1783,5.785,651.092,652.785
1784,5.784,651.098,652.788
1785,5.783,651.104,652.791
1786,5.783,651.109,652.794
1787,5.782,651.115,652.797
1788,5.782,651.120,652.800
1789,5.781,651.126,652.802
1790,5.780,651.131,652.805
1791,5.780,651.137,652.808
1792,5.779,651.142,652.811
1793,5.779,651.148,652.814
1794,5.778,651.153,652.817
1795,5.777,651.159,652.820
1796,5.777,651.164,652.823
1797,5.776,651.169,652.825
1798,5.776,651.175,652.828
1799,5.775,651.180,652.831
1800,5.774,651.186,652.834
1801,5.774,651.191,652.837
1802,5.773,651.196,652.840
1803,5.773,651.202,652.842
1804,5.772,651.207,652.845
1805,5.772,651.212,652.848
1806,5.771,651.217,652.851
1807,5.770,651.223,652.853
1808,5.770,651.228,652.856
1809,5.769,651.233,652.859
1810,5.769,651.238,652.862
1811,5.768,651.244,652.864
1812,5.767,651.249,652.867
1813,5.767,651.254,652.870
1814,5.766,651.259,652.873
1815,5.766,651.264,652.875
1816,5.765,651.269,652.878
1817,5.765,651.274,652.881
1818,5.764,651.280,652.884
1819,5.763,651.285,652.886
1820,5.763,651.290,652.889
1821,5.762,651.295,652.891
1822,5.762,651.300,652.894
1823,5.761,651.305,652.897
1824,5.761,651.310,652.900
1825,5.760,651.315,652.902
1826,5.759,651.320,652.905
1827,5.759,651.325,652.907
1828,5.758,651.330,652.910
1829,5.758,651.335,652.913
1830,5.757,651.340,652.916
1831,5.757,651.345,652.918
1832,5.756,651.350,652.921
1833,5.756,651.355,652.923
1834,5.755,651.360,652.926
1835,5.754,651.364,652.928
1836,5.754,651.369,652.931
1837,5.753,651.374,652.933
1838,5.753,651.379,652.936
1839,5.752,651.384,652.938
1840,5.752,651.389,652.941
1841,5.751,651.394,652.943
1842,5.750,651.398,652.946
1843,5.750,651.403,652.949
1844,5.749,651.408,652.951
1845,5.749,651.413,652.954
1846,5.748,651.417,652.956
1847,5.748,651.422,652.959
1848,5.747,651.427,652.961
1849,5.747,651.432,652.964
1850,5.746,651.436,652.966
1851,5.746,651.441,652.969
1852,5.745,651.446,652.971
1853,5.744,651.450,652.973
1854,5.744,651.455,652.976
1855,5.743,651.460,652.978
1856,5.743,651.464,652.981
1857,5.742,651.469,652.983
1858,5.742,651.474,652.986
1859,5.741,651.478,652.988
1860,5.741,651.483,652.991
1861,5.740,651.487,652.993
1862,5.740,651.492,652.996
1863,5.739,651.496,652.998
1864,5.738,651.501,653.001
1865,5.738,651.506,653.003
1866,5.737,651.510,653.005
1867,5.737,651.515,653.007
1868,5.736,651.519,653.010
1869,5.736,651.524,653.012
1870,5.735,651.528,653.015
1871,5.735,651.533,653.017
1872,5.734,651.537,653.019
1873,5.734,651.541,653.021
1874,5.733,651.546,653.024
1875,5.733,651.550,653.026
1876,5.732,651.555,653.029
1877,5.732,651.559,653.031
1878,5.731,651.563,653.033
1879,5.730,651.568,653.035
1880,5.730,651.572,653.038
1881,5.729,651.577,653.040
1882,5.729,651.581,653.043
1883,5.728,651.585,653.045
1884,5.728,651.590,653.047
1885,5.727,651.594,653.049
1886,5.727,651.598,653.052
1887,5.726,651.603,653.054
1888,5.726,651.607,653.056
1889,5.725,651.611,653.058
1890,5.725,651.615,653.061
1891,5.724,651.620,653.063
1892,5.724,651.624,653.065
1893,5.723,651.628,653.067
1894,5.723,651.632,653.070
1895,5.722,651.637,653.072
1896,5.722,651.641,653.074
1897,5.721,651.645,653.076
1898,5.721,651.649,653.078
1899,5.720,651.653,653.080
1900,5.720,651.657,653.083
1901,5.719,651.662,653.085
1902,5.719,651.666,653.087
1903,5.718,651.670,653.089
1904,5.717,651.674,653.092
1905,5.717,651.678,653.094
1906,5.716,651.682,653.096
1907,5.716,651.686,653.098
1908,5.715,651.690,653.100
1909,5.715,651.694,653.102
1910,5.714,651.699,653.104
1911,5.714,651.703,653.106
1912,5.713,651.707,653.109
1913,5.713,651.711,653.111
1914,5.712,651.715,653.113
1915,5.712,651.719,653.115
1916,5.711,651.723,653.117
1917,5.711,651.727,653.119
1918,5.710,651.731,653.121
1919,5.710,651.735,653.123
1920,5.709,651.739,653.126
1921,5.709,651.743,653.128
1922,5.708,651.747,653.130
1923,5.708,651.750,653.132
1924,5.707,651.754,653.134
1925,5.707,651.758,653.136
1926,5.706,651.762,653.138
1927,5.706,651.766,653.140
1928,5.705,651.770,653.142
1929,5.705,651.774,653.144
1930,5.704,651.778,653.146
1931,5.704,651.782,653.148
1932,5.703,651.785,653.150
1933,5.703,651.789,653.152
1934,5.702,651.793,653.154
1935,5.702,651.797,653.156
1936,5.701,651.801,653.158
1937,5.701,651.805,653.160
1938,5.700,651.808,653.162
1939,5.700,651.812,653.164
1940,5.699,651.816,653.166
1941,5.699,651.820,653.168
1942,5.699,651.823,653.170
1943,5.698,651.827,653.172
1944,5.698,651.831,653.174
1945,5.697,651.835,653.176
1946,5.697,651.838,653.178
1947,5.696,651.842,653.180
1948,5.696,651.846,653.182
1949,5.695,651.850,653.184
1950,5.695,651.853,653.186
1951,5.694,651.857,653.188
1952,5.694,651.861,653.190
1953,5.693,651.864,653.192
1954,5.693,651.868,653.194
1955,5.692,651.872,653.196
1956,5.692,651.875,653.198
1957,5.691,651.879,653.200
1958,5.691,651.883,653.202
1959,5.690,651.886,653.204
1960,5.690,651.890,653.205
1961,5.689,651.893,653.207
1962,5.689,651.897,653.209
1963,5.688,651.901,653.211
1964,5.688,651.904,653.213
1965,5.687,651.908,653.215
1966,5.687,651.911,653.217
1967,5.687,651.915,653.219
1968,5.686,651.918,653.221
1969,5.686,651.922,653.223
1970,5.685,651.926,653.224
1971,5.685,651.929,653.226
1972,5.684,651.933,653.228
1973,5.684,651.936,653.230
1974,5.683,651.940,653.232
1975,5.683,651.943,653.234
1976,5.682,651.947,653.235
1977,5.682,651.950,653.237
1978,5.681,651.954,653.239
1979,5.681,651.957,653.241
1980,5.680,651.960,653.243
1981,5.680,651.964,653.245
1982,5.679,651.967,653.246
1983,5.679,651.971,653.248
1984,5.679,651.974,653.250
1985,5.678,651.978,653.252
1986,5.678,651.981,653.254
1987,5.677,651.984,653.256
1988,5.677,651.988,653.257
1989,5.676,651.991,653.259
1990,5.676,651.995,653.261
1991,5.675,651.998,653.263
1992,5.675,652.001,653.264
1993,5.674,652.005,653.266
1994,5.674,652.008,653.268
1995,5.674,652.011,653.270
1996,5.673,652.015,653.271
1997,5.673,652.018,653.273
1998,5.672,652.021,653.275
1999,5.672,652.025,653.277
2000,5.671,652.028,653.278
2001,5.671,652.031,653.280
2002,5.670,652.035,653.282
2003,5.670,652.038,653.284
2004,5.669,652.041,653.285
2005,5.669,652.045,653.287
2006,5.669,652.048,653.289
2007,5.668,652.051,653.291
2008,5.668,652.054,653.292
2009,5.667,652.058,653.294
2010,5.667,652.061,653.296
2011,5.666,652.064,653.298
2012,5.666,652.067,653.299
2013,5.665,652.071,653.301
2014,5.665,652.074,653.303
2015,5.664,652.077,653.305
2016,5.664,652.080,653.306
2017,5.664,652.083,653.308
2018,5.663,652.087,653.309
2019,5.663,652.090,653.311
2020,5.662,652.093,653.313
2021,5.662,652.096,653.315
2022,5.661,652.099,653.316
2023,5.661,652.102,653.318
2024,5.660,652.105,653.319
2025,5.660,652.109,653.321
2026,5.660,652.112,653.323
2027,5.659,652.115,653.325
2028,5.659,652.118,653.326
2029,5.658,652.121,653.328
2030,5.658,652.124,653.329
2031,5.657,652.127,653.331
2032,5.657,652.130,653.333
2033,5.657,652.134,653.334
2034,5.656,652.137,653.336
2035,5.656,652.140,653.338
2036,5.655,652.143,653.339
2037,5.655,652.146,653.341
2038,5.654,652.149,653.342
2039,5.654,652.152,653.344
2040,5.653,652.155,653.345
2041,5.653,652.158,653.347
2042,5.653,652.161,653.349
2043,5.652,652.164,653.351
2044,5.652,652.167,653.352
2045,5.651,652.170,653.354
2046,5.651,652.173,653.355
2047,5.650,652.176,653.357
2048,5.650,652.179,653.358
2049,5.650,652.182,653.360
2050,5.649,652.185,653.361
2051,5.649,652.188,653.363
2052,5.648,652.191,653.365
2053,5.648,652.194,653.366
2054,5.647,652.197,653.368
2055,5.647,652.200,653.370
2056,5.647,652.203,653.371
2057,5.646,652.206,653.373
2058,5.646,652.209,653.374
2059,5.645,652.212,653.376
2060,5.645,652.215,653.377
2061,5.644,652.218,653.379
2062,5.644,652.220,653.380
2063,5.644,652.223,653.382
2064,5.643,652.226,653.383
2065,5.643,652.229,653.385
2066,5.642,652.232,653.386
2067,5.642,652.235,653.388
2068,5.642,652.238,653.389
2069,5.641,652.241,653.391
2070,5.641,652.244,653.392
2071,5.640,652.246,653.394
2072,5.640,652.249,653.395
2073,5.639,652.252,653.397
2074,5.639,652.255,653.398
2075,5.639,652.258,653.400
2076,5.638,652.261,653.401
2077,5.638,652.264,653.403
2078,5.637,652.266,653.404
2079,5.637,652.269,653.406
2080,5.637,652.272,653.407
2081,5.636,652.275,653.409
2082,5.636,652.278,653.410
2083,5.635,652.280,653.412
2084,5.635,652.283,653.413
2085,5.634,652.286,653.415
2086,5.634,652.289,653.416
2087,5.634,652.291,653.418
2088,5.633,652.294,653.419
2089,5.633,652.297,653.421
2090,5.632,652.300,653.422
2091,5.632,652.303,653.424
2092,5.632,652.305,653.425
2093,5.631,652.308,653.427
2094,5.631,652.311,653.428
2095,5.630,652.313,653.429
2096,5.630,652.316,653.431
2097,5.630,652.319,653.432
2098,5.629,652.322,653.433
2099,5.629,652.324,653.435
2100,5.628,652.327,653.436
2101,5.628,652.330,653.438
2102,5.628,652.332,653.439
2103,5.627,652.335,653.441
2104,5.627,652.338,653.442
2105,5.626,652.340,653.444
2106,5.626,652.343,653.445
2107,5.625,652.346,653.447
2108,5.625,652.348,653.448
2109,5.625,652.351,653.449
2110,5.624,652.354,653.450
2111,5.624,652.356,653.452
2112,5.623,652.359,653.453
2113,5.623,652.362,653.455
2114,5.623,652.364,653.456
2115,5.622,652.367,653.458
2116,5.622,652.370,653.459
2117,5.621,652.372,653.460
2118,5.621,652.375,653.461
2119,5.621,652.377,653.463
2120,5.620,652.380,653.464
2121,5.620,652.383,653.466
2122,5.620,652.385,653.467
2123,5.619,652.388,653.469
2124,5.619,652.390,653.470
2125,5.618,652.393,653.471
2126,5.618,652.396,653.472
2127,5.618,652.398,653.474
2128,5.617,652.401,653.475
2129,5.617,652.403,653.477
2130,5.616,652.406,653.478
2131,5.616,652.408,653.479
2132,5.616,652.411,653.480
2133,5.615,652.413,653.482
2134,5.615,652.416,653.483
2135,5.614,652.418,653.485
2136,5.614,652.421,653.486
2137,5.614,652.423,653.487
2138,5.613,652.426,653.488
2139,5.613,652.428,653.490
2140,5.612,652.431,653.491
2141,5.612,652.433,653.493
2142,5.612,652.436,653.494
2143,5.611,652.438,653.495
2144,5.611,652.441,653.496
2145,5.611,652.443,653.498
2146,5.610,652.446,653.499
2147,5.610,652.448,653.501
2148,5.609,652.451,653.502
2149,5.609,652.453,653.503
2150,5.609,652.456,653.504
2151,5.608,652.458,653.506
2152,5.608,652.461,653.507
2153,5.607,652.463,653.508
2154,5.607,652.465,653.509
2155,5.607,652.468,653.511
2156,5.606,652.470,653.512
2157,5.606,652.473,653.514
2158,5.606,652.475,653.515
2159,5.605,652.478,653.516
2160,5.605,652.480,653.517
2161,5.604,652.482,653.519
2162,5.604,652.485,653.520
2163,5.604,652.487,653.521
2164,5.603,652.490,653.522
2165,5.603,652.492,653.524
2166,5.602,652.494,653.525
2167,5.602,652.497,653.526
2168,5.602,652.499,653.527
2169,5.601,652.501,653.529
2170,5.601,652.504,653.530
2171,5.601,652.506,653.531
2172,5.600,652.509,653.532
2173,5.600,652.511,653.534
2174,5.599,652.513,653.535
2175,5.599,652.516,653.536
2176,5.599,652.518,653.537
2177,5.598,652.520,653.539
2178,5.598,652.523,653.540
2179,5.598,652.525,653.541
2180,5.597,652.527,653.542
2181,5.597,652.530,653.543
2182,5.596,652.532,653.544
2183,5.596,652.534,653.546
2184,5.596,652.537,653.547
2185,5.595,652.539,653.548
2186,5.595,652.541,653.549
2187,5.595,652.543,653.551
2188,5.594,652.546,653.552
2189,5.594,652.548,653.553
2190,5.594,652.550,653.554
2191,5.593,652.553,653.556
2192,5.593,652.555,653.557
2193,5.592,652.557,653.558
2194,5.592,652.559,653.559
2195,5.592,652.562,653.560
2196,5.591,652.564,653.561
2197,5.591,652.566,653.563
2198,5.591,652.568,653.564
2199,5.590,652.571,653.565
2200,5.590,652.573,653.566
2201,5.589,652.575,653.568
2202,5.589,652.577,653.569
2203,5.589,652.579,653.570
2204,5.588,652.582,653.571
2205,5.588,652.584,653.572
2206,5.588,652.586,653.573
2207,5.587,652.588,653.575
2208,5.587,652.591,653.576
2209,5.587,652.593,653.577
2210,5.586,652.595,653.578
2211,5.586,652.597,653.579
2212,5.586,652.599,653.580
2213,5.585,652.602,653.581
2214,5.585,652.604,653.582
2215,5.584,652.606,653.584
2216,5.584,652.608,653.585
2217,5.584,652.610,653.586
2218,5.583,652.612,653.587
2219,5.583,652.615,653.588
2220,5.583,652.617,653.589
2221,5.582,652.619,653.591
2222,5.582,652.621,653.592
2223,5.582,652.623,653.593
2224,5.581,652.625,653.594
2225,5.581,652.627,653.595
2226,5.581,652.630,653.596
2227,5.580,652.632,653.597
2228,5.580,652.634,653.598
2229,5.579,652.636,653.600
2230,5.579,652.638,653.601
2231,5.579,652.640,653.602
2232,5.578,652.642,653.603
2233,5.578,652.644,653.604
2234,5.578,652.647,653.605
2235,5.577,652.649,653.606
2236,5.577,652.651,653.607
2237,5.577,652.653,653.609
2238,5.576,652.655,653.610
2239,5.576,652.657,653.611
2240,5.576,652.659,653.612
2241,5.575,652.661,653.613
2242,5.575,652.663,653.614
2243,5.575,652.665,653.615
2244,5.574,652.667,653.616
2245,5.574,652.669,653.617
2246,5.573,652.672,653.618
2247,5.573,652.674,653.620
2248,5.573,652.676,653.621
2249,5.572,652.678,653.622
2250,5.572,652.680,653.623
2251,5.572,652.682,653.624
2252,5.571,652.684,653.625
2253,5.571,652.686,653.626
2254,5.571,652.688,653.627
2255,5.570,652.690,653.628
2256,5.570,652.692,653.629
2257,5.570,652.694,653.630
2258,5.569,652.696,653.631
2259,5.569,652.698,653.632
2260,5.569,652.700,653.633
2261,5.568,652.702,653.635
2262,5.568,652.704,653.636
2263,5.568,652.706,653.637
2264,5.567,652.708,653.638
2265,5.567,652.710,653.639
2266,5.567,652.712,653.640
2267,5.566,652.714,653.641
2268,5.566,652.716,653.642
2269,5.566,652.718,653.643
2270,5.565,652.720,653.644
2271,5.565,652.722,653.645
2272,5.565,652.724,653.646
2273,5.564,652.726,653.647
2274,5.564,652.728,653.648
2275,5.564,652.730,653.649
2276,5.563,652.732,653.650
2277,5.563,652.734,653.651
2278,5.562,652.736,653.652
2279,5.562,652.737,653.653
2280,5.562,652.739,653.654
2281,5.561,652.741,653.655
2282,5.561,652.743,653.656
2283,5.561,652.745,653.657
2284,5.560,652.747,653.658
2285,5.560,652.749,653.660
2286,5.560,652.751,653.661
2287,5.559,652.753,653.662
2288,5.559,652.755,653.663
2289,5.559,652.757,653.664
2290,5.558,652.759,653.665
2291,5.558,652.761,653.666
2292,5.558,652.762,653.667
2293,5.557,652.764,653.668
2294,5.557,652.766,653.669
2295,5.557,652.768,653.670
2296,5.556,652.770,653.671
2297,5.556,652.772,653.672
2298,5.556,652.774,653.673
2299,5.555,652.776,653.674
2300,5.555,652.778,653.675
2301,5.555,652.779,653.676
2302,5.554,652.781,653.677
2303,5.554,652.783,653.678
2304,5.554,652.785,653.679
2305,5.553,652.787,653.680
2306,5.553,652.789,653.681
2307,5.553,652.791,653.681
2308,5.553,652.792,653.682
2309,5.552,652.794,653.683
2310,5.552,652.796,653.684
2311,5.552,652.798,653.685
2312,5.551,652.800,653.686
2313,5.551,652.802,653.687
2314,5.551,652.803,653.688
2315,5.550,652.805,653.689
2316,5.550,652.807,653.690
2317,5.550,652.809,653.691
2318,5.549,652.811,653.692
2319,5.549,652.813,653.693
2320,5.549,652.814,653.694
2321,5.548,652.816,653.695
2322,5.548,652.818,653.696
2323,5.548,652.820,653.697
2324,5.547,652.822,653.698
2325,5.547,652.823,653.699
2326,5.547,652.825,653.700
2327,5.546,652.827,653.701
2328,5.546,652.829,653.702
2329,5.546,652.831,653.703
2330,5.545,652.832,653.704
2331,5.545,652.834,653.705
2332,5.545,652.836,653.706
2333,5.544,652.838,653.706
2334,5.544,652.839,653.707
2335,5.544,652.841,653.708
2336,5.543,652.843,653.709
2337,5.543,652.845,653.710
2338,5.543,652.847,653.711
2339,5.542,652.848,653.712
2340,5.542,652.850,653.713
2341,5.542,652.852,653.714
2342,5.542,652.854,653.715
2343,5.541,652.855,653.716
2344,5.541,652.857,653.717
2345,5.541,652.859,653.718
2346,5.540,652.860,653.719
2347,5.540,652.862,653.719
2348,5.540,652.864,653.720
2349,5.539,652.866,653.721
2350,5.539,652.867,653.722
2351,5.539,652.869,653.723
2352,5.538,652.871,653.724
2353,5.538,652.873,653.725
2354,5.538,652.874,653.726
2355,5.537,652.876,653.727
2356,5.537,652.878,653.728
2357,5.537,652.879,653.729
2358,5.536,652.881,653.730
2359,5.536,652.883,653.730
2360,5.536,652.885,653.731
2361,5.536,652.886,653.732
2362,5.535,652.888,653.733
2363,5.535,652.890,653.734
2364,5.535,652.891,653.735
2365,5.534,652.893,653.736
2366,5.534,652.895,653.737
2367,5.534,652.896,653.737
2368,5.533,652.898,653.738
2369,5.533,652.900,653.739
2370,5.533,652.901,653.740
2371,5.532,652.903,653.741
2372,5.532,652.905,653.742
2373,5.532,652.906,653.743
2374,5.532,652.908,653.744
2375,5.531,652.910,653.745
2376,5.531,652.911,653.746
2377,5.531,652.913,653.746
2378,5.530,652.915,653.747
2379,5.530,652.916,653.748
2380,5.530,652.918,653.749
2381,5.529,652.920,653.750
2382,5.529,652.921,653.751
2383,5.529,652.923,653.752
2384,5.528,652.924,653.753
2385,5.528,652.926,653.753
2386,5.528,652.928,653.754
2387,5.528,652.929,653.755
2388,5.527,652.931,653.756
2389,5.527,652.933,653.757
2390,5.527,652.934,653.758
2391,5.526,652.936,653.758
2392,5.526,652.937,653.759
2393,5.526,652.939,653.760
2394,5.525,652.941,653.761
2395,5.525,652.942,653.762
2396,5.525,652.944,653.763
2397,5.524,652.945,653.764
2398,5.524,652.947,653.765
2399,5.524,652.949,653.765
2400,5.524,652.950,653.766
2401,5.523,652.952,653.767
2402,5.523,652.953,653.768
2403,5.523,652.955,653.769
2404,5.522,652.957,653.770
2405,5.522,652.958,653.770
2406,5.522,652.960,653.771
2407,5.521,652.961,653.772
2408,5.521,652.963,653.773
2409,5.521,652.964,653.774
2410,5.521,652.966,653.775
2411,5.520,652.968,653.775
2412,5.520,652.969,653.776
2413,5.520,652.971,653.777
2414,5.519,652.972,653.778
2415,5.519,652.974,653.779
2416,5.519,652.975,653.780
2417,5.518,652.977,653.780
2418,5.518,652.978,653.781
2419,5.518,652.980,653.782
2420,5.518,652.982,653.783
2421,5.517,652.983,653.783
2422,5.517,652.985,653.784
2423,5.517,652.986,653.785
2424,5.516,652.988,653.786
2425,5.516,652.989,653.787
2426,5.516,652.991,653.788
2427,5.516,652.992,653.788
2428,5.515,652.994,653.789
2429,5.515,652.995,653.790
2430,5.515,652.997,653.791
2431,5.514,652.998,653.792
2432,5.514,653.000,653.793
2433,5.514,653.001,653.793
2434,5.513,653.003,653.794
2435,5.513,653.004,653.795
2436,5.513,653.006,653.796
2437,5.513,653.007,653.796
2438,5.512,653.009,653.797
2439,5.512,653.010,653.798
2440,5.512,653.012,653.799
2441,5.511,653.013,653.800
2442,5.511,653.015,653.801
2443,5.511,653.016,653.801
2444,5.511,653.018,653.802
2445,5.510,653.019,653.803
2446,5.510,653.021,653.804
2447,5.510,653.022,653.804
2448,5.509,653.024,653.805
2449,5.509,653.025,653.806
2450,5.509,653.027,653.807
2451,5.509,653.028,653.807
2452,5.508,653.030,653.808
2453,5.508,653.031,653.809
2454,5.508,653.033,653.810
2455,5.507,653.034,653.811
2456,5.507,653.036,653.812
2457,5.507,653.037,653.812
2458,5.507,653.038,653.813
2459,5.506,653.040,653.814
2460,5.506,653.041,653.815
2461,5.506,653.043,653.815
2462,5.505,653.044,653.816
2463,5.505,653.046,653.817
2464,5.505,653.047,653.818
2465,5.505,653.049,653.818
2466,5.504,653.050,653.819
2467,5.504,653.051,653.820
2468,5.504,653.053,653.821
2469,5.503,653.054,653.821
2470,5.503,653.056,653.822
2471,5.503,653.057,653.823
2472,5.503,653.059,653.824
2473,5.502,653.060,653.824
2474,5.502,653.061,653.825
2475,5.502,653.063,653.826
2476,5.501,653.064,653.827
2477,5.501,653.066,653.827
2478,5.501,653.067,653.828
2479,5.501,653.069,653.829
2480,5.500,653.070,653.830
2481,5.500,653.071,653.830
2482,5.500,653.073,653.831
2483,5.499,653.074,653.832
2484,5.499,653.076,653.833
2485,5.499,653.077,653.833
2486,5.499,653.078,653.834
2487,5.498,653.080,653.835
2488,5.498,653.081,653.836
2489,5.498,653.083,653.836
2490,5.497,653.084,653.837
2491,5.497,653.085,653.838
2492,5.497,653.087,653.839
2493,5.497,653.088,653.839
2494,5.496,653.089,653.840
2495,5.496,653.091,653.841
2496,5.496,653.092,653.842
2497,5.496,653.094,653.842
2498,5.495,653.095,653.843
2499,5.495,653.096,653.844
2500,5.495,653.098,653.844
2501,5.494,653.099,653.845
2502,5.494,653.100,653.846
2503,5.494,653.102,653.846
2504,5.494,653.103,653.847
2505,5.493,653.104,653.848
2506,5.493,653.106,653.849
2507,5.493,653.107,653.849
2508,5.493,653.109,653.850
2509,5.492,653.110,653.851
2510,5.492,653.111,653.852
2511,5.492,653.113,653.852
2512,5.491,653.114,653.853
2513,5.491,653.115,653.854
2514,5.491,653.117,653.855
2515,5.491,653.118,653.855
2516,5.490,653.119,653.856
2517,5.490,653.121,653.856
2518,5.490,653.122,653.857
2519,5.489,653.123,653.858
2520,5.489,653.125,653.859
2521,5.489,653.126,653.859
2522,5.489,653.127,653.860
2523,5.488,653.129,653.861
2524,5.488,653.130,653.862
2525,5.488,653.131,653.862
2526,5.488,653.132,653.863
2527,5.487,653.134,653.863
2528,5.487,653.135,653.864
2529,5.487,653.136,653.865
2530,5.487,653.138,653.866
2531,5.486,653.139,653.866
2532,5.486,653.140,653.867
2533,5.486,653.142,653.868
2534,5.485,653.143,653.869
2535,5.485,653.144,653.869
2536,5.485,653.146,653.870
2537,5.485,653.147,653.870
2538,5.484,653.148,653.871
2539,5.484,653.149,653.872
2540,5.484,653.151,653.873
2541,5.484,653.152,653.873
2542,5.483,653.153,653.874
2543,5.483,653.155,653.874
2544,5.483,653.156,653.875
2545,5.482,653.157,653.876
2546,5.482,653.158,653.877
2547,5.482,653.160,653.877
2548,5.482,653.161,653.878
2549,5.481,653.162,653.879
2550,5.481,653.163,653.879
2551,5.481,653.165,653.880
2552,5.481,653.166,653.881
2553,5.480,653.167,653.881
2554,5.480,653.169,653.882
2555,5.480,653.170,653.883
2556,5.480,653.171,653.883
2557,5.479,653.172,653.884
2558,5.479,653.174,653.885
2559,5.479,653.175,653.885
2560,5.479,653.176,653.886
2561,5.478,653.177,653.887
2562,5.478,653.179,653.887
2563,5.478,653.180,653.888
2564,5.477,653.181,653.889
2565,5.477,653.182,653.889
2566,5.477,653.184,653.890
2567,5.477,653.185,653.891
2568,5.476,653.186,653.891
2569,5.476,653.187,653.892
2570,5.476,653.188,653.893
2571,5.476,653.190,653.893
2572,5.475,653.191,653.894
2573,5.475,653.192,653.894
2574,5.475,653.193,653.895
2575,5.475,653.195,653.896
2576,5.474,653.196,653.897
2577,5.474,653.197,653.897
2578,5.474,653.198,653.898
2579,5.474,653.200,653.898
2580,5.473,653.201,653.899
2581,5.473,653.202,653.900
2582,5.473,653.203,653.901
2583,5.473,653.204,653.901
2584,5.472,653.206,653.902
2585,5.472,653.207,653.902
2586,5.472,653.208,653.903
2587,5.471,653.209,653.904
2588,5.471,653.210,653.904
2589,5.471,653.212,653.905
2590,5.471,653.213,653.906
2591,5.470,653.214,653.906
2592,5.470,653.215,653.907
2593,5.470,653.216,653.907
2594,5.470,653.218,653.908
2595,5.469,653.219,653.909
2596,5.469,653.220,653.909
2597,5.469,653.221,653.910
2598,5.469,653.222,653.911
2599,5.468,653.224,653.911
2600,5.468,653.225,653.912
2601,5.468,653.226,653.912
2602,5.468,653.227,653.913
2603,5.467,653.228,653.914
2604,5.467,653.229,653.915
2605,5.467,653.231,653.915
2606,5.467,653.232,653.916
2607,5.466,653.233,653.916
2608,5.466,653.234,653.917
2609,5.466,653.235,653.917
2610,5.466,653.236,653.918
2611,5.465,653.238,653.919
2612,5.465,653.239,653.919
2613,5.465,653.240,653.920
2614,5.465,653.241,653.921
2615,5.464,653.242,653.921
2616,5.464,653.243,653.922
2617,5.464,653.245,653.922
2618,5.464,653.246,653.923
2619,5.463,653.247,653.924
2620,5.463,653.248,653.924
2621,5.463,653.249,653.925
2622,5.463,653.250,653.926
2623,5.462,653.251,653.926
2624,5.462,653.253,653.927
2625,5.462,653.254,653.927
2626,5.462,653.255,653.928
2627,5.461,653.256,653.928
2628,5.461,653.257,653.929
2629,5.461,653.258,653.930
2630,5.461,653.259,653.930
2631,5.460,653.261,653.931
2632,5.460,653.262,653.932
2633,5.460,653.263,653.932
2634,5.460,653.264,653.933
2635,5.459,653.265,653.933
2636,5.459,653.266,653.934
2637,5.459,653.267,653.934
2638,5.459,653.268,653.935
2639,5.458,653.270,653.936
2640,5.458,653.271,653.936
2641,5.458,653.272,653.937
2642,5.458,653.273,653.938
2643,5.457,653.274,653.938
2644,5.457,653.275,653.939
2645,5.457,653.276,653.939
2646,5.457,653.277,653.940
2647,5.456,653.279,653.940
2648,5.456,653.280,653.941
2649,5.456,653.281,653.942
2650,5.456,653.282,653.942
2651,5.455,653.283,653.943
2652,5.455,653.284,653.944
2653,5.455,653.285,653.944
2654,5.455,653.286,653.945
2655,5.454,653.287,653.945
2656,5.454,653.288,653.946
2657,5.454,653.290,653.946
2658,5.454,653.291,653.947
2659,5.453,653.292,653.947
2660,5.453,653.293,653.948
2661,5.453,653.294,653.949
2662,5.453,653.295,653.949
2663,5.453,653.296,653.950
2664,5.452,653.297,653.950
2665,5.452,653.298,653.951
2666,5.452,653.299,653.952
2667,5.452,653.300,653.952
2668,5.451,653.301,653.953
2669,5.451,653.303,653.953
2670,5.451,653.304,653.954
2671,5.451,653.305,653.954
2672,5.450,653.306,653.955
2673,5.450,653.307,653.955
2674,5.450,653.308,653.956
2675,5.450,653.309,653.957
2676,5.449,653.310,653.957
2677,5.449,653.311,653.958
2678,5.449,653.312,653.958
2679,5.449,653.313,653.959
2680,5.448,653.314,653.960
2681,5.448,653.315,653.960
2682,5.448,653.316,653.961
2683,5.448,653.317,653.961
2684,5.447,653.319,653.962
2685,5.447,653.320,653.962
2686,5.447,653.321,653.963
2687,5.447,653.322,653.963
2688,5.447,653.323,653.964
2689,5.446,653.324,653.964
2690,5.446,653.325,653.965
2691,5.446,653.326,653.966
2692,5.446,653.327,653.966
2693,5.445,653.328,653.967
2694,5.445,653.329,653.967
2695,5.445,653.330,653.968
2696,5.445,653.331,653.969
2697,5.444,653.332,653.969
2698,5.444,653.333,653.970
2699,5.444,653.334,653.970
2700,5.444,653.335,653.971
2701,5.443,653.336,653.971
2702,5.443,653.337,653.972
2703,5.443,653.338,653.972
2704,5.443,653.339,653.973
2705,5.442,653.340,653.973
2706,5.442,653.341,653.974
2707,5.442,653.342,653.974
2708,5.442,653.343,653.975
2709,5.442,653.344,653.975
2710,5.441,653.345,653.976
2711,5.441,653.346,653.977
2712,5.441,653.347,653.977
2713,5.441,653.349,653.978
2714,5.440,653.350,653.978
2715,5.440,653.351,653.979
2716,5.440,653.352,653.979
2717,5.440,653.353,653.980
2718,5.439,653.354,653.980
2719,5.439,653.355,653.981
2720,5.439,653.356,653.982
2721,5.439,653.357,653.982
2722,5.439,653.358,653.983
2723,5.438,653.359,653.983
2724,5.438,653.360,653.984
2725,5.438,653.361,653.984
2726,5.438,653.362,653.985
2727,5.437,653.363,653.985
2728,5.437,653.364,653.986
2729,5.437,653.365,653.986
2730,5.437,653.366,653.987
2731,5.436,653.367,653.987
2732,5.436,653.368,653.988
2733,5.436,653.369,653.988
2734,5.436,653.370,653.989
2735,5.436,653.371,653.989
2736,5.435,653.372,653.990
2737,5.435,653.372,653.990
2738,5.435,653.373,653.991
2739,5.435,653.374,653.991
2740,5.434,653.375,653.992
2741,5.434,653.376,653.992
2742,5.434,653.377,653.993
2743,5.434,653.378,653.993
2744,5.433,653.379,653.994
2745,5.433,653.380,653.995
2746,5.433,653.381,653.995
2747,5.433,653.382,653.996
2748,5.433,653.383,653.996
2749,5.432,653.384,653.997
2750,5.432,653.385,653.997
2751,5.432,653.386,653.998
2752,5.432,653.387,653.998
2753,5.431,653.388,653.999
2754,5.431,653.389,653.999
2755,5.431,653.390,654.000
2756,5.431,653.391,654.000
2757,5.430,653.392,654.001
2758,5.430,653.393,654.001
2759,5.430,653.394,654.002
2760,5.430,653.395,654.002
2761,5.430,653.396,654.003
2762,5.429,653.397,654.003
2763,5.429,653.398,654.004
2764,5.429,653.399,654.004
2765,5.429,653.400,654.005
2766,5.428,653.401,654.005
2767,5.428,653.401,654.006
2768,5.428,653.402,654.006
2769,5.428,653.403,654.007
2770,5.428,653.404,654.007
2771,5.427,653.405,654.008
2772,5.427,653.406,654.008
2773,5.427,653.407,654.009
2774,5.427,653.408,654.009
2775,5.426,653.409,654.010
2776,5.426,653.410,654.010
2777,5.426,653.411,654.011
2778,5.426,653.412,654.011
2779,5.426,653.413,654.012
2780,5.425,653.414,654.012
2781,5.425,653.415,654.013
2782,5.425,653.416,654.013
2783,5.425,653.416,654.014
2784,5.424,653.417,654.014
2785,5.424,653.418,654.015
2786,5.424,653.419,654.015
2787,5.424,653.420,654.016
2788,5.424,653.421,654.016
2789,5.423,653.422,654.017
2790,5.423,653.423,654.017
2791,5.423,653.424,654.018
2792,5.423,653.425,654.018
2793,5.422,653.426,654.019
2794,5.422,653.427,654.019
2795,5.422,653.428,654.020
2796,5.422,653.428,654.020
2797,5.422,653.429,654.021
2798,5.421,653.430,654.021
2799,5.421,653.431,654.022
2800,5.421,653.432,654.022
2801,5.421,653.433,654.023
2802,5.420,653.434,654.023
2803,5.420,653.435,654.023
2804,5.420,653.436,654.024
2805,5.420,653.437,654.024
2806,5.420,653.438,654.025
2807,5.419,653.438,654.025
2808,5.419,653.439,654.026
2809,5.419,653.440,654.026
2810,5.419,653.441,654.027
2811,5.419,653.442,654.027
2812,5.418,653.443,654.028
2813,5.418,653.444,654.028
2814,5.418,653.445,654.029
2815,5.418,653.446,654.029
2816,5.417,653.446,654.030
2817,5.417,653.447,654.030
2818,5.417,653.448,654.031
2819,5.417,653.449,654.031
2820,5.417,653.450,654.032
2821,5.416,653.451,654.032
2822,5.416,653.452,654.033
2823,5.416,653.453,654.033
2824,5.416,653.454,654.034
2825,5.415,653.454,654.034
2826,5.415,653.455,654.035
2827,5.415,653.456,654.035
2828,5.415,653.457,654.035
2829,5.415,653.458,654.036
2830,5.414,653.459,654.036
2831,5.414,653.460,654.037
2832,5.414,653.461,654.037
2833,5.414,653.461,654.038
2834,5.414,653.462,654.038
2835,5.413,653.463,654.039
2836,5.413,653.464,654.039
2837,5.413,653.465,654.039
2838,5.413,653.466,654.040
2839,5.412,653.467,654.040
2840,5.412,653.468,654.041
2841,5.412,653.468,654.041
2842,5.412,653.469,654.042
2843,5.412,653.470,654.042
2844,5.411,653.471,654.043
2845,5.411,653.472,654.043
2846,5.411,653.473,654.044
2847,5.411,653.474,654.044
2848,5.411,653.474,654.045
2849,5.410,653.475,654.045
2850,5.410,653.476,654.046
2851,5.410,653.477,654.046
2852,5.410,653.478,654.047
2853,5.410,653.479,654.047
2854,5.409,653.480,654.047
2855,5.409,653.480,654.048
2856,5.409,653.481,654.048
2857,5.409,653.482,654.049
2858,5.408,653.483,654.049
2859,5.408,653.484,654.050
2860,5.408,653.485,654.050
2861,5.408,653.485,654.050
2862,5.408,653.486,654.051
2863,5.407,653.487,654.051
2864,5.407,653.488,654.052
2865,5.407,653.489,654.052
2866,5.407,653.490,654.053
2867,5.407,653.490,654.053
2868,5.406,653.491,654.054
2869,5.406,653.492,654.054
2870,5.406,653.493,654.055
2871,5.406,653.494,654.055
2872,5.406,653.495,654.055
2873,5.405,653.495,654.056
2874,5.405,653.496,654.056
2875,5.405,653.497,654.057
2876,5.405,653.498,654.057
2877,5.404,653.499,654.057
2878,5.404,653.500,654.058
2879,5.404,653.500,654.058
2880,5.404,653.501,654.059
2881,5.404,653.502,654.059
2882,5.403,653.503,654.060
2883,5.403,653.504,654.060
2884,5.403,653.505,654.061
2885,5.403,653.505,654.061
2886,5.403,653.506,654.062
2887,5.402,653.507,654.062
2888,5.402,653.508,654.062
2889,5.402,653.509,654.063
2890,5.402,653.509,654.063
2891,5.402,653.510,654.064
2892,5.401,653.511,654.064
2893,5.401,653.512,654.064
2894,5.401,653.513,654.065
2895,5.401,653.514,654.065
2896,5.401,653.514,654.066
2897,5.400,653.515,654.066
2898,5.400,653.516,654.067
2899,5.400,653.517,654.067
2900,5.400,653.518,654.068
2901,5.400,653.518,654.068
2902,5.399,653.519,654.068
2903,5.399,653.520,654.069
2904,5.399,653.521,654.069
2905,5.399,653.522,654.070
2906,5.399,653.522,654.070
2907,5.398,653.523,654.070
2908,5.398,653.524,654.071
2909,5.398,653.525,654.071
2910,5.398,653.526,654.072
2911,5.398,653.526,654.072
2912,5.397,653.527,654.073
2913,5.397,653.528,654.073
2914,5.397,653.529,654.074
2915,5.397,653.529,654.074
2916,5.397,653.530,654.074
2917,5.396,653.531,654.075
2918,5.396,653.532,654.075
2919,5.396,653.533,654.075
2920,5.396,653.533,654.076
2921,5.395,653.534,654.076
2922,5.395,653.535,654.077
2923,5.395,653.536,654.077
2924,5.395,653.537,654.078
2925,5.395,653.537,654.078
2926,5.394,653.538,654.079
2927,5.394,653.539,654.079
2928,5.394,653.540,654.079
2929,5.394,653.540,654.080
2930,5.394,653.541,654.080
2931,5.393,653.542,654.080
2932,5.393,653.543,654.081
2933,5.393,653.544,654.081
2934,5.393,653.544,654.082
2935,5.393,653.545,654.082
2936,5.392,653.546,654.083
2937,5.392,653.547,654.083
2938,5.392,653.547,654.084
2939,5.392,653.548,654.084
2940,5.392,653.549,654.084
2941,5.391,653.550,654.085
2942,5.391,653.550,654.085
2943,5.391,653.551,654.085
2944,5.391,653.552,654.086
2945,5.391,653.553,654.086
2946,5.390,653.554,654.087
2947,5.390,653.554,654.087
2948,5.390,653.555,654.088
2949,5.390,653.556,654.088
2950,5.390,653.557,654.088
2951,5.390,653.557,654.089
2952,5.389,653.558,654.089
2953,5.389,653.559,654.089
2954,5.389,653.560,654.090
2955,5.389,653.560,654.090
2956,5.389,653.561,654.091
2957,5.388,653.562,654.091
2958,5.388,653.563,654.092
2959,5.388,653.563,654.092
2960,5.388,653.564,654.092
2961,5.388,653.565,654.093
2962,5.387,653.566,654.093
2963,5.387,653.566,654.093
2964,5.387,653.567,654.094
2965,5.387,653.568,654.094
2966,5.387,653.569,654.095
2967,5.386,653.569,654.095
2968,5.386,653.570,654.096
2969,5.386,653.571,654.096
2970,5.386,653.572,654.096
2971,5.386,653.572,654.097
2972,5.385,653.573,654.097
2973,5.385,653.574,654.097
2974,5.385,653.575,654.098
2975,5.385,653.575,654.098
2976,5.385,653.576,654.099
2977,5.384,653.577,654.099
2978,5.384,653.577,654.099
2979,5.384,653.578,654.100
2980,5.384,653.579,654.100
2981,5.384,653.580,654.101
2982,5.383,653.580,654.101
2983,5.383,653.581,654.101
2984,5.383,653.582,654.102
2985,5.383,653.583,654.102
2986,5.383,653.583,654.103
2987,5.382,653.584,654.103
2988,5.382,653.585,654.103
2989,5.382,653.585,654.104
2990,5.382,653.586,654.104
2991,5.382,653.587,654.104
2992,5.382,653.588,654.105
2993,5.381,653.588,654.105
2994,5.381,653.589,654.106
2995,5.381,653.590,654.106
2996,5.381,653.591,654.106
2997,5.381,653.591,654.107
2998,5.380,653.592,654.107
2999,5.380,653.593,654.107
3000,5.380,653.593,654.108
3001,5.380,653.593,654.108
3002,5.380,653.593,654.108
3003,5.380,653.593,654.108
3004,5.380,653.593,654.108
3005,5.380,653.593,654.108
3006,5.380,653.593,654.108
3007,5.380,653.593,654.108
3008,5.380,653.593,654.108
3009,5.380,653.593,654.108
3010,5.380,653.593,654.108
3011,5.380,653.593,654.108
3012,5.380,653.593,654.108
3013,5.380,653.593,654.108
3014,5.380,653.593,654.108
3015,5.380,653.593,654.108
3016,5.380,653.593,654.108
3017,5.380,653.593,654.108
3018,5.380,653.593,654.108
3019,5.380,653.593,654.108
3020,5.380,653.593,654.108
3021,5.380,653.593,654.108
3022,5.380,653.593,654.108
3023,5.380,653.593,654.108
3024,5.380,653.593,654.108
3025,5.380,653.593,654.108
3026,5.380,653.593,654.108
3027,5.380,653.593,654.108
3028,5.380,653.593,654.108
3029,5.380,653.593,654.108
3030,5.380,653.593,654.108
3031,5.380,653.593,654.108
3032,5.380,653.593,654.108
3033,5.380,653.593,654.108
3034,5.380,653.593,654.108
3035,5.380,653.593,654.108
3036,5.380,653.593,654.108
3037,5.380,653.593,654.108
3038,5.380,653.593,654.108
3039,5.380,653.593,654.108
3040,5.380,653.593,654.108
3041,5.380,653.593,654.108
3042,5.380,653.593,654.108
3043,5.380,653.593,654.108
3044,5.380,653.593,654.108
3045,5.380,653.593,654.108
3046,5.380,653.593,654.108
3047,5.380,653.593,654.108
3048,5.380,653.593,654.108
3049,5.380,653.593,654.108
3050,5.380,653.593,654.108
3051,5.380,653.593,654.108
3052,5.380,653.593,654.108
3053,5.380,653.593,654.108
3054,5.380,653.593,654.108
3055,5.380,653.593,654.108
3056,5.380,653.593,654.108
3057,5.380,653.593,654.108
3058,5.380,653.593,654.108
3059,5.380,653.593,654.108
3060,5.380,653.593,654.108
3061,5.380,653.593,654.108
3062,5.380,653.593,654.108
3063,5.380,653.593,654.108
3064,5.380,653.593,654.108
3065,5.380,653.593,654.108
3066,5.380,653.593,654.108
3067,5.380,653.593,654.108
3068,5.380,653.593,654.108
3069,5.380,653.593,654.108
3070,5.380,653.593,654.108
3071,5.380,653.593,654.108
3072,5.380,653.593,654.108
3073,5.380,653.593,654.108
3074,5.380,653.593,654.108
3075,5.380,653.593,654.108
3076,5.380,653.593,654.108
3077,5.380,653.593,654.108
3078,5.380,653.593,654.108
3079,5.380,653.593,654.108
3080,5.380,653.593,654.108
3081,5.380,653.593,654.108
3082,5.380,653.593,654.108
3083,5.380,653.593,654.108
3084,5.380,653.593,654.108
3085,5.380,653.593,654.108
3086,5.380,653.593,654.108
3087,5.380,653.593,654.108
3088,5.380,653.593,654.108
3089,5.380,653.593,654.108
3090,5.380,653.593,654.108
3091,5.380,653.593,654.108
3092,5.380,653.593,654.108
3093,5.380,653.593,654.108
3094,5.380,653.593,654.108
3095,5.380,653.593,654.108
3096,5.380,653.593,654.108
3097,5.380,653.593,654.108
3098,5.380,653.593,654.108
3099,5.380,653.593,654.108
3100,5.380,653.593,654.108
3101,5.380,653.593,654.108
3102,5.380,653.593,654.108
3103,5.380,653.593,654.108
3104,5.380,653.593,654.108
3105,5.380,653.593,654.108
3106,5.380,653.593,654.108
3107,5.380,653.593,654.108
3108,5.380,653.593,654.108
3109,5.380,653.593,654.108
3110,5.380,653.593,654.108
3111,5.380,653.593,654.108
3112,5.380,653.593,654.108
3113,5.380,653.593,654.108
3114,5.380,653.593,654.108
3115,5.380,653.593,654.108
3116,5.380,653.593,654.108
3117,5.380,653.593,654.108
3118,5.380,653.593,654.108
3119,5.380,653.593,654.108
3120,5.380,653.593,654.108
3121,5.380,653.593,654.108
3122,5.380,653.593,654.108
3123,5.380,653.593,654.108
3124,5.380,653.593,654.108
3125,5.380,653.593,654.108
3126,5.380,653.593,654.108
3127,5.380,653.593,654.108
3128,5.380,653.593,654.108
3129,5.380,653.593,654.108
3130,5.380,653.593,654.108
3131,5.380,653.593,654.108
3132,5.380,653.593,654.108
3133,5.380,653.593,654.108
3134,5.380,653.593,654.108
3135,5.380,653.593,654.108
3136,5.380,653.593,654.108
3137,5.380,653.593,654.108
3138,5.380,653.593,654.108
3139,5.380,653.593,654.108
3140,5.380,653.593,654.108
3141,5.380,653.593,654.108
3142,5.380,653.593,654.108
3143,5.380,653.593,654.108
3144,5.380,653.593,654.108
3145,5.380,653.593,654.108
3146,5.380,653.593,654.108
3147,5.380,653.593,654.108
3148,5.380,653.593,654.108
3149,5.380,653.593,654.108
3150,5.380,653.593,654.108
3151,5.380,653.593,654.108
3152,5.380,653.593,654.108
3153,5.380,653.593,654.108
3154,5.380,653.593,654.108
3155,5.380,653.593,654.108
3156,5.380,653.593,654.108
3157,5.380,653.593,654.108
3158,5.380,653.593,654.108
3159,5.380,653.593,654.108
3160,5.380,653.593,654.108
3161,5.380,653.593,654.108
3162,5.380,653.593,654.108
3163,5.380,653.593,654.108
3164,5.380,653.593,654.108
3165,5.380,653.593,654.108
3166,5.380,653.593,654.108
3167,5.380,653.593,654.108
3168,5.380,653.593,654.108
3169,5.380,653.593,654.108
3170,5.380,653.593,654.108
3171,5.380,653.593,654.108
3172,5.380,653.593,654.108
3173,5.380,653.593,654.108
3174,5.380,653.593,654.108
3175,5.380,653.593,654.108
3176,5.380,653.593,654.108
3177,5.380,653.593,654.108
3178,5.380,653.593,654.108
3179,5.380,653.593,654.108
3180,5.380,653.593,654.108
3181,5.380,653.593,654.108
3182,5.380,653.593,654.108
3183,5.380,653.593,654.108
3184,5.380,653.593,654.108
3185,5.380,653.593,654.108
3186,5.380,653.593,654.108
3187,5.380,653.593,654.108
3188,5.380,653.593,654.108
3189,5.380,653.593,654.108
3190,5.380,653.593,654.108
3191,5.380,653.593,654.108
3192,5.380,653.593,654.108
3193,5.380,653.593,654.108
3194,5.380,653.593,654.108
3195,5.380,653.593,654.108
3196,5.380,653.593,654.108
3197,5.380,653.593,654.108
3198,5.380,653.593,654.108
3199,5.380,653.593,654.108
3200,5.380,653.593,654.108
3201,5.380,653.593,654.108
3202,5.380,653.593,654.108
3203,5.380,653.593,654.108
3204,5.380,653.593,654.108
3205,5.380,653.593,654.108
3206,5.380,653.593,654.108
3207,5.380,653.593,654.108
3208,5.380,653.593,654.108
3209,5.380,653.593,654.108
3210,5.380,653.593,654.108
3211,5.380,653.593,654.108
3212,5.380,653.593,654.108
3213,5.380,653.593,654.108
3214,5.380,653.593,654.108
3215,5.380,653.593,654.108
3216,5.380,653.593,654.108
3217,5.380,653.593,654.108
3218,5.380,653.593,654.108
3219,5.380,653.593,654.108
3220,5.380,653.593,654.108
3221,5.380,653.593,654.108
3222,5.380,653.593,654.108
3223,5.380,653.593,654.108
3224,5.380,653.593,654.108
3225,5.380,653.593,654.108
3226,5.380,653.593,654.108
3227,5.380,653.593,654.108
3228,5.380,653.593,654.108
3229,5.380,653.593,654.108
3230,5.380,653.593,654.108
3231,5.380,653.593,654.108
3232,5.380,653.593,654.108
3233,5.380,653.593,654.108
3234,5.380,653.593,654.108
3235,5.380,653.593,654.108
3236,5.380,653.593,654.108
3237,5.380,653.593,654.108
3238,5.380,653.593,654.108
3239,5.380,653.593,654.108
3240,5.380,653.593,654.108
3241,5.380,653.593,654.108
3242,5.380,653.593,654.108
3243,5.380,653.593,654.108
3244,5.380,653.593,654.108
3245,5.380,653.593,654.108
3246,5.380,653.593,654.108
3247,5.380,653.593,654.108
3248,5.380,653.593,654.108
3249,5.380,653.593,654.108
3250,5.380,653.593,654.108
3251,5.380,653.593,654.108
3252,5.380,653.593,654.108
3253,5.380,653.593,654.108
3254,5.380,653.593,654.108
3255,5.380,653.593,654.108
3256,5.380,653.593,654.108
3257,5.380,653.593,654.108
3258,5.380,653.593,654.108
3259,5.380,653.593,654.108
3260,5.380,653.593,654.108
3261,5.380,653.593,654.108
3262,5.380,653.593,654.108
3263,5.380,653.593,654.108
3264,5.380,653.593,654.108
3265,5.380,653.593,654.108
3266,5.380,653.593,654.108
3267,5.380,653.593,654.108
3268,5.380,653.593,654.108
3269,5.380,653.593,654.108
3270,5.380,653.593,654.108
3271,5.380,653.593,654.108
3272,5.380,653.593,654.108
3273,5.380,653.593,654.108
3274,5.380,653.593,654.108
3275,5.380,653.593,654.108
3276,5.380,653.593,654.108
3277,5.380,653.593,654.108
3278,5.380,653.593,654.108
3279,5.380,653.593,654.108
3280,5.380,653.593,654.108
3281,5.380,653.593,654.108
3282,5.380,653.593,654.108
3283,5.380,653.593,654.108
3284,5.380,653.593,654.108
3285,5.380,653.593,654.108
3286,5.380,653.593,654.108
3287,5.380,653.593,654.108
3288,5.380,653.593,654.108
3289,5.380,653.593,654.108
3290,5.380,653.593,654.108
3291,5.380,653.593,654.108
3292,5.380,653.593,654.108
3293,5.380,653.593,654.108
3294,5.380,653.593,654.108
3295,5.380,653.593,654.108
3296,5.380,653.593,654.108
3297,5.380,653.593,654.108
3298,5.380,653.593,654.108
3299,5.380,653.593,654.108
3300,5.380,653.593,654.108
3301,5.380,653.593,654.108
3302,5.380,653.593,654.108
3303,5.380,653.593,654.108
3304,5.380,653.593,654.108
3305,5.380,653.593,654.108
3306,5.380,653.593,654.108
3307,5.380,653.593,654.108
3308,5.380,653.593,654.108
3309,5.380,653.593,654.108
3310,5.380,653.593,654.108
3311,5.380,653.593,654.108
3312,5.380,653.593,654.108
3313,5.380,653.593,654.108
3314,5.380,653.593,654.108
3315,5.380,653.593,654.108
3316,5.380,653.593,654.108
3317,5.380,653.593,654.108
3318,5.380,653.593,654.108
3319,5.380,653.593,654.108
3320,5.380,653.593,654.108
3321,5.380,653.593,654.108
3322,5.380,653.593,654.108
3323,5.380,653.593,654.108
3324,5.380,653.593,654.108
3325,5.380,653.593,654.108
3326,5.380,653.593,654.108
3327,5.380,653.593,654.108
3328,5.380,653.593,654.108
3329,5.380,653.593,654.108
3330,5.380,653.593,654.108
3331,5.380,653.593,654.108
3332,5.380,653.593,654.108
3333,5.380,653.593,654.108
3334,5.380,653.593,654.108
3335,5.380,653.593,654.108
3336,5.380,653.593,654.108
3337,5.380,653.593,654.108
3338,5.380,653.593,654.108
3339,5.380,653.593,654.108
3340,5.380,653.593,654.108
3341,5.380,653.593,654.108
3342,5.380,653.593,654.108
3343,5.380,653.593,654.108
3344,5.380,653.593,654.108
3345,5.380,653.593,654.108
3346,5.380,653.593,654.108
3347,5.380,653.593,654.108
3348,5.380,653.593,654.108
3349,5.380,653.593,654.108
3350,5.380,653.593,654.108
3351,5.380,653.593,654.108
3352,5.380,653.593,654.108
3353,5.380,653.593,654.108
3354,5.380,653.593,654.108
3355,5.380,653.593,654.108
3356,5.380,653.593,654.108
3357,5.380,653.593,654.108
3358,5.380,653.593,654.108
3359,5.380,653.593,654.108
3360,5.380,653.593,654.108
3361,5.380,653.593,654.108
3362,5.380,653.593,654.108
3363,5.380,653.593,654.108
3364,5.380,653.593,654.108
3365,5.380,653.593,654.108
3366,5.380,653.593,654.108
3367,5.380,653.593,654.108
3368,5.380,653.593,654.108
3369,5.380,653.593,654.108
3370,5.380,653.593,654.108
3371,5.380,653.593,654.108
3372,5.380,653.593,654.108
3373,5.380,653.593,654.108
3374,5.380,653.593,654.108
3375,5.380,653.593,654.108
3376,5.380,653.593,654.108
3377,5.380,653.593,654.108
3378,5.380,653.593,654.108
3379,5.380,653.593,654.108
3380,5.380,653.593,654.108
3381,5.380,653.593,654.108
3382,5.380,653.593,654.108
3383,5.380,653.593,654.108
3384,5.380,653.593,654.108
3385,5.380,653.593,654.108
3386,5.380,653.593,654.108
3387,5.380,653.593,654.108
3388,5.380,653.593,654.108
3389,5.380,653.593,654.108
3390,5.380,653.593,654.108
3391,5.380,653.593,654.108
3392,5.380,653.593,654.108
3393,5.380,653.593,654.108
3394,5.380,653.593,654.108
3395,5.380,653.593,654.108
3396,5.380,653.593,654.108
3397,5.380,653.593,654.108
3398,5.380,653.593,654.108
3399,5.380,653.593,654.108
3400,5.380,653.593,654.108
3401,5.380,653.593,654.108
3402,5.380,653.593,654.108
3403,5.380,653.593,654.108
3404,5.380,653.593,654.108
3405,5.380,653.593,654.108
3406,5.380,653.593,654.108
3407,5.380,653.593,654.108
3408,5.380,653.593,654.108
3409,5.380,653.593,654.108
3410,5.380,653.593,654.108
3411,5.380,653.593,654.108
3412,5.380,653.593,654.108
3413,5.380,653.593,654.108
3414,5.380,653.593,654.108
3415,5.380,653.593,654.108
3416,5.380,653.593,654.108
3417,5.380,653.593,654.108
3418,5.380,653.593,654.108
3419,5.380,653.593,654.108
3420,5.380,653.593,654.108
3421,5.380,653.593,654.108
3422,5.380,653.593,654.108
3423,5.380,653.593,654.108
3424,5.380,653.593,654.108
3425,5.380,653.593,654.108
3426,5.380,653.593,654.108
3427,5.380,653.593,654.108
3428,5.380,653.593,654.108
3429,5.380,653.593,654.108
3430,5.380,653.593,654.108
3431,5.380,653.593,654.108
3432,5.380,653.593,654.108
3433,5.380,653.593,654.108
3434,5.380,653.593,654.108
3435,5.380,653.593,654.108
3436,5.380,653.593,654.108
3437,5.380,653.593,654.108
3438,5.380,653.593,654.108
3439,5.380,653.593,654.108
3440,5.380,653.593,654.108
3441,5.380,653.593,654.108
3442,5.380,653.593,654.108
3443,5.380,653.593,654.108
3444,5.380,653.593,654.108
3445,5.380,653.593,654.108
3446,5.380,653.593,654.108
3447,5.380,653.593,654.108
3448,5.380,653.593,654.108
3449,5.380,653.593,654.108
3450,5.380,653.593,654.108
3451,5.380,653.593,654.108
3452,5.380,653.593,654.108
3453,5.380,653.593,654.108
3454,5.380,653.593,654.108
3455,5.380,653.593,654.108
3456,5.380,653.593,654.108
3457,5.380,653.593,654.108
3458,5.380,653.593,654.108
3459,5.380,653.593,654.108
3460,5.380,653.593,654.108
3461,5.380,653.593,654.108
3462,5.380,653.593,654.108
3463,5.380,653.593,654.108
3464,5.380,653.593,654.108
3465,5.380,653.593,654.108
3466,5.380,653.593,654.108
3467,5.380,653.593,654.108
3468,5.380,653.593,654.108
3469,5.380,653.593,654.108
3470,5.380,653.593,654.108
3471,5.380,653.593,654.108
3472,5.380,653.593,654.108
3473,5.380,653.593,654.108
3474,5.380,653.593,654.108
3475,5.380,653.593,654.108
3476,5.380,653.593,654.108
3477,5.380,653.593,654.108
3478,5.380,653.593,654.108
3479,5.380,653.593,654.108
3480,5.380,653.593,654.108
3481,5.380,653.593,654.108
3482,5.380,653.593,654.108
3483,5.380,653.593,654.108
3484,5.380,653.593,654.108
3485,5.380,653.593,654.108
3486,5.380,653.593,654.108
3487,5.380,653.593,654.108
3488,5.380,653.593,654.108
3489,5.380,653.593,654.108
3490,5.380,653.593,654.108
3491,5.380,653.593,654.108
3492,5.380,653.593,654.108
3493,5.380,653.593,654.108
3494,5.380,653.593,654.108
3495,5.380,653.593,654.108
3496,5.380,653.593,654.108
3497,5.380,653.593,654.108
3498,5.380,653.593,654.108
3499,5.380,653.593,654.108
3500,5.380,653.593,654.108
3501,5.380,653.593,654.108
3502,5.380,653.593,654.108
3503,5.380,653.593,654.108
3504,5.380,653.593,654.108
3505,5.380,653.593,654.108
3506,5.380,653.593,654.108
3507,5.380,653.593,654.108
3508,5.380,653.593,654.108
3509,5.380,653.593,654.108
3510,5.380,653.593,654.108
3511,5.380,653.593,654.108
3512,5.380,653.593,654.108
3513,5.380,653.593,654.108
3514,5.380,653.593,654.108
3515,5.380,653.593,654.108
3516,5.380,653.593,654.108
3517,5.380,653.593,654.108
3518,5.380,653.593,654.108
3519,5.380,653.593,654.108
3520,5.380,653.593,654.108
3521,5.380,653.593,654.108
3522,5.380,653.593,654.108
3523,5.380,653.593,654.108
3524,5.380,653.593,654.108
3525,5.380,653.593,654.108
3526,5.380,653.593,654.108
3527,5.380,653.593,654.108
3528,5.380,653.593,654.108
3529,5.380,653.593,654.108
3530,5.380,653.593,654.108
3531,5.380,653.593,654.108
3532,5.380,653.593,654.108
3533,5.380,653.593,654.108
3534,5.380,653.593,654.108
3535,5.380,653.593,654.108
3536,5.380,653.593,654.108
3537,5.380,653.593,654.108
3538,5.380,653.593,654.108
3539,5.380,653.593,654.108
3540,5.380,653.593,654.108
3541,5.380,653.593,654.108
3542,5.380,653.593,654.108
3543,5.380,653.593,654.108
3544,5.380,653.593,654.108
3545,5.380,653.593,654.108
3546,5.380,653.593,654.108
3547,5.380,653.593,654.108
3548,5.380,653.593,654.108
3549,5.380,653.593,654.108
3550,5.380,653.593,654.108
3551,5.380,653.593,654.108
3552,5.380,653.593,654.108
3553,5.380,653.593,654.108
3554,5.380,653.593,654.108
3555,5.380,653.593,654.108
3556,5.380,653.593,654.108
3557,5.380,653.593,654.108
3558,5.380,653.593,654.108
3559,5.380,653.593,654.108
3560,5.380,653.593,654.108
3561,5.380,653.593,654.108
3562,5.380,653.593,654.108
3563,5.380,653.593,654.108
3564,5.380,653.593,654.108
3565,5.380,653.593,654.108
3566,5.380,653.593,654.108
3567,5.380,653.593,654.108
3568,5.380,653.593,654.108
3569,5.380,653.593,654.108
3570,5.380,653.593,654.108
3571,5.380,653.593,654.108
3572,5.380,653.593,654.108
3573,5.380,653.593,654.108
3574,5.380,653.593,654.108
3575,5.380,653.593,654.108
3576,5.380,653.593,654.108
3577,5.380,653.593,654.108
3578,5.380,653.593,654.108
3579,5.380,653.593,654.108
3580,5.380,653.593,654.108
3581,5.380,653.593,654.108
3582,5.380,653.593,654.108
3583,5.380,653.593,654.108
3584,5.380,653.593,654.108
3585,5.380,653.593,654.108
3586,5.380,653.593,654.108
3587,5.380,653.593,654.108
3588,5.380,653.593,654.108
3589,5.380,653.593,654.108
3590,5.380,653.593,654.108
3591,5.380,653.593,654.108
3592,5.380,653.593,654.108
3593,5.380,653.593,654.108
3594,5.380,653.593,654.108
3595,5.380,653.593,654.108
3596,5.380,653.593,654.108
3597,5.380,653.593,654.108
3598,5.380,653.593,654.108
3599,5.380,653.593,654.108
3600,5.380,653.593,654.108
3601,5.380,653.593,654.108
3602,5.380,653.593,654.108
3603,5.380,653.593,654.108
3604,5.380,653.593,654.108
3605,5.380,653.593,654.108
3606,5.380,653.593,654.108
3607,5.380,653.593,654.108
3608,5.380,653.593,654.108
3609,5.380,653.593,654.108
3610,5.380,653.593,654.108
3611,5.380,653.593,654.108
3612,5.380,653.593,654.108
3613,5.380,653.593,654.108
3614,5.380,653.593,654.108
3615,5.380,653.593,654.108
3616,5.380,653.593,654.108
3617,5.380,653.593,654.108
3618,5.380,653.593,654.108
3619,5.380,653.593,654.108
3620,5.380,653.593,654.108
3621,5.380,653.593,654.108
3622,5.380,653.593,654.108
3623,5.380,653.593,654.108
3624,5.380,653.593,654.108
3625,5.380,653.593,654.108
3626,5.380,653.593,654.108
3627,5.380,653.593,654.108
3628,5.380,653.593,654.108
3629,5.380,653.593,654.108
3630,5.380,653.593,654.108
3631,5.380,653.593,654.108
3632,5.380,653.593,654.108
3633,5.380,653.593,654.108
3634,5.380,653.593,654.108
3635,5.380,653.593,654.108
3636,5.380,653.593,654.108
3637,5.380,653.593,654.108
3638,5.380,653.593,654.108
3639,5.380,653.593,654.108
3640,5.380,653.593,654.108
3641,5.380,653.593,654.108
3642,5.380,653.593,654.108
3643,5.380,653.593,654.108
3644,5.380,653.593,654.108
3645,5.380,653.593,654.108
3646,5.380,653.593,654.108
3647,5.380,653.593,654.108
3648,5.380,653.593,654.108
3649,5.380,653.593,654.108
3650,5.380,653.593,654.108
3651,5.380,653.593,654.108
3652,5.380,653.593,654.108
3653,5.380,653.593,654.108
3654,5.380,653.593,654.108
3655,5.380,653.593,654.108
3656,5.380,653.593,654.108
3657,5.380,653.593,654.108
3658,5.380,653.593,654.108
3659,5.380,653.593,654.108
3660,5.380,653.593,654.108
3661,5.380,653.593,654.108
3662,5.380,653.593,654.108
3663,5.380,653.593,654.108
3664,5.380,653.593,654.108
3665,5.380,653.593,654.108
3666,5.380,653.593,654.108
3667,5.380,653.593,654.108
3668,5.380,653.593,654.108
3669,5.380,653.593,654.108
3670,5.380,653.593,654.108
3671,5.380,653.593,654.108
3672,5.380,653.593,654.108
3673,5.380,653.593,654.108
3674,5.380,653.593,654.108
3675,5.380,653.593,654.108
3676,5.380,653.593,654.108
3677,5.380,653.593,654.108
3678,5.380,653.593,654.108
3679,5.380,653.593,654.108
3680,5.380,653.593,654.108
3681,5.380,653.593,654.108
3682,5.380,653.593,654.108
3683,5.380,653.593,654.108
3684,5.380,653.593,654.108
3685,5.380,653.593,654.108
3686,5.380,653.593,654.108
3687,5.380,653.593,654.108
3688,5.380,653.593,654.108
3689,5.380,653.593,654.108
3690,5.380,653.593,654.108
3691,5.380,653.593,654.108
3692,5.380,653.593,654.108
3693,5.380,653.593,654.108
3694,5.380,653.593,654.108
3695,5.380,653.593,654.108
3696,5.380,653.593,654.108
3697,5.380,653.593,654.108
3698,5.380,653.593,654.108
3699,5.380,653.593,654.108
3700,5.380,653.593,654.108
3701,5.380,653.593,654.108
3702,5.380,653.593,654.108
3703,5.380,653.593,654.108
3704,5.380,653.593,654.108
3705,5.380,653.593,654.108
3706,5.380,653.593,654.108
3707,5.380,653.593,654.108
3708,5.380,653.593,654.108
3709,5.380,653.593,654.108
3710,5.380,653.593,654.108
3711,5.380,653.593,654.108
3712,5.380,653.593,654.108
3713,5.380,653.593,654.108
3714,5.380,653.593,654.108
3715,5.380,653.593,654.108
3716,5.380,653.593,654.108
3717,5.380,653.593,654.108
3718,5.380,653.593,654.108
3719,5.380,653.593,654.108
3720,5.380,653.593,654.108
3721,5.380,653.593,654.108
3722,5.380,653.593,654.108
3723,5.380,653.593,654.108
3724,5.380,653.593,654.108
3725,5.380,653.593,654.108
3726,5.380,653.593,654.108
3727,5.380,653.593,654.108
3728,5.380,653.593,654.108
3729,5.380,653.593,654.108
3730,5.380,653.593,654.108
3731,5.380,653.593,654.108
3732,5.380,653.593,654.108
3733,5.380,653.593,654.108
3734,5.380,653.593,654.108
3735,5.380,653.593,654.108
3736,5.380,653.593,654.108
3737,5.380,653.593,654.108
3738,5.380,653.593,654.108
3739,5.380,653.593,654.108
3740,5.380,653.593,654.108
3741,5.380,653.593,654.108
3742,5.380,653.593,654.108
3743,5.380,653.593,654.108
3744,5.380,653.593,654.108
3745,5.380,653.593,654.108
3746,5.380,653.593,654.108
3747,5.380,653.593,654.108
3748,5.380,653.593,654.108
3749,5.380,653.593,654.108
3750,5.380,653.593,654.108
3751,5.380,653.593,654.108
3752,5.380,653.593,654.108
3753,5.380,653.593,654.108
3754,5.380,653.593,654.108
3755,5.380,653.593,654.108
3756,5.380,653.593,654.108
3757,5.380,653.593,654.108
3758,5.380,653.593,654.108
3759,5.380,653.593,654.108
3760,5.380,653.593,654.108
3761,5.380,653.593,654.108
3762,5.380,653.593,654.108
3763,5.380,653.593,654.108
3764,5.380,653.593,654.108
3765,5.380,653.593,654.108
3766,5.380,653.593,654.108
3767,5.380,653.593,654.108
3768,5.380,653.593,654.108
3769,5.380,653.593,654.108
3770,5.380,653.593,654.108
3771,5.380,653.593,654.108
3772,5.380,653.593,654.108
3773,5.380,653.593,654.108
3774,5.380,653.593,654.108
3775,5.380,653.593,654.108
3776,5.380,653.593,654.108
3777,5.380,653.593,654.108
3778,5.380,653.593,654.108
3779,5.380,653.593,654.108
3780,5.380,653.593,654.108
3781,5.380,653.593,654.108
3782,5.380,653.593,654.108
3783,5.380,653.593,654.108
3784,5.380,653.593,654.108
3785,5.380,653.593,654.108
3786,5.380,653.593,654.108
3787,5.380,653.593,654.108
3788,5.380,653.593,654.108
3789,5.380,653.593,654.108
3790,5.380,653.593,654.108
3791,5.380,653.593,654.108
3792,5.380,653.593,654.108
3793,5.380,653.593,654.108
3794,5.380,653.593,654.108
3795,5.380,653.593,654.108
3796,5.380,653.593,654.108
3797,5.380,653.593,654.108
3798,5.380,653.593,654.108
3799,5.380,653.593,654.108
3800,5.380,653.593,654.108
3801,5.380,653.593,654.108
3802,5.380,653.593,654.108
3803,5.380,653.593,654.108
3804,5.380,653.593,654.108
3805,5.380,653.593,654.108
3806,5.380,653.593,654.108
3807,5.380,653.593,654.108
3808,5.380,653.593,654.108
3809,5.380,653.593,654.108
3810,5.380,653.593,654.108
3811,5.380,653.593,654.108
3812,5.380,653.593,654.108
3813,5.380,653.593,654.108
3814,5.380,653.593,654.108
3815,5.380,653.593,654.108
3816,5.380,653.593,654.108
3817,5.380,653.593,654.108
3818,5.380,653.593,654.108
3819,5.380,653.593,654.108
3820,5.380,653.593,654.108
3821,5.380,653.593,654.108
3822,5.380,653.593,654.108
3823,5.380,653.593,654.108
3824,5.380,653.593,654.108
3825,5.380,653.593,654.108
3826,5.380,653.593,654.108
3827,5.380,653.593,654.108
3828,5.380,653.593,654.108
3829,5.380,653.593,654.108
3830,5.380,653.593,654.108
3831,5.380,653.593,654.108
3832,5.380,653.593,654.108
3833,5.380,653.593,654.108
3834,5.380,653.593,654.108
3835,5.380,653.593,654.108
3836,5.380,653.593,654.108
3837,5.380,653.593,654.108
3838,5.380,653.593,654.108
3839,5.380,653.593,654.108
3840,5.380,653.593,654.108
3841,5.380,653.593,654.108
3842,5.380,653.593,654.108
3843,5.380,653.593,654.108
3844,5.380,653.593,654.108
3845,5.380,653.593,654.108
3846,5.380,653.593,654.108
3847,5.380,653.593,654.108
3848,5.380,653.593,654.108
3849,5.380,653.593,654.108
3850,5.380,653.593,654.108
3851,5.380,653.593,654.108
3852,5.380,653.593,654.108
3853,5.380,653.593,654.108
3854,5.380,653.593,654.108
3855,5.380,653.593,654.108
3856,5.380,653.593,654.108
3857,5.380,653.593,654.108
3858,5.380,653.593,654.108
3859,5.380,653.593,654.108
3860,5.380,653.593,654.108
3861,5.380,653.593,654.108
3862,5.380,653.593,654.108
3863,5.380,653.593,654.108
3864,5.380,653.593,654.108
3865,5.380,653.593,654.108
3866,5.380,653.593,654.108
3867,5.380,653.593,654.108
3868,5.380,653.593,654.108
3869,5.380,653.593,654.108
3870,5.380,653.593,654.108
3871,5.380,653.593,654.108
3872,5.380,653.593,654.108
3873,5.380,653.593,654.108
3874,5.380,653.593,654.108
3875,5.380,653.593,654.108
3876,5.380,653.593,654.108
3877,5.380,653.593,654.108
3878,5.380,653.593,654.108
3879,5.380,653.593,654.108
3880,5.380,653.593,654.108
3881,5.380,653.593,654.108
3882,5.380,653.593,654.108
3883,5.380,653.593,654.108
3884,5.380,653.593,654.108
3885,5.380,653.593,654.108
3886,5.380,653.593,654.108
3887,5.380,653.593,654.108
3888,5.380,653.593,654.108
3889,5.380,653.593,654.108
3890,5.380,653.593,654.108
3891,5.380,653.593,654.108
3892,5.380,653.593,654.108
3893,5.380,653.593,654.108
3894,5.380,653.593,654.108
3895,5.380,653.593,654.108
3896,5.380,653.593,654.108
3897,5.380,653.593,654.108
3898,5.380,653.593,654.108
3899,5.380,653.593,654.108
3900,5.380,653.593,654.108
3901,5.380,653.593,654.108
3902,5.380,653.593,654.108
3903,5.380,653.593,654.108
3904,5.380,653.593,654.108
3905,5.380,653.593,654.108
3906,5.380,653.593,654.108
3907,5.380,653.593,654.108
3908,5.380,653.593,654.108
3909,5.380,653.593,654.108
3910,5.380,653.593,654.108
3911,5.380,653.593,654.108
3912,5.380,653.593,654.108
3913,5.380,653.593,654.108
3914,5.380,653.593,654.108
3915,5.380,653.593,654.108
3916,5.380,653.593,654.108
3917,5.380,653.593,654.108
3918,5.380,653.593,654.108
3919,5.380,653.593,654.108
3920,5.380,653.593,654.108
3921,5.380,653.593,654.108
3922,5.380,653.593,654.108
3923,5.380,653.593,654.108
3924,5.380,653.593,654.108
3925,5.380,653.593,654.108
3926,5.380,653.593,654.108
3927,5.380,653.593,654.108
3928,5.380,653.593,654.108
3929,5.380,653.593,654.108
3930,5.380,653.593,654.108
3931,5.380,653.593,654.108
3932,5.380,653.593,654.108
3933,5.380,653.593,654.108
3934,5.380,653.593,654.108
3935,5.380,653.593,654.108
3936,5.380,653.593,654.108
3937,5.380,653.593,654.108
3938,5.380,653.593,654.108
3939,5.380,653.593,654.108
3940,5.380,653.593,654.108
3941,5.380,653.593,654.108
3942,5.380,653.593,654.108
3943,5.380,653.593,654.108
3944,5.380,653.593,654.108
3945,5.380,653.593,654.108
3946,5.380,653.593,654.108
3947,5.380,653.593,654.108
3948,5.380,653.593,654.108
3949,5.380,653.593,654.108
3950,5.380,653.593,654.108
3951,5.380,653.593,654.108
3952,5.380,653.593,654.108
3953,5.380,653.593,654.108
3954,5.380,653.593,654.108
3955,5.380,653.593,654.108
3956,5.380,653.593,654.108
3957,5.380,653.593,654.108
3958,5.380,653.593,654.108
3959,5.380,653.593,654.108
3960,5.380,653.593,654.108
3961,5.380,653.593,654.108
3962,5.380,653.593,654.108
3963,5.380,653.593,654.108
3964,5.380,653.593,654.108
3965,5.380,653.593,654.108
3966,5.380,653.593,654.108
3967,5.380,653.593,654.108
3968,5.380,653.593,654.108
3969,5.380,653.593,654.108
3970,5.380,653.593,654.108
3971,5.380,653.593,654.108
3972,5.380,653.593,654.108
3973,5.380,653.593,654.108
3974,5.380,653.593,654.108
3975,5.380,653.593,654.108
3976,5.380,653.593,654.108
3977,5.380,653.593,654.108
3978,5.380,653.593,654.108
3979,5.380,653.593,654.108
3980,5.380,653.593,654.108
3981,5.380,653.593,654.108
3982,5.380,653.593,654.108
3983,5.380,653.593,654.108
3984,5.380,653.593,654.108
3985,5.380,653.593,654.108
3986,5.380,653.593,654.108
3987,5.380,653.593,654.108
3988,5.380,653.593,654.108
3989,5.380,653.593,654.108
3990,5.380,653.593,654.108
3991,5.380,653.593,654.108
3992,5.380,653.593,654.108
3993,5.380,653.593,654.108
3994,5.380,653.593,654.108
3995,5.380,653.593,654.108
3996,5.380,653.593,654.108
3997,5.380,653.593,654.108
3998,5.380,653.593,654.108
3999,5.380,653.593,654.108
4000,5.380,653.593,654.108
4001,5.380,653.593,654.108
4002,5.380,653.593,654.108
4003,5.380,653.593,654.108
4004,5.380,653.593,654.108
4005,5.380,653.593,654.108
4006,5.380,653.593,654.108
4007,5.380,653.593,654.108
4008,5.380,653.593,654.108
4009,5.380,653.593,654.108
4010,5.380,653.593,654.108
4011,5.380,653.593,654.108
4012,5.380,653.593,654.108
4013,5.380,653.593,654.108
4014,5.380,653.593,654.108
4015,5.380,653.593,654.108
4016,5.380,653.593,654.108
4017,5.380,653.593,654.108
4018,5.380,653.593,654.108
4019,5.380,653.593,654.108
4020,5.380,653.593,654.108
4021,5.380,653.593,654.108
4022,5.380,653.593,654.108
4023,5.380,653.593,654.108
4024,5.380,653.593,654.108
4025,5.380,653.593,654.108
4026,5.380,653.593,654.108
4027,5.380,653.593,654.108
4028,5.380,653.593,654.108
4029,5.380,653.593,654.108
4030,5.380,653.593,654.108
4031,5.380,653.593,654.108
4032,5.380,653.593,654.108
4033,5.380,653.593,654.108
4034,5.380,653.593,654.108
4035,5.380,653.593,654.108
4036,5.380,653.593,654.108
4037,5.380,653.593,654.108
4038,5.380,653.593,654.108
4039,5.380,653.593,654.108
4040,5.380,653.593,654.108
4041,5.380,653.593,654.108
4042,5.380,653.593,654.108
4043,5.380,653.593,654.108
4044,5.380,653.593,654.108
4045,5.380,653.593,654.108
4046,5.380,653.593,654.108
4047,5.380,653.593,654.108
4048,5.380,653.593,654.108
4049,5.380,653.593,654.108
4050,5.380,653.593,654.108
4051,5.380,653.593,654.108
4052,5.380,653.593,654.108
4053,5.380,653.593,654.108
4054,5.380,653.593,654.108
4055,5.380,653.593,654.108
4056,5.380,653.593,654.108
4057,5.380,653.593,654.108
4058,5.380,653.593,654.108
4059,5.380,653.593,654.108
4060,5.380,653.593,654.108
4061,5.380,653.593,654.108
4062,5.380,653.593,654.108
4063,5.380,653.593,654.108
4064,5.380,653.593,654.108
4065,5.380,653.593,654.108
4066,5.380,653.593,654.108
4067,5.380,653.593,654.108
4068,5.380,653.593,654.108
4069,5.380,653.593,654.108
4070,5.380,653.593,654.108
4071,5.380,653.593,654.108
4072,5.380,653.593,654.108
4073,5.380,653.593,654.108
4074,5.380,653.593,654.108
4075,5.380,653.593,654.108
4076,5.380,653.593,654.108
4077,5.380,653.593,654.108
4078,5.380,653.593,654.108
4079,5.380,653.593,654.108
4080,5.380,653.593,654.108
4081,5.380,653.593,654.108
4082,5.380,653.593,654.108
4083,5.380,653.593,654.108
4084,5.380,653.593,654.108
4085,5.380,653.593,654.108
4086,5.380,653.593,654.108
4087,5.380,653.593,654.108
4088,5.380,653.593,654.108
4089,5.380,653.593,654.108
4090,5.380,653.593,654.108
4091,5.380,653.593,654.108
4092,5.380,653.593,654.108
4093,5.380,653.593,654.108
4094,5.380,653.593,654.108
4095,5.380,653.593,654.108
4096,5.380,653.593,654.108
4097,5.380,653.593,654.108
4098,5.380,653.593,654.108
4099,5.380,653.593,654.108
4100,5.380,653.593,654.108
4101,5.380,653.593,654.108
4102,5.380,653.593,654.108
4103,5.380,653.593,654.108
4104,5.380,653.593,654.108
4105,5.380,653.593,654.108
4106,5.380,653.593,654.108
4107,5.380,653.593,654.108
4108,5.380,653.593,654.108
4109,5.380,653.593,654.108
4110,5.380,653.593,654.108
4111,5.380,653.593,654.108
4112,5.380,653.593,654.108
4113,5.380,653.593,654.108
4114,5.380,653.593,654.108
4115,5.380,653.593,654.108
4116,5.380,653.593,654.108
4117,5.380,653.593,654.108
4118,5.380,653.593,654.108
4119,5.380,653.593,654.108
4120,5.380,653.593,654.108
4121,5.380,653.593,654.108
4122,5.380,653.593,654.108
4123,5.380,653.593,654.108
4124,5.380,653.593,654.108
4125,5.380,653.593,654.108
4126,5.380,653.593,654.108
4127,5.380,653.593,654.108
4128,5.380,653.593,654.108
4129,5.380,653.593,654.108
4130,5.380,653.593,654.108
4131,5.380,653.593,654.108
4132,5.380,653.593,654.108
4133,5.380,653.593,654.108
4134,5.380,653.593,654.108
4135,5.380,653.593,654.108
4136,5.380,653.593,654.108
4137,5.380,653.593,654.108
4138,5.380,653.593,654.108
4139,5.380,653.593,654.108
4140,5.380,653.593,654.108
4141,5.380,653.593,654.108
4142,5.380,653.593,654.108
4143,5.380,653.593,654.108
4144,5.380,653.593,654.108
4145,5.380,653.593,654.108
4146,5.380,653.593,654.108
4147,5.380,653.593,654.108
4148,5.380,653.593,654.108
4149,5.380,653.593,654.108
4150,5.380,653.593,654.108
4151,5.380,653.593,654.108
4152,5.380,653.593,654.108
4153,5.380,653.593,654.108
4154,5.380,653.593,654.108
4155,5.380,653.593,654.108
4156,5.380,653.593,654.108
4157,5.380,653.593,654.108
4158,5.380,653.593,654.108
4159,5.380,653.593,654.108
4160,5.380,653.593,654.108
4161,5.380,653.593,654.108
4162,5.380,653.593,654.108
4163,5.380,653.593,654.108
4164,5.380,653.593,654.108
4165,5.380,653.593,654.108
4166,5.380,653.593,654.108
4167,5.380,653.593,654.108
4168,5.380,653.593,654.108
4169,5.380,653.593,654.108
4170,5.380,653.593,654.108
4171,5.380,653.593,654.108
4172,5.380,653.593,654.108
4173,5.380,653.593,654.108
4174,5.380,653.593,654.108
4175,5.380,653.593,654.108
4176,5.380,653.593,654.108
4177,5.380,653.593,654.108
4178,5.380,653.593,654.108
4179,5.380,653.593,654.108
4180,5.380,653.593,654.108
4181,5.380,653.593,654.108
4182,5.380,653.593,654.108
4183,5.380,653.593,654.108
4184,5.380,653.593,654.108
4185,5.380,653.593,654.108
4186,5.380,653.593,654.108
4187,5.380,653.593,654.108
4188,5.380,653.593,654.108
4189,5.380,653.593,654.108
4190,5.380,653.593,654.108
4191,5.380,653.593,654.108
4192,5.380,653.593,654.108
4193,5.380,653.593,654.108
4194,5.380,653.593,654.108
4195,5.380,653.593,654.108
4196,5.380,653.593,654.108
4197,5.380,653.593,654.108
4198,5.380,653.593,654.108
4199,5.380,653.593,654.108
4200,5.380,653.593,654.108
4201,5.380,653.593,654.108
4202,5.380,653.593,654.108
4203,5.380,653.593,654.108
4204,5.380,653.593,654.108
4205,5.380,653.593,654.108
4206,5.380,653.593,654.108
4207,5.380,653.593,654.108
4208,5.380,653.593,654.108
4209,5.380,653.593,654.108
4210,5.380,653.593,654.108
4211,5.380,653.593,654.108
4212,5.380,653.593,654.108
4213,5.380,653.593,654.108
4214,5.380,653.593,654.108
4215,5.380,653.593,654.108
4216,5.380,653.593,654.108
4217,5.380,653.593,654.108
4218,5.380,653.593,654.108
4219,5.380,653.593,654.108
4220,5.380,653.593,654.108
4221,5.380,653.593,654.108
4222,5.380,653.593,654.108
4223,5.380,653.593,654.108
4224,5.380,653.593,654.108
4225,5.380,653.593,654.108
4226,5.380,653.593,654.108
4227,5.380,653.593,654.108
4228,5.380,653.593,654.108
4229,5.380,653.593,654.108
4230,5.380,653.593,654.108
4231,5.380,653.593,654.108
4232,5.380,653.593,654.108
4233,5.380,653.593,654.108
4234,5.380,653.593,654.108
4235,5.380,653.593,654.108
4236,5.380,653.593,654.108
4237,5.380,653.593,654.108
4238,5.380,653.593,654.108
4239,5.380,653.593,654.108
4240,5.380,653.593,654.108
4241,5.380,653.593,654.108
4242,5.380,653.593,654.108
4243,5.380,653.593,654.108
4244,5.380,653.593,654.108
4245,5.380,653.593,654.108
4246,5.380,653.593,654.108
4247,5.380,653.593,654.108
4248,5.380,653.593,654.108
4249,5.380,653.593,654.108
4250,5.380,653.593,654.108
4251,5.380,653.593,654.108
4252,5.380,653.593,654.108
4253,5.380,653.593,654.108
4254,5.380,653.593,654.108
4255,5.380,653.593,654.108
4256,5.380,653.593,654.108
4257,5.380,653.593,654.108
4258,5.380,653.593,654.108
4259,5.380,653.593,654.108
4260,5.380,653.593,654.108
4261,5.380,653.593,654.108
4262,5.380,653.593,654.108
4263,5.380,653.593,654.108
4264,5.380,653.593,654.108
4265,5.380,653.593,654.108
4266,5.380,653.593,654.108
4267,5.380,653.593,654.108
4268,5.380,653.593,654.108
4269,5.380,653.593,654.108
4270,5.380,653.593,654.108
4271,5.380,653.593,654.108
4272,5.380,653.593,654.108
4273,5.380,653.593,654.108
4274,5.380,653.593,654.108
4275,5.380,653.593,654.108
4276,5.380,653.593,654.108
4277,5.380,653.593,654.108
4278,5.380,653.593,654.108
4279,5.380,653.593,654.108
4280,5.380,653.593,654.108
4281,5.380,653.593,654.108
4282,5.380,653.593,654.108
4283,5.380,653.593,654.108
4284,5.380,653.593,654.108
4285,5.380,653.593,654.108
4286,5.380,653.593,654.108
4287,5.380,653.593,654.108
4288,5.380,653.593,654.108
4289,5.380,653.593,654.108
4290,5.380,653.593,654.108
4291,5.380,653.593,654.108
4292,5.380,653.593,654.108
4293,5.380,653.593,654.108
4294,5.380,653.593,654.108
4295,5.380,653.593,654.108
4296,5.380,653.593,654.108
4297,5.380,653.593,654.108
4298,5.380,653.593,654.108
4299,5.380,653.593,654.108
4300,5.380,653.593,654.108
4301,5.380,653.593,654.108
4302,5.380,653.593,654.108
4303,5.380,653.593,654.108
4304,5.380,653.593,654.108
4305,5.380,653.593,654.108
4306,5.380,653.593,654.108
4307,5.380,653.593,654.108
4308,5.380,653.593,654.108
4309,5.380,653.593,654.108
4310,5.380,653.593,654.108
4311,5.380,653.593,654.108
4312,5.380,653.593,654.108
4313,5.380,653.593,654.108
4314,5.380,653.593,654.108
4315,5.380,653.593,654.108
4316,5.380,653.593,654.108
4317,5.380,653.593,654.108
4318,5.380,653.593,654.108
4319,5.380,653.593,654.108
4320,5.380,653.593,654.108
4321,5.380,653.593,654.108
4322,5.380,653.593,654.108
4323,5.380,653.593,654.108
4324,5.380,653.593,654.108
4325,5.380,653.593,654.108
4326,5.380,653.593,654.108
4327,5.380,653.593,654.108
4328,5.380,653.593,654.108
4329,5.380,653.593,654.108
4330,5.380,653.593,654.108
4331,5.380,653.593,654.108
4332,5.380,653.593,654.108
4333,5.380,653.593,654.108
4334,5.380,653.593,654.108
4335,5.380,653.593,654.108
4336,5.380,653.593,654.108
4337,5.380,653.593,654.108
4338,5.380,653.593,654.108
4339,5.380,653.593,654.108
4340,5.380,653.593,654.108
4341,5.380,653.593,654.108
4342,5.380,653.593,654.108
4343,5.380,653.593,654.108
4344,5.380,653.593,654.108
4345,5.380,653.593,654.108
4346,5.380,653.593,654.108
4347,5.380,653.593,654.108
4348,5.380,653.593,654.108
4349,5.380,653.593,654.108
4350,5.380,653.593,654.108
4351,5.380,653.593,654.108
4352,5.380,653.593,654.108
4353,5.380,653.593,654.108
4354,5.380,653.593,654.108
4355,5.380,653.593,654.108
4356,5.380,653.593,654.108
4357,5.380,653.593,654.108
4358,5.380,653.593,654.108
4359,5.380,653.593,654.108
4360,5.380,653.593,654.108
4361,5.380,653.593,654.108
4362,5.380,653.593,654.108
4363,5.380,653.593,654.108
4364,5.380,653.593,654.108
4365,5.380,653.593,654.108
4366,5.380,653.593,654.108
4367,5.380,653.593,654.108
4368,5.380,653.593,654.108
4369,5.380,653.593,654.108
4370,5.380,653.593,654.108
4371,5.380,653.593,654.108
4372,5.380,653.593,654.108
4373,5.380,653.593,654.108
4374,5.380,653.593,654.108
4375,5.380,653.593,654.108
4376,5.380,653.593,654.108
4377,5.380,653.593,654.108
4378,5.380,653.593,654.108
4379,5.380,653.593,654.108
4380,5.380,653.593,654.108
4381,5.380,653.593,654.108
4382,5.380,653.593,654.108
4383,5.380,653.593,654.108
4384,5.380,653.593,654.108
4385,5.380,653.593,654.108
4386,5.380,653.593,654.108
4387,5.380,653.593,654.108
4388,5.380,653.593,654.108
4389,5.380,653.593,654.108
4390,5.380,653.593,654.108
4391,5.380,653.593,654.108
4392,5.380,653.593,654.108
4393,5.380,653.593,654.108
4394,5.380,653.593,654.108
4395,5.380,653.593,654.108
4396,5.380,653.593,654.108
4397,5.380,653.593,654.108
4398,5.380,653.593,654.108
4399,5.380,653.593,654.108
4400,5.380,653.593,654.108
4401,5.380,653.593,654.108
4402,5.380,653.593,654.108
4403,5.380,653.593,654.108
4404,5.380,653.593,654.108
4405,5.380,653.593,654.108
4406,5.380,653.593,654.108
4407,5.380,653.593,654.108
4408,5.380,653.593,654.108
4409,5.380,653.593,654.108
4410,5.380,653.593,654.108
4411,5.380,653.593,654.108
4412,5.380,653.593,654.108
4413,5.380,653.593,654.108
4414,5.380,653.593,654.108
4415,5.380,653.593,654.108
4416,5.380,653.593,654.108
4417,5.380,653.593,654.108
4418,5.380,653.593,654.108
4419,5.380,653.593,654.108
4420,5.380,653.593,654.108
4421,5.380,653.593,654.108
4422,5.380,653.593,654.108
4423,5.380,653.593,654.108
4424,5.380,653.593,654.108
4425,5.380,653.593,654.108
4426,5.380,653.593,654.108
4427,5.380,653.593,654.108
4428,5.380,653.593,654.108
4429,5.380,653.593,654.108
4430,5.380,653.593,654.108
4431,5.380,653.593,654.108
4432,5.380,653.593,654.108
4433,5.380,653.593,654.108
4434,5.380,653.593,654.108
4435,5.380,653.593,654.108
4436,5.380,653.593,654.108
4437,5.380,653.593,654.108
4438,5.380,653.593,654.108
4439,5.380,653.593,654.108
4440,5.380,653.593,654.108
4441,5.380,653.593,654.108
4442,5.380,653.593,654.108
4443,5.380,653.593,654.108
4444,5.380,653.593,654.108
4445,5.380,653.593,654.108
4446,5.380,653.593,654.108
4447,5.380,653.593,654.108
4448,5.380,653.593,654.108
4449,5.380,653.593,654.108
4450,5.380,653.593,654.108
4451,5.380,653.593,654.108
4452,5.380,653.593,654.108
4453,5.380,653.593,654.108
4454,5.380,653.593,654.108
4455,5.380,653.593,654.108
4456,5.380,653.593,654.108
4457,5.380,653.593,654.108
4458,5.380,653.593,654.108
4459,5.380,653.593,654.108
4460,5.380,653.593,654.108
4461,5.380,653.593,654.108
4462,5.380,653.593,654.108
4463,5.380,653.593,654.108
4464,5.380,653.593,654.108
4465,5.380,653.593,654.108
4466,5.380,653.593,654.108
4467,5.380,653.593,654.108
4468,5.380,653.593,654.108
4469,5.380,653.593,654.108
4470,5.380,653.593,654.108
4471,5.380,653.593,654.108
4472,5.380,653.593,654.108
4473,5.380,653.593,654.108
4474,5.380,653.593,654.108
4475,5.380,653.593,654.108
4476,5.380,653.593,654.108
4477,5.380,653.593,654.108
4478,5.380,653.593,654.108
4479,5.380,653.593,654.108
4480,5.380,653.593,654.108
4481,5.380,653.593,654.108
4482,5.380,653.593,654.108
4483,5.380,653.593,654.108
4484,5.380,653.593,654.108
4485,5.380,653.593,654.108
4486,5.380,653.593,654.108
4487,5.380,653.593,654.108
4488,5.380,653.593,654.108
4489,5.380,653.593,654.108
4490,5.380,653.593,654.108
4491,5.380,653.593,654.108
4492,5.380,653.593,654.108
4493,5.380,653.593,654.108
4494,5.380,653.593,654.108
4495,5.380,653.593,654.108
4496,5.380,653.593,654.108
4497,5.380,653.593,654.108
4498,5.380,653.593,654.108
4499,5.380,653.593,654.108
4500,5.380,653.593,654.108
4501,5.380,653.593,654.108
4502,5.380,653.593,654.108
4503,5.380,653.593,654.108
4504,5.380,653.593,654.108
4505,5.380,653.593,654.108
4506,5.380,653.593,654.108
4507,5.380,653.593,654.108
4508,5.380,653.593,654.108
4509,5.380,653.593,654.108
4510,5.380,653.593,654.108
4511,5.380,653.593,654.108
4512,5.380,653.593,654.108
4513,5.380,653.593,654.108
4514,5.380,653.593,654.108
4515,5.380,653.593,654.108
4516,5.380,653.593,654.108
4517,5.380,653.593,654.108
4518,5.380,653.593,654.108
4519,5.380,653.593,654.108
4520,5.380,653.593,654.108
4521,5.380,653.593,654.108
4522,5.380,653.593,654.108
4523,5.380,653.593,654.108
4524,5.380,653.593,654.108
4525,5.380,653.593,654.108
4526,5.380,653.593,654.108
4527,5.380,653.593,654.108
4528,5.380,653.593,654.108
4529,5.380,653.593,654.108
4530,5.380,653.593,654.108
4531,5.380,653.593,654.108
4532,5.380,653.593,654.108
4533,5.380,653.593,654.108
4534,5.380,653.593,654.108
4535,5.380,653.593,654.108
4536,5.380,653.593,654.108
4537,5.380,653.593,654.108
4538,5.380,653.593,654.108
4539,5.380,653.593,654.108
4540,5.380,653.593,654.108
4541,5.380,653.593,654.108
4542,5.380,653.593,654.108
4543,5.380,653.593,654.108
4544,5.380,653.593,654.108
4545,5.380,653.593,654.108
4546,5.380,653.593,654.108
4547,5.380,653.593,654.108
4548,5.380,653.593,654.108
4549,5.380,653.593,654.108
4550,5.380,653.593,654.108
4551,5.380,653.593,654.108
4552,5.380,653.593,654.108
4553,5.380,653.593,654.108
4554,5.380,653.593,654.108
4555,5.380,653.593,654.108
4556,5.380,653.593,654.108
4557,5.380,653.593,654.108
4558,5.380,653.593,654.108
4559,5.380,653.593,654.108
4560,5.380,653.593,654.108
4561,5.380,653.593,654.108
4562,5.380,653.593,654.108
4563,5.380,653.593,654.108
4564,5.380,653.593,654.108
4565,5.380,653.593,654.108
4566,5.380,653.593,654.108
4567,5.380,653.593,654.108
4568,5.380,653.593,654.108
4569,5.380,653.593,654.108
4570,5.380,653.593,654.108
4571,5.380,653.593,654.108
4572,5.380,653.593,654.108
4573,5.380,653.593,654.108
4574,5.380,653.593,654.108
4575,5.380,653.593,654.108
4576,5.380,653.593,654.108
4577,5.380,653.593,654.108
4578,5.380,653.593,654.108
4579,5.380,653.593,654.108
4580,5.380,653.593,654.108
4581,5.380,653.593,654.108
4582,5.380,653.593,654.108
4583,5.380,653.593,654.108
4584,5.380,653.593,654.108
4585,5.380,653.593,654.108
4586,5.380,653.593,654.108
4587,5.380,653.593,654.108
4588,5.380,653.593,654.108
4589,5.380,653.593,654.108
4590,5.380,653.593,654.108
4591,5.380,653.593,654.108
4592,5.380,653.593,654.108
4593,5.380,653.593,654.108
4594,5.380,653.593,654.108
4595,5.380,653.593,654.108
4596,5.380,653.593,654.108
4597,5.380,653.593,654.108
4598,5.380,653.593,654.108
4599,5.380,653.593,654.108
4600,5.380,653.593,654.108
4601,5.380,653.593,654.108
4602,5.380,653.593,654.108
4603,5.380,653.593,654.108
4604,5.380,653.593,654.108
4605,5.380,653.593,654.108
4606,5.380,653.593,654.108
4607,5.380,653.593,654.108
4608,5.380,653.593,654.108
4609,5.380,653.593,654.108
4610,5.380,653.593,654.108
4611,5.380,653.593,654.108
4612,5.380,653.593,654.108
4613,5.380,653.593,654.108
4614,5.380,653.593,654.108
4615,5.380,653.593,654.108
4616,5.380,653.593,654.108
4617,5.380,653.593,654.108
4618,5.380,653.593,654.108
4619,5.380,653.593,654.108
4620,5.380,653.593,654.108
4621,5.380,653.593,654.108
4622,5.380,653.593,654.108
4623,5.380,653.593,654.108
4624,5.380,653.593,654.108
4625,5.380,653.593,654.108
4626,5.380,653.593,654.108
4627,5.380,653.593,654.108
4628,5.380,653.593,654.108
4629,5.380,653.593,654.108
4630,5.380,653.593,654.108
4631,5.380,653.593,654.108
4632,5.380,653.593,654.108
4633,5.380,653.593,654.108
4634,5.380,653.593,654.108
4635,5.380,653.593,654.108
4636,5.380,653.593,654.108
4637,5.380,653.593,654.108
4638,5.380,653.593,654.108
4639,5.380,653.593,654.108
4640,5.380,653.593,654.108
4641,5.380,653.593,654.108
4642,5.380,653.593,654.108
4643,5.380,653.593,654.108
4644,5.380,653.593,654.108
4645,5.380,653.593,654.108
4646,5.380,653.593,654.108
4647,5.380,653.593,654.108
4648,5.380,653.593,654.108
4649,5.380,653.593,654.108
4650,5.380,653.593,654.108
4651,5.380,653.593,654.108
4652,5.380,653.593,654.108
4653,5.380,653.593,654.108
4654,5.380,653.593,654.108
4655,5.380,653.593,654.108
4656,5.380,653.593,654.108
4657,5.380,653.593,654.108
4658,5.380,653.593,654.108
4659,5.380,653.593,654.108
4660,5.380,653.593,654.108
4661,5.380,653.593,654.108
4662,5.380,653.593,654.108
4663,5.380,653.593,654.108
4664,5.380,653.593,654.108
4665,5.380,653.593,654.108
4666,5.380,653.593,654.108
4667,5.380,653.593,654.108
4668,5.380,653.593,654.108
4669,5.380,653.593,654.108
4670,5.380,653.593,654.108
4671,5.380,653.593,654.108
4672,5.380,653.593,654.108
4673,5.380,653.593,654.108
4674,5.380,653.593,654.108
4675,5.380,653.593,654.108
4676,5.380,653.593,654.108
4677,5.380,653.593,654.108
4678,5.380,653.593,654.108
4679,5.380,653.593,654.108
4680,5.380,653.593,654.108
4681,5.380,653.593,654.108
4682,5.380,653.593,654.108
4683,5.380,653.593,654.108
4684,5.380,653.593,654.108
4685,5.380,653.593,654.108
4686,5.380,653.593,654.108
4687,5.380,653.593,654.108
4688,5.380,653.593,654.108
4689,5.380,653.593,654.108
4690,5.380,653.593,654.108
4691,5.380,653.593,654.108
4692,5.380,653.593,654.108
4693,5.380,653.593,654.108
4694,5.380,653.593,654.108
4695,5.380,653.593,654.108
4696,5.380,653.593,654.108
4697,5.380,653.593,654.108
4698,5.380,653.593,654.108
4699,5.380,653.593,654.108
4700,5.380,653.593,654.108
4701,5.380,653.593,654.108
4702,5.380,653.593,654.108
4703,5.380,653.593,654.108
4704,5.380,653.593,654.108
4705,5.380,653.593,654.108
4706,5.380,653.593,654.108
4707,5.380,653.593,654.108
4708,5.380,653.593,654.108
4709,5.380,653.593,654.108
4710,5.380,653.593,654.108
4711,5.380,653.593,654.108
4712,5.380,653.593,654.108
4713,5.380,653.593,654.108
4714,5.380,653.593,654.108
4715,5.380,653.593,654.108
4716,5.380,653.593,654.108
4717,5.380,653.593,654.108
4718,5.380,653.593,654.108
4719,5.380,653.593,654.108
4720,5.380,653.593,654.108
4721,5.380,653.593,654.108
4722,5.380,653.593,654.108
4723,5.380,653.593,654.108
4724,5.380,653.593,654.108
4725,5.380,653.593,654.108
4726,5.380,653.593,654.108
4727,5.380,653.593,654.108
4728,5.380,653.593,654.108
4729,5.380,653.593,654.108
4730,5.380,653.593,654.108
4731,5.380,653.593,654.108
4732,5.380,653.593,654.108
4733,5.380,653.593,654.108
4734,5.380,653.593,654.108
4735,5.380,653.593,654.108
4736,5.380,653.593,654.108
4737,5.380,653.593,654.108
4738,5.380,653.593,654.108
4739,5.380,653.593,654.108
4740,5.380,653.593,654.108
4741,5.380,653.593,654.108
4742,5.380,653.593,654.108
4743,5.380,653.593,654.108
4744,5.380,653.593,654.108
4745,5.380,653.593,654.108
4746,5.380,653.593,654.108
4747,5.380,653.593,654.108
4748,5.380,653.593,654.108
4749,5.380,653.593,654.108
4750,5.380,653.593,654.108
4751,5.380,653.593,654.108
4752,5.380,653.593,654.108
4753,5.380,653.593,654.108
4754,5.380,653.593,654.108
4755,5.380,653.593,654.108
4756,5.380,653.593,654.108
4757,5.380,653.593,654.108
4758,5.380,653.593,654.108
4759,5.380,653.593,654.108
4760,5.380,653.593,654.108
4761,5.380,653.593,654.108
4762,5.380,653.593,654.108
4763,5.380,653.593,654.108
4764,5.380,653.593,654.108
4765,5.380,653.593,654.108
4766,5.380,653.593,654.108
4767,5.380,653.593,654.108
4768,5.380,653.593,654.108
4769,5.380,653.593,654.108
4770,5.380,653.593,654.108
4771,5.380,653.593,654.108
4772,5.380,653.593,654.108
4773,5.380,653.593,654.108
4774,5.380,653.593,654.108
4775,5.380,653.593,654.108
4776,5.380,653.593,654.108
4777,5.380,653.593,654.108
4778,5.380,653.593,654.108
4779,5.380,653.593,654.108
4780,5.380,653.593,654.108
4781,5.380,653.593,654.108
4782,5.380,653.593,654.108
4783,5.380,653.593,654.108
4784,5.380,653.593,654.108
4785,5.380,653.593,654.108
4786,5.380,653.593,654.108
4787,5.380,653.593,654.108
4788,5.380,653.593,654.108
4789,5.380,653.593,654.108
4790,5.380,653.593,654.108
4791,5.380,653.593,654.108
4792,5.380,653.593,654.108
4793,5.380,653.593,654.108
4794,5.380,653.593,654.108
4795,5.380,653.593,654.108
4796,5.380,653.593,654.108
4797,5.380,653.593,654.108
4798,5.380,653.593,654.108
4799,5.380,653.593,654.108
4800,5.380,653.593,654.108
4801,5.380,653.593,654.108
4802,5.380,653.593,654.108
4803,5.380,653.593,654.108
4804,5.380,653.593,654.108
4805,5.380,653.593,654.108
4806,5.380,653.593,654.108
4807,5.380,653.593,654.108
4808,5.380,653.593,654.108
4809,5.380,653.593,654.108
4810,5.380,653.593,654.108
4811,5.380,653.593,654.108
4812,5.380,653.593,654.108
4813,5.380,653.593,654.108
4814,5.380,653.593,654.108
4815,5.380,653.593,654.108
4816,5.380,653.593,654.108
4817,5.380,653.593,654.108
4818,5.380,653.593,654.108
4819,5.380,653.593,654.108
4820,5.380,653.593,654.108
4821,5.380,653.593,654.108
4822,5.380,653.593,654.108
4823,5.380,653.593,654.108
4824,5.380,653.593,654.108
4825,5.380,653.593,654.108
4826,5.380,653.593,654.108
4827,5.380,653.593,654.108
4828,5.380,653.593,654.108
4829,5.380,653.593,654.108
4830,5.380,653.593,654.108
4831,5.380,653.593,654.108
4832,5.380,653.593,654.108
4833,5.380,653.593,654.108
4834,5.380,653.593,654.108
4835,5.380,653.593,654.108
4836,5.380,653.593,654.108
4837,5.380,653.593,654.108
4838,5.380,653.593,654.108
4839,5.380,653.593,654.108
4840,5.380,653.593,654.108
4841,5.380,653.593,654.108
4842,5.380,653.593,654.108
4843,5.380,653.593,654.108
4844,5.380,653.593,654.108
4845,5.380,653.593,654.108
4846,5.380,653.593,654.108
4847,5.380,653.593,654.108
4848,5.380,653.593,654.108
4849,5.380,653.593,654.108
4850,5.380,653.593,654.108
4851,5.380,653.593,654.108
4852,5.380,653.593,654.108
4853,5.380,653.593,654.108
4854,5.380,653.593,654.108
4855,5.380,653.593,654.108
4856,5.380,653.593,654.108
4857,5.380,653.593,654.108
4858,5.380,653.593,654.108
4859,5.380,653.593,654.108
4860,5.380,653.593,654.108
4861,5.380,653.593,654.108
4862,5.380,653.593,654.108
4863,5.380,653.593,654.108
4864,5.380,653.593,654.108
4865,5.380,653.593,654.108
4866,5.380,653.593,654.108
4867,5.380,653.593,654.108
4868,5.380,653.593,654.108
4869,5.380,653.593,654.108
4870,5.380,653.593,654.108
4871,5.380,653.593,654.108
4872,5.380,653.593,654.108
4873,5.380,653.593,654.108
4874,5.380,653.593,654.108
4875,5.380,653.593,654.108
4876,5.380,653.593,654.108
4877,5.380,653.593,654.108
4878,5.380,653.593,654.108
4879,5.380,653.593,654.108
4880,5.380,653.593,654.108
4881,5.380,653.593,654.108
4882,5.380,653.593,654.108
4883,5.380,653.593,654.108
4884,5.380,653.593,654.108
4885,5.380,653.593,654.108
4886,5.380,653.593,654.108
4887,5.380,653.593,654.108
4888,5.380,653.593,654.108
4889,5.380,653.593,654.108
4890,5.380,653.593,654.108
4891,5.380,653.593,654.108
4892,5.380,653.593,654.108
4893,5.380,653.593,654.108
4894,5.380,653.593,654.108
4895,5.380,653.593,654.108
4896,5.380,653.593,654.108
4897,5.380,653.593,654.108
4898,5.380,653.593,654.108
4899,5.380,653.593,654.108
4900,5.380,653.593,654.108
4901,5.380,653.593,654.108
4902,5.380,653.593,654.108
4903,5.380,653.593,654.108
4904,5.380,653.593,654.108
4905,5.380,653.593,654.108
4906,5.380,653.593,654.108
4907,5.380,653.593,654.108
4908,5.380,653.593,654.108
4909,5.380,653.593,654.108
4910,5.380,653.593,654.108
4911,5.380,653.593,654.108
4912,5.380,653.593,654.108
4913,5.380,653.593,654.108
4914,5.380,653.593,654.108
4915,5.380,653.593,654.108
4916,5.380,653.593,654.108
4917,5.380,653.593,654.108
4918,5.380,653.593,654.108
4919,5.380,653.593,654.108
4920,5.380,653.593,654.108
4921,5.380,653.593,654.108
4922,5.380,653.593,654.108
4923,5.380,653.593,654.108
4924,5.380,653.593,654.108
4925,5.380,653.593,654.108
4926,5.380,653.593,654.108
4927,5.380,653.593,654.108
4928,5.380,653.593,654.108
4929,5.380,653.593,654.108
4930,5.380,653.593,654.108
4931,5.380,653.593,654.108
4932,5.380,653.593,654.108
4933,5.380,653.593,654.108
4934,5.380,653.593,654.108
4935,5.380,653.593,654.108
4936,5.380,653.593,654.108
4937,5.380,653.593,654.108
4938,5.380,653.593,654.108
4939,5.380,653.593,654.108
4940,5.380,653.593,654.108
4941,5.380,653.593,654.108
4942,5.380,653.593,654.108
4943,5.380,653.593,654.108
4944,5.380,653.593,654.108
4945,5.380,653.593,654.108
4946,5.380,653.593,654.108
4947,5.380,653.593,654.108
4948,5.380,653.593,654.108
4949,5.380,653.593,654.108
4950,5.380,653.593,654.108
4951,5.380,653.593,654.108
4952,5.380,653.593,654.108
4953,5.380,653.593,654.108
4954,5.380,653.593,654.108
4955,5.380,653.593,654.108
4956,5.380,653.593,654.108
4957,5.380,653.593,654.108
4958,5.380,653.593,654.108
4959,5.380,653.593,654.108
4960,5.380,653.593,654.108
4961,5.380,653.593,654.108
4962,5.380,653.593,654.108
4963,5.380,653.593,654.108
4964,5.380,653.593,654.108
4965,5.380,653.593,654.108
4966,5.380,653.593,654.108
4967,5.380,653.593,654.108
4968,5.380,653.593,654.108
4969,5.380,653.593,654.108
4970,5.380,653.593,654.108
4971,5.380,653.593,654.108
4972,5.380,653.593,654.108
4973,5.380,653.593,654.108
4974,5.380,653.593,654.108
4975,5.380,653.593,654.108
4976,5.380,653.593,654.108
4977,5.380,653.593,654.108
4978,5.380,653.593,654.108
4979,5.380,653.593,654.108
4980,5.380,653.593,654.108
4981,5.380,653.593,654.108
4982,5.380,653.593,654.108
4983,5.380,653.593,654.108
4984,5.380,653.593,654.108
4985,5.380,653.593,654.108
4986,5.380,653.593,654.108
4987,5.380,653.593,654.108
4988,5.380,653.593,654.108
4989,5.380,653.593,654.108
4990,5.380,653.593,654.108
4991,5.380,653.593,654.108
4992,5.380,653.593,654.108
4993,5.380,653.593,654.108
4994,5.380,653.593,654.108
4995,5.380,653.593,654.108
4996,5.380,653.593,654.108
4997,5.380,653.593,654.108
4998,5.380,653.593,654.108
4999,5.380,653.593,654.108
