# Time (s),Mass (g),T Back (K),T Front (K)
0,22.800,293.000,293.000
1,22.800,293.000,338.593
2,22.800,293.000,352.347
3,22.800,293.000,362.468
4,22.800,293.000,370.777
5,22.800,293.002,377.962
6,22.800,293.004,384.292
7,22.800,293.011,390.037
8,22.800,293.027,395.230
9,22.800,293.057,400.051
10,22.800,293.106,404.492
11,22.800,293.182,408.670
12,22.800,293.290,412.569
13,22.800,293.437,416.269
14,22.800,293.628,419.751
15,22.800,293.866,423.076
16,22.800,294.156,426.225
17,22.800,294.499,429.246
18,22.800,294.897,432.123
19,22.800,295.348,434.892
20,22.800,295.854,437.540
21,22.800,296.414,440.094
22,22.800,297.026,442.547
23,22.800,297.688,444.919
24,22.800,298.401,447.202
25,22.800,299.159,449.415
26,22.800,299.963,451.549
27,22.800,300.810,453.622
28,22.800,301.697,455.627
29,22.800,302.622,457.576
30,22.800,303.584,459.466
31,22.799,304.578,461.304
32,22.799,305.606,463.089
33,22.799,306.662,464.828
34,22.799,307.747,466.518
35,22.799,308.859,468.164
36,22.799,309.993,469.770
37,22.799,311.150,471.337
38,22.799,312.329,472.865
39,22.798,313.525,474.357
40,22.798,314.740,475.816
41,22.798,315.970,477.241
42,22.798,317.216,478.635
43,22.798,318.475,479.999
44,22.797,319.747,481.334
45,22.797,321.028,482.642
46,22.797,322.321,483.924
47,22.797,323.623,485.181
48,22.796,324.933,486.412
49,22.796,326.250,487.621
50,22.796,327.573,488.807
51,22.795,328.902,489.972
52,22.795,330.235,491.117
53,22.795,331.573,492.240
54,22.794,332.914,493.346
55,22.794,334.258,494.432
56,22.793,335.604,495.501
57,22.793,336.951,496.552
58,22.792,338.301,497.587
59,22.792,339.650,498.606
60,22.791,340.999,499.609
61,22.791,342.347,500.598
62,22.790,343.696,501.572
63,22.790,345.044,502.532
64,22.789,346.389,503.479
65,22.788,347.733,504.412
66,22.788,349.075,505.333
67,22.787,350.414,506.242
68,22.786,351.751,507.139
69,22.786,353.085,508.024
70,22.785,354.416,508.897
71,22.784,355.743,509.760
72,22.783,357.066,510.613
73,22.782,358.387,511.455
74,22.782,359.702,512.288
75,22.781,361.014,513.111
76,22.780,362.321,513.924
77,22.779,363.625,514.728
78,22.778,364.923,515.523
79,22.777,366.217,516.310
80,22.776,367.505,517.088
81,22.775,368.789,517.858
82,22.774,370.067,518.620
83,22.773,371.340,519.373
84,22.771,372.608,520.119
85,22.770,373.871,520.858
86,22.769,375.130,521.589
87,22.768,376.382,522.313
88,22.766,377.628,523.031
89,22.765,378.869,523.741
90,22.764,380.104,524.445
91,22.763,381.334,525.141
92,22.761,382.558,525.832
93,22.760,383.776,526.517
94,22.758,384.990,527.194
95,22.757,386.195,527.866
96,22.755,387.397,528.533
97,22.754,388.592,529.193
98,22.752,389.781,529.847
99,22.750,390.964,530.496
100,22.749,392.142,531.139
101,22.747,393.313,531.777
102,22.745,394.479,532.411
103,22.744,395.638,533.038
104,22.742,396.792,533.660
105,22.740,397.940,534.278
106,22.738,399.082,534.889
107,22.736,400.218,535.498
108,22.734,401.348,536.100
109,22.732,402.473,536.698
110,22.730,403.590,537.290
111,22.728,404.703,537.879
112,22.726,405.809,538.463
113,22.724,406.910,539.042
114,22.721,408.005,539.617
115,22.719,409.094,540.188
116,22.717,410.176,540.754
117,22.714,411.254,541.316
118,22.712,412.325,541.875
119,22.710,413.391,542.429
120,22.707,414.450,542.978
121,22.705,415.505,543.523
122,22.702,416.553,544.065
123,22.699,417.595,544.602
124,22.697,418.631,545.136
125,22.694,419.662,545.667
126,22.691,420.689,546.194
127,22.688,421.707,546.715
128,22.685,422.722,547.234
129,22.682,423.730,547.749
130,22.679,424.732,548.260
131,22.676,425.729,548.768
132,22.673,426.721,549.273
133,22.670,427.707,549.774
134,22.667,428.687,550.272
135,22.663,429.662,550.765
136,22.660,430.631,551.255
137,22.657,431.594,551.742
138,22.653,432.553,552.227
139,22.650,433.506,552.707
140,22.646,434.453,553.185
141,22.642,435.395,553.659
142,22.639,436.332,554.129
143,22.635,437.263,554.597
144,22.631,438.188,555.061
145,22.627,439.109,555.523
146,22.623,440.025,555.982
147,22.619,440.935,556.437
148,22.615,441.840,556.889
149,22.611,442.738,557.338
150,22.607,443.633,557.784
151,22.602,444.522,558.228
152,22.598,445.406,558.669
153,22.594,446.285,559.107
154,22.589,447.158,559.541
155,22.584,448.027,559.973
156,22.580,448.890,560.401
157,22.575,449.749,560.828
158,22.570,450.602,561.253
159,22.565,451.450,561.673
160,22.560,452.293,562.090
161,22.555,453.132,562.506
162,22.550,453.966,562.919
163,22.545,454.795,563.329
164,22.540,455.618,563.737
165,22.535,456.438,564.141
166,22.529,457.252,564.543
167,22.524,458.062,564.944
168,22.518,458.867,565.341
169,22.513,459.667,565.737
170,22.507,460.462,566.129
171,22.501,461.254,566.518
172,22.495,462.039,566.905
173,22.489,462.822,567.290
174,22.483,463.600,567.674
175,22.477,464.372,568.053
176,22.471,465.140,568.430
177,22.465,465.905,568.807
178,22.459,466.665,569.181
179,22.452,467.419,569.551
180,22.446,468.171,569.919
181,22.439,468.918,570.286
182,22.432,469.661,570.650
183,22.426,470.400,571.011
184,22.419,471.134,571.372
185,22.412,471.865,571.729
186,22.405,472.591,572.084
187,22.398,473.314,572.438
188,22.391,474.032,572.789
189,22.384,474.747,573.138
190,22.376,475.458,573.485
191,22.369,476.165,573.829
192,22.362,476.868,574.172
193,22.354,477.568,574.513
194,22.347,478.263,574.851
195,22.339,478.956,575.188
196,22.331,479.645,575.523
197,22.323,480.330,575.855
198,22.315,481.012,576.186
199,22.307,481.690,576.514
200,22.299,482.365,576.842
201,22.291,483.036,577.166
202,22.283,483.705,577.490
203,22.274,484.369,577.810
204,22.266,485.031,578.129
205,22.258,485.689,578.447
206,22.249,486.344,578.761
207,22.240,486.996,579.076
208,22.232,487.644,579.386
209,22.223,488.291,579.697
210,22.214,488.934,580.004
211,22.205,489.574,580.311
212,22.196,490.210,580.616
213,22.186,490.844,580.918
214,22.177,491.475,581.220
215,22.168,492.104,581.518
216,22.158,492.730,581.818
217,22.149,493.352,582.111
218,22.139,493.972,582.407
219,22.130,494.589,582.698
220,22.120,495.204,582.990
221,22.110,495.816,583.280
222,22.100,496.426,583.567
223,22.090,497.032,583.854
224,22.080,497.637,584.136
225,22.070,498.239,584.422
226,22.060,498.839,584.701
227,22.049,499.435,584.982
228,22.039,500.030,585.259
229,22.028,500.622,585.536
230,22.018,501.212,585.811
231,22.007,501.800,586.085
232,21.996,502.385,586.358
233,21.986,502.967,586.627
234,21.975,503.547,586.898
235,21.964,504.126,587.164
236,21.952,504.702,587.432
237,21.941,505.275,587.696
238,21.930,505.847,587.960
239,21.919,506.417,588.221
240,21.907,506.983,588.483
241,21.896,507.548,588.742
242,21.884,508.111,589.000
243,21.872,508.672,589.257
244,21.860,509.231,589.511
245,21.849,509.788,589.766
246,21.837,510.342,590.017
247,21.825,510.895,590.270
248,21.812,511.445,590.518
249,21.800,511.993,590.768
250,21.788,512.540,591.014
251,21.775,513.084,591.261
252,21.763,513.627,591.505
253,21.750,514.167,591.749
254,21.738,514.706,591.991
255,21.725,515.242,592.232
256,21.712,515.776,592.472
257,21.699,516.309,592.709
258,21.686,516.840,592.948
259,21.673,517.369,593.183
260,21.660,517.896,593.419
261,21.646,518.421,593.651
262,21.633,518.943,593.886
263,21.619,519.464,594.115
264,21.606,519.983,594.347
265,21.592,520.501,594.575
266,21.578,521.017,594.803
267,21.564,521.530,595.029
268,21.550,522.042,595.256
269,21.536,522.552,595.480
270,21.522,523.060,595.703
271,21.508,523.566,595.925
272,21.494,524.071,596.147
273,21.479,524.573,596.367
274,21.465,525.074,596.586
275,21.450,525.574,596.803
276,21.435,526.071,597.021
277,21.421,526.566,597.237
278,21.406,527.059,597.452
279,21.391,527.551,597.665
280,21.376,528.041,597.878
281,21.360,528.529,598.089
282,21.345,529.016,598.300
283,21.330,529.501,598.509
284,21.314,529.983,598.718
285,21.299,530.464,598.925
286,21.283,530.944,599.132
287,21.267,531.422,599.337
288,21.251,531.897,599.542
289,21.235,532.371,599.745
290,21.219,532.843,599.948
291,21.203,533.314,600.149
292,21.187,533.783,600.350
293,21.171,534.250,600.549
294,21.154,534.715,600.748
295,21.138,535.179,600.945
296,21.121,535.641,601.142
297,21.104,536.101,601.338
298,21.087,536.559,601.533
299,21.070,537.017,601.727
300,21.053,537.472,601.921
301,21.036,537.925,602.112
302,21.019,538.376,602.304
303,21.002,538.827,602.493
304,20.984,539.275,602.683
305,20.967,539.721,602.872
306,20.949,540.165,603.059
307,20.932,540.609,603.246
308,20.914,541.050,603.432
309,20.896,541.489,603.617
310,20.878,541.927,603.801
311,20.860,542.364,603.984
312,20.842,542.798,604.167
313,20.824,543.231,604.348
314,20.805,543.662,604.528
315,20.787,544.092,604.708
316,20.768,544.520,604.888
317,20.750,544.946,605.065
318,20.731,545.371,605.243
319,20.712,545.794,605.418
320,20.693,546.215,605.594
321,20.674,546.634,605.769
322,20.655,547.052,605.943
323,20.636,547.468,606.116
324,20.617,547.883,606.289
325,20.597,548.296,606.460
326,20.578,548.707,606.631
327,20.558,549.116,606.800
328,20.539,549.525,606.970
329,20.519,549.931,607.138
330,20.499,550.335,607.306
331,20.479,550.738,607.472
332,20.460,551.140,607.638
333,20.439,551.539,607.803
334,20.419,551.937,607.967
335,20.399,552.333,608.131
336,20.379,552.728,608.294
337,20.358,553.121,608.456
338,20.338,553.512,608.617
339,20.317,553.902,608.777
340,20.297,554.290,608.937
341,20.276,554.677,609.096
342,20.255,555.062,609.255
343,20.234,555.445,609.412
344,20.214,555.826,609.569
345,20.193,556.207,609.725
346,20.171,556.585,609.881
347,20.150,556.962,610.035
348,20.129,557.337,610.189
349,20.108,557.711,610.341
350,20.086,558.082,610.494
351,20.065,558.453,610.646
352,20.043,558.821,610.796
353,20.022,559.188,610.946
354,20.000,559.554,611.096
355,19.978,559.918,611.244
356,19.956,560.280,611.393
357,19.934,560.640,611.540
358,19.912,561.000,611.687
359,19.890,561.357,611.832
360,19.868,561.712,611.978
361,19.846,562.066,612.122
362,19.824,562.419,612.266
363,19.801,562.770,612.409
364,19.779,563.119,612.552
365,19.756,563.467,612.693
366,19.734,563.813,612.835
367,19.711,564.158,612.975
368,19.688,564.500,613.115
369,19.666,564.841,613.253
370,19.643,565.181,613.392
371,19.620,565.520,613.530
372,19.597,565.856,613.667
373,19.574,566.190,613.803
374,19.551,566.524,613.938
375,19.528,566.856,614.073
376,19.505,567.186,614.208
377,19.482,567.514,614.341
378,19.458,567.841,614.475
379,19.435,568.166,614.606
380,19.411,568.491,614.739
381,19.388,568.813,614.870
382,19.364,569.133,615.000
383,19.341,569.452,615.130
384,19.317,569.770,615.259
385,19.294,570.085,615.387
386,19.270,570.399,615.515
387,19.246,570.712,615.642
388,19.222,571.023,615.769
389,19.198,571.333,615.894
390,19.174,571.641,616.020
391,19.150,571.947,616.144
392,19.126,572.251,616.269
393,19.102,572.555,616.392
394,19.078,572.856,616.515
395,19.054,573.156,616.637
396,19.029,573.454,616.758
397,19.005,573.751,616.879
398,18.981,574.047,617.000
399,18.956,574.341,617.119
400,18.932,574.633,617.238
401,18.907,574.923,617.356
402,18.883,575.213,617.475
403,18.858,575.500,617.592
404,18.834,575.785,617.708
405,18.809,576.070,617.824
406,18.784,576.353,617.939
407,18.759,576.634,618.054
408,18.735,576.913,618.169
409,18.710,577.191,618.282
410,18.685,577.468,618.396
411,18.660,577.743,618.508
412,18.635,578.017,618.620
413,18.610,578.288,618.730
414,18.585,578.559,618.841
415,18.560,578.828,618.951
416,18.535,579.095,619.061
417,18.509,579.361,619.170
418,18.484,579.625,619.278
419,18.459,579.887,619.386
420,18.434,580.149,619.493
421,18.408,580.408,619.599
422,18.383,580.666,619.706
423,18.357,580.923,619.811
424,18.332,581.178,619.916
425,18.306,581.432,620.019
426,18.281,581.684,620.124
427,18.255,581.934,620.227
428,18.230,582.182,620.329
429,18.204,582.430,620.431
430,18.178,582.676,620.532
431,18.153,582.921,620.633
432,18.127,583.164,620.734
433,18.101,583.405,620.833
434,18.075,583.645,620.933
435,18.050,583.883,621.031
436,18.024,584.120,621.130
437,17.998,584.356,621.227
438,17.972,584.590,621.325
439,17.946,584.823,621.421
440,17.920,585.054,621.517
441,17.894,585.283,621.613
442,17.868,585.511,621.707
443,17.842,585.738,621.801
444,17.816,585.963,621.895
445,17.789,586.187,621.989
446,17.763,586.409,622.082
447,17.737,586.630,622.173
448,17.711,586.850,622.266
449,17.685,587.068,622.356
450,17.658,587.284,622.447
451,17.632,587.499,622.537
452,17.606,587.713,622.627
453,17.579,587.926,622.716
454,17.553,588.136,622.805
455,17.527,588.346,622.893
456,17.500,588.554,622.981
457,17.474,588.760,623.068
458,17.447,588.966,623.154
459,17.421,589.170,623.240
460,17.394,589.373,623.326
461,17.368,589.574,623.411
462,17.341,589.773,623.496
463,17.314,589.972,623.580
464,17.288,590.169,623.664
465,17.261,590.365,623.746
466,17.234,590.559,623.830
467,17.208,590.752,623.912
468,17.181,590.944,623.993
469,17.154,591.134,624.075
470,17.127,591.323,624.156
471,17.101,591.510,624.236
472,17.074,591.697,624.315
473,17.047,591.882,624.395
474,17.020,592.066,624.474
475,16.993,592.248,624.552
476,16.967,592.429,624.631
477,16.940,592.609,624.708
478,16.913,592.787,624.785
479,16.886,592.965,624.861
480,16.859,593.141,624.938
481,16.832,593.316,625.013
482,16.805,593.489,625.089
483,16.778,593.662,625.164
484,16.751,593.833,625.238
485,16.724,594.003,625.312
486,16.697,594.171,625.385
487,16.670,594.338,625.458
488,16.643,594.504,625.531
489,16.616,594.669,625.603
490,16.589,594.833,625.675
491,16.562,594.995,625.746
492,16.535,595.157,625.818
493,16.508,595.317,625.888
494,16.481,595.476,625.958
495,16.453,595.634,626.027
496,16.426,595.791,626.097
497,16.399,595.946,626.166
498,16.372,596.101,626.235
499,16.345,596.254,626.303
500,16.318,596.406,626.370
501,16.291,596.557,626.438
502,16.263,596.707,626.505
503,16.236,596.855,626.571
504,16.209,597.003,626.637
505,16.182,597.150,626.703
506,16.155,597.295,626.768
507,16.127,597.440,626.833
508,16.100,597.583,626.898
509,16.073,597.725,626.962
510,16.046,597.866,627.027
511,16.019,598.007,627.090
512,15.991,598.146,627.153
513,15.964,598.284,627.215
514,15.937,598.421,627.278
515,15.910,598.557,627.340
516,15.883,598.692,627.402
517,15.855,598.826,627.463
518,15.828,598.959,627.524
519,15.801,599.091,627.585
520,15.774,599.222,627.646
521,15.746,599.353,627.705
522,15.719,599.482,627.765
523,15.692,599.610,627.824
524,15.665,599.737,627.883
525,15.638,599.863,627.942
526,15.610,599.989,628.000
527,15.583,600.113,628.058
528,15.556,600.237,628.116
529,15.529,600.359,628.173
530,15.502,600.481,628.231
531,15.474,600.602,628.287
532,15.447,600.722,628.344
533,15.420,600.841,628.400
534,15.393,600.959,628.456
535,15.366,601.076,628.511
536,15.339,601.193,628.567
537,15.312,601.309,628.621
538,15.284,601.424,628.676
539,15.257,601.537,628.730
540,15.230,601.650,628.784
541,15.203,601.763,628.838
542,15.176,601.875,628.891
543,15.149,601.985,628.945
544,15.122,602.095,628.998
545,15.095,602.204,629.050
546,15.068,602.312,629.103
547,15.041,602.420,629.155
548,15.014,602.527,629.206
549,14.987,602.633,629.258
550,14.960,602.738,629.309
551,14.933,602.843,629.360
552,14.906,602.947,629.411
553,14.879,603.050,629.461
554,14.852,603.153,629.512
555,14.825,603.254,629.562
556,14.798,603.355,629.612
557,14.771,603.455,629.661
558,14.744,603.555,629.711
559,14.717,603.654,629.760
560,14.690,603.752,629.809
561,14.664,603.850,629.857
562,14.637,603.947,629.906
563,14.610,604.043,629.953
564,14.583,604.139,630.002
565,14.557,604.233,630.049
566,14.530,604.327,630.097
567,14.503,604.421,630.144
568,14.476,604.514,630.191
569,14.450,604.607,630.238
570,14.423,604.699,630.284
571,14.396,604.790,630.331
572,14.370,604.881,630.377
573,14.343,604.971,630.423
574,14.317,605.060,630.469
575,14.290,605.149,630.514
576,14.264,605.238,630.560
577,14.237,605.326,630.605
578,14.211,605.413,630.649
579,14.184,605.500,630.694
580,14.158,605.586,630.739
581,14.131,605.671,630.784
582,14.105,605.756,630.828
583,14.079,605.841,630.872
584,14.052,605.925,630.916
585,14.026,606.009,630.959
586,14.000,606.092,631.003
587,13.974,606.175,631.046
588,13.947,606.257,631.090
589,13.921,606.339,631.132
590,13.895,606.420,631.176
591,13.869,606.500,631.218
592,13.843,606.580,631.261
593,13.817,606.660,631.303
594,13.791,606.740,631.345
595,13.764,606.818,631.387
596,13.738,606.897,631.429
597,13.713,606.975,631.470
598,13.687,607.052,631.512
599,13.661,607.130,631.553
600,13.635,607.207,631.595
601,13.609,607.283,631.636
602,13.583,607.359,631.678
603,13.557,607.434,631.718
604,13.532,607.509,631.759
605,13.506,607.584,631.799
606,13.480,607.659,631.840
607,13.454,607.733,631.880
608,13.429,607.806,631.921
609,13.403,607.879,631.961
610,13.378,607.952,632.000
611,13.352,608.025,632.040
612,13.327,608.097,632.080
613,13.301,608.169,632.120
614,13.276,608.240,632.159
615,13.250,608.311,632.199
616,13.225,608.382,632.238
617,13.200,608.453,632.277
618,13.174,608.523,632.316
619,13.149,608.593,632.355
620,13.124,608.663,632.394
621,13.098,608.732,632.432
622,13.073,608.801,632.471
623,13.048,608.870,632.509
624,13.023,608.938,632.548
625,12.998,609.006,632.586
626,12.973,609.074,632.624
627,12.948,609.141,632.662
628,12.923,609.209,632.700
629,12.898,609.276,632.738
630,12.873,609.342,632.775
631,12.848,609.408,632.813
632,12.824,609.474,632.851
633,12.799,609.540,632.889
634,12.774,609.606,632.926
635,12.749,609.672,632.964
636,12.725,609.737,633.001
637,12.700,609.802,633.038
638,12.675,609.867,633.075
639,12.651,609.931,633.112
640,12.626,609.995,633.149
641,12.602,610.059,633.186
642,12.577,610.123,633.223
643,12.553,610.187,633.259
644,12.529,610.251,633.296
645,12.504,610.314,633.332
646,12.480,610.377,633.369
647,12.456,610.440,633.405
648,12.432,610.503,633.442
649,12.407,610.565,633.478
650,12.383,610.628,633.515
651,12.359,610.690,633.550
652,12.335,610.752,633.587
653,12.311,610.814,633.622
654,12.287,610.875,633.659
655,12.263,610.936,633.694
656,12.239,610.998,633.731
657,12.216,611.059,633.766
658,12.192,611.120,633.803
659,12.168,611.181,633.838
660,12.144,611.241,633.874
661,12.121,611.302,633.909
662,12.097,611.362,633.945
663,12.073,611.423,633.980
664,12.050,611.483,634.016
665,12.026,611.543,634.051
666,12.003,611.602,634.087
667,11.979,611.662,634.122
668,11.956,611.722,634.158
669,11.933,611.781,634.193
670,11.909,611.840,634.228
671,11.886,611.900,634.263
672,11.863,611.959,634.298
673,11.839,612.018,634.333
674,11.816,612.077,634.368
675,11.793,612.135,634.403
676,11.770,612.194,634.438
677,11.747,612.253,634.473
678,11.724,612.311,634.508
679,11.701,612.370,634.543
680,11.678,612.428,634.578
681,11.655,612.486,634.612
682,11.633,612.545,634.647
683,11.610,612.603,634.682
684,11.587,612.661,634.717
685,11.564,612.719,634.751
686,11.542,612.777,634.786
687,11.519,612.834,634.820
688,11.497,612.892,634.855
689,11.474,612.950,634.890
690,11.452,613.007,634.925
691,11.429,613.065,634.959
692,11.407,613.122,634.994
693,11.384,613.180,635.028
694,11.362,613.237,635.063
695,11.340,613.294,635.097
696,11.318,613.351,635.132
697,11.296,613.409,635.165
698,11.273,613.466,635.200
699,11.251,613.523,635.234
700,11.229,613.580,635.269
701,11.207,613.637,635.303
702,11.185,613.694,635.338
703,11.163,613.751,635.372
704,11.142,613.808,635.407
705,11.120,613.865,635.440
706,11.098,613.922,635.475
707,11.076,613.978,635.509
708,11.055,614.035,635.544
709,11.033,614.092,635.577
710,11.011,614.149,635.612
711,10.990,614.206,635.646
712,10.968,614.263,635.681
713,10.947,614.319,635.714
714,10.925,614.376,635.749
715,10.904,614.433,635.783
716,10.883,614.489,635.818
717,10.861,614.546,635.851
718,10.840,614.603,635.886
719,10.819,614.660,635.919
720,10.798,614.716,635.954
721,10.777,614.773,635.988
722,10.756,614.830,636.023
723,10.735,614.886,636.056
724,10.714,614.943,636.091
725,10.693,615.000,636.124
726,10.672,615.056,636.159
727,10.651,615.113,636.193
728,10.630,615.170,636.228
729,10.609,615.227,636.261
730,10.589,615.283,636.296
731,10.568,615.340,636.329
732,10.547,615.397,636.364
733,10.527,615.454,636.397
734,10.506,615.511,636.432
735,10.486,615.567,636.466
736,10.465,615.624,636.501
737,10.445,615.681,636.534
738,10.425,615.738,636.569
739,10.404,615.795,636.602
740,10.384,615.852,636.637
741,10.364,615.909,636.671
742,10.344,615.966,636.706
743,10.323,616.023,636.739
744,10.303,616.080,636.774
745,10.283,616.138,636.808
746,10.263,616.195,636.843
747,10.243,616.252,636.876
748,10.223,616.309,636.911
749,10.204,616.367,636.944
750,10.184,616.424,636.979
751,10.164,616.482,637.013
752,10.144,616.539,637.048
753,10.125,616.597,637.082
754,10.105,616.654,637.117
755,10.085,616.712,637.150
756,10.066,616.769,637.185
757,10.046,616.827,637.219
758,10.027,616.885,637.254
759,10.008,616.943,637.287
760,9.988,617.000,637.322
761,9.969,617.058,637.356
762,9.950,617.116,637.391
763,9.930,617.174,637.425
764,9.911,617.232,637.460
765,9.892,617.291,637.494
766,9.873,617.349,637.529
767,9.854,617.407,637.562
768,9.835,617.465,637.597
769,9.816,617.524,637.631
770,9.797,617.582,637.666
771,9.778,617.640,637.700
772,9.759,617.699,637.735
773,9.741,617.758,637.769
774,9.722,617.816,637.804
775,9.703,617.875,637.838
776,9.685,617.934,637.873
777,9.666,617.993,637.907
778,9.648,618.052,637.942
779,9.629,618.111,637.976
780,9.611,618.170,638.011
781,9.592,618.229,638.046
782,9.574,618.289,638.081
783,9.556,618.348,638.115
784,9.537,618.408,638.150
785,9.519,618.467,638.184
786,9.501,618.527,638.219
787,9.483,618.587,638.254
788,9.465,618.646,638.289
789,9.447,618.706,638.323
790,9.429,618.766,638.358
791,9.411,618.826,638.392
792,9.393,618.886,638.427
793,9.375,618.947,638.462
794,9.357,619.007,638.497
795,9.339,619.067,638.532
796,9.322,619.128,638.567
797,9.304,619.188,638.601
798,9.286,619.249,638.636
799,9.269,619.309,638.671
800,9.251,619.370,638.706
801,9.234,619.431,638.741
802,9.216,619.492,638.776
803,9.199,619.553,638.811
804,9.182,619.614,638.846
805,9.164,619.676,638.881
806,9.147,619.737,638.916
807,9.130,619.799,638.951
808,9.113,619.860,638.986
809,9.096,619.922,639.021
810,9.079,619.984,639.056
811,9.062,620.046,639.091
812,9.045,620.108,639.127
813,9.028,620.170,639.162
814,9.011,620.232,639.197
815,8.994,620.294,639.232
816,8.977,620.356,639.267
817,8.960,620.419,639.302
818,8.944,620.481,639.338
819,8.927,620.544,639.373
820,8.910,620.607,639.408
821,8.894,620.669,639.443
822,8.877,620.732,639.479
823,8.861,620.795,639.514
824,8.844,620.858,639.549
825,8.828,620.922,639.584
826,8.812,620.985,639.620
827,8.795,621.048,639.655
828,8.779,621.112,639.691
829,8.763,621.176,639.726
830,8.747,621.239,639.762
831,8.731,621.303,639.797
832,8.715,621.367,639.833
833,8.699,621.432,639.868
834,8.683,621.496,639.904
835,8.667,621.561,639.939
836,8.651,621.625,639.975
837,8.635,621.690,640.010
838,8.619,621.754,640.046
839,8.604,621.819,640.081
840,8.588,621.884,640.117
841,8.572,621.949,640.152
842,8.557,622.015,640.189
843,8.541,622.080,640.224
844,8.526,622.145,640.260
845,8.510,622.211,640.295
846,8.495,622.276,640.332
847,8.479,622.342,640.367
848,8.464,622.408,640.403
849,8.449,622.474,640.438
850,8.434,622.540,640.475
851,8.418,622.606,640.510
852,8.403,622.673,640.546
853,8.388,622.739,640.581
854,8.373,622.806,640.618
855,8.358,622.873,640.653
856,8.343,622.940,640.690
857,8.328,623.007,640.725
858,8.313,623.074,640.762
859,8.299,623.141,640.797
860,8.284,623.208,640.834
861,8.269,623.275,640.869
862,8.254,623.343,640.906
863,8.240,623.410,640.941
864,8.225,623.478,640.978
865,8.211,623.546,641.013
866,8.196,623.614,641.050
867,8.182,623.683,641.085
868,8.167,623.751,641.122
869,8.153,623.820,641.157
870,8.139,623.888,641.194
871,8.125,623.957,641.230
872,8.110,624.026,641.267
873,8.096,624.095,641.302
874,8.082,624.164,641.339
875,8.068,624.233,641.375
876,8.054,624.302,641.412
877,8.040,624.372,641.447
878,8.026,624.441,641.484
879,8.012,624.511,641.520
880,7.998,624.581,641.557
881,7.985,624.650,641.593
882,7.971,624.720,641.630
883,7.957,624.791,641.665
884,7.944,624.861,641.702
885,7.930,624.931,641.738
886,7.916,625.002,641.775
887,7.903,625.072,641.811
888,7.890,625.143,641.848
889,7.876,625.214,641.884
890,7.863,625.285,641.921
891,7.849,625.357,641.957
892,7.836,625.428,641.994
893,7.823,625.500,642.030
894,7.810,625.572,642.067
895,7.797,625.644,642.103
896,7.784,625.715,642.140
897,7.771,625.787,642.176
898,7.758,625.860,642.213
899,7.745,625.932,642.250
900,7.732,626.004,642.287
901,7.719,626.077,642.323
902,7.706,626.149,642.360
903,7.693,626.222,642.396
904,7.681,626.295,642.433
905,7.668,626.368,642.470
906,7.655,626.441,642.507
907,7.643,626.515,642.543
908,7.630,626.588,642.580
909,7.618,626.662,642.617
910,7.605,626.736,642.654
911,7.593,626.810,642.690
912,7.581,626.884,642.727
913,7.568,626.958,642.764
914,7.556,627.032,642.801
915,7.544,627.107,642.838
916,7.532,627.181,642.875
917,7.520,627.256,642.911
918,7.508,627.331,642.948
919,7.496,627.405,642.985
920,7.484,627.480,643.022
921,7.472,627.556,643.059
922,7.460,627.631,643.096
923,7.448,627.707,643.133
924,7.436,627.782,643.170
925,7.425,627.858,643.207
926,7.413,627.934,643.244
927,7.401,628.010,643.281
928,7.390,628.086,643.318
929,7.378,628.162,643.355
930,7.367,628.239,643.392
931,7.355,628.315,643.429
932,7.344,628.392,643.466
933,7.333,628.468,643.503
934,7.321,628.545,643.540
935,7.310,628.622,643.577
936,7.299,628.699,643.614
937,7.288,628.777,643.651
938,7.277,628.854,643.688
939,7.266,628.931,643.725
940,7.255,629.009,643.762
941,7.244,629.087,643.800
942,7.233,629.165,643.837
943,7.222,629.243,643.874
944,7.211,629.321,643.911
945,7.200,629.400,643.948
946,7.189,629.478,643.985
947,7.179,629.557,644.022
948,7.168,629.635,644.059
949,7.158,629.714,644.097
950,7.147,629.793,644.134
951,7.137,629.872,644.171
952,7.126,629.952,644.208
953,7.116,630.031,644.246
954,7.105,630.110,644.283
955,7.095,630.190,644.320
956,7.085,630.270,644.357
957,7.075,630.349,644.395
958,7.064,630.429,644.432
959,7.054,630.509,644.469
960,7.044,630.589,644.506
961,7.034,630.670,644.544
962,7.024,630.750,644.581
963,7.014,630.831,644.618
964,7.004,630.912,644.655
965,6.995,630.993,644.693
966,6.985,631.073,644.730
967,6.975,631.154,644.767
968,6.965,631.236,644.804
969,6.956,631.317,644.842
970,6.946,631.398,644.879
971,6.937,631.480,644.916
972,6.927,631.561,644.953
973,6.918,631.643,644.991
974,6.908,631.725,645.028
975,6.899,631.807,645.066
976,6.889,631.889,645.103
977,6.880,631.971,645.140
978,6.871,632.053,645.177
979,6.862,632.136,645.215
980,6.853,632.218,645.252
981,6.844,632.301,645.289
982,6.835,632.384,645.326
983,6.826,632.467,645.364
984,6.817,632.549,645.401
985,6.808,632.632,645.439
986,6.799,632.716,645.476
987,6.790,632.799,645.513
988,6.781,632.882,645.550
989,6.773,632.965,645.588
990,6.764,633.049,645.625
991,6.755,633.132,645.662
992,6.747,633.216,645.699
993,6.738,633.300,645.737
994,6.730,633.384,645.774
995,6.721,633.468,645.811
996,6.713,633.552,645.848
997,6.705,633.636,645.886
998,6.696,633.720,645.923
999,6.688,633.804,645.960
1000,6.680,633.889,645.997
1001,6.672,633.974,646.035
1002,6.664,634.059,646.072
1003,6.655,634.144,646.109
1004,6.647,634.228,646.146
1005,6.639,634.313,646.184
1006,6.632,634.398,646.221
1007,6.624,634.483,646.258
1008,6.616,634.568,646.295
1009,6.608,634.653,646.332
1010,6.600,634.739,646.369
1011,6.593,634.824,646.407
1012,6.585,634.910,646.444
1013,6.577,634.995,646.481
1014,6.570,635.081,646.518
1015,6.562,635.166,646.555
1016,6.555,635.252,646.592
1017,6.547,635.337,646.629
1018,6.540,635.423,646.666
1019,6.533,635.509,646.703
1020,6.525,635.595,646.740
1021,6.518,635.681,646.777
1022,6.511,635.767,646.814
1023,6.504,635.853,646.851
1024,6.497,635.939,646.888
1025,6.490,636.025,646.925
1026,6.483,636.112,646.962
1027,6.476,636.198,646.999
1028,6.469,636.284,647.036
1029,6.462,636.371,647.072
1030,6.455,636.457,647.109
1031,6.448,636.544,647.146
1032,6.441,636.630,647.183
1033,6.435,636.717,647.219
1034,6.428,636.803,647.256
1035,6.421,636.890,647.293
1036,6.415,636.977,647.330
1037,6.408,637.063,647.366
1038,6.402,637.150,647.403
1039,6.395,637.237,647.439
1040,6.389,637.323,647.476
1041,6.383,637.410,647.513
1042,6.376,637.497,647.549
1043,6.370,637.584,647.586
1044,6.364,637.671,647.622
1045,6.358,637.757,647.659
1046,6.351,637.844,647.695
1047,6.345,637.931,647.731
1048,6.339,638.018,647.768
1049,6.333,638.105,647.804
1050,6.327,638.192,647.841
1051,6.321,638.278,647.877
1052,6.315,638.365,647.913
1053,6.310,638.452,647.949
1054,6.304,638.539,647.986
1055,6.298,638.626,648.021
1056,6.292,638.713,648.058
1057,6.287,638.799,648.093
1058,6.281,638.886,648.130
1059,6.275,638.973,648.165
1060,6.270,639.059,648.202
1061,6.264,639.146,648.237
1062,6.259,639.233,648.273
1063,6.253,639.319,648.309
1064,6.248,639.406,648.345
1065,6.243,639.492,648.380
1066,6.237,639.579,648.416
1067,6.232,639.665,648.452
1068,6.227,639.752,648.488
1069,6.222,639.838,648.523
1070,6.217,639.924,648.559
1071,6.211,640.010,648.593
1072,6.206,640.097,648.629
1073,6.201,640.183,648.664
1074,6.196,640.269,648.700
1075,6.191,640.355,648.734
1076,6.187,640.441,648.770
1077,6.182,640.526,648.805
1078,6.177,640.612,648.840
1079,6.172,640.698,648.874
1080,6.167,640.783,648.910
1081,6.163,640.869,648.944
1082,6.158,640.954,648.980
1083,6.153,641.039,649.014
1084,6.149,641.125,649.049
1085,6.144,641.210,649.083
1086,6.139,641.294,649.118
1087,6.135,641.379,649.152
1088,6.131,641.464,649.187
1089,6.126,641.548,649.221
1090,6.122,641.633,649.256
1091,6.117,641.717,649.290
1092,6.113,641.801,649.324
1093,6.109,641.885,649.358
1094,6.105,641.969,649.392
1095,6.100,642.053,649.426
1096,6.096,642.137,649.460
1097,6.092,642.220,649.494
1098,6.088,642.304,649.528
1099,6.084,642.387,649.561
1100,6.080,642.470,649.595
1101,6.076,642.553,649.628
1102,6.072,642.635,649.662
1103,6.068,642.718,649.695
1104,6.064,642.800,649.729
1105,6.060,642.882,649.762
1106,6.056,642.964,649.795
1107,6.053,643.046,649.828
1108,6.049,643.128,649.861
1109,6.045,643.209,649.894
1110,6.041,643.291,649.926
1111,6.038,643.372,649.959
1112,6.034,643.452,649.991
1113,6.030,643.533,650.024
1114,6.027,643.613,650.056
1115,6.023,643.693,650.088
1116,6.020,643.773,650.120
1117,6.016,643.853,650.153
1118,6.013,643.933,650.185
1119,6.009,644.012,650.216
1120,6.006,644.092,650.248
1121,6.003,644.171,650.280
1122,5.999,644.249,650.312
1123,5.996,644.328,650.343
1124,5.993,644.406,650.375
1125,5.990,644.484,650.406
1126,5.986,644.561,650.438
1127,5.983,644.639,650.469
1128,5.980,644.716,650.500
1129,5.977,644.793,650.531
1130,5.974,644.869,650.561
1131,5.971,644.946,650.592
1132,5.968,645.022,650.622
1133,5.965,645.098,650.653
1134,5.962,645.173,650.683
1135,5.959,645.248,650.713
1136,5.956,645.323,650.743
1137,5.953,645.398,650.773
1138,5.950,645.472,650.803
1139,5.947,645.547,650.833
1140,5.944,645.620,650.863
1141,5.941,645.693,650.892
1142,5.939,645.766,650.922
1143,5.936,645.839,650.951
1144,5.933,645.912,650.980
1145,5.930,645.984,651.009
1146,5.928,646.056,651.038
1147,5.925,646.128,651.067
1148,5.922,646.199,651.096
1149,5.920,646.270,651.124
1150,5.917,646.341,651.153
1151,5.914,646.411,651.181
1152,5.912,646.481,651.210
1153,5.909,646.550,651.237
1154,5.907,646.620,651.265
1155,5.904,646.688,651.292
1156,5.902,646.757,651.321
1157,5.899,646.825,651.348
1158,5.897,646.893,651.375
1159,5.895,646.960,651.402
1160,5.892,647.027,651.430
1161,5.890,647.094,651.457
1162,5.887,647.160,651.484
1163,5.885,647.226,651.510
1164,5.883,647.292,651.537
1165,5.881,647.357,651.563
1166,5.878,647.422,651.590
1167,5.876,647.487,651.616
1168,5.874,647.551,651.642
1169,5.871,647.615,651.667
1170,5.869,647.678,651.693
1171,5.867,647.741,651.719
1172,5.865,647.804,651.744
1173,5.863,647.866,651.769
1174,5.861,647.927,651.794
1175,5.858,647.989,651.819
1176,5.856,648.050,651.844
1177,5.854,648.110,651.869
1178,5.852,648.171,651.893
1179,5.850,648.230,651.918
1180,5.848,648.290,651.942
1181,5.846,648.349,651.966
1182,5.844,648.407,651.990
1183,5.842,648.466,652.013
1184,5.840,648.524,652.037
1185,5.838,648.581,652.060
1186,5.836,648.638,652.084
1187,5.834,648.695,652.107
1188,5.832,648.751,652.130
1189,5.830,648.807,652.153
1190,5.828,648.862,652.175
1191,5.827,648.917,652.198
1192,5.825,648.971,652.220
1193,5.823,649.025,652.243
1194,5.821,649.079,652.265
1195,5.819,649.132,652.287
1196,5.817,649.185,652.309
1197,5.815,649.237,652.330
1198,5.814,649.289,652.352
1199,5.812,649.341,652.372
1200,5.810,649.393,652.394
1201,5.808,649.443,652.415
1202,5.806,649.494,652.436
1203,5.805,649.543,652.456
1204,5.803,649.593,652.477
1205,5.801,649.642,652.497
1206,5.799,649.691,652.518
1207,5.798,649.740,652.538
1208,5.796,649.787,652.557
1209,5.794,649.835,652.577
1210,5.793,649.882,652.597
1211,5.791,649.929,652.617
1212,5.789,649.975,652.636
1213,5.788,650.021,652.655
1214,5.786,650.066,652.674
1215,5.784,650.111,652.692
1216,5.783,650.156,652.711
1217,5.781,650.200,652.729
1218,5.779,650.244,652.748
1219,5.778,650.287,652.766
1220,5.776,650.330,652.784
1221,5.775,650.372,652.802
1222,5.773,650.415,652.819
1223,5.771,650.457,652.837
1224,5.770,650.498,652.854
1225,5.768,650.539,652.872
1226,5.767,650.580,652.889
1227,5.765,650.620,652.906
1228,5.764,650.660,652.923
1229,5.762,650.699,652.939
1230,5.761,650.738,652.956
1231,5.759,650.777,652.972
1232,5.757,650.815,652.988
1233,5.756,650.853,653.004
1234,5.754,650.891,653.020
1235,5.753,650.928,653.036
1236,5.751,650.964,653.051
1237,5.750,651.001,653.067
1238,5.748,651.037,653.082
1239,5.747,651.072,653.098
1240,5.745,651.108,653.113
1241,5.744,651.143,653.127
1242,5.743,651.178,653.142
1243,5.741,651.212,653.157
1244,5.740,651.246,653.172
1245,5.738,651.279,653.185
1246,5.737,651.312,653.200
1247,5.735,651.345,653.214
1248,5.734,651.377,653.228
1249,5.732,651.410,653.242
1250,5.731,651.441,653.256
1251,5.730,651.472,653.269
1252,5.728,651.503,653.282
1253,5.727,651.534,653.295
1254,5.725,651.565,653.309
1255,5.724,651.595,653.322
1256,5.722,651.624,653.334
1257,5.721,651.654,653.347
1258,5.720,651.683,653.359
1259,5.718,651.711,653.372
1260,5.717,651.740,653.384
1261,5.715,651.768,653.396
1262,5.714,651.796,653.408
1263,5.713,651.824,653.420
1264,5.711,651.851,653.432
1265,5.710,651.878,653.444
1266,5.709,651.904,653.456
1267,5.707,651.930,653.467
1268,5.706,651.956,653.478
1269,5.705,651.982,653.489
1270,5.703,652.008,653.500
1271,5.702,652.033,653.511
1272,5.700,652.058,653.522
1273,5.699,652.082,653.533
1274,5.698,652.106,653.543
1275,5.696,652.130,653.554
1276,5.695,652.154,653.564
1277,5.694,652.178,653.574
1278,5.692,652.201,653.584
1279,5.691,652.224,653.595
1280,5.690,652.246,653.605
1281,5.689,652.269,653.614
1282,5.687,652.291,653.624
1283,5.686,652.313,653.633
1284,5.685,652.334,653.643
1285,5.683,652.356,653.652
1286,5.682,652.377,653.662
1287,5.681,652.398,653.671
1288,5.679,652.419,653.680
1289,5.678,652.439,653.689
1290,5.677,652.460,653.698
1291,5.676,652.480,653.707
1292,5.674,652.499,653.715
1293,5.673,652.519,653.724
1294,5.672,652.538,653.732
1295,5.670,652.557,653.741
1296,5.669,652.576,653.749
1297,5.668,652.594,653.757
1298,5.667,652.613,653.765
1299,5.665,652.631,653.773
1300,5.664,652.649,653.781
1301,5.663,652.667,653.789
1302,5.662,652.684,653.797
1303,5.660,652.701,653.804
1304,5.659,652.719,653.812
1305,5.658,652.736,653.819
1306,5.657,652.752,653.827
1307,5.655,652.769,653.834
1308,5.654,652.786,653.842
1309,5.653,652.802,653.849
1310,5.652,652.818,653.856
1311,5.650,652.834,653.863
1312,5.649,652.849,653.870
1313,5.648,652.864,653.877
1314,5.647,652.880,653.884
1315,5.646,652.895,653.890
1316,5.644,652.910,653.897
1317,5.643,652.924,653.903
1318,5.642,652.939,653.910
1319,5.641,652.954,653.916
1320,5.640,652.968,653.923
1321,5.638,652.982,653.929
1322,5.637,652.996,653.935
1323,5.636,653.010,653.941
1324,5.635,653.024,653.947
1325,5.634,653.037,653.953
1326,5.632,653.051,653.959
1327,5.631,653.064,653.965
1328,5.630,653.077,653.971
1329,5.629,653.090,653.977
1330,5.628,653.102,653.982
1331,5.626,653.115,653.988
1332,5.625,653.127,653.993
1333,5.624,653.139,653.999
1334,5.623,653.151,654.004
1335,5.622,653.163,654.009
1336,5.621,653.175,654.014
1337,5.619,653.187,654.020
1338,5.618,653.199,654.025
1339,5.617,653.210,654.030
1340,5.616,653.222,654.035
1341,5.615,653.233,654.040
1342,5.614,653.244,654.045
1343,5.613,653.255,654.050
1344,5.611,653.266,654.055
1345,5.610,653.277,654.059
1346,5.609,653.287,654.064
1347,5.608,653.298,654.069
1348,5.607,653.308,654.073
1349,5.606,653.318,654.078
1350,5.605,653.328,654.083
1351,5.603,653.338,654.087
1352,5.602,653.348,654.091
1353,5.601,653.358,654.096
1354,5.600,653.368,654.100
1355,5.599,653.378,654.104
1356,5.598,653.387,654.109
1357,5.597,653.397,654.113
1358,5.596,653.406,654.117
1359,5.595,653.415,654.121
1360,5.593,653.424,654.125
1361,5.592,653.433,654.129
1362,5.591,653.442,654.133
1363,5.590,653.451,654.137
1364,5.589,653.459,654.141
1365,5.588,653.468,654.145
1366,5.587,653.476,654.148
1367,5.586,653.485,654.152
1368,5.585,653.493,654.156
1369,5.584,653.501,654.159
1370,5.583,653.509,654.163
1371,5.581,653.517,654.166
1372,5.580,653.525,654.170
1373,5.579,653.533,654.173
1374,5.578,653.541,654.177
1375,5.577,653.549,654.180
1376,5.576,653.556,654.183
1377,5.575,653.564,654.187
1378,5.574,653.572,654.190
1379,5.573,653.579,654.194
1380,5.572,653.586,654.197
1381,5.571,653.593,654.200
1382,5.570,653.601,654.203
1383,5.569,653.608,654.206
1384,5.568,653.615,654.209
1385,5.567,653.622,654.212
1386,5.566,653.629,654.215
1387,5.565,653.635,654.218
1388,5.564,653.642,654.221
1389,5.563,653.649,654.224
1390,5.561,653.655,654.227
1391,5.560,653.662,654.230
1392,5.559,653.668,654.233
1393,5.558,653.675,654.236
1394,5.557,653.681,654.239
1395,5.556,653.687,654.241
1396,5.555,653.693,654.244
1397,5.554,653.700,654.247
1398,5.553,653.706,654.250
1399,5.552,653.712,654.252
1400,5.551,653.717,654.255
1401,5.550,653.723,654.257
1402,5.549,653.729,654.260
1403,5.548,653.735,654.262
1404,5.547,653.740,654.265
1405,5.546,653.746,654.267
1406,5.545,653.751,654.270
1407,5.544,653.757,654.272
1408,5.543,653.762,654.275
1409,5.542,653.767,654.277
1410,5.541,653.773,654.280
1411,5.540,653.778,654.282
1412,5.539,653.783,654.284
1413,5.538,653.788,654.287
1414,5.537,653.793,654.289
1415,5.536,653.798,654.291
1416,5.535,653.803,654.293
1417,5.534,653.808,654.295
1418,5.533,653.813,654.298
1419,5.532,653.818,654.300
1420,5.531,653.823,654.302
1421,5.530,653.828,654.304
1422,5.529,653.832,654.306
1423,5.529,653.837,654.308
1424,5.528,653.842,654.310
1425,5.527,653.846,654.312
1426,5.526,653.851,654.314
1427,5.525,653.855,654.316
1428,5.524,653.860,654.318
1429,5.523,653.864,654.320
1430,5.522,653.868,654.322
1431,5.521,653.873,654.324
1432,5.520,653.877,654.326
1433,5.519,653.881,654.328
1434,5.518,653.885,654.330
1435,5.517,653.889,654.331
1436,5.516,653.894,654.333
1437,5.515,653.898,654.335
1438,5.514,653.902,654.337
1439,5.513,653.906,654.339
1440,5.512,653.909,654.340
1441,5.511,653.913,654.342
1442,5.511,653.917,654.344
1443,5.510,653.921,654.345
1444,5.509,653.925,654.347
1445,5.508,653.928,654.349
1446,5.507,653.932,654.350
1447,5.506,653.936,654.352
1448,5.505,653.939,654.354
1449,5.504,653.943,654.355
1450,5.503,653.946,654.357
1451,5.502,653.950,654.358
1452,5.501,653.953,654.360
1453,5.500,653.957,654.361
1454,5.500,653.960,654.363
1455,5.499,653.964,654.364
1456,5.498,653.967,654.366
1457,5.497,653.970,654.367
1458,5.496,653.974,654.369
1459,5.495,653.977,654.370
1460,5.494,653.980,654.372
1461,5.493,653.983,654.373
1462,5.492,653.986,654.374
1463,5.491,653.989,654.376
1464,5.491,653.993,654.377
1465,5.490,653.996,654.379
1466,5.489,653.999,654.380
1467,5.488,654.002,654.381
1468,5.487,654.005,654.383
1469,5.486,654.008,654.384
1470,5.485,654.011,654.385
1471,5.484,654.014,654.387
1472,5.484,654.016,654.388
1473,5.483,654.019,654.389
1474,5.482,654.022,654.390
1475,5.481,654.025,654.392
1476,5.480,654.028,654.393
1477,5.479,654.031,654.394
1478,5.478,654.033,654.395
1479,5.477,654.036,654.397
1480,5.477,654.039,654.398
1481,5.476,654.041,654.399
1482,5.475,654.044,654.400
1483,5.474,654.047,654.401
1484,5.473,654.049,654.402
1485,5.472,654.052,654.404
1486,5.471,654.054,654.405
1487,5.471,654.057,654.406
1488,5.470,654.060,654.407
1489,5.469,654.062,654.408
1490,5.468,654.064,654.409
1491,5.467,654.067,654.410
1492,5.466,654.069,654.411
1493,5.466,654.072,654.412
1494,5.465,654.074,654.413
1495,5.464,654.076,654.414
1496,5.463,654.079,654.415
1497,5.462,654.081,654.416
1498,5.461,654.083,654.417
1499,5.460,654.086,654.419
1500,5.460,654.088,654.420
1501,5.459,654.090,654.420
1502,5.458,654.092,654.421
1503,5.457,654.095,654.422
1504,5.456,654.097,654.423
1505,5.456,654.099,654.424
1506,5.455,654.101,654.425
1507,5.454,654.103,654.426
1508,5.453,654.105,654.427
1509,5.452,654.108,654.428
1510,5.451,654.110,654.429
1511,5.451,654.112,654.430
1512,5.450,654.114,654.431
1513,5.449,654.116,654.432
1514,5.448,654.118,654.433
1515,5.447,654.120,654.434
1516,5.447,654.122,654.435
1517,5.446,654.124,654.435
1518,5.445,654.126,654.436
1519,5.444,654.128,654.437
1520,5.443,654.129,654.438
1521,5.443,654.131,654.439
1522,5.442,654.133,654.440
1523,5.441,654.135,654.441
1524,5.440,654.137,654.441
1525,5.439,654.139,654.442
1526,5.439,654.141,654.443
1527,5.438,654.142,654.444
1528,5.437,654.144,654.445
1529,5.436,654.146,654.445
1530,5.435,654.148,654.446
1531,5.435,654.149,654.447
1532,5.434,654.151,654.448
1533,5.433,654.153,654.449
1534,5.432,654.155,654.449
1535,5.432,654.156,654.450
1536,5.431,654.158,654.451
1537,5.430,654.160,654.452
1538,5.429,654.161,654.452
1539,5.428,654.163,654.453
1540,5.428,654.165,654.454
1541,5.427,654.166,654.454
1542,5.426,654.168,654.455
1543,5.425,654.169,654.456
1544,5.425,654.171,654.457
1545,5.424,654.172,654.457
1546,5.423,654.174,654.458
1547,5.422,654.176,654.459
1548,5.422,654.177,654.459
1549,5.421,654.179,654.460
1550,5.420,654.180,654.461
1551,5.419,654.182,654.461
1552,5.418,654.183,654.462
1553,5.418,654.185,654.463
1554,5.417,654.186,654.464
1555,5.416,654.188,654.464
1556,5.415,654.189,654.465
1557,5.415,654.190,654.465
1558,5.414,654.192,654.466
1559,5.413,654.193,654.467
1560,5.412,654.195,654.467
1561,5.412,654.196,654.468
1562,5.411,654.197,654.469
1563,5.410,654.199,654.469
1564,5.410,654.200,654.470
1565,5.409,654.202,654.470
1566,5.408,654.203,654.471
1567,5.407,654.204,654.472
1568,5.407,654.206,654.472
1569,5.406,654.207,654.473
1570,5.405,654.208,654.473
1571,5.404,654.210,654.474
1572,5.404,654.211,654.475
1573,5.403,654.212,654.475
1574,5.402,654.213,654.476
1575,5.401,654.215,654.476
1576,5.401,654.216,654.477
1577,5.400,654.217,654.477
1578,5.399,654.218,654.478
1579,5.399,654.220,654.479
1580,5.398,654.221,654.479
1581,5.397,654.222,654.480
1582,5.396,654.223,654.480
1583,5.396,654.225,654.481
1584,5.395,654.226,654.481
1585,5.394,654.227,654.482
1586,5.394,654.228,654.482
1587,5.393,654.229,654.483
1588,5.392,654.230,654.483
1589,5.391,654.232,654.484
1590,5.391,654.233,654.485
1591,5.390,654.234,654.485
1592,5.389,654.235,654.486
1593,5.389,654.236,654.486
1594,5.388,654.237,654.487
1595,5.387,654.238,654.487
1596,5.386,654.240,654.488
1597,5.386,654.241,654.488
1598,5.385,654.242,654.489
1599,5.384,654.243,654.489
1600,5.384,654.244,654.490
1601,5.383,654.245,654.490
1602,5.382,654.246,654.491
1603,5.382,654.247,654.491
1604,5.381,654.248,654.491
1605,5.380,654.249,654.492
1606,5.379,654.250,654.492
1607,5.379,654.251,654.493
1608,5.378,654.252,654.493
1609,5.377,654.253,654.494
1610,5.377,654.254,654.494
1611,5.376,654.255,654.495
1612,5.375,654.256,654.495
1613,5.375,654.257,654.496
1614,5.374,654.258,654.496
1615,5.373,654.259,654.496
1616,5.373,654.260,654.497
1617,5.372,654.261,654.497
1618,5.371,654.262,654.498
1619,5.371,654.263,654.498
1620,5.370,654.264,654.499
1621,5.369,654.265,654.499
1622,5.369,654.266,654.500
1623,5.368,654.267,654.500
1624,5.367,654.268,654.500
1625,5.367,654.269,654.501
1626,5.366,654.270,654.501
1627,5.365,654.271,654.502
1628,5.365,654.272,654.502
1629,5.364,654.273,654.502
1630,5.363,654.274,654.503
1631,5.363,654.275,654.503
1632,5.362,654.275,654.504
1633,5.361,654.276,654.504
1634,5.361,654.277,654.505
1635,5.360,654.278,654.505
1636,5.359,654.279,654.505
1637,5.359,654.280,654.506
1638,5.358,654.281,654.506
1639,5.357,654.282,654.507
1640,5.357,654.283,654.507
1641,5.356,654.283,654.507
1642,5.355,654.284,654.508
1643,5.355,654.285,654.508
1644,5.354,654.286,654.508
1645,5.353,654.287,654.509
1646,5.353,654.288,654.509
1647,5.352,654.289,654.510
1648,5.351,654.289,654.510
1649,5.351,654.290,654.510
1650,5.350,654.291,654.511
1651,5.350,654.292,654.511
1652,5.349,654.293,654.511
1653,5.348,654.293,654.512
1654,5.348,654.294,654.512
1655,5.347,654.295,654.513
1656,5.346,654.296,654.513
1657,5.346,654.297,654.513
1658,5.345,654.297,654.514
1659,5.344,654.298,654.514
1660,5.344,654.299,654.514
1661,5.343,654.300,654.515
1662,5.343,654.301,654.515
1663,5.342,654.301,654.515
1664,5.341,654.302,654.516
1665,5.341,654.303,654.516
1666,5.340,654.304,654.516
1667,5.339,654.304,654.517
1668,5.339,654.305,654.517
1669,5.338,654.306,654.517
1670,5.337,654.307,654.518
1671,5.337,654.307,654.518
1672,5.336,654.308,654.518
1673,5.336,654.309,654.519
1674,5.335,654.310,654.519
1675,5.334,654.310,654.519
1676,5.334,654.311,654.520
1677,5.333,654.312,654.520
1678,5.333,654.313,654.520
1679,5.332,654.313,654.521
1680,5.331,654.314,654.521
1681,5.331,654.315,654.521
1682,5.330,654.315,654.522
1683,5.329,654.316,654.522
1684,5.329,654.317,654.522
1685,5.328,654.318,654.523
1686,5.328,654.318,654.523
1687,5.327,654.319,654.523
1688,5.326,654.320,654.524
1689,5.326,654.320,654.524
1690,5.325,654.321,654.524
1691,5.325,654.322,654.524
1692,5.324,654.322,654.525
1693,5.323,654.323,654.525
1694,5.323,654.324,654.525
1695,5.322,654.324,654.526
1696,5.322,654.325,654.526
1697,5.321,654.326,654.526
1698,5.320,654.326,654.527
1699,5.320,654.327,654.527
1700,5.319,654.328,654.527
1701,5.319,654.328,654.527
1702,5.318,654.329,654.528
1703,5.317,654.330,654.528
1704,5.317,654.330,654.528
1705,5.316,654.331,654.529
1706,5.316,654.332,654.529
1707,5.315,654.332,654.529
1708,5.314,654.333,654.530
1709,5.314,654.333,654.530
1710,5.313,654.334,654.530
1711,5.313,654.335,654.530
1712,5.312,654.335,654.531
1713,5.311,654.336,654.531
1714,5.311,654.337,654.531
1715,5.310,654.337,654.531
1716,5.310,654.338,654.532
1717,5.309,654.338,654.532
1718,5.309,654.339,654.532
1719,5.308,654.340,654.533
1720,5.307,654.340,654.533
1721,5.307,654.341,654.533
1722,5.306,654.341,654.533
1723,5.306,654.342,654.534
1724,5.305,654.343,654.534
1725,5.305,654.343,654.534
1726,5.304,654.344,654.534
1727,5.303,654.344,654.535
1728,5.303,654.345,654.535
1729,5.302,654.346,654.535
1730,5.302,654.346,654.536
1731,5.301,654.347,654.536
1732,5.301,654.347,654.536
1733,5.300,654.348,654.536
1734,5.299,654.348,654.537
1735,5.299,654.349,654.537
1736,5.298,654.350,654.537
1737,5.298,654.350,654.537
1738,5.297,654.351,654.538
1739,5.297,654.351,654.538
1740,5.296,654.352,654.538
1741,5.295,654.352,654.538
1742,5.295,654.353,654.539
1743,5.294,654.354,654.539
1744,5.294,654.354,654.539
1745,5.293,654.355,654.539
1746,5.293,654.355,654.540
1747,5.292,654.356,654.540
1748,5.291,654.356,654.540
1749,5.291,654.357,654.540
1750,5.290,654.357,654.541
1751,5.290,654.358,654.541
1752,5.289,654.358,654.541
1753,5.289,654.359,654.541
1754,5.288,654.359,654.542
1755,5.288,654.360,654.542
1756,5.287,654.361,654.542
1757,5.287,654.361,654.542
1758,5.286,654.362,654.543
1759,5.285,654.362,654.543
1760,5.285,654.363,654.543
1761,5.284,654.363,654.543
1762,5.284,654.364,654.543
1763,5.283,654.364,654.544
1764,5.283,654.365,654.544
1765,5.282,654.365,654.544
1766,5.282,654.366,654.544
1767,5.281,654.366,654.545
1768,5.280,654.367,654.545
1769,5.280,654.367,654.545
1770,5.279,654.368,654.545
1771,5.279,654.368,654.546
1772,5.278,654.369,654.546
1773,5.278,654.369,654.546
1774,5.277,654.370,654.546
1775,5.277,654.370,654.546
1776,5.276,654.371,654.547
1777,5.276,654.371,654.547
1778,5.275,654.372,654.547
1779,5.275,654.372,654.547
1780,5.274,654.373,654.548
1781,5.273,654.373,654.548
1782,5.273,654.374,654.548
1783,5.272,654.374,654.548
1784,5.272,654.375,654.548
1785,5.271,654.375,654.549
1786,5.271,654.376,654.549
1787,5.270,654.376,654.549
1788,5.270,654.377,654.549
1789,5.269,654.377,654.550
1790,5.269,654.378,654.550
1791,5.268,654.378,654.550
1792,5.268,654.378,654.550
1793,5.267,654.379,654.550
1794,5.267,654.379,654.551
1795,5.266,654.380,654.551
1796,5.266,654.380,654.551
1797,5.265,654.381,654.551
1798,5.265,654.381,654.551
1799,5.264,654.382,654.552
1800,5.263,654.382,654.552
1801,5.263,654.383,654.552
1802,5.262,654.383,654.552
1803,5.262,654.384,654.552
1804,5.261,654.384,654.553
1805,5.261,654.384,654.553
1806,5.260,654.385,654.553
1807,5.260,654.385,654.553
1808,5.259,654.386,654.553
1809,5.259,654.386,654.554
1810,5.258,654.387,654.554
1811,5.258,654.387,654.554
1812,5.257,654.388,654.554
1813,5.257,654.388,654.554
1814,5.256,654.388,654.555
1815,5.256,654.389,654.555
1816,5.255,654.389,654.555
1817,5.255,654.390,654.555
1818,5.254,654.390,654.555
1819,5.254,654.391,654.556
1820,5.253,654.391,654.556
1821,5.253,654.392,654.556
1822,5.252,654.392,654.556
1823,5.252,654.392,654.556
1824,5.251,654.393,654.557
1825,5.251,654.393,654.557
1826,5.250,654.394,654.557
1827,5.250,654.394,654.557
1828,5.249,654.395,654.557
1829,5.249,654.395,654.558
1830,5.248,654.395,654.558
1831,5.248,654.396,654.558
1832,5.247,654.396,654.558
1833,5.247,654.397,654.558
1834,5.246,654.397,654.559
1835,5.246,654.397,654.559
1836,5.245,654.398,654.559
1837,5.245,654.398,654.559
1838,5.244,654.399,654.559
1839,5.244,654.399,654.560
1840,5.243,654.400,654.560
1841,5.243,654.400,654.560
1842,5.242,654.400,654.560
1843,5.242,654.401,654.560
1844,5.241,654.401,654.560
1845,5.241,654.402,654.561
1846,5.240,654.402,654.561
1847,5.240,654.402,654.561
1848,5.239,654.403,654.561
1849,5.239,654.403,654.561
1850,5.238,654.404,654.562
1851,5.238,654.404,654.562
1852,5.237,654.404,654.562
1853,5.237,654.405,654.562
1854,5.236,654.405,654.562
1855,5.236,654.406,654.562
1856,5.235,654.406,654.563
1857,5.235,654.406,654.563
1858,5.234,654.407,654.563
1859,5.234,654.407,654.563
1860,5.233,654.407,654.563
1861,5.233,654.408,654.563
1862,5.233,654.408,654.564
1863,5.232,654.409,654.564
1864,5.232,654.409,654.564
1865,5.231,654.409,654.564
1866,5.231,654.410,654.564
1867,5.230,654.410,654.565
1868,5.230,654.411,654.565
1869,5.229,654.411,654.565
1870,5.229,654.411,654.565
1871,5.228,654.412,654.565
1872,5.228,654.412,654.565
1873,5.227,654.412,654.566
1874,5.227,654.413,654.566
1875,5.226,654.413,654.566
1876,5.226,654.414,654.566
1877,5.225,654.414,654.566
1878,5.225,654.414,654.566
1879,5.224,654.415,654.567
1880,5.224,654.415,654.567
1881,5.223,654.415,654.567
1882,5.223,654.416,654.567
1883,5.223,654.416,654.567
1884,5.222,654.416,654.567
1885,5.222,654.417,654.568
1886,5.221,654.417,654.568
1887,5.221,654.418,654.568
1888,5.220,654.418,654.568
1889,5.220,654.418,654.568
1890,5.219,654.419,654.568
1891,5.219,654.419,654.569
1892,5.218,654.419,654.569
1893,5.218,654.420,654.569
1894,5.217,654.420,654.569
1895,5.217,654.420,654.569
1896,5.217,654.421,654.569
1897,5.216,654.421,654.570
1898,5.216,654.421,654.570
1899,5.215,654.422,654.570
1900,5.215,654.422,654.570
1901,5.214,654.423,654.570
1902,5.214,654.423,654.570
1903,5.213,654.423,654.570
1904,5.213,654.424,654.571
1905,5.212,654.424,654.571
1906,5.212,654.424,654.571
1907,5.211,654.425,654.571
1908,5.211,654.425,654.571
1909,5.211,654.425,654.571
1910,5.210,654.426,654.572
1911,5.210,654.426,654.572
1912,5.209,654.426,654.572
1913,5.209,654.427,654.572
1914,5.208,654.427,654.572
1915,5.208,654.427,654.572
1916,5.207,654.428,654.573
1917,5.207,654.428,654.573
1918,5.207,654.428,654.573
1919,5.206,654.429,654.573
1920,5.206,654.429,654.573
1921,5.205,654.429,654.573
1922,5.205,654.430,654.573
1923,5.204,654.430,654.574
1924,5.204,654.430,654.574
1925,5.203,654.431,654.574
1926,5.203,654.431,654.574
1927,5.202,654.431,654.574
1928,5.202,654.432,654.574
1929,5.202,654.432,654.574
1930,5.201,654.432,654.575
1931,5.201,654.433,654.575
1932,5.200,654.433,654.575
1933,5.200,654.433,654.575
1934,5.199,654.434,654.575
1935,5.199,654.434,654.575
1936,5.199,654.434,654.575
1937,5.198,654.435,654.576
1938,5.198,654.435,654.576
1939,5.197,654.435,654.576
1940,5.197,654.436,654.576
1941,5.196,654.436,654.576
1942,5.196,654.436,654.576
1943,5.195,654.436,654.576
1944,5.195,654.437,654.577
1945,5.195,654.437,654.577
1946,5.194,654.437,654.577
1947,5.194,654.438,654.577
1948,5.193,654.438,654.577
1949,5.193,654.438,654.577
1950,5.192,654.439,654.578
1951,5.192,654.439,654.578
1952,5.192,654.439,654.578
1953,5.191,654.440,654.578
1954,5.191,654.440,654.578
1955,5.190,654.440,654.578
1956,5.190,654.441,654.578
1957,5.189,654.441,654.578
1958,5.189,654.441,654.579
1959,5.189,654.441,654.579
1960,5.188,654.442,654.579
1961,5.188,654.442,654.579
1962,5.187,654.442,654.579
1963,5.187,654.443,654.579
1964,5.186,654.443,654.579
1965,5.186,654.443,654.580
1966,5.186,654.444,654.580
1967,5.185,654.444,654.580
1968,5.185,654.444,654.580
1969,5.184,654.444,654.580
1970,5.184,654.445,654.580
1971,5.183,654.445,654.580
1972,5.183,654.445,654.581
1973,5.183,654.446,654.581
1974,5.182,654.446,654.581
1975,5.182,654.446,654.581
1976,5.181,654.447,654.581
1977,5.181,654.447,654.581
1978,5.180,654.447,654.581
1979,5.180,654.447,654.581
1980,5.180,654.448,654.582
1981,5.179,654.448,654.582
1982,5.179,654.448,654.582
1983,5.178,654.449,654.582
1984,5.178,654.449,654.582
1985,5.178,654.449,654.582
1986,5.177,654.449,654.582
1987,5.177,654.450,654.583
1988,5.176,654.450,654.583
1989,5.176,654.450,654.583
1990,5.175,654.451,654.583
1991,5.175,654.451,654.583
1992,5.175,654.451,654.583
1993,5.174,654.451,654.583
1994,5.174,654.452,654.583
1995,5.173,654.452,654.584
1996,5.173,654.452,654.584
1997,5.173,654.453,654.584
1998,5.172,654.453,654.584
1999,5.172,654.453,654.584
2000,5.171,654.453,654.584
2001,5.171,654.454,654.584
2002,5.171,654.454,654.584
2003,5.170,654.454,654.585
2004,5.170,654.454,654.585
2005,5.169,654.455,654.585
2006,5.169,654.455,654.585
2007,5.169,654.455,654.585
2008,5.168,654.456,654.585
2009,5.168,654.456,654.585
2010,5.167,654.456,654.585
2011,5.167,654.456,654.586
2012,5.166,654.457,654.586
2013,5.166,654.457,654.586
2014,5.166,654.457,654.586
2015,5.165,654.457,654.586
2016,5.165,654.458,654.586
2017,5.164,654.458,654.586
2018,5.164,654.458,654.586
2019,5.164,654.459,654.587
2020,5.163,654.459,654.587
2021,5.163,654.459,654.587
2022,5.162,654.459,654.587
2023,5.162,654.460,654.587
2024,5.162,654.460,654.587
2025,5.161,654.460,654.587
2026,5.161,654.460,654.587
2027,5.160,654.461,654.588
2028,5.160,654.461,654.588
2029,5.160,654.461,654.588
2030,5.159,654.461,654.588
2031,5.159,654.462,654.588
2032,5.158,654.462,654.588
2033,5.158,654.462,654.588
2034,5.158,654.463,654.588
2035,5.157,654.463,654.589
2036,5.157,654.463,654.589
2037,5.157,654.463,654.589
2038,5.156,654.464,654.589
2039,5.156,654.464,654.589
2040,5.155,654.464,654.589
2041,5.155,654.464,654.589
2042,5.155,654.465,654.589
2043,5.154,654.465,654.589
2044,5.154,654.465,654.590
2045,5.153,654.465,654.590
2046,5.153,654.466,654.590
2047,5.153,654.466,654.590
2048,5.152,654.466,654.590
2049,5.152,654.466,654.590
2050,5.151,654.467,654.590
2051,5.151,654.467,654.590
2052,5.151,654.467,654.590
2053,5.150,654.467,654.591
2054,5.150,654.468,654.591
2055,5.149,654.468,654.591
2056,5.149,654.468,654.591
2057,5.149,654.468,654.591
2058,5.148,654.469,654.591
2059,5.148,654.469,654.591
2060,5.148,654.469,654.591
2061,5.147,654.469,654.592
2062,5.147,654.470,654.592
2063,5.146,654.470,654.592
2064,5.146,654.470,654.592
2065,5.146,654.470,654.592
2066,5.145,654.471,654.592
2067,5.145,654.471,654.592
2068,5.145,654.471,654.592
2069,5.144,654.471,654.592
2070,5.144,654.472,654.593
2071,5.143,654.472,654.593
2072,5.143,654.472,654.593
2073,5.143,654.472,654.593
2074,5.142,654.472,654.593
2075,5.142,654.473,654.593
2076,5.141,654.473,654.593
2077,5.141,654.473,654.593
2078,5.141,654.473,654.593
2079,5.140,654.474,654.594
2080,5.140,654.474,654.594
2081,5.140,654.474,654.594
2082,5.139,654.474,654.594
2083,5.139,654.475,654.594
2084,5.138,654.475,654.594
2085,5.138,654.475,654.594
2086,5.138,654.475,654.594
2087,5.137,654.476,654.594
2088,5.137,654.476,654.594
2089,5.137,654.476,654.595
2090,5.136,654.476,654.595
2091,5.136,654.476,654.595
2092,5.135,654.477,654.595
2093,5.135,654.477,654.595
2094,5.135,654.477,654.595
2095,5.134,654.477,654.595
2096,5.134,654.478,654.595
2097,5.134,654.478,654.595
2098,5.133,654.478,654.596
2099,5.133,654.478,654.596
2100,5.133,654.479,654.596
2101,5.132,654.479,654.596
2102,5.132,654.479,654.596
2103,5.131,654.479,654.596
2104,5.131,654.479,654.596
2105,5.131,654.480,654.596
2106,5.130,654.480,654.596
2107,5.130,654.480,654.596
2108,5.130,654.480,654.597
2109,5.129,654.481,654.597
2110,5.129,654.481,654.597
2111,5.128,654.481,654.597
2112,5.128,654.481,654.597
2113,5.128,654.481,654.597
2114,5.127,654.482,654.597
2115,5.127,654.482,654.597
2116,5.127,654.482,654.597
2117,5.126,654.482,654.597
2118,5.126,654.483,654.598
2119,5.126,654.483,654.598
2120,5.125,654.483,654.598
2121,5.125,654.483,654.598
2122,5.125,654.483,654.598
2123,5.124,654.484,654.598
2124,5.124,654.484,654.598
2125,5.123,654.484,654.598
2126,5.123,654.484,654.598
2127,5.123,654.485,654.598
2128,5.122,654.485,654.599
2129,5.122,654.485,654.599
2130,5.122,654.485,654.599
2131,5.121,654.485,654.599
2132,5.121,654.486,654.599
2133,5.121,654.486,654.599
2134,5.120,654.486,654.599
2135,5.120,654.486,654.599
2136,5.119,654.486,654.599
2137,5.119,654.487,654.599
2138,5.119,654.487,654.600
2139,5.118,654.487,654.600
2140,5.118,654.487,654.600
2141,5.118,654.488,654.600
2142,5.117,654.488,654.600
2143,5.117,654.488,654.600
2144,5.117,654.488,654.600
2145,5.116,654.488,654.600
2146,5.116,654.489,654.600
2147,5.116,654.489,654.600
2148,5.115,654.489,654.601
2149,5.115,654.489,654.601
2150,5.115,654.489,654.601
2151,5.114,654.490,654.601
2152,5.114,654.490,654.601
2153,5.113,654.490,654.601
2154,5.113,654.490,654.601
2155,5.113,654.490,654.601
2156,5.112,654.491,654.601
2157,5.112,654.491,654.601
2158,5.112,654.491,654.601
2159,5.111,654.491,654.602
2160,5.111,654.491,654.602
2161,5.111,654.492,654.602
2162,5.110,654.492,654.602
2163,5.110,654.492,654.602
2164,5.110,654.492,654.602
2165,5.109,654.493,654.602
2166,5.109,654.493,654.602
2167,5.109,654.493,654.602
2168,5.108,654.493,654.602
2169,5.108,654.493,654.603
2170,5.108,654.494,654.603
2171,5.107,654.494,654.603
2172,5.107,654.494,654.603
2173,5.107,654.494,654.603
2174,5.106,654.494,654.603
2175,5.106,654.495,654.603
2176,5.106,654.495,654.603
2177,5.105,654.495,654.603
2178,5.105,654.495,654.603
2179,5.105,654.495,654.603
2180,5.104,654.496,654.604
2181,5.104,654.496,654.604
2182,5.103,654.496,654.604
2183,5.103,654.496,654.604
2184,5.103,654.496,654.604
2185,5.102,654.496,654.604
2186,5.102,654.497,654.604
2187,5.102,654.497,654.604
2188,5.101,654.497,654.604
2189,5.101,654.497,654.604
2190,5.101,654.497,654.604
2191,5.100,654.498,654.604
2192,5.100,654.498,654.605
2193,5.100,654.498,654.605
2194,5.099,654.498,654.605
2195,5.099,654.498,654.605
2196,5.099,654.499,654.605
2197,5.098,654.499,654.605
2198,5.098,654.499,654.605
2199,5.098,654.499,654.605
2200,5.097,654.499,654.605
2201,5.097,654.500,654.605
2202,5.097,654.500,654.605
2203,5.096,654.500,654.606
2204,5.096,654.500,654.606
2205,5.096,654.500,654.606
2206,5.095,654.501,654.606
2207,5.095,654.501,654.606
2208,5.095,654.501,654.606
2209,5.094,654.501,654.606
2210,5.094,654.501,654.606
2211,5.094,654.501,654.606
2212,5.093,654.502,654.606
2213,5.093,654.502,654.606
2214,5.093,654.502,654.607
2215,5.092,654.502,654.607
2216,5.092,654.502,654.607
2217,5.092,654.503,654.607
2218,5.091,654.503,654.607
2219,5.091,654.503,654.607
2220,5.091,654.503,654.607
2221,5.090,654.503,654.607
2222,5.090,654.503,654.607
2223,5.090,654.504,654.607
2224,5.089,654.504,654.607
2225,5.089,654.504,654.607
2226,5.089,654.504,654.608
2227,5.088,654.504,654.608
2228,5.088,654.505,654.608
2229,5.088,654.505,654.608
2230,5.088,654.505,654.608
2231,5.087,654.505,654.608
2232,5.087,654.505,654.608
2233,5.087,654.505,654.608
2234,5.086,654.506,654.608
2235,5.086,654.506,654.608
2236,5.086,654.506,654.608
2237,5.085,654.506,654.608
2238,5.085,654.506,654.609
2239,5.085,654.507,654.609
2240,5.084,654.507,654.609
2241,5.084,654.507,654.609
2242,5.084,654.507,654.609
2243,5.083,654.507,654.609
2244,5.083,654.507,654.609
2245,5.083,654.508,654.609
2246,5.082,654.508,654.609
2247,5.082,654.508,654.609
2248,5.082,654.508,654.609
2249,5.081,654.508,654.609
2250,5.081,654.508,654.609
2251,5.081,654.509,654.610
2252,5.080,654.509,654.610
2253,5.080,654.509,654.610
2254,5.080,654.509,654.610
2255,5.079,654.509,654.610
2256,5.079,654.510,654.610
2257,5.079,654.510,654.610
2258,5.079,654.510,654.610
2259,5.078,654.510,654.610
2260,5.078,654.510,654.610
2261,5.078,654.510,654.610
2262,5.077,654.511,654.610
2263,5.077,654.511,654.611
2264,5.077,654.511,654.611
2265,5.076,654.511,654.611
2266,5.076,654.511,654.611
2267,5.076,654.511,654.611
2268,5.075,654.512,654.611
2269,5.075,654.512,654.611
2270,5.075,654.512,654.611
2271,5.074,654.512,654.611
2272,5.074,654.512,654.611
2273,5.074,654.512,654.611
2274,5.073,654.513,654.611
2275,5.073,654.513,654.611
2276,5.073,654.513,654.612
2277,5.073,654.513,654.612
2278,5.072,654.513,654.612
2279,5.072,654.513,654.612
2280,5.072,654.514,654.612
2281,5.071,654.514,654.612
2282,5.071,654.514,654.612
2283,5.071,654.514,654.612
2284,5.070,654.514,654.612
2285,5.070,654.514,654.612
2286,5.070,654.515,654.612
2287,5.069,654.515,654.612
2288,5.069,654.515,654.612
2289,5.069,654.515,654.613
2290,5.069,654.515,654.613
2291,5.068,654.515,654.613
2292,5.068,654.516,654.613
2293,5.068,654.516,654.613
2294,5.067,654.516,654.613
2295,5.067,654.516,654.613
2296,5.067,654.516,654.613
2297,5.066,654.516,654.613
2298,5.066,654.517,654.613
2299,5.066,654.517,654.613
2300,5.065,654.517,654.613
2301,5.065,654.517,654.613
2302,5.065,654.517,654.613
2303,5.065,654.517,654.614
2304,5.064,654.517,654.614
2305,5.064,654.518,654.614
2306,5.064,654.518,654.614
2307,5.063,654.518,654.614
2308,5.063,654.518,654.614
2309,5.063,654.518,654.614
2310,5.062,654.518,654.614
2311,5.062,654.519,654.614
2312,5.062,654.519,654.614
2313,5.061,654.519,654.614
2314,5.061,654.519,654.614
2315,5.061,654.519,654.614
2316,5.061,654.519,654.615
2317,5.060,654.520,654.615
2318,5.060,654.520,654.615
2319,5.060,654.520,654.615
2320,5.059,654.520,654.615
2321,5.059,654.520,654.615
2322,5.059,654.520,654.615
2323,5.058,654.520,654.615
2324,5.058,654.521,654.615
2325,5.058,654.521,654.615
2326,5.058,654.521,654.615
2327,5.057,654.521,654.615
2328,5.057,654.521,654.615
2329,5.057,654.521,654.615
2330,5.056,654.522,654.616
2331,5.056,654.522,654.616
2332,5.056,654.522,654.616
2333,5.055,654.522,654.616
2334,5.055,654.522,654.616
2335,5.055,654.522,654.616
2336,5.055,654.522,654.616
2337,5.054,654.523,654.616
2338,5.054,654.523,654.616
2339,5.054,654.523,654.616
2340,5.053,654.523,654.616
2341,5.053,654.523,654.616
2342,5.053,654.523,654.616
2343,5.053,654.524,654.616
2344,5.052,654.524,654.616
2345,5.052,654.524,654.617
2346,5.052,654.524,654.617
2347,5.051,654.524,654.617
2348,5.051,654.524,654.617
2349,5.051,654.524,654.617
2350,5.050,654.525,654.617
2351,5.050,654.525,654.617
2352,5.050,654.525,654.617
2353,5.050,654.525,654.617
2354,5.049,654.525,654.617
2355,5.049,654.525,654.617
2356,5.049,654.525,654.617
2357,5.048,654.526,654.617
2358,5.048,654.526,654.617
2359,5.048,654.526,654.618
2360,5.048,654.526,654.618
2361,5.047,654.526,654.618
2362,5.047,654.526,654.618
2363,5.047,654.526,654.618
2364,5.046,654.527,654.618
2365,5.046,654.527,654.618
2366,5.046,654.527,654.618
2367,5.046,654.527,654.618
2368,5.045,654.527,654.618
2369,5.045,654.527,654.618
2370,5.045,654.527,654.618
2371,5.044,654.528,654.618
2372,5.044,654.528,654.618
2373,5.044,654.528,654.618
2374,5.044,654.528,654.619
2375,5.043,654.528,654.619
2376,5.043,654.528,654.619
2377,5.043,654.529,654.619
2378,5.042,654.529,654.619
2379,5.042,654.529,654.619
2380,5.042,654.529,654.619
2381,5.041,654.529,654.619
2382,5.041,654.529,654.619
2383,5.041,654.529,654.619
2384,5.041,654.529,654.619
2385,5.040,654.530,654.619
2386,5.040,654.530,654.619
2387,5.040,654.530,654.619
2388,5.040,654.530,654.619
2389,5.039,654.530,654.619
2390,5.039,654.530,654.620
2391,5.039,654.530,654.620
2392,5.038,654.531,654.620
2393,5.038,654.531,654.620
2394,5.038,654.531,654.620
2395,5.038,654.531,654.620
2396,5.037,654.531,654.620
2397,5.037,654.531,654.620
2398,5.037,654.531,654.620
2399,5.036,654.532,654.620
2400,5.036,654.532,654.620
2401,5.036,654.532,654.620
2402,5.036,654.532,654.620
2403,5.035,654.532,654.620
2404,5.035,654.532,654.620
2405,5.035,654.532,654.621
2406,5.034,654.533,654.621
2407,5.034,654.533,654.621
2408,5.034,654.533,654.621
2409,5.034,654.533,654.621
2410,5.033,654.533,654.621
2411,5.033,654.533,654.621
2412,5.033,654.533,654.621
2413,5.032,654.533,654.621
2414,5.032,654.534,654.621
2415,5.032,654.534,654.621
2416,5.032,654.534,654.621
2417,5.031,654.534,654.621
2418,5.031,654.534,654.621
2419,5.031,654.534,654.621
2420,5.031,654.534,654.621
2421,5.030,654.535,654.622
2422,5.030,654.535,654.622
2423,5.030,654.535,654.622
2424,5.029,654.535,654.622
2425,5.029,654.535,654.622
2426,5.029,654.535,654.622
2427,5.029,654.535,654.622
2428,5.028,654.535,654.622
2429,5.028,654.536,654.622
2430,5.028,654.536,654.622
2431,5.028,654.536,654.622
2432,5.027,654.536,654.622
2433,5.027,654.536,654.622
2434,5.027,654.536,654.622
2435,5.026,654.536,654.622
2436,5.026,654.537,654.622
2437,5.026,654.537,654.622
2438,5.026,654.537,654.623
2439,5.025,654.537,654.623
2440,5.025,654.537,654.623
2441,5.025,654.537,654.623
2442,5.025,654.537,654.623
2443,5.024,654.537,654.623
2444,5.024,654.538,654.623
2445,5.024,654.538,654.623
2446,5.023,654.538,654.623
2447,5.023,654.538,654.623
2448,5.023,654.538,654.623
2449,5.023,654.538,654.623
2450,5.022,654.538,654.623
2451,5.022,654.538,654.623
2452,5.022,654.539,654.623
2453,5.022,654.539,654.623
2454,5.021,654.539,654.624
2455,5.021,654.539,654.624
2456,5.021,654.539,654.624
2457,5.020,654.539,654.624
2458,5.020,654.539,654.624
2459,5.020,654.540,654.624
2460,5.020,654.540,654.624
2461,5.019,654.540,654.624
2462,5.019,654.540,654.624
2463,5.019,654.540,654.624
2464,5.019,654.540,654.624
2465,5.018,654.540,654.624
2466,5.018,654.540,654.624
2467,5.018,654.541,654.624
2468,5.018,654.541,654.624
2469,5.017,654.541,654.624
2470,5.017,654.541,654.624
2471,5.017,654.541,654.624
2472,5.016,654.541,654.625
2473,5.016,654.541,654.625
2474,5.016,654.541,654.625
2475,5.016,654.541,654.625
2476,5.015,654.542,654.625
2477,5.015,654.542,654.625
2478,5.015,654.542,654.625
2479,5.015,654.542,654.625
2480,5.014,654.542,654.625
2481,5.014,654.542,654.625
2482,5.014,654.542,654.625
2483,5.014,654.542,654.625
2484,5.013,654.543,654.625
2485,5.013,654.543,654.625
2486,5.013,654.543,654.625
2487,5.012,654.543,654.625
2488,5.012,654.543,654.625
2489,5.012,654.543,654.626
2490,5.012,654.543,654.626
2491,5.011,654.543,654.626
2492,5.011,654.544,654.626
2493,5.011,654.544,654.626
2494,5.011,654.544,654.626
2495,5.010,654.544,654.626
2496,5.010,654.544,654.626
2497,5.010,654.544,654.626
2498,5.010,654.544,654.626
2499,5.009,654.544,654.626
2500,5.009,654.545,654.626
2501,5.009,654.545,654.626
2502,5.009,654.545,654.626
2503,5.008,654.545,654.626
2504,5.008,654.545,654.626
2505,5.008,654.545,654.626
2506,5.008,654.545,654.626
2507,5.007,654.545,654.627
2508,5.007,654.545,654.627
2509,5.007,654.546,654.627
2510,5.007,654.546,654.627
2511,5.006,654.546,654.627
2512,5.006,654.546,654.627
2513,5.006,654.546,654.627
2514,5.005,654.546,654.627
2515,5.005,654.546,654.627
2516,5.005,654.546,654.627
2517,5.005,654.547,654.627
2518,5.004,654.547,654.627
2519,5.004,654.547,654.627
2520,5.004,654.547,654.627
2521,5.004,654.547,654.627
2522,5.003,654.547,654.627
2523,5.003,654.547,654.627
2524,5.003,654.547,654.627
2525,5.003,654.547,654.627
2526,5.002,654.548,654.628
2527,5.002,654.548,654.628
2528,5.002,654.548,654.628
2529,5.002,654.548,654.628
2530,5.001,654.548,654.628
2531,5.001,654.548,654.628
2532,5.001,654.548,654.628
2533,5.001,654.548,654.628
2534,5.000,654.548,654.628
2535,5.000,654.549,654.628
2536,5.000,654.549,654.628
2537,5.000,654.549,654.628
2538,4.999,654.549,654.628
2539,4.999,654.549,654.628
2540,4.999,654.549,654.628
2541,4.999,654.549,654.628
2542,4.998,654.549,654.628
2543,4.998,654.549,654.628
2544,4.998,654.550,654.628
2545,4.998,654.550,654.629
2546,4.997,654.550,654.629
2547,4.997,654.550,654.629
2548,4.997,654.550,654.629
2549,4.997,654.550,654.629
2550,4.996,654.550,654.629
2551,4.996,654.550,654.629
2552,4.996,654.551,654.629
2553,4.996,654.551,654.629
2554,4.995,654.551,654.629
2555,4.995,654.551,654.629
2556,4.995,654.551,654.629
2557,4.995,654.551,654.629
2558,4.994,654.551,654.629
2559,4.994,654.551,654.629
2560,4.994,654.551,654.629
2561,4.994,654.551,654.629
2562,4.993,654.552,654.629
2563,4.993,654.552,654.629
2564,4.993,654.552,654.629
2565,4.993,654.552,654.630
2566,4.992,654.552,654.630
2567,4.992,654.552,654.630
2568,4.992,654.552,654.630
2569,4.992,654.552,654.630
2570,4.991,654.552,654.630
2571,4.991,654.553,654.630
2572,4.991,654.553,654.630
2573,4.991,654.553,654.630
2574,4.990,654.553,654.630
2575,4.990,654.553,654.630
2576,4.990,654.553,654.630
2577,4.990,654.553,654.630
2578,4.989,654.553,654.630
2579,4.989,654.553,654.630
2580,4.989,654.554,654.630
2581,4.989,654.554,654.630
2582,4.988,654.554,654.630
2583,4.988,654.554,654.630
2584,4.988,654.554,654.630
2585,4.988,654.554,654.631
2586,4.987,654.554,654.631
2587,4.987,654.554,654.631
2588,4.987,654.554,654.631
2589,4.987,654.555,654.631
2590,4.986,654.555,654.631
2591,4.986,654.555,654.631
2592,4.986,654.555,654.631
2593,4.986,654.555,654.631
2594,4.986,654.555,654.631
2595,4.985,654.555,654.631
2596,4.985,654.555,654.631
2597,4.985,654.555,654.631
2598,4.985,654.555,654.631
2599,4.984,654.556,654.631
2600,4.984,654.556,654.631
2601,4.984,654.556,654.631
2602,4.984,654.556,654.631
2603,4.983,654.556,654.631
2604,4.983,654.556,654.631
2605,4.983,654.556,654.632
2606,4.983,654.556,654.632
2607,4.982,654.556,654.632
2608,4.982,654.556,654.632
2609,4.982,654.557,654.632
2610,4.982,654.557,654.632
2611,4.981,654.557,654.632
2612,4.981,654.557,654.632
2613,4.981,654.557,654.632
2614,4.981,654.557,654.632
2615,4.980,654.557,654.632
2616,4.980,654.557,654.632
2617,4.980,654.557,654.632
2618,4.980,654.558,654.632
2619,4.980,654.558,654.632
2620,4.979,654.558,654.632
2621,4.979,654.558,654.632
2622,4.979,654.558,654.632
2623,4.979,654.558,654.632
2624,4.978,654.558,654.632
2625,4.978,654.558,654.632
2626,4.978,654.558,654.633
2627,4.978,654.558,654.633
2628,4.977,654.559,654.633
2629,4.977,654.559,654.633
2630,4.977,654.559,654.633
2631,4.977,654.559,654.633
2632,4.976,654.559,654.633
2633,4.976,654.559,654.633
2634,4.976,654.559,654.633
2635,4.976,654.559,654.633
2636,4.976,654.559,654.633
2637,4.975,654.559,654.633
2638,4.975,654.560,654.633
2639,4.975,654.560,654.633
2640,4.975,654.560,654.633
2641,4.974,654.560,654.633
2642,4.974,654.560,654.633
2643,4.974,654.560,654.633
2644,4.974,654.560,654.633
2645,4.973,654.560,654.633
2646,4.973,654.560,654.633
2647,4.973,654.560,654.633
2648,4.973,654.560,654.634
2649,4.972,654.561,654.634
2650,4.972,654.561,654.634
2651,4.972,654.561,654.634
2652,4.972,654.561,654.634
2653,4.972,654.561,654.634
2654,4.971,654.561,654.634
2655,4.971,654.561,654.634
2656,4.971,654.561,654.634
2657,4.971,654.561,654.634
2658,4.970,654.561,654.634
2659,4.970,654.562,654.634
2660,4.970,654.562,654.634
2661,4.970,654.562,654.634
2662,4.969,654.562,654.634
2663,4.969,654.562,654.634
2664,4.969,654.562,654.634
2665,4.969,654.562,654.634
2666,4.969,654.562,654.634
2667,4.968,654.562,654.634
2668,4.968,654.562,654.634
2669,4.968,654.563,654.634
2670,4.968,654.563,654.635
2671,4.967,654.563,654.635
2672,4.967,654.563,654.635
2673,4.967,654.563,654.635
2674,4.967,654.563,654.635
2675,4.966,654.563,654.635
2676,4.966,654.563,654.635
2677,4.966,654.563,654.635
2678,4.966,654.563,654.635
2679,4.966,654.563,654.635
2680,4.965,654.564,654.635
2681,4.965,654.564,654.635
2682,4.965,654.564,654.635
2683,4.965,654.564,654.635
2684,4.964,654.564,654.635
2685,4.964,654.564,654.635
2686,4.964,654.564,654.635
2687,4.964,654.564,654.635
2688,4.964,654.564,654.635
2689,4.963,654.564,654.635
2690,4.963,654.564,654.635
2691,4.963,654.565,654.635
2692,4.963,654.565,654.635
2693,4.962,654.565,654.636
2694,4.962,654.565,654.636
2695,4.962,654.565,654.636
2696,4.962,654.565,654.636
2697,4.961,654.565,654.636
2698,4.961,654.565,654.636
2699,4.961,654.565,654.636
2700,4.961,654.565,654.636
2701,4.961,654.565,654.636
2702,4.960,654.566,654.636
2703,4.960,654.566,654.636
2704,4.960,654.566,654.636
2705,4.960,654.566,654.636
2706,4.959,654.566,654.636
2707,4.959,654.566,654.636
2708,4.959,654.566,654.636
2709,4.959,654.566,654.636
2710,4.959,654.566,654.636
2711,4.958,654.566,654.636
2712,4.958,654.566,654.636
2713,4.958,654.567,654.636
2714,4.958,654.567,654.636
2715,4.957,654.567,654.636
2716,4.957,654.567,654.636
2717,4.957,654.567,654.637
2718,4.957,654.567,654.637
2719,4.957,654.567,654.637
2720,4.956,654.567,654.637
2721,4.956,654.567,654.637
2722,4.956,654.567,654.637
2723,4.956,654.567,654.637
2724,4.955,654.568,654.637
2725,4.955,654.568,654.637
2726,4.955,654.568,654.637
2727,4.955,654.568,654.637
2728,4.955,654.568,654.637
2729,4.954,654.568,654.637
2730,4.954,654.568,654.637
2731,4.954,654.568,654.637
2732,4.954,654.568,654.637
2733,4.953,654.568,654.637
2734,4.953,654.568,654.637
2735,4.953,654.569,654.637
2736,4.953,654.569,654.637
2737,4.953,654.569,654.637
2738,4.952,654.569,654.637
2739,4.952,654.569,654.637
2740,4.952,654.569,654.637
2741,4.952,654.569,654.637
2742,4.951,654.569,654.638
2743,4.951,654.569,654.638
2744,4.951,654.569,654.638
2745,4.951,654.569,654.638
2746,4.951,654.569,654.638
2747,4.950,654.570,654.638
2748,4.950,654.570,654.638
2749,4.950,654.570,654.638
2750,4.950,654.570,654.638
2751,4.950,654.570,654.638
2752,4.949,654.570,654.638
2753,4.949,654.570,654.638
2754,4.949,654.570,654.638
2755,4.949,654.570,654.638
2756,4.948,654.570,654.638
2757,4.948,654.570,654.638
2758,4.948,654.571,654.638
2759,4.948,654.571,654.638
2760,4.948,654.571,654.638
2761,4.947,654.571,654.638
2762,4.947,654.571,654.638
2763,4.947,654.571,654.638
2764,4.947,654.571,654.638
2765,4.947,654.571,654.638
2766,4.946,654.571,654.638
2767,4.946,654.571,654.639
2768,4.946,654.571,654.639
2769,4.946,654.571,654.639
2770,4.945,654.572,654.639
2771,4.945,654.572,654.639
2772,4.945,654.572,654.639
2773,4.945,654.572,654.639
2774,4.945,654.572,654.639
2775,4.944,654.572,654.639
2776,4.944,654.572,654.639
2777,4.944,654.572,654.639
2778,4.944,654.572,654.639
2779,4.944,654.572,654.639
2780,4.943,654.572,654.639
2781,4.943,654.572,654.639
2782,4.943,654.573,654.639
2783,4.943,654.573,654.639
2784,4.942,654.573,654.639
2785,4.942,654.573,654.639
2786,4.942,654.573,654.639
2787,4.942,654.573,654.639
2788,4.942,654.573,654.639
2789,4.941,654.573,654.639
2790,4.941,654.573,654.639
2791,4.941,654.573,654.639
2792,4.941,654.573,654.640
2793,4.941,654.573,654.640
2794,4.940,654.574,654.640
2795,4.940,654.574,654.640
2796,4.940,654.574,654.640
2797,4.940,654.574,654.640
2798,4.939,654.574,654.640
2799,4.939,654.574,654.640
2800,4.939,654.574,654.640
2801,4.939,654.574,654.640
2802,4.939,654.574,654.640
2803,4.938,654.574,654.640
2804,4.938,654.574,654.640
2805,4.938,654.574,654.640
2806,4.938,654.574,654.640
2807,4.938,654.575,654.640
2808,4.937,654.575,654.640
2809,4.937,654.575,654.640
2810,4.937,654.575,654.640
2811,4.937,654.575,654.640
2812,4.937,654.575,654.640
2813,4.936,654.575,654.640
2814,4.936,654.575,654.640
2815,4.936,654.575,654.640
2816,4.936,654.575,654.640
2817,4.936,654.575,654.640
2818,4.935,654.575,654.640
2819,4.935,654.576,654.641
2820,4.935,654.576,654.641
2821,4.935,654.576,654.641
2822,4.934,654.576,654.641
2823,4.934,654.576,654.641
2824,4.934,654.576,654.641
2825,4.934,654.576,654.641
2826,4.934,654.576,654.641
2827,4.933,654.576,654.641
2828,4.933,654.576,654.641
2829,4.933,654.576,654.641
2830,4.933,654.576,654.641
2831,4.933,654.576,654.641
2832,4.932,654.577,654.641
2833,4.932,654.577,654.641
2834,4.932,654.577,654.641
2835,4.932,654.577,654.641
2836,4.932,654.577,654.641
2837,4.931,654.577,654.641
2838,4.931,654.577,654.641
2839,4.931,654.577,654.641
2840,4.931,654.577,654.641
2841,4.931,654.577,654.641
2842,4.930,654.577,654.641
2843,4.930,654.577,654.641
2844,4.930,654.577,654.641
2845,4.930,654.578,654.641
2846,4.930,654.578,654.641
2847,4.929,654.578,654.642
2848,4.929,654.578,654.642
2849,4.929,654.578,654.642
2850,4.929,654.578,654.642
2851,4.929,654.578,654.642
2852,4.928,654.578,654.642
2853,4.928,654.578,654.642
2854,4.928,654.578,654.642
2855,4.928,654.578,654.642
2856,4.927,654.578,654.642
2857,4.927,654.578,654.642
2858,4.927,654.579,654.642
2859,4.927,654.579,654.642
2860,4.927,654.579,654.642
2861,4.926,654.579,654.642
2862,4.926,654.579,654.642
2863,4.926,654.579,654.642
2864,4.926,654.579,654.642
2865,4.926,654.579,654.642
2866,4.925,654.579,654.642
2867,4.925,654.579,654.642
2868,4.925,654.579,654.642
2869,4.925,654.579,654.642
2870,4.925,654.579,654.642
2871,4.924,654.580,654.642
2872,4.924,654.580,654.642
2873,4.924,654.580,654.642
2874,4.924,654.580,654.642
2875,4.924,654.580,654.643
2876,4.923,654.580,654.643
2877,4.923,654.580,654.643
2878,4.923,654.580,654.643
2879,4.923,654.580,654.643
2880,4.923,654.580,654.643
2881,4.922,654.580,654.643
2882,4.922,654.580,654.643
2883,4.922,654.580,654.643
2884,4.922,654.581,654.643
2885,4.922,654.581,654.643
2886,4.921,654.581,654.643
2887,4.921,654.581,654.643
2888,4.921,654.581,654.643
2889,4.921,654.581,654.643
2890,4.921,654.581,654.643
2891,4.920,654.581,654.643
2892,4.920,654.581,654.643
2893,4.920,654.581,654.643
2894,4.920,654.581,654.643
2895,4.920,654.581,654.643
2896,4.919,654.581,654.643
2897,4.919,654.581,654.643
2898,4.919,654.582,654.643
2899,4.919,654.582,654.643
2900,4.919,654.582,654.643
2901,4.918,654.582,654.643
2902,4.918,654.582,654.643
2903,4.918,654.582,654.643
2904,4.918,654.582,654.644
2905,4.918,654.582,654.644
2906,4.918,654.582,654.644
2907,4.917,654.582,654.644
2908,4.917,654.582,654.644
2909,4.917,654.582,654.644
2910,4.917,654.582,654.644
2911,4.917,654.582,654.644
2912,4.916,654.583,654.644
2913,4.916,654.583,654.644
2914,4.916,654.583,654.644
2915,4.916,654.583,654.644
2916,4.916,654.583,654.644
2917,4.915,654.583,654.644
2918,4.915,654.583,654.644
2919,4.915,654.583,654.644
2920,4.915,654.583,654.644
2921,4.915,654.583,654.644
2922,4.914,654.583,654.644
2923,4.914,654.583,654.644
2924,4.914,654.583,654.644
2925,4.914,654.583,654.644
2926,4.914,654.584,654.644
2927,4.913,654.584,654.644
2928,4.913,654.584,654.644
2929,4.913,654.584,654.644
2930,4.913,654.584,654.644
2931,4.913,654.584,654.644
2932,4.912,654.584,654.644
2933,4.912,654.584,654.644
2934,4.912,654.584,654.644
2935,4.912,654.584,654.645
2936,4.912,654.584,654.645
2937,4.911,654.584,654.645
2938,4.911,654.584,654.645
2939,4.911,654.584,654.645
2940,4.911,654.584,654.645
2941,4.911,654.585,654.645
2942,4.911,654.585,654.645
2943,4.910,654.585,654.645
2944,4.910,654.585,654.645
2945,4.910,654.585,654.645
2946,4.910,654.585,654.645
2947,4.910,654.585,654.645
2948,4.909,654.585,654.645
2949,4.909,654.585,654.645
2950,4.909,654.585,654.645
2951,4.909,654.585,654.645
2952,4.909,654.585,654.645
2953,4.908,654.585,654.645
2954,4.908,654.585,654.645
2955,4.908,654.586,654.645
2956,4.908,654.586,654.645
2957,4.908,654.586,654.645
2958,4.907,654.586,654.645
2959,4.907,654.586,654.645
2960,4.907,654.586,654.645
2961,4.907,654.586,654.645
2962,4.907,654.586,654.645
2963,4.906,654.586,654.645
2964,4.906,654.586,654.645
2965,4.906,654.586,654.645
2966,4.906,654.586,654.646
2967,4.906,654.586,654.646
2968,4.906,654.586,654.646
2969,4.905,654.586,654.646
2970,4.905,654.587,654.646
2971,4.905,654.587,654.646
2972,4.905,654.587,654.646
2973,4.905,654.587,654.646
2974,4.904,654.587,654.646
2975,4.904,654.587,654.646
2976,4.904,654.587,654.646
2977,4.904,654.587,654.646
2978,4.904,654.587,654.646
2979,4.903,654.587,654.646
2980,4.903,654.587,654.646
2981,4.903,654.587,654.646
2982,4.903,654.587,654.646
2983,4.903,654.587,654.646
2984,4.903,654.587,654.646
2985,4.902,654.588,654.646
2986,4.902,654.588,654.646
2987,4.902,654.588,654.646
2988,4.902,654.588,654.646
2989,4.902,654.588,654.646
2990,4.901,654.588,654.646
2991,4.901,654.588,654.646
2992,4.901,654.588,654.646
2993,4.901,654.588,654.646
2994,4.901,654.588,654.646
2995,4.900,654.588,654.646
2996,4.900,654.588,654.646
2997,4.900,654.588,654.646
2998,4.900,654.588,654.646
2999,4.900,654.588,654.647
3000,4.900,654.589,654.647
3001,4.900,654.589,654.647
3002,4.900,654.589,654.647
3003,4.900,654.589,654.647
3004,4.900,654.589,654.647
3005,4.900,654.589,654.647
3006,4.900,654.589,654.647
3007,4.900,654.589,654.647
3008,4.900,654.589,654.647
3009,4.900,654.589,654.647
3010,4.900,654.589,654.647
3011,4.900,654.589,654.647
3012,4.900,654.589,654.647
3013,4.900,654.589,654.647
3014,4.900,654.589,654.647
3015,4.900,654.589,654.647
3016,4.900,654.589,654.647
3017,4.900,654.589,654.647
3018,4.900,654.589,654.647
3019,4.900,654.589,654.647
3020,4.900,654.589,654.647
3021,4.900,654.589,654.647
3022,4.900,654.589,654.647
3023,4.900,654.589,654.647
3024,4.900,654.589,654.647
3025,4.900,654.589,654.647
3026,4.900,654.589,654.647
3027,4.900,654.589,654.647
3028,4.900,654.589,654.647
3029,4.900,654.589,654.647
3030,4.900,654.589,654.647
3031,4.900,654.589,654.647
3032,4.900,654.589,654.647
3033,4.900,654.589,654.647
3034,4.900,654.589,654.647
3035,4.900,654.589,654.647
3036,4.900,654.589,654.647
3037,4.900,654.589,654.647
3038,4.900,654.589,654.647
3039,4.900,654.589,654.647
3040,4.900,654.589,654.647
3041,4.900,654.589,654.647
3042,4.900,654.589,654.647
3043,4.900,654.589,654.647
3044,4.900,654.589,654.647
3045,4.900,654.589,654.647
3046,4.900,654.589,654.647
3047,4.900,654.589,654.647
3048,4.900,654.589,654.647
3049,4.900,654.589,654.647
3050,4.900,654.589,654.647
3051,4.900,654.589,654.647
3052,4.900,654.589,654.647
3053,4.900,654.589,654.647
3054,4.900,654.589,654.647
3055,4.900,654.589,654.647
3056,4.900,654.589,654.647
3057,4.900,654.589,654.647
3058,4.900,654.589,654.647
3059,4.900,654.589,654.647
3060,4.900,654.589,654.647
3061,4.900,654.589,654.647
3062,4.900,654.589,654.647
3063,4.900,654.589,654.647
3064,4.900,654.589,654.647
3065,4.900,654.589,654.647
3066,4.900,654.589,654.647
3067,4.900,654.589,654.647
3068,4.900,654.589,654.647
3069,4.900,654.589,654.647
3070,4.900,654.589,654.647
3071,4.900,654.589,654.647
3072,4.900,654.589,654.647
3073,4.900,654.589,654.647
3074,4.900,654.589,654.647
3075,4.900,654.589,654.647
3076,4.900,654.589,654.647
3077,4.900,654.589,654.647
3078,4.900,654.589,654.647
3079,4.900,654.589,654.647
3080,4.900,654.589,654.647
3081,4.900,654.589,654.647
3082,4.900,654.589,654.647
3083,4.900,654.589,654.647
3084,4.900,654.589,654.647
3085,4.900,654.589,654.647
3086,4.900,654.589,654.647
3087,4.900,654.589,654.647
3088,4.900,654.589,654.647
3089,4.900,654.589,654.647
3090,4.900,654.589,654.647
3091,4.900,654.589,654.647
3092,4.900,654.589,654.647
3093,4.900,654.589,654.647
3094,4.900,654.589,654.647
3095,4.900,654.589,654.647
3096,4.900,654.589,654.647
3097,4.900,654.589,654.647
3098,4.900,654.589,654.647
3099,4.900,654.589,654.647
3100,4.900,654.589,654.647
3101,4.900,654.589,654.647
3102,4.900,654.589,654.647
3103,4.900,654.589,654.647
3104,4.900,654.589,654.647
3105,4.900,654.589,654.647
3106,4.900,654.589,654.647
3107,4.900,654.589,654.647
3108,4.900,654.589,654.647
3109,4.900,654.589,654.647
3110,4.900,654.589,654.647
3111,4.900,654.589,654.647
3112,4.900,654.589,654.647
3113,4.900,654.589,654.647
3114,4.900,654.589,654.647
3115,4.900,654.589,654.647
3116,4.900,654.589,654.647
3117,4.900,654.589,654.647
3118,4.900,654.589,654.647
3119,4.900,654.589,654.647
3120,4.900,654.589,654.647
3121,4.900,654.589,654.647
3122,4.900,654.589,654.647
3123,4.900,654.589,654.647
3124,4.900,654.589,654.647
3125,4.900,654.589,654.647
3126,4.900,654.589,654.647
3127,4.900,654.589,654.647
3128,4.900,654.589,654.647
3129,4.900,654.589,654.647
3130,4.900,654.589,654.647
3131,4.900,654.589,654.647
3132,4.900,654.589,654.647
3133,4.900,654.589,654.647
3134,4.900,654.589,654.647
3135,4.900,654.589,654.647
3136,4.900,654.589,654.647
3137,4.900,654.589,654.647
3138,4.900,654.589,654.647
3139,4.900,654.589,654.647
3140,4.900,654.589,654.647
3141,4.900,654.589,654.647
3142,4.900,654.589,654.647
3143,4.900,654.589,654.647
3144,4.900,654.589,654.647
3145,4.900,654.589,654.647
3146,4.900,654.589,654.647
3147,4.900,654.589,654.647
3148,4.900,654.589,654.647
3149,4.900,654.589,654.647
3150,4.900,654.589,654.647
3151,4.900,654.589,654.647
3152,4.900,654.589,654.647
3153,4.900,654.589,654.647
3154,4.900,654.589,654.647
3155,4.900,654.589,654.647
3156,4.900,654.589,654.647
3157,4.900,654.589,654.647
3158,4.900,654.589,654.647
3159,4.900,654.589,654.647
3160,4.900,654.589,654.647
3161,4.900,654.589,654.647
3162,4.900,654.589,654.647
3163,4.900,654.589,654.647
3164,4.900,654.589,654.647
3165,4.900,654.589,654.647
3166,4.900,654.589,654.647
3167,4.900,654.589,654.647
3168,4.900,654.589,654.647
3169,4.900,654.589,654.647
3170,4.900,654.589,654.647
3171,4.900,654.589,654.647
3172,4.900,654.589,654.647
3173,4.900,654.589,654.647
3174,4.900,654.589,654.647
3175,4.900,654.589,654.647
3176,4.900,654.589,654.647
3177,4.900,654.589,654.647
3178,4.900,654.589,654.647
3179,4.900,654.589,654.647
3180,4.900,654.589,654.647
3181,4.900,654.589,654.647
3182,4.900,654.589,654.647
3183,4.900,654.589,654.647
3184,4.900,654.589,654.647
3185,4.900,654.589,654.647
3186,4.900,654.589,654.647
3187,4.900,654.589,654.647
3188,4.900,654.589,654.647
3189,4.900,654.589,654.647
3190,4.900,654.589,654.647
3191,4.900,654.589,654.647
3192,4.900,654.589,654.647
3193,4.900,654.589,654.647
3194,4.900,654.589,654.647
3195,4.900,654.589,654.647
3196,4.900,654.589,654.647
3197,4.900,654.589,654.647
3198,4.900,654.589,654.647
3199,4.900,654.589,654.647
3200,4.900,654.589,654.647
3201,4.900,654.589,654.647
3202,4.900,654.589,654.647
3203,4.900,654.589,654.647
3204,4.900,654.589,654.647
3205,4.900,654.589,654.647
3206,4.900,654.589,654.647
3207,4.900,654.589,654.647
3208,4.900,654.589,654.647
3209,4.900,654.589,654.647
3210,4.900,654.589,654.647
3211,4.900,654.589,654.647
3212,4.900,654.589,654.647
3213,4.900,654.589,654.647
3214,4.900,654.589,654.647
3215,4.900,654.589,654.647
3216,4.900,654.589,654.647
3217,4.900,654.589,654.647
3218,4.900,654.589,654.647
3219,4.900,654.589,654.647
3220,4.900,654.589,654.647
3221,4.900,654.589,654.647
3222,4.900,654.589,654.647
3223,4.900,654.589,654.647
3224,4.900,654.589,654.647
3225,4.900,654.589,654.647
3226,4.900,654.589,654.647
3227,4.900,654.589,654.647
3228,4.900,654.589,654.647
3229,4.900,654.589,654.647
3230,4.900,654.589,654.647
3231,4.900,654.589,654.647
3232,4.900,654.589,654.647
3233,4.900,654.589,654.647
3234,4.900,654.589,654.647
3235,4.900,654.589,654.647
3236,4.900,654.589,654.647
3237,4.900,654.589,654.647
3238,4.900,654.589,654.647
3239,4.900,654.589,654.647
3240,4.900,654.589,654.647
3241,4.900,654.589,654.647
3242,4.900,654.589,654.647
3243,4.900,654.589,654.647
3244,4.900,654.589,654.647
3245,4.900,654.589,654.647
3246,4.900,654.589,654.647
3247,4.900,654.589,654.647
3248,4.900,654.589,654.647
3249,4.900,654.589,654.647
3250,4.900,654.589,654.647
3251,4.900,654.589,654.647
3252,4.900,654.589,654.647
3253,4.900,654.589,654.647
3254,4.900,654.589,654.647
3255,4.900,654.589,654.647
3256,4.900,654.589,654.647
3257,4.900,654.589,654.647
3258,4.900,654.589,654.647
3259,4.900,654.589,654.647
3260,4.900,654.589,654.647
3261,4.900,654.589,654.647
3262,4.900,654.589,654.647
3263,4.900,654.589,654.647
3264,4.900,654.589,654.647
3265,4.900,654.589,654.647
3266,4.900,654.589,654.647
3267,4.900,654.589,654.647
3268,4.900,654.589,654.647
3269,4.900,654.589,654.647
3270,4.900,654.589,654.647
3271,4.900,654.589,654.647
3272,4.900,654.589,654.647
3273,4.900,654.589,654.647
3274,4.900,654.589,654.647
3275,4.900,654.589,654.647
3276,4.900,654.589,654.647
3277,4.900,654.589,654.647
3278,4.900,654.589,654.647
3279,4.900,654.589,654.647
3280,4.900,654.589,654.647
3281,4.900,654.589,654.647
3282,4.900,654.589,654.647
3283,4.900,654.589,654.647
3284,4.900,654.589,654.647
3285,4.900,654.589,654.647
3286,4.900,654.589,654.647
3287,4.900,654.589,654.647
3288,4.900,654.589,654.647
3289,4.900,654.589,654.647
3290,4.900,654.589,654.647
3291,4.900,654.589,654.647
3292,4.900,654.589,654.647
3293,4.900,654.589,654.647
3294,4.900,654.589,654.647
3295,4.900,654.589,654.647
3296,4.900,654.589,654.647
3297,4.900,654.589,654.647
3298,4.900,654.589,654.647
3299,4.900,654.589,654.647
3300,4.900,654.589,654.647
3301,4.900,654.589,654.647
3302,4.900,654.589,654.647
3303,4.900,654.589,654.647
3304,4.900,654.589,654.647
3305,4.900,654.589,654.647
3306,4.900,654.589,654.647
3307,4.900,654.589,654.647
3308,4.900,654.589,654.647
3309,4.900,654.589,654.647
3310,4.900,654.589,654.647
3311,4.900,654.589,654.647
3312,4.900,654.589,654.647
3313,4.900,654.589,654.647
3314,4.900,654.589,654.647
3315,4.900,654.589,654.647
3316,4.900,654.589,654.647
3317,4.900,654.589,654.647
3318,4.900,654.589,654.647
3319,4.900,654.589,654.647
3320,4.900,654.589,654.647
3321,4.900,654.589,654.647
3322,4.900,654.589,654.647
3323,4.900,654.589,654.647
3324,4.900,654.589,654.647
3325,4.900,654.589,654.647
3326,4.900,654.589,654.647
3327,4.900,654.589,654.647
3328,4.900,654.589,654.647
3329,4.900,654.589,654.647
3330,4.900,654.589,654.647
3331,4.900,654.589,654.647
3332,4.900,654.589,654.647
3333,4.900,654.589,654.647
3334,4.900,654.589,654.647
3335,4.900,654.589,654.647
3336,4.900,654.589,654.647
3337,4.900,654.589,654.647
3338,4.900,654.589,654.647
3339,4.900,654.589,654.647
3340,4.900,654.589,654.647
3341,4.900,654.589,654.647
3342,4.900,654.589,654.647
3343,4.900,654.589,654.647
3344,4.900,654.589,654.647
3345,4.900,654.589,654.647
3346,4.900,654.589,654.647
3347,4.900,654.589,654.647
3348,4.900,654.589,654.647
3349,4.900,654.589,654.647
3350,4.900,654.589,654.647
3351,4.900,654.589,654.647
3352,4.900,654.589,654.647
3353,4.900,654.589,654.647
3354,4.900,654.589,654.647
3355,4.900,654.589,654.647
3356,4.900,654.589,654.647
3357,4.900,654.589,654.647
3358,4.900,654.589,654.647
3359,4.900,654.589,654.647
3360,4.900,654.589,654.647
3361,4.900,654.589,654.647
3362,4.900,654.589,654.647
3363,4.900,654.589,654.647
3364,4.900,654.589,654.647
3365,4.900,654.589,654.647
3366,4.900,654.589,654.647
3367,4.900,654.589,654.647
3368,4.900,654.589,654.647
3369,4.900,654.589,654.647
3370,4.900,654.589,654.647
3371,4.900,654.589,654.647
3372,4.900,654.589,654.647
3373,4.900,654.589,654.647
3374,4.900,654.589,654.647
3375,4.900,654.589,654.647
3376,4.900,654.589,654.647
3377,4.900,654.589,654.647
3378,4.900,654.589,654.647
3379,4.900,654.589,654.647
3380,4.900,654.589,654.647
3381,4.900,654.589,654.647
3382,4.900,654.589,654.647
3383,4.900,654.589,654.647
3384,4.900,654.589,654.647
3385,4.900,654.589,654.647
3386,4.900,654.589,654.647
3387,4.900,654.589,654.647
3388,4.900,654.589,654.647
3389,4.900,654.589,654.647
3390,4.900,654.589,654.647
3391,4.900,654.589,654.647
3392,4.900,654.589,654.647
3393,4.900,654.589,654.647
3394,4.900,654.589,654.647
3395,4.900,654.589,654.647
3396,4.900,654.589,654.647
3397,4.900,654.589,654.647
3398,4.900,654.589,654.647
3399,4.900,654.589,654.647
3400,4.900,654.589,654.647
3401,4.900,654.589,654.647
3402,4.900,654.589,654.647
3403,4.900,654.589,654.647
3404,4.900,654.589,654.647
3405,4.900,654.589,654.647
3406,4.900,654.589,654.647
3407,4.900,654.589,654.647
3408,4.900,654.589,654.647
3409,4.900,654.589,654.647
3410,4.900,654.589,654.647
3411,4.900,654.589,654.647
3412,4.900,654.589,654.647
3413,4.900,654.589,654.647
3414,4.900,654.589,654.647
3415,4.900,654.589,654.647
3416,4.900,654.589,654.647
3417,4.900,654.589,654.647
3418,4.900,654.589,654.647
3419,4.900,654.589,654.647
3420,4.900,654.589,654.647
3421,4.900,654.589,654.647
3422,4.900,654.589,654.647
3423,4.900,654.589,654.647
3424,4.900,654.589,654.647
3425,4.900,654.589,654.647
3426,4.900,654.589,654.647
3427,4.900,654.589,654.647
3428,4.900,654.589,654.647
3429,4.900,654.589,654.647
3430,4.900,654.589,654.647
3431,4.900,654.589,654.647
3432,4.900,654.589,654.647
3433,4.900,654.589,654.647
3434,4.900,654.589,654.647
3435,4.900,654.589,654.647
3436,4.900,654.589,654.647
3437,4.900,654.589,654.647
3438,4.900,654.589,654.647
3439,4.900,654.589,654.647
3440,4.900,654.589,654.647
3441,4.900,654.589,654.647
3442,4.900,654.589,654.647
3443,4.900,654.589,654.647
3444,4.900,654.589,654.647
3445,4.900,654.589,654.647
3446,4.900,654.589,654.647
3447,4.900,654.589,654.647
3448,4.900,654.589,654.647
3449,4.900,654.589,654.647
3450,4.900,654.589,654.647
3451,4.900,654.589,654.647
3452,4.900,654.589,654.647
3453,4.900,654.589,654.647
3454,4.900,654.589,654.647
3455,4.900,654.589,654.647
3456,4.900,654.589,654.647
3457,4.900,654.589,654.647
3458,4.900,654.589,654.647
3459,4.900,654.589,654.647
3460,4.900,654.589,654.647
3461,4.900,654.589,654.647
3462,4.900,654.589,654.647
3463,4.900,654.589,654.647
3464,4.900,654.589,654.647
3465,4.900,654.589,654.647
3466,4.900,654.589,654.647
3467,4.900,654.589,654.647
3468,4.900,654.589,654.647
3469,4.900,654.589,654.647
3470,4.900,654.589,654.647
3471,4.900,654.589,654.647
3472,4.900,654.589,654.647
3473,4.900,654.589,654.647
3474,4.900,654.589,654.647
3475,4.900,654.589,654.647
3476,4.900,654.589,654.647
3477,4.900,654.589,654.647
3478,4.900,654.589,654.647
3479,4.900,654.589,654.647
3480,4.900,654.589,654.647
3481,4.900,654.589,654.647
3482,4.900,654.589,654.647
3483,4.900,654.589,654.647
3484,4.900,654.589,654.647
3485,4.900,654.589,654.647
3486,4.900,654.589,654.647
3487,4.900,654.589,654.647
3488,4.900,654.589,654.647
3489,4.900,654.589,654.647
3490,4.900,654.589,654.647
3491,4.900,654.589,654.647
3492,4.900,654.589,654.647
3493,4.900,654.589,654.647
3494,4.900,654.589,654.647
3495,4.900,654.589,654.647
3496,4.900,654.589,654.647
3497,4.900,654.589,654.647
3498,4.900,654.589,654.647
3499,4.900,654.589,654.647
3500,4.900,654.589,654.647
3501,4.900,654.589,654.647
3502,4.900,654.589,654.647
3503,4.900,654.589,654.647
3504,4.900,654.589,654.647
3505,4.900,654.589,654.647
3506,4.900,654.589,654.647
3507,4.900,654.589,654.647
3508,4.900,654.589,654.647
3509,4.900,654.589,654.647
3510,4.900,654.589,654.647
3511,4.900,654.589,654.647
3512,4.900,654.589,654.647
3513,4.900,654.589,654.647
3514,4.900,654.589,654.647
3515,4.900,654.589,654.647
3516,4.900,654.589,654.647
3517,4.900,654.589,654.647
3518,4.900,654.589,654.647
3519,4.900,654.589,654.647
3520,4.900,654.589,654.647
3521,4.900,654.589,654.647
3522,4.900,654.589,654.647
3523,4.900,654.589,654.647
3524,4.900,654.589,654.647
3525,4.900,654.589,654.647
3526,4.900,654.589,654.647
3527,4.900,654.589,654.647
3528,4.900,654.589,654.647
3529,4.900,654.589,654.647
3530,4.900,654.589,654.647
3531,4.900,654.589,654.647
3532,4.900,654.589,654.647
3533,4.900,654.589,654.647
3534,4.900,654.589,654.647
3535,4.900,654.589,654.647
3536,4.900,654.589,654.647
3537,4.900,654.589,654.647
3538,4.900,654.589,654.647
3539,4.900,654.589,654.647
3540,4.900,654.589,654.647
3541,4.900,654.589,654.647
3542,4.900,654.589,654.647
3543,4.900,654.589,654.647
3544,4.900,654.589,654.647
3545,4.900,654.589,654.647
3546,4.900,654.589,654.647
3547,4.900,654.589,654.647
3548,4.900,654.589,654.647
3549,4.900,654.589,654.647
3550,4.900,654.589,654.647
3551,4.900,654.589,654.647
3552,4.900,654.589,654.647
3553,4.900,654.589,654.647
3554,4.900,654.589,654.647
3555,4.900,654.589,654.647
3556,4.900,654.589,654.647
3557,4.900,654.589,654.647
3558,4.900,654.589,654.647
3559,4.900,654.589,654.647
3560,4.900,654.589,654.647
3561,4.900,654.589,654.647
3562,4.900,654.589,654.647
3563,4.900,654.589,654.647
3564,4.900,654.589,654.647
3565,4.900,654.589,654.647
3566,4.900,654.589,654.647
3567,4.900,654.589,654.647
3568,4.900,654.589,654.647
3569,4.900,654.589,654.647
3570,4.900,654.589,654.647
3571,4.900,654.589,654.647
3572,4.900,654.589,654.647
3573,4.900,654.589,654.647
3574,4.900,654.589,654.647
3575,4.900,654.589,654.647
3576,4.900,654.589,654.647
3577,4.900,654.589,654.647
3578,4.900,654.589,654.647
3579,4.900,654.589,654.647
3580,4.900,654.589,654.647
3581,4.900,654.589,654.647
3582,4.900,654.589,654.647
3583,4.900,654.589,654.647
3584,4.900,654.589,654.647
3585,4.900,654.589,654.647
3586,4.900,654.589,654.647
3587,4.900,654.589,654.647
3588,4.900,654.589,654.647
3589,4.900,654.589,654.647
3590,4.900,654.589,654.647
3591,4.900,654.589,654.647
3592,4.900,654.589,654.647
3593,4.900,654.589,654.647
3594,4.900,654.589,654.647
3595,4.900,654.589,654.647
3596,4.900,654.589,654.647
3597,4.900,654.589,654.647
3598,4.900,654.589,654.647
3599,4.900,654.589,654.647
3600,4.900,654.589,654.647
3601,4.900,654.589,654.647
3602,4.900,654.589,654.647
3603,4.900,654.589,654.647
3604,4.900,654.589,654.647
3605,4.900,654.589,654.647
3606,4.900,654.589,654.647
3607,4.900,654.589,654.647
3608,4.900,654.589,654.647
3609,4.900,654.589,654.647
3610,4.900,654.589,654.647
3611,4.900,654.589,654.647
3612,4.900,654.589,654.647
3613,4.900,654.589,654.647
3614,4.900,654.589,654.647
3615,4.900,654.589,654.647
3616,4.900,654.589,654.647
3617,4.900,654.589,654.647
3618,4.900,654.589,654.647
3619,4.900,654.589,654.647
3620,4.900,654.589,654.647
3621,4.900,654.589,654.647
3622,4.900,654.589,654.647
3623,4.900,654.589,654.647
3624,4.900,654.589,654.647
3625,4.900,654.589,654.647
3626,4.900,654.589,654.647
3627,4.900,654.589,654.647
3628,4.900,654.589,654.647
3629,4.900,654.589,654.647
3630,4.900,654.589,654.647
3631,4.900,654.589,654.647
3632,4.900,654.589,654.647
3633,4.900,654.589,654.647
3634,4.900,654.589,654.647
3635,4.900,654.589,654.647
3636,4.900,654.589,654.647
3637,4.900,654.589,654.647
3638,4.900,654.589,654.647
3639,4.900,654.589,654.647
3640,4.900,654.589,654.647
3641,4.900,654.589,654.647
3642,4.900,654.589,654.647
3643,4.900,654.589,654.647
3644,4.900,654.589,654.647
3645,4.900,654.589,654.647
3646,4.900,654.589,654.647
3647,4.900,654.589,654.647
3648,4.900,654.589,654.647
3649,4.900,654.589,654.647
3650,4.900,654.589,654.647
3651,4.900,654.589,654.647
3652,4.900,654.589,654.647
3653,4.900,654.589,654.647
3654,4.900,654.589,654.647
3655,4.900,654.589,654.647
3656,4.900,654.589,654.647
3657,4.900,654.589,654.647
3658,4.900,654.589,654.647
3659,4.900,654.589,654.647
3660,4.900,654.589,654.647
3661,4.900,654.589,654.647
3662,4.900,654.589,654.647
3663,4.900,654.589,654.647
3664,4.900,654.589,654.647
3665,4.900,654.589,654.647
3666,4.900,654.589,654.647
3667,4.900,654.589,654.647
3668,4.900,654.589,654.647
3669,4.900,654.589,654.647
3670,4.900,654.589,654.647
3671,4.900,654.589,654.647
3672,4.900,654.589,654.647
3673,4.900,654.589,654.647
3674,4.900,654.589,654.647
3675,4.900,654.589,654.647
3676,4.900,654.589,654.647
3677,4.900,654.589,654.647
3678,4.900,654.589,654.647
3679,4.900,654.589,654.647
3680,4.900,654.589,654.647
3681,4.900,654.589,654.647
3682,4.900,654.589,654.647
3683,4.900,654.589,654.647
3684,4.900,654.589,654.647
3685,4.900,654.589,654.647
3686,4.900,654.589,654.647
3687,4.900,654.589,654.647
3688,4.900,654.589,654.647
3689,4.900,654.589,654.647
3690,4.900,654.589,654.647
3691,4.900,654.589,654.647
3692,4.900,654.589,654.647
3693,4.900,654.589,654.647
3694,4.900,654.589,654.647
3695,4.900,654.589,654.647
3696,4.900,654.589,654.647
3697,4.900,654.589,654.647
3698,4.900,654.589,654.647
3699,4.900,654.589,654.647
3700,4.900,654.589,654.647
3701,4.900,654.589,654.647
3702,4.900,654.589,654.647
3703,4.900,654.589,654.647
3704,4.900,654.589,654.647
3705,4.900,654.589,654.647
3706,4.900,654.589,654.647
3707,4.900,654.589,654.647
3708,4.900,654.589,654.647
3709,4.900,654.589,654.647
3710,4.900,654.589,654.647
3711,4.900,654.589,654.647
3712,4.900,654.589,654.647
3713,4.900,654.589,654.647
3714,4.900,654.589,654.647
3715,4.900,654.589,654.647
3716,4.900,654.589,654.647
3717,4.900,654.589,654.647
3718,4.900,654.589,654.647
3719,4.900,654.589,654.647
3720,4.900,654.589,654.647
3721,4.900,654.589,654.647
3722,4.900,654.589,654.647
3723,4.900,654.589,654.647
3724,4.900,654.589,654.647
3725,4.900,654.589,654.647
3726,4.900,654.589,654.647
3727,4.900,654.589,654.647
3728,4.900,654.589,654.647
3729,4.900,654.589,654.647
3730,4.900,654.589,654.647
3731,4.900,654.589,654.647
3732,4.900,654.589,654.647
3733,4.900,654.589,654.647
3734,4.900,654.589,654.647
3735,4.900,654.589,654.647
3736,4.900,654.589,654.647
3737,4.900,654.589,654.647
3738,4.900,654.589,654.647
3739,4.900,654.589,654.647
3740,4.900,654.589,654.647
3741,4.900,654.589,654.647
3742,4.900,654.589,654.647
3743,4.900,654.589,654.647
3744,4.900,654.589,654.647
3745,4.900,654.589,654.647
3746,4.900,654.589,654.647
3747,4.900,654.589,654.647
3748,4.900,654.589,654.647
3749,4.900,654.589,654.647
3750,4.900,654.589,654.647
3751,4.900,654.589,654.647
3752,4.900,654.589,654.647
3753,4.900,654.589,654.647
3754,4.900,654.589,654.647
3755,4.900,654.589,654.647
3756,4.900,654.589,654.647
3757,4.900,654.589,654.647
3758,4.900,654.589,654.647
3759,4.900,654.589,654.647
3760,4.900,654.589,654.647
3761,4.900,654.589,654.647
3762,4.900,654.589,654.647
3763,4.900,654.589,654.647
3764,4.900,654.589,654.647
3765,4.900,654.589,654.647
3766,4.900,654.589,654.647
3767,4.900,654.589,654.647
3768,4.900,654.589,654.647
3769,4.900,654.589,654.647
3770,4.900,654.589,654.647
3771,4.900,654.589,654.647
3772,4.900,654.589,654.647
3773,4.900,654.589,654.647
3774,4.900,654.589,654.647
3775,4.900,654.589,654.647
3776,4.900,654.589,654.647
3777,4.900,654.589,654.647
3778,4.900,654.589,654.647
3779,4.900,654.589,654.647
3780,4.900,654.589,654.647
3781,4.900,654.589,654.647
3782,4.900,654.589,654.647
3783,4.900,654.589,654.647
3784,4.900,654.589,654.647
3785,4.900,654.589,654.647
3786,4.900,654.589,654.647
3787,4.900,654.589,654.647
3788,4.900,654.589,654.647
3789,4.900,654.589,654.647
3790,4.900,654.589,654.647
3791,4.900,654.589,654.647
3792,4.900,654.589,654.647
3793,4.900,654.589,654.647
3794,4.900,654.589,654.647
3795,4.900,654.589,654.647
3796,4.900,654.589,654.647
3797,4.900,654.589,654.647
3798,4.900,654.589,654.647
3799,4.900,654.589,654.647
3800,4.900,654.589,654.647
3801,4.900,654.589,654.647
3802,4.900,654.589,654.647
3803,4.900,654.589,654.647
3804,4.900,654.589,654.647
3805,4.900,654.589,654.647
3806,4.900,654.589,654.647
3807,4.900,654.589,654.647
3808,4.900,654.589,654.647
3809,4.900,654.589,654.647
3810,4.900,654.589,654.647
3811,4.900,654.589,654.647
3812,4.900,654.589,654.647
3813,4.900,654.589,654.647
3814,4.900,654.589,654.647
3815,4.900,654.589,654.647
3816,4.900,654.589,654.647
3817,4.900,654.589,654.647
3818,4.900,654.589,654.647
3819,4.900,654.589,654.647
3820,4.900,654.589,654.647
3821,4.900,654.589,654.647
3822,4.900,654.589,654.647
3823,4.900,654.589,654.647
3824,4.900,654.589,654.647
3825,4.900,654.589,654.647
3826,4.900,654.589,654.647
3827,4.900,654.589,654.647
3828,4.900,654.589,654.647
3829,4.900,654.589,654.647
3830,4.900,654.589,654.647
3831,4.900,654.589,654.647
3832,4.900,654.589,654.647
3833,4.900,654.589,654.647
3834,4.900,654.589,654.647
3835,4.900,654.589,654.647
3836,4.900,654.589,654.647
3837,4.900,654.589,654.647
3838,4.900,654.589,654.647
3839,4.900,654.589,654.647
3840,4.900,654.589,654.647
3841,4.900,654.589,654.647
3842,4.900,654.589,654.647
3843,4.900,654.589,654.647
3844,4.900,654.589,654.647
3845,4.900,654.589,654.647
3846,4.900,654.589,654.647
3847,4.900,654.589,654.647
3848,4.900,654.589,654.647
3849,4.900,654.589,654.647
3850,4.900,654.589,654.647
3851,4.900,654.589,654.647
3852,4.900,654.589,654.647
3853,4.900,654.589,654.647
3854,4.900,654.589,654.647
3855,4.900,654.589,654.647
3856,4.900,654.589,654.647
3857,4.900,654.589,654.647
3858,4.900,654.589,654.647
3859,4.900,654.589,654.647
3860,4.900,654.589,654.647
3861,4.900,654.589,654.647
3862,4.900,654.589,654.647
3863,4.900,654.589,654.647
3864,4.900,654.589,654.647
3865,4.900,654.589,654.647
3866,4.900,654.589,654.647
3867,4.900,654.589,654.647
3868,4.900,654.589,654.647
3869,4.900,654.589,654.647
3870,4.900,654.589,654.647
3871,4.900,654.589,654.647
3872,4.900,654.589,654.647
3873,4.900,654.589,654.647
3874,4.900,654.589,654.647
3875,4.900,654.589,654.647
3876,4.900,654.589,654.647
3877,4.900,654.589,654.647
3878,4.900,654.589,654.647
3879,4.900,654.589,654.647
3880,4.900,654.589,654.647
3881,4.900,654.589,654.647
3882,4.900,654.589,654.647
3883,4.900,654.589,654.647
3884,4.900,654.589,654.647
3885,4.900,654.589,654.647
3886,4.900,654.589,654.647
3887,4.900,654.589,654.647
3888,4.900,654.589,654.647
3889,4.900,654.589,654.647
3890,4.900,654.589,654.647
3891,4.900,654.589,654.647
3892,4.900,654.589,654.647
3893,4.900,654.589,654.647
3894,4.900,654.589,654.647
3895,4.900,654.589,654.647
3896,4.900,654.589,654.647
3897,4.900,654.589,654.647
3898,4.900,654.589,654.647
3899,4.900,654.589,654.647
3900,4.900,654.589,654.647
3901,4.900,654.589,654.647
3902,4.900,654.589,654.647
3903,4.900,654.589,654.647
3904,4.900,654.589,654.647
3905,4.900,654.589,654.647
3906,4.900,654.589,654.647
3907,4.900,654.589,654.647
3908,4.900,654.589,654.647
3909,4.900,654.589,654.647
3910,4.900,654.589,654.647
3911,4.900,654.589,654.647
3912,4.900,654.589,654.647
3913,4.900,654.589,654.647
3914,4.900,654.589,654.647
3915,4.900,654.589,654.647
3916,4.900,654.589,654.647
3917,4.900,654.589,654.647
3918,4.900,654.589,654.647
3919,4.900,654.589,654.647
3920,4.900,654.589,654.647
3921,4.900,654.589,654.647
3922,4.900,654.589,654.647
3923,4.900,654.589,654.647
3924,4.900,654.589,654.647
3925,4.900,654.589,654.647
3926,4.900,654.589,654.647
3927,4.900,654.589,654.647
3928,4.900,654.589,654.647
3929,4.900,654.589,654.647
3930,4.900,654.589,654.647
3931,4.900,654.589,654.647
3932,4.900,654.589,654.647
3933,4.900,654.589,654.647
3934,4.900,654.589,654.647
3935,4.900,654.589,654.647
3936,4.900,654.589,654.647
3937,4.900,654.589,654.647
3938,4.900,654.589,654.647
3939,4.900,654.589,654.647
3940,4.900,654.589,654.647
3941,4.900,654.589,654.647
3942,4.900,654.589,654.647
3943,4.900,654.589,654.647
3944,4.900,654.589,654.647
3945,4.900,654.589,654.647
3946,4.900,654.589,654.647
3947,4.900,654.589,654.647
3948,4.900,654.589,654.647
3949,4.900,654.589,654.647
3950,4.900,654.589,654.647
3951,4.900,654.589,654.647
3952,4.900,654.589,654.647
3953,4.900,654.589,654.647
3954,4.900,654.589,654.647
3955,4.900,654.589,654.647
3956,4.900,654.589,654.647
3957,4.900,654.589,654.647
3958,4.900,654.589,654.647
3959,4.900,654.589,654.647
3960,4.900,654.589,654.647
3961,4.900,654.589,654.647
3962,4.900,654.589,654.647
3963,4.900,654.589,654.647
3964,4.900,654.589,654.647
3965,4.900,654.589,654.647
3966,4.900,654.589,654.647
3967,4.900,654.589,654.647
3968,4.900,654.589,654.647
3969,4.900,654.589,654.647
3970,4.900,654.589,654.647
3971,4.900,654.589,654.647
3972,4.900,654.589,654.647
3973,4.900,654.589,654.647
3974,4.900,654.589,654.647
3975,4.900,654.589,654.647
3976,4.900,654.589,654.647
3977,4.900,654.589,654.647
3978,4.900,654.589,654.647
3979,4.900,654.589,654.647
3980,4.900,654.589,654.647
3981,4.900,654.589,654.647
3982,4.900,654.589,654.647
3983,4.900,654.589,654.647
3984,4.900,654.589,654.647
3985,4.900,654.589,654.647
3986,4.900,654.589,654.647
3987,4.900,654.589,654.647
3988,4.900,654.589,654.647
3989,4.900,654.589,654.647
3990,4.900,654.589,654.647
3991,4.900,654.589,654.647
3992,4.900,654.589,654.647
3993,4.900,654.589,654.647
3994,4.900,654.589,654.647
3995,4.900,654.589,654.647
3996,4.900,654.589,654.647
3997,4.900,654.589,654.647
3998,4.900,654.589,654.647
3999,4.900,654.589,654.647
4000,4.900,654.589,654.647
4001,4.900,654.589,654.647
4002,4.900,654.589,654.647
4003,4.900,654.589,654.647
4004,4.900,654.589,654.647
4005,4.900,654.589,654.647
4006,4.900,654.589,654.647
4007,4.900,654.589,654.647
4008,4.900,654.589,654.647
4009,4.900,654.589,654.647
4010,4.900,654.589,654.647
4011,4.900,654.589,654.647
4012,4.900,654.589,654.647
4013,4.900,654.589,654.647
4014,4.900,654.589,654.647
4015,4.900,654.589,654.647
4016,4.900,654.589,654.647
4017,4.900,654.589,654.647
4018,4.900,654.589,654.647
4019,4.900,654.589,654.647
4020,4.900,654.589,654.647
4021,4.900,654.589,654.647
4022,4.900,654.589,654.647
4023,4.900,654.589,654.647
4024,4.900,654.589,654.647
4025,4.900,654.589,654.647
4026,4.900,654.589,654.647
4027,4.900,654.589,654.647
4028,4.900,654.589,654.647
4029,4.900,654.589,654.647
4030,4.900,654.589,654.647
4031,4.900,654.589,654.647
4032,4.900,654.589,654.647
4033,4.900,654.589,654.647
4034,4.900,654.589,654.647
4035,4.900,654.589,654.647
4036,4.900,654.589,654.647
4037,4.900,654.589,654.647
4038,4.900,654.589,654.647
4039,4.900,654.589,654.647
4040,4.900,654.589,654.647
4041,4.900,654.589,654.647
4042,4.900,654.589,654.647
4043,4.900,654.589,654.647
4044,4.900,654.589,654.647
4045,4.900,654.589,654.647
4046,4.900,654.589,654.647
4047,4.900,654.589,654.647
4048,4.900,654.589,654.647
4049,4.900,654.589,654.647
4050,4.900,654.589,654.647
4051,4.900,654.589,654.647
4052,4.900,654.589,654.647
4053,4.900,654.589,654.647
4054,4.900,654.589,654.647
4055,4.900,654.589,654.647
4056,4.900,654.589,654.647
4057,4.900,654.589,654.647
4058,4.900,654.589,654.647
4059,4.900,654.589,654.647
4060,4.900,654.589,654.647
4061,4.900,654.589,654.647
4062,4.900,654.589,654.647
4063,4.900,654.589,654.647
4064,4.900,654.589,654.647
4065,4.900,654.589,654.647
4066,4.900,654.589,654.647
4067,4.900,654.589,654.647
4068,4.900,654.589,654.647
4069,4.900,654.589,654.647
4070,4.900,654.589,654.647
4071,4.900,654.589,654.647
4072,4.900,654.589,654.647
4073,4.900,654.589,654.647
4074,4.900,654.589,654.647
4075,4.900,654.589,654.647
4076,4.900,654.589,654.647
4077,4.900,654.589,654.647
4078,4.900,654.589,654.647
4079,4.900,654.589,654.647
4080,4.900,654.589,654.647
4081,4.900,654.589,654.647
4082,4.900,654.589,654.647
4083,4.900,654.589,654.647
4084,4.900,654.589,654.647
4085,4.900,654.589,654.647
4086,4.900,654.589,654.647
4087,4.900,654.589,654.647
4088,4.900,654.589,654.647
4089,4.900,654.589,654.647
4090,4.900,654.589,654.647
4091,4.900,654.589,654.647
4092,4.900,654.589,654.647
4093,4.900,654.589,654.647
4094,4.900,654.589,654.647
4095,4.900,654.589,654.647
4096,4.900,654.589,654.647
4097,4.900,654.589,654.647
4098,4.900,654.589,654.647
4099,4.900,654.589,654.647
4100,4.900,654.589,654.647
4101,4.900,654.589,654.647
4102,4.900,654.589,654.647
4103,4.900,654.589,654.647
4104,4.900,654.589,654.647
4105,4.900,654.589,654.647
4106,4.900,654.589,654.647
4107,4.900,654.589,654.647
4108,4.900,654.589,654.647
4109,4.900,654.589,654.647
4110,4.900,654.589,654.647
4111,4.900,654.589,654.647
4112,4.900,654.589,654.647
4113,4.900,654.589,654.647
4114,4.900,654.589,654.647
4115,4.900,654.589,654.647
4116,4.900,654.589,654.647
4117,4.900,654.589,654.647
4118,4.900,654.589,654.647
4119,4.900,654.589,654.647
4120,4.900,654.589,654.647
4121,4.900,654.589,654.647
4122,4.900,654.589,654.647
4123,4.900,654.589,654.647
4124,4.900,654.589,654.647
4125,4.900,654.589,654.647
4126,4.900,654.589,654.647
4127,4.900,654.589,654.647
4128,4.900,654.589,654.647
4129,4.900,654.589,654.647
4130,4.900,654.589,654.647
4131,4.900,654.589,654.647
4132,4.900,654.589,654.647
4133,4.900,654.589,654.647
4134,4.900,654.589,654.647
4135,4.900,654.589,654.647
4136,4.900,654.589,654.647
4137,4.900,654.589,654.647
4138,4.900,654.589,654.647
4139,4.900,654.589,654.647
4140,4.900,654.589,654.647
4141,4.900,654.589,654.647
4142,4.900,654.589,654.647
4143,4.900,654.589,654.647
4144,4.900,654.589,654.647
4145,4.900,654.589,654.647
4146,4.900,654.589,654.647
4147,4.900,654.589,654.647
4148,4.900,654.589,654.647
4149,4.900,654.589,654.647
4150,4.900,654.589,654.647
4151,4.900,654.589,654.647
4152,4.900,654.589,654.647
4153,4.900,654.589,654.647
4154,4.900,654.589,654.647
4155,4.900,654.589,654.647
4156,4.900,654.589,654.647
4157,4.900,654.589,654.647
4158,4.900,654.589,654.647
4159,4.900,654.589,654.647
4160,4.900,654.589,654.647
4161,4.900,654.589,654.647
4162,4.900,654.589,654.647
4163,4.900,654.589,654.647
4164,4.900,654.589,654.647
4165,4.900,654.589,654.647
4166,4.900,654.589,654.647
4167,4.900,654.589,654.647
4168,4.900,654.589,654.647
4169,4.900,654.589,654.647
4170,4.900,654.589,654.647
4171,4.900,654.589,654.647
4172,4.900,654.589,654.647
4173,4.900,654.589,654.647
4174,4.900,654.589,654.647
4175,4.900,654.589,654.647
4176,4.900,654.589,654.647
4177,4.900,654.589,654.647
4178,4.900,654.589,654.647
4179,4.900,654.589,654.647
4180,4.900,654.589,654.647
4181,4.900,654.589,654.647
4182,4.900,654.589,654.647
4183,4.900,654.589,654.647
4184,4.900,654.589,654.647
4185,4.900,654.589,654.647
4186,4.900,654.589,654.647
4187,4.900,654.589,654.647
4188,4.900,654.589,654.647
4189,4.900,654.589,654.647
4190,4.900,654.589,654.647
4191,4.900,654.589,654.647
4192,4.900,654.589,654.647
4193,4.900,654.589,654.647
4194,4.900,654.589,654.647
4195,4.900,654.589,654.647
4196,4.900,654.589,654.647
4197,4.900,654.589,654.647
4198,4.900,654.589,654.647
4199,4.900,654.589,654.647
4200,4.900,654.589,654.647
4201,4.900,654.589,654.647
4202,4.900,654.589,654.647
4203,4.900,654.589,654.647
4204,4.900,654.589,654.647
4205,4.900,654.589,654.647
4206,4.900,654.589,654.647
4207,4.900,654.589,654.647
4208,4.900,654.589,654.647
4209,4.900,654.589,654.647
4210,4.900,654.589,654.647
4211,4.900,654.589,654.647
4212,4.900,654.589,654.647
4213,4.900,654.589,654.647
4214,4.900,654.589,654.647
4215,4.900,654.589,654.647
4216,4.900,654.589,654.647
4217,4.900,654.589,654.647
4218,4.900,654.589,654.647
4219,4.900,654.589,654.647
4220,4.900,654.589,654.647
4221,4.900,654.589,654.647
4222,4.900,654.589,654.647
4223,4.900,654.589,654.647
4224,4.900,654.589,654.647
4225,4.900,654.589,654.647
4226,4.900,654.589,654.647
4227,4.900,654.589,654.647
4228,4.900,654.589,654.647
4229,4.900,654.589,654.647
4230,4.900,654.589,654.647
4231,4.900,654.589,654.647
4232,4.900,654.589,654.647
4233,4.900,654.589,654.647
4234,4.900,654.589,654.647
4235,4.900,654.589,654.647
4236,4.900,654.589,654.647
4237,4.900,654.589,654.647
4238,4.900,654.589,654.647
4239,4.900,654.589,654.647
4240,4.900,654.589,654.647
4241,4.900,654.589,654.647
4242,4.900,654.589,654.647
4243,4.900,654.589,654.647
4244,4.900,654.589,654.647
4245,4.900,654.589,654.647
4246,4.900,654.589,654.647
4247,4.900,654.589,654.647
4248,4.900,654.589,654.647
4249,4.900,654.589,654.647
4250,4.900,654.589,654.647
4251,4.900,654.589,654.647
4252,4.900,654.589,654.647
4253,4.900,654.589,654.647
4254,4.900,654.589,654.647
4255,4.900,654.589,654.647
4256,4.900,654.589,654.647
4257,4.900,654.589,654.647
4258,4.900,654.589,654.647
4259,4.900,654.589,654.647
4260,4.900,654.589,654.647
4261,4.900,654.589,654.647
4262,4.900,654.589,654.647
4263,4.900,654.589,654.647
4264,4.900,654.589,654.647
4265,4.900,654.589,654.647
4266,4.900,654.589,654.647
4267,4.900,654.589,654.647
4268,4.900,654.589,654.647
4269,4.900,654.589,654.647
4270,4.900,654.589,654.647
4271,4.900,654.589,654.647
4272,4.900,654.589,654.647
4273,4.900,654.589,654.647
4274,4.900,654.589,654.647
4275,4.900,654.589,654.647
4276,4.900,654.589,654.647
4277,4.900,654.589,654.647
4278,4.900,654.589,654.647
4279,4.900,654.589,654.647
4280,4.900,654.589,654.647
4281,4.900,654.589,654.647
4282,4.900,654.589,654.647
4283,4.900,654.589,654.647
4284,4.900,654.589,654.647
4285,4.900,654.589,654.647
4286,4.900,654.589,654.647
4287,4.900,654.589,654.647
4288,4.900,654.589,654.647
4289,4.900,654.589,654.647
4290,4.900,654.589,654.647
4291,4.900,654.589,654.647
4292,4.900,654.589,654.647
4293,4.900,654.589,654.647
4294,4.900,654.589,654.647
4295,4.900,654.589,654.647
4296,4.900,654.589,654.647
4297,4.900,654.589,654.647
4298,4.900,654.589,654.647
4299,4.900,654.589,654.647
4300,4.900,654.589,654.647
4301,4.900,654.589,654.647
4302,4.900,654.589,654.647
4303,4.900,654.589,654.647
4304,4.900,654.589,654.647
4305,4.900,654.589,654.647
4306,4.900,654.589,654.647
4307,4.900,654.589,654.647
4308,4.900,654.589,654.647
4309,4.900,654.589,654.647
4310,4.900,654.589,654.647
4311,4.900,654.589,654.647
4312,4.900,654.589,654.647
4313,4.900,654.589,654.647
4314,4.900,654.589,654.647
4315,4.900,654.589,654.647
4316,4.900,654.589,654.647
4317,4.900,654.589,654.647
4318,4.900,654.589,654.647
4319,4.900,654.589,654.647
4320,4.900,654.589,654.647
4321,4.900,654.589,654.647
4322,4.900,654.589,654.647
4323,4.900,654.589,654.647
4324,4.900,654.589,654.647
4325,4.900,654.589,654.647
4326,4.900,654.589,654.647
4327,4.900,654.589,654.647
4328,4.900,654.589,654.647
4329,4.900,654.589,654.647
4330,4.900,654.589,654.647
4331,4.900,654.589,654.647
4332,4.900,654.589,654.647
4333,4.900,654.589,654.647
4334,4.900,654.589,654.647
4335,4.900,654.589,654.647
4336,4.900,654.589,654.647
4337,4.900,654.589,654.647
4338,4.900,654.589,654.647
4339,4.900,654.589,654.647
4340,4.900,654.589,654.647
4341,4.900,654.589,654.647
4342,4.900,654.589,654.647
4343,4.900,654.589,654.647
4344,4.900,654.589,654.647
4345,4.900,654.589,654.647
4346,4.900,654.589,654.647
4347,4.900,654.589,654.647
4348,4.900,654.589,654.647
4349,4.900,654.589,654.647
4350,4.900,654.589,654.647
4351,4.900,654.589,654.647
4352,4.900,654.589,654.647
4353,4.900,654.589,654.647
4354,4.900,654.589,654.647
4355,4.900,654.589,654.647
4356,4.900,654.589,654.647
4357,4.900,654.589,654.647
4358,4.900,654.589,654.647
4359,4.900,654.589,654.647
4360,4.900,654.589,654.647
4361,4.900,654.589,654.647
4362,4.900,654.589,654.647
4363,4.900,654.589,654.647
4364,4.900,654.589,654.647
4365,4.900,654.589,654.647
4366,4.900,654.589,654.647
4367,4.900,654.589,654.647
4368,4.900,654.589,654.647
4369,4.900,654.589,654.647
4370,4.900,654.589,654.647
4371,4.900,654.589,654.647
4372,4.900,654.589,654.647
4373,4.900,654.589,654.647
4374,4.900,654.589,654.647
4375,4.900,654.589,654.647
4376,4.900,654.589,654.647
4377,4.900,654.589,654.647
4378,4.900,654.589,654.647
4379,4.900,654.589,654.647
4380,4.900,654.589,654.647
4381,4.900,654.589,654.647
4382,4.900,654.589,654.647
4383,4.900,654.589,654.647
4384,4.900,654.589,654.647
4385,4.900,654.589,654.647
4386,4.900,654.589,654.647
4387,4.900,654.589,654.647
4388,4.900,654.589,654.647
4389,4.900,654.589,654.647
4390,4.900,654.589,654.647
4391,4.900,654.589,654.647
4392,4.900,654.589,654.647
4393,4.900,654.589,654.647
4394,4.900,654.589,654.647
4395,4.900,654.589,654.647
4396,4.900,654.589,654.647
4397,4.900,654.589,654.647
4398,4.900,654.589,654.647
4399,4.900,654.589,654.647
4400,4.900,654.589,654.647
4401,4.900,654.589,654.647
4402,4.900,654.589,654.647
4403,4.900,654.589,654.647
4404,4.900,654.589,654.647
4405,4.900,654.589,654.647
4406,4.900,654.589,654.647
4407,4.900,654.589,654.647
4408,4.900,654.589,654.647
4409,4.900,654.589,654.647
4410,4.900,654.589,654.647
4411,4.900,654.589,654.647
4412,4.900,654.589,654.647
4413,4.900,654.589,654.647
4414,4.900,654.589,654.647
4415,4.900,654.589,654.647
4416,4.900,654.589,654.647
4417,4.900,654.589,654.647
4418,4.900,654.589,654.647
4419,4.900,654.589,654.647
4420,4.900,654.589,654.647
4421,4.900,654.589,654.647
4422,4.900,654.589,654.647
4423,4.900,654.589,654.647
4424,4.900,654.589,654.647
4425,4.900,654.589,654.647
4426,4.900,654.589,654.647
4427,4.900,654.589,654.647
4428,4.900,654.589,654.647
4429,4.900,654.589,654.647
4430,4.900,654.589,654.647
4431,4.900,654.589,654.647
4432,4.900,654.589,654.647
4433,4.900,654.589,654.647
4434,4.900,654.589,654.647
4435,4.900,654.589,654.647
4436,4.900,654.589,654.647
4437,4.900,654.589,654.647
4438,4.900,654.589,654.647
4439,4.900,654.589,654.647
4440,4.900,654.589,654.647
4441,4.900,654.589,654.647
4442,4.900,654.589,654.647
4443,4.900,654.589,654.647
4444,4.900,654.589,654.647
4445,4.900,654.589,654.647
4446,4.900,654.589,654.647
4447,4.900,654.589,654.647
4448,4.900,654.589,654.647
4449,4.900,654.589,654.647
4450,4.900,654.589,654.647
4451,4.900,654.589,654.647
4452,4.900,654.589,654.647
4453,4.900,654.589,654.647
4454,4.900,654.589,654.647
4455,4.900,654.589,654.647
4456,4.900,654.589,654.647
4457,4.900,654.589,654.647
4458,4.900,654.589,654.647
4459,4.900,654.589,654.647
4460,4.900,654.589,654.647
4461,4.900,654.589,654.647
4462,4.900,654.589,654.647
4463,4.900,654.589,654.647
4464,4.900,654.589,654.647
4465,4.900,654.589,654.647
4466,4.900,654.589,654.647
4467,4.900,654.589,654.647
4468,4.900,654.589,654.647
4469,4.900,654.589,654.647
4470,4.900,654.589,654.647
4471,4.900,654.589,654.647
4472,4.900,654.589,654.647
4473,4.900,654.589,654.647
4474,4.900,654.589,654.647
4475,4.900,654.589,654.647
4476,4.900,654.589,654.647
4477,4.900,654.589,654.647
4478,4.900,654.589,654.647
4479,4.900,654.589,654.647
4480,4.900,654.589,654.647
4481,4.900,654.589,654.647
4482,4.900,654.589,654.647
4483,4.900,654.589,654.647
4484,4.900,654.589,654.647
4485,4.900,654.589,654.647
4486,4.900,654.589,654.647
4487,4.900,654.589,654.647
4488,4.900,654.589,654.647
4489,4.900,654.589,654.647
4490,4.900,654.589,654.647
4491,4.900,654.589,654.647
4492,4.900,654.589,654.647
4493,4.900,654.589,654.647
4494,4.900,654.589,654.647
4495,4.900,654.589,654.647
4496,4.900,654.589,654.647
4497,4.900,654.589,654.647
4498,4.900,654.589,654.647
4499,4.900,654.589,654.647
4500,4.900,654.589,654.647
4501,4.900,654.589,654.647
4502,4.900,654.589,654.647
4503,4.900,654.589,654.647
4504,4.900,654.589,654.647
4505,4.900,654.589,654.647
4506,4.900,654.589,654.647
4507,4.900,654.589,654.647
4508,4.900,654.589,654.647
4509,4.900,654.589,654.647
4510,4.900,654.589,654.647
4511,4.900,654.589,654.647
4512,4.900,654.589,654.647
4513,4.900,654.589,654.647
4514,4.900,654.589,654.647
4515,4.900,654.589,654.647
4516,4.900,654.589,654.647
4517,4.900,654.589,654.647
4518,4.900,654.589,654.647
4519,4.900,654.589,654.647
4520,4.900,654.589,654.647
4521,4.900,654.589,654.647
4522,4.900,654.589,654.647
4523,4.900,654.589,654.647
4524,4.900,654.589,654.647
4525,4.900,654.589,654.647
4526,4.900,654.589,654.647
4527,4.900,654.589,654.647
4528,4.900,654.589,654.647
4529,4.900,654.589,654.647
4530,4.900,654.589,654.647
4531,4.900,654.589,654.647
4532,4.900,654.589,654.647
4533,4.900,654.589,654.647
4534,4.900,654.589,654.647
4535,4.900,654.589,654.647
4536,4.900,654.589,654.647
4537,4.900,654.589,654.647
4538,4.900,654.589,654.647
4539,4.900,654.589,654.647
4540,4.900,654.589,654.647
4541,4.900,654.589,654.647
4542,4.900,654.589,654.647
4543,4.900,654.589,654.647
4544,4.900,654.589,654.647
4545,4.900,654.589,654.647
4546,4.900,654.589,654.647
4547,4.900,654.589,654.647
4548,4.900,654.589,654.647
4549,4.900,654.589,654.647
4550,4.900,654.589,654.647
4551,4.900,654.589,654.647
4552,4.900,654.589,654.647
4553,4.900,654.589,654.647
4554,4.900,654.589,654.647
4555,4.900,654.589,654.647
4556,4.900,654.589,654.647
4557,4.900,654.589,654.647
4558,4.900,654.589,654.647
4559,4.900,654.589,654.647
4560,4.900,654.589,654.647
4561,4.900,654.589,654.647
4562,4.900,654.589,654.647
4563,4.900,654.589,654.647
4564,4.900,654.589,654.647
4565,4.900,654.589,654.647
4566,4.900,654.589,654.647
4567,4.900,654.589,654.647
4568,4.900,654.589,654.647
4569,4.900,654.589,654.647
4570,4.900,654.589,654.647
4571,4.900,654.589,654.647
4572,4.900,654.589,654.647
4573,4.900,654.589,654.647
4574,4.900,654.589,654.647
4575,4.900,654.589,654.647
4576,4.900,654.589,654.647
4577,4.900,654.589,654.647
4578,4.900,654.589,654.647
4579,4.900,654.589,654.647
4580,4.900,654.589,654.647
4581,4.900,654.589,654.647
4582,4.900,654.589,654.647
4583,4.900,654.589,654.647
4584,4.900,654.589,654.647
4585,4.900,654.589,654.647
4586,4.900,654.589,654.647
4587,4.900,654.589,654.647
4588,4.900,654.589,654.647
4589,4.900,654.589,654.647
4590,4.900,654.589,654.647
4591,4.900,654.589,654.647
4592,4.900,654.589,654.647
4593,4.900,654.589,654.647
4594,4.900,654.589,654.647
4595,4.900,654.589,654.647
4596,4.900,654.589,654.647
4597,4.900,654.589,654.647
4598,4.900,654.589,654.647
4599,4.900,654.589,654.647
4600,4.900,654.589,654.647
4601,4.900,654.589,654.647
4602,4.900,654.589,654.647
4603,4.900,654.589,654.647
4604,4.900,654.589,654.647
4605,4.900,654.589,654.647
4606,4.900,654.589,654.647
4607,4.900,654.589,654.647
4608,4.900,654.589,654.647
4609,4.900,654.589,654.647
4610,4.900,654.589,654.647
4611,4.900,654.589,654.647
4612,4.900,654.589,654.647
4613,4.900,654.589,654.647
4614,4.900,654.589,654.647
4615,4.900,654.589,654.647
4616,4.900,654.589,654.647
4617,4.900,654.589,654.647
4618,4.900,654.589,654.647
4619,4.900,654.589,654.647
4620,4.900,654.589,654.647
4621,4.900,654.589,654.647
4622,4.900,654.589,654.647
4623,4.900,654.589,654.647
4624,4.900,654.589,654.647
4625,4.900,654.589,654.647
4626,4.900,654.589,654.647
4627,4.900,654.589,654.647
4628,4.900,654.589,654.647
4629,4.900,654.589,654.647
4630,4.900,654.589,654.647
4631,4.900,654.589,654.647
4632,4.900,654.589,654.647
4633,4.900,654.589,654.647
4634,4.900,654.589,654.647
4635,4.900,654.589,654.647
4636,4.900,654.589,654.647
4637,4.900,654.589,654.647
4638,4.900,654.589,654.647
4639,4.900,654.589,654.647
4640,4.900,654.589,654.647
4641,4.900,654.589,654.647
4642,4.900,654.589,654.647
4643,4.900,654.589,654.647
4644,4.900,654.589,654.647
4645,4.900,654.589,654.647
4646,4.900,654.589,654.647
4647,4.900,654.589,654.647
4648,4.900,654.589,654.647
4649,4.900,654.589,654.647
4650,4.900,654.589,654.647
4651,4.900,654.589,654.647
4652,4.900,654.589,654.647
4653,4.900,654.589,654.647
4654,4.900,654.589,654.647
4655,4.900,654.589,654.647
4656,4.900,654.589,654.647
4657,4.900,654.589,654.647
4658,4.900,654.589,654.647
4659,4.900,654.589,654.647
4660,4.900,654.589,654.647
4661,4.900,654.589,654.647
4662,4.900,654.589,654.647
4663,4.900,654.589,654.647
4664,4.900,654.589,654.647
4665,4.900,654.589,654.647
4666,4.900,654.589,654.647
4667,4.900,654.589,654.647
4668,4.900,654.589,654.647
4669,4.900,654.589,654.647
4670,4.900,654.589,654.647
4671,4.900,654.589,654.647
4672,4.900,654.589,654.647
4673,4.900,654.589,654.647
4674,4.900,654.589,654.647
4675,4.900,654.589,654.647
4676,4.900,654.589,654.647
4677,4.900,654.589,654.647
4678,4.900,654.589,654.647
4679,4.900,654.589,654.647
4680,4.900,654.589,654.647
4681,4.900,654.589,654.647
4682,4.900,654.589,654.647
4683,4.900,654.589,654.647
4684,4.900,654.589,654.647
4685,4.900,654.589,654.647
4686,4.900,654.589,654.647
4687,4.900,654.589,654.647
4688,4.900,654.589,654.647
4689,4.900,654.589,654.647
4690,4.900,654.589,654.647
4691,4.900,654.589,654.647
4692,4.900,654.589,654.647
4693,4.900,654.589,654.647
4694,4.900,654.589,654.647
4695,4.900,654.589,654.647
4696,4.900,654.589,654.647
4697,4.900,654.589,654.647
4698,4.900,654.589,654.647
4699,4.900,654.589,654.647
4700,4.900,654.589,654.647
4701,4.900,654.589,654.647
4702,4.900,654.589,654.647
4703,4.900,654.589,654.647
4704,4.900,654.589,654.647
4705,4.900,654.589,654.647
4706,4.900,654.589,654.647
4707,4.900,654.589,654.647
4708,4.900,654.589,654.647
4709,4.900,654.589,654.647
4710,4.900,654.589,654.647
4711,4.900,654.589,654.647
4712,4.900,654.589,654.647
4713,4.900,654.589,654.647
4714,4.900,654.589,654.647
4715,4.900,654.589,654.647
4716,4.900,654.589,654.647
4717,4.900,654.589,654.647
4718,4.900,654.589,654.647
4719,4.900,654.589,654.647
4720,4.900,654.589,654.647
4721,4.900,654.589,654.647
4722,4.900,654.589,654.647
4723,4.900,654.589,654.647
4724,4.900,654.589,654.647
4725,4.900,654.589,654.647
4726,4.900,654.589,654.647
4727,4.900,654.589,654.647
4728,4.900,654.589,654.647
4729,4.900,654.589,654.647
4730,4.900,654.589,654.647
4731,4.900,654.589,654.647
4732,4.900,654.589,654.647
4733,4.900,654.589,654.647
4734,4.900,654.589,654.647
4735,4.900,654.589,654.647
4736,4.900,654.589,654.647
4737,4.900,654.589,654.647
4738,4.900,654.589,654.647
4739,4.900,654.589,654.647
4740,4.900,654.589,654.647
4741,4.900,654.589,654.647
4742,4.900,654.589,654.647
4743,4.900,654.589,654.647
4744,4.900,654.589,654.647
4745,4.900,654.589,654.647
4746,4.900,654.589,654.647
4747,4.900,654.589,654.647
4748,4.900,654.589,654.647
4749,4.900,654.589,654.647
4750,4.900,654.589,654.647
4751,4.900,654.589,654.647
4752,4.900,654.589,654.647
4753,4.900,654.589,654.647
4754,4.900,654.589,654.647
4755,4.900,654.589,654.647
4756,4.900,654.589,654.647
4757,4.900,654.589,654.647
4758,4.900,654.589,654.647
4759,4.900,654.589,654.647
4760,4.900,654.589,654.647
4761,4.900,654.589,654.647
4762,4.900,654.589,654.647
4763,4.900,654.589,654.647
4764,4.900,654.589,654.647
4765,4.900,654.589,654.647
4766,4.900,654.589,654.647
4767,4.900,654.589,654.647
4768,4.900,654.589,654.647
4769,4.900,654.589,654.647
4770,4.900,654.589,654.647
4771,4.900,654.589,654.647
4772,4.900,654.589,654.647
4773,4.900,654.589,654.647
4774,4.900,654.589,654.647
4775,4.900,654.589,654.647
4776,4.900,654.589,654.647
4777,4.900,654.589,654.647
4778,4.900,654.589,654.647
4779,4.900,654.589,654.647
4780,4.900,654.589,654.647
4781,4.900,654.589,654.647
4782,4.900,654.589,654.647
4783,4.900,654.589,654.647
4784,4.900,654.589,654.647
4785,4.900,654.589,654.647
4786,4.900,654.589,654.647
4787,4.900,654.589,654.647
4788,4.900,654.589,654.647
4789,4.900,654.589,654.647
4790,4.900,654.589,654.647
4791,4.900,654.589,654.647
4792,4.900,654.589,654.647
4793,4.900,654.589,654.647
4794,4.900,654.589,654.647
4795,4.900,654.589,654.647
4796,4.900,654.589,654.647
4797,4.900,654.589,654.647
4798,4.900,654.589,654.647
4799,4.900,654.589,654.647
4800,4.900,654.589,654.647
4801,4.900,654.589,654.647
4802,4.900,654.589,654.647
4803,4.900,654.589,654.647
4804,4.900,654.589,654.647
4805,4.900,654.589,654.647
4806,4.900,654.589,654.647
4807,4.900,654.589,654.647
4808,4.900,654.589,654.647
4809,4.900,654.589,654.647
4810,4.900,654.589,654.647
4811,4.900,654.589,654.647
4812,4.900,654.589,654.647
4813,4.900,654.589,654.647
4814,4.900,654.589,654.647
4815,4.900,654.589,654.647
4816,4.900,654.589,654.647
4817,4.900,654.589,654.647
4818,4.900,654.589,654.647
4819,4.900,654.589,654.647
4820,4.900,654.589,654.647
4821,4.900,654.589,654.647
4822,4.900,654.589,654.647
4823,4.900,654.589,654.647
4824,4.900,654.589,654.647
4825,4.900,654.589,654.647
4826,4.900,654.589,654.647
4827,4.900,654.589,654.647
4828,4.900,654.589,654.647
4829,4.900,654.589,654.647
4830,4.900,654.589,654.647
4831,4.900,654.589,654.647
4832,4.900,654.589,654.647
4833,4.900,654.589,654.647
4834,4.900,654.589,654.647
4835,4.900,654.589,654.647
4836,4.900,654.589,654.647
4837,4.900,654.589,654.647
4838,4.900,654.589,654.647
4839,4.900,654.589,654.647
4840,4.900,654.589,654.647
4841,4.900,654.589,654.647
4842,4.900,654.589,654.647
4843,4.900,654.589,654.647
4844,4.900,654.589,654.647
4845,4.900,654.589,654.647
4846,4.900,654.589,654.647
4847,4.900,654.589,654.647
4848,4.900,654.589,654.647
4849,4.900,654.589,654.647
4850,4.900,654.589,654.647
4851,4.900,654.589,654.647
4852,4.900,654.589,654.647
4853,4.900,654.589,654.647
4854,4.900,654.589,654.647
4855,4.900,654.589,654.647
4856,4.900,654.589,654.647
4857,4.900,654.589,654.647
4858,4.900,654.589,654.647
4859,4.900,654.589,654.647
4860,4.900,654.589,654.647
4861,4.900,654.589,654.647
4862,4.900,654.589,654.647
4863,4.900,654.589,654.647
4864,4.900,654.589,654.647
4865,4.900,654.589,654.647
4866,4.900,654.589,654.647
4867,4.900,654.589,654.647
4868,4.900,654.589,654.647
4869,4.900,654.589,654.647
4870,4.900,654.589,654.647
4871,4.900,654.589,654.647
4872,4.900,654.589,654.647
4873,4.900,654.589,654.647
4874,4.900,654.589,654.647
4875,4.900,654.589,654.647
4876,4.900,654.589,654.647
4877,4.900,654.589,654.647
4878,4.900,654.589,654.647
4879,4.900,654.589,654.647
4880,4.900,654.589,654.647
4881,4.900,654.589,654.647
4882,4.900,654.589,654.647
4883,4.900,654.589,654.647
4884,4.900,654.589,654.647
4885,4.900,654.589,654.647
4886,4.900,654.589,654.647
4887,4.900,654.589,654.647
4888,4.900,654.589,654.647
4889,4.900,654.589,654.647
4890,4.900,654.589,654.647
4891,4.900,654.589,654.647
4892,4.900,654.589,654.647
4893,4.900,654.589,654.647
4894,4.900,654.589,654.647
4895,4.900,654.589,654.647
4896,4.900,654.589,654.647
4897,4.900,654.589,654.647
4898,4.900,654.589,654.647
4899,4.900,654.589,654.647
4900,4.900,654.589,654.647
4901,4.900,654.589,654.647
4902,4.900,654.589,654.647
4903,4.900,654.589,654.647
4904,4.900,654.589,654.647
4905,4.900,654.589,654.647
4906,4.900,654.589,654.647
4907,4.900,654.589,654.647
4908,4.900,654.589,654.647
4909,4.900,654.589,654.647
4910,4.900,654.589,654.647
4911,4.900,654.589,654.647
4912,4.900,654.589,654.647
4913,4.900,654.589,654.647
4914,4.900,654.589,654.647
4915,4.900,654.589,654.647
4916,4.900,654.589,654.647
4917,4.900,654.589,654.647
4918,4.900,654.589,654.647
4919,4.900,654.589,654.647
4920,4.900,654.589,654.647
4921,4.900,654.589,654.647
4922,4.900,654.589,654.647
4923,4.900,654.589,654.647
4924,4.900,654.589,654.647
4925,4.900,654.589,654.647
4926,4.900,654.589,654.647
4927,4.900,654.589,654.647
4928,4.900,654.589,654.647
4929,4.900,654.589,654.647
4930,4.900,654.589,654.647
4931,4.900,654.589,654.647
4932,4.900,654.589,654.647
4933,4.900,654.589,654.647
4934,4.900,654.589,654.647
4935,4.900,654.589,654.647
4936,4.900,654.589,654.647
4937,4.900,654.589,654.647
4938,4.900,654.589,654.647
4939,4.900,654.589,654.647
4940,4.900,654.589,654.647
4941,4.900,654.589,654.647
4942,4.900,654.589,654.647
4943,4.900,654.589,654.647
4944,4.900,654.589,654.647
4945,4.900,654.589,654.647
4946,4.900,654.589,654.647
4947,4.900,654.589,654.647
4948,4.900,654.589,654.647
4949,4.900,654.589,654.647
4950,4.900,654.589,654.647
4951,4.900,654.589,654.647
4952,4.900,654.589,654.647
4953,4.900,654.589,654.647
4954,4.900,654.589,654.647
4955,4.900,654.589,654.647
4956,4.900,654.589,654.647
4957,4.900,654.589,654.647
4958,4.900,654.589,654.647
4959,4.900,654.589,654.647
4960,4.900,654.589,654.647
4961,4.900,654.589,654.647
4962,4.900,654.589,654.647
4963,4.900,654.589,654.647
4964,4.900,654.589,654.647
4965,4.900,654.589,654.647
4966,4.900,654.589,654.647
4967,4.900,654.589,654.647
4968,4.900,654.589,654.647
4969,4.900,654.589,654.647
4970,4.900,654.589,654.647
4971,4.900,654.589,654.647
4972,4.900,654.589,654.647
4973,4.900,654.589,654.647
4974,4.900,654.589,654.647
4975,4.900,654.589,654.647
4976,4.900,654.589,654.647
4977,4.900,654.589,654.647
4978,4.900,654.589,654.647
4979,4.900,654.589,654.647
4980,4.900,654.589,654.647
4981,4.900,654.589,654.647
4982,4.900,654.589,654.647
4983,4.900,654.589,654.647
4984,4.900,654.589,654.647
4985,4.900,654.589,654.647
4986,4.900,654.589,654.647
4987,4.900,654.589,654.647
4988,4.900,654.589,654.647
4989,4.900,654.589,654.647
4990,4.900,654.589,654.647
4991,4.900,654.589,654.647
4992,4.900,654.589,654.647
4993,4.900,654.589,654.647
4994,4.900,654.589,654.647
4995,4.900,654.589,654.647
4996,4.900,654.589,654.647
4997,4.900,654.589,654.647
4998,4.900,654.589,654.647
4999,4.900,654.589,654.647
