# Time (s),Mass (g),T Back (K),T Front (K)
0,68.400,293.000,293.000
1,68.400,293.000,324.037
2,68.400,293.000,336.554
3,68.400,293.000,345.921
4,68.400,293.000,353.740
5,68.400,293.000,360.516
6,68.400,293.000,366.598
7,68.400,293.000,372.101
8,68.400,293.000,377.163
9,68.400,293.000,381.848
10,68.400,293.000,386.238
11,68.400,293.000,390.354
12,68.400,293.000,394.255
13,68.400,293.000,397.944
14,68.400,293.000,401.467
15,68.400,293.000,404.818
16,68.400,293.000,408.036
17,68.400,293.000,411.111
18,68.400,293.000,414.076
19,68.400,293.000,416.920
20,68.400,293.000,419.672
21,68.400,293.000,422.318
22,68.400,293.000,424.885
23,68.400,293.000,427.359
24,68.400,293.000,429.766
25,68.400,293.000,432.089
26,68.400,293.000,434.354
27,68.400,293.000,436.543
28,68.400,293.000,438.681
29,68.400,293.000,440.751
30,68.400,293.000,442.775
31,68.400,293.000,444.736
32,68.400,293.000,446.657
33,68.400,293.000,448.520
34,68.400,293.000,450.346
35,68.399,293.000,452.120
36,68.399,293.000,453.854
37,68.399,293.000,455.551
38,68.399,293.000,457.204
39,68.399,293.000,458.819
40,68.399,293.000,460.400
41,68.399,293.000,461.946
42,68.399,293.000,463.461
43,68.399,293.000,464.942
44,68.399,293.000,466.394
45,68.398,293.001,467.813
46,68.398,293.001,469.206
47,68.398,293.001,470.571
48,68.398,293.001,471.908
49,68.398,293.001,473.220
50,68.397,293.002,474.506
51,68.397,293.002,475.769
52,68.397,293.003,477.008
53,68.397,293.003,478.224
54,68.396,293.004,479.418
55,68.396,293.005,480.590
56,68.396,293.006,481.741
57,68.395,293.007,482.872
58,68.395,293.008,483.984
59,68.395,293.009,485.075
60,68.394,293.011,486.148
61,68.394,293.013,487.203
62,68.393,293.014,488.241
63,68.393,293.017,489.259
64,68.393,293.019,490.262
65,68.392,293.022,491.249
66,68.392,293.025,492.221
67,68.391,293.028,493.176
68,68.390,293.031,494.115
69,68.390,293.035,495.041
70,68.389,293.040,495.952
71,68.389,293.044,496.849
72,68.388,293.050,497.733
73,68.388,293.055,498.604
74,68.387,293.061,499.460
75,68.386,293.067,500.304
76,68.386,293.074,501.136
77,68.385,293.081,501.956
78,68.384,293.090,502.764
79,68.383,293.098,503.560
80,68.383,293.107,504.346
81,68.382,293.117,505.121
82,68.381,293.127,505.884
83,68.380,293.138,506.637
84,68.379,293.150,507.381
85,68.378,293.162,508.113
86,68.377,293.176,508.836
87,68.377,293.189,509.549
88,68.376,293.204,510.253
89,68.375,293.219,510.949
90,68.374,293.236,511.635
91,68.373,293.253,512.312
92,68.372,293.272,512.980
93,68.371,293.290,513.641
94,68.370,293.310,514.293
95,68.369,293.330,514.937
96,68.367,293.352,515.573
97,68.366,293.375,516.200
98,68.365,293.399,516.821
99,68.364,293.423,517.433
100,68.363,293.449,518.038
101,68.362,293.476,518.638
102,68.361,293.504,519.230
103,68.359,293.533,519.815
104,68.358,293.563,520.392
105,68.357,293.594,520.963
106,68.356,293.627,521.526
107,68.354,293.660,522.085
108,68.353,293.695,522.638
109,68.352,293.731,523.186
110,68.350,293.767,523.724
111,68.349,293.806,524.257
112,68.348,293.845,524.785
113,68.346,293.886,525.308
114,68.345,293.928,525.826
115,68.343,293.971,526.335
116,68.342,294.016,526.840
117,68.341,294.062,527.341
118,68.339,294.109,527.838
119,68.338,294.158,528.327
120,68.336,294.208,528.810
121,68.335,294.259,529.291
122,68.333,294.311,529.767
123,68.331,294.365,530.236
124,68.330,294.421,530.700
125,68.328,294.477,531.161
126,68.327,294.535,531.619
127,68.325,294.595,532.069
128,68.323,294.656,532.515
129,68.322,294.718,532.960
130,68.320,294.782,533.398
131,68.318,294.847,533.830
132,68.317,294.914,534.261
133,68.315,294.981,534.688
134,68.313,295.051,535.108
135,68.312,295.122,535.526
136,68.310,295.194,535.941
137,68.308,295.268,536.350
138,68.306,295.344,536.756
139,68.304,295.420,537.159
140,68.303,295.499,537.556
141,68.301,295.578,537.951
142,68.299,295.659,538.344
143,68.297,295.741,538.730
144,68.295,295.825,539.115
145,68.293,295.911,539.497
146,68.291,295.998,539.873
147,68.289,296.086,540.248
148,68.287,296.176,540.619
149,68.285,296.268,540.985
150,68.283,296.361,541.351
151,68.281,296.455,541.711
152,68.279,296.551,542.068
153,68.277,296.648,542.424
154,68.275,296.747,542.774
155,68.273,296.847,543.124
156,68.271,296.949,543.469
157,68.269,297.052,543.812
158,68.267,297.156,544.153
159,68.265,297.263,544.488
160,68.263,297.370,544.824
161,68.261,297.479,545.155
162,68.259,297.589,545.483
163,68.256,297.701,545.811
164,68.254,297.814,546.132
165,68.252,297.929,546.455
166,68.250,298.045,546.771
167,68.247,298.163,547.087
168,68.245,298.282,547.401
169,68.243,298.402,547.710
170,68.241,298.524,548.021
171,68.238,298.647,548.323
172,68.236,298.772,548.629
173,68.234,298.898,548.928
174,68.231,299.025,549.227
175,68.229,299.153,549.523
176,68.227,299.284,549.816
177,68.224,299.415,550.108
178,68.222,299.548,550.396
179,68.219,299.682,550.685
180,68.217,299.818,550.968
181,68.215,299.955,551.253
182,68.212,300.093,551.530
183,68.210,300.233,551.812
184,68.207,300.374,552.085
185,68.205,300.516,552.361
186,68.202,300.660,552.631
187,68.200,300.805,552.903
188,68.197,300.951,553.170
189,68.194,301.099,553.437
190,68.192,301.247,553.700
191,68.189,301.397,553.963
192,68.187,301.548,554.223
193,68.184,301.701,554.482
194,68.181,301.855,554.738
195,68.179,302.010,554.992
196,68.176,302.166,555.245
197,68.173,302.324,555.496
198,68.171,302.483,555.746
199,68.168,302.643,555.993
200,68.165,302.804,556.239
201,68.163,302.966,556.483
202,68.160,303.130,556.725
203,68.157,303.295,556.965
204,68.154,303.461,557.204
205,68.151,303.627,557.442
206,68.149,303.796,557.677
207,68.146,303.965,557.911
208,68.143,304.136,558.143
209,68.140,304.308,558.374
210,68.137,304.481,558.603
211,68.134,304.655,558.830
212,68.131,304.830,559.056
213,68.129,305.006,559.281
214,68.126,305.183,559.504
215,68.123,305.362,559.725
216,68.120,305.541,559.945
217,68.117,305.722,560.164
218,68.114,305.903,560.380
219,68.111,306.086,560.597
220,68.108,306.270,560.810
221,68.105,306.455,561.023
222,68.102,306.640,561.235
223,68.099,306.827,561.445
224,68.096,307.015,561.653
225,68.093,307.204,561.861
226,68.089,307.393,562.067
227,68.086,307.584,562.271
228,68.083,307.776,562.475
229,68.080,307.968,562.677
230,68.077,308.162,562.877
231,68.074,308.357,563.077
232,68.071,308.553,563.275
233,68.067,308.749,563.472
234,68.064,308.947,563.668
235,68.061,309.145,563.862
236,68.058,309.344,564.055
237,68.055,309.544,564.248
238,68.051,309.746,564.438
239,68.048,309.948,564.629
240,68.045,310.151,564.817
241,68.041,310.355,565.004
242,68.038,310.559,565.191
243,68.035,310.765,565.376
244,68.032,310.971,565.560
245,68.028,311.178,565.743
246,68.025,311.386,565.924
247,68.021,311.595,566.105
248,68.018,311.805,566.285
249,68.015,312.015,566.463
250,68.011,312.227,566.641
251,68.008,312.439,566.817
252,68.004,312.652,566.993
253,68.001,312.866,567.167
254,67.997,313.080,567.340
255,67.994,313.295,567.513
256,67.991,313.511,567.684
257,67.987,313.728,567.854
258,67.983,313.945,568.024
259,67.980,314.163,568.192
260,67.976,314.382,568.359
261,67.973,314.602,568.526
262,67.969,314.823,568.691
263,67.966,315.044,568.856
264,67.962,315.265,569.020
265,67.959,315.488,569.182
266,67.955,315.711,569.344
267,67.951,315.935,569.505
268,67.948,316.160,569.665
269,67.944,316.385,569.824
270,67.940,316.610,569.982
271,67.937,316.837,570.139
272,67.933,317.064,570.296
273,67.929,317.292,570.451
274,67.925,317.521,570.606
275,67.922,317.750,570.759
276,67.918,317.979,570.912
277,67.914,318.209,571.065
278,67.910,318.440,571.216
279,67.907,318.672,571.367
280,67.903,318.904,571.516
281,67.899,319.137,571.665
282,67.895,319.370,571.814
283,67.891,319.603,571.961
284,67.888,319.838,572.107
285,67.884,320.073,572.253
286,67.880,320.308,572.398
287,67.876,320.544,572.543
288,67.872,320.781,572.685
289,67.868,321.018,572.829
290,67.864,321.255,572.970
291,67.860,321.493,573.112
292,67.856,321.732,573.252
293,67.852,321.971,573.392
294,67.848,322.211,573.531
295,67.844,322.451,573.669
296,67.841,322.691,573.807
297,67.836,322.933,573.944
298,67.832,323.175,574.080
299,67.828,323.417,574.216
300,67.824,323.659,574.351
301,67.820,323.902,574.485
302,67.816,324.146,574.618
303,67.812,324.390,574.751
304,67.808,324.634,574.883
305,67.804,324.878,575.015
306,67.800,325.124,575.145
307,67.796,325.370,575.275
308,67.792,325.616,575.405
309,67.788,325.862,575.534
310,67.783,326.109,575.662
311,67.779,326.356,575.790
312,67.775,326.604,575.917
313,67.771,326.852,576.043
314,67.767,327.100,576.169
315,67.762,327.349,576.295
316,67.758,327.599,576.419
317,67.754,327.849,576.543
318,67.750,328.099,576.667
319,67.745,328.349,576.789
320,67.741,328.599,576.911
321,67.737,328.850,577.033
322,67.733,329.102,577.154
323,67.728,329.354,577.275
324,67.724,329.606,577.395
325,67.720,329.858,577.514
326,67.715,330.111,577.633
327,67.711,330.364,577.752
328,67.706,330.618,577.869
329,67.702,330.872,577.986
330,67.698,331.126,578.103
331,67.693,331.380,578.219
332,67.689,331.634,578.334
333,67.684,331.889,578.449
334,67.680,332.145,578.564
335,67.676,332.400,578.678
336,67.671,332.656,578.791
337,67.667,332.912,578.904
338,67.662,333.168,579.017
339,67.658,333.425,579.129
340,67.653,333.682,579.240
341,67.649,333.939,579.351
342,67.644,334.197,579.462
343,67.639,334.454,579.572
344,67.635,334.712,579.681
345,67.630,334.970,579.790
346,67.626,335.229,579.899
347,67.621,335.487,580.007
348,67.616,335.746,580.114
349,67.612,336.005,580.222
350,67.607,336.265,580.329
351,67.603,336.524,580.435
352,67.598,336.784,580.540
353,67.593,337.044,580.646
354,67.589,337.304,580.751
355,67.584,337.565,580.855
356,67.579,337.825,580.959
357,67.574,338.086,581.062
358,67.570,338.347,581.165
359,67.565,338.608,581.268
360,67.560,338.869,581.370
361,67.555,339.130,581.472
362,67.551,339.392,581.573
363,67.546,339.654,581.674
364,67.541,339.916,581.775
365,67.536,340.178,581.875
366,67.531,340.441,581.975
367,67.527,340.704,582.074
368,67.522,340.966,582.173
369,67.517,341.229,582.271
370,67.512,341.492,582.369
371,67.507,341.755,582.467
372,67.502,342.019,582.564
373,67.497,342.282,582.662
374,67.492,342.546,582.758
375,67.488,342.809,582.854
376,67.483,343.073,582.949
377,67.478,343.337,583.045
378,67.473,343.601,583.140
379,67.468,343.866,583.235
380,67.463,344.130,583.329
381,67.458,344.395,583.423
382,67.453,344.659,583.517
383,67.448,344.924,583.610
384,67.443,345.189,583.702
385,67.438,345.454,583.795
386,67.433,345.719,583.887
387,67.427,345.984,583.978
388,67.422,346.249,584.070
389,67.417,346.514,584.161
390,67.412,346.780,584.251
391,67.407,347.045,584.342
392,67.402,347.311,584.432
393,67.397,347.576,584.521
394,67.392,347.842,584.611
395,67.386,348.108,584.700
396,67.381,348.374,584.788
397,67.376,348.640,584.877
398,67.371,348.906,584.965
399,67.366,349.172,585.052
400,67.360,349.438,585.140
401,67.355,349.704,585.227
402,67.350,349.970,585.313
403,67.345,350.237,585.400
404,67.339,350.503,585.486
405,67.334,350.769,585.571
406,67.329,351.036,585.657
407,67.323,351.302,585.742
408,67.318,351.569,585.826
409,67.313,351.836,585.911
410,67.307,352.102,585.995
411,67.302,352.369,586.079
412,67.297,352.636,586.163
413,67.291,352.902,586.246
414,67.286,353.169,586.329
415,67.281,353.436,586.412
416,67.275,353.703,586.494
417,67.270,353.969,586.576
418,67.264,354.236,586.658
419,67.259,354.503,586.739
420,67.253,354.770,586.820
421,67.248,355.037,586.901
422,67.242,355.304,586.982
423,67.237,355.571,587.063
424,67.231,355.837,587.143
425,67.226,356.104,587.222
426,67.220,356.371,587.302
427,67.215,356.638,587.381
428,67.209,356.905,587.460
429,67.203,357.172,587.539
430,67.198,357.439,587.617
431,67.192,357.706,587.696
432,67.187,357.972,587.774
433,67.181,358.239,587.851
434,67.175,358.506,587.929
435,67.170,358.773,588.006
436,67.164,359.040,588.083
437,67.158,359.306,588.160
438,67.153,359.573,588.236
439,67.147,359.840,588.312
440,67.141,360.106,588.388
441,67.135,360.373,588.464
442,67.130,360.640,588.539
443,67.124,360.906,588.614
444,67.118,361.173,588.689
445,67.112,361.439,588.764
446,67.106,361.706,588.838
447,67.101,361.972,588.913
448,67.095,362.238,588.987
449,67.089,362.505,589.060
450,67.083,362.771,589.134
451,67.077,363.037,589.207
452,67.071,363.303,589.280
453,67.065,363.569,589.353
454,67.060,363.836,589.425
455,67.054,364.102,589.498
456,67.048,364.368,589.570
457,67.042,364.634,589.642
458,67.036,364.899,589.713
459,67.030,365.165,589.785
460,67.024,365.431,589.856
461,67.018,365.697,589.927
462,67.012,365.962,589.997
463,67.006,366.228,590.069
464,67.000,366.493,590.139
465,66.994,366.759,590.209
466,66.988,367.024,590.279
467,66.982,367.290,590.349
468,66.975,367.555,590.418
469,66.969,367.820,590.488
470,66.963,368.085,590.557
471,66.957,368.350,590.625
472,66.951,368.615,590.694
473,66.945,368.880,590.762
474,66.939,369.144,590.831
475,66.932,369.409,590.899
476,66.926,369.673,590.966
477,66.920,369.938,591.034
478,66.914,370.202,591.102
479,66.907,370.466,591.169
480,66.901,370.730,591.236
481,66.895,370.994,591.303
482,66.889,371.258,591.370
483,66.882,371.522,591.436
484,66.876,371.786,591.502
485,66.870,372.050,591.568
486,66.863,372.314,591.634
487,66.857,372.577,591.700
488,66.851,372.841,591.765
489,66.844,373.104,591.831
490,66.838,373.367,591.896
491,66.831,373.630,591.961
492,66.825,373.893,592.026
493,66.819,374.156,592.090
494,66.812,374.419,592.154
495,66.806,374.681,592.218
496,66.799,374.944,592.282
497,66.793,375.206,592.346
498,66.786,375.468,592.410
499,66.780,375.730,592.474
500,66.773,375.992,592.537
501,66.767,376.254,592.600
502,66.760,376.516,592.663
503,66.753,376.778,592.726
504,66.747,377.040,592.788
505,66.740,377.301,592.850
506,66.734,377.563,592.913
507,66.727,377.824,592.975
508,66.720,378.085,593.037
509,66.714,378.346,593.099
510,66.707,378.607,593.160
511,66.700,378.868,593.222
512,66.694,379.128,593.283
513,66.687,379.389,593.344
514,66.680,379.649,593.405
515,66.673,379.909,593.466
516,66.667,380.170,593.526
517,66.660,380.429,593.587
518,66.653,380.689,593.647
519,66.646,380.949,593.707
520,66.639,381.208,593.767
521,66.632,381.467,593.827
522,66.626,381.726,593.886
523,66.619,381.985,593.946
524,66.612,382.244,594.005
525,66.605,382.503,594.065
526,66.598,382.762,594.124
527,66.591,383.020,594.182
528,66.584,383.279,594.241
529,66.577,383.537,594.299
530,66.570,383.795,594.358
531,66.563,384.053,594.416
532,66.556,384.310,594.474
533,66.549,384.568,594.532
534,66.542,384.825,594.590
535,66.535,385.082,594.648
536,66.528,385.340,594.705
537,66.521,385.597,594.763
538,66.514,385.853,594.820
539,66.507,386.110,594.877
540,66.500,386.367,594.934
541,66.492,386.623,594.991
542,66.485,386.879,595.047
543,66.478,387.135,595.104
544,66.471,387.391,595.160
545,66.464,387.647,595.216
546,66.456,387.902,595.272
547,66.449,388.157,595.328
548,66.442,388.412,595.384
549,66.435,388.667,595.440
550,66.427,388.922,595.495
551,66.420,389.177,595.551
552,66.413,389.432,595.606
553,66.405,389.686,595.661
554,66.398,389.940,595.716
555,66.391,390.194,595.771
556,66.383,390.448,595.826
557,66.376,390.701,595.880
558,66.368,390.955,595.935
559,66.361,391.208,595.989
560,66.354,391.461,596.043
561,66.346,391.714,596.097
562,66.339,391.967,596.151
563,66.331,392.219,596.205
564,66.324,392.472,596.258
565,66.316,392.724,596.312
566,66.309,392.976,596.365
567,66.301,393.228,596.419
568,66.293,393.480,596.472
569,66.286,393.731,596.525
570,66.278,393.982,596.578
571,66.271,394.233,596.630
572,66.263,394.484,596.683
573,66.255,394.735,596.735
574,66.248,394.986,596.788
575,66.240,395.236,596.840
576,66.232,395.486,596.892
577,66.225,395.736,596.944
578,66.217,395.986,596.996
579,66.209,396.236,597.048
580,66.201,396.485,597.100
581,66.193,396.734,597.151
582,66.186,396.983,597.203
583,66.178,397.232,597.254
584,66.170,397.481,597.305
585,66.162,397.729,597.356
586,66.154,397.978,597.407
587,66.146,398.226,597.458
588,66.138,398.474,597.509
589,66.131,398.721,597.559
590,66.123,398.968,597.610
591,66.115,399.216,597.660
592,66.107,399.463,597.710
593,66.099,399.710,597.760
594,66.091,399.956,597.810
595,66.083,400.203,597.860
596,66.075,400.449,597.910
597,66.067,400.695,597.960
598,66.058,400.941,598.010
599,66.050,401.187,598.059
600,66.042,401.432,598.108
601,66.034,401.677,598.158
602,66.026,401.922,598.207
603,66.018,402.167,598.256
604,66.010,402.412,598.305
605,66.001,402.656,598.354
606,65.993,402.900,598.402
607,65.985,403.144,598.451
608,65.977,403.388,598.499
609,65.968,403.631,598.548
610,65.960,403.875,598.596
611,65.952,404.118,598.645
612,65.944,404.361,598.692
613,65.935,404.603,598.741
614,65.927,404.846,598.788
615,65.918,405.088,598.836
616,65.910,405.331,598.883
617,65.902,405.572,598.931
618,65.893,405.814,598.978
619,65.885,406.055,599.026
620,65.876,406.296,599.073
621,65.868,406.537,599.120
622,65.859,406.778,599.167
623,65.851,407.019,599.215
624,65.842,407.259,599.261
625,65.834,407.499,599.308
626,65.825,407.739,599.355
627,65.817,407.978,599.401
628,65.808,408.218,599.448
629,65.799,408.457,599.494
630,65.791,408.696,599.540
631,65.782,408.935,599.587
632,65.773,409.173,599.633
633,65.765,409.412,599.679
634,65.756,409.650,599.725
635,65.747,409.888,599.770
636,65.738,410.125,599.816
637,65.730,410.363,599.861
638,65.721,410.600,599.907
639,65.712,410.837,599.952
640,65.703,411.074,599.997
641,65.694,411.310,600.042
642,65.686,411.546,600.087
643,65.677,411.782,600.132
644,65.668,412.018,600.177
645,65.659,412.253,600.222
646,65.650,412.489,600.267
647,65.641,412.724,600.312
648,65.632,412.959,600.356
649,65.623,413.193,600.401
650,65.614,413.427,600.445
651,65.605,413.661,600.489
652,65.596,413.895,600.533
653,65.587,414.129,600.578
654,65.578,414.363,600.622
655,65.569,414.596,600.665
656,65.559,414.829,600.709
657,65.550,415.061,600.753
658,65.541,415.294,600.796
659,65.532,415.526,600.840
660,65.523,415.758,600.883
661,65.513,415.990,600.926
662,65.504,416.221,600.970
663,65.495,416.453,601.013
664,65.486,416.684,601.056
665,65.476,416.914,601.099
666,65.467,417.145,601.142
667,65.458,417.375,601.185
668,65.448,417.605,601.227
669,65.439,417.835,601.270
670,65.430,418.064,601.313
671,65.420,418.294,601.355
672,65.411,418.523,601.398
673,65.401,418.752,601.440
674,65.392,418.980,601.482
675,65.382,419.208,601.525
676,65.373,419.436,601.567
677,65.363,419.664,601.609
678,65.354,419.892,601.651
679,65.344,420.119,601.692
680,65.335,420.347,601.734
681,65.325,420.573,601.776
682,65.315,420.800,601.817
683,65.306,421.026,601.859
684,65.296,421.252,601.900
685,65.286,421.478,601.941
686,65.277,421.704,601.983
687,65.267,421.929,602.024
688,65.257,422.154,602.065
689,65.247,422.379,602.106
690,65.238,422.603,602.147
691,65.228,422.827,602.188
692,65.218,423.051,602.228
693,65.208,423.275,602.269
694,65.198,423.499,602.310
695,65.188,423.723,602.350
696,65.178,423.946,602.391
697,65.169,424.168,602.431
698,65.159,424.391,602.471
699,65.149,424.613,602.512
700,65.139,424.835,602.552
701,65.129,425.057,602.592
702,65.119,425.279,602.632
703,65.109,425.500,602.672
704,65.098,425.721,602.712
705,65.088,425.942,602.751
706,65.078,426.162,602.791
707,65.068,426.382,602.831
708,65.058,426.602,602.870
709,65.048,426.822,602.909
710,65.038,427.042,602.949
711,65.027,427.261,602.988
712,65.017,427.480,603.027
713,65.007,427.698,603.066
714,64.997,427.917,603.106
715,64.986,428.135,603.145
716,64.976,428.353,603.183
717,64.966,428.571,603.222
718,64.955,428.788,603.261
719,64.945,429.006,603.300
720,64.935,429.222,603.339
721,64.924,429.439,603.377
722,64.914,429.655,603.416
723,64.903,429.871,603.454
724,64.893,430.087,603.493
725,64.882,430.303,603.531
726,64.872,430.518,603.569
727,64.861,430.734,603.607
728,64.851,430.949,603.645
729,64.840,431.163,603.683
730,64.830,431.378,603.721
731,64.819,431.592,603.759
732,64.808,431.806,603.797
733,64.798,432.019,603.835
734,64.787,432.232,603.872
735,64.776,432.445,603.910
736,64.766,432.658,603.947
737,64.755,432.871,603.985
738,64.744,433.083,604.022
739,64.733,433.295,604.059
740,64.722,433.507,604.097
741,64.712,433.718,604.134
742,64.701,433.929,604.171
743,64.690,434.140,604.208
744,64.679,434.351,604.245
745,64.668,434.562,604.282
746,64.657,434.772,604.318
747,64.646,434.982,604.355
748,64.635,435.192,604.392
749,64.624,435.401,604.429
750,64.613,435.610,604.465
751,64.602,435.819,604.502
752,64.591,436.028,604.538
753,64.580,436.236,604.575
754,64.569,436.445,604.611
755,64.558,436.652,604.647
756,64.547,436.860,604.683
757,64.536,437.067,604.720
758,64.524,437.274,604.756
759,64.513,437.481,604.792
760,64.502,437.688,604.828
761,64.491,437.894,604.863
762,64.480,438.101,604.899
763,64.468,438.306,604.935
764,64.457,438.512,604.971
765,64.446,438.717,605.006
766,64.434,438.922,605.042
767,64.423,439.127,605.077
768,64.412,439.332,605.113
769,64.400,439.536,605.148
770,64.389,439.741,605.183
771,64.377,439.944,605.218
772,64.366,440.148,605.253
773,64.354,440.351,605.288
774,64.343,440.554,605.324
775,64.331,440.757,605.359
776,64.320,440.960,605.393
777,64.308,441.162,605.428
778,64.297,441.365,605.463
779,64.285,441.566,605.498
780,64.273,441.768,605.532
781,64.262,441.969,605.567
782,64.250,442.170,605.602
783,64.238,442.371,605.636
784,64.227,442.572,605.671
785,64.215,442.772,605.705
786,64.203,442.973,605.739
787,64.191,443.173,605.774
788,64.179,443.372,605.808
789,64.168,443.571,605.842
790,64.156,443.770,605.876
791,64.144,443.969,605.910
792,64.132,444.168,605.944
793,64.120,444.367,605.978
794,64.108,444.565,606.012
795,64.096,444.763,606.046
796,64.084,444.961,606.080
797,64.072,445.158,606.113
798,64.060,445.356,606.147
799,64.048,445.553,606.180
800,64.036,445.749,606.214
801,64.024,445.946,606.247
802,64.012,446.143,606.281
803,64.000,446.339,606.314
804,63.988,446.535,606.347
805,63.976,446.730,606.380
806,63.963,446.926,606.414
807,63.951,447.121,606.447
808,63.939,447.316,606.480
809,63.927,447.510,606.513
810,63.915,447.705,606.546
811,63.902,447.899,606.579
812,63.890,448.094,606.611
813,63.878,448.287,606.644
814,63.865,448.481,606.677
815,63.853,448.674,606.710
816,63.841,448.867,606.742
817,63.828,449.060,606.775
818,63.816,449.253,606.807
819,63.803,449.446,606.840
820,63.791,449.638,606.872
821,63.778,449.830,606.905
822,63.766,450.022,606.937
823,63.753,450.213,606.969
824,63.741,450.405,607.001
825,63.728,450.596,607.034
826,63.716,450.787,607.066
827,63.703,450.978,607.098
828,63.690,451.168,607.130
829,63.678,451.359,607.162
830,63.665,451.549,607.194
831,63.652,451.739,607.225
832,63.640,451.929,607.257
833,63.627,452.118,607.289
834,63.614,452.308,607.321
835,63.601,452.497,607.352
836,63.589,452.686,607.384
837,63.576,452.874,607.415
838,63.563,453.063,607.447
839,63.550,453.251,607.478
840,63.537,453.439,607.509
841,63.524,453.627,607.541
842,63.511,453.814,607.572
843,63.498,454.002,607.603
844,63.485,454.189,607.634
845,63.472,454.377,607.665
846,63.459,454.563,607.696
847,63.446,454.750,607.727
848,63.433,454.936,607.758
849,63.420,455.122,607.789
850,63.407,455.308,607.820
851,63.394,455.494,607.851
852,63.381,455.680,607.882
853,63.368,455.866,607.913
854,63.355,456.051,607.943
855,63.342,456.236,607.974
856,63.328,456.421,608.005
857,63.315,456.606,608.035
858,63.302,456.790,608.066
859,63.289,456.975,608.096
860,63.275,457.159,608.126
861,63.262,457.343,608.157
862,63.249,457.527,608.187
863,63.235,457.710,608.218
864,63.222,457.894,608.248
865,63.209,458.077,608.278
866,63.195,458.261,608.308
867,63.182,458.443,608.338
868,63.168,458.626,608.368
869,63.155,458.809,608.398
870,63.141,458.991,608.428
871,63.128,459.173,608.458
872,63.114,459.355,608.488
873,63.101,459.537,608.517
874,63.087,459.719,608.547
875,63.074,459.900,608.577
876,63.060,460.082,608.607
877,63.047,460.263,608.636
878,63.033,460.444,608.666
879,63.019,460.625,608.695
880,63.006,460.806,608.725
881,62.992,460.986,608.754
882,62.978,461.166,608.783
883,62.964,461.347,608.813
884,62.951,461.527,608.842
885,62.937,461.707,608.871
886,62.923,461.886,608.900
887,62.909,462.066,608.929
888,62.895,462.246,608.959
889,62.882,462.425,608.988
890,62.868,462.604,609.017
891,62.854,462.783,609.046
892,62.840,462.962,609.075
893,62.826,463.140,609.104
894,62.812,463.319,609.132
895,62.798,463.497,609.161
896,62.784,463.675,609.190
897,62.770,463.853,609.219
898,62.756,464.031,609.247
899,62.742,464.209,609.276
900,62.728,464.386,609.305
901,62.714,464.564,609.334
902,62.700,464.741,609.362
903,62.686,464.918,609.391
904,62.671,465.095,609.419
905,62.657,465.272,609.447
906,62.643,465.449,609.476
907,62.629,465.625,609.504
908,62.615,465.802,609.532
909,62.600,465.978,609.561
910,62.586,466.154,609.589
911,62.572,466.330,609.617
912,62.557,466.506,609.645
913,62.543,466.682,609.673
914,62.529,466.857,609.701
915,62.514,467.033,609.729
916,62.500,467.208,609.757
917,62.486,467.384,609.785
918,62.471,467.559,609.813
919,62.457,467.734,609.841
920,62.442,467.908,609.869
921,62.428,468.083,609.896
922,62.413,468.257,609.924
923,62.399,468.432,609.951
924,62.384,468.606,609.979
925,62.370,468.780,610.007
926,62.355,468.954,610.034
927,62.341,469.128,610.062
928,62.326,469.302,610.089
929,62.311,469.475,610.116
930,62.297,469.649,610.144
931,62.282,469.823,610.171
932,62.267,469.996,610.199
933,62.253,470.169,610.226
934,62.238,470.342,610.253
935,62.223,470.515,610.280
936,62.208,470.688,610.307
937,62.194,470.860,610.334
938,62.179,471.033,610.362
939,62.164,471.205,610.389
940,62.149,471.377,610.416
941,62.134,471.550,610.443
942,62.119,471.722,610.469
943,62.104,471.894,610.496
944,62.090,472.065,610.523
945,62.075,472.237,610.550
946,62.060,472.409,610.577
947,62.045,472.580,610.604
948,62.030,472.752,610.630
949,62.015,472.923,610.657
950,62.000,473.094,610.684
951,61.985,473.266,610.710
952,61.970,473.436,610.737
953,61.954,473.607,610.764
954,61.939,473.778,610.790
955,61.924,473.948,610.817
956,61.909,474.119,610.843
957,61.894,474.289,610.869
958,61.879,474.460,610.896
959,61.864,474.630,610.922
960,61.848,474.800,610.948
961,61.833,474.970,610.975
962,61.818,475.140,611.001
963,61.803,475.309,611.027
964,61.787,475.479,611.053
965,61.772,475.649,611.079
966,61.757,475.818,611.105
967,61.741,475.988,611.131
968,61.726,476.157,611.157
969,61.710,476.326,611.183
970,61.695,476.495,611.209
971,61.680,476.664,611.235
972,61.664,476.833,611.261
973,61.649,477.001,611.287
974,61.633,477.170,611.313
975,61.618,477.339,611.338
976,61.602,477.507,611.364
977,61.587,477.675,611.390
978,61.571,477.843,611.415
979,61.556,478.011,611.441
980,61.540,478.179,611.467
981,61.524,478.347,611.492
982,61.509,478.515,611.518
983,61.493,478.683,611.543
984,61.477,478.851,611.569
985,61.462,479.018,611.594
986,61.446,479.186,611.619
987,61.430,479.353,611.645
988,61.414,479.521,611.670
989,61.399,479.688,611.695
990,61.383,479.855,611.721
991,61.367,480.022,611.746
992,61.351,480.189,611.771
993,61.335,480.356,611.796
994,61.320,480.523,611.821
995,61.304,480.689,611.846
996,61.288,480.856,611.871
997,61.272,481.022,611.896
998,61.256,481.189,611.921
999,61.240,481.355,611.946
1000,61.224,481.521,611.971
1001,61.208,481.687,611.997
1002,61.192,481.853,612.021
1003,61.176,482.019,612.047
1004,61.160,482.185,612.071
1005,61.144,482.350,612.096
1006,61.128,482.516,612.120
1007,61.112,482.681,612.146
1008,61.095,482.847,612.170
1009,61.079,483.012,612.195
1010,61.063,483.177,612.219
1011,61.047,483.342,612.244
1012,61.031,483.507,612.268
1013,61.015,483.672,612.293
1014,60.998,483.837,612.317
1015,60.982,484.002,612.342
1016,60.966,484.167,612.366
1017,60.949,484.332,612.391
1018,60.933,484.496,612.415
1019,60.917,484.661,612.440
1020,60.900,484.825,612.464
1021,60.884,484.989,612.488
1022,60.868,485.154,612.512
1023,60.851,485.318,612.537
1024,60.835,485.482,612.561
1025,60.818,485.646,612.585
1026,60.802,485.809,612.609
1027,60.785,485.973,612.633
1028,60.769,486.137,612.657
1029,60.752,486.300,612.681
1030,60.736,486.464,612.705
1031,60.719,486.627,612.730
1032,60.703,486.790,612.753
1033,60.686,486.954,612.777
1034,60.669,487.117,612.801
1035,60.653,487.280,612.825
1036,60.636,487.443,612.849
1037,60.619,487.606,612.873
1038,60.603,487.768,612.897
1039,60.586,487.931,612.921
1040,60.569,488.094,612.944
1041,60.553,488.256,612.968
1042,60.536,488.419,612.992
1043,60.519,488.581,613.015
1044,60.502,488.744,613.039
1045,60.485,488.906,613.063
1046,60.469,489.068,613.086
1047,60.452,489.230,613.110
1048,60.435,489.392,613.133
1049,60.418,489.554,613.157
1050,60.401,489.716,613.180
1051,60.384,489.877,613.204
1052,60.367,490.039,613.227
1053,60.350,490.200,613.251
1054,60.333,490.362,613.274
1055,60.316,490.523,613.297
1056,60.299,490.684,613.320
1057,60.282,490.845,613.344
1058,60.265,491.006,613.367
1059,60.248,491.167,613.390
1060,60.231,491.328,613.413
1061,60.213,491.489,613.437
1062,60.196,491.650,613.460
1063,60.179,491.811,613.483
1064,60.162,491.971,613.506
1065,60.145,492.132,613.529
1066,60.127,492.292,613.552
1067,60.110,492.453,613.575
1068,60.093,492.613,613.598
1069,60.076,492.773,613.621
1070,60.058,492.933,613.644
1071,60.041,493.093,613.667
1072,60.024,493.253,613.690
1073,60.006,493.413,613.713
1074,59.989,493.573,613.736
1075,59.971,493.732,613.758
1076,59.954,493.892,613.781
1077,59.937,494.051,613.804
1078,59.919,494.210,613.827
1079,59.902,494.370,613.849
1080,59.884,494.529,613.872
1081,59.867,494.688,613.894
1082,59.849,494.847,613.917
1083,59.831,495.006,613.940
1084,59.814,495.165,613.962
1085,59.796,495.324,613.985
1086,59.779,495.482,614.007
1087,59.761,495.641,614.030
1088,59.743,495.800,614.052
1089,59.726,495.958,614.075
1090,59.708,496.116,614.097
1091,59.690,496.275,614.120
1092,59.672,496.433,614.142
1093,59.655,496.591,614.164
1094,59.637,496.749,614.187
1095,59.619,496.907,614.209
1096,59.601,497.065,614.231
1097,59.583,497.222,614.253
1098,59.566,497.380,614.276
1099,59.548,497.537,614.298
1100,59.530,497.694,614.320
1101,59.512,497.852,614.342
1102,59.494,498.009,614.364
1103,59.476,498.166,614.386
1104,59.458,498.324,614.409
1105,59.440,498.481,614.430
1106,59.422,498.637,614.452
1107,59.404,498.795,614.474
1108,59.386,498.952,614.497
1109,59.368,499.108,614.518
1110,59.350,499.265,614.541
1111,59.332,499.421,614.562
1112,59.314,499.577,614.584
1113,59.295,499.734,614.606
1114,59.277,499.890,614.628
1115,59.259,500.046,614.649
1116,59.241,500.202,614.671
1117,59.223,500.358,614.692
1118,59.204,500.513,614.715
1119,59.186,500.670,614.736
1120,59.168,500.825,614.758
1121,59.149,500.982,614.779
1122,59.131,501.137,614.802
1123,59.113,501.293,614.823
1124,59.094,501.448,614.845
1125,59.076,501.602,614.866
1126,59.057,501.757,614.888
1127,59.039,501.912,614.909
1128,59.020,502.068,614.931
1129,59.002,502.223,614.952
1130,58.983,502.378,614.974
1131,58.965,502.532,614.995
1132,58.946,502.686,615.016
1133,58.928,502.841,615.038
1134,58.909,502.995,615.059
1135,58.891,503.150,615.081
1136,58.872,503.304,615.102
1137,58.853,503.458,615.124
1138,58.835,503.612,615.145
1139,58.816,503.766,615.166
1140,58.797,503.920,615.186
1141,58.779,504.073,615.209
1142,58.760,504.226,615.229
1143,58.741,504.380,615.251
1144,58.722,504.534,615.272
1145,58.704,504.687,615.293
1146,58.685,504.840,615.314
1147,58.666,504.994,615.335
1148,58.647,505.147,615.357
1149,58.628,505.301,615.377
1150,58.609,505.453,615.398
1151,58.590,505.605,615.419
1152,58.571,505.757,615.441
1153,58.552,505.911,615.461
1154,58.533,506.064,615.483
1155,58.514,506.216,615.503
1156,58.495,506.367,615.524
1157,58.476,506.521,615.545
1158,58.457,506.672,615.566
1159,58.438,506.824,615.587
1160,58.419,506.976,615.607
1161,58.400,507.128,615.629
1162,58.381,507.279,615.648
1163,58.362,507.432,615.670
1164,58.342,507.583,615.691
1165,58.323,507.734,615.711
1166,58.304,507.885,615.732
1167,58.285,508.037,615.753
1168,58.265,508.188,615.773
1169,58.246,508.339,615.794
1170,58.227,508.489,615.815
1171,58.208,508.640,615.835
1172,58.188,508.792,615.857
1173,58.169,508.941,615.876
1174,58.149,509.091,615.897
1175,58.130,509.243,615.917
1176,58.110,509.394,615.938
1177,58.091,509.544,615.960
1178,58.071,509.694,615.979
1179,58.052,509.843,616.001
1180,58.033,509.993,616.020
1181,58.013,510.143,616.040
1182,57.993,510.293,616.061
1183,57.974,510.443,616.081
1184,57.954,510.591,616.102
1185,57.935,510.740,616.122
1186,57.915,510.891,616.143
1187,57.895,511.039,616.163
1188,57.876,511.188,616.183
1189,57.856,511.337,616.203
1190,57.836,511.486,616.223
1191,57.816,511.636,616.244
1192,57.797,511.784,616.264
1193,57.777,511.932,616.285
1194,57.757,512.081,616.305
1195,57.737,512.228,616.325
1196,57.717,512.377,616.345
1197,57.698,512.524,616.365
1198,57.678,512.672,616.386
1199,57.658,512.821,616.405
1200,57.638,512.969,616.426
1201,57.618,513.117,616.446
1202,57.598,513.264,616.465
1203,57.578,513.412,616.486
1204,57.558,513.559,616.505
1205,57.538,513.706,616.526
1206,57.518,513.853,616.546
1207,57.498,514.001,616.566
1208,57.478,514.147,616.586
1209,57.457,514.294,616.605
1210,57.437,514.440,616.626
1211,57.417,514.587,616.646
1212,57.397,514.734,616.665
1213,57.377,514.880,616.686
1214,57.357,515.026,616.705
1215,57.336,515.173,616.726
1216,57.316,515.318,616.745
1217,57.296,515.464,616.765
1218,57.276,515.610,616.785
1219,57.255,515.756,616.804
1220,57.235,515.902,616.825
1221,57.214,516.047,616.845
1222,57.194,516.192,616.864
1223,57.174,516.337,616.884
1224,57.153,516.482,616.903
1225,57.133,516.628,616.923
1226,57.112,516.773,616.943
1227,57.092,516.917,616.962
1228,57.071,517.062,616.983
1229,57.051,517.207,617.001
1230,57.030,517.351,617.021
1231,57.010,517.495,617.041
1232,56.989,517.640,617.060
1233,56.968,517.784,617.081
1234,56.948,517.928,617.100
1235,56.927,518.072,617.120
1236,56.907,518.215,617.139
1237,56.886,518.359,617.158
1238,56.865,518.503,617.179
1239,56.844,518.645,617.198
1240,56.824,518.790,617.217
1241,56.803,518.931,617.236
1242,56.782,519.075,617.256
1243,56.761,519.218,617.275
1244,56.740,519.361,617.295
1245,56.719,519.505,617.314
1246,56.699,519.646,617.333
1247,56.678,519.789,617.353
1248,56.657,519.931,617.372
1249,56.636,520.074,617.392
1250,56.615,520.215,617.411
1251,56.594,520.357,617.430
1252,56.573,520.498,617.450
1253,56.552,520.641,617.469
1254,56.531,520.783,617.489
1255,56.510,520.924,617.508
1256,56.489,521.066,617.527
1257,56.468,521.207,617.546
1258,56.447,521.348,617.566
1259,56.425,521.489,617.585
1260,56.404,521.630,617.605
1261,56.383,521.771,617.623
1262,56.362,521.912,617.643
1263,56.341,522.052,617.662
1264,56.319,522.192,617.681
1265,56.298,522.332,617.700
1266,56.277,522.472,617.719
1267,56.255,522.613,617.738
1268,56.234,522.752,617.758
1269,56.213,522.893,617.777
1270,56.191,523.032,617.795
1271,56.170,523.171,617.815
1272,56.149,523.310,617.834
1273,56.127,523.450,617.853
1274,56.106,523.589,617.872
1275,56.084,523.728,617.891
1276,56.063,523.867,617.909
1277,56.041,524.006,617.930
1278,56.020,524.145,617.948
1279,55.998,524.283,617.967
1280,55.977,524.420,617.987
1281,55.955,524.559,618.004
1282,55.933,524.697,618.023
1283,55.912,524.835,618.043
1284,55.890,524.974,618.062
1285,55.868,525.111,618.081
1286,55.847,525.248,618.100
1287,55.825,525.386,618.118
1288,55.803,525.523,618.137
1289,55.782,525.661,618.157
1290,55.760,525.798,618.175
1291,55.738,525.934,618.194
1292,55.716,526.071,618.213
1293,55.694,526.208,618.232
1294,55.673,526.344,618.250
1295,55.651,526.481,618.270
1296,55.629,526.617,618.288
1297,55.607,526.753,618.307
1298,55.585,526.889,618.326
1299,55.563,527.026,618.344
1300,55.541,527.161,618.363
1301,55.519,527.297,618.382
1302,55.497,527.433,618.401
1303,55.475,527.568,618.419
1304,55.453,527.703,618.439
1305,55.431,527.838,618.457
1306,55.409,527.972,618.476
1307,55.387,528.108,618.494
1308,55.365,528.242,618.513
1309,55.342,528.377,618.532
1310,55.320,528.511,618.550
1311,55.298,528.646,618.569
1312,55.276,528.779,618.587
1313,55.254,528.913,618.607
1314,55.231,529.047,618.625
1315,55.209,529.181,618.643
1316,55.187,529.314,618.662
1317,55.165,529.447,618.681
1318,55.142,529.581,618.699
1319,55.120,529.714,618.718
1320,55.097,529.847,618.736
1321,55.075,529.980,618.755
1322,55.053,530.113,618.773
1323,55.030,530.246,618.792
1324,55.008,530.378,618.811
1325,54.985,530.510,618.828
1326,54.963,530.642,618.847
1327,54.940,530.774,618.866
1328,54.918,530.906,618.884
1329,54.895,531.038,618.903
1330,54.873,531.170,618.921
1331,54.850,531.301,618.940
1332,54.827,531.433,618.958
1333,54.805,531.563,618.977
1334,54.782,531.695,618.995
1335,54.760,531.825,619.014
1336,54.737,531.956,619.032
1337,54.714,532.086,619.051
1338,54.692,532.217,619.068
1339,54.669,532.347,619.087
1340,54.646,532.477,619.106
1341,54.623,532.608,619.123
1342,54.600,532.738,619.142
1343,54.578,532.867,619.161
1344,54.555,532.997,619.179
1345,54.532,533.126,619.197
1346,54.509,533.256,619.216
1347,54.486,533.385,619.234
1348,54.463,533.513,619.252
1349,54.440,533.642,619.270
1350,54.417,533.772,619.289
1351,54.395,533.899,619.307
1352,54.372,534.028,619.325
1353,54.349,534.156,619.344
1354,54.326,534.284,619.362
1355,54.303,534.413,619.380
1356,54.280,534.540,619.398
1357,54.257,534.667,619.417
1358,54.233,534.795,619.435
1359,54.210,534.923,619.453
1360,54.187,535.050,619.471
1361,54.164,535.177,619.490
1362,54.141,535.304,619.508
1363,54.118,535.431,619.526
1364,54.095,535.557,619.544
1365,54.071,535.684,619.562
1366,54.048,535.810,619.580
1367,54.025,535.936,619.599
1368,54.002,536.062,619.617
1369,53.978,536.187,619.635
1370,53.955,536.313,619.653
1371,53.932,536.439,619.671
1372,53.908,536.565,619.689
1373,53.885,536.689,619.707
1374,53.861,536.815,619.726
1375,53.838,536.939,619.744
1376,53.815,537.064,619.761
1377,53.791,537.189,619.779
1378,53.768,537.313,619.798
1379,53.744,537.437,619.816
1380,53.721,537.562,619.834
1381,53.697,537.685,619.852
1382,53.674,537.809,619.870
1383,53.650,537.932,619.888
1384,53.627,538.056,619.906
1385,53.603,538.179,619.924
1386,53.580,538.303,619.942
1387,53.556,538.426,619.961
1388,53.532,538.548,619.978
1389,53.509,538.671,619.996
1390,53.485,538.794,620.014
1391,53.461,538.916,620.032
1392,53.437,539.038,620.050
1393,53.414,539.161,620.068
1394,53.390,539.282,620.087
1395,53.366,539.404,620.104
1396,53.343,539.524,620.121
1397,53.319,539.646,620.140
1398,53.295,539.768,620.158
1399,53.271,539.889,620.176
1400,53.247,540.010,620.193
1401,53.224,540.130,620.212
1402,53.200,540.251,620.230
1403,53.176,540.372,620.248
1404,53.152,540.492,620.265
1405,53.128,540.612,620.283
1406,53.104,540.731,620.301
1407,53.080,540.852,620.319
1408,53.056,540.971,620.336
1409,53.032,541.091,620.355
1410,53.008,541.211,620.373
1411,52.984,541.329,620.391
1412,52.960,541.448,620.408
1413,52.936,541.567,620.427
1414,52.912,541.685,620.444
1415,52.888,541.803,620.462
1416,52.864,541.922,620.480
1417,52.839,542.040,620.497
1418,52.815,542.158,620.515
1419,52.791,542.276,620.533
1420,52.767,542.394,620.551
1421,52.743,542.511,620.568
1422,52.718,542.628,620.587
1423,52.694,542.745,620.605
1424,52.670,542.863,620.622
1425,52.646,542.979,620.639
1426,52.621,543.096,620.657
1427,52.597,543.211,620.675
1428,52.573,543.328,620.693
1429,52.548,543.445,620.711
1430,52.524,543.560,620.729
1431,52.500,543.677,620.747
1432,52.475,543.792,620.764
1433,52.451,543.908,620.782
1434,52.427,544.022,620.800
1435,52.402,544.137,620.818
1436,52.378,544.253,620.835
1437,52.353,544.367,620.852
1438,52.329,544.482,620.870
1439,52.304,544.596,620.888
1440,52.280,544.710,620.906
1441,52.255,544.824,620.923
1442,52.231,544.938,620.941
1443,52.206,545.052,620.958
1444,52.182,545.165,620.976
1445,52.157,545.279,620.994
1446,52.132,545.392,621.012
1447,52.108,545.505,621.028
1448,52.083,545.617,621.046
1449,52.058,545.731,621.065
1450,52.034,545.843,621.082
1451,52.009,545.955,621.099
1452,51.984,546.067,621.117
1453,51.960,546.179,621.134
1454,51.935,546.290,621.152
1455,51.910,546.402,621.170
1456,51.885,546.513,621.187
1457,51.860,546.625,621.205
1458,51.836,546.735,621.223
1459,51.811,546.846,621.240
1460,51.786,546.957,621.257
1461,51.761,547.068,621.275
1462,51.736,547.178,621.293
1463,51.711,547.289,621.310
1464,51.687,547.398,621.328
1465,51.662,547.508,621.345
1466,51.637,547.617,621.363
1467,51.612,547.728,621.381
1468,51.587,547.837,621.398
1469,51.562,547.945,621.415
1470,51.537,548.054,621.432
1471,51.512,548.163,621.450
1472,51.487,548.271,621.468
1473,51.462,548.380,621.485
1474,51.437,548.488,621.502
1475,51.412,548.597,621.520
1476,51.387,548.704,621.537
1477,51.362,548.812,621.555
1478,51.336,548.919,621.573
1479,51.311,549.026,621.589
1480,51.286,549.134,621.607
1481,51.261,549.241,621.625
1482,51.236,549.347,621.642
1483,51.211,549.454,621.660
1484,51.185,549.560,621.677
1485,51.160,549.667,621.694
1486,51.135,549.772,621.712
1487,51.110,549.878,621.729
1488,51.085,549.983,621.747
1489,51.059,550.089,621.764
1490,51.034,550.194,621.780
1491,51.009,550.299,621.798
1492,50.983,550.404,621.816
1493,50.958,550.509,621.833
1494,50.933,550.614,621.850
1495,50.907,550.718,621.867
1496,50.882,550.822,621.885
1497,50.857,550.926,621.902
1498,50.831,551.030,621.920
1499,50.806,551.133,621.937
1500,50.780,551.237,621.954
1501,50.755,551.340,621.972
1502,50.729,551.443,621.989
1503,50.704,551.546,622.006
1504,50.678,551.649,622.023
1505,50.653,551.751,622.040
1506,50.627,551.854,622.058
1507,50.602,551.955,622.075
1508,50.576,552.058,622.093
1509,50.551,552.159,622.110
1510,50.525,552.260,622.126
1511,50.500,552.363,622.144
1512,50.474,552.464,622.161
1513,50.448,552.565,622.179
1514,50.423,552.665,622.196
1515,50.397,552.766,622.213
1516,50.372,552.866,622.230
1517,50.346,552.966,622.247
1518,50.320,553.066,622.265
1519,50.294,553.166,622.282
1520,50.269,553.266,622.299
1521,50.243,553.366,622.316
1522,50.217,553.465,622.332
1523,50.192,553.564,622.350
1524,50.166,553.663,622.367
1525,50.140,553.761,622.384
1526,50.114,553.860,622.402
1527,50.088,553.959,622.419
1528,50.062,554.057,622.436
1529,50.037,554.155,622.453
1530,50.011,554.252,622.470
1531,49.985,554.350,622.487
1532,49.959,554.448,622.504
1533,49.933,554.544,622.520
1534,49.907,554.642,622.538
1535,49.881,554.738,622.555
1536,49.856,554.835,622.573
1537,49.830,554.932,622.589
1538,49.804,555.028,622.606
1539,49.778,555.124,622.624
1540,49.752,555.220,622.640
1541,49.726,555.316,622.658
1542,49.700,555.411,622.674
1543,49.674,555.506,622.692
1544,49.648,555.602,622.709
1545,49.622,555.696,622.725
1546,49.596,555.791,622.742
1547,49.569,555.886,622.760
1548,49.543,555.980,622.777
1549,49.517,556.075,622.793
1550,49.491,556.169,622.811
1551,49.465,556.262,622.827
1552,49.439,556.356,622.844
1553,49.413,556.449,622.861
1554,49.387,556.542,622.878
1555,49.360,556.636,622.895
1556,49.334,556.729,622.912
1557,49.308,556.821,622.928
1558,49.282,556.914,622.945
1559,49.256,557.006,622.963
1560,49.229,557.098,622.980
1561,49.203,557.190,622.996
1562,49.177,557.282,623.013
1563,49.151,557.373,623.030
1564,49.124,557.464,623.047
1565,49.098,557.556,623.063
1566,49.072,557.647,623.080
1567,49.045,557.737,623.098
1568,49.019,557.828,623.114
1569,48.993,557.918,623.131
1570,48.967,558.008,623.147
1571,48.940,558.098,623.164
1572,48.914,558.187,623.181
1573,48.887,558.278,623.198
1574,48.861,558.367,623.215
1575,48.835,558.456,623.231
1576,48.808,558.545,623.248
1577,48.782,558.634,623.265
1578,48.755,558.722,623.282
1579,48.729,558.811,623.298
1580,48.702,558.899,623.315
1581,48.676,558.987,623.332
1582,48.649,559.075,623.348
1583,48.623,559.163,623.365
1584,48.596,559.250,623.382
1585,48.570,559.337,623.399
1586,48.543,559.425,623.416
1587,48.517,559.512,623.432
1588,48.490,559.599,623.449
1589,48.463,559.686,623.465
1590,48.437,559.771,623.482
1591,48.410,559.857,623.499
1592,48.384,559.943,623.516
1593,48.357,560.029,623.532
1594,48.331,560.114,623.548
1595,48.304,560.200,623.565
1596,48.277,560.285,623.581
1597,48.251,560.370,623.599
1598,48.224,560.455,623.615
1599,48.197,560.540,623.632
1600,48.171,560.624,623.648
1601,48.144,560.708,623.664
1602,48.117,560.793,623.680
1603,48.090,560.877,623.698
1604,48.064,560.960,623.714
1605,48.037,561.043,623.731
1606,48.010,561.127,623.748
1607,47.983,561.210,623.764
1608,47.957,561.293,623.780
1609,47.930,561.376,623.796
1610,47.903,561.458,623.813
1611,47.876,561.541,623.830
1612,47.849,561.622,623.846
1613,47.823,561.705,623.863
1614,47.796,561.786,623.879
1615,47.769,561.868,623.895
1616,47.742,561.949,623.911
1617,47.715,562.031,623.928
1618,47.688,562.112,623.944
1619,47.661,562.193,623.962
1620,47.635,562.273,623.978
1621,47.608,562.353,623.994
1622,47.581,562.434,624.010
1623,47.554,562.514,624.027
1624,47.527,562.593,624.042
1625,47.500,562.674,624.059
1626,47.473,562.753,624.076
1627,47.446,562.832,624.092
1628,47.419,562.912,624.108
1629,47.392,562.990,624.124
1630,47.365,563.069,624.140
1631,47.338,563.148,624.157
1632,47.311,563.226,624.173
1633,47.284,563.304,624.190
1634,47.257,563.383,624.207
1635,47.230,563.461,624.222
1636,47.203,563.538,624.238
1637,47.176,563.616,624.255
1638,47.149,563.692,624.271
1639,47.122,563.770,624.287
1640,47.095,563.847,624.303
1641,47.067,563.923,624.320
1642,47.040,563.999,624.336
1643,47.013,564.076,624.352
1644,46.986,564.152,624.368
1645,46.959,564.228,624.384
1646,46.932,564.304,624.400
1647,46.905,564.380,624.416
1648,46.877,564.455,624.433
1649,46.850,564.531,624.449
1650,46.823,564.605,624.465
1651,46.796,564.680,624.481
1652,46.769,564.755,624.497
1653,46.742,564.830,624.512
1654,46.714,564.904,624.529
1655,46.687,564.978,624.545
1656,46.660,565.052,624.561
1657,46.632,565.126,624.578
1658,46.605,565.200,624.594
1659,46.578,565.273,624.610
1660,46.551,565.346,624.625
1661,46.523,565.420,624.641
1662,46.496,565.492,624.658
1663,46.469,565.565,624.673
1664,46.442,565.637,624.690
1665,46.414,565.709,624.706
1666,46.387,565.782,624.722
1667,46.360,565.853,624.738
1668,46.332,565.925,624.753
1669,46.305,565.997,624.769
1670,46.278,566.069,624.785
1671,46.250,566.139,624.801
1672,46.223,566.211,624.817
1673,46.196,566.282,624.833
1674,46.168,566.352,624.849
1675,46.141,566.423,624.865
1676,46.113,566.494,624.880
1677,46.086,566.564,624.896
1678,46.059,566.634,624.912
1679,46.031,566.703,624.928
1680,46.004,566.773,624.944
1681,45.976,566.843,624.960
1682,45.949,566.912,624.976
1683,45.921,566.981,624.991
1684,45.894,567.051,625.007
1685,45.867,567.119,625.023
1686,45.839,567.187,625.038
1687,45.812,567.257,625.055
1688,45.784,567.324,625.071
1689,45.757,567.392,625.087
1690,45.729,567.460,625.103
1691,45.702,567.528,625.118
1692,45.674,567.596,625.133
1693,45.647,567.663,625.149
1694,45.619,567.731,625.164
1695,45.592,567.797,625.180
1696,45.564,567.864,625.196
1697,45.537,567.931,625.212
1698,45.509,567.998,625.228
1699,45.482,568.064,625.243
1700,45.454,568.130,625.259
1701,45.426,568.197,625.274
1702,45.399,568.262,625.290
1703,45.371,568.327,625.305
1704,45.344,568.394,625.321
1705,45.316,568.458,625.337
1706,45.288,568.524,625.353
1707,45.261,568.589,625.369
1708,45.233,568.653,625.384
1709,45.206,568.719,625.399
1710,45.178,568.783,625.415
1711,45.151,568.847,625.431
1712,45.123,568.912,625.446
1713,45.095,568.976,625.461
1714,45.068,569.039,625.477
1715,45.040,569.103,625.492
1716,45.012,569.166,625.508
1717,44.985,569.230,625.523
1718,44.957,569.293,625.539
1719,44.930,569.356,625.554
1720,44.902,569.419,625.569
1721,44.874,569.482,625.585
1722,44.846,569.544,625.601
1723,44.819,569.606,625.616
1724,44.791,569.670,625.632
1725,44.763,569.731,625.647
1726,44.736,569.793,625.662
1727,44.708,569.855,625.677
1728,44.680,569.916,625.693
1729,44.653,569.977,625.708
1730,44.625,570.039,625.723
1731,44.597,570.100,625.739
1732,44.569,570.161,625.755
1733,44.542,570.222,625.770
1734,44.514,570.282,625.785
1735,44.486,570.343,625.800
1736,44.458,570.404,625.815
1737,44.431,570.463,625.830
1738,44.403,570.524,625.845
1739,44.375,570.583,625.862
1740,44.347,570.643,625.877
1741,44.320,570.702,625.892
1742,44.292,570.762,625.908
1743,44.264,570.821,625.923
1744,44.236,570.880,625.938
1745,44.208,570.939,625.953
1746,44.181,570.998,625.968
1747,44.153,571.057,625.983
1748,44.125,571.115,625.998
1749,44.097,571.173,626.014
1750,44.070,571.231,626.029
1751,44.042,571.290,626.044
1752,44.014,571.347,626.059
1753,43.986,571.405,626.074
1754,43.958,571.462,626.090
1755,43.931,571.519,626.104
1756,43.903,571.577,626.119
1757,43.875,571.634,626.134
1758,43.847,571.691,626.149
1759,43.819,571.748,626.165
1760,43.791,571.805,626.180
1761,43.764,571.861,626.195
1762,43.736,571.917,626.209
1763,43.708,571.974,626.225
1764,43.680,572.030,626.240
1765,43.652,572.086,626.255
1766,43.624,572.141,626.269
1767,43.597,572.197,626.284
1768,43.569,572.252,626.300
1769,43.541,572.308,626.315
1770,43.513,572.363,626.329
1771,43.485,572.418,626.345
1772,43.457,572.473,626.360
1773,43.429,572.528,626.374
1774,43.402,572.583,626.389
1775,43.374,572.637,626.404
1776,43.346,572.691,626.419
1777,43.318,572.745,626.434
1778,43.290,572.799,626.449
1779,43.262,572.853,626.464
1780,43.234,572.907,626.479
1781,43.206,572.961,626.494
1782,43.179,573.014,626.509
1783,43.151,573.068,626.523
1784,43.123,573.121,626.538
1785,43.095,573.174,626.552
1786,43.067,573.227,626.567
1787,43.039,573.280,626.582
1788,43.011,573.333,626.597
1789,42.983,573.386,626.612
1790,42.955,573.438,626.627
1791,42.927,573.490,626.642
1792,42.900,573.543,626.656
1793,42.872,573.594,626.671
1794,42.844,573.646,626.685
1795,42.816,573.698,626.700
1796,42.788,573.750,626.715
1797,42.760,573.801,626.729
1798,42.732,573.853,626.744
1799,42.704,573.904,626.759
1800,42.676,573.955,626.773
1801,42.648,574.006,626.789
1802,42.620,574.057,626.803
1803,42.593,574.108,626.817
1804,42.565,574.158,626.832
1805,42.537,574.209,626.847
1806,42.509,574.259,626.861
1807,42.481,574.309,626.876
1808,42.453,574.359,626.890
1809,42.425,574.409,626.905
1810,42.397,574.459,626.920
1811,42.369,574.509,626.934
1812,42.341,574.558,626.949
1813,42.313,574.608,626.963
1814,42.285,574.657,626.978
1815,42.258,574.706,626.992
1816,42.230,574.755,627.007
1817,42.202,574.804,627.021
1818,42.174,574.853,627.036
1819,42.146,574.902,627.050
1820,42.118,574.951,627.065
1821,42.090,574.999,627.079
1822,42.062,575.048,627.094
1823,42.034,575.096,627.108
1824,42.006,575.144,627.122
1825,41.978,575.192,627.136
1826,41.950,575.240,627.151
1827,41.922,575.287,627.165
1828,41.895,575.335,627.180
1829,41.867,575.383,627.194
1830,41.839,575.430,627.209
1831,41.811,575.478,627.223
1832,41.783,575.525,627.238
1833,41.755,575.572,627.252
1834,41.727,575.618,627.266
1835,41.699,575.666,627.280
1836,41.671,575.713,627.295
1837,41.644,575.759,627.308
1838,41.616,575.805,627.323
1839,41.588,575.852,627.337
1840,41.560,575.898,627.352
1841,41.532,575.944,627.366
1842,41.504,575.990,627.381
1843,41.476,576.036,627.394
1844,41.448,576.082,627.409
1845,41.420,576.128,627.423
1846,41.392,576.174,627.437
1847,41.364,576.219,627.452
1848,41.336,576.265,627.465
1849,41.309,576.310,627.480
1850,41.281,576.355,627.493
1851,41.253,576.400,627.508
1852,41.225,576.445,627.522
1853,41.197,576.490,627.537
1854,41.169,576.534,627.550
1855,41.141,576.579,627.565
1856,41.113,576.624,627.579
1857,41.085,576.669,627.593
1858,41.058,576.713,627.607
1859,41.030,576.757,627.621
1860,41.002,576.801,627.635
1861,40.974,576.845,627.649
1862,40.946,576.889,627.663
1863,40.918,576.933,627.677
1864,40.890,576.977,627.692
1865,40.863,577.020,627.706
1866,40.835,577.064,627.719
1867,40.807,577.107,627.734
1868,40.779,577.151,627.748
1869,40.751,577.194,627.761
1870,40.723,577.237,627.776
1871,40.695,577.280,627.789
1872,40.667,577.323,627.803
1873,40.640,577.366,627.818
1874,40.612,577.409,627.832
1875,40.584,577.451,627.845
1876,40.556,577.494,627.859
1877,40.528,577.536,627.874
1878,40.501,577.579,627.888
1879,40.473,577.621,627.901
1880,40.445,577.663,627.915
1881,40.417,577.705,627.929
1882,40.389,577.747,627.943
1883,40.362,577.789,627.957
1884,40.334,577.831,627.970
1885,40.306,577.873,627.984
1886,40.278,577.914,627.998
1887,40.250,577.956,628.012
1888,40.222,577.997,628.027
1889,40.195,578.038,628.040
1890,40.167,578.079,628.054
1891,40.139,578.121,628.068
1892,40.111,578.162,628.081
1893,40.084,578.203,628.095
1894,40.056,578.245,628.109
1895,40.028,578.285,628.122
1896,40.000,578.326,628.136
1897,39.972,578.366,628.150
1898,39.945,578.407,628.164
1899,39.917,578.447,628.178
1900,39.889,578.488,628.191
1901,39.861,578.529,628.205
1902,39.834,578.568,628.219
1903,39.806,578.608,628.232
1904,39.778,578.648,628.246
1905,39.750,578.689,628.260
1906,39.723,578.728,628.273
1907,39.695,578.769,628.287
1908,39.667,578.808,628.301
1909,39.640,578.847,628.315
1910,39.612,578.887,628.329
1911,39.584,578.927,628.343
1912,39.556,578.966,628.355
1913,39.529,579.006,628.369
1914,39.501,579.045,628.383
1915,39.473,579.084,628.396
1916,39.446,579.123,628.410
1917,39.418,579.162,628.424
1918,39.390,579.201,628.437
1919,39.363,579.240,628.451
1920,39.335,579.278,628.464
1921,39.307,579.317,628.478
1922,39.280,579.356,628.492
1923,39.252,579.394,628.506
1924,39.224,579.433,628.519
1925,39.197,579.471,628.532
1926,39.169,579.510,628.546
1927,39.141,579.548,628.559
1928,39.114,579.586,628.572
1929,39.086,579.624,628.586
1930,39.058,579.662,628.600
1931,39.031,579.700,628.614
1932,39.003,579.738,628.626
1933,38.976,579.776,628.640
1934,38.948,579.814,628.654
1935,38.921,579.851,628.667
1936,38.893,579.889,628.681
1937,38.865,579.927,628.694
1938,38.838,579.964,628.708
1939,38.810,580.001,628.721
1940,38.783,580.039,628.735
1941,38.755,580.076,628.748
1942,38.727,580.114,628.761
1943,38.700,580.150,628.774
1944,38.672,580.187,628.788
1945,38.645,580.224,628.801
1946,38.617,580.261,628.815
1947,38.590,580.298,628.828
1948,38.562,580.335,628.842
1949,38.535,580.371,628.855
1950,38.507,580.408,628.868
1951,38.480,580.445,628.881
1952,38.452,580.481,628.895
1953,38.425,580.518,628.908
1954,38.397,580.555,628.921
1955,38.370,580.591,628.935
1956,38.342,580.628,628.948
1957,38.315,580.663,628.962
1958,38.287,580.699,628.975
1959,38.260,580.736,628.988
1960,38.233,580.772,629.001
1961,38.205,580.808,629.014
1962,38.178,580.844,629.028
1963,38.150,580.880,629.041
1964,38.123,580.915,629.054
1965,38.095,580.951,629.068
1966,38.068,580.987,629.081
1967,38.040,581.022,629.094
1968,38.013,581.057,629.107
1969,37.986,581.093,629.121
1970,37.958,581.128,629.134
1971,37.931,581.164,629.147
1972,37.904,581.200,629.160
1973,37.876,581.235,629.173
1974,37.849,581.270,629.186
1975,37.821,581.305,629.200
1976,37.794,581.340,629.213
1977,37.767,581.375,629.226
1978,37.740,581.410,629.239
1979,37.712,581.445,629.253
1980,37.685,581.480,629.265
1981,37.658,581.515,629.279
1982,37.630,581.550,629.292
1983,37.603,581.584,629.305
1984,37.576,581.619,629.318
1985,37.548,581.654,629.331
1986,37.521,581.688,629.344
1987,37.494,581.723,629.358
1988,37.467,581.758,629.371
1989,37.439,581.792,629.384
1990,37.412,581.826,629.397
1991,37.385,581.860,629.410
1992,37.358,581.894,629.423
1993,37.330,581.929,629.436
1994,37.303,581.963,629.449
1995,37.276,581.997,629.462
1996,37.249,582.031,629.475
1997,37.222,582.065,629.488
1998,37.194,582.099,629.501
1999,37.167,582.133,629.514
2000,37.140,582.167,629.527
2001,37.113,582.201,629.540
2002,37.086,582.234,629.553
2003,37.059,582.269,629.566
2004,37.031,582.302,629.579
2005,37.004,582.335,629.592
2006,36.977,582.369,629.605
2007,36.950,582.403,629.618
2008,36.923,582.437,629.631
2009,36.896,582.470,629.644
2010,36.869,582.503,629.657
2011,36.842,582.537,629.670
2012,36.815,582.570,629.683
2013,36.788,582.603,629.696
2014,36.760,582.636,629.709
2015,36.733,582.669,629.722
2016,36.706,582.703,629.735
2017,36.679,582.736,629.748
2018,36.652,582.769,629.761
2019,36.625,582.802,629.774
2020,36.598,582.835,629.787
2021,36.571,582.868,629.800
2022,36.544,582.901,629.812
2023,36.517,582.934,629.825
2024,36.490,582.966,629.838
2025,36.463,583.000,629.851
2026,36.436,583.032,629.864
2027,36.409,583.064,629.877
2028,36.382,583.098,629.890
2029,36.355,583.130,629.903
2030,36.329,583.163,629.916
2031,36.302,583.195,629.929
2032,36.275,583.228,629.941
2033,36.248,583.260,629.954
2034,36.221,583.292,629.967
2035,36.194,583.325,629.980
2036,36.167,583.358,629.992
2037,36.140,583.389,630.005
2038,36.113,583.422,630.018
2039,36.087,583.454,630.031
2040,36.060,583.486,630.044
2041,36.033,583.519,630.057
2042,36.006,583.551,630.070
2043,35.979,583.583,630.082
2044,35.952,583.615,630.095
2045,35.926,583.647,630.108
2046,35.899,583.679,630.121
2047,35.872,583.711,630.133
2048,35.845,583.743,630.146
2049,35.818,583.775,630.159
2050,35.792,583.806,630.171
2051,35.765,583.838,630.185
2052,35.738,583.870,630.197
2053,35.711,583.903,630.210
2054,35.685,583.934,630.223
2055,35.658,583.966,630.236
2056,35.631,583.998,630.248
2057,35.605,584.029,630.261
2058,35.578,584.061,630.274
2059,35.551,584.092,630.287
2060,35.524,584.123,630.300
2061,35.498,584.155,630.312
2062,35.471,584.187,630.325
2063,35.444,584.219,630.337
2064,35.418,584.249,630.350
2065,35.391,584.281,630.363
2066,35.365,584.313,630.375
2067,35.338,584.343,630.388
2068,35.311,584.375,630.401
2069,35.285,584.407,630.414
2070,35.258,584.438,630.426
2071,35.231,584.469,630.439
2072,35.205,584.500,630.452
2073,35.179,584.532,630.465
2074,35.152,584.562,630.478
2075,35.125,584.593,630.490
2076,35.099,584.625,630.503
2077,35.072,584.656,630.515
2078,35.046,584.687,630.528
2079,35.019,584.718,630.540
2080,34.993,584.749,630.553
2081,34.966,584.780,630.565
2082,34.940,584.811,630.578
2083,34.913,584.841,630.591
2084,34.887,584.872,630.604
2085,34.860,584.903,630.617
2086,34.834,584.934,630.629
2087,34.808,584.965,630.642
2088,34.781,584.996,630.655
2089,34.755,585.027,630.667
2090,34.728,585.058,630.680
2091,34.702,585.089,630.692
2092,34.676,585.119,630.705
2093,34.649,585.150,630.717
2094,34.623,585.181,630.730
2095,34.596,585.211,630.743
2096,34.570,585.242,630.756
2097,34.544,585.272,630.768
2098,34.518,585.302,630.780
2099,34.491,585.333,630.793
2100,34.465,585.364,630.806
2101,34.439,585.394,630.818
2102,34.412,585.425,630.831
2103,34.386,585.455,630.843
2104,34.360,585.486,630.856
2105,34.334,585.516,630.869
2106,34.307,585.547,630.882
2107,34.281,585.577,630.894
2108,34.255,585.608,630.906
2109,34.229,585.638,630.919
2110,34.202,585.668,630.931
2111,34.176,585.699,630.944
2112,34.150,585.729,630.956
2113,34.124,585.759,630.969
2114,34.098,585.789,630.982
2115,34.072,585.820,630.994
2116,34.045,585.850,631.007
2117,34.019,585.880,631.020
2118,33.993,585.910,631.032
2119,33.967,585.940,631.044
2120,33.941,585.971,631.057
2121,33.915,586.001,631.070
2122,33.889,586.031,631.082
2123,33.863,586.061,631.095
2124,33.837,586.091,631.107
2125,33.810,586.121,631.120
2126,33.785,586.151,631.132
2127,33.758,586.181,631.144
2128,33.733,586.211,631.158
2129,33.706,586.241,631.170
2130,33.681,586.271,631.182
2131,33.654,586.301,631.195
2132,33.629,586.331,631.208
2133,33.602,586.362,631.220
2134,33.577,586.391,631.232
2135,33.551,586.421,631.245
2136,33.525,586.451,631.258
2137,33.499,586.481,631.270
2138,33.473,586.511,631.282
2139,33.447,586.541,631.295
2140,33.421,586.571,631.307
2141,33.395,586.600,631.319
2142,33.369,586.630,631.333
2143,33.343,586.660,631.345
2144,33.318,586.690,631.357
2145,33.292,586.719,631.370
2146,33.266,586.749,631.382
2147,33.240,586.779,631.395
2148,33.214,586.809,631.407
2149,33.188,586.839,631.420
2150,33.163,586.869,631.433
2151,33.137,586.898,631.445
2152,33.111,586.928,631.457
2153,33.085,586.957,631.470
2154,33.059,586.987,631.483
2155,33.034,587.017,631.495
2156,33.008,587.046,631.507
2157,32.982,587.077,631.520
2158,32.957,587.106,631.532
2159,32.931,587.136,631.545
2160,32.905,587.165,631.557
2161,32.880,587.195,631.570
2162,32.854,587.224,631.582
2163,32.828,587.254,631.594
2164,32.802,587.284,631.607
2165,32.777,587.313,631.619
2166,32.751,587.343,631.632
2167,32.726,587.372,631.645
2168,32.700,587.402,631.657
2169,32.675,587.431,631.669
2170,32.649,587.461,631.682
2171,32.623,587.491,631.694
2172,32.598,587.520,631.707
2173,32.572,587.549,631.719
2174,32.547,587.579,631.731
2175,32.521,587.608,631.744
2176,32.496,587.638,631.756
2177,32.470,587.668,631.769
2178,32.445,587.697,631.781
2179,32.419,587.726,631.793
2180,32.394,587.756,631.806
2181,32.368,587.785,631.819
2182,32.343,587.814,631.831
2183,32.317,587.844,631.844
2184,32.292,587.873,631.856
2185,32.267,587.903,631.868
2186,32.241,587.932,631.881
2187,32.216,587.962,631.893
2188,32.190,587.992,631.906
2189,32.165,588.021,631.919
2190,32.140,588.050,631.931
2191,32.114,588.079,631.943
2192,32.089,588.109,631.955
2193,32.064,588.138,631.968
2194,32.038,588.168,631.981
2195,32.013,588.197,631.993
2196,31.988,588.227,632.005
2197,31.962,588.256,632.017
2198,31.937,588.285,632.030
2199,31.912,588.314,632.043
2200,31.887,588.344,632.055
2201,31.861,588.373,632.068
2202,31.836,588.403,632.080
2203,31.811,588.432,632.092
2204,31.786,588.461,632.105
2205,31.761,588.491,632.117
2206,31.735,588.520,632.130
2207,31.710,588.549,632.142
2208,31.685,588.579,632.155
2209,31.660,588.608,632.167
2210,31.635,588.637,632.179
2211,31.610,588.666,632.192
2212,31.585,588.696,632.204
2213,31.559,588.725,632.217
2214,31.534,588.754,632.229
2215,31.509,588.784,632.242
2216,31.484,588.813,632.254
2217,31.459,588.842,632.266
2218,31.434,588.872,632.279
2219,31.409,588.901,632.291
2220,31.384,588.930,632.304
2221,31.359,588.960,632.316
2222,31.334,588.989,632.329
2223,31.309,589.019,632.341
2224,31.284,589.047,632.354
2225,31.259,589.077,632.366
2226,31.234,589.106,632.378
2227,31.209,589.135,632.391
2228,31.184,589.165,632.403
2229,31.159,589.194,632.416
2230,31.134,589.224,632.428
2231,31.109,589.252,632.441
2232,31.085,589.282,632.453
2233,31.060,589.311,632.465
2234,31.035,589.341,632.478
2235,31.010,589.370,632.490
2236,30.985,589.399,632.502
2237,30.960,589.429,632.516
2238,30.935,589.458,632.528
2239,30.911,589.487,632.540
2240,30.886,589.517,632.552
2241,30.861,589.546,632.565
2242,30.836,589.575,632.578
2243,30.812,589.605,632.590
2244,30.787,589.634,632.602
2245,30.762,589.663,632.615
2246,30.737,589.692,632.627
2247,30.713,589.721,632.640
2248,30.688,589.751,632.652
2249,30.663,589.780,632.665
2250,30.639,589.810,632.677
2251,30.614,589.839,632.690
2252,30.589,589.868,632.702
2253,30.565,589.897,632.714
2254,30.540,589.927,632.726
2255,30.515,589.956,632.739
2256,30.491,589.986,632.752
2257,30.466,590.015,632.764
2258,30.442,590.044,632.777
2259,30.417,590.074,632.789
2260,30.392,590.103,632.802
2261,30.368,590.132,632.814
2262,30.343,590.162,632.827
2263,30.319,590.191,632.839
2264,30.294,590.221,632.851
2265,30.270,590.249,632.864
2266,30.245,590.279,632.876
2267,30.221,590.309,632.889
2268,30.196,590.338,632.902
2269,30.172,590.367,632.914
2270,30.147,590.397,632.926
2271,30.123,590.426,632.939
2272,30.099,590.456,632.951
2273,30.074,590.485,632.963
2274,30.050,590.514,632.976
2275,30.025,590.544,632.989
2276,30.001,590.573,633.001
2277,29.977,590.603,633.014
2278,29.952,590.632,633.026
2279,29.928,590.662,633.039
2280,29.904,590.691,633.051
2281,29.879,590.721,633.063
2282,29.855,590.750,633.076
2283,29.831,590.779,633.088
2284,29.807,590.809,633.101
2285,29.782,590.839,633.113
2286,29.758,590.868,633.126
2287,29.734,590.898,633.139
2288,29.709,590.927,633.151
2289,29.685,590.956,633.164
2290,29.661,590.986,633.176
2291,29.637,591.015,633.188
2292,29.613,591.045,633.201
2293,29.589,591.074,633.214
2294,29.564,591.104,633.226
2295,29.540,591.134,633.239
2296,29.516,591.163,633.251
2297,29.492,591.193,633.263
2298,29.468,591.222,633.276
2299,29.444,591.252,633.288
2300,29.420,591.281,633.301
2301,29.396,591.311,633.314
2302,29.372,591.341,633.326
2303,29.348,591.370,633.338
2304,29.324,591.400,633.351
2305,29.299,591.430,633.364
2306,29.275,591.459,633.376
2307,29.251,591.489,633.389
2308,29.227,591.518,633.401
2309,29.204,591.548,633.414
2310,29.179,591.578,633.426
2311,29.156,591.607,633.439
2312,29.132,591.637,633.452
2313,29.108,591.667,633.464
2314,29.084,591.697,633.476
2315,29.060,591.726,633.489
2316,29.036,591.756,633.502
2317,29.012,591.785,633.514
2318,28.988,591.816,633.527
2319,28.964,591.845,633.539
2320,28.941,591.875,633.552
2321,28.917,591.904,633.564
2322,28.893,591.935,633.577
2323,28.869,591.964,633.590
2324,28.845,591.994,633.602
2325,28.822,592.024,633.615
2326,28.798,592.053,633.628
2327,28.774,592.084,633.640
2328,28.750,592.113,633.653
2329,28.727,592.143,633.665
2330,28.703,592.173,633.678
2331,28.679,592.202,633.690
2332,28.655,592.233,633.703
2333,28.632,592.263,633.716
2334,28.608,592.293,633.728
2335,28.584,592.322,633.740
2336,28.561,592.352,633.753
2337,28.537,592.382,633.766
2338,28.514,592.412,633.779
2339,28.490,592.442,633.791
2340,28.466,592.472,633.803
2341,28.443,592.503,633.816
2342,28.419,592.532,633.829
2343,28.396,592.562,633.842
2344,28.372,592.592,633.854
2345,28.349,592.622,633.867
2346,28.325,592.652,633.879
2347,28.302,592.682,633.892
2348,28.278,592.713,633.905
2349,28.255,592.743,633.918
2350,28.231,592.772,633.930
2351,28.208,592.803,633.943
2352,28.184,592.833,633.955
2353,28.161,592.863,633.968
2354,28.138,592.893,633.981
2355,28.114,592.924,633.994
2356,28.091,592.953,634.006
2357,28.067,592.984,634.018
2358,28.044,593.014,634.031
2359,28.021,593.044,634.044
2360,27.997,593.074,634.057
2361,27.974,593.105,634.069
2362,27.951,593.134,634.082
2363,27.927,593.165,634.095
2364,27.904,593.196,634.107
2365,27.881,593.225,634.120
2366,27.857,593.256,634.132
2367,27.834,593.286,634.146
2368,27.811,593.316,634.158
2369,27.788,593.347,634.171
2370,27.765,593.377,634.183
2371,27.741,593.408,634.196
2372,27.718,593.438,634.209
2373,27.695,593.468,634.222
2374,27.672,593.499,634.234
2375,27.649,593.529,634.247
2376,27.626,593.560,634.260
2377,27.602,593.590,634.273
2378,27.579,593.621,634.285
2379,27.556,593.651,634.298
2380,27.533,593.682,634.311
2381,27.510,593.712,634.324
2382,27.487,593.743,634.336
2383,27.464,593.773,634.349
2384,27.441,593.804,634.362
2385,27.418,593.835,634.375
2386,27.395,593.866,634.387
2387,27.372,593.896,634.400
2388,27.349,593.926,634.413
2389,27.326,593.957,634.425
2390,27.303,593.987,634.439
2391,27.280,594.018,634.451
2392,27.257,594.049,634.464
2393,27.234,594.080,634.476
2394,27.211,594.110,634.490
2395,27.189,594.141,634.502
2396,27.166,594.172,634.515
2397,27.143,594.203,634.528
2398,27.120,594.234,634.540
2399,27.097,594.264,634.554
2400,27.074,594.295,634.566
2401,27.052,594.326,634.579
2402,27.029,594.357,634.592
2403,27.006,594.388,634.605
2404,26.983,594.418,634.617
2405,26.960,594.450,634.631
2406,26.938,594.481,634.643
2407,26.915,594.512,634.657
2408,26.892,594.543,634.669
2409,26.869,594.573,634.682
2410,26.847,594.605,634.695
2411,26.824,594.636,634.708
2412,26.801,594.667,634.720
2413,26.779,594.698,634.734
2414,26.756,594.729,634.746
2415,26.733,594.760,634.759
2416,26.711,594.791,634.772
2417,26.688,594.822,634.785
2418,26.666,594.854,634.798
2419,26.643,594.885,634.811
2420,26.621,594.915,634.824
2421,26.598,594.947,634.836
2422,26.576,594.978,634.849
2423,26.553,595.010,634.863
2424,26.530,595.041,634.876
2425,26.508,595.072,634.888
2426,26.486,595.103,634.901
2427,26.463,595.135,634.914
2428,26.441,595.166,634.927
2429,26.418,595.197,634.940
2430,26.396,595.229,634.953
2431,26.373,595.261,634.966
2432,26.351,595.292,634.979
2433,26.329,595.323,634.992
2434,26.306,595.354,635.005
2435,26.284,595.386,635.017
2436,26.261,595.417,635.031
2437,26.239,595.449,635.043
2438,26.217,595.481,635.057
2439,26.194,595.512,635.069
2440,26.172,595.544,635.083
2441,26.150,595.575,635.095
2442,26.127,595.607,635.109
2443,26.105,595.638,635.122
2444,26.083,595.670,635.135
2445,26.061,595.702,635.148
2446,26.039,595.734,635.161
2447,26.016,595.766,635.174
2448,25.994,595.797,635.187
2449,25.972,595.829,635.200
2450,25.950,595.861,635.213
2451,25.928,595.892,635.226
2452,25.906,595.924,635.239
2453,25.884,595.956,635.252
2454,25.861,595.988,635.265
2455,25.839,596.020,635.279
2456,25.817,596.052,635.291
2457,25.795,596.084,635.305
2458,25.773,596.116,635.317
2459,25.751,596.148,635.331
2460,25.729,596.180,635.343
2461,25.707,596.212,635.357
2462,25.685,596.244,635.370
2463,25.663,596.276,635.383
2464,25.641,596.308,635.396
2465,25.619,596.340,635.409
2466,25.597,596.373,635.423
2467,25.575,596.405,635.435
2468,25.553,596.437,635.449
2469,25.532,596.469,635.461
2470,25.510,596.502,635.475
2471,25.488,596.533,635.488
2472,25.466,596.566,635.501
2473,25.444,596.598,635.514
2474,25.422,596.631,635.527
2475,25.400,596.663,635.541
2476,25.379,596.696,635.554
2477,25.357,596.728,635.567
2478,25.335,596.761,635.580
2479,25.313,596.793,635.594
2480,25.292,596.825,635.607
2481,25.270,596.857,635.620
2482,25.248,596.890,635.633
2483,25.226,596.923,635.647
2484,25.205,596.955,635.660
2485,25.183,596.988,635.673
2486,25.161,597.021,635.686
2487,25.140,597.053,635.699
2488,25.118,597.086,635.713
2489,25.096,597.119,635.726
2490,25.075,597.152,635.739
2491,25.053,597.185,635.752
2492,25.032,597.217,635.766
2493,25.010,597.250,635.779
2494,24.989,597.283,635.792
2495,24.967,597.316,635.806
2496,24.945,597.349,635.819
2497,24.924,597.381,635.832
2498,24.903,597.414,635.846
2499,24.881,597.448,635.859
2500,24.860,597.481,635.872
2501,24.838,597.513,635.885
2502,24.817,597.546,635.899
2503,24.795,597.579,635.912
2504,24.774,597.612,635.926
2505,24.752,597.645,635.939
2506,24.731,597.679,635.952
2507,24.710,597.712,635.966
2508,24.688,597.745,635.979
2509,24.667,597.778,635.992
2510,24.646,597.811,636.005
2511,24.624,597.845,636.019
2512,24.603,597.878,636.033
2513,24.582,597.911,636.046
2514,24.561,597.945,636.059
2515,24.539,597.978,636.073
2516,24.518,598.012,636.086
2517,24.497,598.045,636.100
2518,24.476,598.079,636.113
2519,24.454,598.112,636.127
2520,24.433,598.146,636.140
2521,24.412,598.179,636.154
2522,24.391,598.213,636.167
2523,24.370,598.246,636.180
2524,24.349,598.281,636.194
2525,24.328,598.314,636.207
2526,24.306,598.348,636.221
2527,24.285,598.381,636.235
2528,24.264,598.415,636.248
2529,24.243,598.449,636.262
2530,24.222,598.483,636.275
2531,24.201,598.517,636.289
2532,24.180,598.550,636.302
2533,24.159,598.584,636.315
2534,24.138,598.618,636.329
2535,24.117,598.652,636.342
2536,24.096,598.687,636.356
2537,24.075,598.721,636.370
2538,24.055,598.754,636.383
2539,24.034,598.788,636.397
2540,24.013,598.822,636.411
2541,23.992,598.856,636.424
2542,23.971,598.891,636.438
2543,23.950,598.926,636.451
2544,23.929,598.960,636.465
2545,23.909,598.994,636.479
2546,23.888,599.028,636.492
2547,23.867,599.063,636.506
2548,23.846,599.097,636.520
2549,23.825,599.131,636.533
2550,23.805,599.166,636.547
2551,23.784,599.200,636.560
2552,23.763,599.235,636.574
2553,23.742,599.269,636.588
2554,23.722,599.304,636.602
2555,23.701,599.338,636.616
2556,23.680,599.373,636.630
2557,23.660,599.407,636.643
2558,23.639,599.442,636.657
2559,23.619,599.476,636.671
2560,23.598,599.511,636.684
2561,23.577,599.547,636.698
2562,23.557,599.582,636.711
2563,23.536,599.616,636.725
2564,23.516,599.651,636.740
2565,23.495,599.686,636.753
2566,23.475,599.721,636.767
2567,23.454,599.756,636.781
2568,23.434,599.791,636.794
2569,23.413,599.826,636.808
2570,23.393,599.861,636.822
2571,23.372,599.896,636.836
2572,23.352,599.932,636.850
2573,23.332,599.967,636.864
2574,23.311,600.002,636.877
2575,23.291,600.037,636.891
2576,23.271,600.072,636.906
2577,23.250,600.107,636.919
2578,23.230,600.142,636.933
2579,23.210,600.178,636.947
2580,23.189,600.213,636.960
2581,23.169,600.249,636.975
2582,23.149,600.285,636.989
2583,23.129,600.320,637.002
2584,23.108,600.356,637.017
2585,23.088,600.391,637.030
2586,23.068,600.427,637.044
2587,23.048,600.462,637.058
2588,23.027,600.498,637.073
2589,23.007,600.534,637.086
2590,22.987,600.570,637.100
2591,22.967,600.606,637.115
2592,22.947,600.641,637.128
2593,22.927,600.677,637.142
2594,22.907,600.713,637.157
2595,22.887,600.749,637.170
2596,22.867,600.785,637.185
2597,22.847,600.821,637.199
2598,22.827,600.857,637.212
2599,22.807,600.893,637.227
2600,22.787,600.930,637.241
2601,22.767,600.966,637.254
2602,22.747,601.002,637.269
2603,22.727,601.038,637.283
2604,22.707,601.074,637.297
2605,22.687,601.110,637.311
2606,22.667,601.147,637.326
2607,22.647,601.183,637.339
2608,22.627,601.220,637.354
2609,22.608,601.256,637.368
2610,22.588,601.293,637.382
2611,22.568,601.330,637.396
2612,22.548,601.365,637.410
2613,22.528,601.403,637.425
2614,22.508,601.439,637.439
2615,22.489,601.476,637.453
2616,22.469,601.512,637.467
2617,22.449,601.549,637.481
2618,22.430,601.586,637.495
2619,22.410,601.623,637.510
2620,22.390,601.660,637.524
2621,22.371,601.697,637.538
2622,22.351,601.733,637.553
2623,22.331,601.770,637.567
2624,22.312,601.808,637.581
2625,22.292,601.845,637.595
2626,22.273,601.882,637.610
2627,22.253,601.920,637.624
2628,22.233,601.957,637.638
2629,22.214,601.994,637.653
2630,22.194,602.031,637.667
2631,22.175,602.068,637.681
2632,22.155,602.105,637.696
2633,22.136,602.143,637.710
2634,22.117,602.181,637.724
2635,22.097,602.218,637.739
2636,22.078,602.255,637.754
2637,22.058,602.294,637.768
2638,22.039,602.331,637.782
2639,22.020,602.369,637.797
2640,22.000,602.406,637.811
2641,21.981,602.444,637.825
2642,21.962,602.482,637.840
2643,21.942,602.519,637.855
2644,21.923,602.557,637.870
2645,21.904,602.596,637.884
2646,21.884,602.633,637.898
2647,21.865,602.671,637.913
2648,21.846,602.709,637.928
2649,21.827,602.748,637.942
2650,21.808,602.786,637.956
2651,21.788,602.824,637.971
2652,21.769,602.862,637.985
2653,21.750,602.901,638.000
2654,21.731,602.939,638.015
2655,21.712,602.977,638.030
2656,21.693,603.016,638.044
2657,21.674,603.054,638.059
2658,21.655,603.092,638.073
2659,21.636,603.131,638.088
2660,21.617,603.170,638.102
2661,21.598,603.208,638.117
2662,21.579,603.247,638.132
2663,21.560,603.285,638.146
2664,21.541,603.324,638.161
2665,21.522,603.363,638.176
2666,21.503,603.402,638.190
2667,21.484,603.440,638.205
2668,21.465,603.480,638.220
2669,21.446,603.519,638.235
2670,21.427,603.557,638.249
2671,21.408,603.597,638.265
2672,21.390,603.636,638.279
2673,21.371,603.675,638.294
2674,21.352,603.715,638.309
2675,21.333,603.754,638.324
2676,21.315,603.793,638.338
2677,21.296,603.832,638.353
2678,21.277,603.872,638.368
2679,21.258,603.911,638.383
2680,21.240,603.950,638.397
2681,21.221,603.990,638.412
2682,21.202,604.030,638.428
2683,21.184,604.069,638.443
2684,21.165,604.109,638.457
2685,21.147,604.149,638.472
2686,21.128,604.189,638.487
2687,21.109,604.229,638.502
2688,21.091,604.268,638.517
2689,21.072,604.309,638.532
2690,21.054,604.348,638.547
2691,21.035,604.388,638.563
2692,21.017,604.429,638.577
2693,20.998,604.468,638.592
2694,20.980,604.509,638.607
2695,20.962,604.549,638.622
2696,20.943,604.589,638.637
2697,20.925,604.630,638.653
2698,20.906,604.670,638.668
2699,20.888,604.711,638.683
2700,20.870,604.751,638.698
2701,20.851,604.791,638.713
2702,20.833,604.832,638.728
2703,20.815,604.873,638.743
2704,20.796,604.913,638.758
2705,20.778,604.954,638.774
2706,20.760,604.995,638.789
2707,20.742,605.035,638.804
2708,20.724,605.077,638.819
2709,20.705,605.118,638.834
2710,20.687,605.159,638.850
2711,20.669,605.200,638.865
2712,20.651,605.241,638.880
2713,20.633,605.282,638.895
2714,20.615,605.323,638.911
2715,20.597,605.364,638.926
2716,20.579,605.406,638.941
2717,20.561,605.447,638.956
2718,20.543,605.489,638.972
2719,20.525,605.530,638.988
2720,20.507,605.571,639.002
2721,20.489,605.613,639.018
2722,20.471,605.655,639.033
2723,20.453,605.697,639.049
2724,20.435,605.738,639.065
2725,20.417,605.780,639.079
2726,20.399,605.822,639.095
2727,20.381,605.864,639.110
2728,20.363,605.906,639.126
2729,20.346,605.948,639.142
2730,20.328,605.990,639.157
2731,20.310,606.032,639.172
2732,20.292,606.075,639.188
2733,20.274,606.116,639.204
2734,20.257,606.159,639.219
2735,20.239,606.201,639.234
2736,20.221,606.244,639.250
2737,20.204,606.286,639.266
2738,20.186,606.328,639.281
2739,20.168,606.371,639.296
2740,20.151,606.413,639.312
2741,20.133,606.457,639.328
2742,20.116,606.499,639.344
2743,20.098,606.542,639.360
2744,20.080,606.585,639.375
2745,20.063,606.627,639.390
2746,20.045,606.671,639.406
2747,20.028,606.714,639.422
2748,20.010,606.757,639.438
2749,19.993,606.801,639.454
2750,19.976,606.844,639.469
2751,19.958,606.886,639.485
2752,19.941,606.930,639.501
2753,19.923,606.973,639.517
2754,19.906,607.017,639.533
2755,19.889,607.060,639.548
2756,19.871,607.104,639.564
2757,19.854,607.147,639.580
2758,19.837,607.192,639.596
2759,19.819,607.235,639.612
2760,19.802,607.279,639.627
2761,19.785,607.323,639.643
2762,19.768,607.367,639.659
2763,19.751,607.411,639.675
2764,19.733,607.455,639.692
2765,19.716,607.500,639.708
2766,19.699,607.544,639.723
2767,19.682,607.587,639.739
2768,19.665,607.632,639.755
2769,19.648,607.677,639.771
2770,19.631,607.721,639.788
2771,19.614,607.766,639.804
2772,19.597,607.810,639.819
2773,19.580,607.855,639.835
2774,19.563,607.899,639.852
2775,19.546,607.944,639.868
2776,19.529,607.989,639.884
2777,19.512,608.034,639.901
2778,19.495,608.079,639.916
2779,19.478,608.124,639.932
2780,19.461,608.169,639.949
2781,19.445,608.214,639.965
2782,19.428,608.259,639.981
2783,19.411,608.305,639.998
2784,19.394,608.350,640.013
2785,19.377,608.396,640.029
2786,19.361,608.441,640.046
2787,19.344,608.487,640.062
2788,19.327,608.532,640.079
2789,19.311,608.578,640.095
2790,19.294,608.623,640.111
2791,19.277,608.669,640.127
2792,19.261,608.716,640.144
2793,19.244,608.761,640.160
2794,19.227,608.807,640.177
2795,19.211,608.854,640.193
2796,19.194,608.899,640.210
2797,19.178,608.946,640.226
2798,19.161,608.992,640.242
2799,19.145,609.039,640.259
2800,19.128,609.084,640.276
2801,19.112,609.131,640.292
2802,19.095,609.178,640.309
2803,19.079,609.224,640.326
2804,19.063,609.271,640.342
2805,19.046,609.318,640.358
2806,19.030,609.365,640.375
2807,19.014,609.412,640.391
2808,18.997,609.458,640.408
2809,18.981,609.506,640.425
2810,18.965,609.553,640.442
2811,18.949,609.600,640.458
2812,18.932,609.648,640.475
2813,18.916,609.695,640.491
2814,18.900,609.742,640.508
2815,18.884,609.790,640.525
2816,18.868,609.837,640.542
2817,18.852,609.885,640.559
2818,18.836,609.933,640.575
2819,18.819,609.980,640.592
2820,18.803,610.028,640.609
2821,18.787,610.077,640.626
2822,18.771,610.124,640.642
2823,18.755,610.173,640.659
2824,18.739,610.220,640.676
2825,18.723,610.269,640.693
2826,18.708,610.317,640.711
2827,18.692,610.366,640.727
2828,18.676,610.414,640.744
2829,18.660,610.462,640.761
2830,18.644,610.511,640.778
2831,18.628,610.560,640.795
2832,18.612,610.609,640.812
2833,18.597,610.657,640.829
2834,18.581,610.706,640.846
2835,18.565,610.755,640.863
2836,18.549,610.804,640.880
2837,18.534,610.854,640.897
2838,18.518,610.903,640.914
2839,18.502,610.952,640.932
2840,18.487,611.001,640.949
2841,18.471,611.051,640.966
2842,18.456,611.101,640.983
2843,18.440,611.150,641.001
2844,18.425,611.200,641.018
2845,18.409,611.250,641.035
2846,18.394,611.299,641.052
2847,18.378,611.349,641.069
2848,18.363,611.399,641.087
2849,18.347,611.449,641.104
2850,18.332,611.500,641.122
2851,18.316,611.550,641.139
2852,18.301,611.600,641.156
2853,18.286,611.651,641.174
2854,18.270,611.701,641.191
2855,18.255,611.752,641.209
2856,18.240,611.802,641.226
2857,18.225,611.853,641.243
2858,18.209,611.904,641.261
2859,18.194,611.955,641.278
2860,18.179,612.005,641.296
2861,18.164,612.057,641.313
2862,18.149,612.108,641.331
2863,18.133,612.159,641.349
2864,18.118,612.211,641.366
2865,18.103,612.262,641.384
2866,18.088,612.313,641.402
2867,18.073,612.365,641.420
2868,18.058,612.417,641.437
2869,18.043,612.469,641.455
2870,18.028,612.520,641.472
2871,18.013,612.572,641.490
2872,17.998,612.624,641.508
2873,17.984,612.676,641.525
2874,17.969,612.729,641.543
2875,17.954,612.781,641.561
2876,17.939,612.833,641.579
2877,17.924,612.885,641.597
2878,17.909,612.938,641.615
2879,17.895,612.990,641.633
2880,17.880,613.043,641.651
2881,17.865,613.095,641.669
2882,17.850,613.148,641.687
2883,17.836,613.202,641.705
2884,17.821,613.255,641.723
2885,17.807,613.308,641.741
2886,17.792,613.360,641.758
2887,17.778,613.414,641.776
2888,17.763,613.467,641.794
2889,17.748,613.521,641.813
2890,17.734,613.575,641.831
2891,17.719,613.628,641.849
2892,17.705,613.682,641.867
2893,17.691,613.736,641.885
2894,17.676,613.790,641.903
2895,17.662,613.844,641.922
2896,17.647,613.898,641.940
2897,17.633,613.952,641.958
2898,17.619,614.006,641.976
2899,17.604,614.061,641.995
2900,17.590,614.116,642.013
2901,17.576,614.170,642.032
2902,17.562,614.225,642.050
2903,17.548,614.280,642.068
2904,17.533,614.335,642.087
2905,17.519,614.390,642.105
2906,17.505,614.445,642.124
2907,17.491,614.500,642.142
2908,17.477,614.555,642.161
2909,17.463,614.610,642.179
2910,17.449,614.665,642.198
2911,17.435,614.721,642.216
2912,17.421,614.777,642.235
2913,17.407,614.832,642.253
2914,17.393,614.888,642.272
2915,17.379,614.944,642.291
2916,17.365,615.000,642.309
2917,17.352,615.056,642.328
2918,17.338,615.113,642.347
2919,17.324,615.169,642.365
2920,17.310,615.225,642.384
2921,17.296,615.282,642.403
2922,17.283,615.339,642.422
2923,17.269,615.395,642.441
2924,17.255,615.452,642.459
2925,17.242,615.509,642.478
2926,17.228,615.566,642.497
2927,17.215,615.623,642.516
2928,17.201,615.680,642.535
2929,17.187,615.738,642.554
2930,17.174,615.795,642.573
2931,17.160,615.852,642.592
2932,17.147,615.910,642.611
2933,17.134,615.968,642.630
2934,17.120,616.025,642.649
2935,17.107,616.083,642.668
2936,17.093,616.141,642.687
2937,17.080,616.199,642.706
2938,17.067,616.257,642.725
2939,17.053,616.316,642.744
2940,17.040,616.375,642.763
2941,17.027,616.433,642.783
2942,17.014,616.492,642.802
2943,17.001,616.550,642.821
2944,16.987,616.609,642.840
2945,16.974,616.668,642.860
2946,16.961,616.727,642.879
2947,16.948,616.786,642.898
2948,16.935,616.846,642.917
2949,16.922,616.905,642.937
2950,16.909,616.964,642.956
2951,16.896,617.024,642.976
2952,16.883,617.083,642.995
2953,16.870,617.144,643.014
2954,16.857,617.204,643.034
2955,16.845,617.263,643.053
2956,16.832,617.323,643.073
2957,16.819,617.383,643.092
2958,16.806,617.444,643.112
2959,16.793,617.504,643.132
2960,16.781,617.564,643.151
2961,16.768,617.625,643.171
2962,16.755,617.686,643.191
2963,16.743,617.747,643.211
2964,16.730,617.808,643.231
2965,16.717,617.869,643.250
2966,16.705,617.930,643.270
2967,16.692,617.991,643.290
2968,16.680,618.052,643.310
2969,16.667,618.114,643.329
2970,16.655,618.176,643.349
2971,16.642,618.237,643.369
2972,16.630,618.300,643.389
2973,16.618,618.362,643.409
2974,16.605,618.424,643.429
2975,16.593,618.486,643.449
2976,16.581,618.548,643.469
2977,16.568,618.610,643.489
2978,16.556,618.673,643.509
2979,16.544,618.736,643.529
2980,16.532,618.798,643.550
2981,16.520,618.861,643.570
2982,16.508,618.924,643.590
2983,16.495,618.987,643.610
2984,16.483,619.050,643.630
2985,16.471,619.113,643.650
2986,16.459,619.177,643.670
2987,16.447,619.241,643.690
2988,16.435,619.304,643.711
2989,16.423,619.367,643.731
2990,16.412,619.432,643.752
2991,16.400,619.496,643.772
2992,16.388,619.560,643.793
2993,16.376,619.624,643.813
2994,16.364,619.689,643.833
2995,16.353,619.753,643.854
2996,16.341,619.818,643.874
2997,16.329,619.882,643.895
2998,16.317,619.947,643.915
2999,16.306,620.012,643.936
3000,16.294,620.077,643.956
3001,16.283,620.142,643.977
3002,16.271,620.207,643.998
3003,16.260,620.273,644.019
3004,16.248,620.338,644.039
3005,16.237,620.404,644.060
3006,16.225,620.470,644.080
3007,16.214,620.536,644.102
3008,16.202,620.602,644.122
3009,16.191,620.667,644.143
3010,16.180,620.734,644.164
3011,16.169,620.800,644.185
3012,16.157,620.867,644.206
3013,16.146,620.933,644.226
3014,16.135,621.000,644.247
3015,16.124,621.067,644.269
3016,16.113,621.134,644.290
3017,16.101,621.201,644.311
3018,16.090,621.268,644.332
3019,16.079,621.335,644.353
3020,16.068,621.403,644.374
3021,16.057,621.470,644.395
3022,16.046,621.538,644.416
3023,16.035,621.606,644.437
3024,16.025,621.674,644.458
3025,16.014,621.741,644.480
3026,16.003,621.810,644.501
3027,15.992,621.878,644.522
3028,15.981,621.947,644.543
3029,15.971,622.015,644.565
3030,15.960,622.084,644.586
3031,15.949,622.153,644.608
3032,15.939,622.221,644.629
3033,15.928,622.290,644.650
3034,15.917,622.360,644.671
3035,15.907,622.428,644.693
3036,15.896,622.498,644.715
3037,15.886,622.567,644.736
3038,15.875,622.637,644.758
3039,15.865,622.706,644.779
3040,15.855,622.777,644.801
3041,15.844,622.847,644.823
3042,15.834,622.917,644.845
3043,15.824,622.988,644.866
3044,15.813,623.057,644.888
3045,15.803,623.127,644.909
3046,15.793,623.198,644.931
3047,15.783,623.269,644.953
3048,15.773,623.340,644.975
3049,15.763,623.410,644.997
3050,15.752,623.482,645.018
3051,15.742,623.553,645.040
3052,15.732,623.625,645.063
3053,15.722,623.696,645.084
3054,15.712,623.768,645.106
3055,15.702,623.840,645.128
3056,15.693,623.911,645.150
3057,15.683,623.982,645.171
3058,15.673,624.055,645.194
3059,15.663,624.127,645.216
3060,15.653,624.200,645.238
3061,15.644,624.272,645.260
3062,15.634,624.344,645.283
3063,15.624,624.417,645.305
3064,15.615,624.490,645.327
3065,15.605,624.563,645.349
3066,15.596,624.636,645.371
3067,15.586,624.709,645.393
3068,15.577,624.782,645.416
3069,15.567,624.856,645.438
3070,15.558,624.929,645.460
3071,15.548,625.003,645.482
3072,15.539,625.077,645.505
3073,15.530,625.150,645.528
3074,15.520,625.225,645.550
3075,15.511,625.299,645.572
3076,15.502,625.373,645.595
3077,15.493,625.447,645.618
3078,15.483,625.522,645.640
3079,15.474,625.596,645.662
3080,15.465,625.671,645.685
3081,15.456,625.746,645.708
3082,15.447,625.821,645.730
3083,15.438,625.896,645.753
3084,15.429,625.971,645.775
3085,15.420,626.047,645.799
3086,15.411,626.123,645.821
3087,15.403,626.198,645.844
3088,15.394,626.273,645.866
3089,15.385,626.349,645.889
3090,15.376,626.425,645.912
3091,15.367,626.502,645.935
3092,15.359,626.578,645.958
3093,15.350,626.654,645.981
3094,15.342,626.730,646.004
3095,15.333,626.807,646.027
3096,15.324,626.883,646.049
3097,15.316,626.960,646.072
3098,15.307,627.037,646.096
3099,15.299,627.114,646.119
3100,15.290,627.192,646.141
3101,15.282,627.268,646.165
3102,15.274,627.345,646.188
3103,15.266,627.423,646.211
3104,15.257,627.502,646.234
3105,15.249,627.578,646.258
3106,15.241,627.656,646.281
3107,15.233,627.734,646.304
3108,15.224,627.812,646.326
3109,15.216,627.890,646.350
3110,15.208,627.969,646.373
3111,15.200,628.047,646.396
3112,15.192,628.126,646.420
3113,15.184,628.204,646.444
3114,15.176,628.283,646.467
3115,15.168,628.362,646.491
3116,15.161,628.440,646.514
3117,15.153,628.519,646.537
3118,15.145,628.598,646.561
3119,15.137,628.678,646.584
3120,15.130,628.757,646.607
3121,15.122,628.836,646.632
3122,15.114,628.916,646.655
3123,15.107,628.995,646.678
3124,15.099,629.075,646.701
3125,15.091,629.155,646.726
3126,15.084,629.235,646.749
3127,15.076,629.315,646.772
3128,15.069,629.395,646.796
3129,15.062,629.475,646.820
3130,15.054,629.555,646.843
3131,15.047,629.636,646.868
3132,15.040,629.716,646.891
3133,15.032,629.797,646.914
3134,15.025,629.878,646.939
3135,15.018,629.958,646.962
3136,15.011,630.040,646.987
3137,15.004,630.121,647.010
3138,14.997,630.202,647.034
3139,14.990,630.283,647.058
3140,14.983,630.364,647.082
3141,14.976,630.446,647.105
3142,14.969,630.527,647.129
3143,14.962,630.608,647.153
3144,14.955,630.690,647.177
3145,14.948,630.772,647.200
3146,14.941,630.853,647.225
3147,14.934,630.935,647.249
3148,14.928,631.017,647.273
3149,14.921,631.099,647.297
3150,14.914,631.181,647.321
3151,14.908,631.264,647.345
3152,14.901,631.346,647.369
3153,14.895,631.428,647.393
3154,14.888,631.510,647.417
3155,14.882,631.593,647.441
3156,14.875,631.675,647.465
3157,14.869,631.758,647.489
3158,14.862,631.841,647.513
3159,14.856,631.924,647.538
3160,14.850,632.007,647.562
3161,14.843,632.089,647.586
3162,14.837,632.173,647.610
3163,14.831,632.255,647.634
3164,14.825,632.338,647.659
3165,14.819,632.421,647.682
3166,14.813,632.505,647.707
3167,14.807,632.588,647.731
3168,14.801,632.671,647.755
3169,14.795,632.755,647.780
3170,14.789,632.838,647.804
3171,14.783,632.921,647.828
3172,14.777,633.005,647.853
3173,14.771,633.088,647.876
3174,14.765,633.173,647.901
3175,14.759,633.256,647.925
3176,14.754,633.339,647.949
3177,14.748,633.423,647.974
3178,14.742,633.507,647.998
3179,14.737,633.591,648.022
3180,14.731,633.675,648.047
3181,14.725,633.758,648.071
3182,14.720,633.843,648.096
3183,14.714,633.927,648.120
3184,14.709,634.011,648.145
3185,14.703,634.094,648.168
3186,14.698,634.178,648.193
3187,14.693,634.263,648.217
3188,14.687,634.346,648.242
3189,14.682,634.431,648.266
3190,14.677,634.515,648.291
3191,14.672,634.599,648.314
3192,14.666,634.683,648.339
3193,14.661,634.767,648.363
3194,14.656,634.852,648.388
3195,14.651,634.935,648.412
3196,14.646,635.020,648.437
3197,14.641,635.104,648.461
3198,14.636,635.188,648.486
3199,14.631,635.273,648.510
3200,14.626,635.356,648.534
3201,14.621,635.440,648.559
3202,14.616,635.525,648.583
3203,14.612,635.610,648.608
3204,14.607,635.693,648.632
3205,14.602,635.777,648.656
3206,14.597,635.861,648.681
3207,14.593,635.945,648.704
3208,14.588,636.029,648.729
3209,14.583,636.114,648.753
3210,14.579,636.198,648.778
3211,14.574,636.282,648.802
3212,14.570,636.365,648.826
3213,14.565,636.450,648.851
3214,14.561,636.533,648.875
3215,14.556,636.617,648.899
3216,14.552,636.702,648.924
3217,14.547,636.785,648.948
3218,14.543,636.869,648.972
3219,14.539,636.953,648.996
3220,14.535,637.036,649.021
3221,14.530,637.120,649.045
3222,14.526,637.204,649.069
3223,14.522,637.286,649.093
3224,14.518,637.369,649.117
3225,14.514,637.453,649.142
3226,14.510,637.536,649.165
3227,14.505,637.619,649.190
3228,14.501,637.703,649.214
3229,14.497,637.786,649.238
3230,14.494,637.869,649.262
3231,14.490,637.952,649.286
3232,14.486,638.035,649.310
3233,14.482,638.117,649.335
3234,14.478,638.200,649.358
3235,14.474,638.283,649.383
3236,14.470,638.365,649.406
3237,14.467,638.448,649.431
3238,14.463,638.529,649.454
3239,14.459,638.612,649.479
3240,14.455,638.693,649.502
3241,14.452,638.776,649.526
3242,14.448,638.858,649.550
3243,14.445,638.940,649.574
3244,14.441,639.022,649.597
3245,14.438,639.102,649.622
3246,14.434,639.184,649.645
3247,14.431,639.265,649.669
3248,14.427,639.346,649.692
3249,14.424,639.427,649.716
3250,14.420,639.508,649.739
3251,14.417,639.588,649.764
3252,14.414,639.670,649.787
3253,14.410,639.750,649.811
3254,14.407,639.830,649.834
3255,14.404,639.910,649.858
3256,14.401,639.990,649.881
3257,14.397,640.070,649.905
3258,14.394,640.149,649.927
3259,14.391,640.229,649.951
3260,14.388,640.308,649.974
3261,14.385,640.387,649.998
3262,14.382,640.466,650.021
3263,14.379,640.545,650.044
3264,14.376,640.624,650.067
3265,14.373,640.702,650.090
3266,14.370,640.780,650.113
3267,14.367,640.858,650.136
3268,14.364,640.937,650.159
3269,14.361,641.014,650.182
3270,14.358,641.092,650.205
3271,14.355,641.168,650.228
3272,14.352,641.246,650.250
3273,14.349,641.323,650.274
3274,14.347,641.399,650.296
3275,14.344,641.475,650.319
3276,14.341,641.553,650.341
3277,14.338,641.628,650.364
3278,14.336,641.704,650.386
3279,14.333,641.779,650.409
3280,14.330,641.855,650.431
3281,14.328,641.930,650.454
3282,14.325,642.005,650.476
3283,14.322,642.080,650.499
3284,14.320,642.154,650.521
3285,14.317,642.228,650.543
3286,14.315,642.302,650.566
3287,14.312,642.376,650.587
3288,14.310,642.449,650.610
3289,14.307,642.522,650.631
3290,14.305,642.595,650.654
3291,14.302,642.668,650.675
3292,14.300,642.740,650.697
3293,14.297,642.812,650.718
3294,14.295,642.884,650.741
3295,14.293,642.956,650.762
3296,14.290,643.028,650.784
3297,14.288,643.098,650.805
3298,14.286,643.169,650.827
3299,14.283,643.240,650.847
3300,14.281,643.309,650.869
3301,14.279,643.380,650.890
3302,14.277,643.449,650.912
3303,14.274,643.519,650.932
3304,14.272,643.588,650.954
3305,14.270,643.657,650.974
3306,14.268,643.725,650.996
3307,14.266,643.794,651.016
3308,14.263,643.861,651.037
3309,14.261,643.929,651.057
3310,14.259,643.997,651.078
3311,14.257,644.063,651.099
3312,14.255,644.130,651.119
3313,14.253,644.197,651.139
3314,14.251,644.262,651.160
3315,14.249,644.328,651.180
3316,14.247,644.394,651.201
3317,14.245,644.459,651.220
3318,14.243,644.524,651.241
3319,14.241,644.589,651.260
3320,14.239,644.652,651.281
3321,14.237,644.717,651.300
3322,14.235,644.781,651.320
3323,14.233,644.843,651.339
3324,14.231,644.906,651.360
3325,14.229,644.969,651.379
3326,14.227,645.031,651.399
3327,14.225,645.093,651.418
3328,14.223,645.154,651.437
3329,14.221,645.216,651.457
3330,14.219,645.277,651.476
3331,14.218,645.337,651.495
3332,14.216,645.398,651.513
3333,14.214,645.457,651.533
3334,14.212,645.517,651.551
3335,14.210,645.577,651.570
3336,14.208,645.635,651.588
3337,14.207,645.694,651.607
3338,14.205,645.752,651.625
3339,14.203,645.810,651.644
3340,14.201,645.867,651.662
3341,14.200,645.925,651.680
3342,14.198,645.981,651.698
3343,14.196,646.038,651.716
3344,14.194,646.094,651.734
3345,14.193,646.150,651.752
3346,14.191,646.206,651.770
3347,14.189,646.260,651.788
3348,14.187,646.315,651.805
3349,14.186,646.370,651.823
3350,14.184,646.424,651.840
3351,14.182,646.477,651.858
3352,14.181,646.531,651.874
3353,14.179,646.585,651.892
3354,14.177,646.637,651.909
3355,14.176,646.689,651.926
3356,14.174,646.742,651.943
3357,14.172,646.793,651.960
3358,14.171,646.845,651.976
3359,14.169,646.895,651.993
3360,14.168,646.946,652.010
3361,14.166,646.996,652.026
3362,14.164,647.046,652.042
3363,14.163,647.096,652.058
3364,14.161,647.146,652.075
3365,14.159,647.194,652.090
3366,14.158,647.242,652.107
3367,14.156,647.291,652.122
3368,14.155,647.339,652.139
3369,14.153,647.386,652.154
3370,14.152,647.434,652.170
3371,14.150,647.480,652.185
3372,14.148,647.527,652.200
3373,14.147,647.573,652.216
3374,14.145,647.619,652.231
3375,14.144,647.665,652.247
3376,14.142,647.710,652.261
3377,14.141,647.755,652.276
3378,14.139,647.800,652.291
3379,14.138,647.844,652.306
3380,14.136,647.888,652.321
3381,14.135,647.931,652.335
3382,14.133,647.975,652.350
3383,14.132,648.018,652.364
3384,14.130,648.060,652.378
3385,14.129,648.103,652.393
3386,14.127,648.145,652.406
3387,14.126,648.186,652.421
3388,14.124,648.227,652.435
3389,14.123,648.268,652.449
3390,14.121,648.309,652.462
3391,14.120,648.350,652.476
3392,14.118,648.390,652.490
3393,14.117,648.430,652.503
3394,14.115,648.469,652.517
3395,14.114,648.508,652.530
3396,14.112,648.547,652.543
3397,14.111,648.586,652.556
3398,14.109,648.624,652.569
3399,14.108,648.662,652.582
3400,14.106,648.699,652.595
3401,14.105,648.737,652.608
3402,14.103,648.774,652.621
3403,14.102,648.811,652.634
3404,14.100,648.848,652.646
3405,14.099,648.884,652.658
3406,14.098,648.920,652.671
3407,14.096,648.955,652.683
3408,14.095,648.991,652.695
3409,14.093,649.026,652.707
3410,14.092,649.061,652.719
3411,14.090,649.095,652.731
3412,14.089,649.130,652.743
3413,14.088,649.164,652.754
3414,14.086,649.198,652.766
3415,14.085,649.231,652.777
3416,14.083,649.264,652.790
3417,14.082,649.297,652.801
3418,14.080,649.330,652.812
3419,14.079,649.362,652.823
3420,14.078,649.394,652.834
3421,14.076,649.426,652.845
3422,14.075,649.458,652.857
3423,14.073,649.489,652.867
3424,14.072,649.521,652.878
3425,14.070,649.552,652.889
3426,14.069,649.582,652.900
3427,14.068,649.613,652.910
3428,14.066,649.643,652.921
3429,14.065,649.673,652.931
3430,14.063,649.702,652.941
3431,14.062,649.732,652.952
3432,14.061,649.761,652.962
3433,14.059,649.790,652.972
3434,14.058,649.818,652.982
3435,14.056,649.847,652.992
3436,14.055,649.875,653.002
3437,14.054,649.903,653.012
3438,14.052,649.931,653.021
3439,14.051,649.959,653.031
3440,14.050,649.987,653.041
3441,14.048,650.014,653.050
3442,14.047,650.040,653.060
3443,14.045,650.067,653.069
3444,14.044,650.094,653.078
3445,14.043,650.120,653.087
3446,14.041,650.146,653.097
3447,14.040,650.172,653.106
3448,14.039,650.198,653.115
3449,14.037,650.223,653.124
3450,14.036,650.249,653.133
3451,14.034,650.274,653.141
3452,14.033,650.299,653.150
3453,14.032,650.324,653.159
3454,14.030,650.348,653.168
3455,14.029,650.373,653.176
3456,14.028,650.396,653.185
3457,14.026,650.421,653.193
3458,14.025,650.444,653.201
3459,14.024,650.468,653.209
3460,14.022,650.491,653.218
3461,14.021,650.515,653.226
3462,14.020,650.537,653.234
3463,14.018,650.560,653.242
3464,14.017,650.583,653.250
3465,14.016,650.606,653.258
3466,14.014,650.628,653.266
3467,14.013,650.650,653.274
3468,14.012,650.672,653.281
3469,14.010,650.694,653.289
3470,14.009,650.715,653.296
3471,14.008,650.737,653.304
3472,14.006,650.758,653.312
3473,14.005,650.779,653.319
3474,14.004,650.800,653.327
3475,14.002,650.821,653.334
3476,14.001,650.841,653.341
3477,14.000,650.862,653.348
3478,13.998,650.883,653.356
3479,13.997,650.902,653.363
3480,13.996,650.922,653.369
3481,13.994,650.943,653.377
3482,13.993,650.962,653.383
3483,13.992,650.982,653.390
3484,13.990,651.001,653.397
3485,13.989,651.020,653.404
3486,13.988,651.040,653.410
3487,13.986,651.059,653.418
3488,13.985,651.077,653.424
3489,13.984,651.096,653.430
3490,13.983,651.115,653.437
3491,13.981,651.133,653.443
3492,13.980,651.151,653.450
3493,13.979,651.169,653.456
3494,13.977,651.187,653.462
3495,13.976,651.205,653.468
3496,13.975,651.223,653.475
3497,13.974,651.240,653.481
3498,13.972,651.257,653.487
3499,13.971,651.275,653.493
3500,13.970,651.292,653.499
3501,13.968,651.309,653.506
3502,13.967,651.326,653.511
3503,13.966,651.342,653.517
3504,13.965,651.359,653.523
3505,13.963,651.375,653.529
3506,13.962,651.392,653.535
3507,13.961,651.409,653.540
3508,13.960,651.424,653.546
3509,13.958,651.441,653.551
3510,13.957,651.457,653.557
3511,13.956,651.472,653.563
3512,13.954,651.488,653.568
3513,13.953,651.503,653.574
3514,13.952,651.519,653.579
3515,13.951,651.535,653.585
3516,13.949,651.549,653.590
3517,13.948,651.565,653.595
3518,13.947,651.579,653.600
3519,13.946,651.594,653.606
3520,13.944,651.609,653.611
3521,13.943,651.624,653.616
3522,13.942,651.639,653.621
3523,13.941,651.652,653.626
3524,13.939,651.667,653.631
3525,13.938,651.681,653.636
3526,13.937,651.695,653.641
3527,13.936,651.709,653.646
3528,13.935,651.723,653.651
3529,13.933,651.736,653.655
3530,13.932,651.750,653.660
3531,13.931,651.764,653.665
3532,13.930,651.777,653.670
3533,13.928,651.790,653.675
3534,13.927,651.804,653.679
3535,13.926,651.817,653.684
3536,13.925,651.830,653.688
3537,13.924,651.843,653.692
3538,13.922,651.856,653.698
3539,13.921,651.869,653.702
3540,13.920,651.881,653.706
3541,13.919,651.894,653.711
3542,13.917,651.906,653.715
3543,13.916,651.919,653.719
3544,13.915,651.931,653.723
3545,13.914,651.944,653.728
3546,13.913,651.955,653.732
3547,13.911,651.968,653.736
3548,13.910,651.979,653.740
3549,13.909,651.991,653.744
3550,13.908,652.003,653.748
3551,13.907,652.015,653.753
3552,13.905,652.026,653.757
3553,13.904,652.038,653.761
3554,13.903,652.049,653.765
3555,13.902,652.061,653.769
3556,13.901,652.072,653.773
3557,13.899,652.083,653.777
3558,13.898,652.094,653.781
3559,13.897,652.105,653.785
3560,13.896,652.116,653.789
3561,13.895,652.127,653.792
3562,13.894,652.138,653.796
3563,13.892,652.149,653.800
3564,13.891,652.159,653.804
3565,13.890,652.170,653.807
3566,13.889,652.180,653.811
3567,13.888,652.191,653.814
3568,13.887,652.201,653.818
3569,13.885,652.211,653.822
3570,13.884,652.221,653.825
3571,13.883,652.231,653.829
3572,13.882,652.242,653.832
3573,13.881,652.251,653.836
3574,13.880,652.262,653.839
3575,13.878,652.271,653.843
3576,13.877,652.280,653.846
3577,13.876,652.291,653.850
3578,13.875,652.300,653.853
3579,13.874,652.309,653.856
3580,13.873,652.319,653.859
3581,13.871,652.328,653.863
3582,13.870,652.338,653.866
3583,13.869,652.347,653.869
3584,13.868,652.356,653.873
3585,13.867,652.365,653.876
3586,13.866,652.374,653.879
3587,13.865,652.383,653.882
3588,13.863,652.392,653.885
3589,13.862,652.401,653.888
3590,13.861,652.410,653.891
3591,13.860,652.419,653.894
3592,13.859,652.427,653.897
3593,13.858,652.436,653.900
3594,13.857,652.445,653.903
3595,13.856,652.453,653.907
3596,13.854,652.461,653.909
3597,13.853,652.470,653.912
3598,13.852,652.478,653.915
3599,13.851,652.486,653.918
3600,13.850,652.495,653.921
3601,13.849,652.503,653.924
3602,13.848,652.510,653.926
3603,13.847,652.519,653.929
3604,13.846,652.527,653.932
3605,13.844,652.534,653.935
3606,13.843,652.543,653.937
3607,13.842,652.550,653.941
3608,13.841,652.559,653.943
3609,13.840,652.566,653.946
3610,13.839,652.573,653.949
3611,13.838,652.581,653.951
3612,13.837,652.589,653.954
3613,13.836,652.596,653.956
3614,13.834,652.604,653.959
3615,13.833,652.611,653.961
3616,13.832,652.618,653.964
3617,13.831,652.626,653.966
3618,13.830,652.633,653.970
3619,13.829,652.640,653.972
3620,13.828,652.647,653.974
3621,13.827,652.654,653.977
3622,13.826,652.662,653.979
3623,13.825,652.668,653.982
3624,13.824,652.675,653.984
3625,13.822,652.682,653.986
3626,13.821,652.689,653.989
3627,13.820,652.696,653.991
3628,13.819,652.702,653.993
3629,13.818,652.710,653.996
3630,13.817,652.716,653.999
3631,13.816,652.723,654.001
3632,13.815,652.729,654.003
3633,13.814,652.736,654.005
3634,13.813,652.742,654.007
3635,13.812,652.748,654.009
3636,13.811,652.755,654.012
3637,13.810,652.762,654.014
3638,13.809,652.768,654.016
3639,13.807,652.774,654.018
3640,13.806,652.781,654.021
3641,13.805,652.787,654.023
3642,13.804,652.792,654.025
3643,13.803,652.798,654.027
3644,13.802,652.805,654.029
3645,13.801,652.811,654.031
3646,13.800,652.817,654.033
3647,13.799,652.822,654.035
3648,13.798,652.829,654.037
3649,13.797,652.834,654.039
3650,13.796,652.840,654.041
3651,13.795,652.846,654.044
3652,13.794,652.852,654.046
3653,13.793,652.857,654.048
3654,13.792,652.863,654.050
3655,13.791,652.869,654.052
3656,13.790,652.874,654.053
3657,13.789,652.880,654.055
3658,13.788,652.886,654.057
3659,13.787,652.891,654.059
3660,13.786,652.897,654.061
3661,13.784,652.902,654.063
3662,13.783,652.907,654.065
3663,13.782,652.913,654.067
3664,13.781,652.918,654.069
3665,13.780,652.924,654.071
3666,13.779,652.929,654.072
3667,13.778,652.934,654.074
3668,13.777,652.939,654.076
3669,13.776,652.944,654.077
3670,13.775,652.949,654.079
3671,13.774,652.954,654.081
3672,13.773,652.959,654.083
3673,13.772,652.964,654.085
3674,13.771,652.969,654.087
3675,13.770,652.974,654.088
3676,13.769,652.979,654.090
3677,13.768,652.984,654.092
3678,13.767,652.989,654.093
3679,13.766,652.994,654.095
3680,13.765,652.999,654.096
3681,13.764,653.004,654.098
3682,13.763,653.008,654.100
3683,13.762,653.013,654.102
3684,13.761,653.017,654.103
3685,13.760,653.022,654.105
3686,13.759,653.027,654.107
3687,13.758,653.031,654.108
3688,13.757,653.036,654.110
3689,13.756,653.040,654.111
3690,13.755,653.045,654.113
3691,13.754,653.050,654.114
3692,13.753,653.054,654.116
3693,13.752,653.058,654.118
3694,13.751,653.063,654.119
3695,13.750,653.067,654.121
3696,13.749,653.072,654.122
3697,13.748,653.076,654.124
3698,13.747,653.080,654.125
3699,13.746,653.084,654.126
3700,13.745,653.088,654.128
3701,13.744,653.093,654.129
3702,13.743,653.097,654.131
3703,13.742,653.101,654.133
3704,13.741,653.105,654.134
3705,13.740,653.109,654.135
3706,13.739,653.114,654.137
3707,13.738,653.118,654.138
3708,13.738,653.122,654.139
3709,13.737,653.125,654.141
3710,13.736,653.129,654.142
3711,13.735,653.134,654.143
3712,13.734,653.138,654.145
3713,13.733,653.141,654.147
3714,13.732,653.145,654.148
3715,13.731,653.149,654.149
3716,13.730,653.153,654.150
3717,13.729,653.157,654.152
3718,13.728,653.161,654.153
3719,13.727,653.164,654.154
3720,13.726,653.168,654.155
3721,13.725,653.172,654.157
3722,13.724,653.176,654.158
3723,13.723,653.179,654.160
3724,13.722,653.183,654.161
3725,13.721,653.186,654.162
3726,13.720,653.191,654.163
3727,13.719,653.194,654.165
3728,13.718,653.198,654.166
3729,13.717,653.201,654.167
3730,13.716,653.204,654.168
3731,13.716,653.208,654.169
3732,13.715,653.212,654.170
3733,13.714,653.215,654.172
3734,13.713,653.219,654.173
3735,13.712,653.222,654.174
3736,13.711,653.226,654.176
3737,13.710,653.229,654.177
3738,13.709,653.232,654.178
3739,13.708,653.235,654.179
3740,13.707,653.239,654.180
3741,13.706,653.242,654.181
3742,13.705,653.246,654.182
3743,13.704,653.249,654.184
3744,13.703,653.252,654.185
3745,13.702,653.255,654.186
3746,13.702,653.259,654.187
3747,13.701,653.262,654.188
3748,13.700,653.265,654.189
3749,13.699,653.268,654.190
3750,13.698,653.272,654.191
3751,13.697,653.275,654.192
3752,13.696,653.278,654.193
3753,13.695,653.281,654.195
3754,13.694,653.284,654.196
3755,13.693,653.287,654.197
3756,13.692,653.290,654.198
3757,13.691,653.293,654.199
3758,13.691,653.296,654.200
3759,13.690,653.299,654.201
3760,13.689,653.302,654.202
3761,13.688,653.305,654.203
3762,13.687,653.308,654.204
3763,13.686,653.311,654.205
3764,13.685,653.314,654.206
3765,13.684,653.317,654.207
3766,13.683,653.320,654.208
3767,13.682,653.323,654.209
3768,13.682,653.325,654.210
3769,13.681,653.328,654.211
3770,13.680,653.331,654.212
3771,13.679,653.334,654.213
3772,13.678,653.337,654.214
3773,13.677,653.340,654.215
3774,13.676,653.343,654.216
3775,13.675,653.345,654.217
3776,13.674,653.348,654.218
3777,13.673,653.351,654.219
3778,13.673,653.353,654.220
3779,13.672,653.356,654.221
3780,13.671,653.359,654.221
3781,13.670,653.362,654.223
3782,13.669,653.364,654.224
3783,13.668,653.367,654.225
3784,13.667,653.370,654.225
3785,13.666,653.372,654.226
3786,13.665,653.375,654.227
3787,13.665,653.377,654.228
3788,13.664,653.380,654.229
3789,13.663,653.382,654.230
3790,13.662,653.386,654.231
3791,13.661,653.388,654.232
3792,13.660,653.390,654.233
3793,13.659,653.393,654.233
3794,13.658,653.395,654.234
3795,13.658,653.398,654.235
3796,13.657,653.400,654.236
3797,13.656,653.403,654.237
3798,13.655,653.405,654.238
3799,13.654,653.407,654.238
3800,13.653,653.410,654.240
3801,13.652,653.413,654.240
3802,13.652,653.415,654.241
3803,13.651,653.417,654.242
3804,13.650,653.420,654.243
3805,13.649,653.422,654.244
3806,13.648,653.424,654.244
3807,13.647,653.426,654.245
3808,13.646,653.429,654.246
3809,13.646,653.432,654.247
3810,13.645,653.434,654.248
3811,13.644,653.436,654.248
3812,13.643,653.438,654.249
3813,13.642,653.441,654.250
3814,13.641,653.443,654.251
3815,13.640,653.445,654.251
3816,13.640,653.447,654.252
3817,13.639,653.449,654.253
3818,13.638,653.452,654.254
3819,13.637,653.454,654.255
3820,13.636,653.457,654.255
3821,13.635,653.459,654.256
3822,13.634,653.461,654.257
3823,13.634,653.463,654.258
3824,13.633,653.465,654.258
3825,13.632,653.467,654.259
3826,13.631,653.469,654.260
3827,13.630,653.472,654.261
3828,13.629,653.474,654.261
3829,13.629,653.476,654.262
3830,13.628,653.478,654.263
3831,13.627,653.480,654.264
3832,13.626,653.482,654.264
3833,13.625,653.484,654.265
3834,13.624,653.486,654.266
3835,13.624,653.488,654.266
3836,13.623,653.491,654.267
3837,13.622,653.493,654.268
3838,13.621,653.495,654.269
3839,13.620,653.496,654.269
3840,13.619,653.498,654.270
3841,13.619,653.500,654.271
3842,13.618,653.502,654.271
3843,13.617,653.504,654.272
3844,13.616,653.506,654.273
3845,13.615,653.509,654.273
3846,13.615,653.511,654.274
3847,13.614,653.512,654.275
3848,13.613,653.514,654.275
3849,13.612,653.516,654.276
3850,13.611,653.518,654.277
3851,13.610,653.520,654.277
3852,13.610,653.522,654.278
3853,13.609,653.524,654.279
3854,13.608,653.526,654.280
3855,13.607,653.528,654.280
3856,13.606,653.530,654.281
3857,13.606,653.531,654.281
3858,13.605,653.533,654.282
3859,13.604,653.535,654.283
3860,13.603,653.537,654.283
3861,13.602,653.538,654.284
3862,13.602,653.541,654.285
3863,13.601,653.543,654.285
3864,13.600,653.544,654.286
3865,13.599,653.546,654.286
3866,13.598,653.548,654.287
3867,13.598,653.549,654.288
3868,13.597,653.551,654.288
3869,13.596,653.553,654.289
3870,13.595,653.555,654.289
3871,13.594,653.557,654.290
3872,13.594,653.559,654.291
3873,13.593,653.560,654.291
3874,13.592,653.562,654.292
3875,13.591,653.564,654.292
3876,13.590,653.565,654.293
3877,13.590,653.567,654.294
3878,13.589,653.568,654.294
3879,13.588,653.571,654.295
3880,13.587,653.573,654.295
3881,13.586,653.574,654.296
3882,13.586,653.576,654.297
3883,13.585,653.577,654.297
3884,13.584,653.579,654.298
3885,13.583,653.580,654.298
3886,13.582,653.582,654.299
3887,13.582,653.584,654.299
3888,13.581,653.586,654.300
3889,13.580,653.587,654.301
3890,13.579,653.589,654.301
3891,13.579,653.591,654.302
3892,13.578,653.592,654.302
3893,13.577,653.594,654.303
3894,13.576,653.595,654.303
3895,13.575,653.597,654.304
3896,13.575,653.599,654.305
3897,13.574,653.600,654.305
3898,13.573,653.602,654.306
3899,13.572,653.603,654.306
3900,13.572,653.605,654.307
3901,13.571,653.606,654.307
3902,13.570,653.608,654.308
3903,13.569,653.609,654.308
3904,13.569,653.611,654.309
3905,13.568,653.613,654.309
3906,13.567,653.614,654.310
3907,13.566,653.616,654.310
3908,13.565,653.617,654.311
3909,13.565,653.619,654.311
3910,13.564,653.620,654.312
3911,13.563,653.621,654.312
3912,13.562,653.623,654.313
3913,13.562,653.625,654.314
3914,13.561,653.626,654.314
3915,13.560,653.628,654.315
3916,13.559,653.629,654.315
3917,13.559,653.631,654.316
3918,13.558,653.632,654.316
3919,13.557,653.633,654.316
3920,13.556,653.635,654.317
3921,13.556,653.637,654.318
3922,13.555,653.638,654.318
3923,13.554,653.639,654.319
3924,13.553,653.641,654.319
3925,13.553,653.642,654.320
3926,13.552,653.644,654.320
3927,13.551,653.645,654.321
3928,13.550,653.646,654.321
3929,13.550,653.648,654.321
3930,13.549,653.649,654.322
3931,13.548,653.651,654.323
3932,13.547,653.652,654.323
3933,13.547,653.653,654.323
3934,13.546,653.655,654.324
3935,13.545,653.656,654.324
3936,13.544,653.657,654.325
3937,13.544,653.659,654.325
3938,13.543,653.661,654.326
3939,13.542,653.662,654.326
3940,13.541,653.663,654.327
3941,13.541,653.664,654.327
3942,13.540,653.666,654.328
3943,13.539,653.667,654.328
3944,13.538,653.668,654.329
3945,13.538,653.669,654.329
3946,13.537,653.671,654.330
3947,13.536,653.673,654.330
3948,13.535,653.674,654.330
3949,13.535,653.675,654.331
3950,13.534,653.676,654.331
3951,13.533,653.678,654.332
3952,13.533,653.679,654.332
3953,13.532,653.680,654.333
3954,13.531,653.682,654.333
3955,13.530,653.683,654.334
3956,13.530,653.684,654.334
3957,13.529,653.685,654.335
3958,13.528,653.687,654.335
3959,13.527,653.688,654.335
3960,13.527,653.689,654.336
3961,13.526,653.690,654.336
3962,13.525,653.692,654.337
3963,13.525,653.693,654.337
3964,13.524,653.694,654.338
3965,13.523,653.696,654.338
3966,13.522,653.697,654.338
3967,13.522,653.698,654.339
3968,13.521,653.699,654.339
3969,13.520,653.700,654.340
3970,13.520,653.702,654.340
3971,13.519,653.703,654.341
3972,13.518,653.704,654.341
3973,13.517,653.705,654.341
3974,13.517,653.706,654.342
3975,13.516,653.708,654.342
3976,13.515,653.709,654.343
3977,13.515,653.710,654.343
3978,13.514,653.712,654.343
3979,13.513,653.713,654.344
3980,13.512,653.714,654.344
3981,13.512,653.715,654.345
3982,13.511,653.716,654.345
3983,13.510,653.717,654.345
3984,13.510,653.718,654.346
3985,13.509,653.719,654.346
3986,13.508,653.721,654.347
3987,13.507,653.722,654.347
3988,13.507,653.723,654.348
3989,13.506,653.724,654.348
3990,13.505,653.725,654.348
3991,13.505,653.726,654.349
3992,13.504,653.728,654.349
3993,13.503,653.729,654.349
3994,13.503,653.730,654.350
3995,13.502,653.731,654.350
3996,13.501,653.732,654.351
3997,13.500,653.733,654.351
3998,13.500,653.734,654.351
3999,13.499,653.736,654.352
4000,13.498,653.737,654.352
4001,13.498,653.738,654.352
4002,13.497,653.739,654.353
4003,13.496,653.740,654.353
4004,13.496,653.741,654.354
4005,13.495,653.742,654.354
4006,13.494,653.743,654.355
4007,13.494,653.744,654.355
4008,13.493,653.745,654.355
4009,13.492,653.747,654.356
4010,13.492,653.748,654.356
4011,13.491,653.749,654.356
4012,13.490,653.750,654.357
4013,13.489,653.751,654.357
4014,13.489,653.752,654.357
4015,13.488,653.753,654.358
4016,13.487,653.754,654.358
4017,13.487,653.756,654.359
4018,13.486,653.757,654.359
4019,13.485,653.758,654.359
4020,13.485,653.759,654.360
4021,13.484,653.760,654.360
4022,13.483,653.761,654.360
4023,13.483,653.761,654.361
4024,13.482,653.762,654.361
4025,13.481,653.764,654.362
4026,13.481,653.765,654.362
4027,13.480,653.766,654.362
4028,13.479,653.767,654.363
4029,13.479,653.768,654.363
4030,13.478,653.769,654.363
4031,13.477,653.770,654.364
4032,13.477,653.771,654.364
4033,13.476,653.772,654.364
4034,13.475,653.773,654.365
4035,13.475,653.774,654.365
4036,13.474,653.775,654.365
4037,13.473,653.776,654.366
4038,13.473,653.777,654.366
4039,13.472,653.778,654.366
4040,13.471,653.779,654.367
4041,13.471,653.780,654.367
4042,13.470,653.781,654.368
4043,13.469,653.782,654.368
4044,13.469,653.783,654.368
4045,13.468,653.784,654.368
4046,13.467,653.785,654.369
4047,13.467,653.786,654.369
4048,13.466,653.787,654.370
4049,13.465,653.788,654.370
4050,13.465,653.789,654.370
4051,13.464,653.790,654.371
4052,13.463,653.791,654.371
4053,13.463,653.792,654.371
4054,13.462,653.793,654.372
4055,13.461,653.794,654.372
4056,13.461,653.795,654.372
4057,13.460,653.796,654.373
4058,13.459,653.797,654.373
4059,13.459,653.798,654.373
4060,13.458,653.798,654.374
4061,13.457,653.799,654.374
4062,13.457,653.800,654.374
4063,13.456,653.802,654.375
4064,13.455,653.802,654.375
4065,13.455,653.803,654.375
4066,13.454,653.804,654.376
4067,13.453,653.805,654.376
4068,13.453,653.806,654.376
4069,13.452,653.807,654.376
4070,13.451,653.808,654.377
4071,13.451,653.809,654.377
4072,13.450,653.810,654.377
4073,13.450,653.811,654.378
4074,13.449,653.812,654.378
4075,13.448,653.812,654.378
4076,13.448,653.813,654.379
4077,13.447,653.815,654.379
4078,13.446,653.815,654.379
4079,13.446,653.816,654.380
4080,13.445,653.817,654.380
4081,13.444,653.818,654.380
4082,13.444,653.819,654.381
4083,13.443,653.820,654.381
4084,13.442,653.821,654.381
4085,13.442,653.822,654.382
4086,13.441,653.823,654.382
4087,13.441,653.823,654.382
4088,13.440,653.824,654.382
4089,13.439,653.825,654.383
4090,13.439,653.826,654.383
4091,13.438,653.827,654.383
4092,13.437,653.828,654.384
4093,13.437,653.829,654.384
4094,13.436,653.830,654.384
4095,13.435,653.830,654.385
4096,13.435,653.831,654.385
4097,13.434,653.832,654.385
4098,13.434,653.833,654.385
4099,13.433,653.834,654.386
4100,13.432,653.835,654.386
4101,13.432,653.836,654.386
4102,13.431,653.837,654.387
4103,13.430,653.837,654.387
4104,13.430,653.838,654.387
4105,13.429,653.839,654.388
4106,13.429,653.840,654.388
4107,13.428,653.841,654.388
4108,13.427,653.842,654.389
4109,13.427,653.842,654.389
4110,13.426,653.843,654.389
4111,13.425,653.844,654.389
4112,13.425,653.845,654.390
4113,13.424,653.846,654.390
4114,13.424,653.847,654.390
4115,13.423,653.848,654.391
4116,13.422,653.848,654.391
4117,13.422,653.849,654.391
4118,13.421,653.850,654.391
4119,13.420,653.851,654.392
4120,13.420,653.851,654.392
4121,13.419,653.853,654.392
4122,13.419,653.853,654.393
4123,13.418,653.854,654.393
4124,13.417,653.855,654.393
4125,13.417,653.856,654.393
4126,13.416,653.856,654.394
4127,13.415,653.857,654.394
4128,13.415,653.858,654.394
4129,13.414,653.859,654.395
4130,13.414,653.860,654.395
4131,13.413,653.861,654.395
4132,13.412,653.861,654.395
4133,13.412,653.862,654.396
4134,13.411,653.863,654.396
4135,13.411,653.864,654.396
4136,13.410,653.865,654.397
4137,13.409,653.865,654.397
4138,13.409,653.866,654.397
4139,13.408,653.867,654.397
4140,13.408,653.868,654.398
4141,13.407,653.868,654.398
4142,13.406,653.869,654.398
4143,13.406,653.870,654.398
4144,13.405,653.871,654.399
4145,13.405,653.872,654.399
4146,13.404,653.872,654.399
4147,13.403,653.873,654.399
4148,13.403,653.874,654.400
4149,13.402,653.875,654.400
4150,13.402,653.876,654.400
4151,13.401,653.876,654.401
4152,13.400,653.877,654.401
4153,13.400,653.878,654.401
4154,13.399,653.879,654.401
4155,13.399,653.879,654.402
4156,13.398,653.880,654.402
4157,13.397,653.881,654.402
4158,13.397,653.882,654.402
4159,13.396,653.883,654.403
4160,13.396,653.883,654.403
4161,13.395,653.884,654.403
4162,13.394,653.885,654.403
4163,13.394,653.885,654.404
4164,13.393,653.886,654.404
4165,13.393,653.887,654.404
4166,13.392,653.888,654.405
4167,13.391,653.889,654.405
4168,13.391,653.889,654.405
4169,13.390,653.890,654.405
4170,13.390,653.891,654.405
4171,13.389,653.892,654.406
4172,13.388,653.892,654.406
4173,13.388,653.893,654.406
4174,13.387,653.894,654.407
4175,13.387,653.894,654.407
4176,13.386,653.895,654.407
4177,13.385,653.896,654.407
4178,13.385,653.897,654.408
4179,13.384,653.897,654.408
4180,13.384,653.898,654.408
4181,13.383,653.899,654.408
4182,13.383,653.899,654.409
4183,13.382,653.900,654.409
4184,13.381,653.901,654.409
4185,13.381,653.902,654.409
4186,13.380,653.903,654.410
4187,13.380,653.903,654.410
4188,13.379,653.904,654.410
4189,13.378,653.905,654.410
4190,13.378,653.905,654.411
4191,13.377,653.906,654.411
4192,13.377,653.907,654.411
4193,13.376,653.908,654.411
4194,13.376,653.908,654.412
4195,13.375,653.909,654.412
4196,13.374,653.909,654.412
4197,13.374,653.910,654.412
4198,13.373,653.911,654.413
4199,13.373,653.912,654.413
4200,13.372,653.912,654.413
4201,13.372,653.913,654.413
4202,13.371,653.914,654.413
4203,13.370,653.914,654.414
4204,13.370,653.915,654.414
4205,13.369,653.916,654.414
4206,13.369,653.917,654.415
4207,13.368,653.917,654.415
4208,13.368,653.918,654.415
4209,13.367,653.919,654.415
4210,13.366,653.919,654.415
4211,13.366,653.920,654.416
4212,13.365,653.921,654.416
4213,13.365,653.921,654.416
4214,13.364,653.922,654.416
4215,13.364,653.923,654.417
4216,13.363,653.923,654.417
4217,13.362,653.924,654.417
4218,13.362,653.925,654.417
4219,13.361,653.926,654.418
4220,13.361,653.926,654.418
4221,13.360,653.927,654.418
4222,13.360,653.927,654.418
4223,13.359,653.928,654.419
4224,13.358,653.929,654.419
4225,13.358,653.929,654.419
4226,13.357,653.930,654.419
4227,13.357,653.931,654.419
4228,13.356,653.932,654.420
4229,13.356,653.932,654.420
4230,13.355,653.933,654.420
4231,13.355,653.933,654.420
4232,13.354,653.934,654.421
4233,13.353,653.935,654.421
4234,13.353,653.936,654.421
4235,13.352,653.936,654.421
4236,13.352,653.937,654.422
4237,13.351,653.937,654.422
4238,13.351,653.938,654.422
4239,13.350,653.939,654.422
4240,13.349,653.939,654.422
4241,13.349,653.940,654.423
4242,13.348,653.941,654.423
4243,13.348,653.941,654.423
4244,13.347,653.942,654.423
4245,13.347,653.942,654.423
4246,13.346,653.943,654.424
4247,13.346,653.944,654.424
4248,13.345,653.945,654.424
4249,13.344,653.945,654.424
4250,13.344,653.946,654.425
4251,13.343,653.946,654.425
4252,13.343,653.947,654.425
4253,13.342,653.948,654.425
4254,13.342,653.948,654.426
4255,13.341,653.949,654.426
4256,13.341,653.950,654.426
4257,13.340,653.950,654.426
4258,13.340,653.951,654.426
4259,13.339,653.952,654.427
4260,13.338,653.952,654.427
4261,13.338,653.953,654.427
4262,13.337,653.953,654.427
4263,13.337,653.954,654.428
4264,13.336,653.955,654.428
4265,13.336,653.955,654.428
4266,13.335,653.956,654.428
4267,13.335,653.957,654.428
4268,13.334,653.957,654.429
4269,13.334,653.958,654.429
4270,13.333,653.958,654.429
4271,13.332,653.959,654.429
4272,13.332,653.960,654.430
4273,13.331,653.960,654.430
4274,13.331,653.961,654.430
4275,13.330,653.961,654.430
4276,13.330,653.962,654.430
4277,13.329,653.963,654.431
4278,13.329,653.963,654.431
4279,13.328,653.964,654.431
4280,13.328,653.965,654.431
4281,13.327,653.965,654.431
4282,13.327,653.966,654.432
4283,13.326,653.966,654.432
4284,13.325,653.967,654.432
4285,13.325,653.968,654.432
4286,13.324,653.968,654.433
4287,13.324,653.969,654.433
4288,13.323,653.969,654.433
4289,13.323,653.970,654.433
4290,13.322,653.970,654.433
4291,13.322,653.971,654.433
4292,13.321,653.972,654.434
4293,13.321,653.972,654.434
4294,13.320,653.973,654.434
4295,13.320,653.974,654.434
4296,13.319,653.974,654.434
4297,13.319,653.975,654.435
4298,13.318,653.975,654.435
4299,13.317,653.976,654.435
4300,13.317,653.977,654.435
4301,13.316,653.977,654.436
4302,13.316,653.978,654.436
4303,13.315,653.978,654.436
4304,13.315,653.979,654.436
4305,13.314,653.980,654.436
4306,13.314,653.980,654.437
4307,13.313,653.981,654.437
4308,13.313,653.981,654.437
4309,13.312,653.982,654.437
4310,13.312,653.982,654.437
4311,13.311,653.983,654.438
4312,13.311,653.984,654.438
4313,13.310,653.984,654.438
4314,13.310,653.985,654.438
4315,13.309,653.985,654.438
4316,13.309,653.986,654.439
4317,13.308,653.986,654.439
4318,13.307,653.987,654.439
4319,13.307,653.988,654.439
4320,13.306,653.988,654.439
4321,13.306,653.989,654.440
4322,13.305,653.989,654.440
4323,13.305,653.990,654.440
4324,13.304,653.990,654.440
4325,13.304,653.991,654.440
4326,13.303,653.991,654.441
4327,13.303,653.992,654.441
4328,13.302,653.993,654.441
4329,13.302,653.993,654.441
4330,13.301,653.994,654.441
4331,13.301,653.994,654.442
4332,13.300,653.995,654.442
4333,13.300,653.995,654.442
4334,13.299,653.996,654.442
4335,13.299,653.996,654.442
4336,13.298,653.997,654.442
4337,13.298,653.998,654.443
4338,13.297,653.998,654.443
4339,13.297,653.999,654.443
4340,13.296,653.999,654.443
4341,13.296,654.000,654.443
4342,13.295,654.000,654.444
4343,13.295,654.001,654.444
4344,13.294,654.001,654.444
4345,13.294,654.002,654.444
4346,13.293,654.003,654.444
4347,13.293,654.003,654.445
4348,13.292,654.004,654.445
4349,13.292,654.004,654.445
4350,13.291,654.005,654.445
4351,13.291,654.005,654.445
4352,13.290,654.006,654.446
4353,13.290,654.006,654.446
4354,13.289,654.007,654.446
4355,13.288,654.007,654.446
4356,13.288,654.008,654.446
4357,13.287,654.009,654.447
4358,13.287,654.009,654.447
4359,13.286,654.010,654.447
4360,13.286,654.010,654.447
4361,13.285,654.011,654.447
4362,13.285,654.011,654.448
4363,13.284,654.012,654.448
4364,13.284,654.012,654.448
4365,13.283,654.013,654.448
4366,13.283,654.013,654.448
4367,13.282,654.014,654.448
4368,13.282,654.014,654.449
4369,13.281,654.015,654.449
4370,13.281,654.015,654.449
4371,13.280,654.016,654.449
4372,13.280,654.016,654.449
4373,13.279,654.017,654.449
4374,13.279,654.017,654.450
4375,13.278,654.018,654.450
4376,13.278,654.019,654.450
4377,13.277,654.019,654.450
4378,13.277,654.020,654.450
4379,13.276,654.020,654.451
4380,13.276,654.020,654.451
4381,13.275,654.021,654.451
4382,13.275,654.022,654.451
4383,13.274,654.022,654.451
4384,13.274,654.023,654.451
4385,13.273,654.023,654.452
4386,13.273,654.024,654.452
4387,13.273,654.024,654.452
4388,13.272,654.025,654.452
4389,13.272,654.025,654.452
4390,13.271,654.026,654.453
4391,13.271,654.026,654.453
4392,13.270,654.027,654.453
4393,13.270,654.027,654.453
4394,13.269,654.028,654.453
4395,13.269,654.028,654.453
4396,13.268,654.029,654.454
4397,13.268,654.029,654.454
4398,13.267,654.030,654.454
4399,13.267,654.030,654.454
4400,13.266,654.031,654.454
4401,13.266,654.031,654.455
4402,13.265,654.032,654.455
4403,13.265,654.032,654.455
4404,13.264,654.033,654.455
4405,13.264,654.033,654.455
4406,13.263,654.034,654.455
4407,13.263,654.034,654.456
4408,13.262,654.035,654.456
4409,13.262,654.035,654.456
4410,13.261,654.036,654.456
4411,13.261,654.036,654.456
4412,13.260,654.037,654.457
4413,13.260,654.037,654.457
4414,13.259,654.038,654.457
4415,13.259,654.038,654.457
4416,13.258,654.039,654.457
4417,13.258,654.039,654.457
4418,13.257,654.040,654.458
4419,13.257,654.040,654.458
4420,13.256,654.041,654.458
4421,13.256,654.041,654.458
4422,13.255,654.042,654.458
4423,13.255,654.042,654.458
4424,13.254,654.043,654.458
4425,13.254,654.043,654.459
4426,13.254,654.044,654.459
4427,13.253,654.044,654.459
4428,13.253,654.045,654.459
4429,13.252,654.045,654.459
4430,13.252,654.045,654.460
4431,13.251,654.046,654.460
4432,13.251,654.047,654.460
4433,13.250,654.047,654.460
4434,13.250,654.047,654.460
4435,13.249,654.048,654.460
4436,13.249,654.048,654.460
4437,13.248,654.049,654.461
4438,13.248,654.049,654.461
4439,13.247,654.050,654.461
4440,13.247,654.050,654.461
4441,13.246,654.051,654.461
4442,13.246,654.051,654.462
4443,13.245,654.052,654.462
4444,13.245,654.052,654.462
4445,13.245,654.053,654.462
4446,13.244,654.053,654.462
4447,13.244,654.054,654.462
4448,13.243,654.054,654.462
4449,13.243,654.055,654.463
4450,13.242,654.055,654.463
4451,13.242,654.056,654.463
4452,13.241,654.056,654.463
4453,13.241,654.056,654.463
4454,13.240,654.057,654.464
4455,13.240,654.057,654.464
4456,13.239,654.058,654.464
4457,13.239,654.058,654.464
4458,13.238,654.059,654.464
4459,13.238,654.059,654.464
4460,13.237,654.060,654.464
4461,13.237,654.060,654.465
4462,13.237,654.061,654.465
4463,13.236,654.061,654.465
4464,13.236,654.062,654.465
4465,13.235,654.062,654.465
4466,13.235,654.062,654.465
4467,13.234,654.063,654.466
4468,13.234,654.063,654.466
4469,13.233,654.064,654.466
4470,13.233,654.064,654.466
4471,13.232,654.065,654.466
4472,13.232,654.065,654.466
4473,13.231,654.066,654.467
4474,13.231,654.066,654.467
4475,13.230,654.067,654.467
4476,13.230,654.067,654.467
4477,13.230,654.067,654.467
4478,13.229,654.068,654.467
4479,13.229,654.068,654.468
4480,13.228,654.069,654.468
4481,13.228,654.069,654.468
4482,13.227,654.070,654.468
4483,13.227,654.070,654.468
4484,13.226,654.071,654.468
4485,13.226,654.071,654.469
4486,13.225,654.072,654.469
4487,13.225,654.072,654.469
4488,13.225,654.072,654.469
4489,13.224,654.073,654.469
4490,13.224,654.073,654.469
4491,13.223,654.074,654.469
4492,13.223,654.074,654.470
4493,13.222,654.075,654.470
4494,13.222,654.075,654.470
4495,13.221,654.075,654.470
4496,13.221,654.076,654.470
4497,13.220,654.076,654.470
4498,13.220,654.077,654.471
4499,13.220,654.077,654.471
4500,13.219,654.078,654.471
4501,13.219,654.078,654.471
4502,13.218,654.078,654.471
4503,13.218,654.079,654.471
4504,13.217,654.079,654.471
4505,13.217,654.080,654.472
4506,13.216,654.080,654.472
4507,13.216,654.081,654.472
4508,13.215,654.081,654.472
4509,13.215,654.082,654.472
4510,13.215,654.082,654.472
4511,13.214,654.082,654.473
4512,13.214,654.083,654.473
4513,13.213,654.083,654.473
4514,13.213,654.084,654.473
4515,13.212,654.084,654.473
4516,13.212,654.085,654.473
4517,13.211,654.085,654.473
4518,13.211,654.085,654.474
4519,13.210,654.086,654.474
4520,13.210,654.086,654.474
4521,13.210,654.087,654.474
4522,13.209,654.087,654.474
4523,13.209,654.088,654.474
4524,13.208,654.088,654.474
4525,13.208,654.088,654.475
4526,13.207,654.089,654.475
4527,13.207,654.089,654.475
4528,13.206,654.090,654.475
4529,13.206,654.090,654.475
4530,13.206,654.090,654.475
4531,13.205,654.091,654.475
4532,13.205,654.091,654.476
4533,13.204,654.092,654.476
4534,13.204,654.092,654.476
4535,13.203,654.093,654.476
4536,13.203,654.093,654.476
4537,13.202,654.093,654.476
4538,13.202,654.094,654.477
4539,13.202,654.094,654.477
4540,13.201,654.095,654.477
4541,13.201,654.095,654.477
4542,13.200,654.095,654.477
4543,13.200,654.096,654.477
4544,13.199,654.096,654.477
4545,13.199,654.097,654.478
4546,13.199,654.097,654.478
4547,13.198,654.098,654.478
4548,13.198,654.098,654.478
4549,13.197,654.099,654.478
4550,13.197,654.099,654.478
4551,13.196,654.099,654.478
4552,13.196,654.100,654.479
4553,13.195,654.100,654.479
4554,13.195,654.100,654.479
4555,13.195,654.101,654.479
4556,13.194,654.101,654.479
4557,13.194,654.102,654.479
4558,13.193,654.102,654.479
4559,13.193,654.102,654.480
4560,13.192,654.103,654.480
4561,13.192,654.103,654.480
4562,13.192,654.104,654.480
4563,13.191,654.104,654.480
4564,13.191,654.104,654.480
4565,13.190,654.105,654.480
4566,13.190,654.105,654.481
4567,13.189,654.106,654.481
4568,13.189,654.106,654.481
4569,13.189,654.107,654.481
4570,13.188,654.107,654.481
4571,13.188,654.107,654.481
4572,13.187,654.108,654.481
4573,13.187,654.108,654.482
4574,13.186,654.109,654.482
4575,13.186,654.109,654.482
4576,13.185,654.109,654.482
4577,13.185,654.110,654.482
4578,13.185,654.110,654.482
4579,13.184,654.111,654.482
4580,13.184,654.111,654.483
4581,13.183,654.111,654.483
4582,13.183,654.112,654.483
4583,13.182,654.112,654.483
4584,13.182,654.113,654.483
4585,13.182,654.113,654.483
4586,13.181,654.113,654.483
4587,13.181,654.114,654.483
4588,13.180,654.114,654.484
4589,13.180,654.114,654.484
4590,13.180,654.115,654.484
4591,13.179,654.115,654.484
4592,13.179,654.116,654.484
4593,13.178,654.116,654.484
4594,13.178,654.116,654.484
4595,13.177,654.117,654.485
4596,13.177,654.117,654.485
4597,13.177,654.118,654.485
4598,13.176,654.118,654.485
4599,13.176,654.118,654.485
4600,13.175,654.119,654.485
4601,13.175,654.119,654.485
4602,13.174,654.119,654.486
4603,13.174,654.120,654.486
4604,13.174,654.120,654.486
4605,13.173,654.121,654.486
4606,13.173,654.121,654.486
4607,13.172,654.121,654.486
4608,13.172,654.122,654.486
4609,13.171,654.122,654.486
4610,13.171,654.122,654.487
4611,13.171,654.123,654.487
4612,13.170,654.123,654.487
4613,13.170,654.124,654.487
4614,13.169,654.124,654.487
4615,13.169,654.124,654.487
4616,13.169,654.125,654.487
4617,13.168,654.125,654.488
4618,13.168,654.126,654.488
4619,13.167,654.126,654.488
4620,13.167,654.126,654.488
4621,13.166,654.127,654.488
4622,13.166,654.127,654.488
4623,13.166,654.127,654.488
4624,13.165,654.128,654.489
4625,13.165,654.128,654.489
4626,13.164,654.128,654.489
4627,13.164,654.129,654.489
4628,13.164,654.129,654.489
4629,13.163,654.130,654.489
4630,13.163,654.130,654.489
4631,13.162,654.130,654.489
4632,13.162,654.131,654.490
4633,13.161,654.131,654.490
4634,13.161,654.131,654.490
4635,13.161,654.132,654.490
4636,13.160,654.132,654.490
4637,13.160,654.133,654.490
4638,13.159,654.133,654.490
4639,13.159,654.133,654.490
4640,13.159,654.134,654.491
4641,13.158,654.134,654.491
4642,13.158,654.134,654.491
4643,13.157,654.135,654.491
4644,13.157,654.135,654.491
4645,13.157,654.135,654.491
4646,13.156,654.136,654.491
4647,13.156,654.136,654.492
4648,13.155,654.137,654.492
4649,13.155,654.137,654.492
4650,13.154,654.137,654.492
4651,13.154,654.138,654.492
4652,13.154,654.138,654.492
4653,13.153,654.138,654.492
4654,13.153,654.139,654.492
4655,13.152,654.139,654.492
4656,13.152,654.139,654.493
4657,13.152,654.140,654.493
4658,13.151,654.140,654.493
4659,13.151,654.140,654.493
4660,13.150,654.141,654.493
4661,13.150,654.141,654.493
4662,13.150,654.141,654.493
4663,13.149,654.142,654.494
4664,13.149,654.142,654.494
4665,13.148,654.143,654.494
4666,13.148,654.143,654.494
4667,13.148,654.143,654.494
4668,13.147,654.144,654.494
4669,13.147,654.144,654.494
4670,13.146,654.144,654.494
4671,13.146,654.145,654.495
4672,13.146,654.145,654.495
4673,13.145,654.145,654.495
4674,13.145,654.146,654.495
4675,13.144,654.146,654.495
4676,13.144,654.146,654.495
4677,13.144,654.147,654.495
4678,13.143,654.147,654.495
4679,13.143,654.148,654.496
4680,13.142,654.148,654.496
4681,13.142,654.148,654.496
4682,13.142,654.149,654.496
4683,13.141,654.149,654.496
4684,13.141,654.149,654.496
4685,13.140,654.150,654.496
4686,13.140,654.150,654.496
4687,13.140,654.150,654.496
4688,13.139,654.151,654.497
4689,13.139,654.151,654.497
4690,13.138,654.151,654.497
4691,13.138,654.152,654.497
4692,13.138,654.152,654.497
4693,13.137,654.152,654.497
4694,13.137,654.153,654.497
4695,13.136,654.153,654.497
4696,13.136,654.153,654.498
4697,13.136,654.154,654.498
4698,13.135,654.154,654.498
4699,13.135,654.154,654.498
4700,13.134,654.155,654.498
4701,13.134,654.155,654.498
4702,13.134,654.155,654.498
4703,13.133,654.156,654.498
4704,13.133,654.156,654.499
4705,13.132,654.156,654.499
4706,13.132,654.157,654.499
4707,13.132,654.157,654.499
4708,13.131,654.158,654.499
4709,13.131,654.158,654.499
4710,13.130,654.158,654.499
4711,13.130,654.158,654.499
4712,13.130,654.159,654.500
4713,13.129,654.159,654.500
4714,13.129,654.159,654.500
4715,13.128,654.160,654.500
4716,13.128,654.160,654.500
4717,13.128,654.160,654.500
4718,13.127,654.161,654.500
4719,13.127,654.161,654.500
4720,13.126,654.161,654.500
4721,13.126,654.162,654.501
4722,13.126,654.162,654.501
4723,13.125,654.163,654.501
4724,13.125,654.163,654.501
4725,13.125,654.163,654.501
4726,13.124,654.163,654.501
4727,13.124,654.164,654.501
4728,13.123,654.164,654.501
4729,13.123,654.165,654.502
4730,13.123,654.165,654.502
4731,13.122,654.165,654.502
4732,13.122,654.165,654.502
4733,13.121,654.166,654.502
4734,13.121,654.166,654.502
4735,13.121,654.166,654.502
4736,13.120,654.167,654.502
4737,13.120,654.167,654.502
4738,13.120,654.167,654.503
4739,13.119,654.168,654.503
4740,13.119,654.168,654.503
4741,13.118,654.168,654.503
4742,13.118,654.169,654.503
4743,13.118,654.169,654.503
4744,13.117,654.169,654.503
4745,13.117,654.170,654.503
4746,13.116,654.170,654.504
4747,13.116,654.170,654.504
4748,13.116,654.171,654.504
4749,13.115,654.171,654.504
4750,13.115,654.171,654.504
4751,13.115,654.172,654.504
4752,13.114,654.172,654.504
4753,13.114,654.172,654.504
4754,13.113,654.173,654.504
4755,13.113,654.173,654.505
4756,13.113,654.173,654.505
4757,13.112,654.174,654.505
4758,13.112,654.174,654.505
4759,13.111,654.174,654.505
4760,13.111,654.174,654.505
4761,13.111,654.175,654.505
4762,13.110,654.175,654.505
4763,13.110,654.175,654.505
4764,13.110,654.176,654.505
4765,13.109,654.176,654.506
4766,13.109,654.176,654.506
4767,13.108,654.177,654.506
4768,13.108,654.177,654.506
4769,13.108,654.177,654.506
4770,13.107,654.178,654.506
4771,13.107,654.178,654.506
4772,13.107,654.178,654.506
4773,13.106,654.179,654.507
4774,13.106,654.179,654.507
4775,13.105,654.179,654.507
4776,13.105,654.179,654.507
4777,13.105,654.180,654.507
4778,13.104,654.180,654.507
4779,13.104,654.180,654.507
4780,13.103,654.181,654.507
4781,13.103,654.181,654.507
4782,13.103,654.181,654.508
4783,13.102,654.182,654.508
4784,13.102,654.182,654.508
4785,13.102,654.182,654.508
4786,13.101,654.183,654.508
4787,13.101,654.183,654.508
4788,13.101,654.183,654.508
4789,13.100,654.184,654.508
4790,13.100,654.184,654.508
4791,13.099,654.184,654.509
4792,13.099,654.184,654.509
4793,13.099,654.185,654.509
4794,13.098,654.185,654.509
4795,13.098,654.185,654.509
4796,13.098,654.186,654.509
4797,13.097,654.186,654.509
4798,13.097,654.186,654.509
4799,13.096,654.187,654.509
4800,13.096,654.187,654.509
4801,13.096,654.187,654.510
4802,13.095,654.187,654.510
4803,13.095,654.188,654.510
4804,13.095,654.188,654.510
4805,13.094,654.188,654.510
4806,13.094,654.189,654.510
4807,13.093,654.189,654.510
4808,13.093,654.189,654.510
4809,13.093,654.190,654.510
4810,13.092,654.190,654.511
4811,13.092,654.190,654.511
4812,13.092,654.190,654.511
4813,13.091,654.191,654.511
4814,13.091,654.191,654.511
4815,13.090,654.191,654.511
4816,13.090,654.192,654.511
4817,13.090,654.192,654.511
4818,13.089,654.192,654.511
4819,13.089,654.193,654.512
4820,13.089,654.193,654.512
4821,13.088,654.193,654.512
4822,13.088,654.193,654.512
4823,13.088,654.194,654.512
4824,13.087,654.194,654.512
4825,13.087,654.194,654.512
4826,13.086,654.195,654.512
4827,13.086,654.195,654.512
4828,13.086,654.195,654.512
4829,13.085,654.196,654.513
4830,13.085,654.196,654.513
4831,13.085,654.196,654.513
4832,13.084,654.196,654.513
4833,13.084,654.197,654.513
4834,13.084,654.197,654.513
4835,13.083,654.197,654.513
4836,13.083,654.198,654.513
4837,13.082,654.198,654.513
4838,13.082,654.198,654.513
4839,13.082,654.198,654.514
4840,13.081,654.199,654.514
4841,13.081,654.199,654.514
4842,13.081,654.199,654.514
4843,13.080,654.200,654.514
4844,13.080,654.200,654.514
4845,13.080,654.200,654.514
4846,13.079,654.201,654.514
4847,13.079,654.201,654.514
4848,13.078,654.201,654.515
4849,13.078,654.201,654.515
4850,13.078,654.202,654.515
4851,13.077,654.202,654.515
4852,13.077,654.202,654.515
4853,13.077,654.202,654.515
4854,13.076,654.203,654.515
4855,13.076,654.203,654.515
4856,13.076,654.203,654.515
4857,13.075,654.204,654.515
4858,13.075,654.204,654.516
4859,13.075,654.204,654.516
4860,13.074,654.205,654.516
4861,13.074,654.205,654.516
4862,13.073,654.205,654.516
4863,13.073,654.205,654.516
4864,13.073,654.206,654.516
4865,13.072,654.206,654.516
4866,13.072,654.206,654.516
4867,13.072,654.206,654.516
4868,13.071,654.207,654.517
4869,13.071,654.207,654.517
4870,13.071,654.207,654.517
4871,13.070,654.208,654.517
4872,13.070,654.208,654.517
4873,13.070,654.208,654.517
4874,13.069,654.208,654.517
4875,13.069,654.209,654.517
4876,13.068,654.209,654.517
4877,13.068,654.209,654.517
4878,13.068,654.210,654.518
4879,13.067,654.210,654.518
4880,13.067,654.210,654.518
4881,13.067,654.210,654.518
4882,13.066,654.211,654.518
4883,13.066,654.211,654.518
4884,13.066,654.211,654.518
4885,13.065,654.211,654.518
4886,13.065,654.212,654.518
4887,13.065,654.212,654.518
4888,13.064,654.212,654.519
4889,13.064,654.213,654.519
4890,13.063,654.213,654.519
4891,13.063,654.213,654.519
4892,13.063,654.213,654.519
4893,13.062,654.214,654.519
4894,13.062,654.214,654.519
4895,13.062,654.214,654.519
4896,13.061,654.215,654.519
4897,13.061,654.215,654.519
4898,13.061,654.215,654.520
4899,13.060,654.215,654.520
4900,13.060,654.216,654.520
4901,13.060,654.216,654.520
4902,13.059,654.216,654.520
4903,13.059,654.216,654.520
4904,13.059,654.217,654.520
4905,13.058,654.217,654.520
4906,13.058,654.217,654.520
4907,13.058,654.218,654.520
4908,13.057,654.218,654.520
4909,13.057,654.218,654.521
4910,13.056,654.218,654.521
4911,13.056,654.219,654.521
4912,13.056,654.219,654.521
4913,13.055,654.219,654.521
4914,13.055,654.219,654.521
4915,13.055,654.220,654.521
4916,13.054,654.220,654.521
4917,13.054,654.220,654.521
4918,13.054,654.220,654.521
4919,13.053,654.221,654.522
4920,13.053,654.221,654.522
4921,13.053,654.221,654.522
4922,13.052,654.222,654.522
4923,13.052,654.222,654.522
4924,13.052,654.222,654.522
4925,13.051,654.222,654.522
4926,13.051,654.223,654.522
4927,13.051,654.223,654.522
4928,13.050,654.223,654.522
4929,13.050,654.223,654.522
4930,13.050,654.224,654.523
4931,13.049,654.224,654.523
4932,13.049,654.224,654.523
4933,13.049,654.224,654.523
4934,13.048,654.225,654.523
4935,13.048,654.225,654.523
4936,13.048,654.225,654.523
4937,13.047,654.226,654.523
4938,13.047,654.226,654.523
4939,13.046,654.226,654.523
4940,13.046,654.226,654.524
4941,13.046,654.226,654.524
4942,13.045,654.227,654.524
4943,13.045,654.227,654.524
4944,13.045,654.227,654.524
4945,13.044,654.228,654.524
4946,13.044,654.228,654.524
4947,13.044,654.228,654.524
4948,13.043,654.228,654.524
4949,13.043,654.229,654.524
4950,13.043,654.229,654.524
4951,13.042,654.229,654.525
4952,13.042,654.229,654.525
4953,13.042,654.230,654.525
4954,13.041,654.230,654.525
4955,13.041,654.230,654.525
4956,13.041,654.230,654.525
4957,13.040,654.231,654.525
4958,13.040,654.231,654.525
4959,13.040,654.231,654.525
4960,13.039,654.231,654.525
4961,13.039,654.232,654.525
4962,13.039,654.232,654.526
4963,13.038,654.232,654.526
4964,13.038,654.232,654.526
4965,13.038,654.233,654.526
4966,13.037,654.233,654.526
4967,13.037,654.233,654.526
4968,13.037,654.234,654.526
4969,13.036,654.234,654.526
4970,13.036,654.234,654.526
4971,13.036,654.234,654.526
4972,13.035,654.235,654.527
4973,13.035,654.235,654.527
4974,13.035,654.235,654.527
4975,13.034,654.235,654.527
4976,13.034,654.235,654.527
4977,13.034,654.236,654.527
4978,13.033,654.236,654.527
4979,13.033,654.236,654.527
4980,13.033,654.236,654.527
4981,13.032,654.237,654.527
4982,13.032,654.237,654.527
4983,13.032,654.237,654.527
4984,13.031,654.238,654.528
4985,13.031,654.238,654.528
4986,13.031,654.238,654.528
4987,13.030,654.238,654.528
4988,13.030,654.239,654.528
4989,13.030,654.239,654.528
4990,13.029,654.239,654.528
4991,13.029,654.239,654.528
4992,13.029,654.240,654.528
4993,13.028,654.240,654.528
4994,13.028,654.240,654.528
4995,13.028,654.240,654.529
4996,13.027,654.240,654.529
4997,13.027,654.241,654.529
4998,13.027,654.241,654.529
4999,13.026,654.241,654.529
