# Time (s),Mass (g),T Back (K),T Front (K)
0,68.400,293.000,293.000
1,68.400,293.000,325.199
2,68.400,293.000,338.160
3,68.400,293.000,347.852
4,68.400,293.000,355.936
5,68.400,293.000,362.936
6,68.400,293.000,369.215
7,68.400,293.000,374.890
8,68.400,293.000,380.108
9,68.400,293.000,384.934
10,68.400,293.000,389.452
11,68.400,293.000,393.685
12,68.400,293.000,397.694
13,68.400,293.000,401.483
14,68.400,293.000,405.098
15,68.400,293.000,408.535
16,68.400,293.000,411.832
17,68.400,293.000,414.981
18,68.400,293.000,418.016
19,68.400,293.000,420.925
20,68.400,293.000,423.738
21,68.400,293.000,426.441
22,68.400,293.000,429.062
23,68.400,293.000,431.586
24,68.400,293.000,434.040
25,68.400,293.000,436.408
26,68.400,293.000,438.714
27,68.400,293.000,440.943
28,68.400,293.000,443.118
29,68.400,293.000,445.223
30,68.400,293.000,447.280
31,68.400,293.000,449.272
32,68.400,293.000,451.222
33,68.400,293.000,453.112
34,68.400,293.000,454.961
35,68.400,293.000,456.763
36,68.400,293.000,458.517
37,68.400,293.000,460.230
38,68.400,293.000,461.904
39,68.400,293.000,463.539
40,68.400,293.000,465.138
41,68.400,293.000,466.700
42,68.400,293.000,468.229
43,68.400,293.000,469.724
44,68.400,293.000,471.188
45,68.400,293.000,472.620
46,68.400,293.000,474.024
47,68.399,293.000,475.399
48,68.399,293.001,476.746
49,68.399,293.001,478.066
50,68.399,293.001,479.360
51,68.399,293.001,480.628
52,68.399,293.001,481.872
53,68.399,293.002,483.092
54,68.399,293.002,484.289
55,68.399,293.002,485.462
56,68.399,293.003,486.614
57,68.399,293.003,487.745
58,68.398,293.004,488.855
59,68.398,293.005,489.944
60,68.398,293.006,491.013
61,68.398,293.006,492.064
62,68.398,293.007,493.094
63,68.398,293.009,494.107
64,68.397,293.010,495.102
65,68.397,293.012,496.079
66,68.397,293.013,497.040
67,68.397,293.015,497.982
68,68.396,293.017,498.909
69,68.396,293.019,499.819
70,68.396,293.022,500.715
71,68.396,293.024,501.595
72,68.395,293.028,502.460
73,68.395,293.031,503.310
74,68.395,293.035,504.145
75,68.394,293.038,504.967
76,68.394,293.043,505.775
77,68.394,293.047,506.570
78,68.393,293.052,507.350
79,68.393,293.057,508.119
80,68.392,293.063,508.875
81,68.392,293.069,509.618
82,68.391,293.076,510.350
83,68.391,293.083,511.069
84,68.390,293.091,511.776
85,68.390,293.099,512.472
86,68.389,293.107,513.159
87,68.389,293.117,513.832
88,68.388,293.126,514.496
89,68.387,293.137,515.148
90,68.387,293.148,515.792
91,68.386,293.159,516.424
92,68.385,293.171,517.047
93,68.385,293.184,517.660
94,68.384,293.197,518.264
95,68.383,293.211,518.859
96,68.382,293.227,519.445
97,68.382,293.242,520.021
98,68.381,293.259,520.589
99,68.380,293.276,521.148
100,68.379,293.294,521.700
101,68.378,293.312,522.244
102,68.377,293.332,522.779
103,68.376,293.352,523.306
104,68.375,293.374,523.826
105,68.375,293.396,524.338
106,68.374,293.419,524.843
107,68.372,293.443,525.341
108,68.371,293.468,525.832
109,68.370,293.494,526.316
110,68.369,293.521,526.793
111,68.368,293.549,527.265
112,68.367,293.577,527.729
113,68.366,293.606,528.187
114,68.365,293.638,528.639
115,68.363,293.669,529.085
116,68.362,293.702,529.525
117,68.361,293.736,529.960
118,68.360,293.771,530.388
119,68.358,293.807,530.812
120,68.357,293.845,531.230
121,68.356,293.883,531.643
122,68.354,293.922,532.051
123,68.353,293.963,532.453
124,68.352,294.004,532.851
125,68.350,294.047,533.243
126,68.349,294.091,533.632
127,68.347,294.136,534.015
128,68.346,294.182,534.395
129,68.344,294.230,534.768
130,68.343,294.279,535.138
131,68.341,294.329,535.504
132,68.340,294.380,535.865
133,68.338,294.432,536.222
134,68.336,294.486,536.576
135,68.335,294.541,536.925
136,68.333,294.597,537.272
137,68.331,294.654,537.613
138,68.330,294.712,537.952
139,68.328,294.772,538.287
140,68.326,294.834,538.619
141,68.325,294.896,538.946
142,68.323,294.959,539.270
143,68.321,295.024,539.591
144,68.319,295.090,539.908
145,68.317,295.158,540.223
146,68.315,295.227,540.535
147,68.314,295.297,540.844
148,68.312,295.368,541.148
149,68.310,295.441,541.451
150,68.308,295.515,541.749
151,68.306,295.590,542.046
152,68.304,295.667,542.340
153,68.302,295.744,542.632
154,68.300,295.824,542.920
155,68.298,295.904,543.205
156,68.296,295.987,543.488
157,68.294,296.070,543.769
158,68.292,296.153,544.047
159,68.290,296.240,544.322
160,68.287,296.326,544.595
161,68.285,296.415,544.865
162,68.283,296.505,545.134
163,68.281,296.595,545.400
164,68.279,296.688,545.664
165,68.277,296.781,545.925
166,68.274,296.876,546.184
167,68.272,296.973,546.441
168,68.270,297.070,546.697
169,68.268,297.169,546.950
170,68.265,297.269,547.200
171,68.263,297.370,547.449
172,68.261,297.473,547.697
173,68.258,297.577,547.941
174,68.256,297.682,548.183
175,68.254,297.789,548.425
176,68.251,297.897,548.665
177,68.249,298.005,548.902
178,68.246,298.116,549.137
179,68.244,298.227,549.371
180,68.242,298.340,549.604
181,68.239,298.455,549.833
182,68.237,298.570,550.062
183,68.234,298.687,550.288
184,68.232,298.804,550.515
185,68.229,298.924,550.737
186,68.226,299.044,550.959
187,68.224,299.165,551.180
188,68.221,299.289,551.398
189,68.219,299.412,551.615
190,68.216,299.538,551.832
191,68.213,299.664,552.047
192,68.211,299.793,552.258
193,68.208,299.922,552.470
194,68.205,300.051,552.680
195,68.203,300.183,552.888
196,68.200,300.315,553.094
197,68.197,300.449,553.300
198,68.195,300.583,553.505
199,68.192,300.719,553.706
200,68.189,300.857,553.909
201,68.186,300.995,554.109
202,68.183,301.135,554.307
203,68.181,301.275,554.506
204,68.178,301.417,554.703
205,68.175,301.560,554.897
206,68.172,301.704,555.091
207,68.169,301.850,555.284
208,68.166,301.996,555.475
209,68.163,302.143,555.665
210,68.160,302.292,555.855
211,68.158,302.441,556.041
212,68.155,302.592,556.229
213,68.152,302.744,556.414
214,68.149,302.897,556.599
215,68.146,303.051,556.782
216,68.143,303.206,556.964
217,68.140,303.362,557.145
218,68.136,303.519,557.327
219,68.133,303.677,557.505
220,68.130,303.837,557.683
221,68.127,303.997,557.860
222,68.124,304.158,558.035
223,68.121,304.321,558.211
224,68.118,304.484,558.385
225,68.115,304.648,558.557
226,68.111,304.813,558.730
227,68.108,304.979,558.900
228,68.105,305.147,559.071
229,68.102,305.315,559.240
230,68.099,305.485,559.407
231,68.095,305.655,559.575
232,68.092,305.826,559.742
233,68.089,305.998,559.906
234,68.086,306.171,560.072
235,68.082,306.344,560.234
236,68.079,306.520,560.397
237,68.076,306.696,560.559
238,68.072,306.872,560.720
239,68.069,307.050,560.881
240,68.065,307.228,561.039
241,68.062,307.408,561.198
242,68.059,307.589,561.356
243,68.055,307.770,561.512
244,68.052,307.952,561.669
245,68.048,308.134,561.823
246,68.045,308.319,561.978
247,68.041,308.503,562.131
248,68.038,308.689,562.284
249,68.034,308.875,562.436
250,68.031,309.062,562.587
251,68.027,309.251,562.738
252,68.023,309.439,562.887
253,68.020,309.629,563.037
254,68.016,309.820,563.185
255,68.013,310.011,563.332
256,68.009,310.203,563.480
257,68.005,310.396,563.625
258,68.002,310.589,563.772
259,67.998,310.784,563.915
260,67.994,310.979,564.060
261,67.990,311.175,564.203
262,67.987,311.371,564.346
263,67.983,311.569,564.488
264,67.979,311.767,564.629
265,67.975,311.966,564.771
266,67.972,312.166,564.909
267,67.968,312.366,565.049
268,67.964,312.568,565.187
269,67.960,312.769,565.326
270,67.956,312.972,565.463
271,67.952,313.175,565.600
272,67.948,313.379,565.736
273,67.945,313.584,565.872
274,67.941,313.789,566.007
275,67.937,313.995,566.140
276,67.933,314.201,566.276
277,67.929,314.409,566.407
278,67.925,314.617,566.541
279,67.921,314.825,566.672
280,67.917,315.035,566.804
281,67.913,315.245,566.934
282,67.909,315.455,567.065
283,67.905,315.667,567.195
284,67.900,315.878,567.324
285,67.896,316.091,567.453
286,67.892,316.304,567.580
287,67.888,316.518,567.709
288,67.884,316.732,567.835
289,67.880,316.946,567.962
290,67.876,317.162,568.087
291,67.871,317.378,568.213
292,67.867,317.594,568.337
293,67.863,317.811,568.463
294,67.859,318.029,568.585
295,67.854,318.248,568.710
296,67.850,318.467,568.831
297,67.846,318.685,568.955
298,67.841,318.905,569.075
299,67.837,319.126,569.198
300,67.833,319.347,569.317
301,67.828,319.568,569.439
302,67.824,319.790,569.558
303,67.820,320.013,569.679
304,67.815,320.236,569.797
305,67.811,320.459,569.916
306,67.806,320.683,570.033
307,67.802,320.908,570.152
308,67.797,321.133,570.268
309,67.793,321.359,570.385
310,67.788,321.585,570.501
311,67.784,321.811,570.618
312,67.779,322.038,570.732
313,67.775,322.265,570.847
314,67.770,322.494,570.961
315,67.766,322.722,571.076
316,67.761,322.951,571.189
317,67.756,323.180,571.303
318,67.752,323.410,571.415
319,67.747,323.640,571.529
320,67.743,323.871,571.639
321,67.738,324.101,571.752
322,67.733,324.333,571.862
323,67.728,324.565,571.974
324,67.724,324.797,572.083
325,67.719,325.029,572.195
326,67.714,325.262,572.303
327,67.709,325.496,572.413
328,67.705,325.730,572.521
329,67.700,325.964,572.630
330,67.695,326.199,572.737
331,67.690,326.434,572.846
332,67.685,326.669,572.952
333,67.680,326.905,573.060
334,67.675,327.141,573.166
335,67.671,327.378,573.273
336,67.666,327.614,573.377
337,67.661,327.852,573.484
338,67.656,328.089,573.588
339,67.651,328.327,573.694
340,67.646,328.565,573.797
341,67.641,328.804,573.902
342,67.636,329.043,574.005
343,67.631,329.282,574.109
344,67.626,329.522,574.212
345,67.620,329.762,574.315
346,67.615,330.003,574.417
347,67.610,330.243,574.519
348,67.605,330.484,574.621
349,67.600,330.725,574.723
350,67.595,330.967,574.822
351,67.590,331.208,574.924
352,67.585,331.450,575.023
353,67.579,331.693,575.125
354,67.574,331.935,575.223
355,67.569,332.178,575.324
356,67.564,332.421,575.422
357,67.558,332.665,575.521
358,67.553,332.909,575.619
359,67.548,333.153,575.718
360,67.542,333.398,575.816
361,67.537,333.643,575.914
362,67.532,333.888,576.011
363,67.526,334.133,576.108
364,67.521,334.378,576.204
365,67.516,334.624,576.301
366,67.510,334.870,576.397
367,67.505,335.116,576.494
368,67.499,335.362,576.588
369,67.494,335.609,576.685
370,67.488,335.855,576.778
371,67.483,336.103,576.874
372,67.477,336.350,576.967
373,67.472,336.597,577.063
374,67.466,336.845,577.156
375,67.461,337.093,577.250
376,67.455,337.341,577.343
377,67.450,337.590,577.436
378,67.444,337.838,577.529
379,67.438,338.087,577.622
380,67.433,338.336,577.714
381,67.427,338.586,577.806
382,67.421,338.835,577.897
383,67.416,339.084,577.989
384,67.410,339.334,578.080
385,67.404,339.584,578.172
386,67.399,339.835,578.261
387,67.393,340.086,578.353
388,67.387,340.336,578.442
389,67.381,340.587,578.533
390,67.376,340.838,578.622
391,67.370,341.089,578.713
392,67.364,341.340,578.801
393,67.358,341.592,578.891
394,67.352,341.843,578.979
395,67.346,342.095,579.069
396,67.340,342.347,579.156
397,67.335,342.599,579.245
398,67.329,342.851,579.332
399,67.323,343.104,579.420
400,67.317,343.356,579.507
401,67.311,343.609,579.594
402,67.305,343.862,579.681
403,67.299,344.115,579.768
404,67.293,344.368,579.854
405,67.287,344.621,579.941
406,67.281,344.874,580.026
407,67.275,345.128,580.112
408,67.269,345.382,580.197
409,67.263,345.635,580.283
410,67.256,345.889,580.367
411,67.250,346.143,580.453
412,67.244,346.397,580.537
413,67.238,346.651,580.623
414,67.232,346.906,580.706
415,67.226,347.160,580.791
416,67.220,347.415,580.874
417,67.213,347.670,580.959
418,67.207,347.924,581.041
419,67.201,348.179,581.125
420,67.195,348.434,581.207
421,67.188,348.689,581.291
422,67.182,348.945,581.373
423,67.176,349.200,581.455
424,67.169,349.456,581.537
425,67.163,349.711,581.620
426,67.157,349.967,581.701
427,67.150,350.222,581.783
428,67.144,350.478,581.864
429,67.138,350.734,581.946
430,67.131,350.990,582.026
431,67.125,351.246,582.107
432,67.118,351.502,582.188
433,67.112,351.758,582.269
434,67.105,352.014,582.348
435,67.099,352.271,582.429
436,67.092,352.527,582.508
437,67.086,352.783,582.588
438,67.079,353.040,582.667
439,67.073,353.296,582.747
440,67.066,353.553,582.825
441,67.060,353.810,582.905
442,67.053,354.066,582.983
443,67.046,354.323,583.063
444,67.040,354.580,583.140
445,67.033,354.837,583.219
446,67.027,355.093,583.296
447,67.020,355.350,583.375
448,67.013,355.607,583.452
449,67.006,355.864,583.529
450,67.000,356.121,583.606
451,66.993,356.379,583.683
452,66.986,356.636,583.760
453,66.980,356.893,583.837
454,66.973,357.150,583.914
455,66.966,357.407,583.990
456,66.959,357.665,584.066
457,66.952,357.922,584.142
458,66.946,358.179,584.218
459,66.939,358.437,584.294
460,66.932,358.694,584.369
461,66.925,358.951,584.445
462,66.918,359.209,584.519
463,66.911,359.466,584.595
464,66.904,359.724,584.669
465,66.897,359.981,584.745
466,66.890,360.239,584.818
467,66.883,360.496,584.893
468,66.876,360.754,584.967
469,66.869,361.011,585.042
470,66.862,361.269,585.115
471,66.855,361.527,585.189
472,66.848,361.784,585.262
473,66.841,362.042,585.336
474,66.834,362.299,585.408
475,66.827,362.557,585.482
476,66.820,362.814,585.554
477,66.813,363.072,585.628
478,66.806,363.330,585.700
479,66.799,363.587,585.772
480,66.792,363.845,585.844
481,66.784,364.102,585.916
482,66.777,364.360,585.988
483,66.770,364.618,586.060
484,66.763,364.875,586.132
485,66.756,365.133,586.203
486,66.748,365.390,586.274
487,66.741,365.648,586.345
488,66.734,365.905,586.416
489,66.726,366.163,586.487
490,66.719,366.420,586.557
491,66.712,366.677,586.628
492,66.705,366.935,586.698
493,66.697,367.192,586.769
494,66.690,367.450,586.838
495,66.682,367.707,586.909
496,66.675,367.964,586.978
497,66.668,368.222,587.048
498,66.660,368.479,587.117
499,66.653,368.736,587.187
500,66.645,368.993,587.255
501,66.638,369.250,587.325
502,66.630,369.508,587.393
503,66.623,369.765,587.462
504,66.615,370.022,587.530
505,66.608,370.279,587.599
506,66.600,370.536,587.667
507,66.593,370.793,587.736
508,66.585,371.050,587.803
509,66.578,371.307,587.871
510,66.570,371.563,587.938
511,66.563,371.820,588.006
512,66.555,372.077,588.073
513,66.547,372.334,588.141
514,66.540,372.590,588.208
515,66.532,372.847,588.275
516,66.524,373.104,588.341
517,66.517,373.360,588.409
518,66.509,373.617,588.475
519,66.501,373.873,588.541
520,66.493,374.129,588.607
521,66.486,374.386,588.673
522,66.478,374.642,588.739
523,66.470,374.898,588.805
524,66.462,375.154,588.871
525,66.455,375.410,588.936
526,66.447,375.666,589.001
527,66.439,375.922,589.066
528,66.431,376.178,589.131
529,66.423,376.434,589.196
530,66.415,376.690,589.261
531,66.407,376.945,589.326
532,66.400,377.201,589.390
533,66.392,377.457,589.455
534,66.384,377.712,589.519
535,66.376,377.967,589.583
536,66.368,378.223,589.647
537,66.360,378.478,589.711
538,66.352,378.733,589.775
539,66.344,378.988,589.839
540,66.336,379.243,589.902
541,66.328,379.498,589.965
542,66.320,379.753,590.028
543,66.312,380.008,590.092
544,66.304,380.263,590.154
545,66.295,380.518,590.218
546,66.287,380.773,590.280
547,66.279,381.027,590.343
548,66.271,381.282,590.405
549,66.263,381.536,590.467
550,66.255,381.791,590.529
551,66.247,382.045,590.592
552,66.238,382.299,590.653
553,66.230,382.553,590.715
554,66.222,382.807,590.777
555,66.214,383.061,590.838
556,66.206,383.315,590.900
557,66.197,383.569,590.961
558,66.189,383.823,591.022
559,66.181,384.076,591.083
560,66.172,384.330,591.144
561,66.164,384.583,591.204
562,66.156,384.837,591.265
563,66.147,385.090,591.325
564,66.139,385.343,591.385
565,66.131,385.596,591.445
566,66.122,385.849,591.505
567,66.114,386.102,591.565
568,66.106,386.355,591.625
569,66.097,386.608,591.685
570,66.089,386.860,591.744
571,66.080,387.113,591.804
572,66.072,387.365,591.863
573,66.063,387.618,591.923
574,66.055,387.870,591.982
575,66.046,388.122,592.041
576,66.038,388.374,592.099
577,66.029,388.626,592.158
578,66.021,388.878,592.217
579,66.012,389.130,592.276
580,66.003,389.381,592.334
581,65.995,389.633,592.392
582,65.986,389.884,592.450
583,65.978,390.136,592.508
584,65.969,390.387,592.566
585,65.960,390.638,592.624
586,65.952,390.889,592.681
587,65.943,391.140,592.739
588,65.934,391.391,592.796
589,65.926,391.641,592.854
590,65.917,391.892,592.911
591,65.908,392.142,592.968
592,65.899,392.393,593.025
593,65.891,392.643,593.082
594,65.882,392.893,593.138
595,65.873,393.143,593.195
596,65.864,393.393,593.251
597,65.855,393.643,593.308
598,65.847,393.892,593.364
599,65.838,394.142,593.420
600,65.829,394.391,593.476
601,65.820,394.640,593.532
602,65.811,394.889,593.588
603,65.802,395.138,593.643
604,65.793,395.387,593.699
605,65.784,395.636,593.754
606,65.775,395.885,593.809
607,65.766,396.134,593.864
608,65.757,396.382,593.919
609,65.748,396.631,593.974
610,65.739,396.879,594.029
611,65.730,397.127,594.084
612,65.721,397.375,594.138
613,65.712,397.623,594.193
614,65.703,397.871,594.247
615,65.694,398.119,594.302
616,65.685,398.366,594.356
617,65.676,398.614,594.410
618,65.667,398.861,594.464
619,65.658,399.108,594.518
620,65.649,399.355,594.571
621,65.639,399.602,594.625
622,65.630,399.849,594.678
623,65.621,400.096,594.732
624,65.612,400.342,594.785
625,65.603,400.589,594.838
626,65.593,400.835,594.892
627,65.584,401.081,594.945
628,65.575,401.327,594.997
629,65.566,401.573,595.050
630,65.556,401.819,595.103
631,65.547,402.065,595.155
632,65.538,402.310,595.208
633,65.528,402.555,595.260
634,65.519,402.801,595.312
635,65.510,403.046,595.365
636,65.500,403.291,595.417
637,65.491,403.535,595.469
638,65.481,403.780,595.520
639,65.472,404.024,595.572
640,65.463,404.269,595.624
641,65.453,404.513,595.675
642,65.444,404.757,595.727
643,65.434,405.001,595.778
644,65.425,405.245,595.829
645,65.415,405.488,595.880
646,65.406,405.732,595.931
647,65.396,405.975,595.982
648,65.387,406.219,596.033
649,65.377,406.462,596.083
650,65.367,406.705,596.134
651,65.358,406.948,596.184
652,65.348,407.191,596.235
653,65.339,407.433,596.284
654,65.329,407.676,596.335
655,65.319,407.918,596.385
656,65.310,408.160,596.434
657,65.300,408.402,596.485
658,65.290,408.644,596.534
659,65.281,408.886,596.584
660,65.271,409.127,596.634
661,65.261,409.369,596.683
662,65.251,409.610,596.732
663,65.242,409.851,596.782
664,65.232,410.092,596.831
665,65.222,410.333,596.880
666,65.212,410.574,596.929
667,65.202,410.814,596.978
668,65.193,411.055,597.026
669,65.183,411.295,597.075
670,65.173,411.535,597.124
671,65.163,411.775,597.172
672,65.153,412.014,597.221
673,65.143,412.254,597.269
674,65.133,412.493,597.317
675,65.123,412.732,597.365
676,65.113,412.971,597.413
677,65.103,413.210,597.461
678,65.093,413.449,597.509
679,65.083,413.688,597.557
680,65.073,413.926,597.604
681,65.063,414.165,597.652
682,65.053,414.403,597.700
683,65.043,414.641,597.747
684,65.033,414.879,597.794
685,65.023,415.116,597.841
686,65.013,415.354,597.888
687,65.003,415.591,597.936
688,64.993,415.829,597.982
689,64.983,416.066,598.029
690,64.972,416.303,598.076
691,64.962,416.539,598.123
692,64.952,416.776,598.169
693,64.942,417.012,598.216
694,64.932,417.249,598.262
695,64.921,417.485,598.308
696,64.911,417.721,598.354
697,64.901,417.956,598.401
698,64.890,418.192,598.447
699,64.880,418.428,598.493
700,64.870,418.663,598.538
701,64.860,418.898,598.584
702,64.849,419.133,598.630
703,64.839,419.367,598.675
704,64.828,419.602,598.721
705,64.818,419.836,598.766
706,64.808,420.070,598.812
707,64.797,420.304,598.857
708,64.787,420.538,598.902
709,64.776,420.771,598.947
710,64.766,421.005,598.992
711,64.755,421.238,599.037
712,64.745,421.472,599.081
713,64.734,421.705,599.126
714,64.724,421.937,599.171
715,64.713,422.170,599.215
716,64.703,422.403,599.260
717,64.692,422.635,599.304
718,64.682,422.867,599.348
719,64.671,423.099,599.392
720,64.660,423.331,599.436
721,64.650,423.562,599.480
722,64.639,423.794,599.524
723,64.628,424.025,599.568
724,64.618,424.256,599.612
725,64.607,424.487,599.656
726,64.596,424.718,599.699
727,64.586,424.948,599.743
728,64.575,425.179,599.786
729,64.564,425.409,599.830
730,64.553,425.639,599.873
731,64.543,425.868,599.916
732,64.532,426.098,599.959
733,64.521,426.327,600.002
734,64.510,426.557,600.045
735,64.499,426.786,600.088
736,64.488,427.014,600.131
737,64.477,427.243,600.174
738,64.467,427.471,600.216
739,64.456,427.699,600.259
740,64.445,427.927,600.301
741,64.434,428.155,600.344
742,64.423,428.383,600.386
743,64.412,428.610,600.429
744,64.401,428.837,600.471
745,64.390,429.065,600.513
746,64.379,429.291,600.555
747,64.368,429.518,600.597
748,64.357,429.745,600.639
749,64.346,429.971,600.681
750,64.335,430.197,600.722
751,64.323,430.423,600.764
752,64.312,430.649,600.806
753,64.301,430.875,600.847
754,64.290,431.100,600.889
755,64.279,431.325,600.930
756,64.268,431.550,600.971
757,64.256,431.775,601.013
758,64.245,431.999,601.054
759,64.234,432.224,601.095
760,64.223,432.448,601.136
761,64.212,432.671,601.177
762,64.200,432.895,601.217
763,64.189,433.118,601.258
764,64.178,433.341,601.299
765,64.166,433.564,601.340
766,64.155,433.787,601.380
767,64.144,434.010,601.421
768,64.132,434.233,601.461
769,64.121,434.455,601.501
770,64.109,434.677,601.541
771,64.098,434.899,601.582
772,64.086,435.121,601.622
773,64.075,435.342,601.662
774,64.064,435.563,601.702
775,64.052,435.784,601.741
776,64.041,436.005,601.781
777,64.029,436.226,601.821
778,64.017,436.446,601.861
779,64.006,436.666,601.900
780,63.994,436.886,601.940
781,63.983,437.106,601.979
782,63.971,437.326,602.019
783,63.959,437.545,602.058
784,63.948,437.764,602.097
785,63.936,437.982,602.136
786,63.924,438.201,602.175
787,63.913,438.419,602.214
788,63.901,438.637,602.253
789,63.889,438.855,602.292
790,63.878,439.073,602.331
791,63.866,439.290,602.370
792,63.854,439.508,602.408
793,63.842,439.725,602.447
794,63.830,439.942,602.486
795,63.819,440.158,602.524
796,63.807,440.375,602.563
797,63.795,440.591,602.601
798,63.783,440.807,602.639
799,63.771,441.023,602.678
800,63.759,441.238,602.716
801,63.747,441.453,602.754
802,63.735,441.669,602.792
803,63.723,441.883,602.830
804,63.711,442.098,602.868
805,63.699,442.312,602.906
806,63.687,442.526,602.944
807,63.675,442.740,602.982
808,63.663,442.953,603.019
809,63.651,443.167,603.057
810,63.639,443.380,603.094
811,63.627,443.592,603.132
812,63.615,443.805,603.169
813,63.603,444.018,603.207
814,63.590,444.230,603.244
815,63.578,444.442,603.281
816,63.566,444.654,603.318
817,63.554,444.865,603.356
818,63.542,445.076,603.392
819,63.529,445.287,603.430
820,63.517,445.498,603.466
821,63.505,445.709,603.503
822,63.492,445.919,603.540
823,63.480,446.129,603.577
824,63.468,446.339,603.613
825,63.455,446.548,603.650
826,63.443,446.758,603.686
827,63.431,446.967,603.723
828,63.418,447.176,603.759
829,63.406,447.384,603.796
830,63.393,447.592,603.832
831,63.381,447.800,603.869
832,63.368,448.008,603.904
833,63.356,448.215,603.941
834,63.343,448.422,603.977
835,63.331,448.629,604.013
836,63.318,448.836,604.049
837,63.306,449.042,604.085
838,63.293,449.249,604.120
839,63.281,449.455,604.156
840,63.268,449.660,604.192
841,63.255,449.866,604.228
842,63.243,450.071,604.263
843,63.230,450.276,604.299
844,63.217,450.481,604.334
845,63.204,450.685,604.370
846,63.192,450.889,604.405
847,63.179,451.093,604.440
848,63.166,451.297,604.475
849,63.153,451.500,604.511
850,63.141,451.703,604.546
851,63.128,451.906,604.581
852,63.115,452.108,604.616
853,63.102,452.310,604.651
854,63.089,452.512,604.686
855,63.076,452.714,604.720
856,63.063,452.916,604.755
857,63.050,453.117,604.790
858,63.037,453.318,604.825
859,63.024,453.519,604.859
860,63.011,453.719,604.894
861,62.998,453.919,604.928
862,62.985,454.119,604.963
863,62.972,454.319,604.997
864,62.959,454.518,605.031
865,62.946,454.717,605.065
866,62.933,454.916,605.100
867,62.920,455.115,605.134
868,62.907,455.313,605.168
869,62.894,455.510,605.202
870,62.880,455.708,605.236
871,62.867,455.905,605.270
872,62.854,456.102,605.304
873,62.841,456.299,605.338
874,62.827,456.495,605.371
875,62.814,456.692,605.405
876,62.801,456.888,605.439
877,62.788,457.083,605.473
878,62.774,457.279,605.506
879,62.761,457.474,605.540
880,62.747,457.669,605.573
881,62.734,457.863,605.607
882,62.721,458.058,605.640
883,62.707,458.252,605.673
884,62.694,458.445,605.706
885,62.680,458.639,605.740
886,62.667,458.832,605.773
887,62.653,459.024,605.806
888,62.640,459.216,605.839
889,62.626,459.408,605.872
890,62.613,459.600,605.905
891,62.599,459.792,605.938
892,62.585,459.983,605.971
893,62.572,460.175,606.004
894,62.558,460.365,606.036
895,62.544,460.556,606.069
896,62.531,460.746,606.101
897,62.517,460.936,606.135
898,62.503,461.126,606.167
899,62.490,461.315,606.200
900,62.476,461.504,606.232
901,62.462,461.693,606.264
902,62.448,461.881,606.296
903,62.434,462.069,606.329
904,62.421,462.257,606.361
905,62.407,462.444,606.394
906,62.393,462.632,606.425
907,62.379,462.818,606.458
908,62.365,463.005,606.489
909,62.351,463.191,606.522
910,62.337,463.377,606.553
911,62.323,463.562,606.586
912,62.309,463.748,606.617
913,62.295,463.933,606.649
914,62.281,464.118,606.681
915,62.267,464.302,606.713
916,62.253,464.486,606.744
917,62.239,464.670,606.776
918,62.225,464.854,606.807
919,62.211,465.037,606.839
920,62.196,465.220,606.870
921,62.182,465.403,606.902
922,62.168,465.585,606.933
923,62.154,465.767,606.965
924,62.140,465.949,606.996
925,62.125,466.130,607.027
926,62.111,466.311,607.058
927,62.097,466.492,607.090
928,62.082,466.672,607.120
929,62.068,466.852,607.152
930,62.054,467.032,607.182
931,62.039,467.212,607.214
932,62.025,467.391,607.244
933,62.011,467.570,607.276
934,61.996,467.749,607.306
935,61.982,467.927,607.337
936,61.967,468.105,607.367
937,61.953,468.283,607.399
938,61.938,468.461,607.429
939,61.924,468.638,607.460
940,61.909,468.814,607.490
941,61.894,468.990,607.521
942,61.880,469.166,607.551
943,61.865,469.342,607.582
944,61.851,469.518,607.612
945,61.836,469.693,607.643
946,61.821,469.868,607.672
947,61.807,470.043,607.703
948,61.792,470.217,607.733
949,61.777,470.391,607.763
950,61.762,470.565,607.793
951,61.748,470.739,607.824
952,61.733,470.912,607.853
953,61.718,471.085,607.884
954,61.703,471.257,607.913
955,61.688,471.429,607.943
956,61.673,471.601,607.972
957,61.659,471.772,608.003
958,61.644,471.943,608.032
959,61.629,472.114,608.062
960,61.614,472.285,608.091
961,61.599,472.455,608.122
962,61.584,472.625,608.151
963,61.569,472.795,608.181
964,61.554,472.965,608.210
965,61.539,473.134,608.239
966,61.524,473.303,608.268
967,61.509,473.471,608.298
968,61.494,473.639,608.327
969,61.478,473.807,608.357
970,61.463,473.975,608.386
971,61.448,474.142,608.415
972,61.433,474.309,608.444
973,61.418,474.476,608.473
974,61.402,474.642,608.502
975,61.387,474.808,608.531
976,61.372,474.974,608.560
977,61.357,475.139,608.589
978,61.341,475.304,608.618
979,61.326,475.469,608.647
980,61.311,475.634,608.676
981,61.295,475.798,608.704
982,61.280,475.962,608.733
983,61.265,476.126,608.762
984,61.249,476.289,608.790
985,61.234,476.452,608.819
986,61.218,476.615,608.848
987,61.203,476.778,608.876
988,61.187,476.940,608.905
989,61.172,477.102,608.933
990,61.156,477.263,608.962
991,61.141,477.425,608.990
992,61.125,477.586,609.018
993,61.110,477.746,609.046
994,61.094,477.906,609.075
995,61.078,478.066,609.103
996,61.063,478.226,609.131
997,61.047,478.386,609.159
998,61.031,478.545,609.187
999,61.016,478.704,609.215
1000,61.000,478.863,609.243
1001,60.984,479.021,609.271
1002,60.968,479.179,609.299
1003,60.953,479.337,609.327
1004,60.937,479.495,609.355
1005,60.921,479.652,609.383
1006,60.905,479.809,609.410
1007,60.889,479.966,609.438
1008,60.873,480.123,609.466
1009,60.857,480.279,609.494
1010,60.842,480.434,609.521
1011,60.826,480.590,609.549
1012,60.810,480.745,609.576
1013,60.794,480.900,609.604
1014,60.778,481.055,609.631
1015,60.762,481.209,609.659
1016,60.746,481.364,609.686
1017,60.730,481.518,609.714
1018,60.714,481.671,609.740
1019,60.697,481.825,609.768
1020,60.681,481.978,609.795
1021,60.665,482.131,609.823
1022,60.649,482.284,609.849
1023,60.633,482.436,609.877
1024,60.617,482.588,609.903
1025,60.601,482.740,609.931
1026,60.584,482.892,609.958
1027,60.568,483.043,609.985
1028,60.552,483.194,610.012
1029,60.536,483.345,610.039
1030,60.519,483.495,610.065
1031,60.503,483.646,610.093
1032,60.487,483.796,610.119
1033,60.470,483.945,610.147
1034,60.454,484.095,610.173
1035,60.438,484.244,610.200
1036,60.421,484.393,610.226
1037,60.405,484.542,610.253
1038,60.388,484.690,610.279
1039,60.372,484.839,610.307
1040,60.356,484.987,610.332
1041,60.339,485.135,610.360
1042,60.323,485.282,610.385
1043,60.306,485.430,610.413
1044,60.290,485.577,610.438
1045,60.273,485.724,610.465
1046,60.256,485.871,610.491
1047,60.240,486.017,610.518
1048,60.223,486.163,610.544
1049,60.207,486.309,610.571
1050,60.190,486.455,610.596
1051,60.173,486.601,610.623
1052,60.157,486.746,610.648
1053,60.140,486.891,610.675
1054,60.123,487.035,610.700
1055,60.106,487.180,610.727
1056,60.090,487.324,610.752
1057,60.073,487.468,610.779
1058,60.056,487.612,610.804
1059,60.039,487.756,610.831
1060,60.023,487.899,610.856
1061,60.006,488.043,610.883
1062,59.989,488.186,610.908
1063,59.972,488.329,610.934
1064,59.955,488.471,610.959
1065,59.938,488.614,610.986
1066,59.921,488.756,611.011
1067,59.904,488.898,611.037
1068,59.888,489.040,611.062
1069,59.871,489.182,611.088
1070,59.854,489.323,611.113
1071,59.837,489.464,611.139
1072,59.820,489.605,611.164
1073,59.803,489.746,611.190
1074,59.785,489.887,611.215
1075,59.768,490.027,611.241
1076,59.751,490.168,611.266
1077,59.734,490.308,611.292
1078,59.717,490.447,611.316
1079,59.700,490.587,611.342
1080,59.683,490.726,611.367
1081,59.666,490.865,611.393
1082,59.649,491.004,611.417
1083,59.631,491.143,611.443
1084,59.614,491.282,611.467
1085,59.597,491.421,611.493
1086,59.580,491.559,611.518
1087,59.562,491.698,611.543
1088,59.545,491.836,611.568
1089,59.528,491.974,611.593
1090,59.510,492.111,611.617
1091,59.493,492.249,611.643
1092,59.476,492.386,611.667
1093,59.458,492.524,611.693
1094,59.441,492.661,611.717
1095,59.424,492.798,611.742
1096,59.406,492.934,611.766
1097,59.389,493.071,611.792
1098,59.371,493.207,611.816
1099,59.354,493.344,611.841
1100,59.337,493.480,611.865
1101,59.319,493.616,611.890
1102,59.302,493.751,611.914
1103,59.284,493.887,611.940
1104,59.267,494.023,611.964
1105,59.249,494.158,611.988
1106,59.231,494.293,612.012
1107,59.214,494.428,612.037
1108,59.196,494.563,612.061
1109,59.179,494.698,612.086
1110,59.161,494.832,612.110
1111,59.143,494.966,612.135
1112,59.126,495.101,612.159
1113,59.108,495.235,612.183
1114,59.090,495.369,612.207
1115,59.073,495.503,612.232
1116,59.055,495.636,612.256
1117,59.037,495.770,612.280
1118,59.020,495.904,612.304
1119,59.002,496.037,612.328
1120,58.984,496.170,612.352
1121,58.966,496.304,612.376
1122,58.948,496.437,612.400
1123,58.931,496.570,612.424
1124,58.913,496.702,612.448
1125,58.895,496.835,612.472
1126,58.877,496.968,612.496
1127,58.859,497.100,612.520
1128,58.841,497.232,612.544
1129,58.823,497.364,612.568
1130,58.806,497.497,612.592
1131,58.788,497.629,612.615
1132,58.770,497.760,612.639
1133,58.752,497.892,612.663
1134,58.734,498.024,612.687
1135,58.716,498.155,612.710
1136,58.698,498.287,612.734
1137,58.680,498.418,612.758
1138,58.662,498.549,612.782
1139,58.644,498.680,612.805
1140,58.626,498.811,612.829
1141,58.607,498.942,612.852
1142,58.589,499.073,612.876
1143,58.571,499.204,612.899
1144,58.553,499.334,612.923
1145,58.535,499.465,612.946
1146,58.517,499.595,612.970
1147,58.499,499.726,612.993
1148,58.481,499.856,613.017
1149,58.462,499.986,613.040
1150,58.444,500.116,613.063
1151,58.426,500.246,613.086
1152,58.408,500.376,613.110
1153,58.389,500.506,613.133
1154,58.371,500.635,613.156
1155,58.353,500.765,613.179
1156,58.335,500.894,613.203
1157,58.316,501.024,613.226
1158,58.298,501.153,613.249
1159,58.280,501.283,613.272
1160,58.261,501.412,613.295
1161,58.243,501.541,613.318
1162,58.225,501.670,613.341
1163,58.206,501.799,613.364
1164,58.188,501.928,613.388
1165,58.169,502.056,613.411
1166,58.151,502.185,613.433
1167,58.132,502.314,613.456
1168,58.114,502.442,613.479
1169,58.096,502.571,613.502
1170,58.077,502.699,613.525
1171,58.059,502.827,613.548
1172,58.040,502.956,613.571
1173,58.022,503.084,613.594
1174,58.003,503.212,613.616
1175,57.984,503.340,613.639
1176,57.966,503.468,613.662
1177,57.947,503.596,613.685
1178,57.929,503.724,613.707
1179,57.910,503.852,613.730
1180,57.891,503.980,613.753
1181,57.873,504.107,613.776
1182,57.854,504.235,613.798
1183,57.836,504.363,613.821
1184,57.817,504.490,613.843
1185,57.798,504.618,613.866
1186,57.779,504.745,613.888
1187,57.761,504.873,613.911
1188,57.742,505.000,613.933
1189,57.723,505.127,613.956
1190,57.704,505.255,613.978
1191,57.686,505.382,614.001
1192,57.667,505.509,614.023
1193,57.648,505.636,614.046
1194,57.629,505.763,614.068
1195,57.610,505.890,614.091
1196,57.592,506.017,614.113
1197,57.573,506.144,614.136
1198,57.554,506.271,614.157
1199,57.535,506.398,614.180
1200,57.516,506.524,614.202
1201,57.497,506.651,614.225
1202,57.478,506.778,614.247
1203,57.459,506.904,614.270
1204,57.440,507.031,614.291
1205,57.421,507.158,614.314
1206,57.402,507.284,614.335
1207,57.383,507.411,614.358
1208,57.364,507.537,614.380
1209,57.345,507.663,614.403
1210,57.326,507.790,614.424
1211,57.307,507.916,614.447
1212,57.288,508.042,614.468
1213,57.269,508.168,614.491
1214,57.250,508.295,614.512
1215,57.231,508.421,614.535
1216,57.212,508.547,614.556
1217,57.193,508.673,614.579
1218,57.173,508.799,614.601
1219,57.154,508.925,614.623
1220,57.135,509.051,614.645
1221,57.116,509.177,614.666
1222,57.097,509.303,614.688
1223,57.078,509.428,614.711
1224,57.058,509.554,614.732
1225,57.039,509.680,614.754
1226,57.020,509.807,614.776
1227,57.001,509.932,614.798
1228,56.981,510.058,614.820
1229,56.962,510.183,614.842
1230,56.943,510.309,614.863
1231,56.923,510.435,614.885
1232,56.904,510.560,614.906
1233,56.885,510.686,614.928
1234,56.865,510.811,614.950
1235,56.846,510.937,614.972
1236,56.826,511.062,614.993
1237,56.807,511.187,615.015
1238,56.788,511.312,615.036
1239,56.768,511.438,615.058
1240,56.749,511.563,615.080
1241,56.729,511.689,615.101
1242,56.710,511.814,615.123
1243,56.690,511.940,615.145
1244,56.671,512.065,615.167
1245,56.651,512.190,615.188
1246,56.632,512.315,615.209
1247,56.612,512.441,615.230
1248,56.592,512.566,615.253
1249,56.573,512.691,615.274
1250,56.553,512.816,615.296
1251,56.534,512.941,615.317
1252,56.514,513.066,615.339
1253,56.495,513.191,615.360
1254,56.475,513.316,615.381
1255,56.455,513.440,615.403
1256,56.435,513.566,615.424
1257,56.416,513.691,615.445
1258,56.396,513.815,615.467
1259,56.376,513.940,615.488
1260,56.356,514.066,615.509
1261,56.337,514.190,615.531
1262,56.317,514.314,615.552
1263,56.297,514.439,615.574
1264,56.277,514.564,615.594
1265,56.258,514.689,615.616
1266,56.238,514.814,615.637
1267,56.218,514.939,615.659
1268,56.198,515.064,615.679
1269,56.178,515.188,615.701
1270,56.158,515.313,615.722
1271,56.138,515.437,615.744
1272,56.118,515.562,615.764
1273,56.099,515.686,615.785
1274,56.079,515.811,615.806
1275,56.059,515.935,615.828
1276,56.039,516.059,615.849
1277,56.019,516.184,615.870
1278,55.999,516.309,615.891
1279,55.979,516.433,615.912
1280,55.958,516.558,615.934
1281,55.938,516.682,615.954
1282,55.918,516.806,615.976
1283,55.898,516.931,615.996
1284,55.878,517.056,616.018
1285,55.858,517.179,616.038
1286,55.838,517.303,616.060
1287,55.818,517.428,616.081
1288,55.798,517.552,616.102
1289,55.777,517.677,616.122
1290,55.757,517.801,616.144
1291,55.737,517.925,616.165
1292,55.717,518.049,616.185
1293,55.697,518.173,616.207
1294,55.676,518.298,616.227
1295,55.656,518.422,616.248
1296,55.636,518.546,616.269
1297,55.615,518.670,616.290
1298,55.595,518.794,616.311
1299,55.575,518.918,616.332
1300,55.554,519.042,616.353
1301,55.534,519.166,616.373
1302,55.513,519.290,616.395
1303,55.493,519.414,616.415
1304,55.473,519.538,616.437
1305,55.452,519.662,616.457
1306,55.432,519.786,616.478
1307,55.411,519.910,616.499
1308,55.391,520.033,616.520
1309,55.370,520.157,616.541
1310,55.350,520.280,616.561
1311,55.329,520.404,616.582
1312,55.309,520.528,616.602
1313,55.288,520.652,616.623
1314,55.268,520.776,616.644
1315,55.247,520.899,616.665
1316,55.226,521.023,616.685
1317,55.206,521.147,616.706
1318,55.185,521.270,616.727
1319,55.164,521.394,616.748
1320,55.144,521.518,616.769
1321,55.123,521.640,616.788
1322,55.102,521.765,616.810
1323,55.082,521.888,616.830
1324,55.061,522.012,616.851
1325,55.040,522.135,616.871
1326,55.019,522.258,616.892
1327,54.998,522.381,616.913
1328,54.978,522.505,616.933
1329,54.957,522.629,616.955
1330,54.936,522.752,616.974
1331,54.915,522.875,616.995
1332,54.894,522.998,617.016
1333,54.873,523.122,617.036
1334,54.852,523.245,617.057
1335,54.831,523.368,617.077
1336,54.810,523.491,617.099
1337,54.789,523.615,617.119
1338,54.768,523.738,617.140
1339,54.747,523.861,617.160
1340,54.726,523.983,617.181
1341,54.705,524.106,617.201
1342,54.684,524.230,617.221
1343,54.663,524.352,617.243
1344,54.642,524.475,617.263
1345,54.621,524.598,617.283
1346,54.600,524.722,617.303
1347,54.578,524.844,617.323
1348,54.557,524.967,617.345
1349,54.536,525.090,617.364
1350,54.515,525.212,617.386
1351,54.494,525.335,617.406
1352,54.472,525.458,617.426
1353,54.451,525.581,617.447
1354,54.430,525.704,617.466
1355,54.408,525.825,617.488
1356,54.387,525.949,617.507
1357,54.366,526.071,617.528
1358,54.344,526.193,617.548
1359,54.323,526.315,617.569
1360,54.302,526.438,617.590
1361,54.280,526.560,617.609
1362,54.259,526.684,617.630
1363,54.237,526.806,617.651
1364,54.216,526.928,617.670
1365,54.194,527.050,617.691
1366,54.173,527.172,617.711
1367,54.151,527.294,617.732
1368,54.129,527.417,617.752
1369,54.108,527.539,617.772
1370,54.086,527.662,617.793
1371,54.065,527.783,617.812
1372,54.043,527.906,617.833
1373,54.021,528.027,617.853
1374,54.000,528.149,617.874
1375,53.978,528.271,617.894
1376,53.956,528.393,617.914
1377,53.935,528.515,617.935
1378,53.913,528.636,617.955
1379,53.891,528.759,617.975
1380,53.869,528.880,617.996
1381,53.847,529.002,618.015
1382,53.825,529.124,618.036
1383,53.804,529.245,618.056
1384,53.782,529.367,618.077
1385,53.760,529.488,618.097
1386,53.738,529.609,618.116
1387,53.716,529.731,618.137
1388,53.694,529.853,618.157
1389,53.672,529.974,618.178
1390,53.650,530.096,618.198
1391,53.628,530.217,618.218
1392,53.606,530.339,618.238
1393,53.584,530.460,618.258
1394,53.562,530.581,618.278
1395,53.540,530.703,618.299
1396,53.517,530.823,618.318
1397,53.495,530.944,618.339
1398,53.473,531.065,618.359
1399,53.451,531.186,618.379
1400,53.429,531.308,618.400
1401,53.406,531.427,618.419
1402,53.384,531.549,618.439
1403,53.362,531.669,618.459
1404,53.340,531.790,618.479
1405,53.317,531.911,618.500
1406,53.295,532.031,618.520
1407,53.273,532.152,618.540
1408,53.250,532.272,618.560
1409,53.228,532.393,618.580
1410,53.205,532.514,618.600
1411,53.183,532.634,618.620
1412,53.160,532.755,618.640
1413,53.138,532.875,618.660
1414,53.115,532.996,618.680
1415,53.093,533.115,618.700
1416,53.070,533.236,618.720
1417,53.048,533.356,618.741
1418,53.025,533.476,618.761
1419,53.002,533.596,618.781
1420,52.980,533.716,618.801
1421,52.957,533.835,618.820
1422,52.934,533.955,618.840
1423,52.912,534.076,618.861
1424,52.889,534.196,618.881
1425,52.866,534.315,618.900
1426,52.843,534.435,618.921
1427,52.821,534.554,618.941
1428,52.798,534.674,618.960
1429,52.775,534.794,618.980
1430,52.752,534.913,619.000
1431,52.729,535.032,619.020
1432,52.706,535.152,619.040
1433,52.683,535.271,619.060
1434,52.660,535.390,619.080
1435,52.637,535.510,619.100
1436,52.614,535.629,619.120
1437,52.591,535.748,619.140
1438,52.568,535.867,619.160
1439,52.545,535.986,619.180
1440,52.522,536.104,619.200
1441,52.499,536.223,619.220
1442,52.475,536.343,619.240
1443,52.452,536.462,619.260
1444,52.429,536.580,619.279
1445,52.406,536.699,619.299
1446,52.383,536.817,619.319
1447,52.359,536.935,619.339
1448,52.336,537.054,619.359
1449,52.313,537.172,619.379
1450,52.289,537.291,619.399
1451,52.266,537.409,619.419
1452,52.242,537.528,619.438
1453,52.219,537.645,619.458
1454,52.196,537.763,619.478
1455,52.172,537.881,619.498
1456,52.149,537.999,619.517
1457,52.125,538.118,619.538
1458,52.102,538.235,619.558
1459,52.078,538.352,619.577
1460,52.054,538.471,619.597
1461,52.031,538.588,619.617
1462,52.007,538.706,619.636
1463,51.983,538.823,619.657
1464,51.960,538.941,619.676
1465,51.936,539.058,619.696
1466,51.912,539.175,619.716
1467,51.889,539.292,619.736
1468,51.865,539.410,619.755
1469,51.841,539.527,619.776
1470,51.817,539.645,619.795
1471,51.793,539.761,619.815
1472,51.769,539.878,619.835
1473,51.745,539.995,619.854
1474,51.722,540.111,619.874
1475,51.698,540.229,619.894
1476,51.674,540.344,619.913
1477,51.650,540.461,619.933
1478,51.626,540.578,619.953
1479,51.601,540.695,619.972
1480,51.577,540.810,619.993
1481,51.553,540.927,620.012
1482,51.529,541.044,620.032
1483,51.505,541.159,620.051
1484,51.481,541.275,620.071
1485,51.457,541.391,620.091
1486,51.432,541.508,620.111
1487,51.408,541.623,620.131
1488,51.384,541.739,620.150
1489,51.359,541.854,620.170
1490,51.335,541.970,620.189
1491,51.311,542.086,620.208
1492,51.286,542.201,620.229
1493,51.262,542.317,620.249
1494,51.237,542.432,620.268
1495,51.213,542.548,620.288
1496,51.189,542.662,620.307
1497,51.164,542.777,620.326
1498,51.140,542.893,620.346
1499,51.115,543.008,620.366
1500,51.090,543.122,620.385
1501,51.066,543.237,620.405
1502,51.041,543.353,620.425
1503,51.016,543.466,620.444
1504,50.992,543.581,620.464
1505,50.967,543.695,620.484
1506,50.942,543.810,620.503
1507,50.917,543.924,620.523
1508,50.893,544.039,620.543
1509,50.868,544.153,620.563
1510,50.843,544.267,620.582
1511,50.818,544.381,620.602
1512,50.793,544.495,620.621
1513,50.768,544.608,620.640
1514,50.743,544.722,620.660
1515,50.718,544.837,620.680
1516,50.693,544.951,620.700
1517,50.668,545.063,620.719
1518,50.643,545.176,620.739
1519,50.618,545.291,620.757
1520,50.593,545.404,620.778
1521,50.568,545.517,620.798
1522,50.543,545.630,620.816
1523,50.518,545.743,620.836
1524,50.492,545.856,620.856
1525,50.467,545.968,620.875
1526,50.442,546.082,620.895
1527,50.417,546.194,620.914
1528,50.391,546.307,620.934
1529,50.366,546.419,620.953
1530,50.341,546.532,620.973
1531,50.315,546.644,620.993
1532,50.290,546.756,621.011
1533,50.264,546.868,621.031
1534,50.239,546.980,621.051
1535,50.213,547.092,621.070
1536,50.188,547.204,621.090
1537,50.162,547.316,621.109
1538,50.137,547.428,621.129
1539,50.111,547.539,621.148
1540,50.086,547.651,621.168
1541,50.060,547.762,621.187
1542,50.034,547.874,621.206
1543,50.009,547.985,621.226
1544,49.983,548.096,621.246
1545,49.957,548.208,621.265
1546,49.931,548.318,621.284
1547,49.906,548.429,621.304
1548,49.880,548.540,621.323
1549,49.854,548.651,621.343
1550,49.828,548.761,621.362
1551,49.802,548.872,621.381
1552,49.776,548.982,621.400
1553,49.750,549.092,621.420
1554,49.724,549.202,621.440
1555,49.698,549.313,621.459
1556,49.672,549.423,621.478
1557,49.646,549.533,621.498
1558,49.620,549.642,621.517
1559,49.594,549.752,621.536
1560,49.568,549.862,621.556
1561,49.542,549.972,621.575
1562,49.516,550.081,621.594
1563,49.490,550.190,621.614
1564,49.463,550.300,621.633
1565,49.437,550.410,621.653
1566,49.411,550.518,621.672
1567,49.385,550.627,621.691
1568,49.358,550.736,621.711
1569,49.332,550.845,621.730
1570,49.306,550.954,621.749
1571,49.279,551.062,621.769
1572,49.253,551.171,621.789
1573,49.226,551.279,621.808
1574,49.200,551.387,621.827
1575,49.173,551.496,621.846
1576,49.147,551.604,621.866
1577,49.120,551.712,621.885
1578,49.094,551.820,621.904
1579,49.067,551.928,621.923
1580,49.041,552.035,621.943
1581,49.014,552.142,621.961
1582,48.987,552.251,621.981
1583,48.961,552.357,622.001
1584,48.934,552.465,622.019
1585,48.907,552.572,622.039
1586,48.880,552.679,622.059
1587,48.854,552.786,622.077
1588,48.827,552.893,622.097
1589,48.800,553.000,622.116
1590,48.773,553.107,622.136
1591,48.746,553.212,622.154
1592,48.719,553.319,622.174
1593,48.692,553.426,622.193
1594,48.665,553.532,622.213
1595,48.638,553.638,622.232
1596,48.612,553.744,622.251
1597,48.585,553.850,622.270
1598,48.558,553.955,622.289
1599,48.531,554.061,622.308
1600,48.503,554.167,622.327
1601,48.476,554.272,622.347
1602,48.449,554.378,622.366
1603,48.422,554.483,622.385
1604,48.395,554.588,622.404
1605,48.368,554.693,622.424
1606,48.340,554.798,622.443
1607,48.313,554.903,622.462
1608,48.286,555.007,622.482
1609,48.259,555.112,622.502
1610,48.231,555.217,622.520
1611,48.204,555.320,622.539
1612,48.177,555.425,622.558
1613,48.149,555.529,622.578
1614,48.122,555.633,622.596
1615,48.095,555.737,622.616
1616,48.067,555.841,622.635
1617,48.040,555.945,622.655
1618,48.012,556.048,622.673
1619,47.985,556.152,622.693
1620,47.957,556.255,622.712
1621,47.930,556.358,622.731
1622,47.902,556.461,622.750
1623,47.875,556.564,622.769
1624,47.847,556.668,622.788
1625,47.819,556.770,622.808
1626,47.792,556.873,622.827
1627,47.764,556.975,622.845
1628,47.736,557.078,622.865
1629,47.709,557.180,622.885
1630,47.681,557.282,622.903
1631,47.653,557.384,622.922
1632,47.626,557.486,622.941
1633,47.598,557.588,622.961
1634,47.570,557.690,622.980
1635,47.542,557.791,622.999
1636,47.514,557.893,623.018
1637,47.486,557.994,623.037
1638,47.458,558.096,623.056
1639,47.431,558.196,623.075
1640,47.403,558.298,623.094
1641,47.375,558.398,623.113
1642,47.347,558.499,623.132
1643,47.319,558.600,623.151
1644,47.291,558.700,623.170
1645,47.263,558.801,623.190
1646,47.235,558.901,623.209
1647,47.207,559.001,623.228
1648,47.179,559.102,623.247
1649,47.151,559.201,623.266
1650,47.123,559.301,623.286
1651,47.095,559.400,623.305
1652,47.066,559.500,623.323
1653,47.038,559.599,623.342
1654,47.010,559.698,623.361
1655,46.982,559.798,623.381
1656,46.954,559.897,623.400
1657,46.926,559.995,623.418
1658,46.897,560.095,623.438
1659,46.869,560.193,623.457
1660,46.841,560.292,623.475
1661,46.812,560.391,623.494
1662,46.784,560.488,623.514
1663,46.756,560.587,623.532
1664,46.728,560.685,623.552
1665,46.699,560.783,623.571
1666,46.671,560.880,623.589
1667,46.642,560.978,623.609
1668,46.614,561.076,623.628
1669,46.586,561.173,623.647
1670,46.557,561.270,623.665
1671,46.529,561.367,623.685
1672,46.500,561.464,623.704
1673,46.472,561.561,623.723
1674,46.443,561.657,623.741
1675,46.415,561.754,623.761
1676,46.386,561.851,623.780
1677,46.358,561.947,623.799
1678,46.329,562.043,623.818
1679,46.301,562.140,623.836
1680,46.272,562.235,623.855
1681,46.244,562.331,623.875
1682,46.215,562.427,623.894
1683,46.186,562.522,623.912
1684,46.158,562.617,623.932
1685,46.129,562.713,623.951
1686,46.101,562.808,623.970
1687,46.072,562.903,623.988
1688,46.043,562.998,624.007
1689,46.015,563.093,624.026
1690,45.986,563.187,624.045
1691,45.957,563.282,624.064
1692,45.929,563.376,624.083
1693,45.900,563.470,624.102
1694,45.871,563.564,624.121
1695,45.842,563.658,624.140
1696,45.814,563.752,624.159
1697,45.785,563.845,624.178
1698,45.756,563.939,624.197
1699,45.727,564.032,624.215
1700,45.698,564.126,624.235
1701,45.670,564.218,624.253
1702,45.641,564.312,624.272
1703,45.612,564.404,624.291
1704,45.583,564.497,624.310
1705,45.554,564.589,624.329
1706,45.526,564.681,624.348
1707,45.496,564.774,624.366
1708,45.468,564.866,624.386
1709,45.439,564.958,624.404
1710,45.410,565.050,624.424
1711,45.381,565.142,624.442
1712,45.352,565.233,624.461
1713,45.323,565.324,624.480
1714,45.294,565.416,624.499
1715,45.265,565.507,624.518
1716,45.236,565.598,624.537
1717,45.207,565.689,624.555
1718,45.178,565.780,624.574
1719,45.149,565.870,624.593
1720,45.120,565.961,624.612
1721,45.091,566.051,624.631
1722,45.062,566.141,624.649
1723,45.034,566.230,624.668
1724,45.004,566.320,624.687
1725,44.975,566.410,624.706
1726,44.946,566.500,624.725
1727,44.917,566.589,624.744
1728,44.888,566.679,624.762
1729,44.859,566.768,624.781
1730,44.830,566.856,624.800
1731,44.801,566.945,624.818
1732,44.772,567.034,624.837
1733,44.743,567.122,624.856
1734,44.714,567.211,624.875
1735,44.685,567.298,624.893
1736,44.656,567.387,624.912
1737,44.627,567.475,624.931
1738,44.598,567.563,624.950
1739,44.569,567.650,624.969
1740,44.539,567.738,624.987
1741,44.510,567.825,625.006
1742,44.481,567.912,625.025
1743,44.452,567.998,625.044
1744,44.423,568.085,625.063
1745,44.394,568.172,625.081
1746,44.365,568.259,625.100
1747,44.336,568.345,625.119
1748,44.307,568.431,625.138
1749,44.278,568.517,625.156
1750,44.248,568.604,625.175
1751,44.219,568.690,625.194
1752,44.190,568.775,625.213
1753,44.161,568.860,625.231
1754,44.132,568.945,625.250
1755,44.103,569.030,625.269
1756,44.074,569.115,625.287
1757,44.045,569.201,625.306
1758,44.015,569.286,625.324
1759,43.986,569.369,625.343
1760,43.957,569.454,625.362
1761,43.928,569.539,625.380
1762,43.899,569.622,625.399
1763,43.870,569.706,625.417
1764,43.841,569.790,625.437
1765,43.812,569.873,625.455
1766,43.782,569.957,625.474
1767,43.753,570.040,625.492
1768,43.724,570.123,625.511
1769,43.695,570.207,625.529
1770,43.666,570.289,625.548
1771,43.637,570.371,625.567
1772,43.608,570.454,625.586
1773,43.579,570.536,625.604
1774,43.549,570.619,625.622
1775,43.520,570.700,625.641
1776,43.491,570.782,625.659
1777,43.462,570.864,625.678
1778,43.433,570.946,625.697
1779,43.404,571.027,625.716
1780,43.375,571.108,625.734
1781,43.346,571.188,625.752
1782,43.316,571.271,625.770
1783,43.287,571.350,625.789
1784,43.258,571.431,625.808
1785,43.229,571.511,625.827
1786,43.200,571.592,625.845
1787,43.171,571.672,625.863
1788,43.142,571.751,625.882
1789,43.113,571.831,625.900
1790,43.084,571.911,625.919
1791,43.054,571.990,625.938
1792,43.025,572.070,625.956
1793,42.996,572.149,625.974
1794,42.967,572.227,625.992
1795,42.938,572.306,626.011
1796,42.909,572.385,626.029
1797,42.880,572.464,626.048
1798,42.851,572.542,626.066
1799,42.822,572.620,626.085
1800,42.793,572.698,626.103
1801,42.764,572.775,626.122
1802,42.735,572.853,626.139
1803,42.706,572.931,626.158
1804,42.677,573.007,626.177
1805,42.648,573.085,626.195
1806,42.619,573.162,626.213
1807,42.590,573.238,626.231
1808,42.561,573.315,626.250
1809,42.532,573.391,626.268
1810,42.503,573.468,626.286
1811,42.474,573.544,626.305
1812,42.445,573.620,626.323
1813,42.416,573.695,626.341
1814,42.387,573.771,626.360
1815,42.358,573.847,626.378
1816,42.329,573.922,626.396
1817,42.301,573.997,626.414
1818,42.272,574.072,626.433
1819,42.243,574.147,626.451
1820,42.214,574.221,626.470
1821,42.185,574.296,626.488
1822,42.156,574.370,626.506
1823,42.127,574.444,626.524
1824,42.098,574.518,626.542
1825,42.069,574.592,626.561
1826,42.041,574.665,626.579
1827,42.012,574.739,626.597
1828,41.983,574.812,626.615
1829,41.954,574.884,626.633
1830,41.925,574.957,626.651
1831,41.896,575.030,626.669
1832,41.868,575.103,626.688
1833,41.839,575.175,626.705
1834,41.810,575.247,626.723
1835,41.781,575.319,626.742
1836,41.753,575.391,626.760
1837,41.724,575.464,626.778
1838,41.695,575.535,626.796
1839,41.667,575.606,626.814
1840,41.638,575.677,626.832
1841,41.609,575.748,626.851
1842,41.580,575.819,626.868
1843,41.552,575.890,626.886
1844,41.523,575.960,626.904
1845,41.494,576.031,626.922
1846,41.466,576.101,626.940
1847,41.437,576.171,626.958
1848,41.409,576.241,626.976
1849,41.380,576.310,626.994
1850,41.351,576.379,627.012
1851,41.323,576.449,627.030
1852,41.294,576.518,627.047
1853,41.266,576.587,627.066
1854,41.237,576.656,627.083
1855,41.209,576.725,627.101
1856,41.180,576.793,627.120
1857,41.152,576.861,627.137
1858,41.123,576.929,627.155
1859,41.095,576.997,627.173
1860,41.066,577.065,627.190
1861,41.038,577.133,627.208
1862,41.009,577.200,627.226
1863,40.981,577.267,627.244
1864,40.952,577.335,627.262
1865,40.924,577.402,627.279
1866,40.896,577.468,627.297
1867,40.867,577.534,627.315
1868,40.839,577.601,627.332
1869,40.811,577.668,627.350
1870,40.782,577.733,627.368
1871,40.754,577.800,627.386
1872,40.726,577.866,627.403
1873,40.697,577.930,627.421
1874,40.669,577.996,627.439
1875,40.641,578.061,627.457
1876,40.613,578.127,627.474
1877,40.584,578.191,627.491
1878,40.556,578.256,627.509
1879,40.528,578.320,627.527
1880,40.500,578.385,627.544
1881,40.471,578.449,627.562
1882,40.443,578.513,627.579
1883,40.415,578.577,627.597
1884,40.387,578.641,627.615
1885,40.359,578.704,627.632
1886,40.331,578.768,627.649
1887,40.303,578.830,627.667
1888,40.275,578.894,627.685
1889,40.247,578.957,627.702
1890,40.219,579.019,627.719
1891,40.191,579.082,627.737
1892,40.163,579.144,627.754
1893,40.135,579.206,627.771
1894,40.107,579.268,627.789
1895,40.079,579.330,627.806
1896,40.051,579.392,627.823
1897,40.023,579.453,627.841
1898,39.995,579.514,627.858
1899,39.967,579.576,627.875
1900,39.939,579.637,627.893
1901,39.911,579.698,627.910
1902,39.883,579.759,627.927
1903,39.856,579.819,627.945
1904,39.828,579.879,627.962
1905,39.800,579.939,627.979
1906,39.772,580.000,627.997
1907,39.745,580.059,628.014
1908,39.717,580.119,628.031
1909,39.689,580.178,628.048
1910,39.661,580.238,628.065
1911,39.634,580.297,628.083
1912,39.606,580.356,628.099
1913,39.578,580.415,628.116
1914,39.551,580.474,628.133
1915,39.523,580.532,628.151
1916,39.495,580.590,628.168
1917,39.468,580.649,628.185
1918,39.440,580.706,628.202
1919,39.413,580.765,628.218
1920,39.385,580.822,628.236
1921,39.358,580.880,628.253
1922,39.330,580.937,628.269
1923,39.303,580.994,628.287
1924,39.275,581.052,628.303
1925,39.248,581.108,628.321
1926,39.220,581.165,628.338
1927,39.193,581.222,628.354
1928,39.166,581.278,628.371
1929,39.138,581.334,628.388
1930,39.111,581.390,628.405
1931,39.083,581.446,628.421
1932,39.056,581.502,628.439
1933,39.029,581.558,628.455
1934,39.002,581.613,628.472
1935,38.974,581.669,628.489
1936,38.947,581.724,628.506
1937,38.920,581.779,628.522
1938,38.893,581.834,628.540
1939,38.865,581.888,628.556
1940,38.838,581.943,628.572
1941,38.811,581.997,628.590
1942,38.784,582.051,628.606
1943,38.757,582.106,628.623
1944,38.730,582.159,628.639
1945,38.703,582.213,628.656
1946,38.676,582.267,628.672
1947,38.649,582.321,628.689
1948,38.622,582.374,628.706
1949,38.594,582.427,628.722
1950,38.567,582.480,628.739
1951,38.541,582.533,628.755
1952,38.514,582.585,628.772
1953,38.487,582.638,628.788
1954,38.460,582.690,628.804
1955,38.433,582.742,628.821
1956,38.406,582.795,628.838
1957,38.379,582.847,628.853
1958,38.352,582.899,628.870
1959,38.326,582.950,628.887
1960,38.299,583.001,628.903
1961,38.272,583.053,628.920
1962,38.245,583.105,628.936
1963,38.218,583.155,628.952
1964,38.192,583.207,628.968
1965,38.165,583.257,628.985
1966,38.138,583.307,629.001
1967,38.112,583.358,629.018
1968,38.085,583.409,629.033
1969,38.058,583.459,629.050
1970,38.032,583.509,629.066
1971,38.005,583.558,629.082
1972,37.979,583.608,629.098
1973,37.952,583.658,629.114
1974,37.926,583.707,629.130
1975,37.899,583.757,629.147
1976,37.873,583.806,629.163
1977,37.846,583.855,629.179
1978,37.820,583.903,629.195
1979,37.793,583.953,629.211
1980,37.767,584.001,629.227
1981,37.741,584.050,629.243
1982,37.714,584.098,629.259
1983,37.688,584.146,629.275
1984,37.661,584.195,629.291
1985,37.635,584.243,629.307
1986,37.609,584.290,629.323
1987,37.582,584.339,629.339
1988,37.556,584.385,629.355
1989,37.530,584.433,629.370
1990,37.504,584.480,629.386
1991,37.478,584.527,629.402
1992,37.452,584.575,629.418
1993,37.425,584.622,629.435
1994,37.399,584.668,629.451
1995,37.373,584.715,629.466
1996,37.347,584.761,629.481
1997,37.321,584.807,629.497
1998,37.295,584.853,629.513
1999,37.269,584.900,629.528
2000,37.243,584.945,629.544
2001,37.217,584.992,629.560
2002,37.191,585.037,629.576
2003,37.165,585.082,629.591
2004,37.139,585.129,629.607
2005,37.113,585.173,629.623
2006,37.087,585.219,629.638
2007,37.062,585.264,629.654
2008,37.036,585.309,629.669
2009,37.010,585.354,629.685
2010,36.984,585.398,629.701
2011,36.958,585.443,629.717
2012,36.933,585.488,629.732
2013,36.907,585.531,629.747
2014,36.881,585.576,629.763
2015,36.855,585.620,629.778
2016,36.830,585.664,629.794
2017,36.804,585.708,629.809
2018,36.778,585.751,629.825
2019,36.753,585.795,629.840
2020,36.727,585.839,629.856
2021,36.702,585.882,629.871
2022,36.676,585.925,629.886
2023,36.651,585.968,629.901
2024,36.625,586.011,629.917
2025,36.599,586.054,629.932
2026,36.574,586.097,629.947
2027,36.549,586.139,629.962
2028,36.523,586.182,629.978
2029,36.498,586.224,629.993
2030,36.472,586.267,630.008
2031,36.447,586.309,630.024
2032,36.422,586.351,630.039
2033,36.396,586.393,630.054
2034,36.371,586.435,630.070
2035,36.346,586.477,630.084
2036,36.320,586.518,630.099
2037,36.295,586.560,630.115
2038,36.270,586.601,630.130
2039,36.245,586.643,630.144
2040,36.220,586.684,630.160
2041,36.194,586.725,630.175
2042,36.169,586.766,630.189
2043,36.144,586.807,630.205
2044,36.119,586.848,630.220
2045,36.094,586.888,630.235
2046,36.069,586.929,630.250
2047,36.044,586.970,630.264
2048,36.019,587.009,630.280
2049,35.994,587.050,630.294
2050,35.969,587.090,630.309
2051,35.944,587.130,630.324
2052,35.919,587.170,630.339
2053,35.894,587.210,630.354
2054,35.869,587.250,630.369
2055,35.844,587.289,630.384
2056,35.819,587.329,630.399
2057,35.795,587.369,630.413
2058,35.770,587.408,630.428
2059,35.745,587.447,630.443
2060,35.720,587.486,630.458
2061,35.695,587.526,630.473
2062,35.671,587.564,630.487
2063,35.646,587.603,630.502
2064,35.621,587.642,630.517
2065,35.597,587.680,630.532
2066,35.572,587.719,630.546
2067,35.548,587.757,630.561
2068,35.523,587.796,630.575
2069,35.498,587.834,630.590
2070,35.474,587.872,630.604
2071,35.449,587.910,630.619
2072,35.425,587.948,630.633
2073,35.400,587.986,630.648
2074,35.376,588.024,630.662
2075,35.351,588.062,630.677
2076,35.327,588.100,630.692
2077,35.302,588.137,630.706
2078,35.278,588.174,630.721
2079,35.253,588.212,630.735
2080,35.229,588.249,630.750
2081,35.205,588.287,630.764
2082,35.180,588.324,630.778
2083,35.156,588.361,630.793
2084,35.132,588.397,630.807
2085,35.107,588.434,630.821
2086,35.083,588.471,630.836
2087,35.059,588.508,630.851
2088,35.035,588.545,630.865
2089,35.011,588.581,630.879
2090,34.987,588.617,630.894
2091,34.962,588.654,630.907
2092,34.938,588.690,630.922
2093,34.914,588.726,630.936
2094,34.890,588.762,630.950
2095,34.866,588.799,630.965
2096,34.842,588.834,630.979
2097,34.818,588.870,630.994
2098,34.794,588.907,631.007
2099,34.770,588.942,631.021
2100,34.746,588.977,631.036
2101,34.722,589.012,631.050
2102,34.698,589.049,631.064
2103,34.674,589.084,631.078
2104,34.650,589.120,631.092
2105,34.626,589.154,631.107
2106,34.602,589.190,631.120
2107,34.579,589.225,631.134
2108,34.555,589.260,631.149
2109,34.531,589.295,631.163
2110,34.507,589.330,631.177
2111,34.484,589.365,631.190
2112,34.460,589.399,631.205
2113,34.436,589.434,631.219
2114,34.412,589.469,631.233
2115,34.389,589.503,631.247
2116,34.365,589.538,631.260
2117,34.341,589.572,631.274
2118,34.318,589.607,631.288
2119,34.294,589.641,631.302
2120,34.271,589.675,631.316
2121,34.247,589.709,631.330
2122,34.224,589.743,631.344
2123,34.200,589.777,631.358
2124,34.177,589.811,631.372
2125,34.153,589.844,631.386
2126,34.130,589.878,631.399
2127,34.106,589.913,631.413
2128,34.083,589.945,631.427
2129,34.059,589.979,631.441
2130,34.036,590.013,631.454
2131,34.013,590.047,631.468
2132,33.989,590.080,631.482
2133,33.966,590.113,631.496
2134,33.943,590.147,631.510
2135,33.919,590.180,631.523
2136,33.896,590.212,631.537
2137,33.873,590.246,631.551
2138,33.850,590.279,631.565
2139,33.826,590.312,631.578
2140,33.803,590.345,631.592
2141,33.780,590.378,631.606
2142,33.757,590.410,631.619
2143,33.734,590.443,631.632
2144,33.710,590.476,631.646
2145,33.687,590.509,631.659
2146,33.664,590.541,631.673
2147,33.641,590.574,631.687
2148,33.618,590.606,631.700
2149,33.595,590.639,631.714
2150,33.572,590.671,631.727
2151,33.549,590.704,631.741
2152,33.526,590.736,631.754
2153,33.503,590.768,631.768
2154,33.480,590.800,631.781
2155,33.457,590.832,631.795
2156,33.434,590.864,631.808
2157,33.412,590.896,631.822
2158,33.389,590.928,631.835
2159,33.366,590.960,631.849
2160,33.343,590.991,631.862
2161,33.320,591.023,631.876
2162,33.297,591.055,631.889
2163,33.275,591.086,631.902
2164,33.252,591.118,631.916
2165,33.229,591.149,631.929
2166,33.207,591.181,631.942
2167,33.184,591.212,631.956
2168,33.161,591.244,631.970
2169,33.139,591.275,631.983
2170,33.116,591.307,631.996
2171,33.093,591.338,632.009
2172,33.071,591.369,632.023
2173,33.048,591.400,632.036
2174,33.025,591.431,632.049
2175,33.003,591.462,632.062
2176,32.980,591.493,632.076
2177,32.958,591.524,632.089
2178,32.935,591.555,632.102
2179,32.913,591.586,632.115
2180,32.890,591.617,632.129
2181,32.868,591.648,632.142
2182,32.845,591.678,632.155
2183,32.823,591.709,632.168
2184,32.801,591.739,632.181
2185,32.778,591.770,632.194
2186,32.756,591.801,632.207
2187,32.734,591.831,632.220
2188,32.711,591.862,632.234
2189,32.689,591.892,632.247
2190,32.667,591.922,632.260
2191,32.644,591.954,632.273
2192,32.622,591.983,632.286
2193,32.600,592.013,632.299
2194,32.578,592.044,632.313
2195,32.555,592.074,632.326
2196,32.533,592.105,632.338
2197,32.511,592.135,632.351
2198,32.489,592.164,632.365
2199,32.467,592.195,632.377
2200,32.445,592.225,632.391
2201,32.423,592.255,632.404
2202,32.401,592.285,632.416
2203,32.378,592.314,632.429
2204,32.356,592.345,632.443
2205,32.334,592.374,632.456
2206,32.312,592.404,632.469
2207,32.290,592.434,632.481
2208,32.268,592.464,632.494
2209,32.246,592.493,632.507
2210,32.224,592.523,632.520
2211,32.203,592.552,632.533
2212,32.181,592.582,632.546
2213,32.159,592.611,632.559
2214,32.137,592.641,632.572
2215,32.115,592.670,632.585
2216,32.093,592.700,632.597
2217,32.071,592.730,632.610
2218,32.049,592.759,632.623
2219,32.028,592.788,632.636
2220,32.006,592.817,632.649
2221,31.984,592.847,632.662
2222,31.962,592.876,632.674
2223,31.941,592.906,632.688
2224,31.919,592.934,632.700
2225,31.897,592.964,632.713
2226,31.875,592.992,632.725
2227,31.854,593.022,632.739
2228,31.832,593.050,632.751
2229,31.810,593.080,632.764
2230,31.789,593.109,632.777
2231,31.767,593.137,632.790
2232,31.746,593.167,632.802
2233,31.724,593.196,632.815
2234,31.703,593.224,632.828
2235,31.681,593.253,632.841
2236,31.659,593.283,632.853
2237,31.638,593.311,632.866
2238,31.617,593.340,632.879
2239,31.595,593.369,632.891
2240,31.574,593.398,632.904
2241,31.552,593.426,632.917
2242,31.531,593.455,632.929
2243,31.509,593.484,632.942
2244,31.488,593.513,632.955
2245,31.467,593.540,632.967
2246,31.445,593.569,632.980
2247,31.424,593.598,632.993
2248,31.403,593.626,633.005
2249,31.381,593.655,633.018
2250,31.360,593.683,633.031
2251,31.338,593.712,633.043
2252,31.317,593.741,633.055
2253,31.296,593.768,633.068
2254,31.275,593.797,633.081
2255,31.254,593.825,633.093
2256,31.232,593.854,633.106
2257,31.211,593.882,633.118
2258,31.190,593.910,633.131
2259,31.169,593.939,633.144
2260,31.148,593.967,633.156
2261,31.127,593.995,633.169
2262,31.105,594.023,633.181
2263,31.084,594.051,633.193
2264,31.063,594.080,633.206
2265,31.042,594.108,633.219
2266,31.021,594.136,633.231
2267,31.000,594.164,633.244
2268,30.979,594.192,633.256
2269,30.958,594.220,633.269
2270,30.937,594.248,633.281
2271,30.916,594.276,633.293
2272,30.895,594.304,633.306
2273,30.874,594.332,633.318
2274,30.853,594.360,633.331
2275,30.832,594.388,633.343
2276,30.811,594.416,633.356
2277,30.790,594.444,633.368
2278,30.770,594.471,633.380
2279,30.749,594.500,633.393
2280,30.728,594.527,633.405
2281,30.707,594.555,633.418
2282,30.686,594.583,633.430
2283,30.665,594.611,633.443
2284,30.645,594.638,633.455
2285,30.624,594.667,633.467
2286,30.603,594.694,633.480
2287,30.582,594.722,633.492
2288,30.562,594.750,633.505
2289,30.541,594.777,633.517
2290,30.520,594.805,633.529
2291,30.500,594.833,633.541
2292,30.479,594.860,633.554
2293,30.458,594.888,633.566
2294,30.438,594.915,633.579
2295,30.417,594.943,633.591
2296,30.396,594.970,633.604
2297,30.376,594.998,633.615
2298,30.355,595.026,633.628
2299,30.335,595.054,633.640
2300,30.314,595.081,633.653
2301,30.294,595.109,633.665
2302,30.273,595.136,633.677
2303,30.253,595.164,633.689
2304,30.232,595.191,633.702
2305,30.212,595.218,633.714
2306,30.191,595.246,633.727
2307,30.171,595.274,633.738
2308,30.150,595.301,633.751
2309,30.130,595.329,633.763
2310,30.109,595.356,633.775
2311,30.089,595.383,633.787
2312,30.069,595.410,633.800
2313,30.048,595.438,633.812
2314,30.028,595.465,633.824
2315,30.008,595.493,633.836
2316,29.987,595.520,633.849
2317,29.967,595.547,633.861
2318,29.947,595.574,633.873
2319,29.926,595.601,633.886
2320,29.906,595.630,633.897
2321,29.886,595.657,633.910
2322,29.866,595.684,633.922
2323,29.845,595.711,633.934
2324,29.825,595.739,633.947
2325,29.805,595.766,633.958
2326,29.785,595.793,633.971
2327,29.765,595.820,633.983
2328,29.745,595.847,633.995
2329,29.724,595.875,634.007
2330,29.704,595.901,634.019
2331,29.684,595.928,634.031
2332,29.664,595.956,634.044
2333,29.644,595.983,634.056
2334,29.624,596.010,634.068
2335,29.604,596.037,634.080
2336,29.584,596.065,634.093
2337,29.564,596.092,634.104
2338,29.544,596.118,634.117
2339,29.524,596.146,634.128
2340,29.504,596.173,634.141
2341,29.484,596.201,634.153
2342,29.464,596.227,634.165
2343,29.444,596.254,634.177
2344,29.424,596.281,634.189
2345,29.404,596.309,634.201
2346,29.384,596.335,634.214
2347,29.364,596.363,634.225
2348,29.344,596.390,634.238
2349,29.324,596.416,634.250
2350,29.305,596.444,634.262
2351,29.285,596.471,634.274
2352,29.265,596.498,634.286
2353,29.245,596.525,634.298
2354,29.225,596.552,634.310
2355,29.205,596.579,634.323
2356,29.186,596.606,634.334
2357,29.166,596.633,634.346
2358,29.146,596.660,634.359
2359,29.127,596.687,634.370
2360,29.107,596.714,634.383
2361,29.087,596.741,634.395
2362,29.068,596.768,634.407
2363,29.048,596.795,634.419
2364,29.028,596.822,634.431
2365,29.009,596.849,634.442
2366,28.989,596.876,634.455
2367,28.969,596.902,634.467
2368,28.950,596.930,634.479
2369,28.930,596.956,634.491
2370,28.910,596.984,634.503
2371,28.891,597.010,634.515
2372,28.871,597.038,634.527
2373,28.852,597.065,634.539
2374,28.832,597.091,634.551
2375,28.813,597.119,634.563
2376,28.793,597.145,634.575
2377,28.774,597.173,634.587
2378,28.754,597.199,634.599
2379,28.735,597.226,634.611
2380,28.715,597.254,634.623
2381,28.696,597.280,634.635
2382,28.677,597.307,634.646
2383,28.657,597.334,634.659
2384,28.638,597.361,634.671
2385,28.618,597.388,634.683
2386,28.599,597.415,634.695
2387,28.580,597.442,634.707
2388,28.560,597.468,634.719
2389,28.541,597.495,634.731
2390,28.522,597.523,634.742
2391,28.502,597.549,634.755
2392,28.483,597.576,634.767
2393,28.464,597.603,634.779
2394,28.444,597.630,634.790
2395,28.425,597.657,634.803
2396,28.406,597.684,634.814
2397,28.387,597.710,634.827
2398,28.367,597.738,634.838
2399,28.348,597.765,634.850
2400,28.329,597.791,634.862
2401,28.310,597.818,634.874
2402,28.291,597.845,634.886
2403,28.272,597.872,634.898
2404,28.252,597.899,634.910
2405,28.233,597.926,634.922
2406,28.214,597.952,634.934
2407,28.195,597.979,634.946
2408,28.176,598.007,634.958
2409,28.157,598.034,634.970
2410,28.138,598.060,634.982
2411,28.119,598.087,634.994
2412,28.100,598.114,635.006
2413,28.081,598.141,635.017
2414,28.062,598.169,635.029
2415,28.043,598.195,635.041
2416,28.024,598.222,635.053
2417,28.005,598.249,635.065
2418,27.986,598.276,635.077
2419,27.967,598.303,635.089
2420,27.948,598.329,635.101
2421,27.929,598.356,635.113
2422,27.910,598.384,635.125
2423,27.891,598.411,635.137
2424,27.872,598.438,635.149
2425,27.854,598.464,635.160
2426,27.835,598.491,635.172
2427,27.816,598.518,635.184
2428,27.797,598.545,635.196
2429,27.778,598.572,635.208
2430,27.759,598.599,635.220
2431,27.741,598.626,635.232
2432,27.722,598.653,635.243
2433,27.703,598.680,635.256
2434,27.684,598.707,635.267
2435,27.666,598.734,635.279
2436,27.647,598.761,635.291
2437,27.628,598.788,635.303
2438,27.609,598.815,635.315
2439,27.591,598.842,635.327
2440,27.572,598.869,635.339
2441,27.553,598.896,635.350
2442,27.535,598.923,635.362
2443,27.516,598.949,635.374
2444,27.497,598.977,635.386
2445,27.479,599.004,635.398
2446,27.460,599.031,635.410
2447,27.442,599.057,635.422
2448,27.423,599.085,635.434
2449,27.405,599.112,635.446
2450,27.386,599.139,635.457
2451,27.367,599.166,635.469
2452,27.349,599.193,635.481
2453,27.330,599.220,635.493
2454,27.312,599.247,635.505
2455,27.293,599.274,635.517
2456,27.275,599.301,635.529
2457,27.257,599.328,635.541
2458,27.238,599.355,635.552
2459,27.220,599.382,635.564
2460,27.201,599.409,635.576
2461,27.183,599.436,635.588
2462,27.164,599.463,635.600
2463,27.146,599.491,635.611
2464,27.128,599.518,635.623
2465,27.109,599.545,635.635
2466,27.091,599.572,635.647
2467,27.073,599.599,635.659
2468,27.054,599.627,635.671
2469,27.036,599.653,635.683
2470,27.017,599.681,635.695
2471,26.999,599.708,635.707
2472,26.981,599.735,635.718
2473,26.963,599.762,635.730
2474,26.944,599.789,635.742
2475,26.926,599.816,635.754
2476,26.908,599.843,635.766
2477,26.890,599.870,635.777
2478,26.872,599.898,635.789
2479,26.853,599.925,635.801
2480,26.835,599.952,635.813
2481,26.817,599.980,635.825
2482,26.799,600.007,635.837
2483,26.781,600.034,635.849
2484,26.763,600.061,635.861
2485,26.744,600.088,635.872
2486,26.726,600.116,635.884
2487,26.708,600.143,635.896
2488,26.690,600.170,635.908
2489,26.672,600.197,635.920
2490,26.654,600.225,635.931
2491,26.636,600.252,635.943
2492,26.618,600.280,635.955
2493,26.600,600.307,635.967
2494,26.582,600.334,635.979
2495,26.564,600.361,635.991
2496,26.546,600.388,636.002
2497,26.528,600.416,636.014
2498,26.510,600.443,636.026
2499,26.492,600.470,636.038
2500,26.474,600.498,636.050
2501,26.456,600.525,636.062
2502,26.438,600.553,636.073
2503,26.420,600.580,636.085
2504,26.403,600.607,636.097
2505,26.385,600.635,636.109
2506,26.367,600.662,636.121
2507,26.349,600.690,636.133
2508,26.331,600.717,636.145
2509,26.313,600.745,636.156
2510,26.296,600.772,636.168
2511,26.278,600.799,636.180
2512,26.260,600.827,636.192
2513,26.242,600.854,636.204
2514,26.224,600.882,636.216
2515,26.207,600.909,636.228
2516,26.189,600.937,636.240
2517,26.171,600.964,636.251
2518,26.153,600.992,636.263
2519,26.136,601.019,636.275
2520,26.118,601.047,636.287
2521,26.100,601.074,636.298
2522,26.083,601.102,636.310
2523,26.065,601.130,636.322
2524,26.047,601.157,636.334
2525,26.030,601.185,636.346
2526,26.012,601.212,636.358
2527,25.995,601.239,636.370
2528,25.977,601.268,636.382
2529,25.959,601.295,636.393
2530,25.942,601.323,636.405
2531,25.924,601.350,636.417
2532,25.907,601.379,636.429
2533,25.889,601.406,636.440
2534,25.872,601.433,636.452
2535,25.854,601.461,636.464
2536,25.837,601.489,636.476
2537,25.819,601.516,636.488
2538,25.802,601.544,636.500
2539,25.784,601.572,636.512
2540,25.767,601.600,636.524
2541,25.749,601.628,636.535
2542,25.732,601.656,636.547
2543,25.714,601.683,636.559
2544,25.697,601.710,636.571
2545,25.680,601.739,636.583
2546,25.662,601.766,636.594
2547,25.645,601.794,636.606
2548,25.628,601.822,636.618
2549,25.610,601.850,636.630
2550,25.593,601.878,636.642
2551,25.576,601.906,636.654
2552,25.558,601.933,636.666
2553,25.541,601.962,636.678
2554,25.524,601.989,636.689
2555,25.507,602.017,636.701
2556,25.489,602.045,636.713
2557,25.472,602.073,636.725
2558,25.455,602.101,636.737
2559,25.438,602.129,636.749
2560,25.420,602.157,636.761
2561,25.403,602.185,636.772
2562,25.386,602.213,636.784
2563,25.369,602.241,636.796
2564,25.352,602.269,636.808
2565,25.335,602.297,636.820
2566,25.317,602.325,636.832
2567,25.300,602.353,636.843
2568,25.283,602.382,636.855
2569,25.266,602.409,636.867
2570,25.249,602.437,636.879
2571,25.232,602.465,636.891
2572,25.215,602.494,636.903
2573,25.198,602.522,636.914
2574,25.181,602.550,636.926
2575,25.164,602.578,636.938
2576,25.147,602.606,636.950
2577,25.130,602.634,636.962
2578,25.113,602.663,636.974
2579,25.096,602.691,636.986
2580,25.079,602.719,636.998
2581,25.062,602.747,637.009
2582,25.045,602.776,637.021
2583,25.028,602.804,637.033
2584,25.011,602.832,637.046
2585,24.994,602.861,637.058
2586,24.977,602.889,637.069
2587,24.960,602.917,637.081
2588,24.944,602.946,637.093
2589,24.927,602.973,637.105
2590,24.910,603.002,637.117
2591,24.893,603.031,637.129
2592,24.876,603.059,637.140
2593,24.860,603.087,637.153
2594,24.843,603.116,637.164
2595,24.826,603.144,637.176
2596,24.809,603.172,637.188
2597,24.792,603.201,637.200
2598,24.776,603.230,637.212
2599,24.759,603.258,637.224
2600,24.742,603.286,637.235
2601,24.725,603.315,637.248
2602,24.709,603.343,637.259
2603,24.692,603.372,637.271
2604,24.675,603.401,637.283
2605,24.659,603.429,637.295
2606,24.642,603.457,637.307
2607,24.625,603.486,637.318
2608,24.609,603.515,637.330
2609,24.592,603.544,637.342
2610,24.576,603.572,637.354
2611,24.559,603.601,637.367
2612,24.543,603.630,637.378
2613,24.526,603.659,637.391
2614,24.509,603.687,637.402
2615,24.493,603.715,637.414
2616,24.476,603.744,637.426
2617,24.460,603.773,637.438
2618,24.443,603.802,637.450
2619,24.427,603.830,637.462
2620,24.410,603.859,637.474
2621,24.394,603.888,637.485
2622,24.377,603.917,637.497
2623,24.361,603.946,637.509
2624,24.345,603.974,637.521
2625,24.328,604.003,637.533
2626,24.312,604.032,637.546
2627,24.295,604.062,637.557
2628,24.279,604.091,637.569
2629,24.263,604.120,637.581
2630,24.246,604.148,637.593
2631,24.230,604.177,637.605
2632,24.214,604.206,637.617
2633,24.197,604.235,637.629
2634,24.181,604.264,637.640
2635,24.165,604.294,637.653
2636,24.148,604.323,637.665
2637,24.132,604.352,637.677
2638,24.116,604.380,637.688
2639,24.100,604.409,637.701
2640,24.083,604.438,637.712
2641,24.067,604.468,637.724
2642,24.051,604.497,637.736
2643,24.035,604.526,637.748
2644,24.018,604.556,637.761
2645,24.002,604.585,637.773
2646,23.986,604.614,637.784
2647,23.970,604.643,637.796
2648,23.954,604.672,637.808
2649,23.938,604.701,637.820
2650,23.922,604.730,637.832
2651,23.906,604.760,637.844
2652,23.889,604.789,637.856
2653,23.873,604.818,637.868
2654,23.857,604.848,637.880
2655,23.841,604.877,637.892
2656,23.825,604.907,637.904
2657,23.809,604.936,637.916
2658,23.793,604.965,637.928
2659,23.777,604.995,637.940
2660,23.761,605.024,637.952
2661,23.745,605.054,637.964
2662,23.729,605.083,637.976
2663,23.713,605.113,637.988
2664,23.697,605.142,638.000
2665,23.681,605.172,638.012
2666,23.666,605.201,638.024
2667,23.650,605.231,638.036
2668,23.634,605.260,638.048
2669,23.618,605.290,638.060
2670,23.602,605.320,638.072
2671,23.586,605.349,638.084
2672,23.570,605.379,638.096
2673,23.554,605.408,638.108
2674,23.539,605.438,638.120
2675,23.523,605.468,638.132
2676,23.507,605.498,638.144
2677,23.491,605.527,638.156
2678,23.475,605.557,638.168
2679,23.460,605.587,638.181
2680,23.444,605.616,638.192
2681,23.428,605.646,638.204
2682,23.412,605.676,638.216
2683,23.397,605.706,638.228
2684,23.381,605.736,638.241
2685,23.365,605.766,638.253
2686,23.350,605.796,638.265
2687,23.334,605.826,638.277
2688,23.318,605.856,638.288
2689,23.303,605.885,638.301
2690,23.287,605.915,638.313
2691,23.271,605.945,638.325
2692,23.256,605.975,638.337
2693,23.240,606.005,638.349
2694,23.225,606.035,638.361
2695,23.209,606.065,638.373
2696,23.194,606.095,638.385
2697,23.178,606.126,638.397
2698,23.162,606.156,638.409
2699,23.147,606.186,638.421
2700,23.131,606.216,638.434
2701,23.116,606.246,638.446
2702,23.100,606.276,638.458
2703,23.085,606.307,638.470
2704,23.070,606.337,638.481
2705,23.054,606.367,638.494
2706,23.039,606.397,638.506
2707,23.023,606.428,638.518
2708,23.008,606.458,638.530
2709,22.992,606.488,638.543
2710,22.977,606.519,638.555
2711,22.962,606.549,638.567
2712,22.946,606.579,638.578
2713,22.931,606.609,638.591
2714,22.916,606.640,638.603
2715,22.900,606.671,638.615
2716,22.885,606.701,638.627
2717,22.870,606.731,638.639
2718,22.854,606.762,638.652
2719,22.839,606.793,638.664
2720,22.824,606.823,638.676
2721,22.809,606.854,638.687
2722,22.793,606.884,638.700
2723,22.778,606.915,638.712
2724,22.763,606.945,638.724
2725,22.748,606.976,638.736
2726,22.733,607.006,638.749
2727,22.717,607.037,638.761
2728,22.702,607.068,638.773
2729,22.687,607.099,638.785
2730,22.672,607.129,638.797
2731,22.657,607.160,638.809
2732,22.642,607.191,638.822
2733,22.627,607.222,638.833
2734,22.612,607.252,638.846
2735,22.597,607.283,638.858
2736,22.582,607.315,638.870
2737,22.567,607.345,638.882
2738,22.551,607.376,638.895
2739,22.536,607.407,638.907
2740,22.521,607.438,638.919
2741,22.506,607.469,638.931
2742,22.491,607.500,638.943
2743,22.476,607.531,638.956
2744,22.461,607.562,638.967
2745,22.447,607.593,638.980
2746,22.432,607.624,638.992
2747,22.417,607.655,639.004
2748,22.402,607.686,639.016
2749,22.387,607.717,639.029
2750,22.372,607.748,639.041
2751,22.357,607.779,639.053
2752,22.342,607.811,639.066
2753,22.327,607.842,639.078
2754,22.313,607.873,639.090
2755,22.298,607.905,639.102
2756,22.283,607.936,639.115
2757,22.268,607.967,639.127
2758,22.253,607.998,639.139
2759,22.239,608.030,639.151
2760,22.224,608.061,639.163
2761,22.209,608.092,639.175
2762,22.194,608.124,639.188
2763,22.180,608.155,639.200
2764,22.165,608.186,639.212
2765,22.150,608.218,639.225
2766,22.135,608.250,639.237
2767,22.121,608.281,639.249
2768,22.106,608.313,639.261
2769,22.092,608.344,639.274
2770,22.077,608.375,639.286
2771,22.062,608.407,639.298
2772,22.048,608.439,639.311
2773,22.033,608.470,639.323
2774,22.018,608.502,639.335
2775,22.004,608.534,639.348
2776,21.989,608.565,639.360
2777,21.975,608.597,639.372
2778,21.960,608.629,639.385
2779,21.946,608.661,639.397
2780,21.931,608.692,639.409
2781,21.917,608.724,639.422
2782,21.902,608.757,639.434
2783,21.888,608.788,639.446
2784,21.873,608.820,639.458
2785,21.859,608.852,639.470
2786,21.844,608.884,639.483
2787,21.830,608.915,639.495
2788,21.816,608.947,639.508
2789,21.801,608.980,639.520
2790,21.787,609.012,639.532
2791,21.772,609.044,639.545
2792,21.758,609.076,639.557
2793,21.744,609.108,639.569
2794,21.729,609.140,639.582
2795,21.715,609.173,639.594
2796,21.701,609.204,639.607
2797,21.686,609.236,639.619
2798,21.672,609.269,639.631
2799,21.658,609.301,639.644
2800,21.644,609.333,639.656
2801,21.629,609.365,639.668
2802,21.615,609.397,639.681
2803,21.601,609.430,639.693
2804,21.587,609.463,639.706
2805,21.572,609.495,639.718
2806,21.558,609.528,639.730
2807,21.544,609.559,639.743
2808,21.530,609.592,639.755
2809,21.516,609.624,639.767
2810,21.502,609.657,639.780
2811,21.488,609.689,639.792
2812,21.473,609.721,639.804
2813,21.459,609.754,639.817
2814,21.445,609.787,639.830
2815,21.431,609.820,639.842
2816,21.417,609.852,639.855
2817,21.403,609.885,639.867
2818,21.389,609.918,639.879
2819,21.375,609.950,639.892
2820,21.361,609.982,639.904
2821,21.347,610.015,639.917
2822,21.333,610.048,639.929
2823,21.319,610.081,639.942
2824,21.305,610.114,639.954
2825,21.291,610.147,639.966
2826,21.277,610.180,639.979
2827,21.263,610.213,639.991
2828,21.249,610.245,640.004
2829,21.236,610.278,640.017
2830,21.222,610.311,640.029
2831,21.208,610.344,640.042
2832,21.194,610.377,640.054
2833,21.180,610.410,640.067
2834,21.166,610.443,640.079
2835,21.152,610.476,640.091
2836,21.139,610.510,640.104
2837,21.125,610.543,640.116
2838,21.111,610.576,640.129
2839,21.097,610.609,640.142
2840,21.084,610.642,640.154
2841,21.070,610.675,640.167
2842,21.056,610.708,640.179
2843,21.042,610.742,640.192
2844,21.029,610.775,640.204
2845,21.015,610.808,640.217
2846,21.001,610.842,640.229
2847,20.988,610.875,640.242
2848,20.974,610.909,640.255
2849,20.960,610.942,640.267
2850,20.947,610.975,640.280
2851,20.933,611.009,640.292
2852,20.920,611.042,640.305
2853,20.906,611.076,640.317
2854,20.893,611.109,640.330
2855,20.879,611.143,640.343
2856,20.865,611.176,640.355
2857,20.852,611.210,640.368
2858,20.838,611.244,640.380
2859,20.825,611.277,640.393
2860,20.811,611.311,640.406
2861,20.798,611.345,640.418
2862,20.784,611.378,640.431
2863,20.771,611.412,640.443
2864,20.758,611.446,640.456
2865,20.744,611.480,640.468
2866,20.731,611.513,640.481
2867,20.717,611.548,640.494
2868,20.704,611.581,640.507
2869,20.690,611.615,640.519
2870,20.677,611.649,640.532
2871,20.664,611.683,640.545
2872,20.650,611.718,640.557
2873,20.637,611.751,640.570
2874,20.624,611.785,640.582
2875,20.611,611.820,640.595
2876,20.597,611.853,640.607
2877,20.584,611.887,640.620
2878,20.571,611.922,640.633
2879,20.557,611.956,640.646
2880,20.544,611.990,640.659
2881,20.531,612.024,640.671
2882,20.518,612.059,640.684
2883,20.505,612.093,640.697
2884,20.491,612.127,640.710
2885,20.478,612.162,640.722
2886,20.465,612.196,640.735
2887,20.452,612.231,640.748
2888,20.439,612.265,640.760
2889,20.426,612.300,640.773
2890,20.413,612.334,640.786
2891,20.400,612.368,640.798
2892,20.386,612.403,640.811
2893,20.373,612.437,640.824
2894,20.360,612.472,640.837
2895,20.347,612.506,640.849
2896,20.334,612.541,640.862
2897,20.321,612.575,640.875
2898,20.308,612.610,640.888
2899,20.295,612.645,640.900
2900,20.282,612.680,640.913
2901,20.269,612.714,640.926
2902,20.257,612.749,640.939
2903,20.244,612.784,640.951
2904,20.231,612.819,640.964
2905,20.218,612.854,640.977
2906,20.205,612.889,640.990
2907,20.192,612.923,641.003
2908,20.179,612.959,641.015
2909,20.166,612.993,641.028
2910,20.153,613.029,641.041
2911,20.141,613.063,641.054
2912,20.128,613.099,641.067
2913,20.115,613.133,641.080
2914,20.102,613.169,641.093
2915,20.089,613.203,641.105
2916,20.077,613.239,641.118
2917,20.064,613.275,641.131
2918,20.051,613.309,641.144
2919,20.039,613.345,641.157
2920,20.026,613.380,641.170
2921,20.013,613.415,641.183
2922,20.000,613.451,641.196
2923,19.988,613.486,641.209
2924,19.975,613.522,641.222
2925,19.963,613.557,641.234
2926,19.950,613.592,641.247
2927,19.937,613.628,641.260
2928,19.925,613.663,641.273
2929,19.912,613.699,641.286
2930,19.900,613.734,641.299
2931,19.887,613.770,641.311
2932,19.875,613.805,641.324
2933,19.862,613.841,641.337
2934,19.849,613.877,641.351
2935,19.837,613.912,641.363
2936,19.825,613.948,641.377
2937,19.812,613.984,641.389
2938,19.800,614.020,641.402
2939,19.787,614.056,641.415
2940,19.775,614.091,641.428
2941,19.762,614.127,641.441
2942,19.750,614.163,641.454
2943,19.737,614.199,641.467
2944,19.725,614.235,641.480
2945,19.713,614.271,641.493
2946,19.700,614.307,641.506
2947,19.688,614.343,641.519
2948,19.676,614.379,641.532
2949,19.663,614.415,641.545
2950,19.651,614.451,641.558
2951,19.639,614.488,641.571
2952,19.627,614.523,641.584
2953,19.614,614.560,641.597
2954,19.602,614.596,641.610
2955,19.590,614.632,641.623
2956,19.578,614.669,641.636
2957,19.565,614.705,641.649
2958,19.553,614.741,641.662
2959,19.541,614.778,641.676
2960,19.529,614.814,641.689
2961,19.517,614.850,641.702
2962,19.505,614.887,641.715
2963,19.493,614.923,641.727
2964,19.480,614.960,641.740
2965,19.468,614.996,641.754
2966,19.456,615.033,641.767
2967,19.444,615.069,641.780
2968,19.432,615.106,641.793
2969,19.420,615.142,641.806
2970,19.408,615.179,641.820
2971,19.396,615.216,641.832
2972,19.384,615.253,641.846
2973,19.372,615.290,641.859
2974,19.360,615.327,641.871
2975,19.348,615.363,641.885
2976,19.336,615.400,641.898
2977,19.324,615.437,641.911
2978,19.312,615.474,641.924
2979,19.301,615.511,641.937
2980,19.289,615.548,641.951
2981,19.277,615.584,641.964
2982,19.265,615.622,641.977
2983,19.253,615.659,641.991
2984,19.241,615.696,642.004
2985,19.229,615.733,642.016
2986,19.218,615.770,642.029
2987,19.206,615.807,642.043
2988,19.194,615.845,642.056
2989,19.182,615.882,642.069
2990,19.171,615.919,642.082
2991,19.159,615.957,642.096
2992,19.147,615.994,642.109
2993,19.135,616.032,642.122
2994,19.124,616.069,642.135
2995,19.112,616.106,642.149
2996,19.100,616.144,642.162
2997,19.089,616.181,642.175
2998,19.077,616.218,642.189
2999,19.066,616.256,642.202
3000,19.054,616.294,642.215
3001,19.042,616.331,642.228
3002,19.031,616.369,642.241
3003,19.019,616.406,642.254
3004,19.008,616.445,642.268
3005,18.996,616.482,642.281
3006,18.985,616.520,642.294
3007,18.973,616.557,642.307
3008,18.962,616.595,642.321
3009,18.950,616.633,642.334
3010,18.939,616.671,642.347
3011,18.927,616.709,642.361
3012,18.916,616.747,642.374
3013,18.904,616.785,642.388
3014,18.893,616.823,642.401
3015,18.882,616.861,642.414
3016,18.870,616.899,642.428
3017,18.859,616.937,642.441
3018,18.847,616.975,642.454
3019,18.836,617.013,642.468
3020,18.825,617.052,642.481
3021,18.813,617.090,642.495
3022,18.802,617.128,642.508
3023,18.791,617.167,642.521
3024,18.780,617.205,642.535
3025,18.768,617.243,642.548
3026,18.757,617.282,642.562
3027,18.746,617.320,642.575
3028,18.735,617.358,642.588
3029,18.724,617.396,642.602
3030,18.712,617.435,642.615
3031,18.701,617.474,642.629
3032,18.690,617.512,642.642
3033,18.679,617.551,642.656
3034,18.668,617.589,642.669
3035,18.657,617.627,642.682
3036,18.646,617.666,642.696
3037,18.634,617.705,642.709
3038,18.623,617.743,642.723
3039,18.612,617.783,642.736
3040,18.601,617.821,642.749
3041,18.590,617.861,642.763
3042,18.579,617.899,642.777
3043,18.568,617.938,642.790
3044,18.557,617.977,642.803
3045,18.546,618.015,642.817
3046,18.535,618.054,642.830
3047,18.524,618.094,642.844
3048,18.514,618.133,642.857
3049,18.503,618.172,642.871
3050,18.492,618.211,642.884
3051,18.481,618.250,642.898
3052,18.470,618.289,642.911
3053,18.459,618.328,642.925
3054,18.448,618.367,642.938
3055,18.437,618.407,642.952
3056,18.427,618.445,642.965
3057,18.416,618.485,642.979
3058,18.405,618.524,642.993
3059,18.394,618.564,643.006
3060,18.384,618.604,643.020
3061,18.373,618.642,643.033
3062,18.362,618.682,643.047
3063,18.351,618.722,643.060
3064,18.341,618.761,643.074
3065,18.330,618.801,643.088
3066,18.319,618.840,643.102
3067,18.309,618.880,643.115
3068,18.298,618.920,643.129
3069,18.287,618.959,643.142
3070,18.277,618.998,643.156
3071,18.266,619.038,643.170
3072,18.256,619.078,643.183
3073,18.245,619.118,643.197
3074,18.235,619.158,643.210
3075,18.224,619.198,643.224
3076,18.214,619.238,643.237
3077,18.203,619.278,643.251
3078,18.193,619.317,643.265
3079,18.182,619.357,643.278
3080,18.172,619.397,643.292
3081,18.161,619.438,643.306
3082,18.151,619.478,643.320
3083,18.140,619.518,643.334
3084,18.130,619.558,643.347
3085,18.120,619.598,643.361
3086,18.109,619.638,643.375
3087,18.099,619.678,643.388
3088,18.089,619.719,643.402
3089,18.078,619.759,643.415
3090,18.068,619.799,643.429
3091,18.058,619.840,643.443
3092,18.047,619.880,643.456
3093,18.037,619.921,643.470
3094,18.027,619.961,643.485
3095,18.017,620.002,643.498
3096,18.006,620.041,643.512
3097,17.996,620.082,643.526
3098,17.986,620.123,643.539
3099,17.976,620.163,643.553
3100,17.966,620.204,643.567
3101,17.956,620.245,643.580
3102,17.945,620.285,643.594
3103,17.935,620.326,643.608
3104,17.925,620.367,643.622
3105,17.915,620.408,643.636
3106,17.905,620.448,643.650
3107,17.895,620.489,643.664
3108,17.885,620.530,643.677
3109,17.875,620.571,643.691
3110,17.865,620.612,643.705
3111,17.855,620.653,643.718
3112,17.845,620.694,643.732
3113,17.835,620.735,643.746
3114,17.825,620.776,643.761
3115,17.815,620.817,643.774
3116,17.805,620.858,643.788
3117,17.795,620.899,643.802
3118,17.785,620.940,643.816
3119,17.775,620.981,643.829
3120,17.766,621.023,643.843
3121,17.756,621.064,643.857
3122,17.746,621.105,643.872
3123,17.736,621.146,643.885
3124,17.726,621.188,643.899
3125,17.716,621.229,643.913
3126,17.707,621.270,643.927
3127,17.697,621.312,643.941
3128,17.687,621.353,643.954
3129,17.678,621.395,643.969
3130,17.668,621.436,643.983
3131,17.658,621.478,643.997
3132,17.648,621.520,644.010
3133,17.639,621.561,644.024
3134,17.629,621.603,644.038
3135,17.620,621.644,644.052
3136,17.610,621.687,644.067
3137,17.600,621.728,644.080
3138,17.591,621.770,644.094
3139,17.581,621.812,644.108
3140,17.572,621.853,644.122
3141,17.562,621.895,644.136
3142,17.552,621.937,644.150
3143,17.543,621.979,644.164
3144,17.533,622.021,644.178
3145,17.524,622.063,644.192
3146,17.515,622.105,644.206
3147,17.505,622.147,644.220
3148,17.496,622.189,644.234
3149,17.486,622.231,644.249
3150,17.477,622.273,644.262
3151,17.467,622.316,644.276
3152,17.458,622.357,644.290
3153,17.449,622.400,644.304
3154,17.439,622.442,644.318
3155,17.430,622.484,644.333
3156,17.421,622.526,644.347
3157,17.411,622.569,644.361
3158,17.402,622.611,644.374
3159,17.393,622.654,644.388
3160,17.384,622.696,644.402
3161,17.374,622.738,644.417
3162,17.365,622.781,644.431
3163,17.356,622.823,644.445
3164,17.347,622.866,644.459
3165,17.338,622.908,644.473
3166,17.328,622.951,644.488
3167,17.319,622.994,644.502
3168,17.310,623.036,644.516
3169,17.301,623.078,644.529
3170,17.292,623.122,644.543
3171,17.283,623.165,644.558
3172,17.274,623.207,644.572
3173,17.265,623.250,644.586
3174,17.256,623.292,644.600
3175,17.247,623.336,644.614
3176,17.238,623.379,644.629
3177,17.229,623.421,644.643
3178,17.220,623.464,644.657
3179,17.211,623.507,644.671
3180,17.202,623.550,644.685
3181,17.193,623.593,644.700
3182,17.184,623.637,644.714
3183,17.175,623.679,644.728
3184,17.166,623.723,644.742
3185,17.157,623.765,644.756
3186,17.148,623.809,644.771
3187,17.140,623.852,644.785
3188,17.131,623.895,644.799
3189,17.122,623.938,644.813
3190,17.113,623.982,644.828
3191,17.104,624.025,644.842
3192,17.096,624.068,644.856
3193,17.087,624.112,644.870
3194,17.078,624.154,644.884
3195,17.069,624.198,644.899
3196,17.061,624.242,644.913
3197,17.052,624.285,644.927
3198,17.043,624.329,644.941
3199,17.035,624.372,644.956
3200,17.026,624.416,644.970
3201,17.017,624.459,644.984
3202,17.009,624.503,644.998
3203,17.000,624.546,645.013
3204,16.992,624.590,645.027
3205,16.983,624.633,645.041
3206,16.975,624.677,645.055
3207,16.966,624.721,645.070
3208,16.958,624.764,645.084
3209,16.949,624.809,645.098
3210,16.941,624.852,645.112
3211,16.932,624.896,645.127
3212,16.924,624.940,645.141
3213,16.915,624.984,645.155
3214,16.907,625.028,645.169
3215,16.898,625.072,645.184
3216,16.890,625.116,645.198
3217,16.882,625.160,645.212
3218,16.873,625.204,645.226
3219,16.865,625.248,645.241
3220,16.857,625.292,645.255
3221,16.848,625.336,645.270
3222,16.840,625.380,645.284
3223,16.832,625.424,645.299
3224,16.824,625.468,645.313
3225,16.815,625.512,645.327
3226,16.807,625.556,645.341
3227,16.799,625.601,645.356
3228,16.791,625.645,645.370
3229,16.782,625.689,645.384
3230,16.774,625.733,645.399
3231,16.766,625.778,645.413
3232,16.758,625.822,645.427
3233,16.750,625.866,645.442
3234,16.742,625.911,645.457
3235,16.734,625.955,645.471
3236,16.726,625.999,645.485
3237,16.718,626.044,645.499
3238,16.710,626.088,645.514
3239,16.702,626.133,645.528
3240,16.694,626.177,645.542
3241,16.685,626.222,645.557
3242,16.678,626.267,645.571
3243,16.670,626.311,645.586
3244,16.662,626.356,645.601
3245,16.654,626.401,645.615
3246,16.646,626.445,645.629
3247,16.638,626.489,645.643
3248,16.630,626.535,645.658
3249,16.622,626.579,645.672
3250,16.614,626.624,645.686
3251,16.607,626.668,645.702
3252,16.599,626.714,645.716
3253,16.591,626.758,645.730
3254,16.583,626.803,645.745
3255,16.575,626.848,645.759
3256,16.568,626.893,645.773
3257,16.560,626.937,645.787
3258,16.552,626.983,645.802
3259,16.544,627.027,645.817
3260,16.537,627.072,645.831
3261,16.529,627.118,645.846
3262,16.521,627.162,645.860
3263,16.514,627.208,645.874
3264,16.506,627.253,645.889
3265,16.498,627.298,645.903
3266,16.491,627.342,645.918
3267,16.483,627.388,645.933
3268,16.476,627.433,645.947
3269,16.468,627.478,645.961
3270,16.461,627.523,645.976
3271,16.453,627.568,645.990
3272,16.446,627.614,646.004
3273,16.438,627.659,646.020
3274,16.431,627.704,646.034
3275,16.423,627.749,646.048
3276,16.416,627.794,646.063
3277,16.408,627.840,646.077
3278,16.401,627.885,646.091
3279,16.394,627.930,646.107
3280,16.386,627.976,646.121
3281,16.379,628.021,646.135
3282,16.372,628.067,646.150
3283,16.364,628.112,646.164
3284,16.357,628.158,646.178
3285,16.350,628.203,646.193
3286,16.342,628.248,646.208
3287,16.335,628.294,646.222
3288,16.328,628.339,646.237
3289,16.321,628.385,646.251
3290,16.313,628.430,646.265
3291,16.306,628.476,646.280
3292,16.299,628.521,646.295
3293,16.292,628.567,646.310
3294,16.285,628.612,646.324
3295,16.278,628.658,646.338
3296,16.270,628.703,646.353
3297,16.263,628.749,646.367
3298,16.256,628.795,646.382
3299,16.249,628.840,646.397
3300,16.242,628.886,646.411
3301,16.235,628.931,646.425
3302,16.228,628.977,646.440
3303,16.221,629.022,646.454
3304,16.214,629.069,646.469
3305,16.207,629.115,646.484
3306,16.200,629.160,646.498
3307,16.193,629.206,646.513
3308,16.186,629.251,646.527
3309,16.179,629.298,646.541
3310,16.172,629.343,646.556
3311,16.166,629.389,646.570
3312,16.159,629.434,646.586
3313,16.152,629.481,646.600
3314,16.145,629.527,646.614
3315,16.138,629.572,646.629
3316,16.131,629.618,646.643
3317,16.125,629.664,646.658
3318,16.118,629.710,646.673
3319,16.111,629.755,646.687
3320,16.104,629.802,646.702
3321,16.098,629.847,646.716
3322,16.091,629.893,646.730
3323,16.084,629.939,646.745
3324,16.078,629.985,646.759
3325,16.071,630.031,646.774
3326,16.064,630.077,646.789
3327,16.058,630.123,646.803
3328,16.051,630.169,646.818
3329,16.044,630.215,646.832
3330,16.038,630.261,646.847
3331,16.031,630.307,646.861
3332,16.025,630.353,646.875
3333,16.018,630.399,646.890
3334,16.012,630.445,646.905
3335,16.005,630.491,646.920
3336,15.999,630.537,646.934
3337,15.992,630.583,646.949
3338,15.986,630.629,646.963
3339,15.979,630.676,646.977
3340,15.973,630.721,646.992
3341,15.967,630.768,647.006
3342,15.960,630.814,647.021
3343,15.954,630.860,647.036
3344,15.947,630.906,647.051
3345,15.941,630.952,647.065
3346,15.935,630.998,647.079
3347,15.928,631.044,647.094
3348,15.922,631.091,647.108
3349,15.916,631.136,647.123
3350,15.910,631.182,647.137
3351,15.903,631.229,647.152
3352,15.897,631.274,647.166
3353,15.891,631.321,647.180
3354,15.885,631.367,647.195
3355,15.878,631.412,647.209
3356,15.872,631.459,647.224
3357,15.866,631.505,647.239
3358,15.860,631.552,647.254
3359,15.854,631.597,647.268
3360,15.848,631.643,647.282
3361,15.842,631.690,647.297
3362,15.836,631.736,647.311
3363,15.830,631.783,647.326
3364,15.824,631.828,647.340
3365,15.817,631.874,647.355
3366,15.811,631.921,647.369
3367,15.805,631.966,647.384
3368,15.800,632.013,647.398
3369,15.794,632.059,647.412
3370,15.788,632.105,647.427
3371,15.782,632.152,647.441
3372,15.776,632.197,647.456
3373,15.770,632.243,647.470
3374,15.764,632.290,647.485
3375,15.758,632.336,647.499
3376,15.752,632.381,647.514
3377,15.746,632.428,647.528
3378,15.741,632.474,647.543
3379,15.735,632.520,647.557
3380,15.729,632.567,647.572
3381,15.723,632.612,647.586
3382,15.717,632.658,647.601
3383,15.712,632.704,647.615
3384,15.706,632.751,647.630
3385,15.700,632.797,647.643
3386,15.694,632.843,647.657
3387,15.689,632.888,647.672
3388,15.683,632.935,647.686
3389,15.677,632.981,647.701
3390,15.672,633.027,647.715
3391,15.666,633.073,647.730
3392,15.661,633.119,647.744
3393,15.655,633.165,647.759
3394,15.649,633.212,647.773
3395,15.644,633.257,647.788
3396,15.638,633.303,647.801
3397,15.633,633.349,647.816
3398,15.627,633.395,647.830
3399,15.622,633.441,647.845
3400,15.616,633.487,647.859
3401,15.611,633.533,647.874
3402,15.605,633.579,647.888
3403,15.600,633.625,647.902
3404,15.594,633.671,647.916
3405,15.589,633.716,647.931
3406,15.584,633.762,647.945
3407,15.578,633.808,647.960
3408,15.573,633.854,647.973
3409,15.567,633.900,647.988
3410,15.562,633.946,648.002
3411,15.557,633.992,648.017
3412,15.551,634.038,648.031
3413,15.546,634.084,648.045
3414,15.541,634.130,648.059
3415,15.536,634.175,648.074
3416,15.530,634.221,648.088
3417,15.525,634.267,648.102
3418,15.520,634.313,648.116
3419,15.515,634.359,648.131
3420,15.510,634.404,648.145
3421,15.504,634.450,648.159
3422,15.499,634.495,648.173
3423,15.494,634.541,648.188
3424,15.489,634.587,648.201
3425,15.484,634.633,648.216
3426,15.479,634.677,648.230
3427,15.474,634.724,648.244
3428,15.469,634.769,648.259
3429,15.464,634.814,648.273
3430,15.459,634.860,648.287
3431,15.453,634.906,648.301
3432,15.448,634.951,648.315
3433,15.443,634.996,648.329
3434,15.438,635.042,648.343
3435,15.434,635.088,648.357
3436,15.429,635.133,648.372
3437,15.424,635.178,648.385
3438,15.419,635.224,648.400
3439,15.414,635.269,648.413
3440,15.409,635.314,648.428
3441,15.404,635.359,648.442
3442,15.399,635.405,648.456
3443,15.394,635.450,648.470
3444,15.389,635.495,648.484
3445,15.385,635.540,648.499
3446,15.380,635.586,648.512
3447,15.375,635.631,648.526
3448,15.370,635.676,648.540
3449,15.366,635.721,648.554
3450,15.361,635.766,648.568
3451,15.356,635.811,648.582
3452,15.351,635.856,648.596
3453,15.347,635.901,648.610
3454,15.342,635.946,648.624
3455,15.337,635.991,648.638
3456,15.333,636.036,648.652
3457,15.328,636.081,648.666
3458,15.323,636.126,648.680
3459,15.319,636.170,648.693
3460,15.314,636.215,648.708
3461,15.310,636.260,648.722
3462,15.305,636.305,648.735
3463,15.300,636.349,648.749
3464,15.296,636.394,648.763
3465,15.291,636.439,648.777
3466,15.287,636.483,648.790
3467,15.282,636.528,648.805
3468,15.278,636.573,648.819
3469,15.273,636.617,648.832
3470,15.269,636.661,648.846
3471,15.264,636.706,648.860
3472,15.260,636.751,648.874
3473,15.255,636.795,648.888
3474,15.251,636.839,648.901
3475,15.247,636.883,648.915
3476,15.242,636.928,648.928
3477,15.238,636.971,648.942
3478,15.234,637.016,648.956
3479,15.229,637.060,648.970
3480,15.225,637.105,648.983
3481,15.221,637.149,648.997
3482,15.216,637.193,649.011
3483,15.212,637.236,649.024
3484,15.208,637.281,649.038
3485,15.203,637.325,649.052
3486,15.199,637.369,649.065
3487,15.195,637.413,649.079
3488,15.191,637.456,649.092
3489,15.187,637.500,649.106
3490,15.182,637.544,649.120
3491,15.178,637.588,649.133
3492,15.174,637.631,649.147
3493,15.170,637.674,649.160
3494,15.166,637.718,649.174
3495,15.162,637.762,649.187
3496,15.157,637.805,649.200
3497,15.153,637.849,649.214
3498,15.149,637.892,649.228
3499,15.145,637.935,649.241
3500,15.141,637.979,649.255
3501,15.137,638.022,649.268
3502,15.133,638.065,649.281
3503,15.129,638.109,649.295
3504,15.125,638.152,649.308
3505,15.121,638.195,649.322
3506,15.117,638.238,649.335
3507,15.113,638.281,649.348
3508,15.109,638.324,649.361
3509,15.105,638.367,649.375
3510,15.101,638.409,649.388
3511,15.097,638.453,649.402
3512,15.094,638.495,649.414
3513,15.090,638.538,649.428
3514,15.086,638.580,649.441
3515,15.082,638.623,649.454
3516,15.078,638.665,649.468
3517,15.074,638.708,649.480
3518,15.070,638.751,649.494
3519,15.067,638.793,649.507
3520,15.063,638.835,649.520
3521,15.059,638.878,649.533
3522,15.055,638.920,649.546
3523,15.051,638.962,649.559
3524,15.048,639.004,649.572
3525,15.044,639.046,649.586
3526,15.040,639.088,649.599
3527,15.037,639.131,649.612
3528,15.033,639.172,649.624
3529,15.029,639.215,649.638
3530,15.025,639.256,649.651
3531,15.022,639.298,649.664
3532,15.018,639.340,649.677
3533,15.015,639.382,649.689
3534,15.011,639.423,649.703
3535,15.007,639.464,649.716
3536,15.004,639.506,649.728
3537,15.000,639.548,649.741
3538,14.997,639.589,649.754
3539,14.993,639.631,649.767
3540,14.989,639.671,649.780
3541,14.986,639.713,649.792
3542,14.982,639.754,649.805
3543,14.979,639.795,649.818
3544,14.975,639.836,649.831
3545,14.972,639.877,649.844
3546,14.968,639.918,649.856
3547,14.965,639.959,649.869
3548,14.961,640.000,649.882
3549,14.958,640.040,649.894
3550,14.955,640.081,649.907
3551,14.951,640.122,649.919
3552,14.948,640.162,649.932
3553,14.944,640.202,649.945
3554,14.941,640.243,649.957
3555,14.938,640.284,649.969
3556,14.934,640.324,649.982
3557,14.931,640.364,649.995
3558,14.927,640.404,650.007
3559,14.924,640.444,650.020
3560,14.921,640.485,650.032
3561,14.918,640.525,650.045
3562,14.914,640.565,650.057
3563,14.911,640.605,650.069
3564,14.908,640.644,650.081
3565,14.904,640.684,650.095
3566,14.901,640.724,650.107
3567,14.898,640.763,650.119
3568,14.895,640.803,650.131
3569,14.891,640.842,650.144
3570,14.888,640.881,650.156
3571,14.885,640.921,650.168
3572,14.882,640.961,650.180
3573,14.879,641.000,650.193
3574,14.876,641.038,650.205
3575,14.872,641.077,650.217
3576,14.869,641.116,650.228
3577,14.866,641.156,650.241
3578,14.863,641.194,650.253
3579,14.860,641.233,650.265
3580,14.857,641.272,650.277
3581,14.854,641.311,650.290
3582,14.851,641.349,650.301
3583,14.848,641.388,650.313
3584,14.845,641.426,650.325
3585,14.841,641.465,650.337
3586,14.838,641.503,650.349
3587,14.835,641.541,650.361
3588,14.832,641.579,650.373
3589,14.829,641.617,650.385
3590,14.826,641.655,650.397
3591,14.823,641.693,650.408
3592,14.820,641.731,650.421
3593,14.818,641.768,650.432
3594,14.815,641.806,650.444
3595,14.812,641.844,650.455
3596,14.809,641.882,650.468
3597,14.806,641.919,650.479
3598,14.803,641.956,650.491
3599,14.800,641.994,650.502
3600,14.797,642.031,650.514
3601,14.794,642.068,650.526
3602,14.791,642.106,650.537
3603,14.788,642.143,650.549
3604,14.786,642.179,650.560
3605,14.783,642.216,650.572
3606,14.780,642.253,650.583
3607,14.777,642.290,650.595
3608,14.774,642.327,650.606
3609,14.772,642.363,650.618
3610,14.769,642.399,650.629
3611,14.766,642.435,650.640
3612,14.763,642.472,650.652
3613,14.760,642.508,650.663
3614,14.758,642.544,650.675
3615,14.755,642.581,650.686
3616,14.752,642.617,650.697
3617,14.750,642.652,650.708
3618,14.747,642.688,650.719
3619,14.744,642.724,650.731
3620,14.741,642.760,650.742
3621,14.739,642.795,650.753
3622,14.736,642.831,650.764
3623,14.733,642.867,650.775
3624,14.731,642.902,650.786
3625,14.728,642.937,650.797
3626,14.725,642.972,650.808
3627,14.723,643.008,650.819
3628,14.720,643.042,650.831
3629,14.718,643.078,650.841
3630,14.715,643.112,650.852
3631,14.712,643.148,650.863
3632,14.710,643.182,650.874
3633,14.707,643.216,650.885
3634,14.705,643.251,650.896
3635,14.702,643.285,650.906
3636,14.700,643.320,650.917
3637,14.697,643.354,650.928
3638,14.694,643.389,650.939
3639,14.692,643.423,650.950
3640,14.689,643.457,650.960
3641,14.687,643.491,650.971
3642,14.684,643.525,650.981
3643,14.682,643.558,650.992
3644,14.679,643.592,651.003
3645,14.677,643.626,651.014
3646,14.675,643.659,651.024
3647,14.672,643.693,651.035
3648,14.670,643.726,651.045
3649,14.667,643.759,651.055
3650,14.665,643.793,651.066
3651,14.662,643.826,651.076
3652,14.660,643.859,651.087
3653,14.658,643.892,651.098
3654,14.655,643.924,651.108
3655,14.653,643.957,651.118
3656,14.650,643.991,651.128
3657,14.648,644.022,651.138
3658,14.646,644.056,651.149
3659,14.643,644.088,651.159
3660,14.641,644.121,651.169
3661,14.639,644.153,651.180
3662,14.636,644.185,651.190
3663,14.634,644.217,651.199
3664,14.632,644.249,651.209
3665,14.629,644.281,651.220
3666,14.627,644.313,651.230
3667,14.625,644.344,651.240
3668,14.622,644.376,651.250
3669,14.620,644.407,651.260
3670,14.618,644.439,651.270
3671,14.616,644.471,651.279
3672,14.613,644.502,651.289
3673,14.611,644.534,651.299
3674,14.609,644.564,651.309
3675,14.607,644.596,651.319
3676,14.604,644.627,651.329
3677,14.602,644.657,651.339
3678,14.600,644.688,651.349
3679,14.598,644.719,651.359
3680,14.596,644.749,651.368
3681,14.593,644.780,651.377
3682,14.591,644.810,651.387
3683,14.589,644.841,651.397
3684,14.587,644.871,651.407
3685,14.585,644.901,651.416
3686,14.583,644.931,651.426
3687,14.581,644.962,651.436
3688,14.578,644.991,651.444
3689,14.576,645.021,651.454
3690,14.574,645.051,651.463
3691,14.572,645.080,651.473
3692,14.570,645.110,651.482
3693,14.568,645.140,651.492
3694,14.566,645.169,651.501
3695,14.564,645.198,651.511
3696,14.562,645.228,651.520
3697,14.559,645.257,651.529
3698,14.557,645.286,651.538
3699,14.555,645.315,651.547
3700,14.553,645.344,651.556
3701,14.551,645.373,651.566
3702,14.549,645.401,651.575
3703,14.547,645.429,651.584
3704,14.545,645.458,651.593
3705,14.543,645.487,651.602
3706,14.541,645.515,651.611
3707,14.539,645.543,651.620
3708,14.537,645.571,651.629
3709,14.535,645.600,651.638
3710,14.533,645.628,651.647
3711,14.531,645.656,651.656
3712,14.529,645.683,651.665
3713,14.527,645.711,651.674
3714,14.525,645.739,651.682
3715,14.523,645.766,651.691
3716,14.521,645.794,651.699
3717,14.519,645.821,651.708
3718,14.517,645.849,651.717
3719,14.516,645.876,651.726
3720,14.514,645.903,651.735
3721,14.512,645.929,651.743
3722,14.510,645.956,651.752
3723,14.508,645.984,651.760
3724,14.506,646.010,651.769
3725,14.504,646.037,651.778
3726,14.502,646.064,651.786
3727,14.500,646.090,651.795
3728,14.498,646.116,651.802
3729,14.497,646.143,651.811
3730,14.495,646.169,651.819
3731,14.493,646.195,651.828
3732,14.491,646.221,651.836
3733,14.489,646.248,651.844
3734,14.487,646.273,651.853
3735,14.485,646.299,651.861
3736,14.484,646.324,651.870
3737,14.482,646.350,651.878
3738,14.480,646.376,651.886
3739,14.478,646.402,651.894
3740,14.476,646.427,651.902
3741,14.475,646.452,651.910
3742,14.473,646.477,651.918
3743,14.471,646.502,651.926
3744,14.469,646.528,651.934
3745,14.467,646.553,651.943
3746,14.466,646.578,651.950
3747,14.464,646.602,651.959
3748,14.462,646.627,651.966
3749,14.460,646.651,651.975
3750,14.459,646.676,651.982
3751,14.457,646.700,651.990
3752,14.455,646.724,651.998
3753,14.453,646.749,652.005
3754,14.452,646.773,652.013
3755,14.450,646.797,652.021
3756,14.448,646.821,652.029
3757,14.447,646.845,652.036
3758,14.445,646.869,652.044
3759,14.443,646.893,652.052
3760,14.441,646.917,652.059
3761,14.440,646.940,652.067
3762,14.438,646.963,652.074
3763,14.436,646.987,652.082
3764,14.435,647.010,652.089
3765,14.433,647.033,652.097
3766,14.431,647.057,652.104
3767,14.430,647.080,652.112
3768,14.428,647.103,652.119
3769,14.426,647.126,652.127
3770,14.425,647.148,652.134
3771,14.423,647.172,652.142
3772,14.421,647.194,652.149
3773,14.420,647.216,652.156
3774,14.418,647.239,652.164
3775,14.416,647.261,652.170
3776,14.415,647.283,652.178
3777,14.413,647.306,652.185
3778,14.412,647.328,652.192
3779,14.410,647.351,652.199
3780,14.408,647.373,652.207
3781,14.407,647.394,652.213
3782,14.405,647.417,652.221
3783,14.404,647.438,652.228
3784,14.402,647.460,652.235
3785,14.400,647.481,652.242
3786,14.399,647.503,652.248
3787,14.397,647.524,652.256
3788,14.396,647.546,652.262
3789,14.394,647.567,652.269
3790,14.393,647.588,652.276
3791,14.391,647.609,652.283
3792,14.390,647.631,652.290
3793,14.388,647.652,652.297
3794,14.386,647.673,652.303
3795,14.385,647.693,652.311
3796,14.383,647.714,652.317
3797,14.382,647.734,652.324
3798,14.380,647.755,652.330
3799,14.379,647.776,652.337
3800,14.377,647.796,652.344
3801,14.376,647.817,652.351
3802,14.374,647.837,652.357
3803,14.373,647.857,652.363
3804,14.371,647.877,652.370
3805,14.370,647.897,652.376
3806,14.368,647.917,652.383
3807,14.367,647.937,652.389
3808,14.365,647.957,652.396
3809,14.364,647.977,652.402
3810,14.362,647.996,652.409
3811,14.361,648.016,652.415
3812,14.359,648.035,652.422
3813,14.358,648.055,652.428
3814,14.356,648.074,652.434
3815,14.355,648.093,652.440
3816,14.353,648.113,652.447
3817,14.352,648.132,652.453
3818,14.351,648.151,652.459
3819,14.349,648.170,652.465
3820,14.348,648.189,652.472
3821,14.346,648.207,652.478
3822,14.345,648.227,652.484
3823,14.343,648.245,652.490
3824,14.342,648.264,652.496
3825,14.341,648.282,652.502
3826,14.339,648.301,652.508
3827,14.338,648.319,652.514
3828,14.336,648.338,652.520
3829,14.335,648.356,652.526
3830,14.334,648.374,652.532
3831,14.332,648.392,652.538
3832,14.331,648.410,652.544
3833,14.329,648.428,652.550
3834,14.328,648.446,652.556
3835,14.327,648.464,652.561
3836,14.325,648.482,652.567
3837,14.324,648.499,652.573
3838,14.322,648.517,652.579
3839,14.321,648.534,652.585
3840,14.320,648.552,652.590
3841,14.318,648.569,652.596
3842,14.317,648.586,652.602
3843,14.316,648.604,652.607
3844,14.314,648.621,652.613
3845,14.313,648.638,652.619
3846,14.312,648.655,652.624
3847,14.310,648.672,652.630
3848,14.309,648.689,652.635
3849,14.308,648.706,652.641
3850,14.306,648.723,652.646
3851,14.305,648.740,652.652
3852,14.304,648.756,652.657
3853,14.302,648.773,652.663
3854,14.301,648.789,652.668
3855,14.300,648.806,652.674
3856,14.298,648.822,652.679
3857,14.297,648.839,652.684
3858,14.296,648.855,652.690
3859,14.294,648.871,652.695
3860,14.293,648.887,652.700
3861,14.292,648.904,652.706
3862,14.290,648.919,652.711
3863,14.289,648.935,652.716
3864,14.288,648.951,652.721
3865,14.287,648.967,652.726
3866,14.285,648.983,652.732
3867,14.284,648.999,652.737
3868,14.283,649.014,652.742
3869,14.281,649.030,652.747
3870,14.280,649.045,652.752
3871,14.279,649.061,652.757
3872,14.278,649.076,652.762
3873,14.276,649.091,652.767
3874,14.275,649.106,652.772
3875,14.274,649.122,652.777
3876,14.273,649.137,652.782
3877,14.271,649.152,652.787
3878,14.270,649.167,652.792
3879,14.269,649.182,652.797
3880,14.268,649.196,652.802
3881,14.266,649.211,652.807
3882,14.265,649.226,652.812
3883,14.264,649.241,652.816
3884,14.263,649.255,652.821
3885,14.261,649.270,652.826
3886,14.260,649.284,652.831
3887,14.259,649.299,652.836
3888,14.258,649.313,652.840
3889,14.257,649.327,652.845
3890,14.255,649.341,652.850
3891,14.254,649.356,652.854
3892,14.253,649.370,652.859
3893,14.252,649.384,652.864
3894,14.250,649.399,652.868
3895,14.249,649.413,652.873
3896,14.248,649.427,652.878
3897,14.247,649.440,652.882
3898,14.246,649.454,652.887
3899,14.244,649.468,652.891
3900,14.243,649.482,652.896
3901,14.242,649.495,652.900
3902,14.241,649.509,652.905
3903,14.240,649.522,652.909
3904,14.239,649.536,652.914
3905,14.237,649.549,652.918
3906,14.236,649.562,652.922
3907,14.235,649.576,652.927
3908,14.234,649.589,652.931
3909,14.233,649.602,652.936
3910,14.231,649.615,652.940
3911,14.230,649.629,652.944
3912,14.229,649.641,652.949
3913,14.228,649.654,652.953
3914,14.227,649.667,652.957
3915,14.226,649.680,652.961
3916,14.225,649.693,652.966
3917,14.223,649.706,652.970
3918,14.222,649.719,652.974
3919,14.221,649.731,652.978
3920,14.220,649.744,652.982
3921,14.219,649.756,652.987
3922,14.218,649.769,652.991
3923,14.217,649.781,652.995
3924,14.215,649.794,652.999
3925,14.214,649.807,653.003
3926,14.213,649.818,653.007
3927,14.212,649.831,653.011
3928,14.211,649.843,653.015
3929,14.210,649.855,653.019
3930,14.209,649.867,653.024
3931,14.207,649.879,653.028
3932,14.206,649.891,653.032
3933,14.205,649.903,653.036
3934,14.204,649.915,653.040
3935,14.203,649.927,653.044
3936,14.202,649.939,653.047
3937,14.201,649.950,653.051
3938,14.200,649.962,653.055
3939,14.199,649.974,653.059
3940,14.198,649.986,653.063
3941,14.196,649.997,653.067
3942,14.195,650.009,653.070
3943,14.194,650.020,653.074
3944,14.193,650.031,653.078
3945,14.192,650.043,653.082
3946,14.191,650.054,653.085
3947,14.190,650.065,653.089
3948,14.189,650.077,653.093
3949,14.188,650.088,653.097
3950,14.187,650.099,653.101
3951,14.186,650.110,653.104
3952,14.184,650.121,653.108
3953,14.183,650.132,653.111
3954,14.182,650.143,653.115
3955,14.181,650.154,653.119
3956,14.180,650.165,653.123
3957,14.179,650.176,653.126
3958,14.178,650.187,653.130
3959,14.177,650.198,653.133
3960,14.176,650.208,653.137
3961,14.175,650.219,653.140
3962,14.174,650.229,653.144
3963,14.173,650.240,653.148
3964,14.172,650.250,653.151
3965,14.171,650.261,653.155
3966,14.170,650.271,653.158
3967,14.169,650.282,653.161
3968,14.168,650.292,653.165
3969,14.167,650.303,653.168
3970,14.165,650.313,653.172
3971,14.164,650.323,653.175
3972,14.163,650.333,653.179
3973,14.162,650.344,653.182
3974,14.161,650.354,653.186
3975,14.160,650.364,653.188
3976,14.159,650.373,653.192
3977,14.158,650.383,653.196
3978,14.157,650.393,653.199
3979,14.156,650.403,653.202
3980,14.155,650.413,653.205
3981,14.154,650.423,653.209
3982,14.153,650.433,653.212
3983,14.152,650.443,653.215
3984,14.151,650.453,653.218
3985,14.150,650.462,653.222
3986,14.149,650.472,653.225
3987,14.148,650.481,653.228
3988,14.147,650.491,653.231
3989,14.146,650.500,653.235
3990,14.145,650.510,653.238
3991,14.144,650.519,653.241
3992,14.143,650.528,653.244
3993,14.142,650.538,653.247
3994,14.141,650.548,653.250
3995,14.140,650.557,653.253
3996,14.139,650.566,653.256
3997,14.138,650.575,653.260
3998,14.137,650.584,653.262
3999,14.136,650.593,653.266
4000,14.135,650.603,653.269
4001,14.134,650.611,653.272
4002,14.133,650.621,653.275
4003,14.132,650.629,653.278
4004,14.131,650.639,653.281
4005,14.130,650.647,653.284
4006,14.129,650.657,653.287
4007,14.128,650.666,653.290
4008,14.127,650.674,653.293
4009,14.126,650.683,653.296
4010,14.125,650.691,653.299
4011,14.124,650.700,653.301
4012,14.123,650.709,653.305
4013,14.122,650.717,653.307
4014,14.121,650.726,653.310
4015,14.120,650.735,653.313
4016,14.120,650.744,653.316
4017,14.119,650.752,653.318
4018,14.118,650.760,653.322
4019,14.117,650.769,653.325
4020,14.116,650.777,653.327
4021,14.115,650.786,653.331
4022,14.114,650.794,653.333
4023,14.113,650.802,653.336
4024,14.112,650.810,653.339
4025,14.111,650.819,653.342
4026,14.110,650.827,653.344
4027,14.109,650.835,653.347
4028,14.108,650.844,653.349
4029,14.107,650.851,653.353
4030,14.106,650.860,653.355
4031,14.105,650.867,653.358
4032,14.104,650.876,653.360
4033,14.103,650.884,653.363
4034,14.102,650.891,653.366
4035,14.102,650.900,653.369
4036,14.101,650.907,653.371
4037,14.100,650.915,653.374
4038,14.099,650.924,653.377
4039,14.098,650.931,653.379
4040,14.097,650.939,653.382
4041,14.096,650.946,653.384
4042,14.095,650.954,653.387
4043,14.094,650.962,653.389
4044,14.093,650.970,653.392
4045,14.092,650.978,653.394
4046,14.091,650.985,653.398
4047,14.090,650.993,653.400
4048,14.090,651.000,653.402
4049,14.089,651.008,653.405
4050,14.088,651.015,653.408
4051,14.087,651.022,653.410
4052,14.086,651.030,653.412
4053,14.085,651.037,653.415
4054,14.084,651.045,653.417
4055,14.083,651.052,653.420
4056,14.082,651.059,653.422
4057,14.081,651.067,653.425
4058,14.080,651.074,653.427
4059,14.080,651.081,653.430
4060,14.079,651.089,653.432
4061,14.078,651.095,653.435
4062,14.077,651.103,653.437
4063,14.076,651.110,653.440
4064,14.075,651.117,653.441
4065,14.074,651.125,653.444
4066,14.073,651.131,653.446
4067,14.072,651.138,653.449
4068,14.072,651.145,653.451
4069,14.071,651.152,653.454
4070,14.070,651.159,653.456
4071,14.069,651.166,653.458
4072,14.068,651.173,653.461
4073,14.067,651.180,653.463
4074,14.066,651.187,653.466
4075,14.065,651.194,653.467
4076,14.065,651.200,653.470
4077,14.064,651.207,653.472
4078,14.063,651.214,653.475
4079,14.062,651.221,653.476
4080,14.061,651.228,653.479
4081,14.060,651.234,653.481
4082,14.059,651.241,653.484
4083,14.058,651.247,653.485
4084,14.058,651.254,653.488
4085,14.057,651.261,653.491
4086,14.056,651.267,653.492
4087,14.055,651.274,653.495
4088,14.054,651.280,653.497
4089,14.053,651.286,653.499
4090,14.052,651.293,653.501
4091,14.052,651.300,653.504
4092,14.051,651.306,653.505
4093,14.050,651.313,653.508
4094,14.049,651.319,653.510
4095,14.048,651.325,653.512
4096,14.047,651.331,653.514
4097,14.046,651.338,653.516
4098,14.046,651.344,653.519
4099,14.045,651.350,653.521
4100,14.044,651.356,653.523
4101,14.043,651.362,653.525
4102,14.042,651.369,653.527
4103,14.041,651.375,653.529
4104,14.040,651.381,653.531
4105,14.040,651.388,653.533
4106,14.039,651.394,653.535
4107,14.038,651.400,653.537
4108,14.037,651.406,653.539
4109,14.036,651.411,653.541
4110,14.035,651.418,653.543
4111,14.035,651.424,653.546
4112,14.034,651.429,653.547
4113,14.033,651.435,653.550
4114,14.032,651.441,653.551
4115,14.031,651.447,653.554
4116,14.030,651.454,653.555
4117,14.030,651.459,653.558
4118,14.029,651.465,653.559
4119,14.028,651.471,653.561
4120,14.027,651.477,653.563
4121,14.026,651.483,653.565
4122,14.025,651.488,653.567
4123,14.025,651.494,653.569
4124,14.024,651.500,653.572
4125,14.023,651.505,653.573
4126,14.022,651.511,653.575
4127,14.021,651.517,653.577
4128,14.021,651.523,653.579
4129,14.020,651.528,653.581
4130,14.019,651.534,653.583
4131,14.018,651.539,653.584
4132,14.017,651.545,653.587
4133,14.017,651.550,653.588
4134,14.016,651.556,653.590
4135,14.015,651.561,653.592
4136,14.014,651.567,653.594
4137,14.013,651.572,653.596
4138,14.012,651.578,653.598
4139,14.012,651.583,653.600
4140,14.011,651.589,653.601
4141,14.010,651.595,653.603
4142,14.009,651.600,653.605
4143,14.008,651.605,653.607
4144,14.008,651.610,653.608
4145,14.007,651.616,653.610
4146,14.006,651.621,653.613
4147,14.005,651.626,653.614
4148,14.004,651.631,653.616
4149,14.004,651.637,653.618
4150,14.003,651.642,653.620
4151,14.002,651.648,653.621
4152,14.001,651.653,653.623
4153,14.001,651.658,653.625
4154,14.000,651.663,653.627
4155,13.999,651.668,653.628
4156,13.998,651.673,653.630
4157,13.997,651.678,653.632
4158,13.997,651.683,653.634
4159,13.996,651.688,653.635
4160,13.995,651.693,653.637
4161,13.994,651.698,653.639
4162,13.993,651.704,653.640
4163,13.993,651.709,653.642
4164,13.992,651.714,653.644
4165,13.991,651.719,653.646
4166,13.990,651.724,653.647
4167,13.990,651.729,653.649
4168,13.989,651.734,653.651
4169,13.988,651.739,653.652
4170,13.987,651.743,653.654
4171,13.987,651.748,653.655
4172,13.986,651.754,653.658
4173,13.985,651.759,653.659
4174,13.984,651.764,653.661
4175,13.983,651.768,653.662
4176,13.983,651.773,653.664
4177,13.982,651.778,653.666
4178,13.981,651.782,653.667
4179,13.980,651.787,653.669
4180,13.980,651.792,653.670
4181,13.979,651.797,653.672
4182,13.978,651.802,653.673
4183,13.977,651.807,653.675
4184,13.977,651.811,653.677
4185,13.976,651.816,653.678
4186,13.975,651.820,653.680
4187,13.974,651.825,653.682
4188,13.974,651.830,653.683
4189,13.973,651.834,653.685
4190,13.972,651.839,653.687
4191,13.971,651.843,653.688
4192,13.971,651.849,653.690
4193,13.970,651.853,653.691
4194,13.969,651.858,653.693
4195,13.968,651.862,653.694
4196,13.968,651.867,653.696
4197,13.967,651.871,653.698
4198,13.966,651.875,653.699
4199,13.965,651.880,653.701
4200,13.965,651.884,653.702
4201,13.964,651.889,653.704
4202,13.963,651.894,653.705
4203,13.962,651.898,653.706
4204,13.962,651.902,653.708
4205,13.961,651.907,653.710
4206,13.960,651.911,653.711
4207,13.959,651.915,653.712
4208,13.959,651.920,653.714
4209,13.958,651.924,653.715
4210,13.957,651.928,653.717
4211,13.956,651.933,653.718
4212,13.956,651.938,653.720
4213,13.955,651.942,653.721
4214,13.954,651.946,653.723
4215,13.953,651.950,653.724
4216,13.953,651.954,653.726
4217,13.952,651.959,653.727
4218,13.951,651.963,653.728
4219,13.951,651.967,653.730
4220,13.950,651.971,653.731
4221,13.949,651.976,653.733
4222,13.948,651.980,653.734
4223,13.948,651.984,653.736
4224,13.947,651.988,653.737
4225,13.946,651.992,653.739
4226,13.946,651.997,653.740
4227,13.945,652.000,653.741
4228,13.944,652.005,653.743
4229,13.943,652.009,653.744
4230,13.943,652.013,653.746
4231,13.942,652.017,653.747
4232,13.941,652.021,653.748
4233,13.940,652.025,653.750
4234,13.940,652.029,653.751
4235,13.939,652.033,653.753
4236,13.938,652.037,653.754
4237,13.938,652.041,653.756
4238,13.937,652.046,653.757
4239,13.936,652.050,653.758
4240,13.935,652.053,653.759
4241,13.935,652.057,653.761
4242,13.934,652.061,653.762
4243,13.933,652.065,653.763
4244,13.933,652.069,653.765
4245,13.932,652.073,653.766
4246,13.931,652.077,653.768
4247,13.931,652.081,653.769
4248,13.930,652.085,653.770
4249,13.929,652.089,653.771
4250,13.928,652.093,653.773
4251,13.928,652.097,653.774
4252,13.927,652.100,653.775
4253,13.926,652.104,653.777
4254,13.926,652.108,653.778
4255,13.925,652.112,653.780
4256,13.924,652.116,653.781
4257,13.924,652.120,653.782
4258,13.923,652.123,653.783
4259,13.922,652.127,653.785
4260,13.921,652.131,653.786
4261,13.921,652.134,653.787
4262,13.920,652.138,653.789
4263,13.919,652.142,653.790
4264,13.919,652.146,653.791
4265,13.918,652.149,653.792
4266,13.917,652.153,653.794
4267,13.917,652.157,653.795
4268,13.916,652.160,653.796
4269,13.915,652.164,653.798
4270,13.915,652.168,653.799
4271,13.914,652.172,653.800
4272,13.913,652.175,653.801
4273,13.913,652.179,653.802
4274,13.912,652.182,653.803
4275,13.911,652.186,653.805
4276,13.910,652.190,653.806
4277,13.910,652.193,653.807
4278,13.909,652.197,653.809
4279,13.908,652.200,653.810
4280,13.908,652.204,653.811
4281,13.907,652.207,653.812
4282,13.906,652.211,653.813
4283,13.906,652.214,653.814
4284,13.905,652.218,653.816
4285,13.904,652.222,653.817
4286,13.904,652.225,653.818
4287,13.903,652.229,653.820
4288,13.902,652.232,653.820
4289,13.902,652.236,653.822
4290,13.901,652.239,653.823
4291,13.900,652.243,653.824
4292,13.900,652.246,653.825
4293,13.899,652.249,653.826
4294,13.898,652.253,653.828
4295,13.898,652.256,653.829
4296,13.897,652.260,653.830
4297,13.896,652.263,653.831
4298,13.896,652.267,653.832
4299,13.895,652.270,653.834
4300,13.894,652.273,653.835
4301,13.894,652.277,653.836
4302,13.893,652.280,653.837
4303,13.892,652.284,653.838
4304,13.892,652.287,653.839
4305,13.891,652.290,653.840
4306,13.890,652.293,653.841
4307,13.890,652.297,653.843
4308,13.889,652.300,653.844
4309,13.888,652.303,653.845
4310,13.888,652.307,653.846
4311,13.887,652.310,653.847
4312,13.886,652.314,653.848
4313,13.886,652.316,653.849
4314,13.885,652.320,653.851
4315,13.885,652.324,653.852
4316,13.884,652.326,653.853
4317,13.883,652.330,653.854
4318,13.883,652.333,653.855
4319,13.882,652.336,653.856
4320,13.881,652.339,653.857
4321,13.881,652.343,653.858
4322,13.880,652.346,653.860
4323,13.879,652.349,653.861
4324,13.879,652.352,653.862
4325,13.878,652.355,653.863
4326,13.877,652.359,653.864
4327,13.877,652.362,653.865
4328,13.876,652.365,653.866
4329,13.875,652.368,653.867
4330,13.875,652.371,653.868
4331,13.874,652.375,653.869
4332,13.874,652.377,653.870
4333,13.873,652.381,653.871
4334,13.872,652.383,653.872
4335,13.872,652.387,653.873
4336,13.871,652.390,653.875
4337,13.870,652.393,653.876
4338,13.870,652.396,653.877
4339,13.869,652.399,653.878
4340,13.868,652.402,653.879
4341,13.868,652.405,653.880
4342,13.867,652.408,653.881
4343,13.867,652.412,653.882
4344,13.866,652.414,653.883
4345,13.865,652.418,653.884
4346,13.865,652.420,653.885
4347,13.864,652.424,653.886
4348,13.863,652.426,653.887
4349,13.863,652.430,653.888
4350,13.862,652.433,653.889
4351,13.861,652.435,653.890
4352,13.861,652.439,653.891
4353,13.860,652.441,653.892
4354,13.860,652.445,653.893
4355,13.859,652.447,653.894
4356,13.858,652.450,653.895
4357,13.858,652.454,653.896
4358,13.857,652.456,653.897
4359,13.856,652.459,653.898
4360,13.856,652.462,653.899
4361,13.855,652.465,653.900
4362,13.855,652.467,653.901
4363,13.854,652.471,653.902
4364,13.853,652.474,653.903
4365,13.853,652.476,653.904
4366,13.852,652.480,653.905
4367,13.852,652.482,653.906
4368,13.851,652.485,653.907
4369,13.850,652.488,653.908
4370,13.850,652.491,653.909
4371,13.849,652.494,653.910
4372,13.848,652.496,653.911
4373,13.848,652.500,653.912
4374,13.847,652.502,653.913
4375,13.847,652.505,653.914
4376,13.846,652.507,653.915
4377,13.845,652.511,653.916
4378,13.845,652.514,653.917
4379,13.844,652.516,653.918
4380,13.844,652.519,653.919
4381,13.843,652.522,653.920
4382,13.842,652.525,653.921
4383,13.842,652.527,653.922
4384,13.841,652.530,653.923
4385,13.841,652.533,653.924
4386,13.840,652.535,653.925
4387,13.839,652.539,653.926
4388,13.839,652.541,653.926
4389,13.838,652.544,653.927
4390,13.837,652.547,653.928
4391,13.837,652.549,653.929
4392,13.836,652.552,653.930
4393,13.836,652.554,653.931
4394,13.835,652.558,653.932
4395,13.834,652.560,653.933
4396,13.834,652.563,653.934
4397,13.833,652.566,653.935
4398,13.833,652.568,653.936
4399,13.832,652.571,653.937
4400,13.831,652.573,653.938
4401,13.831,652.576,653.938
4402,13.830,652.578,653.939
4403,13.830,652.581,653.940
4404,13.829,652.584,653.941
4405,13.829,652.587,653.942
4406,13.828,652.590,653.943
4407,13.827,652.592,653.944
4408,13.827,652.595,653.945
4409,13.826,652.597,653.946
4410,13.826,652.600,653.947
4411,13.825,652.603,653.948
4412,13.824,652.605,653.948
4413,13.824,652.608,653.949
4414,13.823,652.610,653.950
4415,13.823,652.613,653.951
4416,13.822,652.616,653.952
4417,13.821,652.618,653.953
4418,13.821,652.621,653.954
4419,13.820,652.623,653.954
4420,13.820,652.626,653.956
4421,13.819,652.628,653.956
4422,13.819,652.631,653.957
4423,13.818,652.634,653.958
4424,13.817,652.636,653.959
4425,13.817,652.638,653.960
4426,13.816,652.640,653.961
4427,13.816,652.643,653.962
4428,13.815,652.646,653.963
4429,13.814,652.648,653.963
4430,13.814,652.651,653.964
4431,13.813,652.653,653.965
4432,13.813,652.656,653.966
4433,13.812,652.658,653.967
4434,13.812,652.661,653.968
4435,13.811,652.664,653.969
4436,13.810,652.665,653.969
4437,13.810,652.668,653.970
4438,13.809,652.670,653.971
4439,13.809,652.673,653.972
4440,13.808,652.676,653.973
4441,13.808,652.678,653.974
4442,13.807,652.681,653.974
4443,13.806,652.682,653.975
4444,13.806,652.685,653.976
4445,13.805,652.687,653.977
4446,13.805,652.690,653.978
4447,13.804,652.693,653.979
4448,13.804,652.695,653.979
4449,13.803,652.697,653.980
4450,13.802,652.699,653.981
4451,13.802,652.702,653.982
4452,13.801,652.705,653.983
4453,13.801,652.707,653.983
4454,13.800,652.709,653.984
4455,13.800,652.711,653.985
4456,13.799,652.714,653.986
4457,13.798,652.716,653.987
4458,13.798,652.719,653.988
4459,13.797,652.721,653.988
4460,13.797,652.723,653.989
4461,13.796,652.726,653.990
4462,13.796,652.728,653.991
4463,13.795,652.730,653.992
4464,13.794,652.733,653.993
4465,13.794,652.735,653.993
4466,13.793,652.737,653.994
4467,13.793,652.739,653.995
4468,13.792,652.742,653.996
4469,13.792,652.744,653.996
4470,13.791,652.746,653.997
4471,13.791,652.749,653.998
4472,13.790,652.751,653.999
4473,13.789,652.753,654.000
4474,13.789,652.755,654.000
4475,13.788,652.758,654.001
4476,13.788,652.760,654.002
4477,13.787,652.762,654.003
4478,13.787,652.765,654.004
4479,13.786,652.767,654.004
4480,13.786,652.769,654.005
4481,13.785,652.772,654.006
4482,13.784,652.773,654.007
4483,13.784,652.776,654.007
4484,13.783,652.778,654.008
4485,13.783,652.780,654.009
4486,13.782,652.782,654.010
4487,13.782,652.785,654.010
4488,13.781,652.787,654.011
4489,13.781,652.789,654.012
4490,13.780,652.791,654.013
4491,13.780,652.793,654.013
4492,13.779,652.796,654.014
4493,13.778,652.798,654.015
4494,13.778,652.800,654.016
4495,13.777,652.802,654.017
4496,13.777,652.804,654.017
4497,13.776,652.807,654.018
4498,13.776,652.809,654.019
4499,13.775,652.811,654.019
4500,13.775,652.813,654.020
4501,13.774,652.815,654.021
4502,13.774,652.818,654.022
4503,13.773,652.820,654.023
4504,13.772,652.822,654.023
4505,13.772,652.824,654.024
4506,13.771,652.826,654.025
4507,13.771,652.828,654.025
4508,13.770,652.830,654.026
4509,13.770,652.832,654.027
4510,13.769,652.835,654.028
4511,13.769,652.836,654.028
4512,13.768,652.839,654.029
4513,13.768,652.840,654.030
4514,13.767,652.843,654.030
4515,13.767,652.845,654.031
4516,13.766,652.847,654.032
4517,13.766,652.849,654.033
4518,13.765,652.851,654.033
4519,13.764,652.853,654.034
4520,13.764,652.856,654.035
4521,13.763,652.857,654.035
4522,13.763,652.860,654.036
4523,13.762,652.861,654.037
4524,13.762,652.864,654.038
4525,13.761,652.866,654.039
4526,13.761,652.868,654.039
4527,13.760,652.870,654.040
4528,13.760,652.872,654.040
4529,13.759,652.874,654.041
4530,13.759,652.876,654.042
4531,13.758,652.878,654.043
4532,13.758,652.880,654.043
4533,13.757,652.882,654.044
4534,13.757,652.884,654.045
4535,13.756,652.886,654.045
4536,13.755,652.888,654.046
4537,13.755,652.890,654.047
4538,13.754,652.892,654.047
4539,13.754,652.894,654.048
4540,13.753,652.896,654.049
4541,13.753,652.898,654.050
4542,13.752,652.900,654.050
4543,13.752,652.902,654.051
4544,13.751,652.904,654.052
4545,13.751,652.906,654.052
4546,13.750,652.908,654.053
4547,13.750,652.910,654.054
4548,13.749,652.912,654.054
4549,13.749,652.914,654.055
4550,13.748,652.916,654.056
4551,13.748,652.918,654.056
4552,13.747,652.920,654.057
4553,13.747,652.922,654.058
4554,13.746,652.924,654.058
4555,13.746,652.925,654.059
4556,13.745,652.928,654.060
4557,13.745,652.930,654.061
4558,13.744,652.931,654.061
4559,13.744,652.934,654.062
4560,13.743,652.935,654.062
4561,13.743,652.937,654.063
4562,13.742,652.940,654.064
4563,13.741,652.941,654.064
4564,13.741,652.943,654.065
4565,13.740,652.945,654.066
4566,13.740,652.947,654.066
4567,13.739,652.949,654.067
4568,13.739,652.951,654.068
4569,13.738,652.953,654.069
4570,13.738,652.954,654.069
4571,13.737,652.956,654.070
4572,13.737,652.958,654.071
4573,13.736,652.960,654.071
4574,13.736,652.962,654.072
4575,13.735,652.964,654.072
4576,13.735,652.966,654.073
4577,13.734,652.968,654.074
4578,13.734,652.969,654.074
4579,13.733,652.971,654.075
4580,13.733,652.973,654.075
4581,13.732,652.975,654.076
4582,13.732,652.977,654.077
4583,13.731,652.979,654.077
4584,13.731,652.981,654.078
4585,13.730,652.982,654.079
4586,13.730,652.984,654.079
4587,13.729,652.986,654.080
4588,13.729,652.988,654.081
4589,13.728,652.990,654.081
4590,13.728,652.991,654.082
4591,13.727,652.993,654.083
4592,13.727,652.995,654.083
4593,13.726,652.997,654.084
4594,13.726,652.999,654.084
4595,13.725,653.000,654.085
4596,13.725,653.002,654.086
4597,13.724,653.004,654.086
4598,13.724,653.006,654.087
4599,13.723,653.008,654.088
4600,13.723,653.009,654.088
4601,13.722,653.011,654.089
4602,13.722,653.013,654.090
4603,13.721,653.015,654.090
4604,13.721,653.017,654.091
4605,13.720,653.018,654.091
4606,13.720,653.020,654.092
4607,13.719,653.022,654.093
4608,13.719,653.024,654.093
4609,13.718,653.026,654.094
4610,13.718,653.027,654.094
4611,13.717,653.029,654.095
4612,13.717,653.031,654.096
4613,13.716,653.032,654.096
4614,13.716,653.034,654.097
4615,13.716,653.036,654.097
4616,13.715,653.038,654.098
4617,13.715,653.040,654.099
4618,13.714,653.041,654.099
4619,13.714,653.043,654.100
4620,13.713,653.044,654.100
4621,13.713,653.046,654.101
4622,13.712,653.048,654.102
4623,13.712,653.050,654.102
4624,13.711,653.052,654.103
4625,13.711,653.053,654.103
4626,13.710,653.055,654.104
4627,13.710,653.057,654.105
4628,13.709,653.058,654.105
4629,13.709,653.060,654.106
4630,13.708,653.061,654.106
4631,13.708,653.063,654.107
4632,13.707,653.065,654.108
4633,13.707,653.067,654.108
4634,13.706,653.068,654.109
4635,13.706,653.070,654.109
4636,13.705,653.072,654.110
4637,13.705,653.074,654.110
4638,13.704,653.075,654.111
4639,13.704,653.077,654.112
4640,13.703,653.078,654.112
4641,13.703,653.080,654.113
4642,13.702,653.082,654.113
4643,13.702,653.083,654.114
4644,13.702,653.085,654.114
4645,13.701,653.087,654.115
4646,13.701,653.088,654.116
4647,13.700,653.090,654.116
4648,13.700,653.091,654.117
4649,13.699,653.093,654.117
4650,13.699,653.095,654.118
4651,13.698,653.096,654.118
4652,13.698,653.098,654.119
4653,13.697,653.100,654.119
4654,13.697,653.101,654.120
4655,13.696,653.103,654.121
4656,13.696,653.105,654.121
4657,13.695,653.106,654.122
4658,13.695,653.108,654.122
4659,13.694,653.109,654.123
4660,13.694,653.111,654.124
4661,13.693,653.113,654.124
4662,13.693,653.114,654.125
4663,13.693,653.116,654.125
4664,13.692,653.117,654.126
4665,13.692,653.119,654.126
4666,13.691,653.121,654.127
4667,13.691,653.122,654.127
4668,13.690,653.124,654.128
4669,13.690,653.125,654.128
4670,13.689,653.127,654.129
4671,13.689,653.128,654.129
4672,13.688,653.130,654.130
4673,13.688,653.132,654.131
4674,13.687,653.133,654.131
4675,13.687,653.135,654.132
4676,13.686,653.136,654.132
4677,13.686,653.138,654.133
4678,13.686,653.140,654.134
4679,13.685,653.141,654.134
4680,13.685,653.143,654.134
4681,13.684,653.144,654.135
4682,13.684,653.146,654.136
4683,13.683,653.148,654.136
4684,13.683,653.149,654.137
4685,13.682,653.150,654.137
4686,13.682,653.152,654.138
4687,13.681,653.153,654.138
4688,13.681,653.155,654.139
4689,13.680,653.156,654.139
4690,13.680,653.158,654.140
4691,13.680,653.160,654.140
4692,13.679,653.161,654.141
4693,13.679,653.163,654.141
4694,13.678,653.164,654.142
4695,13.678,653.166,654.143
4696,13.677,653.167,654.143
4697,13.677,653.169,654.143
4698,13.676,653.170,654.144
4699,13.676,653.171,654.145
4700,13.675,653.173,654.145
4701,13.675,653.175,654.146
4702,13.675,653.176,654.146
4703,13.674,653.178,654.147
4704,13.674,653.179,654.147
4705,13.673,653.181,654.148
4706,13.673,653.182,654.148
4707,13.672,653.183,654.149
4708,13.672,653.185,654.149
4709,13.671,653.187,654.150
4710,13.671,653.188,654.150
4711,13.670,653.190,654.151
4712,13.670,653.191,654.151
4713,13.670,653.193,654.152
4714,13.669,653.194,654.152
4715,13.669,653.195,654.153
4716,13.668,653.197,654.153
4717,13.668,653.198,654.154
4718,13.667,653.200,654.154
4719,13.667,653.201,654.155
4720,13.666,653.203,654.155
4721,13.666,653.204,654.156
4722,13.666,653.206,654.156
4723,13.665,653.207,654.157
4724,13.665,653.209,654.157
4725,13.664,653.210,654.158
4726,13.664,653.211,654.158
4727,13.663,653.213,654.159
4728,13.663,653.214,654.159
4729,13.662,653.216,654.160
4730,13.662,653.217,654.160
4731,13.662,653.219,654.161
4732,13.661,653.220,654.161
4733,13.661,653.221,654.162
4734,13.660,653.223,654.162
4735,13.660,653.224,654.163
4736,13.659,653.226,654.163
4737,13.659,653.227,654.164
4738,13.658,653.228,654.164
4739,13.658,653.230,654.165
4740,13.658,653.231,654.165
4741,13.657,653.233,654.166
4742,13.657,653.234,654.166
4743,13.656,653.236,654.167
4744,13.656,653.237,654.167
4745,13.655,653.238,654.168
4746,13.655,653.240,654.168
4747,13.654,653.241,654.169
4748,13.654,653.243,654.169
4749,13.654,653.244,654.170
4750,13.653,653.245,654.170
4751,13.653,653.246,654.171
4752,13.652,653.248,654.171
4753,13.652,653.250,654.172
4754,13.651,653.251,654.172
4755,13.651,653.252,654.173
4756,13.651,653.254,654.173
4757,13.650,653.255,654.174
4758,13.650,653.256,654.174
4759,13.649,653.257,654.174
4760,13.649,653.259,654.175
4761,13.648,653.261,654.176
4762,13.648,653.262,654.176
4763,13.648,653.263,654.176
4764,13.647,653.264,654.177
4765,13.647,653.266,654.177
4766,13.646,653.267,654.178
4767,13.646,653.268,654.178
4768,13.645,653.270,654.179
4769,13.645,653.271,654.179
4770,13.645,653.272,654.180
4771,13.644,653.274,654.180
4772,13.644,653.275,654.181
4773,13.643,653.276,654.181
4774,13.643,653.278,654.182
4775,13.642,653.279,654.182
4776,13.642,653.280,654.183
4777,13.642,653.282,654.183
4778,13.641,653.283,654.183
4779,13.641,653.285,654.184
4780,13.640,653.286,654.184
4781,13.640,653.287,654.185
4782,13.639,653.289,654.185
4783,13.639,653.290,654.186
4784,13.639,653.291,654.186
4785,13.638,653.293,654.187
4786,13.638,653.294,654.187
4787,13.637,653.295,654.188
4788,13.637,653.296,654.188
4789,13.636,653.297,654.189
4790,13.636,653.299,654.189
4791,13.636,653.300,654.189
4792,13.635,653.301,654.190
4793,13.635,653.302,654.190
4794,13.634,653.304,654.191
4795,13.634,653.305,654.191
4796,13.633,653.306,654.192
4797,13.633,653.308,654.192
4798,13.633,653.309,654.193
4799,13.632,653.310,654.193
4800,13.632,653.312,654.193
4801,13.631,653.313,654.194
4802,13.631,653.314,654.194
4803,13.631,653.316,654.195
4804,13.630,653.317,654.195
4805,13.630,653.318,654.196
4806,13.629,653.319,654.196
4807,13.629,653.320,654.196
4808,13.628,653.322,654.197
4809,13.628,653.323,654.197
4810,13.628,653.324,654.198
4811,13.627,653.326,654.198
4812,13.627,653.327,654.199
4813,13.626,653.328,654.199
4814,13.626,653.330,654.200
4815,13.626,653.330,654.200
4816,13.625,653.332,654.200
4817,13.625,653.333,654.201
4818,13.624,653.334,654.201
4819,13.624,653.336,654.202
4820,13.623,653.337,654.202
4821,13.623,653.338,654.203
4822,13.623,653.339,654.203
4823,13.622,653.340,654.203
4824,13.622,653.342,654.204
4825,13.621,653.343,654.204
4826,13.621,653.344,654.205
4827,13.621,653.346,654.205
4828,13.620,653.346,654.206
4829,13.620,653.348,654.206
4830,13.619,653.349,654.207
4831,13.619,653.350,654.207
4832,13.618,653.352,654.207
4833,13.618,653.352,654.208
4834,13.618,653.354,654.208
4835,13.617,653.355,654.209
4836,13.617,653.356,654.209
4837,13.616,653.358,654.210
4838,13.616,653.359,654.210
4839,13.616,653.360,654.210
4840,13.615,653.361,654.211
4841,13.615,653.362,654.211
4842,13.614,653.363,654.212
4843,13.614,653.365,654.212
4844,13.614,653.366,654.212
4845,13.613,653.367,654.213
4846,13.613,653.368,654.213
4847,13.612,653.369,654.214
4848,13.612,653.371,654.214
4849,13.612,653.372,654.214
4850,13.611,653.373,654.215
4851,13.611,653.374,654.215
4852,13.610,653.375,654.216
4853,13.610,653.377,654.216
4854,13.610,653.378,654.217
4855,13.609,653.379,654.217
4856,13.609,653.380,654.217
4857,13.608,653.381,654.218
4858,13.608,653.382,654.218
4859,13.608,653.384,654.219
4860,13.607,653.385,654.219
4861,13.607,653.386,654.219
4862,13.606,653.387,654.220
4863,13.606,653.388,654.220
4864,13.606,653.389,654.221
4865,13.605,653.391,654.221
4866,13.605,653.392,654.221
4867,13.604,653.393,654.222
4868,13.604,653.394,654.222
4869,13.604,653.395,654.223
4870,13.603,653.396,654.223
4871,13.603,653.397,654.223
4872,13.602,653.399,654.224
4873,13.602,653.400,654.224
4874,13.602,653.401,654.225
4875,13.601,653.402,654.225
4876,13.601,653.403,654.225
4877,13.600,653.404,654.226
4878,13.600,653.405,654.226
4879,13.600,653.406,654.227
4880,13.599,653.408,654.227
4881,13.599,653.409,654.228
4882,13.598,653.410,654.228
4883,13.598,653.411,654.228
4884,13.598,653.412,654.229
4885,13.597,653.413,654.229
4886,13.597,653.414,654.229
4887,13.596,653.415,654.230
4888,13.596,653.417,654.230
4889,13.596,653.418,654.231
4890,13.595,653.419,654.231
4891,13.595,653.420,654.231
4892,13.594,653.421,654.232
4893,13.594,653.422,654.232
4894,13.594,653.423,654.233
4895,13.593,653.424,654.233
4896,13.593,653.425,654.233
4897,13.593,653.427,654.234
4898,13.592,653.428,654.234
4899,13.592,653.429,654.234
4900,13.591,653.430,654.235
4901,13.591,653.431,654.235
4902,13.591,653.432,654.236
4903,13.590,653.433,654.236
4904,13.590,653.434,654.236
4905,13.589,653.435,654.237
4906,13.589,653.436,654.237
4907,13.589,653.437,654.238
4908,13.588,653.439,654.238
4909,13.588,653.440,654.238
4910,13.587,653.441,654.239
4911,13.587,653.442,654.239
4912,13.587,653.443,654.239
4913,13.586,653.444,654.240
4914,13.586,653.445,654.240
4915,13.586,653.446,654.241
4916,13.585,653.447,654.241
4917,13.585,653.448,654.241
4918,13.584,653.449,654.242
4919,13.584,653.451,654.242
4920,13.584,653.451,654.242
4921,13.583,653.453,654.243
4922,13.583,653.454,654.243
4923,13.582,653.455,654.244
4924,13.582,653.456,654.244
4925,13.582,653.457,654.244
4926,13.581,653.458,654.245
4927,13.581,653.459,654.245
4928,13.581,653.460,654.245
4929,13.580,653.461,654.246
4930,13.580,653.462,654.246
4931,13.579,653.463,654.246
4932,13.579,653.464,654.247
4933,13.579,653.465,654.247
4934,13.578,653.466,654.248
4935,13.578,653.467,654.248
4936,13.577,653.468,654.248
4937,13.577,653.469,654.249
4938,13.577,653.470,654.249
4939,13.576,653.471,654.249
4940,13.576,653.472,654.250
4941,13.576,653.474,654.250
4942,13.575,653.474,654.251
4943,13.575,653.476,654.251
4944,13.574,653.477,654.251
4945,13.574,653.477,654.252
4946,13.574,653.479,654.252
4947,13.573,653.480,654.252
4948,13.573,653.481,654.253
4949,13.573,653.482,654.253
4950,13.572,653.483,654.253
4951,13.572,653.484,654.254
4952,13.571,653.485,654.254
4953,13.571,653.486,654.254
4954,13.571,653.487,654.255
4955,13.570,653.488,654.255
4956,13.570,653.489,654.256
4957,13.570,653.490,654.256
4958,13.569,653.491,654.256
4959,13.569,653.492,654.257
4960,13.568,653.493,654.257
4961,13.568,653.494,654.257
4962,13.568,653.495,654.258
4963,13.567,653.496,654.258
4964,13.567,653.497,654.258
4965,13.567,653.498,654.259
4966,13.566,653.499,654.259
4967,13.566,653.500,654.259
4968,13.565,653.501,654.260
4969,13.565,653.502,654.260
4970,13.565,653.503,654.261
4971,13.564,653.504,654.261
4972,13.564,653.505,654.261
4973,13.564,653.506,654.262
4974,13.563,653.507,654.262
4975,13.563,653.508,654.262
4976,13.563,653.509,654.263
4977,13.562,653.510,654.263
4978,13.562,653.510,654.263
4979,13.561,653.512,654.264
4980,13.561,653.513,654.264
4981,13.561,653.513,654.264
4982,13.560,653.515,654.265
4983,13.560,653.515,654.265
4984,13.560,653.516,654.265
4985,13.559,653.517,654.266
4986,13.559,653.518,654.266
4987,13.558,653.519,654.266
4988,13.558,653.520,654.267
4989,13.558,653.521,654.267
4990,13.557,653.522,654.267
4991,13.557,653.523,654.268
4992,13.557,653.524,654.268
4993,13.556,653.525,654.268
4994,13.556,653.526,654.269
4995,13.556,653.527,654.269
4996,13.555,653.528,654.269
4997,13.555,653.529,654.270
4998,13.554,653.530,654.270
4999,13.554,653.531,654.270
