# Time (s),Mass (g),T Back (K),T Front (K)
0,68.400,293.000,293.000
1,68.400,293.000,358.167
2,68.400,293.000,371.515
3,68.400,293.000,381.408
4,68.400,293.000,389.513
5,68.400,293.000,396.687
6,68.400,293.000,402.883
7,68.400,293.000,408.616
8,68.400,293.000,413.704
9,68.400,293.000,418.486
10,68.400,293.000,422.824
11,68.400,293.000,426.941
12,68.400,293.000,430.731
13,68.400,293.000,434.350
14,68.400,293.000,437.717
15,68.400,293.000,440.947
16,68.400,293.000,443.976
17,68.400,293.000,446.892
18,68.400,293.000,449.644
19,68.400,293.000,452.302
20,68.400,293.000,454.822
21,68.400,293.000,457.260
22,68.400,293.000,459.583
23,68.400,293.000,461.837
24,68.400,293.000,463.995
25,68.400,293.000,466.083
26,68.400,293.000,468.095
27,68.400,293.000,470.040
28,68.400,293.000,471.920
29,68.400,293.000,473.741
30,68.400,293.000,475.502
31,68.400,293.000,477.211
32,68.400,293.000,478.869
33,68.400,293.000,480.477
34,68.400,293.000,482.040
35,68.400,293.000,483.559
36,68.399,293.000,485.037
37,68.399,293.000,486.475
38,68.399,293.000,487.876
39,68.399,293.000,489.240
40,68.399,293.000,490.569
41,68.399,293.000,491.865
42,68.399,293.000,493.131
43,68.399,293.001,494.365
44,68.399,293.001,495.571
45,68.399,293.001,496.748
46,68.398,293.001,497.897
47,68.398,293.002,499.022
48,68.398,293.002,500.121
49,68.398,293.002,501.196
50,68.398,293.003,502.247
51,68.397,293.004,503.276
52,68.397,293.004,504.283
53,68.397,293.005,505.269
54,68.397,293.006,506.234
55,68.396,293.007,507.181
56,68.396,293.009,508.108
57,68.396,293.010,509.016
58,68.396,293.012,509.906
59,68.395,293.014,510.779
60,68.395,293.016,511.636
61,68.394,293.019,512.475
62,68.394,293.021,513.299
63,68.394,293.025,514.108
64,68.393,293.028,514.901
65,68.393,293.032,515.681
66,68.392,293.037,516.446
67,68.392,293.042,517.197
68,68.391,293.046,517.935
69,68.391,293.052,518.660
70,68.390,293.059,519.372
71,68.390,293.065,520.072
72,68.389,293.072,520.760
73,68.388,293.080,521.437
74,68.388,293.088,522.102
75,68.387,293.098,522.756
76,68.387,293.107,523.400
77,68.386,293.118,524.032
78,68.385,293.129,524.655
79,68.384,293.141,525.268
80,68.384,293.155,525.872
81,68.383,293.168,526.466
82,68.382,293.183,527.050
83,68.381,293.198,527.626
84,68.380,293.215,528.193
85,68.379,293.231,528.751
86,68.379,293.250,529.301
87,68.378,293.269,529.843
88,68.377,293.289,530.378
89,68.376,293.311,530.904
90,68.375,293.333,531.423
91,68.374,293.357,531.934
92,68.373,293.382,532.439
93,68.372,293.407,532.936
94,68.371,293.434,533.427
95,68.370,293.463,533.911
96,68.368,293.493,534.389
97,68.367,293.523,534.860
98,68.366,293.555,535.325
99,68.365,293.588,535.784
100,68.364,293.623,536.237
101,68.363,293.659,536.684
102,68.361,293.696,537.126
103,68.360,293.735,537.562
104,68.359,293.775,537.992
105,68.358,293.817,538.418
106,68.356,293.860,538.838
107,68.355,293.904,539.253
108,68.354,293.950,539.664
109,68.352,293.997,540.069
110,68.351,294.046,540.470
111,68.349,294.097,540.866
112,68.348,294.149,541.257
113,68.347,294.202,541.644
114,68.345,294.257,542.027
115,68.344,294.314,542.405
116,68.342,294.372,542.780
117,68.341,294.432,543.150
118,68.339,294.493,543.516
119,68.338,294.556,543.878
120,68.336,294.620,544.237
121,68.334,294.687,544.591
122,68.333,294.755,544.942
123,68.331,294.824,545.290
124,68.330,294.895,545.634
125,68.328,294.969,545.974
126,68.326,295.042,546.310
127,68.325,295.119,546.644
128,68.323,295.197,546.973
129,68.321,295.276,547.301
130,68.319,295.357,547.625
131,68.318,295.440,547.945
132,68.316,295.525,548.262
133,68.314,295.611,548.577
134,68.312,295.698,548.889
135,68.310,295.788,549.197
136,68.309,295.879,549.503
137,68.307,295.972,549.806
138,68.305,296.067,550.106
139,68.303,296.163,550.403
140,68.301,296.261,550.698
141,68.299,296.360,550.990
142,68.297,296.461,551.279
143,68.295,296.564,551.566
144,68.293,296.669,551.851
145,68.291,296.775,552.132
146,68.289,296.883,552.412
147,68.287,296.992,552.688
148,68.285,297.103,552.964
149,68.283,297.216,553.236
150,68.281,297.330,553.506
151,68.279,297.447,553.774
152,68.277,297.564,554.039
153,68.275,297.684,554.302
154,68.273,297.804,554.564
155,68.271,297.927,554.823
156,68.269,298.051,555.080
157,68.267,298.176,555.335
158,68.264,298.305,555.588
159,68.262,298.433,555.839
160,68.260,298.563,556.087
161,68.258,298.696,556.334
162,68.256,298.829,556.580
163,68.253,298.964,556.823
164,68.251,299.101,557.064
165,68.249,299.239,557.303
166,68.247,299.379,557.542
167,68.244,299.520,557.777
168,68.242,299.662,558.011
169,68.240,299.807,558.243
170,68.237,299.952,558.473
171,68.235,300.099,558.702
172,68.233,300.248,558.929
173,68.230,300.398,559.155
174,68.228,300.549,559.378
175,68.226,300.703,559.600
176,68.223,300.857,559.821
177,68.221,301.013,560.040
178,68.218,301.170,560.256
179,68.216,301.328,560.473
180,68.213,301.489,560.687
181,68.211,301.650,560.899
182,68.208,301.812,561.111
183,68.206,301.976,561.320
184,68.203,302.141,561.529
185,68.201,302.308,561.736
186,68.198,302.476,561.941
187,68.196,302.646,562.144
188,68.193,302.816,562.347
189,68.190,302.987,562.549
190,68.188,303.160,562.748
191,68.185,303.334,562.947
192,68.183,303.510,563.144
193,68.180,303.687,563.339
194,68.177,303.865,563.534
195,68.175,304.044,563.727
196,68.172,304.224,563.918
197,68.169,304.406,564.109
198,68.167,304.588,564.298
199,68.164,304.772,564.486
200,68.161,304.958,564.673
201,68.158,305.143,564.858
202,68.155,305.331,565.043
203,68.153,305.520,565.226
204,68.150,305.709,565.408
205,68.147,305.899,565.590
206,68.144,306.091,565.768
207,68.141,306.283,565.947
208,68.139,306.477,566.125
209,68.136,306.671,566.300
210,68.133,306.868,566.476
211,68.130,307.064,566.649
212,68.127,307.262,566.823
213,68.124,307.461,566.995
214,68.121,307.661,567.165
215,68.118,307.861,567.335
216,68.115,308.063,567.503
217,68.112,308.266,567.671
218,68.109,308.469,567.838
219,68.106,308.674,568.003
220,68.103,308.880,568.168
221,68.100,309.086,568.330
222,68.097,309.292,568.494
223,68.094,309.501,568.655
224,68.091,309.710,568.815
225,68.088,309.919,568.974
226,68.085,310.130,569.133
227,68.082,310.342,569.291
228,68.078,310.554,569.447
229,68.075,310.767,569.603
230,68.072,310.981,569.757
231,68.069,311.196,569.912
232,68.066,311.411,570.064
233,68.063,311.628,570.216
234,68.059,311.845,570.368
235,68.056,312.063,570.518
236,68.053,312.281,570.667
237,68.050,312.501,570.815
238,68.046,312.720,570.964
239,68.043,312.941,571.110
240,68.040,313.162,571.256
241,68.036,313.385,571.401
242,68.033,313.607,571.545
243,68.030,313.831,571.688
244,68.026,314.055,571.831
245,68.023,314.279,571.972
246,68.019,314.505,572.113
247,68.016,314.731,572.253
248,68.013,314.958,572.392
249,68.009,315.185,572.531
250,68.006,315.413,572.668
251,68.002,315.641,572.805
252,67.999,315.870,572.941
253,67.995,316.100,573.077
254,67.992,316.331,573.211
255,67.988,316.561,573.345
256,67.985,316.793,573.477
257,67.981,317.024,573.611
258,67.978,317.256,573.741
259,67.974,317.489,573.873
260,67.970,317.723,574.002
261,67.967,317.956,574.133
262,67.963,318.191,574.261
263,67.960,318.426,574.390
264,67.956,318.662,574.515
265,67.952,318.897,574.643
266,67.949,319.133,574.768
267,67.945,319.370,574.894
268,67.941,319.607,575.017
269,67.937,319.845,575.142
270,67.934,320.083,575.264
271,67.930,320.322,575.387
272,67.926,320.561,575.508
273,67.922,320.801,575.630
274,67.919,321.040,575.750
275,67.915,321.281,575.870
276,67.911,321.521,575.989
277,67.907,321.762,576.108
278,67.903,322.003,576.225
279,67.899,322.245,576.343
280,67.896,322.487,576.459
281,67.892,322.729,576.575
282,67.888,322.972,576.690
283,67.884,323.215,576.805
284,67.880,323.458,576.918
285,67.876,323.702,577.032
286,67.872,323.946,577.144
287,67.868,324.190,577.257
288,67.864,324.435,577.368
289,67.860,324.680,577.480
290,67.856,324.925,577.590
291,67.852,325.170,577.701
292,67.848,325.416,577.809
293,67.844,325.662,577.919
294,67.840,325.908,578.026
295,67.836,326.155,578.135
296,67.831,326.402,578.241
297,67.827,326.649,578.349
298,67.823,326.896,578.454
299,67.819,327.144,578.560
300,67.815,327.391,578.664
301,67.811,327.639,578.769
302,67.807,327.887,578.872
303,67.802,328.136,578.976
304,67.798,328.384,579.078
305,67.794,328.633,579.181
306,67.790,328.882,579.282
307,67.785,329.131,579.383
308,67.781,329.381,579.484
309,67.777,329.630,579.584
310,67.772,329.880,579.683
311,67.768,330.130,579.783
312,67.764,330.380,579.881
313,67.759,330.630,579.980
314,67.755,330.880,580.077
315,67.751,331.131,580.175
316,67.746,331.381,580.271
317,67.742,331.632,580.368
318,67.738,331.883,580.463
319,67.733,332.134,580.559
320,67.729,332.385,580.653
321,67.724,332.637,580.748
322,67.720,332.888,580.841
323,67.715,333.139,580.936
324,67.711,333.391,581.028
325,67.706,333.643,581.121
326,67.702,333.894,581.212
327,67.697,334.146,581.305
328,67.693,334.398,581.395
329,67.688,334.650,581.487
330,67.683,334.902,581.576
331,67.679,335.155,581.667
332,67.674,335.407,581.756
333,67.670,335.659,581.845
334,67.665,335.911,581.933
335,67.660,336.164,582.022
336,67.656,336.416,582.109
337,67.651,336.669,582.197
338,67.646,336.921,582.283
339,67.642,337.174,582.371
340,67.637,337.427,582.456
341,67.632,337.679,582.542
342,67.627,337.932,582.627
343,67.623,338.185,582.712
344,67.618,338.438,582.796
345,67.613,338.690,582.880
346,67.608,338.943,582.963
347,67.604,339.196,583.047
348,67.599,339.449,583.129
349,67.594,339.702,583.213
350,67.589,339.954,583.294
351,67.584,340.207,583.377
352,67.579,340.460,583.457
353,67.574,340.713,583.539
354,67.570,340.966,583.619
355,67.565,341.218,583.700
356,67.560,341.471,583.779
357,67.555,341.724,583.860
358,67.550,341.977,583.938
359,67.545,342.229,584.018
360,67.540,342.482,584.095
361,67.535,342.735,584.174
362,67.530,342.987,584.251
363,67.525,343.240,584.330
364,67.520,343.492,584.406
365,67.515,343.745,584.483
366,67.510,343.997,584.559
367,67.505,344.249,584.636
368,67.500,344.502,584.711
369,67.495,344.754,584.787
370,67.489,345.006,584.861
371,67.484,345.258,584.937
372,67.479,345.510,585.011
373,67.474,345.762,585.086
374,67.469,346.014,585.159
375,67.464,346.266,585.233
376,67.459,346.518,585.305
377,67.453,346.770,585.379
378,67.448,347.021,585.451
379,67.443,347.273,585.524
380,67.438,347.524,585.595
381,67.432,347.776,585.667
382,67.427,348.027,585.738
383,67.422,348.278,585.809
384,67.417,348.529,585.879
385,67.411,348.780,585.950
386,67.406,349.031,586.020
387,67.401,349.282,586.089
388,67.395,349.533,586.159
389,67.390,349.783,586.228
390,67.385,350.034,586.297
391,67.379,350.284,586.366
392,67.374,350.535,586.433
393,67.369,350.785,586.502
394,67.363,351.035,586.569
395,67.358,351.285,586.637
396,67.352,351.535,586.704
397,67.347,351.785,586.772
398,67.341,352.034,586.838
399,67.336,352.284,586.905
400,67.331,352.533,586.970
401,67.325,352.782,587.037
402,67.320,353.031,587.102
403,67.314,353.280,587.168
404,67.309,353.529,587.232
405,67.303,353.778,587.298
406,67.297,354.027,587.362
407,67.292,354.275,587.427
408,67.286,354.523,587.490
409,67.281,354.771,587.555
410,67.275,355.020,587.617
411,67.270,355.267,587.682
412,67.264,355.515,587.744
413,67.258,355.763,587.807
414,67.253,356.010,587.869
415,67.247,356.258,587.932
416,67.241,356.505,587.994
417,67.236,356.752,588.056
418,67.230,356.999,588.117
419,67.224,357.245,588.179
420,67.219,357.492,588.240
421,67.213,357.738,588.301
422,67.207,357.985,588.361
423,67.201,358.231,588.422
424,67.196,358.477,588.482
425,67.190,358.722,588.543
426,67.184,358.968,588.602
427,67.178,359.213,588.662
428,67.172,359.459,588.720
429,67.167,359.704,588.780
430,67.161,359.949,588.838
431,67.155,360.193,588.898
432,67.149,360.438,588.955
433,67.143,360.682,589.014
434,67.137,360.927,589.071
435,67.131,361.171,589.130
436,67.126,361.415,589.187
437,67.120,361.658,589.245
438,67.114,361.902,589.301
439,67.108,362.145,589.359
440,67.102,362.389,589.415
441,67.096,362.632,589.472
442,67.090,362.875,589.528
443,67.084,363.117,589.584
444,67.078,363.360,589.640
445,67.072,363.602,589.696
446,67.066,363.844,589.751
447,67.060,364.086,589.807
448,67.054,364.328,589.861
449,67.048,364.569,589.917
450,67.042,364.811,589.971
451,67.036,365.052,590.026
452,67.030,365.293,590.080
453,67.024,365.534,590.134
454,67.018,365.774,590.188
455,67.011,366.015,590.241
456,67.005,366.255,590.295
457,66.999,366.495,590.348
458,66.993,366.735,590.401
459,66.987,366.975,590.454
460,66.981,367.214,590.507
461,66.975,367.453,590.560
462,66.968,367.692,590.611
463,66.962,367.931,590.664
464,66.956,368.170,590.716
465,66.950,368.408,590.768
466,66.944,368.646,590.819
467,66.937,368.884,590.872
468,66.931,369.122,590.922
469,66.925,369.360,590.974
470,66.919,369.597,591.025
471,66.912,369.834,591.076
472,66.906,370.071,591.126
473,66.900,370.308,591.177
474,66.893,370.545,591.227
475,66.887,370.782,591.278
476,66.881,371.018,591.327
477,66.874,371.254,591.378
478,66.868,371.490,591.427
479,66.862,371.725,591.477
480,66.855,371.961,591.525
481,66.849,372.196,591.575
482,66.842,372.431,591.624
483,66.836,372.666,591.673
484,66.830,372.901,591.721
485,66.823,373.135,591.770
486,66.817,373.369,591.818
487,66.810,373.603,591.867
488,66.804,373.837,591.914
489,66.797,374.070,591.963
490,66.791,374.304,592.010
491,66.784,374.537,592.058
492,66.778,374.770,592.105
493,66.771,375.003,592.153
494,66.765,375.235,592.200
495,66.758,375.467,592.247
496,66.752,375.700,592.293
497,66.745,375.931,592.341
498,66.739,376.163,592.387
499,66.732,376.395,592.434
500,66.725,376.626,592.479
501,66.719,376.857,592.526
502,66.712,377.088,592.571
503,66.706,377.318,592.618
504,66.699,377.548,592.663
505,66.692,377.779,592.709
506,66.686,378.009,592.754
507,66.679,378.238,592.800
508,66.672,378.468,592.844
509,66.666,378.697,592.890
510,66.659,378.926,592.934
511,66.652,379.155,592.979
512,66.645,379.384,593.023
513,66.639,379.612,593.068
514,66.632,379.840,593.112
515,66.625,380.068,593.157
516,66.618,380.296,593.200
517,66.612,380.524,593.245
518,66.605,380.751,593.288
519,66.598,380.978,593.332
520,66.591,381.205,593.375
521,66.585,381.431,593.419
522,66.578,381.658,593.462
523,66.571,381.884,593.506
524,66.564,382.110,593.548
525,66.557,382.336,593.591
526,66.550,382.561,593.634
527,66.543,382.787,593.677
528,66.537,383.012,593.719
529,66.530,383.237,593.762
530,66.523,383.461,593.803
531,66.516,383.686,593.846
532,66.509,383.910,593.887
533,66.502,384.134,593.930
534,66.495,384.358,593.971
535,66.488,384.581,594.013
536,66.481,384.804,594.054
537,66.474,385.027,594.096
538,66.467,385.250,594.137
539,66.460,385.473,594.179
540,66.453,385.695,594.219
541,66.446,385.917,594.261
542,66.439,386.139,594.301
543,66.432,386.361,594.342
544,66.425,386.583,594.382
545,66.418,386.804,594.423
546,66.411,387.025,594.463
547,66.404,387.246,594.504
548,66.397,387.467,594.543
549,66.390,387.687,594.584
550,66.383,387.907,594.623
551,66.376,388.127,594.664
552,66.368,388.347,594.703
553,66.361,388.567,594.743
554,66.354,388.786,594.782
555,66.347,389.005,594.821
556,66.340,389.224,594.860
557,66.333,389.443,594.900
558,66.326,389.661,594.939
559,66.318,389.879,594.977
560,66.311,390.097,595.016
561,66.304,390.315,595.055
562,66.297,390.532,595.094
563,66.290,390.750,595.132
564,66.282,390.967,595.170
565,66.275,391.184,595.208
566,66.268,391.400,595.247
567,66.260,391.617,595.285
568,66.253,391.833,595.323
569,66.246,392.049,595.361
570,66.239,392.265,595.398
571,66.231,392.480,595.436
572,66.224,392.696,595.473
573,66.217,392.911,595.511
574,66.209,393.125,595.548
575,66.202,393.340,595.586
576,66.195,393.555,595.623
577,66.187,393.769,595.660
578,66.180,393.983,595.697
579,66.173,394.196,595.734
580,66.165,394.410,595.770
581,66.158,394.623,595.808
582,66.150,394.836,595.844
583,66.143,395.049,595.881
584,66.135,395.262,595.917
585,66.128,395.474,595.954
586,66.121,395.686,595.989
587,66.113,395.898,596.026
588,66.106,396.110,596.062
589,66.098,396.321,596.098
590,66.091,396.533,596.134
591,66.083,396.744,596.170
592,66.076,396.955,596.205
593,66.068,397.165,596.241
594,66.061,397.376,596.276
595,66.053,397.586,596.312
596,66.046,397.796,596.347
597,66.038,398.005,596.383
598,66.030,398.215,596.418
599,66.023,398.424,596.453
600,66.015,398.633,596.488
601,66.008,398.842,596.523
602,66.000,399.051,596.557
603,65.992,399.259,596.593
604,65.985,399.467,596.627
605,65.977,399.675,596.662
606,65.970,399.882,596.696
607,65.962,400.090,596.731
608,65.954,400.297,596.765
609,65.947,400.504,596.800
610,65.939,400.711,596.833
611,65.931,400.917,596.868
612,65.923,401.124,596.901
613,65.916,401.330,596.936
614,65.908,401.536,596.969
615,65.900,401.741,597.003
616,65.893,401.947,597.037
617,65.885,402.152,597.071
618,65.877,402.357,597.104
619,65.869,402.562,597.138
620,65.861,402.767,597.171
621,65.854,402.971,597.204
622,65.846,403.175,597.237
623,65.838,403.379,597.271
624,65.830,403.583,597.303
625,65.822,403.787,597.337
626,65.815,403.990,597.369
627,65.807,404.193,597.403
628,65.799,404.396,597.435
629,65.791,404.598,597.468
630,65.783,404.801,597.500
631,65.775,405.003,597.533
632,65.767,405.205,597.565
633,65.760,405.407,597.598
634,65.752,405.608,597.630
635,65.744,405.810,597.663
636,65.736,406.011,597.694
637,65.728,406.212,597.727
638,65.720,406.412,597.758
639,65.712,406.613,597.791
640,65.704,406.813,597.822
641,65.696,407.013,597.855
642,65.688,407.213,597.886
643,65.680,407.412,597.918
644,65.672,407.612,597.949
645,65.664,407.811,597.981
646,65.656,408.010,598.012
647,65.648,408.208,598.044
648,65.640,408.407,598.075
649,65.632,408.605,598.107
650,65.624,408.803,598.137
651,65.616,409.001,598.169
652,65.608,409.198,598.200
653,65.600,409.396,598.231
654,65.591,409.593,598.262
655,65.583,409.790,598.293
656,65.575,409.987,598.323
657,65.567,410.183,598.354
658,65.559,410.379,598.385
659,65.551,410.576,598.416
660,65.543,410.771,598.446
661,65.534,410.967,598.477
662,65.526,411.163,598.507
663,65.518,411.358,598.537
664,65.510,411.553,598.567
665,65.502,411.748,598.598
666,65.494,411.942,598.628
667,65.485,412.136,598.658
668,65.477,412.331,598.688
669,65.469,412.524,598.718
670,65.461,412.718,598.748
671,65.452,412.912,598.778
672,65.444,413.105,598.807
673,65.436,413.298,598.837
674,65.427,413.490,598.867
675,65.419,413.683,598.897
676,65.411,413.875,598.926
677,65.403,414.067,598.956
678,65.394,414.259,598.985
679,65.386,414.451,599.014
680,65.378,414.642,599.043
681,65.369,414.834,599.073
682,65.361,415.025,599.102
683,65.352,415.216,599.131
684,65.344,415.406,599.160
685,65.336,415.597,599.189
686,65.327,415.787,599.218
687,65.319,415.977,599.247
688,65.310,416.167,599.276
689,65.302,416.357,599.305
690,65.294,416.546,599.333
691,65.285,416.735,599.362
692,65.277,416.924,599.390
693,65.268,417.113,599.419
694,65.260,417.302,599.447
695,65.251,417.490,599.476
696,65.243,417.678,599.504
697,65.234,417.866,599.533
698,65.226,418.054,599.561
699,65.217,418.241,599.590
700,65.209,418.428,599.617
701,65.200,418.616,599.646
702,65.192,418.802,599.673
703,65.183,418.989,599.702
704,65.174,419.175,599.729
705,65.166,419.362,599.758
706,65.157,419.548,599.785
707,65.149,419.733,599.813
708,65.140,419.919,599.841
709,65.132,420.104,599.869
710,65.123,420.290,599.896
711,65.114,420.475,599.924
712,65.106,420.659,599.951
713,65.097,420.844,599.979
714,65.088,421.028,600.006
715,65.080,421.212,600.034
716,65.071,421.396,600.061
717,65.062,421.580,600.088
718,65.054,421.763,600.115
719,65.045,421.946,600.143
720,65.036,422.129,600.169
721,65.027,422.312,600.197
722,65.019,422.495,600.224
723,65.010,422.677,600.251
724,65.001,422.860,600.277
725,64.992,423.042,600.305
726,64.984,423.223,600.331
727,64.975,423.405,600.358
728,64.966,423.586,600.385
729,64.957,423.767,600.412
730,64.948,423.948,600.438
731,64.940,424.129,600.465
732,64.931,424.310,600.491
733,64.922,424.490,600.518
734,64.913,424.670,600.544
735,64.904,424.850,600.571
736,64.895,425.030,600.597
737,64.886,425.209,600.624
738,64.878,425.388,600.649
739,64.869,425.567,600.676
740,64.860,425.746,600.702
741,64.851,425.925,600.728
742,64.842,426.103,600.754
743,64.833,426.282,600.780
744,64.824,426.460,600.806
745,64.815,426.637,600.832
746,64.806,426.815,600.858
747,64.797,426.992,600.884
748,64.788,427.170,600.909
749,64.779,427.346,600.936
750,64.770,427.523,600.961
751,64.761,427.699,600.987
752,64.752,427.875,601.012
753,64.743,428.051,601.038
754,64.734,428.227,601.063
755,64.725,428.403,601.089
756,64.716,428.579,601.114
757,64.707,428.754,601.140
758,64.698,428.929,601.165
759,64.689,429.104,601.191
760,64.679,429.278,601.216
761,64.670,429.453,601.241
762,64.661,429.627,601.266
763,64.652,429.801,601.292
764,64.643,429.975,601.316
765,64.634,430.149,601.342
766,64.625,430.322,601.366
767,64.616,430.495,601.392
768,64.606,430.668,601.416
769,64.597,430.841,601.442
770,64.588,431.014,601.466
771,64.579,431.186,601.491
772,64.570,431.359,601.516
773,64.560,431.531,601.541
774,64.551,431.702,601.565
775,64.542,431.874,601.590
776,64.533,432.045,601.614
777,64.523,432.216,601.639
778,64.514,432.387,601.663
779,64.505,432.558,601.688
780,64.495,432.729,601.712
781,64.486,432.899,601.737
782,64.477,433.069,601.761
783,64.468,433.239,601.786
784,64.458,433.409,601.810
785,64.449,433.578,601.834
786,64.439,433.748,601.858
787,64.430,433.917,601.883
788,64.421,434.086,601.907
789,64.411,434.254,601.931
790,64.402,434.423,601.955
791,64.393,434.591,601.979
792,64.383,434.759,602.003
793,64.374,434.927,602.027
794,64.364,435.095,602.051
795,64.355,435.262,602.074
796,64.345,435.429,602.098
797,64.336,435.596,602.122
798,64.326,435.763,602.146
799,64.317,435.930,602.169
800,64.308,436.096,602.193
801,64.298,436.263,602.217
802,64.289,436.429,602.241
803,64.279,436.594,602.264
804,64.269,436.760,602.288
805,64.260,436.925,602.311
806,64.250,437.091,602.334
807,64.241,437.256,602.357
808,64.231,437.420,602.381
809,64.222,437.585,602.404
810,64.212,437.749,602.428
811,64.202,437.914,602.451
812,64.193,438.078,602.474
813,64.183,438.241,602.497
814,64.174,438.405,602.521
815,64.164,438.568,602.544
816,64.154,438.731,602.567
817,64.145,438.894,602.590
818,64.135,439.057,602.613
819,64.125,439.220,602.636
820,64.116,439.382,602.659
821,64.106,439.544,602.682
822,64.096,439.706,602.705
823,64.087,439.867,602.728
824,64.077,440.029,602.750
825,64.067,440.190,602.773
826,64.057,440.351,602.796
827,64.048,440.512,602.819
828,64.038,440.672,602.841
829,64.028,440.833,602.864
830,64.018,440.993,602.886
831,64.008,441.153,602.909
832,63.999,441.313,602.931
833,63.989,441.473,602.954
834,63.979,441.632,602.976
835,63.969,441.791,602.999
836,63.959,441.951,603.021
837,63.949,442.109,603.044
838,63.940,442.268,603.066
839,63.930,442.427,603.089
840,63.920,442.585,603.111
841,63.910,442.743,603.134
842,63.900,442.901,603.155
843,63.890,443.058,603.178
844,63.880,443.216,603.200
845,63.870,443.373,603.222
846,63.860,443.530,603.244
847,63.850,443.687,603.266
848,63.840,443.844,603.288
849,63.830,444.000,603.311
850,63.820,444.156,603.332
851,63.810,444.312,603.354
852,63.800,444.468,603.376
853,63.790,444.624,603.398
854,63.780,444.779,603.420
855,63.770,444.934,603.442
856,63.760,445.089,603.463
857,63.750,445.244,603.486
858,63.740,445.399,603.507
859,63.730,445.553,603.529
860,63.720,445.707,603.550
861,63.710,445.861,603.572
862,63.700,446.015,603.594
863,63.690,446.169,603.616
864,63.680,446.322,603.637
865,63.669,446.475,603.659
866,63.659,446.628,603.680
867,63.649,446.781,603.702
868,63.639,446.934,603.723
869,63.629,447.086,603.744
870,63.619,447.238,603.765
871,63.608,447.390,603.787
872,63.598,447.542,603.808
873,63.588,447.694,603.830
874,63.578,447.845,603.851
875,63.568,447.996,603.872
876,63.557,448.147,603.893
877,63.547,448.298,603.915
878,63.537,448.448,603.935
879,63.526,448.599,603.957
880,63.516,448.749,603.978
881,63.506,448.899,603.999
882,63.496,449.049,604.020
883,63.485,449.198,604.041
884,63.475,449.348,604.062
885,63.465,449.497,604.083
886,63.454,449.646,604.104
887,63.444,449.794,604.125
888,63.433,449.943,604.145
889,63.423,450.091,604.167
890,63.413,450.240,604.187
891,63.402,450.387,604.208
892,63.392,450.535,604.229
893,63.381,450.683,604.250
894,63.371,450.830,604.270
895,63.361,450.977,604.291
896,63.350,451.124,604.311
897,63.340,451.271,604.332
898,63.329,451.417,604.353
899,63.319,451.563,604.374
900,63.308,451.709,604.394
901,63.298,451.855,604.415
902,63.287,452.001,604.435
903,63.277,452.146,604.456
904,63.266,452.292,604.476
905,63.256,452.437,604.496
906,63.245,452.582,604.516
907,63.235,452.726,604.537
908,63.224,452.871,604.557
909,63.213,453.015,604.578
910,63.203,453.160,604.598
911,63.192,453.304,604.618
912,63.182,453.447,604.638
913,63.171,453.591,604.659
914,63.160,453.734,604.678
915,63.150,453.877,604.699
916,63.139,454.020,604.719
917,63.128,454.163,604.739
918,63.118,454.306,604.759
919,63.107,454.448,604.779
920,63.096,454.590,604.799
921,63.086,454.732,604.819
922,63.075,454.874,604.839
923,63.064,455.016,604.859
924,63.053,455.157,604.879
925,63.043,455.298,604.899
926,63.032,455.439,604.918
927,63.021,455.580,604.939
928,63.010,455.720,604.958
929,62.999,455.861,604.978
930,62.989,456.001,604.998
931,62.978,456.141,605.018
932,62.967,456.281,605.037
933,62.956,456.420,605.057
934,62.945,456.560,605.077
935,62.934,456.699,605.097
936,62.924,456.838,605.116
937,62.913,456.977,605.136
938,62.902,457.116,605.155
939,62.891,457.254,605.175
940,62.880,457.392,605.194
941,62.869,457.530,605.214
942,62.858,457.668,605.233
943,62.847,457.806,605.253
944,62.836,457.943,605.272
945,62.825,458.081,605.292
946,62.814,458.218,605.311
947,62.803,458.354,605.330
948,62.792,458.491,605.349
949,62.781,458.628,605.369
950,62.770,458.764,605.388
951,62.759,458.900,605.408
952,62.748,459.036,605.426
953,62.737,459.172,605.446
954,62.726,459.307,605.465
955,62.715,459.442,605.485
956,62.704,459.578,605.503
957,62.693,459.713,605.523
958,62.682,459.847,605.541
959,62.671,459.982,605.561
960,62.660,460.116,605.580
961,62.649,460.250,605.599
962,62.638,460.384,605.618
963,62.626,460.518,605.637
964,62.615,460.652,605.656
965,62.604,460.785,605.675
966,62.593,460.918,605.693
967,62.582,461.051,605.713
968,62.571,461.184,605.731
969,62.559,461.317,605.751
970,62.548,461.449,605.769
971,62.537,461.582,605.788
972,62.526,461.714,605.807
973,62.514,461.846,605.826
974,62.503,461.977,605.844
975,62.492,462.109,605.863
976,62.481,462.240,605.881
977,62.469,462.371,605.901
978,62.458,462.502,605.919
979,62.447,462.632,605.938
980,62.435,462.763,605.956
981,62.424,462.893,605.975
982,62.413,463.023,605.993
983,62.401,463.153,606.012
984,62.390,463.283,606.030
985,62.379,463.412,606.049
986,62.367,463.542,606.067
987,62.356,463.671,606.086
988,62.344,463.800,606.104
989,62.333,463.929,606.123
990,62.322,464.058,606.141
991,62.310,464.186,606.160
992,62.299,464.315,606.178
993,62.287,464.443,606.197
994,62.276,464.571,606.215
995,62.264,464.698,606.233
996,62.253,464.826,606.251
997,62.241,464.953,606.270
998,62.230,465.081,606.288
999,62.218,465.208,606.306
1000,62.207,465.334,606.324
1001,62.195,465.462,606.343
1002,62.184,465.589,606.360
1003,62.172,465.715,606.379
1004,62.161,465.841,606.397
1005,62.149,465.967,606.415
1006,62.137,466.093,606.433
1007,62.126,466.218,606.451
1008,62.114,466.344,606.469
1009,62.103,466.469,606.487
1010,62.091,466.594,606.505
1011,62.079,466.719,606.523
1012,62.068,466.844,606.541
1013,62.056,466.968,606.559
1014,62.044,467.092,606.577
1015,62.033,467.217,606.595
1016,62.021,467.341,606.612
1017,62.009,467.464,606.631
1018,61.998,467.588,606.648
1019,61.986,467.711,606.666
1020,61.974,467.835,606.684
1021,61.962,467.958,606.702
1022,61.951,468.081,606.719
1023,61.939,468.203,606.738
1024,61.927,468.326,606.755
1025,61.915,468.448,606.773
1026,61.904,468.571,606.790
1027,61.892,468.692,606.808
1028,61.880,468.814,606.826
1029,61.868,468.936,606.844
1030,61.856,469.057,606.861
1031,61.845,469.178,606.879
1032,61.833,469.299,606.896
1033,61.821,469.420,606.914
1034,61.809,469.541,606.931
1035,61.797,469.662,606.949
1036,61.785,469.782,606.966
1037,61.773,469.902,606.984
1038,61.761,470.023,607.001
1039,61.750,470.143,607.019
1040,61.738,470.262,607.036
1041,61.726,470.382,607.054
1042,61.714,470.501,607.071
1043,61.702,470.621,607.089
1044,61.690,470.740,607.105
1045,61.678,470.859,607.123
1046,61.666,470.978,607.140
1047,61.654,471.096,607.158
1048,61.642,471.215,607.175
1049,61.630,471.333,607.192
1050,61.618,471.451,607.209
1051,61.606,471.569,607.227
1052,61.594,471.687,607.244
1053,61.582,471.805,607.261
1054,61.570,471.922,607.278
1055,61.558,472.039,607.296
1056,61.545,472.157,607.312
1057,61.533,472.274,607.330
1058,61.521,472.390,607.347
1059,61.509,472.507,607.364
1060,61.497,472.624,607.381
1061,61.485,472.740,607.398
1062,61.473,472.856,607.415
1063,61.461,472.972,607.432
1064,61.448,473.088,607.449
1065,61.436,473.204,607.466
1066,61.424,473.319,607.483
1067,61.412,473.435,607.500
1068,61.400,473.550,607.517
1069,61.387,473.665,607.534
1070,61.375,473.780,607.550
1071,61.363,473.895,607.568
1072,61.351,474.009,607.584
1073,61.339,474.124,607.602
1074,61.326,474.238,607.618
1075,61.314,474.352,607.635
1076,61.302,474.466,607.651
1077,61.289,474.580,607.669
1078,61.277,474.694,607.685
1079,61.265,474.807,607.702
1080,61.252,474.921,607.719
1081,61.240,475.034,607.736
1082,61.228,475.147,607.752
1083,61.215,475.260,607.769
1084,61.203,475.373,607.785
1085,61.191,475.486,607.802
1086,61.178,475.598,607.819
1087,61.166,475.710,607.836
1088,61.154,475.823,607.852
1089,61.141,475.935,607.869
1090,61.129,476.047,607.885
1091,61.116,476.158,607.902
1092,61.104,476.270,607.918
1093,61.091,476.381,607.935
1094,61.079,476.493,607.951
1095,61.067,476.604,607.968
1096,61.054,476.715,607.984
1097,61.042,476.826,608.001
1098,61.029,476.937,608.017
1099,61.017,477.047,608.034
1100,61.004,477.158,608.050
1101,60.992,477.268,608.067
1102,60.979,477.378,608.083
1103,60.967,477.488,608.099
1104,60.954,477.598,608.115
1105,60.941,477.708,608.132
1106,60.929,477.818,608.148
1107,60.916,477.927,608.165
1108,60.904,478.037,608.181
1109,60.891,478.146,608.197
1110,60.879,478.255,608.213
1111,60.866,478.364,608.230
1112,60.853,478.473,608.246
1113,60.841,478.581,608.262
1114,60.828,478.690,608.278
1115,60.815,478.798,608.295
1116,60.803,478.907,608.310
1117,60.790,479.015,608.327
1118,60.777,479.123,608.343
1119,60.765,479.231,608.359
1120,60.752,479.338,608.375
1121,60.739,479.446,608.391
1122,60.727,479.553,608.407
1123,60.714,479.660,608.424
1124,60.701,479.768,608.439
1125,60.689,479.875,608.456
1126,60.676,479.982,608.471
1127,60.663,480.088,608.488
1128,60.650,480.195,608.503
1129,60.637,480.302,608.520
1130,60.625,480.408,608.535
1131,60.612,480.515,608.552
1132,60.599,480.621,608.567
1133,60.586,480.727,608.583
1134,60.574,480.833,608.599
1135,60.561,480.939,608.615
1136,60.548,481.045,608.631
1137,60.535,481.150,608.647
1138,60.522,481.256,608.662
1139,60.509,481.361,608.679
1140,60.496,481.467,608.694
1141,60.484,481.572,608.710
1142,60.471,481.677,608.725
1143,60.458,481.782,608.742
1144,60.445,481.887,608.757
1145,60.432,481.991,608.773
1146,60.419,482.096,608.789
1147,60.406,482.200,608.805
1148,60.393,482.305,608.820
1149,60.380,482.409,608.836
1150,60.367,482.513,608.851
1151,60.354,482.617,608.867
1152,60.341,482.721,608.883
1153,60.328,482.825,608.899
1154,60.315,482.929,608.914
1155,60.302,483.032,608.930
1156,60.289,483.136,608.945
1157,60.276,483.239,608.961
1158,60.263,483.342,608.976
1159,60.250,483.445,608.992
1160,60.237,483.548,609.007
1161,60.224,483.651,609.023
1162,60.211,483.754,609.038
1163,60.198,483.857,609.054
1164,60.185,483.959,609.069
1165,60.172,484.062,609.085
1166,60.159,484.164,609.100
1167,60.146,484.267,609.116
1168,60.133,484.369,609.131
1169,60.120,484.471,609.147
1170,60.106,484.573,609.162
1171,60.093,484.675,609.178
1172,60.080,484.777,609.193
1173,60.067,484.878,609.209
1174,60.054,484.980,609.224
1175,60.041,485.081,609.240
1176,60.028,485.183,609.254
1177,60.014,485.284,609.270
1178,60.001,485.385,609.285
1179,59.988,485.486,609.301
1180,59.975,485.587,609.316
1181,59.962,485.688,609.331
1182,59.948,485.789,609.346
1183,59.935,485.890,609.362
1184,59.922,485.991,609.377
1185,59.909,486.091,609.392
1186,59.895,486.192,609.407
1187,59.882,486.292,609.423
1188,59.869,486.392,609.437
1189,59.856,486.492,609.453
1190,59.842,486.592,609.468
1191,59.829,486.692,609.483
1192,59.816,486.792,609.498
1193,59.802,486.892,609.514
1194,59.789,486.992,609.528
1195,59.776,487.092,609.544
1196,59.762,487.191,609.558
1197,59.749,487.291,609.574
1198,59.736,487.390,609.589
1199,59.722,487.489,609.604
1200,59.709,487.589,609.619
1201,59.696,487.688,609.634
1202,59.682,487.787,609.649
1203,59.669,487.886,609.664
1204,59.655,487.985,609.679
1205,59.642,488.083,609.694
1206,59.629,488.182,609.709
1207,59.615,488.281,609.724
1208,59.602,488.379,609.739
1209,59.588,488.478,609.754
1210,59.575,488.576,609.768
1211,59.561,488.675,609.784
1212,59.548,488.773,609.798
1213,59.534,488.871,609.814
1214,59.521,488.969,609.828
1215,59.507,489.067,609.843
1216,59.494,489.165,609.858
1217,59.481,489.263,609.873
1218,59.467,489.361,609.887
1219,59.453,489.458,609.903
1220,59.440,489.556,609.917
1221,59.426,489.654,609.932
1222,59.413,489.751,609.947
1223,59.399,489.849,609.962
1224,59.386,489.946,609.976
1225,59.372,490.043,609.991
1226,59.359,490.140,610.006
1227,59.345,490.238,610.021
1228,59.332,490.335,610.035
1229,59.318,490.432,610.050
1230,59.304,490.529,610.065
1231,59.291,490.625,610.080
1232,59.277,490.722,610.094
1233,59.263,490.819,610.109
1234,59.250,490.916,610.123
1235,59.236,491.012,610.138
1236,59.223,491.109,610.153
1237,59.209,491.205,610.168
1238,59.195,491.302,610.182
1239,59.182,491.398,610.197
1240,59.168,491.494,610.211
1241,59.154,491.590,610.226
1242,59.141,491.687,610.240
1243,59.127,491.783,610.255
1244,59.113,491.879,610.269
1245,59.099,491.975,610.284
1246,59.086,492.071,610.298
1247,59.072,492.167,610.313
1248,59.058,492.262,610.327
1249,59.045,492.358,610.342
1250,59.031,492.454,610.356
1251,59.017,492.549,610.371
1252,59.003,492.645,610.385
1253,58.990,492.740,610.400
1254,58.976,492.836,610.414
1255,58.962,492.931,610.429
1256,58.948,493.027,610.443
1257,58.934,493.122,610.458
1258,58.921,493.217,610.472
1259,58.907,493.312,610.487
1260,58.893,493.407,610.501
1261,58.879,493.502,610.515
1262,58.865,493.597,610.529
1263,58.851,493.692,610.544
1264,58.838,493.787,610.558
1265,58.824,493.882,610.573
1266,58.810,493.977,610.587
1267,58.796,494.072,610.601
1268,58.782,494.166,610.615
1269,58.768,494.261,610.630
1270,58.754,494.355,610.644
1271,58.740,494.450,610.659
1272,58.727,494.544,610.672
1273,58.713,494.639,610.687
1274,58.699,494.733,610.701
1275,58.685,494.828,610.716
1276,58.671,494.922,610.729
1277,58.657,495.016,610.744
1278,58.643,495.110,610.758
1279,58.629,495.205,610.772
1280,58.615,495.299,610.786
1281,58.601,495.393,610.801
1282,58.587,495.487,610.814
1283,58.573,495.581,610.829
1284,58.559,495.675,610.843
1285,58.545,495.769,610.857
1286,58.531,495.862,610.871
1287,58.517,495.956,610.886
1288,58.503,496.050,610.899
1289,58.489,496.144,610.914
1290,58.475,496.237,610.927
1291,58.461,496.331,610.942
1292,58.447,496.425,610.956
1293,58.433,496.518,610.970
1294,58.419,496.612,610.984
1295,58.405,496.705,610.998
1296,58.391,496.799,611.012
1297,58.377,496.892,611.026
1298,58.363,496.985,611.040
1299,58.349,497.079,611.054
1300,58.334,497.172,611.068
1301,58.320,497.265,611.082
1302,58.306,497.358,611.096
1303,58.292,497.452,611.110
1304,58.278,497.545,611.124
1305,58.264,497.638,611.138
1306,58.250,497.731,611.152
1307,58.236,497.824,611.166
1308,58.221,497.917,611.180
1309,58.207,498.010,611.194
1310,58.193,498.103,611.207
1311,58.179,498.195,611.222
1312,58.165,498.288,611.235
1313,58.151,498.381,611.250
1314,58.136,498.474,611.263
1315,58.122,498.566,611.277
1316,58.108,498.659,611.291
1317,58.094,498.752,611.305
1318,58.080,498.844,611.318
1319,58.065,498.937,611.333
1320,58.051,499.029,611.346
1321,58.037,499.122,611.360
1322,58.023,499.214,611.374
1323,58.008,499.307,611.388
1324,57.994,499.399,611.401
1325,57.980,499.492,611.416
1326,57.966,499.584,611.429
1327,57.951,499.676,611.443
1328,57.937,499.769,611.456
1329,57.923,499.861,611.471
1330,57.908,499.953,611.484
1331,57.894,500.045,611.498
1332,57.880,500.138,611.511
1333,57.865,500.230,611.526
1334,57.851,500.322,611.539
1335,57.837,500.414,611.553
1336,57.822,500.506,611.566
1337,57.808,500.598,611.580
1338,57.794,500.690,611.594
1339,57.779,500.782,611.608
1340,57.765,500.874,611.621
1341,57.751,500.966,611.635
1342,57.736,501.058,611.648
1343,57.722,501.150,611.662
1344,57.708,501.242,611.675
1345,57.693,501.334,611.690
1346,57.679,501.426,611.703
1347,57.664,501.517,611.717
1348,57.650,501.609,611.730
1349,57.635,501.701,611.744
1350,57.621,501.793,611.757
1351,57.607,501.884,611.771
1352,57.592,501.976,611.784
1353,57.578,502.068,611.798
1354,57.563,502.159,611.811
1355,57.549,502.251,611.825
1356,57.534,502.343,611.838
1357,57.520,502.434,611.853
1358,57.505,502.526,611.865
1359,57.491,502.617,611.880
1360,57.476,502.709,611.893
1361,57.462,502.800,611.907
1362,57.447,502.892,611.920
1363,57.433,502.983,611.934
1364,57.418,503.075,611.946
1365,57.404,503.166,611.961
1366,57.389,503.258,611.973
1367,57.375,503.349,611.987
1368,57.360,503.440,612.000
1369,57.346,503.532,612.014
1370,57.331,503.623,612.027
1371,57.316,503.714,612.041
1372,57.302,503.805,612.054
1373,57.287,503.897,612.068
1374,57.273,503.988,612.081
1375,57.258,504.079,612.095
1376,57.243,504.170,612.108
1377,57.229,504.261,612.122
1378,57.214,504.353,612.134
1379,57.200,504.444,612.148
1380,57.185,504.535,612.161
1381,57.170,504.626,612.175
1382,57.156,504.717,612.188
1383,57.141,504.808,612.202
1384,57.126,504.899,612.215
1385,57.112,504.990,612.228
1386,57.097,505.081,612.241
1387,57.082,505.172,612.255
1388,57.068,505.263,612.268
1389,57.053,505.354,612.282
1390,57.038,505.445,612.294
1391,57.024,505.536,612.308
1392,57.009,505.627,612.321
1393,56.994,505.718,612.335
1394,56.979,505.809,612.348
1395,56.965,505.899,612.361
1396,56.950,505.990,612.374
1397,56.935,506.081,612.388
1398,56.921,506.172,612.401
1399,56.906,506.263,612.414
1400,56.891,506.353,612.427
1401,56.876,506.444,612.441
1402,56.861,506.535,612.454
1403,56.847,506.626,612.467
1404,56.832,506.716,612.480
1405,56.817,506.807,612.494
1406,56.802,506.898,612.506
1407,56.787,506.988,612.520
1408,56.773,507.079,612.533
1409,56.758,507.170,612.546
1410,56.743,507.260,612.559
1411,56.728,507.351,612.573
1412,56.713,507.441,612.585
1413,56.698,507.532,612.599
1414,56.684,507.623,612.612
1415,56.669,507.713,612.625
1416,56.654,507.804,612.638
1417,56.639,507.894,612.652
1418,56.624,507.985,612.664
1419,56.609,508.075,612.678
1420,56.594,508.166,612.690
1421,56.579,508.256,612.704
1422,56.565,508.347,612.717
1423,56.550,508.437,612.730
1424,56.535,508.527,612.743
1425,56.520,508.618,612.756
1426,56.505,508.708,612.769
1427,56.490,508.799,612.783
1428,56.475,508.889,612.795
1429,56.460,508.979,612.809
1430,56.445,509.070,612.821
1431,56.430,509.160,612.835
1432,56.415,509.250,612.847
1433,56.400,509.341,612.861
1434,56.385,509.431,612.873
1435,56.370,509.521,612.887
1436,56.355,509.611,612.899
1437,56.340,509.702,612.913
1438,56.325,509.792,612.925
1439,56.310,509.882,612.939
1440,56.295,509.972,612.951
1441,56.280,510.063,612.965
1442,56.265,510.153,612.977
1443,56.250,510.243,612.991
1444,56.235,510.333,613.003
1445,56.220,510.423,613.017
1446,56.205,510.513,613.029
1447,56.190,510.604,613.043
1448,56.174,510.694,613.055
1449,56.159,510.784,613.069
1450,56.144,510.874,613.081
1451,56.129,510.964,613.094
1452,56.114,511.054,613.107
1453,56.099,511.144,613.120
1454,56.084,511.234,613.133
1455,56.069,511.324,613.146
1456,56.054,511.414,613.158
1457,56.038,511.504,613.172
1458,56.023,511.594,613.184
1459,56.008,511.684,613.198
1460,55.993,511.774,613.210
1461,55.978,511.864,613.223
1462,55.963,511.954,613.236
1463,55.947,512.044,613.249
1464,55.932,512.134,613.261
1465,55.917,512.224,613.275
1466,55.902,512.314,613.287
1467,55.887,512.403,613.301
1468,55.871,512.493,613.313
1469,55.856,512.583,613.326
1470,55.841,512.673,613.339
1471,55.826,512.763,613.352
1472,55.810,512.853,613.364
1473,55.795,512.943,613.378
1474,55.780,513.032,613.390
1475,55.764,513.122,613.403
1476,55.749,513.212,613.415
1477,55.734,513.302,613.429
1478,55.719,513.391,613.441
1479,55.703,513.481,613.454
1480,55.688,513.571,613.467
1481,55.673,513.661,613.480
1482,55.657,513.750,613.492
1483,55.642,513.840,613.505
1484,55.627,513.930,613.518
1485,55.611,514.019,613.531
1486,55.596,514.109,613.543
1487,55.581,514.199,613.557
1488,55.565,514.288,613.569
1489,55.550,514.378,613.582
1490,55.534,514.467,613.594
1491,55.519,514.557,613.607
1492,55.504,514.647,613.620
1493,55.488,514.736,613.633
1494,55.473,514.826,613.645
1495,55.457,514.915,613.658
1496,55.442,515.005,613.670
1497,55.427,515.094,613.684
1498,55.411,515.184,613.696
1499,55.396,515.273,613.709
1500,55.380,515.363,613.721
1501,55.365,515.452,613.735
1502,55.349,515.542,613.747
1503,55.334,515.631,613.760
1504,55.318,515.720,613.772
1505,55.303,515.810,613.785
1506,55.287,515.899,613.797
1507,55.272,515.989,613.811
1508,55.256,516.078,613.823
1509,55.241,516.167,613.836
1510,55.225,516.257,613.848
1511,55.210,516.346,613.861
1512,55.194,516.435,613.873
1513,55.179,516.525,613.886
1514,55.163,516.614,613.898
1515,55.147,516.703,613.912
1516,55.132,516.793,613.924
1517,55.116,516.882,613.937
1518,55.101,516.971,613.949
1519,55.085,517.060,613.962
1520,55.070,517.150,613.974
1521,55.054,517.239,613.987
1522,55.038,517.328,613.999
1523,55.023,517.417,614.012
1524,55.007,517.506,614.024
1525,54.991,517.595,614.038
1526,54.976,517.685,614.050
1527,54.960,517.774,614.063
1528,54.944,517.863,614.075
1529,54.929,517.952,614.088
1530,54.913,518.041,614.100
1531,54.897,518.130,614.113
1532,54.882,518.219,614.125
1533,54.866,518.308,614.138
1534,54.850,518.397,614.150
1535,54.834,518.486,614.163
1536,54.819,518.575,614.175
1537,54.803,518.664,614.188
1538,54.787,518.753,614.200
1539,54.771,518.842,614.213
1540,54.756,518.931,614.225
1541,54.740,519.020,614.238
1542,54.724,519.109,614.250
1543,54.708,519.198,614.263
1544,54.693,519.287,614.275
1545,54.677,519.375,614.288
1546,54.661,519.464,614.300
1547,54.645,519.553,614.313
1548,54.629,519.642,614.325
1549,54.614,519.731,614.338
1550,54.598,519.819,614.350
1551,54.582,519.908,614.363
1552,54.566,519.997,614.375
1553,54.550,520.086,614.388
1554,54.534,520.174,614.400
1555,54.518,520.263,614.413
1556,54.502,520.352,614.425
1557,54.487,520.440,614.438
1558,54.471,520.529,614.450
1559,54.455,520.618,614.463
1560,54.439,520.706,614.475
1561,54.423,520.795,614.488
1562,54.407,520.884,614.500
1563,54.391,520.972,614.513
1564,54.375,521.061,614.525
1565,54.359,521.149,614.538
1566,54.343,521.238,614.550
1567,54.327,521.326,614.563
1568,54.311,521.415,614.574
1569,54.295,521.503,614.587
1570,54.279,521.592,614.599
1571,54.263,521.680,614.612
1572,54.247,521.769,614.624
1573,54.231,521.857,614.637
1574,54.215,521.945,614.649
1575,54.199,522.034,614.662
1576,54.183,522.122,614.674
1577,54.167,522.210,614.687
1578,54.151,522.299,614.698
1579,54.135,522.387,614.711
1580,54.119,522.475,614.723
1581,54.103,522.564,614.736
1582,54.086,522.652,614.748
1583,54.070,522.740,614.761
1584,54.054,522.828,614.773
1585,54.038,522.916,614.786
1586,54.022,523.005,614.797
1587,54.006,523.093,614.810
1588,53.990,523.181,614.822
1589,53.973,523.269,614.835
1590,53.957,523.357,614.847
1591,53.941,523.445,614.860
1592,53.925,523.533,614.872
1593,53.909,523.621,614.884
1594,53.893,523.709,614.896
1595,53.876,523.797,614.909
1596,53.860,523.885,614.921
1597,53.844,523.973,614.934
1598,53.828,524.061,614.946
1599,53.811,524.149,614.958
1600,53.795,524.237,614.970
1601,53.779,524.325,614.983
1602,53.763,524.413,614.995
1603,53.746,524.501,615.008
1604,53.730,524.588,615.019
1605,53.714,524.676,615.032
1606,53.697,524.764,615.044
1607,53.681,524.852,615.057
1608,53.665,524.939,615.069
1609,53.648,525.027,615.081
1610,53.632,525.115,615.093
1611,53.616,525.203,615.106
1612,53.599,525.290,615.118
1613,53.583,525.378,615.131
1614,53.567,525.465,615.142
1615,53.550,525.553,615.155
1616,53.534,525.641,615.167
1617,53.517,525.728,615.180
1618,53.501,525.816,615.191
1619,53.484,525.903,615.204
1620,53.468,525.991,615.216
1621,53.452,526.078,615.229
1622,53.435,526.166,615.240
1623,53.419,526.253,615.253
1624,53.402,526.340,615.265
1625,53.386,526.428,615.278
1626,53.369,526.515,615.289
1627,53.353,526.602,615.302
1628,53.336,526.690,615.314
1629,53.320,526.777,615.327
1630,53.303,526.864,615.338
1631,53.287,526.951,615.351
1632,53.270,527.039,615.363
1633,53.254,527.126,615.376
1634,53.237,527.213,615.387
1635,53.220,527.300,615.400
1636,53.204,527.387,615.412
1637,53.187,527.474,615.424
1638,53.171,527.561,615.436
1639,53.154,527.648,615.449
1640,53.137,527.735,615.460
1641,53.121,527.822,615.473
1642,53.104,527.909,615.485
1643,53.088,527.996,615.498
1644,53.071,528.083,615.509
1645,53.054,528.170,615.522
1646,53.038,528.257,615.534
1647,53.021,528.344,615.546
1648,53.004,528.431,615.558
1649,52.988,528.517,615.571
1650,52.971,528.604,615.582
1651,52.954,528.691,615.595
1652,52.937,528.778,615.607
1653,52.921,528.864,615.619
1654,52.904,528.951,615.631
1655,52.887,529.038,615.644
1656,52.870,529.124,615.655
1657,52.854,529.211,615.668
1658,52.837,529.297,615.680
1659,52.820,529.384,615.692
1660,52.803,529.470,615.704
1661,52.786,529.557,615.717
1662,52.770,529.643,615.728
1663,52.753,529.730,615.741
1664,52.736,529.816,615.753
1665,52.719,529.902,615.765
1666,52.702,529.989,615.777
1667,52.685,530.075,615.790
1668,52.668,530.161,615.801
1669,52.652,530.248,615.814
1670,52.635,530.334,615.825
1671,52.618,530.420,615.838
1672,52.601,530.506,615.850
1673,52.584,530.592,615.862
1674,52.567,530.679,615.874
1675,52.550,530.765,615.887
1676,52.533,530.851,615.898
1677,52.516,530.937,615.911
1678,52.499,531.023,615.922
1679,52.482,531.109,615.935
1680,52.465,531.195,615.947
1681,52.448,531.281,615.959
1682,52.431,531.366,615.971
1683,52.414,531.452,615.983
1684,52.397,531.538,615.995
1685,52.380,531.624,616.008
1686,52.363,531.709,616.019
1687,52.346,531.795,616.032
1688,52.329,531.881,616.043
1689,52.312,531.967,616.056
1690,52.295,532.053,616.067
1691,52.278,532.138,616.080
1692,52.261,532.223,616.091
1693,52.244,532.308,616.104
1694,52.226,532.394,616.116
1695,52.209,532.480,616.128
1696,52.192,532.565,616.140
1697,52.175,532.651,616.152
1698,52.158,532.736,616.164
1699,52.141,532.821,616.176
1700,52.123,532.907,616.188
1701,52.106,532.992,616.200
1702,52.089,533.077,616.212
1703,52.072,533.162,616.224
1704,52.055,533.248,616.236
1705,52.037,533.333,616.248
1706,52.020,533.418,616.260
1707,52.003,533.504,616.273
1708,51.986,533.588,616.284
1709,51.968,533.674,616.296
1710,51.951,533.759,616.308
1711,51.934,533.843,616.321
1712,51.916,533.928,616.333
1713,51.899,534.013,616.345
1714,51.882,534.098,616.356
1715,51.864,534.183,616.368
1716,51.847,534.268,616.380
1717,51.830,534.353,616.392
1718,51.812,534.438,616.405
1719,51.795,534.522,616.417
1720,51.778,534.607,616.429
1721,51.760,534.691,616.441
1722,51.743,534.776,616.453
1723,51.725,534.861,616.464
1724,51.708,534.946,616.477
1725,51.690,535.030,616.488
1726,51.673,535.114,616.501
1727,51.656,535.199,616.512
1728,51.638,535.283,616.525
1729,51.621,535.368,616.536
1730,51.603,535.452,616.549
1731,51.586,535.537,616.561
1732,51.568,535.620,616.573
1733,51.551,535.705,616.585
1734,51.533,535.789,616.597
1735,51.516,535.873,616.608
1736,51.498,535.957,616.620
1737,51.480,536.041,616.632
1738,51.463,536.125,616.644
1739,51.445,536.209,616.656
1740,51.428,536.293,616.668
1741,51.410,536.377,616.680
1742,51.393,536.460,616.692
1743,51.375,536.545,616.704
1744,51.357,536.629,616.716
1745,51.340,536.713,616.728
1746,51.322,536.796,616.740
1747,51.304,536.880,616.752
1748,51.287,536.964,616.763
1749,51.269,537.047,616.776
1750,51.251,537.131,616.788
1751,51.234,537.215,616.800
1752,51.216,537.298,616.811
1753,51.198,537.381,616.824
1754,51.181,537.465,616.835
1755,51.163,537.548,616.847
1756,51.145,537.632,616.859
1757,51.127,537.715,616.871
1758,51.109,537.799,616.883
1759,51.092,537.882,616.894
1760,51.074,537.965,616.907
1761,51.056,538.048,616.918
1762,51.038,538.132,616.931
1763,51.021,538.214,616.942
1764,51.003,538.297,616.954
1765,50.985,538.381,616.966
1766,50.967,538.463,616.978
1767,50.949,538.546,616.990
1768,50.931,538.629,617.002
1769,50.913,538.713,617.014
1770,50.895,538.795,617.025
1771,50.878,538.878,617.038
1772,50.860,538.961,617.049
1773,50.842,539.043,617.062
1774,50.824,539.126,617.073
1775,50.806,539.209,617.085
1776,50.788,539.291,617.097
1777,50.770,539.373,617.109
1778,50.752,539.456,617.121
1779,50.734,539.539,617.133
1780,50.716,539.621,617.144
1781,50.698,539.703,617.157
1782,50.680,539.786,617.169
1783,50.662,539.869,617.180
1784,50.644,539.950,617.193
1785,50.626,540.032,617.204
1786,50.608,540.114,617.216
1787,50.590,540.197,617.228
1788,50.572,540.279,617.240
1789,50.554,540.361,617.252
1790,50.536,540.442,617.263
1791,50.518,540.524,617.275
1792,50.499,540.607,617.287
1793,50.481,540.689,617.299
1794,50.463,540.771,617.311
1795,50.445,540.852,617.323
1796,50.427,540.934,617.334
1797,50.409,541.016,617.346
1798,50.391,541.097,617.359
1799,50.372,541.179,617.370
1800,50.354,541.260,617.382
1801,50.336,541.342,617.394
1802,50.318,541.423,617.406
1803,50.300,541.505,617.417
1804,50.281,541.586,617.429
1805,50.263,541.668,617.441
1806,50.245,541.749,617.453
1807,50.227,541.830,617.465
1808,50.208,541.911,617.476
1809,50.190,541.993,617.488
1810,50.172,542.073,617.500
1811,50.153,542.154,617.512
1812,50.135,542.236,617.524
1813,50.117,542.317,617.536
1814,50.098,542.398,617.548
1815,50.080,542.478,617.559
1816,50.062,542.559,617.572
1817,50.043,542.639,617.583
1818,50.025,542.720,617.595
1819,50.007,542.801,617.607
1820,49.988,542.881,617.619
1821,49.970,542.963,617.630
1822,49.952,543.043,617.642
1823,49.933,543.123,617.654
1824,49.915,543.204,617.666
1825,49.896,543.284,617.678
1826,49.878,543.365,617.690
1827,49.859,543.445,617.701
1828,49.841,543.525,617.713
1829,49.822,543.606,617.725
1830,49.804,543.686,617.737
1831,49.785,543.766,617.748
1832,49.767,543.846,617.760
1833,49.748,543.926,617.772
1834,49.730,544.006,617.784
1835,49.711,544.086,617.796
1836,49.693,544.166,617.808
1837,49.674,544.246,617.819
1838,49.656,544.325,617.831
1839,49.637,544.405,617.843
1840,49.619,544.485,617.855
1841,49.600,544.564,617.866
1842,49.581,544.644,617.879
1843,49.563,544.724,617.890
1844,49.544,544.803,617.902
1845,49.526,544.883,617.913
1846,49.507,544.962,617.926
1847,49.488,545.041,617.937
1848,49.470,545.121,617.949
1849,49.451,545.200,617.961
1850,49.432,545.279,617.972
1851,49.414,545.358,617.985
1852,49.395,545.437,617.996
1853,49.376,545.516,618.008
1854,49.358,545.595,618.020
1855,49.339,545.674,618.031
1856,49.320,545.753,618.043
1857,49.301,545.832,618.055
1858,49.283,545.911,618.067
1859,49.264,545.989,618.079
1860,49.245,546.067,618.090
1861,49.226,546.146,618.102
1862,49.207,546.225,618.114
1863,49.189,546.303,618.126
1864,49.170,546.382,618.137
1865,49.151,546.460,618.149
1866,49.132,546.538,618.161
1867,49.113,546.616,618.173
1868,49.095,546.695,618.184
1869,49.076,546.773,618.196
1870,49.057,546.851,618.207
1871,49.038,546.929,618.220
1872,49.019,547.007,618.231
1873,49.000,547.085,618.243
1874,48.981,547.163,618.255
1875,48.963,547.241,618.266
1876,48.944,547.319,618.279
1877,48.925,547.397,618.290
1878,48.906,547.474,618.302
1879,48.887,547.552,618.314
1880,48.868,547.629,618.325
1881,48.849,547.707,618.337
1882,48.830,547.785,618.349
1883,48.811,547.862,618.360
1884,48.792,547.939,618.372
1885,48.773,548.017,618.384
1886,48.754,548.094,618.396
1887,48.735,548.171,618.407
1888,48.716,548.247,618.419
1889,48.697,548.325,618.431
1890,48.678,548.402,618.443
1891,48.659,548.478,618.454
1892,48.640,548.555,618.465
1893,48.621,548.632,618.478
1894,48.602,548.709,618.490
1895,48.583,548.785,618.501
1896,48.564,548.862,618.513
1897,48.545,548.939,618.524
1898,48.525,549.016,618.536
1899,48.506,549.092,618.548
1900,48.487,549.168,618.560
1901,48.468,549.245,618.572
1902,48.449,549.321,618.583
1903,48.430,549.397,618.595
1904,48.411,549.473,618.607
1905,48.392,549.549,618.618
1906,48.372,549.626,618.630
1907,48.353,549.702,618.641
1908,48.334,549.778,618.653
1909,48.315,549.854,618.665
1910,48.296,549.929,618.676
1911,48.276,550.005,618.688
1912,48.257,550.081,618.700
1913,48.238,550.156,618.711
1914,48.219,550.232,618.724
1915,48.200,550.307,618.735
1916,48.180,550.382,618.747
1917,48.161,550.458,618.759
1918,48.142,550.534,618.770
1919,48.123,550.609,618.782
1920,48.103,550.684,618.794
1921,48.084,550.759,618.806
1922,48.065,550.835,618.818
1923,48.045,550.909,618.829
1924,48.026,550.985,618.840
1925,48.007,551.059,618.852
1926,47.988,551.134,618.864
1927,47.968,551.209,618.876
1928,47.949,551.284,618.888
1929,47.929,551.358,618.899
1930,47.910,551.433,618.910
1931,47.891,551.507,618.922
1932,47.871,551.582,618.934
1933,47.852,551.655,618.945
1934,47.833,551.731,618.957
1935,47.813,551.805,618.969
1936,47.794,551.879,618.981
1937,47.775,551.953,618.993
1938,47.755,552.026,619.004
1939,47.736,552.101,619.016
1940,47.716,552.174,619.028
1941,47.697,552.249,619.039
1942,47.678,552.321,619.050
1943,47.658,552.396,619.063
1944,47.639,552.469,619.074
1945,47.619,552.543,619.085
1946,47.600,552.616,619.098
1947,47.580,552.690,619.109
1948,47.561,552.764,619.121
1949,47.541,552.837,619.132
1950,47.522,552.910,619.144
1951,47.502,552.983,619.156
1952,47.483,553.056,619.167
1953,47.463,553.129,619.179
1954,47.444,553.202,619.190
1955,47.424,553.276,619.202
1956,47.405,553.348,619.213
1957,47.385,553.421,619.226
1958,47.366,553.494,619.237
1959,47.346,553.566,619.249
1960,47.327,553.639,619.260
1961,47.307,553.711,619.272
1962,47.287,553.784,619.284
1963,47.268,553.857,619.295
1964,47.248,553.929,619.307
1965,47.229,554.000,619.319
1966,47.209,554.073,619.330
1967,47.190,554.145,619.341
1968,47.170,554.217,619.354
1969,47.150,554.289,619.365
1970,47.131,554.361,619.376
1971,47.111,554.433,619.389
1972,47.092,554.504,619.400
1973,47.072,554.576,619.411
1974,47.052,554.647,619.424
1975,47.033,554.719,619.435
1976,47.013,554.791,619.446
1977,46.993,554.862,619.459
1978,46.974,554.933,619.469
1979,46.954,555.004,619.481
1980,46.934,555.075,619.493
1981,46.915,555.147,619.505
1982,46.895,555.218,619.516
1983,46.875,555.288,619.528
1984,46.856,555.360,619.539
1985,46.836,555.430,619.551
1986,46.816,555.501,619.563
1987,46.797,555.571,619.574
1988,46.777,555.642,619.586
1989,46.757,555.713,619.598
1990,46.738,555.782,619.609
1991,46.718,555.853,619.621
1992,46.698,555.923,619.632
1993,46.678,555.993,619.644
1994,46.658,556.064,619.656
1995,46.639,556.134,619.667
1996,46.619,556.204,619.679
1997,46.599,556.273,619.690
1998,46.580,556.343,619.702
1999,46.560,556.413,619.713
2000,46.540,556.482,619.725
2001,46.520,556.552,619.737
2002,46.501,556.622,619.748
2003,46.481,556.691,619.760
2004,46.461,556.760,619.771
2005,46.441,556.829,619.783
2006,46.421,556.899,619.794
2007,46.402,556.967,619.806
2008,46.382,557.037,619.818
2009,46.362,557.106,619.829
2010,46.342,557.175,619.841
2011,46.322,557.243,619.853
2012,46.303,557.312,619.864
2013,46.283,557.380,619.875
2014,46.263,557.449,619.887
2015,46.243,557.518,619.899
2016,46.223,557.586,619.910
2017,46.203,557.654,619.922
2018,46.184,557.723,619.933
2019,46.164,557.791,619.945
2020,46.144,557.859,619.957
2021,46.124,557.926,619.969
2022,46.104,557.995,619.980
2023,46.084,558.063,619.991
2024,46.064,558.130,620.003
2025,46.045,558.198,620.015
2026,46.025,558.266,620.026
2027,46.005,558.333,620.038
2028,45.985,558.400,620.049
2029,45.965,558.468,620.061
2030,45.945,558.535,620.073
2031,45.925,558.602,620.084
2032,45.906,558.670,620.095
2033,45.886,558.736,620.107
2034,45.866,558.803,620.118
2035,45.846,558.870,620.130
2036,45.826,558.936,620.142
2037,45.806,559.004,620.153
2038,45.786,559.070,620.164
2039,45.766,559.137,620.176
2040,45.746,559.203,620.188
2041,45.726,559.269,620.199
2042,45.706,559.336,620.211
2043,45.687,559.402,620.222
2044,45.667,559.468,620.234
2045,45.647,559.533,620.246
2046,45.627,559.600,620.257
2047,45.607,559.666,620.269
2048,45.587,559.731,620.280
2049,45.567,559.797,620.292
2050,45.547,559.863,620.304
2051,45.527,559.928,620.315
2052,45.507,559.993,620.326
2053,45.487,560.059,620.338
2054,45.467,560.124,620.349
2055,45.447,560.189,620.361
2056,45.428,560.253,620.373
2057,45.408,560.319,620.384
2058,45.388,560.384,620.395
2059,45.368,560.449,620.407
2060,45.348,560.513,620.418
2061,45.328,560.578,620.430
2062,45.308,560.643,620.441
2063,45.288,560.706,620.453
2064,45.268,560.771,620.465
2065,45.248,560.836,620.477
2066,45.228,560.899,620.488
2067,45.208,560.963,620.499
2068,45.188,561.027,620.511
2069,45.168,561.091,620.522
2070,45.148,561.155,620.533
2071,45.128,561.219,620.545
2072,45.108,561.282,620.557
2073,45.088,561.346,620.568
2074,45.068,561.410,620.580
2075,45.048,561.472,620.592
2076,45.028,561.536,620.602
2077,45.008,561.599,620.614
2078,44.988,561.662,620.625
2079,44.968,561.725,620.637
2080,44.948,561.788,620.649
2081,44.928,561.851,620.660
2082,44.908,561.914,620.672
2083,44.888,561.976,620.683
2084,44.868,562.039,620.695
2085,44.849,562.101,620.706
2086,44.828,562.163,620.717
2087,44.808,562.226,620.729
2088,44.788,562.288,620.741
2089,44.768,562.350,620.752
2090,44.748,562.412,620.763
2091,44.729,562.474,620.775
2092,44.709,562.535,620.786
2093,44.689,562.597,620.798
2094,44.669,562.658,620.809
2095,44.649,562.720,620.821
2096,44.629,562.781,620.832
2097,44.609,562.843,620.843
2098,44.589,562.904,620.855
2099,44.569,562.965,620.866
2100,44.549,563.026,620.878
2101,44.529,563.087,620.890
2102,44.509,563.148,620.901
2103,44.489,563.209,620.912
2104,44.469,563.269,620.924
2105,44.449,563.330,620.935
2106,44.429,563.390,620.946
2107,44.409,563.451,620.958
2108,44.389,563.511,620.969
2109,44.369,563.571,620.981
2110,44.349,563.631,620.992
2111,44.329,563.691,621.003
2112,44.309,563.751,621.015
2113,44.289,563.810,621.026
2114,44.269,563.870,621.038
2115,44.249,563.930,621.049
2116,44.229,563.989,621.061
2117,44.209,564.048,621.072
2118,44.189,564.108,621.084
2119,44.169,564.167,621.095
2120,44.149,564.226,621.107
2121,44.129,564.285,621.117
2122,44.109,564.344,621.129
2123,44.089,564.403,621.141
2124,44.069,564.461,621.152
2125,44.049,564.520,621.163
2126,44.029,564.579,621.175
2127,44.009,564.637,621.186
2128,43.989,564.695,621.198
2129,43.969,564.754,621.209
2130,43.949,564.812,621.220
2131,43.930,564.869,621.232
2132,43.910,564.927,621.243
2133,43.890,564.985,621.254
2134,43.870,565.043,621.266
2135,43.850,565.100,621.277
2136,43.830,565.158,621.289
2137,43.810,565.215,621.300
2138,43.790,565.273,621.311
2139,43.770,565.330,621.323
2140,43.750,565.387,621.334
2141,43.730,565.443,621.346
2142,43.710,565.500,621.357
2143,43.690,565.557,621.368
2144,43.670,565.614,621.380
2145,43.650,565.671,621.391
2146,43.630,565.727,621.402
2147,43.610,565.784,621.413
2148,43.591,565.840,621.425
2149,43.571,565.896,621.436
2150,43.551,565.952,621.447
2151,43.531,566.008,621.459
2152,43.511,566.064,621.471
2153,43.491,566.120,621.481
2154,43.471,566.175,621.493
2155,43.451,566.231,621.504
2156,43.431,566.286,621.516
2157,43.411,566.342,621.526
2158,43.391,566.397,621.538
2159,43.372,566.453,621.550
2160,43.352,566.507,621.561
2161,43.332,566.563,621.572
2162,43.312,566.617,621.583
2163,43.292,566.672,621.595
2164,43.272,566.727,621.606
2165,43.252,566.781,621.617
2166,43.232,566.835,621.629
2167,43.212,566.890,621.640
2168,43.193,566.944,621.651
2169,43.173,566.998,621.662
2170,43.153,567.052,621.673
2171,43.133,567.106,621.685
2172,43.113,567.160,621.696
2173,43.093,567.214,621.708
2174,43.073,567.268,621.719
2175,43.054,567.321,621.730
2176,43.034,567.374,621.741
2177,43.014,567.428,621.752
2178,42.994,567.481,621.764
2179,42.974,567.534,621.775
2180,42.954,567.587,621.786
2181,42.935,567.640,621.797
2182,42.915,567.693,621.809
2183,42.895,567.745,621.820
2184,42.875,567.798,621.831
2185,42.855,567.851,621.842
2186,42.836,567.903,621.853
2187,42.816,567.955,621.865
2188,42.796,568.007,621.876
2189,42.776,568.060,621.887
2190,42.756,568.111,621.899
2191,42.736,568.163,621.910
2192,42.717,568.215,621.921
2193,42.697,568.267,621.932
2194,42.677,568.319,621.944
2195,42.657,568.370,621.955
2196,42.638,568.421,621.966
2197,42.618,568.472,621.977
2198,42.598,568.524,621.988
2199,42.578,568.575,621.999
2200,42.559,568.625,622.010
2201,42.539,568.677,622.022
2202,42.519,568.727,622.033
2203,42.499,568.778,622.044
2204,42.479,568.828,622.055
2205,42.460,568.879,622.066
2206,42.440,568.929,622.078
2207,42.420,568.980,622.089
2208,42.401,569.029,622.100
2209,42.381,569.079,622.111
2210,42.361,569.129,622.122
2211,42.341,569.179,622.134
2212,42.322,569.229,622.144
2213,42.302,569.278,622.155
2214,42.282,569.328,622.167
2215,42.263,569.377,622.178
2216,42.243,569.426,622.189
2217,42.223,569.475,622.200
2218,42.204,569.524,622.211
2219,42.184,569.573,622.222
2220,42.164,569.622,622.234
2221,42.145,569.671,622.245
2222,42.125,569.720,622.255
2223,42.105,569.768,622.267
2224,42.086,569.817,622.278
2225,42.066,569.865,622.289
2226,42.046,569.913,622.300
2227,42.027,569.961,622.311
2228,42.007,570.009,622.323
2229,41.987,570.058,622.333
2230,41.968,570.106,622.344
2231,41.948,570.153,622.355
2232,41.929,570.201,622.367
2233,41.909,570.248,622.377
2234,41.889,570.295,622.388
2235,41.870,570.343,622.399
2236,41.850,570.390,622.411
2237,41.831,570.437,622.422
2238,41.811,570.484,622.432
2239,41.792,570.530,622.443
2240,41.772,570.578,622.455
2241,41.753,570.624,622.466
2242,41.733,570.670,622.477
2243,41.713,570.717,622.488
2244,41.694,570.764,622.498
2245,41.674,570.810,622.510
2246,41.655,570.856,622.521
2247,41.635,570.902,622.532
2248,41.616,570.949,622.543
2249,41.596,570.994,622.554
2250,41.577,571.040,622.565
2251,41.557,571.086,622.575
2252,41.538,571.131,622.586
2253,41.518,571.176,622.597
2254,41.499,571.222,622.608
2255,41.479,571.267,622.619
2256,41.460,571.313,622.631
2257,41.440,571.357,622.641
2258,41.421,571.402,622.652
2259,41.401,571.447,622.664
2260,41.382,571.492,622.675
2261,41.362,571.537,622.685
2262,41.343,571.582,622.696
2263,41.324,571.625,622.707
2264,41.304,571.671,622.718
2265,41.285,571.714,622.729
2266,41.265,571.758,622.740
2267,41.246,571.802,622.751
2268,41.227,571.846,622.762
2269,41.207,571.890,622.773
2270,41.188,571.934,622.784
2271,41.168,571.978,622.795
2272,41.149,572.021,622.805
2273,41.130,572.064,622.816
2274,41.110,572.108,622.827
2275,41.091,572.151,622.838
2276,41.071,572.195,622.849
2277,41.052,572.237,622.860
2278,41.033,572.280,622.871
2279,41.013,572.324,622.881
2280,40.994,572.366,622.892
2281,40.975,572.409,622.903
2282,40.955,572.452,622.914
2283,40.936,572.493,622.924
2284,40.917,572.536,622.935
2285,40.897,572.579,622.946
2286,40.878,572.621,622.957
2287,40.859,572.663,622.968
2288,40.840,572.705,622.979
2289,40.820,572.747,622.990
2290,40.801,572.788,623.000
2291,40.782,572.830,623.011
2292,40.763,572.872,623.022
2293,40.743,572.913,623.032
2294,40.724,572.955,623.043
2295,40.705,572.996,623.054
2296,40.686,573.037,623.065
2297,40.666,573.078,623.076
2298,40.647,573.119,623.086
2299,40.628,573.160,623.097
2300,40.609,573.201,623.107
2301,40.590,573.242,623.119
2302,40.570,573.282,623.130
2303,40.551,573.323,623.140
2304,40.532,573.363,623.150
2305,40.513,573.403,623.161
2306,40.494,573.444,623.172
2307,40.474,573.484,623.183
2308,40.455,573.524,623.193
2309,40.436,573.564,623.204
2310,40.417,573.604,623.214
2311,40.398,573.644,623.225
2312,40.379,573.683,623.236
2313,40.360,573.723,623.247
2314,40.341,573.763,623.257
2315,40.321,573.802,623.268
2316,40.302,573.841,623.278
2317,40.283,573.880,623.289
2318,40.264,573.919,623.300
2319,40.245,573.958,623.311
2320,40.226,573.997,623.321
2321,40.207,574.037,623.332
2322,40.188,574.076,623.342
2323,40.169,574.114,623.353
2324,40.150,574.152,623.363
2325,40.131,574.191,623.374
2326,40.112,574.229,623.385
2327,40.093,574.268,623.395
2328,40.074,574.306,623.406
2329,40.055,574.344,623.416
2330,40.036,574.382,623.427
2331,40.017,574.420,623.438
2332,39.998,574.458,623.449
2333,39.979,574.496,623.459
2334,39.960,574.533,623.469
2335,39.941,574.571,623.480
2336,39.922,574.608,623.491
2337,39.903,574.646,623.501
2338,39.884,574.683,623.511
2339,39.865,574.721,623.522
2340,39.846,574.757,623.533
2341,39.827,574.795,623.543
2342,39.808,574.831,623.553
2343,39.789,574.869,623.564
2344,39.771,574.905,623.575
2345,39.752,574.942,623.585
2346,39.733,574.978,623.595
2347,39.714,575.015,623.606
2348,39.695,575.051,623.616
2349,39.676,575.088,623.627
2350,39.657,575.124,623.638
2351,39.638,575.160,623.648
2352,39.620,575.196,623.658
2353,39.601,575.232,623.668
2354,39.582,575.268,623.679
2355,39.563,575.304,623.690
2356,39.544,575.340,623.700
2357,39.525,575.376,623.710
2358,39.507,575.412,623.721
2359,39.488,575.447,623.731
2360,39.469,575.482,623.741
2361,39.450,575.517,623.752
2362,39.432,575.553,623.762
2363,39.413,575.588,623.773
2364,39.394,575.623,623.783
2365,39.375,575.658,623.794
2366,39.357,575.693,623.804
2367,39.338,575.728,623.814
2368,39.319,575.763,623.824
2369,39.300,575.797,623.834
2370,39.282,575.832,623.845
2371,39.263,575.866,623.855
2372,39.244,575.901,623.866
2373,39.226,575.935,623.876
2374,39.207,575.969,623.886
2375,39.188,576.004,623.897
2376,39.170,576.038,623.907
2377,39.151,576.072,623.917
2378,39.132,576.105,623.928
2379,39.114,576.140,623.938
2380,39.095,576.173,623.948
2381,39.076,576.207,623.959
2382,39.058,576.240,623.969
2383,39.039,576.275,623.979
2384,39.021,576.308,623.990
2385,39.002,576.341,624.000
2386,38.983,576.375,624.010
2387,38.965,576.408,624.020
2388,38.946,576.441,624.030
2389,38.928,576.474,624.041
2390,38.909,576.507,624.051
2391,38.891,576.540,624.061
2392,38.872,576.573,624.071
2393,38.854,576.605,624.081
2394,38.835,576.639,624.091
2395,38.817,576.671,624.102
2396,38.798,576.703,624.112
2397,38.779,576.736,624.122
2398,38.761,576.768,624.132
2399,38.742,576.801,624.142
2400,38.724,576.833,624.152
2401,38.706,576.865,624.162
2402,38.687,576.897,624.172
2403,38.669,576.929,624.182
2404,38.650,576.961,624.192
2405,38.632,576.993,624.202
2406,38.613,577.025,624.212
2407,38.595,577.057,624.223
2408,38.576,577.088,624.233
2409,38.558,577.120,624.243
2410,38.540,577.151,624.253
2411,38.521,577.183,624.263
2412,38.503,577.214,624.273
2413,38.485,577.245,624.283
2414,38.466,577.277,624.293
2415,38.448,577.308,624.303
2416,38.429,577.339,624.313
2417,38.411,577.370,624.324
2418,38.393,577.401,624.334
2419,38.374,577.432,624.344
2420,38.356,577.463,624.354
2421,38.338,577.494,624.364
2422,38.319,577.524,624.373
2423,38.301,577.555,624.384
2424,38.283,577.585,624.394
2425,38.265,577.616,624.404
2426,38.246,577.646,624.413
2427,38.228,577.677,624.423
2428,38.210,577.706,624.433
2429,38.192,577.737,624.444
2430,38.173,577.767,624.454
2431,38.155,577.797,624.463
2432,38.137,577.827,624.473
2433,38.119,577.857,624.483
2434,38.100,577.887,624.493
2435,38.082,577.916,624.503
2436,38.064,577.947,624.513
2437,38.046,577.976,624.523
2438,38.028,578.006,624.533
2439,38.009,578.035,624.543
2440,37.991,578.064,624.552
2441,37.973,578.094,624.562
2442,37.955,578.124,624.572
2443,37.937,578.153,624.583
2444,37.919,578.182,624.592
2445,37.901,578.211,624.602
2446,37.883,578.240,624.612
2447,37.864,578.269,624.622
2448,37.846,578.298,624.632
2449,37.828,578.327,624.641
2450,37.810,578.355,624.652
2451,37.792,578.384,624.661
2452,37.774,578.413,624.671
2453,37.756,578.442,624.680
2454,37.738,578.470,624.690
2455,37.720,578.499,624.700
2456,37.702,578.527,624.710
2457,37.684,578.556,624.720
2458,37.666,578.584,624.730
2459,37.648,578.613,624.739
2460,37.630,578.640,624.749
2461,37.612,578.669,624.759
2462,37.594,578.697,624.768
2463,37.576,578.725,624.779
2464,37.558,578.752,624.788
2465,37.540,578.781,624.798
2466,37.522,578.809,624.808
2467,37.504,578.836,624.817
2468,37.486,578.864,624.827
2469,37.468,578.892,624.837
2470,37.450,578.919,624.846
2471,37.432,578.947,624.856
2472,37.414,578.974,624.866
2473,37.396,579.002,624.875
2474,37.379,579.029,624.885
2475,37.361,579.056,624.895
2476,37.343,579.084,624.904
2477,37.325,579.111,624.915
2478,37.307,579.138,624.924
2479,37.289,579.166,624.934
2480,37.271,579.192,624.943
2481,37.253,579.219,624.952
2482,37.236,579.246,624.962
2483,37.218,579.273,624.972
2484,37.200,579.300,624.982
2485,37.182,579.327,624.991
2486,37.164,579.353,625.001
2487,37.147,579.380,625.010
2488,37.129,579.407,625.020
2489,37.111,579.433,625.030
2490,37.093,579.460,625.039
2491,37.076,579.487,625.049
2492,37.058,579.513,625.058
2493,37.040,579.539,625.068
2494,37.022,579.565,625.077
2495,37.005,579.591,625.087
2496,36.987,579.618,625.096
2497,36.969,579.644,625.106
2498,36.952,579.670,625.115
2499,36.934,579.696,625.125
2500,36.916,579.723,625.135
2501,36.899,579.748,625.144
2502,36.881,579.774,625.154
2503,36.863,579.800,625.163
2504,36.846,579.826,625.173
2505,36.828,579.852,625.182
2506,36.810,579.877,625.191
2507,36.793,579.902,625.201
2508,36.775,579.928,625.211
2509,36.757,579.954,625.220
2510,36.740,579.979,625.229
2511,36.722,580.005,625.239
2512,36.705,580.030,625.248
2513,36.687,580.056,625.258
2514,36.670,580.081,625.267
2515,36.652,580.106,625.276
2516,36.634,580.131,625.286
2517,36.617,580.156,625.296
2518,36.599,580.182,625.305
2519,36.582,580.206,625.315
2520,36.564,580.232,625.324
2521,36.547,580.256,625.333
2522,36.529,580.281,625.342
2523,36.512,580.306,625.352
2524,36.494,580.331,625.362
2525,36.477,580.355,625.371
2526,36.459,580.380,625.380
2527,36.442,580.405,625.389
2528,36.424,580.430,625.399
2529,36.407,580.454,625.408
2530,36.390,580.479,625.418
2531,36.372,580.504,625.427
2532,36.355,580.528,625.436
2533,36.337,580.553,625.445
2534,36.320,580.577,625.455
2535,36.302,580.601,625.464
2536,36.285,580.625,625.473
2537,36.268,580.650,625.483
2538,36.250,580.673,625.492
2539,36.233,580.699,625.501
2540,36.216,580.722,625.510
2541,36.198,580.746,625.520
2542,36.181,580.770,625.529
2543,36.164,580.794,625.538
2544,36.146,580.818,625.548
2545,36.129,580.842,625.557
2546,36.112,580.866,625.566
2547,36.094,580.890,625.576
2548,36.077,580.914,625.584
2549,36.060,580.938,625.594
2550,36.042,580.961,625.603
2551,36.025,580.985,625.612
2552,36.008,581.008,625.622
2553,35.991,581.032,625.631
2554,35.973,581.056,625.640
2555,35.956,581.079,625.649
2556,35.939,581.103,625.659
2557,35.922,581.126,625.668
2558,35.904,581.150,625.677
2559,35.887,581.173,625.686
2560,35.870,581.196,625.696
2561,35.853,581.219,625.704
2562,35.836,581.243,625.713
2563,35.818,581.266,625.722
2564,35.801,581.289,625.732
2565,35.784,581.312,625.741
2566,35.767,581.336,625.750
2567,35.750,581.358,625.759
2568,35.733,581.381,625.768
2569,35.716,581.405,625.777
2570,35.698,581.427,625.787
2571,35.681,581.450,625.796
2572,35.664,581.473,625.805
2573,35.647,581.496,625.814
2574,35.630,581.518,625.823
2575,35.613,581.542,625.832
2576,35.596,581.564,625.841
2577,35.579,581.587,625.850
2578,35.562,581.609,625.859
2579,35.545,581.632,625.868
2580,35.528,581.655,625.878
2581,35.511,581.677,625.887
2582,35.494,581.700,625.896
2583,35.476,581.722,625.905
2584,35.459,581.744,625.914
2585,35.442,581.767,625.923
2586,35.426,581.789,625.932
2587,35.408,581.812,625.941
2588,35.391,581.834,625.950
2589,35.374,581.856,625.959
2590,35.358,581.878,625.968
2591,35.341,581.901,625.977
2592,35.324,581.923,625.986
2593,35.307,581.945,625.995
2594,35.290,581.967,626.004
2595,35.273,581.989,626.013
2596,35.256,582.011,626.022
2597,35.239,582.033,626.031
2598,35.222,582.055,626.040
2599,35.205,582.078,626.049
2600,35.188,582.099,626.058
2601,35.171,582.121,626.067
2602,35.155,582.143,626.076
2603,35.138,582.165,626.085
2604,35.121,582.186,626.094
2605,35.104,582.208,626.103
2606,35.087,582.230,626.111
2607,35.070,582.252,626.120
2608,35.053,582.274,626.129
2609,35.037,582.296,626.139
2610,35.020,582.317,626.148
2611,35.003,582.338,626.156
2612,34.986,582.360,626.165
2613,34.969,582.382,626.174
2614,34.953,582.403,626.183
2615,34.936,582.425,626.192
2616,34.919,582.446,626.201
2617,34.902,582.467,626.209
2618,34.886,582.489,626.219
2619,34.869,582.510,626.228
2620,34.852,582.531,626.237
2621,34.835,582.553,626.245
2622,34.819,582.574,626.254
2623,34.802,582.596,626.263
2624,34.785,582.617,626.272
2625,34.769,582.638,626.280
2626,34.752,582.659,626.290
2627,34.735,582.680,626.299
2628,34.718,582.701,626.307
2629,34.702,582.722,626.316
2630,34.685,582.744,626.325
2631,34.668,582.765,626.334
2632,34.652,582.786,626.343
2633,34.635,582.807,626.352
2634,34.619,582.828,626.360
2635,34.602,582.848,626.369
2636,34.585,582.870,626.378
2637,34.569,582.890,626.386
2638,34.552,582.911,626.396
2639,34.535,582.932,626.404
2640,34.519,582.953,626.413
2641,34.502,582.974,626.422
2642,34.486,582.994,626.430
2643,34.469,583.015,626.440
2644,34.453,583.035,626.448
2645,34.436,583.057,626.457
2646,34.419,583.077,626.466
2647,34.403,583.098,626.474
2648,34.386,583.118,626.484
2649,34.370,583.139,626.492
2650,34.353,583.160,626.501
2651,34.337,583.180,626.509
2652,34.320,583.201,626.518
2653,34.304,583.221,626.527
2654,34.287,583.242,626.536
2655,34.271,583.262,626.544
2656,34.254,583.283,626.553
2657,34.238,583.303,626.562
2658,34.222,583.323,626.571
2659,34.205,583.344,626.579
2660,34.189,583.364,626.588
2661,34.172,583.384,626.597
2662,34.156,583.405,626.606
2663,34.139,583.425,626.614
2664,34.123,583.446,626.623
2665,34.107,583.466,626.632
2666,34.090,583.486,626.640
2667,34.074,583.506,626.649
2668,34.057,583.526,626.657
2669,34.041,583.546,626.667
2670,34.025,583.567,626.675
2671,34.008,583.586,626.684
2672,33.992,583.607,626.693
2673,33.976,583.627,626.701
2674,33.959,583.646,626.710
2675,33.943,583.667,626.718
2676,33.927,583.687,626.727
2677,33.910,583.707,626.736
2678,33.894,583.727,626.744
2679,33.878,583.747,626.753
2680,33.861,583.767,626.762
2681,33.845,583.787,626.770
2682,33.829,583.807,626.779
2683,33.812,583.827,626.787
2684,33.796,583.846,626.796
2685,33.780,583.866,626.805
2686,33.764,583.886,626.813
2687,33.747,583.906,626.822
2688,33.731,583.926,626.830
2689,33.715,583.946,626.839
2690,33.699,583.965,626.848
2691,33.683,583.985,626.856
2692,33.666,584.005,626.865
2693,33.650,584.024,626.874
2694,33.634,584.044,626.882
2695,33.618,584.064,626.891
2696,33.601,584.084,626.899
2697,33.585,584.103,626.908
2698,33.569,584.123,626.916
2699,33.553,584.142,626.925
2700,33.537,584.162,626.934
2701,33.521,584.182,626.942
2702,33.505,584.201,626.950
2703,33.488,584.221,626.959
2704,33.472,584.240,626.968
2705,33.456,584.260,626.976
2706,33.440,584.280,626.985
2707,33.424,584.298,626.993
2708,33.408,584.318,627.002
2709,33.392,584.338,627.010
2710,33.376,584.357,627.019
2711,33.360,584.377,627.027
2712,33.344,584.395,627.036
2713,33.327,584.415,627.045
2714,33.311,584.435,627.053
2715,33.295,584.454,627.061
2716,33.279,584.474,627.070
2717,33.263,584.492,627.079
2718,33.247,584.512,627.087
2719,33.231,584.531,627.096
2720,33.215,584.551,627.104
2721,33.199,584.570,627.113
2722,33.183,584.590,627.121
2723,33.167,584.608,627.130
2724,33.151,584.627,627.138
2725,33.135,584.647,627.146
2726,33.119,584.666,627.155
2727,33.103,584.685,627.163
2728,33.087,584.705,627.172
2729,33.071,584.723,627.180
2730,33.055,584.743,627.189
2731,33.039,584.761,627.197
2732,33.023,584.781,627.206
2733,33.008,584.800,627.214
2734,32.992,584.819,627.223
2735,32.976,584.838,627.231
2736,32.960,584.857,627.240
2737,32.944,584.876,627.249
2738,32.928,584.896,627.256
2739,32.912,584.915,627.265
2740,32.896,584.934,627.273
2741,32.880,584.952,627.282
2742,32.864,584.971,627.290
2743,32.849,584.990,627.299
2744,32.833,585.009,627.307
2745,32.817,585.028,627.316
2746,32.801,585.047,627.324
2747,32.785,585.066,627.333
2748,32.769,585.085,627.341
2749,32.754,585.104,627.350
2750,32.738,585.123,627.358
2751,32.722,585.141,627.367
2752,32.706,585.160,627.374
2753,32.690,585.179,627.383
2754,32.675,585.198,627.391
2755,32.659,585.217,627.400
2756,32.643,585.236,627.408
2757,32.627,585.255,627.417
2758,32.612,585.273,627.425
2759,32.596,585.292,627.434
2760,32.580,585.311,627.442
2761,32.564,585.330,627.451
2762,32.549,585.348,627.458
2763,32.533,585.368,627.467
2764,32.517,585.387,627.475
2765,32.501,585.405,627.484
2766,32.486,585.424,627.492
2767,32.470,585.443,627.501
2768,32.454,585.461,627.509
2769,32.439,585.480,627.517
2770,32.423,585.499,627.526
2771,32.407,585.517,627.534
2772,32.391,585.536,627.543
2773,32.376,585.554,627.550
2774,32.360,585.574,627.559
2775,32.345,585.592,627.568
2776,32.329,585.611,627.576
2777,32.313,585.629,627.584
2778,32.298,585.648,627.593
2779,32.282,585.666,627.601
2780,32.266,585.685,627.609
2781,32.251,585.704,627.618
2782,32.235,585.723,627.626
2783,32.220,585.741,627.634
2784,32.204,585.759,627.643
2785,32.188,585.778,627.651
2786,32.173,585.796,627.659
2787,32.157,585.815,627.668
2788,32.142,585.834,627.676
2789,32.126,585.852,627.684
2790,32.110,585.871,627.693
2791,32.095,585.889,627.701
2792,32.080,585.908,627.709
2793,32.064,585.927,627.718
2794,32.048,585.945,627.725
2795,32.033,585.963,627.734
2796,32.017,585.981,627.743
2797,32.002,586.000,627.750
2798,31.986,586.019,627.759
2799,31.971,586.037,627.768
2800,31.955,586.055,627.776
2801,31.940,586.074,627.784
2802,31.924,586.092,627.792
2803,31.909,586.111,627.801
2804,31.893,586.129,627.809
2805,31.878,586.148,627.817
2806,31.863,586.166,627.826
2807,31.847,586.184,627.834
2808,31.832,586.203,627.842
2809,31.816,586.221,627.850
2810,31.801,586.240,627.859
2811,31.785,586.258,627.867
2812,31.770,586.277,627.875
2813,31.754,586.295,627.884
2814,31.739,586.313,627.892
2815,31.724,586.332,627.900
2816,31.708,586.350,627.908
2817,31.693,586.368,627.917
2818,31.678,586.387,627.925
2819,31.662,586.405,627.933
2820,31.647,586.423,627.941
2821,31.631,586.442,627.950
2822,31.616,586.460,627.958
2823,31.601,586.479,627.966
2824,31.585,586.497,627.974
2825,31.570,586.515,627.983
2826,31.555,586.533,627.990
2827,31.539,586.551,627.999
2828,31.524,586.570,628.008
2829,31.509,586.588,628.016
2830,31.493,586.606,628.024
2831,31.478,586.625,628.032
2832,31.463,586.643,628.040
2833,31.448,586.661,628.049
2834,31.432,586.679,628.057
2835,31.417,586.698,628.065
2836,31.402,586.716,628.073
2837,31.386,586.734,628.082
2838,31.371,586.752,628.090
2839,31.356,586.771,628.098
2840,31.341,586.788,628.106
2841,31.326,586.807,628.115
2842,31.310,586.825,628.123
2843,31.295,586.844,628.131
2844,31.280,586.861,628.139
2845,31.265,586.880,628.148
2846,31.249,586.898,628.156
2847,31.234,586.916,628.164
2848,31.219,586.934,628.172
2849,31.204,586.953,628.180
2850,31.189,586.971,628.189
2851,31.173,586.989,628.197
2852,31.158,587.008,628.205
2853,31.143,587.025,628.213
2854,31.128,587.044,628.221
2855,31.113,587.062,628.230
2856,31.098,587.080,628.238
2857,31.082,587.099,628.246
2858,31.067,587.116,628.254
2859,31.052,587.135,628.262
2860,31.037,587.152,628.271
2861,31.022,587.171,628.279
2862,31.007,587.189,628.287
2863,30.992,587.207,628.296
2864,30.977,587.226,628.303
2865,30.962,587.243,628.312
2866,30.946,587.262,628.320
2867,30.931,587.280,628.328
2868,30.916,587.298,628.337
2869,30.901,587.316,628.345
2870,30.886,587.334,628.352
2871,30.871,587.352,628.361
2872,30.856,587.371,628.369
2873,30.841,587.389,628.377
2874,30.826,587.407,628.386
2875,30.811,587.425,628.394
2876,30.796,587.443,628.402
2877,30.781,587.461,628.410
2878,30.766,587.479,628.418
2879,30.751,587.497,628.427
2880,30.736,587.516,628.435
2881,30.721,587.534,628.443
2882,30.706,587.552,628.452
2883,30.691,587.570,628.459
2884,30.676,587.588,628.467
2885,30.661,587.606,628.476
2886,30.646,587.624,628.484
2887,30.631,587.643,628.492
2888,30.616,587.660,628.501
2889,30.601,587.679,628.509
2890,30.586,587.697,628.516
2891,30.571,587.714,628.524
2892,30.556,587.733,628.533
2893,30.541,587.751,628.541
2894,30.526,587.769,628.549
2895,30.511,587.787,628.558
2896,30.496,587.805,628.566
2897,30.482,587.823,628.574
2898,30.467,587.842,628.582
2899,30.452,587.859,628.590
2900,30.437,587.878,628.598
2901,30.422,587.896,628.606
2902,30.407,587.914,628.615
2903,30.392,587.932,628.623
2904,30.377,587.950,628.631
2905,30.363,587.968,628.639
2906,30.348,587.986,628.648
2907,30.333,588.005,628.656
2908,30.318,588.022,628.663
2909,30.303,588.040,628.671
2910,30.288,588.059,628.680
2911,30.274,588.077,628.688
2912,30.259,588.094,628.696
2913,30.244,588.113,628.704
2914,30.229,588.131,628.713
2915,30.214,588.149,628.721
2916,30.199,588.167,628.729
2917,30.185,588.186,628.737
2918,30.170,588.203,628.746
2919,30.155,588.221,628.754
2920,30.140,588.240,628.761
2921,30.126,588.258,628.769
2922,30.111,588.276,628.777
2923,30.096,588.294,628.786
2924,30.081,588.312,628.794
2925,30.067,588.330,628.802
2926,30.052,588.348,628.810
2927,30.037,588.366,628.819
2928,30.022,588.384,628.827
2929,30.008,588.403,628.835
2930,29.993,588.421,628.843
2931,29.978,588.438,628.851
2932,29.963,588.456,628.860
2933,29.949,588.475,628.868
2934,29.934,588.493,628.876
2935,29.919,588.511,628.884
2936,29.905,588.529,628.892
2937,29.890,588.547,628.900
2938,29.875,588.566,628.908
2939,29.861,588.584,628.916
2940,29.846,588.602,628.924
2941,29.831,588.619,628.932
2942,29.817,588.637,628.940
2943,29.802,588.656,628.949
2944,29.787,588.674,628.957
2945,29.773,588.692,628.965
2946,29.758,588.710,628.973
2947,29.743,588.728,628.981
2948,29.729,588.746,628.989
2949,29.714,588.765,628.998
2950,29.700,588.783,629.006
2951,29.685,588.801,629.014
2952,29.670,588.819,629.022
2953,29.656,588.837,629.030
2954,29.641,588.855,629.038
2955,29.627,588.874,629.047
2956,29.612,588.892,629.055
2957,29.598,588.910,629.063
2958,29.583,588.928,629.071
2959,29.568,588.946,629.079
2960,29.554,588.964,629.087
2961,29.539,588.982,629.095
2962,29.525,589.001,629.104
2963,29.510,589.019,629.112
2964,29.496,589.037,629.120
2965,29.481,589.055,629.128
2966,29.467,589.073,629.136
2967,29.452,589.091,629.144
2968,29.438,589.109,629.152
2969,29.423,589.128,629.161
2970,29.409,589.146,629.169
2971,29.394,589.164,629.177
2972,29.380,589.182,629.185
2973,29.365,589.200,629.193
2974,29.351,589.218,629.201
2975,29.336,589.236,629.209
2976,29.322,589.255,629.217
2977,29.307,589.273,629.225
2978,29.293,589.291,629.234
2979,29.278,589.309,629.242
2980,29.264,589.327,629.250
2981,29.249,589.345,629.258
2982,29.235,589.363,629.266
2983,29.221,589.382,629.274
2984,29.206,589.400,629.282
2985,29.192,589.419,629.290
2986,29.177,589.437,629.298
2987,29.163,589.455,629.307
2988,29.149,589.473,629.316
2989,29.134,589.491,629.324
2990,29.120,589.509,629.332
2991,29.105,589.527,629.340
2992,29.091,589.545,629.348
2993,29.077,589.563,629.356
2994,29.062,589.583,629.364
2995,29.048,589.601,629.372
2996,29.034,589.619,629.380
2997,29.019,589.637,629.388
2998,29.005,589.655,629.396
2999,28.991,589.673,629.404
3000,28.976,589.691,629.413
3001,28.962,589.710,629.421
3002,28.948,589.728,629.429
3003,28.933,589.746,629.437
3004,28.919,589.765,629.445
3005,28.905,589.783,629.454
3006,28.890,589.801,629.462
3007,28.876,589.819,629.470
3008,28.862,589.838,629.478
3009,28.847,589.856,629.486
3010,28.833,589.874,629.494
3011,28.819,589.892,629.502
3012,28.805,589.910,629.510
3013,28.790,589.929,629.518
3014,28.776,589.948,629.526
3015,28.762,589.966,629.535
3016,28.748,589.984,629.543
3017,28.733,590.002,629.552
3018,28.719,590.021,629.560
3019,28.705,590.039,629.568
3020,28.691,590.057,629.576
3021,28.676,590.075,629.584
3022,28.662,590.093,629.592
3023,28.648,590.113,629.600
3024,28.634,590.131,629.608
3025,28.620,590.149,629.616
3026,28.605,590.168,629.624
3027,28.591,590.186,629.633
3028,28.577,590.204,629.641
3029,28.563,590.222,629.649
3030,28.549,590.240,629.657
3031,28.535,590.259,629.665
3032,28.520,590.278,629.673
3033,28.506,590.296,629.681
3034,28.492,590.315,629.689
3035,28.478,590.333,629.697
3036,28.464,590.351,629.706
3037,28.450,590.369,629.714
3038,28.436,590.388,629.722
3039,28.421,590.406,629.730
3040,28.407,590.424,629.738
3041,28.393,590.444,629.746
3042,28.379,590.462,629.754
3043,28.365,590.480,629.762
3044,28.351,590.498,629.771
3045,28.337,590.517,629.779
3046,28.323,590.535,629.787
3047,28.309,590.553,629.795
3048,28.295,590.572,629.803
3049,28.280,590.590,629.811
3050,28.266,590.609,629.820
3051,28.252,590.628,629.828
3052,28.238,590.646,629.836
3053,28.224,590.664,629.844
3054,28.210,590.683,629.853
3055,28.196,590.701,629.861
3056,28.182,590.719,629.869
3057,28.168,590.739,629.877
3058,28.154,590.757,629.885
3059,28.140,590.775,629.893
3060,28.126,590.794,629.901
3061,28.112,590.812,629.909
3062,28.098,590.831,629.918
3063,28.084,590.849,629.926
3064,28.070,590.868,629.934
3065,28.056,590.887,629.942
3066,28.042,590.905,629.950
3067,28.028,590.923,629.958
3068,28.014,590.942,629.966
3069,28.000,590.960,629.974
3070,27.986,590.979,629.983
3071,27.972,590.998,629.991
3072,27.958,591.016,629.999
3073,27.944,591.035,630.007
3074,27.930,591.053,630.015
3075,27.916,591.072,630.024
3076,27.902,591.090,630.032
3077,27.889,591.109,630.040
3078,27.875,591.128,630.048
3079,27.861,591.146,630.056
3080,27.847,591.165,630.065
3081,27.833,591.183,630.073
3082,27.819,591.203,630.081
3083,27.805,591.221,630.089
3084,27.791,591.240,630.097
3085,27.777,591.258,630.106
3086,27.763,591.276,630.114
3087,27.750,591.296,630.122
3088,27.736,591.314,630.130
3089,27.722,591.333,630.138
3090,27.708,591.351,630.147
3091,27.694,591.370,630.155
3092,27.680,591.389,630.163
3093,27.666,591.408,630.171
3094,27.653,591.426,630.179
3095,27.639,591.445,630.188
3096,27.625,591.463,630.196
3097,27.611,591.483,630.204
3098,27.597,591.501,630.212
3099,27.584,591.520,630.221
3100,27.570,591.538,630.229
3101,27.556,591.557,630.237
3102,27.542,591.576,630.245
3103,27.528,591.595,630.253
3104,27.515,591.613,630.262
3105,27.501,591.632,630.269
3106,27.487,591.651,630.277
3107,27.473,591.670,630.285
3108,27.460,591.688,630.294
3109,27.446,591.707,630.302
3110,27.432,591.726,630.310
3111,27.418,591.745,630.318
3112,27.405,591.763,630.327
3113,27.391,591.782,630.335
3114,27.377,591.802,630.343
3115,27.363,591.820,630.351
3116,27.350,591.839,630.360
3117,27.336,591.858,630.368
3118,27.322,591.877,630.376
3119,27.309,591.895,630.384
3120,27.295,591.915,630.393
3121,27.281,591.933,630.401
3122,27.267,591.952,630.409
3123,27.254,591.971,630.417
3124,27.240,591.990,630.426
3125,27.226,592.009,630.434
3126,27.213,592.027,630.442
3127,27.199,592.047,630.450
3128,27.185,592.066,630.458
3129,27.172,592.084,630.466
3130,27.158,592.103,630.474
3131,27.144,592.122,630.482
3132,27.131,592.141,630.491
3133,27.117,592.160,630.499
3134,27.104,592.179,630.507
3135,27.090,592.198,630.515
3136,27.076,592.217,630.524
3137,27.063,592.236,630.532
3138,27.049,592.255,630.540
3139,27.035,592.274,630.549
3140,27.022,592.293,630.557
3141,27.008,592.312,630.565
3142,26.995,592.331,630.573
3143,26.981,592.350,630.582
3144,26.968,592.369,630.590
3145,26.954,592.388,630.598
3146,26.940,592.407,630.607
3147,26.927,592.426,630.615
3148,26.913,592.445,630.622
3149,26.900,592.464,630.631
3150,26.886,592.484,630.639
3151,26.873,592.502,630.647
3152,26.859,592.522,630.655
3153,26.846,592.541,630.664
3154,26.832,592.560,630.672
3155,26.819,592.579,630.680
3156,26.805,592.598,630.689
3157,26.792,592.618,630.697
3158,26.778,592.636,630.705
3159,26.765,592.655,630.714
3160,26.751,592.675,630.722
3161,26.738,592.694,630.730
3162,26.724,592.713,630.739
3163,26.711,592.732,630.747
3164,26.697,592.751,630.755
3165,26.684,592.770,630.762
3166,26.670,592.790,630.771
3167,26.657,592.809,630.779
3168,26.643,592.828,630.787
3169,26.630,592.847,630.796
3170,26.616,592.867,630.804
3171,26.603,592.885,630.812
3172,26.590,592.905,630.821
3173,26.576,592.924,630.829
3174,26.563,592.944,630.837
3175,26.549,592.962,630.846
3176,26.536,592.982,630.854
3177,26.522,593.001,630.862
3178,26.509,593.021,630.871
3179,26.496,593.040,630.879
3180,26.482,593.059,630.887
3181,26.469,593.078,630.895
3182,26.456,593.098,630.904
3183,26.442,593.117,630.912
3184,26.429,593.136,630.920
3185,26.415,593.155,630.928
3186,26.402,593.175,630.937
3187,26.389,593.195,630.945
3188,26.375,593.214,630.953
3189,26.362,593.233,630.962
3190,26.349,593.252,630.970
3191,26.335,593.272,630.978
3192,26.322,593.291,630.987
3193,26.309,593.311,630.995
3194,26.296,593.330,631.003
3195,26.282,593.349,631.012
3196,26.269,593.369,631.020
3197,26.256,593.388,631.029
3198,26.242,593.408,631.037
3199,26.229,593.428,631.044
3200,26.216,593.447,631.053
3201,26.202,593.466,631.061
3202,26.189,593.486,631.069
3203,26.176,593.505,631.078
3204,26.163,593.525,631.086
3205,26.149,593.544,631.095
3206,26.136,593.564,631.103
3207,26.123,593.583,631.111
3208,26.110,593.603,631.120
3209,26.096,593.622,631.128
3210,26.083,593.642,631.136
3211,26.070,593.661,631.145
3212,26.057,593.681,631.153
3213,26.043,593.701,631.162
3214,26.030,593.720,631.170
3215,26.017,593.739,631.178
3216,26.004,593.759,631.186
3217,25.991,593.779,631.194
3218,25.977,593.799,631.203
3219,25.964,593.818,631.211
3220,25.951,593.838,631.219
3221,25.938,593.858,631.228
3222,25.925,593.877,631.236
3223,25.912,593.897,631.245
3224,25.898,593.917,631.253
3225,25.885,593.936,631.261
3226,25.872,593.956,631.270
3227,25.859,593.975,631.278
3228,25.846,593.995,631.287
3229,25.833,594.015,631.295
3230,25.820,594.035,631.303
3231,25.806,594.054,631.312
3232,25.793,594.074,631.320
3233,25.780,594.094,631.329
3234,25.767,594.114,631.337
3235,25.754,594.133,631.345
3236,25.741,594.153,631.353
3237,25.728,594.173,631.361
3238,25.715,594.193,631.370
3239,25.702,594.213,631.378
3240,25.689,594.232,631.387
3241,25.675,594.252,631.395
3242,25.662,594.272,631.404
3243,25.649,594.292,631.412
3244,25.636,594.311,631.420
3245,25.623,594.331,631.429
3246,25.610,594.351,631.437
3247,25.597,594.371,631.446
3248,25.584,594.391,631.454
3249,25.571,594.411,631.463
3250,25.558,594.431,631.471
3251,25.545,594.451,631.479
3252,25.532,594.471,631.488
3253,25.519,594.491,631.496
3254,25.506,594.511,631.505
3255,25.493,594.530,631.513
3256,25.480,594.550,631.522
3257,25.467,594.570,631.530
3258,25.454,594.590,631.538
3259,25.441,594.610,631.547
3260,25.428,594.630,631.555
3261,25.415,594.650,631.563
3262,25.402,594.670,631.571
3263,25.389,594.691,631.580
3264,25.376,594.711,631.588
3265,25.363,594.731,631.597
3266,25.350,594.751,631.605
3267,25.337,594.771,631.614
3268,25.325,594.791,631.622
3269,25.312,594.811,631.631
3270,25.299,594.831,631.639
3271,25.286,594.851,631.648
3272,25.273,594.871,631.656
3273,25.260,594.891,631.665
3274,25.247,594.911,631.673
3275,25.234,594.931,631.682
3276,25.221,594.952,631.690
3277,25.208,594.972,631.698
3278,25.195,594.992,631.707
3279,25.183,595.013,631.715
3280,25.170,595.033,631.724
3281,25.157,595.053,631.732
3282,25.144,595.073,631.741
3283,25.131,595.093,631.749
3284,25.118,595.113,631.758
3285,25.105,595.133,631.766
3286,25.093,595.154,631.775
3287,25.080,595.174,631.783
3288,25.067,595.194,631.792
3289,25.054,595.214,631.800
3290,25.041,595.235,631.809
3291,25.028,595.256,631.817
3292,25.016,595.276,631.826
3293,25.003,595.296,631.834
3294,24.990,595.316,631.843
3295,24.977,595.337,631.851
3296,24.965,595.357,631.860
3297,24.952,595.377,631.868
3298,24.939,595.398,631.877
3299,24.926,595.418,631.885
3300,24.913,595.438,631.894
3301,24.901,595.459,631.902
3302,24.888,595.479,631.911
3303,24.875,595.500,631.919
3304,24.862,595.520,631.928
3305,24.850,595.541,631.936
3306,24.837,595.561,631.945
3307,24.824,595.581,631.953
3308,24.811,595.602,631.962
3309,24.799,595.623,631.971
3310,24.786,595.643,631.979
3311,24.773,595.663,631.988
3312,24.761,595.684,631.996
3313,24.748,595.705,632.005
3314,24.735,595.725,632.013
3315,24.722,595.746,632.022
3316,24.710,595.766,632.030
3317,24.697,595.787,632.039
3318,24.684,595.808,632.047
3319,24.672,595.828,632.056
3320,24.659,595.848,632.064
3321,24.646,595.870,632.073
3322,24.634,595.890,632.081
3323,24.621,595.910,632.090
3324,24.609,595.931,632.099
3325,24.596,595.952,632.107
3326,24.583,595.972,632.116
3327,24.571,595.993,632.124
3328,24.558,596.014,632.133
3329,24.545,596.035,632.141
3330,24.533,596.055,632.150
3331,24.520,596.076,632.158
3332,24.508,596.097,632.167
3333,24.495,596.117,632.175
3334,24.482,596.138,632.184
3335,24.470,596.159,632.193
3336,24.457,596.180,632.201
3337,24.445,596.201,632.210
3338,24.432,596.221,632.218
3339,24.420,596.242,632.227
3340,24.407,596.263,632.235
3341,24.394,596.284,632.244
3342,24.382,596.305,632.252
3343,24.369,596.325,632.261
3344,24.357,596.346,632.270
3345,24.344,596.367,632.278
3346,24.332,596.388,632.287
3347,24.319,596.409,632.296
3348,24.307,596.430,632.305
3349,24.294,596.451,632.313
3350,24.282,596.472,632.322
3351,24.269,596.493,632.331
3352,24.257,596.514,632.339
3353,24.244,596.534,632.348
3354,24.232,596.556,632.356
3355,24.219,596.576,632.365
3356,24.207,596.598,632.374
3357,24.194,596.618,632.382
3358,24.182,596.640,632.391
3359,24.169,596.661,632.399
3360,24.157,596.682,632.408
3361,24.145,596.703,632.416
3362,24.132,596.724,632.425
3363,24.120,596.745,632.434
3364,24.107,596.766,632.442
3365,24.095,596.787,632.452
3366,24.082,596.809,632.460
3367,24.070,596.829,632.469
3368,24.058,596.851,632.478
3369,24.045,596.872,632.486
3370,24.033,596.893,632.495
3371,24.020,596.914,632.503
3372,24.008,596.935,632.512
3373,23.996,596.956,632.521
3374,23.983,596.978,632.529
3375,23.971,596.999,632.538
3376,23.958,597.020,632.546
3377,23.946,597.041,632.555
3378,23.934,597.063,632.565
3379,23.921,597.084,632.573
3380,23.909,597.105,632.582
3381,23.897,597.126,632.591
3382,23.884,597.148,632.599
3383,23.872,597.170,632.608
3384,23.860,597.190,632.616
3385,23.847,597.212,632.625
3386,23.835,597.233,632.634
3387,23.823,597.255,632.642
3388,23.810,597.276,632.652
3389,23.798,597.297,632.661
3390,23.786,597.318,632.669
3391,23.774,597.340,632.678
3392,23.761,597.361,632.686
3393,23.749,597.383,632.695
3394,23.737,597.405,632.704
3395,23.724,597.425,632.712
3396,23.712,597.447,632.721
3397,23.700,597.469,632.730
3398,23.688,597.490,632.739
3399,23.675,597.512,632.748
3400,23.663,597.533,632.757
3401,23.651,597.555,632.765
3402,23.639,597.577,632.774
3403,23.627,597.598,632.782
3404,23.614,597.620,632.791
3405,23.602,597.641,632.801
3406,23.590,597.663,632.809
3407,23.578,597.685,632.818
3408,23.566,597.706,632.827
3409,23.553,597.728,632.835
3410,23.541,597.749,632.844
3411,23.529,597.771,632.853
3412,23.517,597.793,632.862
3413,23.505,597.814,632.871
3414,23.492,597.836,632.880
3415,23.480,597.858,632.888
3416,23.468,597.879,632.897
3417,23.456,597.901,632.906
3418,23.444,597.923,632.914
3419,23.432,597.944,632.924
3420,23.420,597.966,632.933
3421,23.407,597.988,632.941
3422,23.395,598.010,632.950
3423,23.383,598.032,632.959
3424,23.371,598.054,632.967
3425,23.359,598.075,632.977
3426,23.347,598.097,632.986
3427,23.335,598.119,632.994
3428,23.323,598.140,633.003
3429,23.311,598.163,633.012
3430,23.298,598.185,633.020
3431,23.286,598.206,633.030
3432,23.274,598.228,633.039
3433,23.262,598.250,633.047
3434,23.250,598.273,633.056
3435,23.238,598.294,633.065
3436,23.226,598.316,633.074
3437,23.214,598.338,633.083
3438,23.202,598.361,633.092
3439,23.190,598.382,633.101
3440,23.178,598.404,633.109
3441,23.166,598.427,633.118
3442,23.154,598.448,633.128
3443,23.142,598.470,633.136
3444,23.130,598.493,633.145
3445,23.118,598.515,633.154
3446,23.106,598.536,633.163
3447,23.094,598.559,633.172
3448,23.082,598.581,633.181
3449,23.070,598.603,633.189
3450,23.058,598.625,633.198
3451,23.046,598.647,633.208
3452,23.034,598.670,633.217
3453,23.022,598.692,633.225
3454,23.010,598.714,633.234
3455,22.998,598.736,633.243
3456,22.986,598.758,633.252
3457,22.974,598.781,633.261
3458,22.962,598.803,633.270
3459,22.951,598.825,633.279
3460,22.939,598.847,633.288
3461,22.927,598.870,633.297
3462,22.915,598.892,633.306
3463,22.903,598.914,633.314
3464,22.891,598.937,633.324
3465,22.879,598.959,633.333
3466,22.867,598.982,633.342
3467,22.855,599.004,633.350
3468,22.843,599.027,633.360
3469,22.832,599.048,633.369
3470,22.820,599.071,633.377
3471,22.808,599.094,633.386
3472,22.796,599.116,633.396
3473,22.784,599.139,633.405
3474,22.772,599.161,633.413
3475,22.760,599.183,633.422
3476,22.749,599.206,633.432
3477,22.737,599.228,633.441
3478,22.725,599.251,633.449
3479,22.713,599.274,633.458
3480,22.701,599.296,633.468
3481,22.690,599.318,633.477
3482,22.678,599.341,633.485
3483,22.666,599.364,633.495
3484,22.654,599.386,633.504
3485,22.642,599.409,633.513
3486,22.631,599.432,633.522
3487,22.619,599.454,633.531
3488,22.607,599.478,633.540
3489,22.595,599.499,633.549
3490,22.584,599.522,633.558
3491,22.572,599.545,633.567
3492,22.560,599.568,633.576
3493,22.548,599.591,633.586
3494,22.537,599.614,633.594
3495,22.525,599.636,633.603
3496,22.513,599.659,633.613
3497,22.501,599.682,633.622
3498,22.490,599.704,633.630
3499,22.478,599.727,633.640
3500,22.466,599.750,633.649
3501,22.455,599.773,633.658
3502,22.443,599.796,633.667
3503,22.431,599.819,633.676
3504,22.420,599.842,633.685
3505,22.408,599.865,633.695
3506,22.396,599.888,633.704
3507,22.385,599.911,633.712
3508,22.373,599.933,633.722
3509,22.361,599.957,633.731
3510,22.350,599.980,633.740
3511,22.338,600.002,633.749
3512,22.326,600.025,633.758
3513,22.315,600.048,633.768
3514,22.303,600.071,633.777
3515,22.291,600.094,633.786
3516,22.280,600.118,633.795
3517,22.268,600.141,633.804
3518,22.257,600.164,633.813
3519,22.245,600.187,633.823
3520,22.233,600.210,633.831
3521,22.222,600.233,633.841
3522,22.210,600.257,633.850
3523,22.199,600.280,633.859
3524,22.187,600.303,633.869
3525,22.176,600.326,633.877
3526,22.164,600.349,633.887
3527,22.153,600.373,633.896
3528,22.141,600.396,633.905
3529,22.129,600.419,633.915
3530,22.118,600.442,633.923
3531,22.106,600.465,633.933
3532,22.095,600.489,633.942
3533,22.083,600.512,633.951
3534,22.072,600.535,633.961
3535,22.060,600.559,633.969
3536,22.049,600.582,633.979
3537,22.037,600.606,633.988
3538,22.026,600.629,633.997
3539,22.014,600.652,634.007
3540,22.003,600.675,634.016
3541,21.991,600.699,634.025
3542,21.980,600.723,634.034
3543,21.968,600.746,634.044
3544,21.957,600.769,634.053
3545,21.946,600.793,634.062
3546,21.934,600.817,634.071
3547,21.923,600.840,634.080
3548,21.911,600.864,634.090
3549,21.900,600.888,634.099
3550,21.888,600.911,634.109
3551,21.877,600.934,634.118
3552,21.866,600.958,634.127
3553,21.854,600.982,634.136
3554,21.843,601.005,634.146
3555,21.831,601.029,634.155
3556,21.820,601.053,634.165
3557,21.809,601.076,634.173
3558,21.797,601.100,634.183
3559,21.786,601.123,634.192
3560,21.775,601.148,634.201
3561,21.763,601.171,634.211
3562,21.752,601.195,634.220
3563,21.740,601.219,634.230
3564,21.729,601.243,634.239
3565,21.718,601.266,634.248
3566,21.706,601.291,634.258
3567,21.695,601.314,634.267
3568,21.684,601.338,634.277
3569,21.672,601.362,634.286
3570,21.661,601.386,634.295
3571,21.650,601.410,634.304
3572,21.639,601.434,634.314
3573,21.627,601.458,634.323
3574,21.616,601.481,634.333
3575,21.605,601.506,634.342
3576,21.593,601.529,634.352
3577,21.582,601.553,634.360
3578,21.571,601.578,634.370
3579,21.560,601.601,634.379
3580,21.548,601.625,634.389
3581,21.537,601.650,634.399
3582,21.526,601.674,634.408
3583,21.515,601.698,634.418
3584,21.503,601.722,634.427
3585,21.492,601.746,634.436
3586,21.481,601.771,634.446
3587,21.470,601.794,634.455
3588,21.459,601.818,634.465
3589,21.447,601.843,634.474
3590,21.436,601.867,634.484
3591,21.425,601.892,634.493
3592,21.414,601.915,634.502
3593,21.403,601.939,634.512
3594,21.391,601.964,634.521
3595,21.380,601.988,634.531
3596,21.369,602.013,634.540
3597,21.358,602.037,634.550
3598,21.347,602.062,634.560
3599,21.336,602.086,634.569
3600,21.324,602.111,634.578
3601,21.313,602.135,634.588
3602,21.302,602.159,634.597
3603,21.291,602.184,634.607
3604,21.280,602.208,634.616
3605,21.269,602.233,634.626
3606,21.258,602.257,634.636
3607,21.247,602.282,634.645
3608,21.236,602.306,634.655
3609,21.225,602.331,634.664
3610,21.213,602.355,634.673
3611,21.202,602.379,634.683
3612,21.191,602.404,634.693
3613,21.180,602.428,634.702
3614,21.169,602.453,634.712
3615,21.158,602.477,634.722
3616,21.147,602.503,634.731
3617,21.136,602.527,634.741
3618,21.125,602.552,634.750
3619,21.114,602.576,634.760
3620,21.103,602.601,634.769
3621,21.092,602.626,634.779
3622,21.081,602.651,634.789
3623,21.070,602.675,634.798
3624,21.059,602.700,634.808
3625,21.048,602.725,634.817
3626,21.037,602.750,634.827
3627,21.026,602.774,634.837
3628,21.015,602.800,634.847
3629,21.004,602.824,634.856
3630,20.993,602.849,634.865
3631,20.982,602.875,634.875
3632,20.971,602.899,634.885
3633,20.960,602.924,634.895
3634,20.949,602.949,634.904
3635,20.938,602.974,634.914
3636,20.927,602.999,634.924
3637,20.917,603.024,634.933
3638,20.906,603.049,634.943
3639,20.895,603.074,634.953
3640,20.884,603.099,634.963
3641,20.873,603.124,634.972
3642,20.862,603.149,634.982
3643,20.851,603.174,634.992
3644,20.840,603.200,635.001
3645,20.829,603.224,635.011
3646,20.819,603.250,635.021
3647,20.808,603.275,635.030
3648,20.797,603.300,635.040
3649,20.786,603.325,635.050
3650,20.775,603.350,635.059
3651,20.764,603.376,635.070
3652,20.753,603.401,635.079
3653,20.743,603.427,635.089
3654,20.732,603.452,635.099
3655,20.721,603.477,635.108
3656,20.710,603.502,635.119
3657,20.699,603.527,635.128
3658,20.689,603.553,635.138
3659,20.678,603.579,635.148
3660,20.667,603.604,635.158
3661,20.656,603.630,635.167
3662,20.645,603.655,635.177
3663,20.635,603.680,635.187
3664,20.624,603.706,635.196
3665,20.613,603.731,635.206
3666,20.602,603.757,635.216
3667,20.592,603.783,635.226
3668,20.581,603.808,635.236
3669,20.570,603.834,635.246
3670,20.559,603.859,635.255
3671,20.549,603.885,635.265
3672,20.538,603.910,635.275
3673,20.527,603.936,635.285
3674,20.517,603.961,635.295
3675,20.506,603.987,635.305
3676,20.495,604.013,635.315
3677,20.484,604.039,635.325
3678,20.474,604.065,635.335
3679,20.463,604.091,635.344
3680,20.452,604.116,635.354
3681,20.442,604.142,635.364
3682,20.431,604.168,635.374
3683,20.420,604.194,635.384
3684,20.410,604.220,635.394
3685,20.399,604.246,635.404
3686,20.389,604.271,635.414
3687,20.378,604.297,635.424
3688,20.367,604.323,635.434
3689,20.357,604.349,635.444
3690,20.346,604.375,635.454
3691,20.336,604.401,635.464
3692,20.325,604.427,635.474
3693,20.314,604.453,635.484
3694,20.304,604.479,635.494
3695,20.293,604.505,635.504
3696,20.283,604.531,635.514
3697,20.272,604.557,635.524
3698,20.261,604.583,635.534
3699,20.251,604.609,635.544
3700,20.240,604.636,635.554
3701,20.230,604.662,635.563
3702,20.219,604.688,635.574
3703,20.209,604.714,635.584
3704,20.198,604.740,635.594
3705,20.188,604.766,635.604
3706,20.177,604.793,635.614
3707,20.167,604.819,635.624
3708,20.156,604.846,635.634
3709,20.146,604.872,635.644
3710,20.135,604.898,635.654
3711,20.125,604.924,635.664
3712,20.114,604.951,635.674
3713,20.104,604.977,635.684
3714,20.093,605.004,635.694
3715,20.083,605.030,635.704
3716,20.073,605.056,635.714
3717,20.062,605.084,635.725
3718,20.052,605.110,635.735
3719,20.041,605.136,635.745
3720,20.031,605.163,635.755
3721,20.020,605.190,635.765
3722,20.010,605.216,635.775
3723,20.000,605.243,635.785
3724,19.989,605.269,635.796
3725,19.979,605.296,635.806
3726,19.968,605.322,635.816
3727,19.958,605.349,635.826
3728,19.948,605.376,635.836
3729,19.937,605.403,635.846
3730,19.927,605.430,635.856
3731,19.917,605.456,635.867
3732,19.906,605.483,635.877
3733,19.896,605.510,635.887
3734,19.886,605.536,635.897
3735,19.875,605.563,635.907
3736,19.865,605.590,635.917
3737,19.855,605.617,635.927
3738,19.844,605.644,635.938
3739,19.834,605.671,635.948
3740,19.824,605.698,635.958
3741,19.813,605.725,635.969
3742,19.803,605.752,635.979
3743,19.793,605.779,635.989
3744,19.783,605.806,636.000
3745,19.772,605.832,636.010
3746,19.762,605.860,636.020
3747,19.752,605.887,636.030
3748,19.742,605.914,636.041
3749,19.731,605.941,636.051
3750,19.721,605.968,636.061
3751,19.711,605.996,636.071
3752,19.701,606.023,636.082
3753,19.690,606.050,636.092
3754,19.680,606.077,636.102
3755,19.670,606.104,636.113
3756,19.660,606.131,636.123
3757,19.650,606.159,636.134
3758,19.639,606.187,636.144
3759,19.629,606.214,636.154
3760,19.619,606.241,636.165
3761,19.609,606.268,636.175
3762,19.599,606.295,636.185
3763,19.589,606.323,636.196
3764,19.578,606.351,636.206
3765,19.568,606.378,636.216
3766,19.558,606.406,636.227
3767,19.548,606.433,636.237
3768,19.538,606.461,636.247
3769,19.528,606.488,636.258
3770,19.518,606.515,636.268
3771,19.508,606.544,636.279
3772,19.497,606.571,636.289
3773,19.487,606.598,636.300
3774,19.477,606.626,636.310
3775,19.467,606.653,636.321
3776,19.457,606.682,636.331
3777,19.447,606.709,636.342
3778,19.437,606.737,636.352
3779,19.427,606.765,636.362
3780,19.417,606.792,636.373
3781,19.407,606.820,636.383
3782,19.397,606.848,636.393
3783,19.387,606.876,636.405
3784,19.377,606.904,636.415
3785,19.367,606.931,636.425
3786,19.357,606.959,636.436
3787,19.347,606.987,636.446
3788,19.337,607.015,636.457
3789,19.327,607.043,636.467
3790,19.317,607.072,636.478
3791,19.307,607.099,636.489
3792,19.297,607.127,636.499
3793,19.287,607.156,636.509
3794,19.277,607.183,636.520
3795,19.267,607.211,636.531
3796,19.257,607.239,636.542
3797,19.247,607.268,636.552
3798,19.237,607.296,636.562
3799,19.227,607.324,636.573
3800,19.217,607.352,636.584
3801,19.208,607.380,636.594
3802,19.198,607.409,636.605
3803,19.188,607.437,636.616
3804,19.178,607.465,636.626
3805,19.168,607.494,636.637
3806,19.158,607.522,636.648
3807,19.148,607.550,636.658
3808,19.138,607.579,636.669
3809,19.128,607.607,636.680
3810,19.119,607.635,636.690
3811,19.109,607.664,636.701
3812,19.099,607.692,636.712
3813,19.089,607.721,636.722
3814,19.079,607.750,636.733
3815,19.070,607.778,636.744
3816,19.060,607.807,636.755
3817,19.050,607.835,636.765
3818,19.040,607.863,636.775
3819,19.030,607.892,636.787
3820,19.021,607.921,636.797
3821,19.011,607.950,636.808
3822,19.001,607.978,636.819
3823,18.991,608.007,636.829
3824,18.981,608.036,636.840
3825,18.972,608.064,636.851
3826,18.962,608.094,636.862
3827,18.952,608.122,636.873
3828,18.943,608.151,636.884
3829,18.933,608.180,636.894
3830,18.923,608.209,636.905
3831,18.913,608.237,636.916
3832,18.904,608.266,636.926
3833,18.894,608.296,636.938
3834,18.884,608.325,636.948
3835,18.875,608.353,636.960
3836,18.865,608.382,636.970
3837,18.855,608.412,636.981
3838,18.846,608.441,636.992
3839,18.836,608.469,637.002
3840,18.826,608.499,637.014
3841,18.817,608.528,637.024
3842,18.807,608.557,637.036
3843,18.797,608.586,637.046
3844,18.788,608.615,637.057
3845,18.778,608.644,637.068
3846,18.768,608.674,637.079
3847,18.759,608.703,637.090
3848,18.749,608.732,637.101
3849,18.740,608.761,637.112
3850,18.730,608.791,637.122
3851,18.721,608.821,637.134
3852,18.711,608.849,637.145
3853,18.701,608.879,637.156
3854,18.692,608.908,637.166
3855,18.682,608.938,637.178
3856,18.673,608.968,637.188
3857,18.663,608.996,637.200
3858,18.654,609.026,637.211
3859,18.644,609.056,637.222
3860,18.635,609.086,637.233
3861,18.625,609.115,637.243
3862,18.616,609.145,637.255
3863,18.606,609.174,637.265
3864,18.597,609.204,637.277
3865,18.587,609.234,637.288
3866,18.578,609.263,637.299
3867,18.568,609.293,637.310
3868,18.559,609.323,637.321
3869,18.549,609.353,637.332
3870,18.540,609.382,637.344
3871,18.531,609.412,637.354
3872,18.521,609.442,637.366
3873,18.512,609.472,637.376
3874,18.502,609.502,637.388
3875,18.493,609.532,637.399
3876,18.483,609.562,637.410
3877,18.474,609.592,637.421
3878,18.465,609.621,637.432
3879,18.455,609.652,637.443
3880,18.446,609.682,637.455
3881,18.437,609.712,637.466
3882,18.427,609.742,637.477
3883,18.418,609.772,637.488
3884,18.408,609.802,637.500
3885,18.399,609.833,637.510
3886,18.390,609.863,637.522
3887,18.380,609.893,637.533
3888,18.371,609.923,637.544
3889,18.362,609.953,637.555
3890,18.353,609.983,637.567
3891,18.343,610.014,637.578
3892,18.334,610.044,637.589
3893,18.325,610.075,637.600
3894,18.315,610.105,637.612
3895,18.306,610.136,637.623
3896,18.297,610.166,637.634
3897,18.288,610.196,637.645
3898,18.278,610.227,637.657
3899,18.269,610.258,637.668
3900,18.260,610.288,637.680
3901,18.251,610.319,637.690
3902,18.241,610.349,637.702
3903,18.232,610.380,637.714
3904,18.223,610.410,637.725
3905,18.214,610.441,637.737
3906,18.205,610.472,637.747
3907,18.195,610.503,637.759
3908,18.186,610.533,637.770
3909,18.177,610.564,637.782
3910,18.168,610.595,637.793
3911,18.159,610.626,637.805
3912,18.150,610.656,637.816
3913,18.140,610.687,637.827
3914,18.131,610.718,637.838
3915,18.122,610.749,637.850
3916,18.113,610.780,637.862
3917,18.104,610.811,637.873
3918,18.095,610.842,637.885
3919,18.086,610.873,637.896
3920,18.077,610.904,637.908
3921,18.068,610.935,637.919
3922,18.058,610.966,637.931
3923,18.049,610.997,637.942
3924,18.040,611.028,637.954
3925,18.031,611.059,637.965
3926,18.022,611.090,637.976
3927,18.013,611.122,637.988
3928,18.004,611.153,637.999
3929,17.995,611.184,638.011
3930,17.986,611.216,638.022
3931,17.977,611.247,638.034
3932,17.968,611.278,638.045
3933,17.959,611.310,638.057
3934,17.950,611.341,638.069
3935,17.941,611.373,638.080
3936,17.932,611.404,638.092
3937,17.923,611.436,638.104
3938,17.914,611.467,638.115
3939,17.905,611.498,638.127
3940,17.896,611.530,638.139
3941,17.887,611.561,638.151
3942,17.878,611.593,638.162
3943,17.869,611.625,638.174
3944,17.861,611.656,638.185
3945,17.852,611.688,638.197
3946,17.843,611.719,638.209
3947,17.834,611.751,638.220
3948,17.825,611.783,638.232
3949,17.816,611.815,638.243
3950,17.807,611.847,638.256
3951,17.798,611.879,638.268
3952,17.789,611.910,638.279
3953,17.781,611.943,638.291
3954,17.772,611.974,638.302
3955,17.763,612.006,638.314
3956,17.754,612.038,638.326
3957,17.745,612.071,638.338
3958,17.737,612.102,638.350
3959,17.728,612.135,638.361
3960,17.719,612.166,638.373
3961,17.710,612.199,638.385
3962,17.701,612.231,638.397
3963,17.693,612.262,638.409
3964,17.684,612.295,638.420
3965,17.675,612.327,638.432
3966,17.666,612.359,638.444
3967,17.657,612.392,638.456
3968,17.649,612.424,638.468
3969,17.640,612.456,638.479
3970,17.631,612.488,638.491
3971,17.623,612.521,638.504
3972,17.614,612.553,638.515
3973,17.605,612.586,638.527
3974,17.596,612.619,638.540
3975,17.588,612.651,638.551
3976,17.579,612.684,638.563
3977,17.570,612.716,638.575
3978,17.562,612.748,638.587
3979,17.553,612.781,638.599
3980,17.544,612.814,638.611
3981,17.536,612.846,638.623
3982,17.527,612.879,638.635
3983,17.519,612.912,638.647
3984,17.510,612.944,638.659
3985,17.501,612.977,638.671
3986,17.493,613.009,638.683
3987,17.484,613.042,638.695
3988,17.475,613.076,638.707
3989,17.467,613.108,638.719
3990,17.458,613.141,638.731
3991,17.450,613.173,638.743
3992,17.441,613.207,638.755
3993,17.433,613.239,638.767
3994,17.424,613.272,638.779
3995,17.416,613.306,638.791
3996,17.407,613.338,638.804
3997,17.399,613.372,638.815
3998,17.390,613.405,638.828
3999,17.381,613.438,638.840
4000,17.373,613.471,638.852
4001,17.365,613.505,638.864
4002,17.356,613.537,638.877
4003,17.348,613.571,638.888
4004,17.339,613.604,638.901
4005,17.331,613.637,638.913
4006,17.322,613.671,638.925
4007,17.314,613.704,638.937
4008,17.305,613.737,638.950
4009,17.297,613.771,638.962
4010,17.288,613.804,638.974
4011,17.280,613.837,638.986
4012,17.272,613.871,638.998
4013,17.263,613.905,639.011
4014,17.255,613.938,639.023
4015,17.246,613.972,639.035
4016,17.238,614.005,639.047
4017,17.230,614.039,639.060
4018,17.221,614.072,639.072
4019,17.213,614.106,639.084
4020,17.205,614.140,639.097
4021,17.196,614.174,639.109
4022,17.188,614.207,639.121
4023,17.180,614.242,639.134
4024,17.171,614.275,639.146
4025,17.163,614.309,639.159
4026,17.155,614.343,639.171
4027,17.146,614.377,639.184
4028,17.138,614.411,639.195
4029,17.130,614.444,639.208
4030,17.122,614.478,639.221
4031,17.113,614.513,639.233
4032,17.105,614.547,639.245
4033,17.097,614.581,639.258
4034,17.089,614.615,639.271
4035,17.080,614.649,639.282
4036,17.072,614.683,639.295
4037,17.064,614.717,639.308
4038,17.056,614.751,639.320
4039,17.048,614.786,639.333
4040,17.039,614.820,639.345
4041,17.031,614.855,639.358
4042,17.023,614.889,639.370
4043,17.015,614.923,639.382
4044,17.007,614.957,639.395
4045,16.999,614.992,639.408
4046,16.990,615.026,639.420
4047,16.982,615.061,639.433
4048,16.974,615.096,639.446
4049,16.966,615.130,639.458
4050,16.958,615.164,639.471
4051,16.950,615.199,639.483
4052,16.942,615.233,639.496
4053,16.934,615.269,639.508
4054,16.926,615.303,639.521
4055,16.918,615.337,639.534
4056,16.910,615.372,639.546
4057,16.902,615.407,639.559
4058,16.893,615.442,639.572
4059,16.885,615.477,639.585
4060,16.877,615.511,639.597
4061,16.869,615.546,639.610
4062,16.861,615.582,639.623
4063,16.853,615.617,639.636
4064,16.845,615.651,639.648
4065,16.837,615.686,639.661
4066,16.829,615.722,639.673
4067,16.821,615.756,639.686
4068,16.814,615.791,639.699
4069,16.806,615.826,639.712
4070,16.798,615.862,639.725
4071,16.790,615.897,639.738
4072,16.782,615.932,639.750
4073,16.774,615.967,639.763
4074,16.766,616.003,639.776
4075,16.758,616.038,639.789
4076,16.750,616.073,639.801
4077,16.742,616.108,639.814
4078,16.734,616.144,639.827
4079,16.727,616.179,639.840
4080,16.719,616.214,639.853
4081,16.711,616.250,639.866
4082,16.703,616.285,639.879
4083,16.695,616.321,639.892
4084,16.687,616.357,639.904
4085,16.679,616.392,639.917
4086,16.672,616.427,639.930
4087,16.664,616.464,639.943
4088,16.656,616.499,639.956
4089,16.648,616.534,639.969
4090,16.640,616.571,639.982
4091,16.633,616.606,639.995
4092,16.625,616.642,640.008
4093,16.617,616.678,640.021
4094,16.609,616.713,640.034
4095,16.602,616.749,640.047
4096,16.594,616.786,640.060
4097,16.586,616.821,640.073
4098,16.579,616.857,640.086
4099,16.571,616.893,640.099
4100,16.563,616.929,640.113
4101,16.555,616.965,640.126
4102,16.548,617.001,640.139
4103,16.540,617.037,640.152
4104,16.532,617.074,640.165
4105,16.525,617.109,640.178
4106,16.517,617.146,640.191
4107,16.510,617.182,640.205
4108,16.502,617.219,640.218
4109,16.494,617.254,640.230
4110,16.487,617.291,640.243
4111,16.479,617.327,640.257
4112,16.471,617.364,640.270
4113,16.464,617.400,640.283
4114,16.456,617.436,640.296
4115,16.449,617.473,640.310
4116,16.441,617.509,640.323
4117,16.434,617.546,640.336
4118,16.426,617.583,640.350
4119,16.419,617.619,640.363
4120,16.411,617.656,640.376
4121,16.404,617.692,640.389
4122,16.396,617.729,640.402
4123,16.389,617.766,640.415
4124,16.381,617.802,640.429
4125,16.374,617.839,640.442
4126,16.366,617.876,640.456
4127,16.359,617.912,640.469
4128,16.351,617.950,640.482
4129,16.344,617.986,640.496
4130,16.336,618.023,640.509
4131,16.329,618.060,640.522
4132,16.321,618.096,640.536
4133,16.314,618.134,640.549
4134,16.307,618.171,640.563
4135,16.299,618.208,640.576
4136,16.292,618.245,640.590
4137,16.284,618.282,640.603
4138,16.277,618.320,640.616
4139,16.270,618.357,640.630
4140,16.262,618.394,640.643
4141,16.255,618.431,640.657
4142,16.248,618.468,640.670
4143,16.240,618.506,640.684
4144,16.233,618.542,640.697
4145,16.226,618.580,640.711
4146,16.218,618.617,640.724
4147,16.211,618.655,640.738
4148,16.204,618.692,640.752
4149,16.197,618.730,640.765
4150,16.189,618.767,640.778
4151,16.182,618.805,640.792
4152,16.175,618.842,640.806
4153,16.168,618.880,640.819
4154,16.160,618.918,640.833
4155,16.153,618.955,640.846
4156,16.146,618.993,640.860
4157,16.139,619.031,640.874
4158,16.132,619.068,640.887
4159,16.124,619.106,640.901
4160,16.117,619.144,640.915
4161,16.110,619.182,640.928
4162,16.103,619.220,640.942
4163,16.096,619.257,640.955
4164,16.089,619.295,640.970
4165,16.081,619.333,640.983
4166,16.074,619.371,640.997
4167,16.067,619.409,641.010
4168,16.060,619.447,641.024
4169,16.053,619.485,641.038
4170,16.046,619.523,641.052
4171,16.039,619.561,641.065
4172,16.032,619.599,641.080
4173,16.025,619.637,641.093
4174,16.018,619.676,641.107
4175,16.011,619.714,641.120
4176,16.004,619.752,641.135
4177,15.997,619.790,641.148
4178,15.989,619.829,641.162
4179,15.982,619.868,641.176
4180,15.975,619.906,641.190
4181,15.968,619.944,641.204
4182,15.961,619.983,641.217
4183,15.955,620.021,641.232
4184,15.948,620.059,641.246
4185,15.941,620.098,641.259
4186,15.934,620.136,641.274
4187,15.927,620.175,641.287
4188,15.920,620.213,641.301
4189,15.913,620.252,641.315
4190,15.906,620.291,641.329
4191,15.899,620.330,641.343
4192,15.892,620.368,641.357
4193,15.885,620.407,641.371
4194,15.878,620.446,641.385
4195,15.872,620.484,641.399
4196,15.865,620.524,641.414
4197,15.858,620.563,641.427
4198,15.851,620.602,641.441
4199,15.844,620.640,641.455
4200,15.837,620.679,641.469
4201,15.831,620.718,641.483
4202,15.824,620.757,641.497
4203,15.817,620.796,641.512
4204,15.810,620.835,641.526
4205,15.804,620.874,641.539
4206,15.797,620.913,641.554
4207,15.790,620.953,641.568
4208,15.783,620.991,641.582
4209,15.777,621.031,641.597
4210,15.770,621.070,641.611
4211,15.763,621.109,641.624
4212,15.756,621.148,641.639
4213,15.750,621.188,641.653
4214,15.743,621.228,641.667
4215,15.736,621.267,641.682
4216,15.730,621.306,641.696
4217,15.723,621.346,641.710
4218,15.716,621.385,641.724
4219,15.710,621.425,641.738
4220,15.703,621.464,641.752
4221,15.696,621.504,641.767
4222,15.690,621.544,641.781
4223,15.683,621.583,641.795
4224,15.677,621.623,641.810
4225,15.670,621.662,641.824
4226,15.663,621.702,641.838
4227,15.657,621.742,641.853
4228,15.650,621.782,641.867
4229,15.644,621.821,641.881
4230,15.637,621.861,641.896
4231,15.631,621.901,641.910
4232,15.624,621.941,641.925
4233,15.618,621.981,641.939
4234,15.611,622.021,641.953
4235,15.605,622.061,641.968
4236,15.598,622.100,641.982
4237,15.592,622.141,641.996
4238,15.585,622.181,642.011
4239,15.579,622.221,642.025
4240,15.572,622.261,642.040
4241,15.566,622.301,642.054
4242,15.560,622.341,642.069
4243,15.553,622.381,642.084
4244,15.547,622.421,642.098
4245,15.540,622.462,642.112
4246,15.534,622.502,642.127
4247,15.528,622.542,642.141
4248,15.521,622.582,642.156
4249,15.515,622.623,642.171
4250,15.508,622.664,642.185
4251,15.502,622.704,642.200
4252,15.496,622.744,642.214
4253,15.489,622.785,642.229
4254,15.483,622.825,642.244
4255,15.477,622.866,642.258
4256,15.471,622.907,642.273
4257,15.464,622.946,642.287
4258,15.458,622.987,642.302
4259,15.452,623.028,642.317
4260,15.445,623.069,642.331
4261,15.439,623.110,642.346
4262,15.433,623.149,642.360
4263,15.427,623.190,642.376
4264,15.421,623.231,642.390
4265,15.414,623.272,642.404
4266,15.408,623.313,642.420
4267,15.402,623.354,642.434
4268,15.396,623.394,642.449
4269,15.390,623.436,642.464
4270,15.383,623.476,642.478
4271,15.377,623.517,642.493
4272,15.371,623.558,642.507
4273,15.365,623.599,642.523
4274,15.359,623.641,642.537
4275,15.353,623.682,642.553
4276,15.347,623.723,642.567
4277,15.341,623.763,642.582
4278,15.335,623.804,642.597
4279,15.328,623.846,642.611
4280,15.322,623.887,642.627
4281,15.316,623.928,642.641
4282,15.310,623.969,642.656
4283,15.304,624.011,642.671
4284,15.298,624.052,642.686
4285,15.292,624.093,642.701
4286,15.286,624.135,642.715
4287,15.280,624.175,642.730
4288,15.274,624.218,642.745
4289,15.268,624.259,642.761
4290,15.262,624.300,642.775
4291,15.256,624.341,642.790
4292,15.250,624.383,642.805
4293,15.245,624.424,642.820
4294,15.239,624.466,642.835
4295,15.233,624.507,642.850
4296,15.227,624.549,642.865
4297,15.221,624.590,642.880
4298,15.215,624.632,642.895
4299,15.209,624.674,642.910
4300,15.203,624.716,642.925
4301,15.197,624.757,642.940
4302,15.192,624.799,642.955
4303,15.186,624.841,642.970
4304,15.180,624.883,642.986
4305,15.174,624.924,643.000
4306,15.168,624.966,643.016
4307,15.162,625.008,643.031
4308,15.157,625.050,643.046
4309,15.151,625.092,643.061
4310,15.145,625.134,643.076
4311,15.139,625.175,643.091
4312,15.134,625.217,643.106
4313,15.128,625.260,643.121
4314,15.122,625.302,643.137
4315,15.116,625.344,643.152
4316,15.111,625.386,643.167
4317,15.105,625.428,643.182
4318,15.099,625.470,643.198
4319,15.094,625.512,643.212
4320,15.088,625.554,643.228
4321,15.082,625.596,643.243
4322,15.077,625.638,643.258
4323,15.071,625.680,643.273
4324,15.065,625.723,643.289
4325,15.060,625.765,643.304
4326,15.054,625.807,643.319
4327,15.049,625.850,643.334
4328,15.043,625.892,643.350
4329,15.037,625.934,643.365
4330,15.032,625.976,643.380
4331,15.026,626.019,643.395
4332,15.021,626.061,643.411
4333,15.015,626.104,643.426
4334,15.010,626.146,643.441
4335,15.004,626.189,643.457
4336,14.999,626.231,643.472
4337,14.993,626.273,643.487
4338,14.988,626.316,643.503
4339,14.982,626.359,643.518
4340,14.977,626.401,643.533
4341,14.971,626.444,643.549
4342,14.966,626.486,643.564
4343,14.960,626.529,643.580
4344,14.955,626.572,643.595
4345,14.950,626.615,643.611
4346,14.944,626.657,643.626
4347,14.939,626.700,643.642
4348,14.933,626.743,643.656
4349,14.928,626.786,643.672
4350,14.923,626.828,643.687
4351,14.917,626.871,643.703
4352,14.912,626.914,643.719
4353,14.907,626.956,643.734
4354,14.901,626.999,643.750
4355,14.896,627.042,643.765
4356,14.891,627.085,643.781
4357,14.885,627.128,643.796
4358,14.880,627.171,643.812
4359,14.875,627.214,643.827
4360,14.869,627.257,643.843
4361,14.864,627.300,643.858
4362,14.859,627.343,643.874
4363,14.854,627.386,643.889
4364,14.848,627.429,643.905
4365,14.843,627.472,643.921
4366,14.838,627.515,643.936
4367,14.833,627.558,643.951
4368,14.828,627.601,643.967
4369,14.822,627.645,643.983
4370,14.817,627.687,643.998
4371,14.812,627.731,644.014
4372,14.807,627.774,644.029
4373,14.802,627.816,644.045
4374,14.797,627.860,644.061
4375,14.792,627.903,644.077
4376,14.787,627.946,644.092
4377,14.781,627.990,644.108
4378,14.776,628.033,644.123
4379,14.771,628.076,644.139
4380,14.766,628.120,644.155
4381,14.761,628.163,644.170
4382,14.756,628.206,644.186
4383,14.751,628.250,644.202
4384,14.746,628.293,644.217
4385,14.741,628.336,644.233
4386,14.736,628.380,644.248
4387,14.731,628.423,644.264
4388,14.726,628.467,644.280
4389,14.721,628.510,644.296
4390,14.716,628.553,644.312
4391,14.711,628.597,644.327
4392,14.706,628.640,644.343
4393,14.701,628.684,644.359
4394,14.696,628.727,644.375
4395,14.691,628.770,644.390
4396,14.687,628.814,644.406
4397,14.682,628.857,644.422
4398,14.677,628.901,644.438
4399,14.672,628.945,644.453
4400,14.667,628.988,644.469
4401,14.662,629.032,644.485
4402,14.657,629.076,644.501
4403,14.652,629.119,644.517
4404,14.648,629.163,644.533
4405,14.643,629.207,644.548
4406,14.638,629.249,644.564
4407,14.633,629.293,644.580
4408,14.628,629.337,644.596
4409,14.624,629.381,644.612
4410,14.619,629.424,644.627
4411,14.614,629.468,644.643
4412,14.609,629.512,644.659
4413,14.605,629.555,644.675
4414,14.600,629.599,644.691
4415,14.595,629.643,644.707
4416,14.591,629.687,644.722
4417,14.586,629.730,644.738
4418,14.581,629.774,644.754
4419,14.577,629.818,644.770
4420,14.572,629.861,644.786
4421,14.567,629.906,644.802
4422,14.563,629.949,644.818
4423,14.558,629.993,644.834
4424,14.553,630.037,644.850
4425,14.549,630.080,644.865
4426,14.544,630.125,644.881
4427,14.540,630.168,644.897
4428,14.535,630.212,644.913
4429,14.530,630.256,644.929
4430,14.526,630.300,644.946
4431,14.521,630.344,644.961
4432,14.517,630.387,644.977
4433,14.512,630.431,644.993
4434,14.508,630.475,645.009
4435,14.503,630.519,645.025
4436,14.499,630.563,645.041
4437,14.494,630.606,645.057
4438,14.490,630.650,645.073
4439,14.485,630.694,645.089
4440,14.481,630.738,645.104
4441,14.476,630.783,645.120
4442,14.472,630.826,645.136
4443,14.468,630.870,645.153
4444,14.463,630.914,645.169
4445,14.459,630.958,645.185
4446,14.454,631.002,645.201
4447,14.450,631.045,645.216
4448,14.446,631.089,645.232
4449,14.441,631.133,645.249
4450,14.437,631.177,645.265
4451,14.432,631.222,645.281
4452,14.428,631.265,645.297
4453,14.424,631.309,645.313
4454,14.420,631.353,645.328
4455,14.415,631.397,645.345
4456,14.411,631.441,645.361
4457,14.407,631.484,645.376
4458,14.402,631.529,645.393
4459,14.398,631.573,645.409
4460,14.394,631.617,645.425
4461,14.390,631.660,645.441
4462,14.385,631.704,645.457
4463,14.381,631.749,645.473
4464,14.377,631.793,645.489
4465,14.373,631.836,645.505
4466,14.369,631.880,645.521
4467,14.364,631.924,645.537
4468,14.360,631.967,645.553
4469,14.356,632.012,645.569
4470,14.352,632.056,645.585
4471,14.348,632.099,645.601
4472,14.344,632.143,645.617
4473,14.339,632.188,645.633
4474,14.335,632.232,645.649
4475,14.331,632.275,645.665
4476,14.327,632.319,645.682
4477,14.323,632.363,645.698
4478,14.319,632.407,645.714
4479,14.315,632.451,645.730
4480,14.311,632.494,645.745
4481,14.307,632.539,645.762
4482,14.303,632.582,645.778
4483,14.299,632.626,645.794
4484,14.295,632.671,645.810
4485,14.291,632.714,645.826
4486,14.287,632.758,645.842
4487,14.283,632.802,645.858
4488,14.279,632.846,645.874
4489,14.275,632.889,645.890
4490,14.271,632.933,645.906
4491,14.267,632.977,645.922
4492,14.263,633.021,645.938
4493,14.259,633.064,645.954
4494,14.255,633.109,645.971
4495,14.251,633.152,645.987
4496,14.247,633.196,646.003
4497,14.244,633.240,646.019
4498,14.240,633.283,646.035
4499,14.236,633.328,646.051
4500,14.232,633.371,646.067
4501,14.228,633.415,646.083
4502,14.224,633.459,646.099
4503,14.220,633.502,646.115
4504,14.217,633.545,646.131
4505,14.213,633.589,646.147
4506,14.209,633.633,646.163
4507,14.205,633.676,646.179
4508,14.201,633.720,646.195
4509,14.198,633.764,646.211
4510,14.194,633.808,646.227
4511,14.190,633.851,646.243
4512,14.186,633.895,646.259
4513,14.183,633.938,646.275
4514,14.179,633.982,646.291
4515,14.175,634.026,646.307
4516,14.172,634.069,646.323
4517,14.168,634.113,646.340
4518,14.164,634.156,646.355
4519,14.161,634.200,646.371
4520,14.157,634.243,646.388
4521,14.153,634.287,646.404
4522,14.150,634.330,646.419
4523,14.146,634.374,646.435
4524,14.142,634.417,646.451
4525,14.139,634.460,646.467
4526,14.135,634.503,646.483
4527,14.132,634.546,646.499
4528,14.128,634.590,646.515
4529,14.124,634.634,646.531
4530,14.121,634.677,646.547
4531,14.117,634.720,646.563
4532,14.114,634.763,646.579
4533,14.110,634.807,646.595
4534,14.107,634.850,646.611
4535,14.103,634.893,646.627
4536,14.100,634.936,646.643
4537,14.096,634.979,646.659
4538,14.093,635.022,646.675
4539,14.089,635.065,646.691
4540,14.086,635.109,646.707
4541,14.082,635.151,646.723
4542,14.079,635.195,646.739
4543,14.075,635.238,646.754
4544,14.072,635.281,646.770
4545,14.069,635.324,646.786
4546,14.065,635.367,646.802
4547,14.062,635.409,646.818
4548,14.058,635.452,646.834
4549,14.055,635.495,646.850
4550,14.052,635.538,646.866
4551,14.048,635.581,646.882
4552,14.045,635.624,646.897
4553,14.042,635.667,646.913
4554,14.038,635.709,646.930
4555,14.035,635.752,646.945
4556,14.032,635.794,646.961
4557,14.028,635.838,646.977
4558,14.025,635.880,646.992
4559,14.022,635.923,647.008
4560,14.018,635.965,647.024
4561,14.015,636.008,647.040
4562,14.012,636.051,647.056
4563,14.009,636.093,647.072
4564,14.005,636.136,647.088
4565,14.002,636.178,647.103
4566,13.999,636.220,647.119
4567,13.996,636.262,647.134
4568,13.993,636.305,647.150
4569,13.989,636.348,647.166
4570,13.986,636.390,647.182
4571,13.983,636.432,647.198
4572,13.980,636.475,647.213
4573,13.977,636.517,647.229
4574,13.973,636.559,647.245
4575,13.970,636.601,647.261
4576,13.967,636.642,647.276
4577,13.964,636.685,647.292
4578,13.961,636.727,647.308
4579,13.958,636.769,647.323
4580,13.955,636.811,647.339
4581,13.952,636.853,647.355
4582,13.949,636.895,647.370
4583,13.946,636.936,647.386
4584,13.942,636.979,647.402
4585,13.939,637.021,647.417
4586,13.936,637.062,647.433
4587,13.933,637.104,647.448
4588,13.930,637.146,647.464
4589,13.927,637.187,647.479
4590,13.924,637.229,647.495
4591,13.921,637.271,647.510
4592,13.918,637.312,647.526
4593,13.915,637.353,647.541
4594,13.912,637.394,647.557
4595,13.909,637.436,647.573
4596,13.906,637.478,647.588
4597,13.904,637.519,647.604
4598,13.901,637.561,647.619
4599,13.898,637.602,647.635
4600,13.895,637.643,647.650
4601,13.892,637.684,647.666
4602,13.889,637.725,647.681
4603,13.886,637.767,647.697
4604,13.883,637.807,647.712
4605,13.880,637.848,647.728
4606,13.877,637.890,647.743
4607,13.875,637.931,647.758
4608,13.872,637.971,647.773
4609,13.869,638.012,647.788
4610,13.866,638.053,647.804
4611,13.863,638.094,647.819
4612,13.860,638.134,647.834
4613,13.858,638.175,647.850
4614,13.855,638.216,647.865
4615,13.852,638.256,647.880
4616,13.849,638.297,647.896
4617,13.846,638.338,647.911
4618,13.844,638.378,647.926
4619,13.841,638.419,647.941
4620,13.838,638.459,647.957
4621,13.835,638.500,647.972
4622,13.833,638.540,647.987
4623,13.830,638.580,648.002
4624,13.827,638.620,648.017
4625,13.825,638.661,648.033
4626,13.822,638.700,648.048
4627,13.819,638.740,648.063
4628,13.817,638.780,648.078
4629,13.814,638.820,648.093
4630,13.811,638.860,648.108
4631,13.809,638.900,648.123
4632,13.806,638.939,648.138
4633,13.803,638.979,648.153
4634,13.801,639.019,648.168
4635,13.798,639.058,648.183
4636,13.795,639.098,648.198
4637,13.793,639.138,648.213
4638,13.790,639.177,648.228
4639,13.788,639.216,648.243
4640,13.785,639.257,648.258
4641,13.782,639.296,648.273
4642,13.780,639.335,648.288
4643,13.777,639.374,648.303
4644,13.775,639.414,648.317
4645,13.772,639.452,648.332
4646,13.770,639.492,648.347
4647,13.767,639.530,648.362
4648,13.765,639.569,648.377
4649,13.762,639.609,648.391
4650,13.760,639.647,648.406
4651,13.757,639.686,648.421
4652,13.755,639.724,648.436
4653,13.752,639.763,648.450
4654,13.750,639.802,648.465
4655,13.747,639.840,648.480
4656,13.745,639.879,648.494
4657,13.742,639.917,648.509
4658,13.740,639.956,648.524
4659,13.737,639.994,648.539
4660,13.735,640.033,648.553
4661,13.733,640.070,648.568
4662,13.730,640.109,648.582
4663,13.728,640.147,648.597
4664,13.725,640.185,648.611
4665,13.723,640.223,648.626
4666,13.721,640.261,648.640
4667,13.718,640.299,648.655
4668,13.716,640.337,648.669
4669,13.713,640.374,648.684
4670,13.711,640.412,648.698
4671,13.709,640.450,648.712
4672,13.706,640.487,648.727
4673,13.704,640.525,648.741
4674,13.702,640.562,648.755
4675,13.699,640.599,648.769
4676,13.697,640.637,648.784
4677,13.695,640.674,648.798
4678,13.693,640.712,648.813
4679,13.690,640.748,648.827
4680,13.688,640.786,648.841
4681,13.686,640.822,648.855
4682,13.683,640.859,648.869
4683,13.681,640.896,648.883
4684,13.679,640.933,648.898
4685,13.677,640.970,648.911
4686,13.675,641.007,648.926
4687,13.672,641.043,648.940
4688,13.670,641.080,648.954
4689,13.668,641.116,648.968
4690,13.666,641.153,648.981
4691,13.663,641.189,648.996
4692,13.661,641.225,649.010
4693,13.659,641.262,649.024
4694,13.657,641.298,649.038
4695,13.655,641.334,649.052
4696,13.653,641.370,649.066
4697,13.650,641.406,649.079
4698,13.648,641.442,649.093
4699,13.646,641.478,649.107
4700,13.644,641.513,649.121
4701,13.642,641.549,649.135
4702,13.640,641.584,649.148
4703,13.638,641.621,649.162
4704,13.635,641.656,649.176
4705,13.633,641.691,649.189
4706,13.631,641.726,649.203
4707,13.629,641.762,649.217
4708,13.627,641.797,649.231
4709,13.625,641.832,649.244
4710,13.623,641.867,649.258
4711,13.621,641.903,649.272
4712,13.619,641.937,649.285
4713,13.617,641.972,649.298
4714,13.615,642.006,649.311
4715,13.613,642.042,649.325
4716,13.611,642.076,649.339
4717,13.609,642.111,649.352
4718,13.607,642.145,649.366
4719,13.605,642.180,649.379
4720,13.603,642.214,649.392
4721,13.601,642.248,649.406
4722,13.599,642.283,649.419
4723,13.597,642.317,649.432
4724,13.595,642.351,649.446
4725,13.593,642.385,649.459
4726,13.591,642.418,649.472
4727,13.589,642.453,649.485
4728,13.587,642.486,649.498
4729,13.585,642.520,649.511
4730,13.583,642.554,649.524
4731,13.581,642.587,649.537
4732,13.579,642.620,649.550
4733,13.577,642.654,649.563
4734,13.575,642.688,649.577
4735,13.573,642.721,649.589
4736,13.571,642.754,649.602
4737,13.569,642.787,649.616
4738,13.567,642.820,649.628
4739,13.566,642.853,649.641
4740,13.564,642.886,649.654
4741,13.562,642.919,649.667
4742,13.560,642.952,649.680
4743,13.558,642.985,649.692
4744,13.556,643.017,649.705
4745,13.554,643.049,649.718
4746,13.552,643.082,649.730
4747,13.551,643.114,649.743
4748,13.549,643.147,649.756
4749,13.547,643.179,649.768
4750,13.545,643.211,649.781
4751,13.543,643.243,649.794
4752,13.541,643.275,649.806
4753,13.540,643.307,649.819
4754,13.538,643.339,649.832
4755,13.536,643.370,649.844
4756,13.534,643.402,649.856
4757,13.532,643.434,649.869
4758,13.531,643.465,649.881
4759,13.529,643.497,649.894
4760,13.527,643.528,649.906
4761,13.525,643.559,649.918
4762,13.524,643.591,649.931
4763,13.522,643.622,649.943
4764,13.520,643.653,649.955
4765,13.518,643.684,649.967
4766,13.517,643.715,649.980
4767,13.515,643.746,649.991
4768,13.513,643.776,650.004
4769,13.511,643.807,650.016
4770,13.510,643.838,650.028
4771,13.508,643.869,650.040
4772,13.506,643.899,650.052
4773,13.505,643.929,650.064
4774,13.503,643.959,650.076
4775,13.501,643.989,650.088
4776,13.500,644.020,650.100
4777,13.498,644.049,650.112
4778,13.496,644.080,650.124
4779,13.495,644.109,650.135
4780,13.493,644.139,650.147
4781,13.491,644.169,650.159
4782,13.490,644.199,650.171
4783,13.488,644.228,650.182
4784,13.486,644.258,650.194
4785,13.485,644.287,650.206
4786,13.483,644.316,650.217
4787,13.481,644.346,650.229
4788,13.480,644.375,650.241
4789,13.478,644.404,650.252
4790,13.476,644.433,650.264
4791,13.475,644.462,650.275
4792,13.473,644.491,650.286
4793,13.472,644.520,650.298
4794,13.470,644.548,650.310
4795,13.468,644.577,650.321
4796,13.467,644.606,650.332
4797,13.465,644.634,650.344
4798,13.464,644.662,650.355
4799,13.462,644.691,650.366
4800,13.461,644.719,650.378
4801,13.459,644.747,650.389
4802,13.457,644.775,650.400
4803,13.456,644.803,650.411
4804,13.454,644.831,650.422
4805,13.453,644.859,650.434
4806,13.451,644.887,650.445
4807,13.450,644.914,650.456
4808,13.448,644.941,650.467
4809,13.447,644.970,650.477
4810,13.445,644.997,650.488
4811,13.444,645.024,650.500
4812,13.442,645.051,650.511
4813,13.441,645.078,650.521
4814,13.439,645.106,650.532
4815,13.438,645.132,650.543
4816,13.436,645.159,650.554
4817,13.435,645.187,650.565
4818,13.433,645.213,650.575
4819,13.432,645.240,650.586
4820,13.430,645.266,650.596
4821,13.429,645.293,650.607
4822,13.427,645.319,650.618
4823,13.426,645.346,650.629
4824,13.424,645.372,650.639
4825,13.423,645.399,650.649
4826,13.421,645.424,650.660
4827,13.420,645.451,650.671
4828,13.418,645.476,650.681
4829,13.417,645.503,650.691
4830,13.415,645.528,650.702
4831,13.414,645.554,650.712
4832,13.413,645.580,650.723
4833,13.411,645.606,650.733
4834,13.410,645.631,650.743
4835,13.408,645.656,650.753
4836,13.407,645.681,650.764
4837,13.406,645.707,650.774
4838,13.404,645.732,650.784
4839,13.403,645.757,650.794
4840,13.401,645.782,650.804
4841,13.400,645.807,650.815
4842,13.399,645.832,650.825
4843,13.397,645.857,650.835
4844,13.396,645.881,650.844
4845,13.394,645.906,650.854
4846,13.393,645.930,650.865
4847,13.392,645.955,650.875
4848,13.390,645.979,650.884
4849,13.389,646.004,650.894
4850,13.387,646.028,650.904
4851,13.386,646.052,650.914
4852,13.385,646.077,650.924
4853,13.383,646.100,650.933
4854,13.382,646.125,650.943
4855,13.381,646.148,650.953
4856,13.379,646.172,650.963
4857,13.378,646.196,650.972
4858,13.377,646.219,650.981
4859,13.375,646.243,650.991
4860,13.374,646.266,651.001
4861,13.373,646.290,651.010
4862,13.371,646.313,651.020
4863,13.370,646.336,651.029
4864,13.369,646.360,651.039
4865,13.368,646.383,651.048
4866,13.366,646.406,651.057
4867,13.365,646.428,651.067
4868,13.364,646.451,651.076
4869,13.362,646.474,651.085
4870,13.361,646.497,651.095
4871,13.360,646.519,651.104
4872,13.358,646.542,651.113
4873,13.357,646.564,651.122
4874,13.356,646.587,651.131
4875,13.355,646.609,651.140
4876,13.353,646.631,651.150
4877,13.352,646.653,651.159
4878,13.351,646.675,651.167
4879,13.350,646.697,651.176
4880,13.348,646.720,651.185
4881,13.347,646.741,651.195
4882,13.346,646.763,651.203
4883,13.345,646.785,651.212
4884,13.343,646.807,651.221
4885,13.342,646.828,651.230
4886,13.341,646.850,651.239
4887,13.340,646.871,651.248
4888,13.338,646.892,651.256
4889,13.337,646.914,651.265
4890,13.336,646.935,651.274
4891,13.335,646.956,651.282
4892,13.333,646.977,651.291
4893,13.332,646.998,651.300
4894,13.331,647.019,651.309
4895,13.330,647.040,651.317
4896,13.329,647.060,651.326
4897,13.327,647.081,651.334
4898,13.326,647.101,651.342
4899,13.325,647.122,651.351
4900,13.324,647.142,651.360
4901,13.323,647.163,651.367
4902,13.321,647.183,651.376
4903,13.320,647.204,651.384
4904,13.319,647.223,651.393
4905,13.318,647.244,651.401
4906,13.317,647.263,651.409
4907,13.315,647.284,651.418
4908,13.314,647.304,651.425
4909,13.313,647.323,651.434
4910,13.312,647.343,651.442
4911,13.311,647.363,651.450
4912,13.310,647.383,651.458
4913,13.308,647.402,651.466
4914,13.307,647.421,651.475
4915,13.306,647.441,651.482
4916,13.305,647.460,651.490
4917,13.304,647.480,651.498
4918,13.303,647.498,651.506
4919,13.302,647.518,651.514
4920,13.300,647.537,651.522
4921,13.299,647.556,651.530
4922,13.298,647.574,651.537
4923,13.297,647.593,651.545
4924,13.296,647.612,651.553
4925,13.295,647.631,651.560
4926,13.294,647.649,651.568
4927,13.292,647.668,651.576
4928,13.291,647.686,651.584
4929,13.290,647.705,651.591
4930,13.289,647.723,651.599
4931,13.288,647.741,651.607
4932,13.287,647.759,651.615
4933,13.286,647.778,651.622
4934,13.285,647.796,651.629
4935,13.284,647.814,651.637
4936,13.282,647.832,651.644
4937,13.281,647.849,651.652
4938,13.280,647.867,651.659
4939,13.279,647.885,651.667
4940,13.278,647.903,651.674
4941,13.277,647.920,651.681
4942,13.276,647.938,651.689
4943,13.275,647.956,651.695
4944,13.274,647.973,651.703
4945,13.273,647.991,651.710
4946,13.272,648.008,651.718
4947,13.270,648.025,651.724
4948,13.269,648.042,651.732
4949,13.268,648.059,651.739
4950,13.267,648.076,651.746
4951,13.266,648.093,651.753
4952,13.265,648.110,651.760
4953,13.264,648.127,651.767
4954,13.263,648.143,651.774
4955,13.262,648.160,651.781
4956,13.261,648.177,651.788
4957,13.260,648.193,651.795
4958,13.259,648.210,651.802
4959,13.258,648.226,651.809
4960,13.257,648.242,651.816
4961,13.256,648.259,651.823
4962,13.255,648.275,651.829
4963,13.254,648.291,651.836
4964,13.253,648.307,651.843
4965,13.251,648.324,651.850
4966,13.250,648.340,651.856
4967,13.249,648.355,651.863
4968,13.248,648.371,651.869
4969,13.247,648.387,651.876
4970,13.246,648.403,651.882
4971,13.245,648.418,651.889
4972,13.244,648.434,651.896
4973,13.243,648.449,651.903
4974,13.242,648.465,651.909
4975,13.241,648.480,651.915
4976,13.240,648.496,651.922
4977,13.239,648.511,651.928
4978,13.238,648.527,651.935
4979,13.237,648.542,651.941
4980,13.236,648.557,651.947
4981,13.235,648.573,651.954
4982,13.234,648.587,651.960
4983,13.233,648.603,651.967
4984,13.232,648.617,651.973
4985,13.231,648.632,651.979
4986,13.230,648.647,651.985
4987,13.229,648.662,651.991
4988,13.228,648.676,651.997
4989,13.227,648.691,652.004
4990,13.226,648.705,652.010
4991,13.225,648.720,652.016
4992,13.224,648.734,652.022
4993,13.223,648.749,652.028
4994,13.222,648.763,652.034
4995,13.221,648.778,652.040
4996,13.220,648.792,652.046
4997,13.219,648.806,652.052
4998,13.218,648.820,652.058
4999,13.217,648.834,652.064
