# Time (s),Mass (g),T Back (K),T Front (K)
0,68.400,293.000,293.000
1,68.400,293.000,322.499
2,68.400,293.000,334.424
3,68.400,293.000,343.358
4,68.400,293.000,350.823
5,68.400,293.000,357.299
6,68.400,293.000,363.117
7,68.400,293.000,368.385
8,68.400,293.000,373.237
9,68.400,293.000,377.732
10,68.400,293.000,381.947
11,68.400,293.000,385.904
12,68.400,293.000,389.656
13,68.400,293.000,393.209
14,68.400,293.000,396.603
15,68.400,293.000,399.836
16,68.400,293.000,402.942
17,68.400,293.000,405.912
18,68.400,293.000,408.779
19,68.400,293.000,411.531
20,68.400,293.000,414.194
21,68.400,293.000,416.758
22,68.400,293.000,419.246
23,68.400,293.000,421.646
24,68.400,293.000,423.981
25,68.400,293.000,426.237
26,68.400,293.000,428.429
27,68.400,293.000,430.555
28,68.400,293.000,432.621
29,68.400,293.000,434.631
30,68.400,293.000,436.588
31,68.400,293.000,438.491
32,68.400,293.000,440.346
33,68.399,293.000,442.154
34,68.399,293.000,443.917
35,68.399,293.000,445.636
36,68.399,293.000,447.313
37,68.399,293.000,448.951
38,68.399,293.000,450.549
39,68.399,293.000,452.110
40,68.399,293.001,453.633
41,68.398,293.001,455.123
42,68.398,293.001,456.578
43,68.398,293.001,457.999
44,68.398,293.002,459.388
45,68.398,293.002,460.746
46,68.397,293.003,462.074
47,68.397,293.004,463.372
48,68.397,293.004,464.641
49,68.396,293.005,465.882
50,68.396,293.006,467.096
51,68.395,293.008,468.284
52,68.395,293.009,469.446
53,68.395,293.011,470.582
54,68.394,293.013,471.695
55,68.394,293.015,472.784
56,68.393,293.017,473.851
57,68.392,293.020,474.895
58,68.392,293.023,475.917
59,68.391,293.027,476.919
60,68.390,293.031,477.900
61,68.390,293.035,478.862
62,68.389,293.040,479.804
63,68.388,293.045,480.728
64,68.387,293.051,481.634
65,68.387,293.057,482.523
66,68.386,293.065,483.395
67,68.385,293.072,484.250
68,68.384,293.080,485.090
69,68.383,293.089,485.914
70,68.382,293.098,486.725
71,68.381,293.109,487.519
72,68.380,293.119,488.302
73,68.378,293.131,489.069
74,68.377,293.144,489.825
75,68.376,293.157,490.568
76,68.375,293.172,491.299
77,68.374,293.187,492.018
78,68.372,293.204,492.725
79,68.371,293.221,493.422
80,68.370,293.240,494.108
81,68.368,293.259,494.784
82,68.367,293.279,495.450
83,68.365,293.300,496.107
84,68.364,293.323,496.753
85,68.362,293.347,497.390
86,68.361,293.372,498.020
87,68.359,293.399,498.641
88,68.357,293.426,499.253
89,68.356,293.455,499.857
90,68.354,293.486,500.453
91,68.352,293.516,501.042
92,68.351,293.549,501.624
93,68.349,293.583,502.198
94,68.347,293.620,502.765
95,68.345,293.656,503.326
96,68.343,293.694,503.879
97,68.341,293.735,504.427
98,68.339,293.776,504.969
99,68.338,293.819,505.504
100,68.336,293.863,506.034
101,68.334,293.910,506.557
102,68.332,293.957,507.074
103,68.329,294.006,507.586
104,68.327,294.057,508.093
105,68.325,294.109,508.595
106,68.323,294.163,509.091
107,68.321,294.218,509.581
108,68.319,294.275,510.068
109,68.317,294.335,510.549
110,68.314,294.394,511.027
111,68.312,294.457,511.498
112,68.310,294.521,511.966
113,68.307,294.586,512.429
114,68.305,294.653,512.888
115,68.303,294.723,513.343
116,68.300,294.793,513.793
117,68.298,294.866,514.240
118,68.296,294.940,514.682
119,68.293,295.016,515.120
120,68.291,295.093,515.555
121,68.288,295.172,515.986
122,68.286,295.254,516.413
123,68.283,295.336,516.836
124,68.280,295.421,517.255
125,68.278,295.508,517.671
126,68.275,295.596,518.083
127,68.273,295.686,518.493
128,68.270,295.777,518.898
129,68.267,295.871,519.301
130,68.265,295.966,519.700
131,68.262,296.063,520.096
132,68.259,296.162,520.489
133,68.256,296.263,520.878
134,68.254,296.365,521.264
135,68.251,296.469,521.647
136,68.248,296.575,522.028
137,68.245,296.682,522.407
138,68.242,296.792,522.782
139,68.239,296.902,523.152
140,68.236,297.015,523.521
141,68.233,297.129,523.887
142,68.230,297.246,524.251
143,68.228,297.364,524.612
144,68.225,297.483,524.970
145,68.221,297.605,525.325
146,68.218,297.727,525.678
147,68.215,297.853,526.028
148,68.212,297.979,526.377
149,68.209,298.107,526.722
150,68.206,298.237,527.064
151,68.203,298.368,527.405
152,68.200,298.501,527.744
153,68.196,298.636,528.079
154,68.193,298.772,528.412
155,68.190,298.911,528.743
156,68.187,299.050,529.073
157,68.183,299.191,529.399
158,68.180,299.334,529.722
159,68.177,299.479,530.045
160,68.173,299.624,530.366
161,68.170,299.772,530.682
162,68.167,299.922,530.998
163,68.163,300.072,531.312
164,68.160,300.224,531.624
165,68.156,300.379,531.932
166,68.153,300.534,532.240
167,68.149,300.690,532.546
168,68.146,300.849,532.848
169,68.142,301.009,533.150
170,68.139,301.170,533.450
171,68.135,301.333,533.748
172,68.132,301.497,534.043
173,68.128,301.662,534.337
174,68.124,301.830,534.629
175,68.121,301.999,534.918
176,68.117,302.168,535.208
177,68.113,302.340,535.494
178,68.110,302.512,535.778
179,68.106,302.686,536.062
180,68.102,302.862,536.343
181,68.098,303.039,536.621
182,68.094,303.217,536.901
183,68.090,303.396,537.176
184,68.087,303.578,537.450
185,68.083,303.759,537.724
186,68.079,303.943,537.994
187,68.075,304.128,538.263
188,68.071,304.314,538.533
189,68.067,304.501,538.797
190,68.063,304.689,539.063
191,68.059,304.879,539.326
192,68.055,305.070,539.587
193,68.051,305.262,539.848
194,68.047,305.456,540.105
195,68.043,305.650,540.362
196,68.038,305.846,540.619
197,68.034,306.043,540.871
198,68.030,306.241,541.126
199,68.026,306.441,541.376
200,68.022,306.641,541.625
201,68.017,306.842,541.875
202,68.013,307.045,542.120
203,68.009,307.248,542.367
204,68.005,307.453,542.610
205,68.000,307.659,542.853
206,67.996,307.866,543.095
207,67.992,308.074,543.333
208,67.987,308.284,543.574
209,67.983,308.493,543.810
210,67.978,308.705,544.046
211,67.974,308.916,544.281
212,67.969,309.130,544.513
213,67.965,309.344,544.747
214,67.960,309.559,544.976
215,67.956,309.775,545.208
216,67.951,309.992,545.435
217,67.947,310.210,545.663
218,67.942,310.429,545.889
219,67.937,310.649,546.112
220,67.933,310.869,546.337
221,67.928,311.091,546.557
222,67.923,311.313,546.781
223,67.919,311.537,546.999
224,67.914,311.761,547.219
225,67.909,311.986,547.435
226,67.904,312.212,547.652
227,67.899,312.439,547.868
228,67.895,312.667,548.082
229,67.890,312.895,548.295
230,67.885,313.124,548.507
231,67.880,313.355,548.718
232,67.875,313.586,548.927
233,67.870,313.817,549.137
234,67.865,314.049,549.343
235,67.860,314.282,549.552
236,67.855,314.517,549.754
237,67.850,314.751,549.961
238,67.845,314.987,550.163
239,67.840,315.222,550.366
240,67.835,315.460,550.566
241,67.830,315.697,550.768
242,67.825,315.935,550.966
243,67.819,316.174,551.166
244,67.814,316.414,551.362
245,67.809,316.655,551.559
246,67.804,316.895,551.753
247,67.798,317.137,551.949
248,67.793,317.379,552.141
249,67.788,317.622,552.334
250,67.783,317.866,552.525
251,67.777,318.110,552.717
252,67.772,318.355,552.906
253,67.767,318.600,553.095
254,67.761,318.846,553.282
255,67.756,319.093,553.469
256,67.750,319.340,553.655
257,67.745,319.587,553.841
258,67.739,319.835,554.024
259,67.734,320.084,554.208
260,67.728,320.334,554.390
261,67.723,320.584,554.572
262,67.717,320.834,554.752
263,67.712,321.085,554.932
264,67.706,321.337,555.110
265,67.700,321.589,555.289
266,67.695,321.841,555.466
267,67.689,322.094,555.643
268,67.683,322.347,555.818
269,67.678,322.601,555.993
270,67.672,322.856,556.166
271,67.666,323.111,556.340
272,67.660,323.366,556.512
273,67.654,323.621,556.684
274,67.649,323.877,556.854
275,67.643,324.134,557.025
276,67.637,324.391,557.193
277,67.631,324.649,557.362
278,67.625,324.907,557.529
279,67.619,325.165,557.696
280,67.613,325.423,557.862
281,67.607,325.683,558.028
282,67.601,325.942,558.192
283,67.595,326.202,558.356
284,67.589,326.462,558.519
285,67.583,326.723,558.682
286,67.577,326.984,558.843
287,67.571,327.245,559.005
288,67.565,327.507,559.164
289,67.559,327.769,559.324
290,67.553,328.031,559.483
291,67.546,328.294,559.641
292,67.540,328.557,559.798
293,67.534,328.820,559.955
294,67.528,329.084,560.111
295,67.522,329.348,560.267
296,67.515,329.612,560.421
297,67.509,329.876,560.576
298,67.503,330.141,560.728
299,67.496,330.407,560.881
300,67.490,330.672,561.033
301,67.484,330.938,561.185
302,67.477,331.204,561.336
303,67.471,331.470,561.486
304,67.464,331.737,561.635
305,67.458,332.003,561.785
306,67.452,332.270,561.932
307,67.445,332.538,562.081
308,67.439,332.805,562.227
309,67.432,333.073,562.374
310,67.426,333.341,562.519
311,67.419,333.609,562.665
312,67.412,333.878,562.809
313,67.406,334.146,562.953
314,67.399,334.415,563.097
315,67.393,334.684,563.240
316,67.386,334.953,563.381
317,67.379,335.222,563.523
318,67.373,335.492,563.664
319,67.366,335.762,563.805
320,67.359,336.032,563.944
321,67.352,336.302,564.084
322,67.346,336.572,564.223
323,67.339,336.843,564.362
324,67.332,337.114,564.499
325,67.325,337.385,564.636
326,67.318,337.656,564.772
327,67.311,337.927,564.909
328,67.305,338.198,565.044
329,67.298,338.469,565.180
330,67.291,338.741,565.313
331,67.284,339.013,565.448
332,67.277,339.284,565.581
333,67.270,339.556,565.714
334,67.263,339.828,565.846
335,67.256,340.101,565.978
336,67.249,340.373,566.109
337,67.242,340.645,566.241
338,67.235,340.918,566.371
339,67.228,341.191,566.501
340,67.221,341.463,566.630
341,67.213,341.736,566.759
342,67.206,342.009,566.887
343,67.199,342.282,567.015
344,67.192,342.555,567.142
345,67.185,342.828,567.269
346,67.178,343.102,567.395
347,67.170,343.375,567.522
348,67.163,343.648,567.647
349,67.156,343.922,567.773
350,67.149,344.195,567.897
351,67.141,344.469,568.021
352,67.134,344.742,568.144
353,67.127,345.016,568.268
354,67.119,345.290,568.390
355,67.112,345.563,568.513
356,67.105,345.837,568.634
357,67.097,346.111,568.756
358,67.090,346.385,568.876
359,67.082,346.659,568.997
360,67.075,346.932,569.117
361,67.067,347.206,569.237
362,67.060,347.480,569.355
363,67.052,347.754,569.475
364,67.045,348.028,569.593
365,67.037,348.302,569.711
366,67.030,348.576,569.829
367,67.022,348.850,569.946
368,67.015,349.124,570.062
369,67.007,349.398,570.179
370,66.999,349.672,570.294
371,66.992,349.947,570.410
372,66.984,350.221,570.524
373,66.976,350.495,570.639
374,66.969,350.769,570.753
375,66.961,351.043,570.868
376,66.953,351.316,570.980
377,66.946,351.590,571.094
378,66.938,351.864,571.206
379,66.930,352.138,571.318
380,66.922,352.412,571.430
381,66.914,352.686,571.542
382,66.907,352.960,571.652
383,66.899,353.233,571.764
384,66.891,353.507,571.874
385,66.883,353.781,571.984
386,66.875,354.054,572.093
387,66.867,354.328,572.203
388,66.859,354.601,572.311
389,66.851,354.875,572.420
390,66.843,355.148,572.527
391,66.835,355.422,572.636
392,66.827,355.695,572.743
393,66.819,355.968,572.850
394,66.811,356.241,572.956
395,66.803,356.514,573.063
396,66.795,356.787,573.168
397,66.787,357.060,573.274
398,66.779,357.333,573.379
399,66.771,357.606,573.484
400,66.763,357.878,573.589
401,66.755,358.151,573.693
402,66.746,358.423,573.797
403,66.738,358.696,573.901
404,66.730,358.968,574.004
405,66.722,359.240,574.107
406,66.713,359.512,574.209
407,66.705,359.784,574.312
408,66.697,360.056,574.413
409,66.689,360.328,574.515
410,66.680,360.600,574.616
411,66.672,360.871,574.717
412,66.664,361.143,574.817
413,66.655,361.414,574.918
414,66.647,361.685,575.018
415,66.639,361.957,575.118
416,66.630,362.228,575.217
417,66.622,362.498,575.316
418,66.613,362.769,575.414
419,66.605,363.040,575.513
420,66.596,363.310,575.611
421,66.588,363.580,575.709
422,66.579,363.851,575.806
423,66.571,364.121,575.903
424,66.562,364.391,576.000
425,66.554,364.661,576.097
426,66.545,364.930,576.193
427,66.537,365.200,576.289
428,66.528,365.469,576.385
429,66.519,365.739,576.481
430,66.511,366.008,576.575
431,66.502,366.277,576.671
432,66.494,366.546,576.765
433,66.485,366.815,576.859
434,66.476,367.083,576.953
435,66.467,367.351,577.047
436,66.459,367.620,577.139
437,66.450,367.888,577.233
438,66.441,368.155,577.326
439,66.432,368.423,577.419
440,66.424,368.690,577.511
441,66.415,368.958,577.603
442,66.406,369.225,577.695
443,66.397,369.492,577.786
444,66.388,369.758,577.877
445,66.379,370.025,577.968
446,66.370,370.292,578.058
447,66.362,370.558,578.149
448,66.353,370.824,578.239
449,66.344,371.090,578.330
450,66.335,371.355,578.419
451,66.326,371.621,578.508
452,66.317,371.886,578.597
453,66.308,372.151,578.686
454,66.299,372.416,578.774
455,66.290,372.681,578.863
456,66.281,372.945,578.951
457,66.272,373.210,579.039
458,66.262,373.474,579.126
459,66.253,373.738,579.214
460,66.244,374.002,579.301
461,66.235,374.265,579.388
462,66.226,374.528,579.474
463,66.217,374.791,579.561
464,66.208,375.054,579.646
465,66.198,375.316,579.733
466,66.189,375.579,579.818
467,66.180,375.841,579.904
468,66.171,376.103,579.988
469,66.161,376.364,580.074
470,66.152,376.626,580.158
471,66.143,376.887,580.243
472,66.133,377.148,580.327
473,66.124,377.409,580.411
474,66.115,377.670,580.495
475,66.105,377.930,580.578
476,66.096,378.190,580.661
477,66.087,378.450,580.744
478,66.077,378.709,580.827
479,66.068,378.968,580.910
480,66.058,379.227,580.992
481,66.049,379.486,581.075
482,66.039,379.745,581.156
483,66.030,380.003,581.238
484,66.020,380.261,581.319
485,66.011,380.519,581.401
486,66.001,380.776,581.481
487,65.992,381.033,581.562
488,65.982,381.290,581.642
489,65.972,381.547,581.723
490,65.963,381.804,581.803
491,65.953,382.060,581.884
492,65.943,382.316,581.963
493,65.934,382.572,582.043
494,65.924,382.827,582.122
495,65.914,383.082,582.201
496,65.905,383.337,582.280
497,65.895,383.591,582.359
498,65.885,383.845,582.438
499,65.875,384.099,582.516
500,65.866,384.353,582.594
501,65.856,384.606,582.672
502,65.846,384.859,582.749
503,65.836,385.112,582.827
504,65.826,385.365,582.904
505,65.816,385.617,582.982
506,65.807,385.869,583.058
507,65.797,386.120,583.135
508,65.787,386.371,583.211
509,65.777,386.622,583.288
510,65.767,386.873,583.363
511,65.757,387.123,583.440
512,65.747,387.373,583.515
513,65.737,387.622,583.591
514,65.727,387.872,583.666
515,65.717,388.121,583.742
516,65.707,388.369,583.816
517,65.697,388.618,583.891
518,65.687,388.866,583.966
519,65.677,389.114,584.041
520,65.667,389.361,584.114
521,65.656,389.609,584.189
522,65.646,389.855,584.262
523,65.636,390.101,584.337
524,65.626,390.347,584.409
525,65.616,390.593,584.483
526,65.605,390.839,584.556
527,65.595,391.083,584.629
528,65.585,391.328,584.701
529,65.575,391.572,584.774
530,65.564,391.816,584.846
531,65.554,392.060,584.919
532,65.544,392.303,584.991
533,65.534,392.546,585.063
534,65.523,392.789,585.134
535,65.513,393.031,585.206
536,65.502,393.273,585.277
537,65.492,393.514,585.349
538,65.482,393.755,585.420
539,65.471,393.996,585.490
540,65.461,394.236,585.561
541,65.450,394.476,585.631
542,65.440,394.716,585.702
543,65.429,394.955,585.772
544,65.419,395.194,585.842
545,65.408,395.432,585.912
546,65.398,395.670,585.981
547,65.387,395.908,586.051
548,65.377,396.145,586.120
549,65.366,396.382,586.189
550,65.355,396.618,586.258
551,65.345,396.854,586.327
552,65.334,397.090,586.396
553,65.323,397.325,586.465
554,65.313,397.560,586.532
555,65.302,397.795,586.601
556,65.291,398.029,586.668
557,65.281,398.262,586.737
558,65.270,398.495,586.804
559,65.259,398.728,586.872
560,65.248,398.961,586.939
561,65.238,399.193,587.006
562,65.227,399.424,587.073
563,65.216,399.655,587.140
564,65.205,399.886,587.207
565,65.194,400.116,587.274
566,65.183,400.346,587.340
567,65.172,400.576,587.407
568,65.162,400.805,587.473
569,65.151,401.033,587.539
570,65.140,401.261,587.605
571,65.129,401.489,587.671
572,65.118,401.716,587.736
573,65.107,401.943,587.802
574,65.096,402.169,587.866
575,65.085,402.395,587.932
576,65.074,402.620,587.996
577,65.063,402.845,588.061
578,65.051,403.070,588.125
579,65.040,403.294,588.190
580,65.029,403.517,588.254
581,65.018,403.740,588.319
582,65.007,403.963,588.383
583,64.996,404.185,588.447
584,64.985,404.407,588.511
585,64.973,404.629,588.574
586,64.962,404.849,588.638
587,64.951,405.069,588.701
588,64.940,405.289,588.764
589,64.928,405.509,588.828
590,64.917,405.727,588.891
591,64.906,405.945,588.953
592,64.895,406.163,589.016
593,64.883,406.381,589.078
594,64.872,406.598,589.141
595,64.861,406.815,589.203
596,64.849,407.031,589.265
597,64.838,407.246,589.327
598,64.826,407.461,589.388
599,64.815,407.675,589.450
600,64.803,407.889,589.512
601,64.792,408.103,589.573
602,64.781,408.316,589.635
603,64.769,408.528,589.696
604,64.757,408.740,589.757
605,64.746,408.952,589.818
606,64.734,409.162,589.878
607,64.723,409.372,589.939
608,64.711,409.582,589.999
609,64.700,409.792,590.060
610,64.688,410.001,590.120
611,64.676,410.210,590.181
612,64.665,410.417,590.240
613,64.653,410.624,590.300
614,64.641,410.831,590.359
615,64.630,411.037,590.419
616,64.618,411.243,590.478
617,64.606,411.449,590.538
618,64.594,411.653,590.597
619,64.583,411.857,590.656
620,64.571,412.061,590.715
621,64.559,412.264,590.774
622,64.547,412.466,590.833
623,64.535,412.668,590.892
624,64.524,412.869,590.950
625,64.512,413.071,591.008
626,64.500,413.271,591.066
627,64.488,413.471,591.125
628,64.476,413.670,591.183
629,64.464,413.869,591.240
630,64.452,414.067,591.298
631,64.440,414.264,591.355
632,64.428,414.461,591.413
633,64.416,414.658,591.470
634,64.404,414.854,591.527
635,64.392,415.050,591.584
636,64.380,415.244,591.641
637,64.368,415.438,591.698
638,64.356,415.632,591.755
639,64.344,415.826,591.812
640,64.332,416.018,591.868
641,64.320,416.210,591.925
642,64.307,416.402,591.981
643,64.295,416.593,592.037
644,64.283,416.783,592.093
645,64.271,416.973,592.149
646,64.259,417.162,592.205
647,64.246,417.351,592.261
648,64.234,417.539,592.316
649,64.222,417.727,592.372
650,64.210,417.914,592.427
651,64.197,418.100,592.483
652,64.185,418.286,592.537
653,64.173,418.472,592.593
654,64.160,418.656,592.647
655,64.148,418.840,592.702
656,64.136,419.024,592.756
657,64.123,419.207,592.811
658,64.111,419.390,592.865
659,64.098,419.572,592.920
660,64.086,419.753,592.974
661,64.073,419.934,593.028
662,64.061,420.114,593.082
663,64.049,420.294,593.136
664,64.036,420.473,593.190
665,64.023,420.651,593.244
666,64.011,420.829,593.297
667,63.998,421.007,593.351
668,63.986,421.184,593.404
669,63.973,421.360,593.457
670,63.961,421.536,593.510
671,63.948,421.711,593.563
672,63.935,421.886,593.616
673,63.923,422.060,593.669
674,63.910,422.233,593.722
675,63.897,422.406,593.775
676,63.885,422.578,593.827
677,63.872,422.750,593.880
678,63.859,422.921,593.931
679,63.846,423.092,593.984
680,63.834,423.262,594.035
681,63.821,423.432,594.088
682,63.808,423.601,594.139
683,63.795,423.769,594.192
684,63.782,423.937,594.243
685,63.770,424.104,594.295
686,63.757,424.271,594.346
687,63.744,424.438,594.397
688,63.731,424.603,594.448
689,63.718,424.768,594.500
690,63.705,424.933,594.551
691,63.692,425.097,594.602
692,63.679,425.260,594.652
693,63.666,425.423,594.703
694,63.653,425.586,594.754
695,63.640,425.748,594.804
696,63.627,425.909,594.855
697,63.614,426.070,594.905
698,63.601,426.230,594.956
699,63.588,426.390,595.006
700,63.575,426.549,595.056
701,63.562,426.708,595.106
702,63.549,426.866,595.155
703,63.536,427.023,595.205
704,63.523,427.180,595.255
705,63.510,427.337,595.304
706,63.496,427.493,595.354
707,63.483,427.648,595.403
708,63.470,427.803,595.452
709,63.457,427.958,595.501
710,63.444,428.112,595.550
711,63.430,428.266,595.599
712,63.417,428.418,595.648
713,63.404,428.571,595.697
714,63.391,428.723,595.746
715,63.377,428.874,595.794
716,63.364,429.025,595.843
717,63.351,429.175,595.891
718,63.337,429.325,595.940
719,63.324,429.475,595.988
720,63.311,429.624,596.036
721,63.297,429.773,596.084
722,63.284,429.920,596.132
723,63.270,430.068,596.180
724,63.257,430.215,596.227
725,63.244,430.361,596.275
726,63.230,430.508,596.323
727,63.217,430.653,596.371
728,63.203,430.799,596.417
729,63.190,430.943,596.465
730,63.176,431.087,596.512
731,63.163,431.231,596.560
732,63.149,431.374,596.606
733,63.136,431.517,596.654
734,63.122,431.659,596.700
735,63.108,431.801,596.747
736,63.095,431.943,596.793
737,63.081,432.084,596.840
738,63.068,432.225,596.886
739,63.054,432.365,596.933
740,63.040,432.504,596.979
741,63.027,432.643,597.026
742,63.013,432.782,597.072
743,62.999,432.921,597.118
744,62.986,433.059,597.164
745,62.972,433.196,597.210
746,62.958,433.333,597.255
747,62.945,433.470,597.301
748,62.931,433.607,597.347
749,62.917,433.743,597.392
750,62.903,433.879,597.438
751,62.889,434.014,597.483
752,62.876,434.148,597.529
753,62.862,434.283,597.574
754,62.848,434.417,597.619
755,62.834,434.550,597.664
756,62.820,434.684,597.709
757,62.806,434.817,597.754
758,62.793,434.949,597.798
759,62.779,435.082,597.843
760,62.765,435.213,597.888
761,62.751,435.344,597.932
762,62.737,435.475,597.977
763,62.723,435.606,598.021
764,62.709,435.736,598.065
765,62.695,435.866,598.109
766,62.681,435.996,598.153
767,62.667,436.125,598.197
768,62.653,436.254,598.241
769,62.639,436.382,598.285
770,62.625,436.511,598.329
771,62.611,436.639,598.373
772,62.597,436.767,598.416
773,62.583,436.894,598.460
774,62.569,437.021,598.504
775,62.555,437.147,598.547
776,62.541,437.273,598.590
777,62.527,437.399,598.633
778,62.512,437.525,598.677
779,62.498,437.651,598.720
780,62.484,437.776,598.763
781,62.470,437.900,598.806
782,62.456,438.025,598.848
783,62.442,438.149,598.891
784,62.427,438.273,598.934
785,62.413,438.397,598.977
786,62.399,438.520,599.019
787,62.385,438.643,599.062
788,62.371,438.766,599.104
789,62.356,438.889,599.147
790,62.342,439.011,599.188
791,62.328,439.133,599.231
792,62.314,439.255,599.272
793,62.299,439.376,599.315
794,62.285,439.497,599.356
795,62.271,439.618,599.399
796,62.256,439.739,599.440
797,62.242,439.860,599.482
798,62.228,439.980,599.523
799,62.213,440.101,599.565
800,62.199,440.220,599.606
801,62.185,440.340,599.648
802,62.170,440.460,599.689
803,62.156,440.579,599.731
804,62.141,440.698,599.772
805,62.127,440.816,599.813
806,62.112,440.935,599.854
807,62.098,441.053,599.895
808,62.084,441.171,599.936
809,62.069,441.289,599.976
810,62.055,441.407,600.017
811,62.040,441.524,600.058
812,62.026,441.642,600.099
813,62.011,441.759,600.139
814,61.997,441.876,600.180
815,61.982,441.993,600.220
816,61.968,442.109,600.260
817,61.953,442.226,600.301
818,61.938,442.342,600.341
819,61.924,442.458,600.381
820,61.909,442.574,600.421
821,61.895,442.690,600.461
822,61.880,442.805,600.501
823,61.866,442.921,600.541
824,61.851,443.036,600.580
825,61.836,443.151,600.620
826,61.822,443.266,600.659
827,61.807,443.381,600.699
828,61.792,443.496,600.738
829,61.778,443.611,600.778
830,61.763,443.725,600.817
831,61.748,443.839,600.857
832,61.734,443.954,600.895
833,61.719,444.068,600.935
834,61.704,444.182,600.974
835,61.689,444.295,601.014
836,61.675,444.409,601.052
837,61.660,444.522,601.091
838,61.645,444.636,601.129
839,61.630,444.749,601.169
840,61.616,444.862,601.207
841,61.601,444.975,601.246
842,61.586,445.088,601.284
843,61.571,445.201,601.323
844,61.556,445.314,601.361
845,61.542,445.427,601.400
846,61.527,445.539,601.438
847,61.512,445.652,601.476
848,61.497,445.764,601.514
849,61.482,445.877,601.552
850,61.467,445.989,601.590
851,61.453,446.101,601.628
852,61.438,446.214,601.666
853,61.423,446.326,601.704
854,61.408,446.438,601.742
855,61.393,446.550,601.780
856,61.378,446.661,601.817
857,61.363,446.773,601.855
858,61.348,446.885,601.893
859,61.333,446.997,601.930
860,61.318,447.108,601.968
861,61.303,447.220,602.005
862,61.288,447.331,602.042
863,61.273,447.443,602.079
864,61.258,447.554,602.117
865,61.243,447.665,602.154
866,61.228,447.777,602.191
867,61.213,447.888,602.228
868,61.198,447.999,602.265
869,61.183,448.110,602.302
870,61.168,448.221,602.338
871,61.153,448.332,602.375
872,61.138,448.444,602.412
873,61.123,448.555,602.448
874,61.108,448.665,602.485
875,61.093,448.776,602.521
876,61.078,448.887,602.558
877,61.063,448.998,602.594
878,61.048,449.109,602.630
879,61.032,449.220,602.667
880,61.017,449.331,602.703
881,61.002,449.442,602.739
882,60.987,449.552,602.775
883,60.972,449.663,602.811
884,60.957,449.774,602.847
885,60.942,449.885,602.883
886,60.926,449.995,602.919
887,60.911,450.106,602.955
888,60.896,450.217,602.991
889,60.881,450.328,603.026
890,60.866,450.438,603.062
891,60.850,450.549,603.098
892,60.835,450.660,603.133
893,60.820,450.771,603.169
894,60.805,450.882,603.204
895,60.789,450.992,603.240
896,60.774,451.103,603.275
897,60.759,451.214,603.310
898,60.744,451.325,603.346
899,60.728,451.435,603.381
900,60.713,451.546,603.416
901,60.698,451.657,603.451
902,60.682,451.768,603.486
903,60.667,451.879,603.521
904,60.652,451.990,603.556
905,60.636,452.101,603.591
906,60.621,452.212,603.625
907,60.606,452.323,603.660
908,60.590,452.434,603.695
909,60.575,452.545,603.730
910,60.560,452.656,603.764
911,60.544,452.767,603.799
912,60.529,452.878,603.833
913,60.513,452.989,603.868
914,60.498,453.100,603.902
915,60.483,453.212,603.937
916,60.467,453.323,603.970
917,60.452,453.434,604.005
918,60.436,453.545,604.039
919,60.421,453.657,604.074
920,60.405,453.768,604.107
921,60.390,453.880,604.142
922,60.374,453.991,604.175
923,60.359,454.103,604.210
924,60.343,454.214,604.243
925,60.328,454.326,604.278
926,60.312,454.437,604.311
927,60.297,454.549,604.345
928,60.281,454.661,604.378
929,60.266,454.773,604.413
930,60.250,454.885,604.446
931,60.235,454.997,604.480
932,60.219,455.109,604.513
933,60.204,455.221,604.547
934,60.188,455.333,604.580
935,60.173,455.445,604.614
936,60.157,455.557,604.647
937,60.141,455.669,604.680
938,60.126,455.782,604.713
939,60.110,455.894,604.747
940,60.095,456.006,604.780
941,60.079,456.119,604.813
942,60.063,456.231,604.846
943,60.048,456.344,604.879
944,60.032,456.457,604.912
945,60.016,456.570,604.945
946,60.001,456.682,604.978
947,59.985,456.795,605.010
948,59.969,456.908,605.043
949,59.954,457.021,605.076
950,59.938,457.134,605.109
951,59.922,457.248,605.141
952,59.906,457.361,605.174
953,59.891,457.474,605.207
954,59.875,457.588,605.239
955,59.859,457.701,605.272
956,59.844,457.815,605.304
957,59.828,457.929,605.337
958,59.812,458.042,605.369
959,59.796,458.156,605.401
960,59.781,458.270,605.434
961,59.765,458.384,605.466
962,59.749,458.498,605.498
963,59.733,458.612,605.530
964,59.717,458.726,605.563
965,59.702,458.841,605.595
966,59.686,458.955,605.627
967,59.670,459.069,605.659
968,59.654,459.184,605.691
969,59.638,459.298,605.723
970,59.622,459.413,605.754
971,59.606,459.528,605.786
972,59.591,459.642,605.818
973,59.575,459.757,605.850
974,59.559,459.872,605.881
975,59.543,459.987,605.913
976,59.527,460.103,605.945
977,59.511,460.218,605.977
978,59.495,460.333,606.008
979,59.479,460.448,606.040
980,59.463,460.564,606.071
981,59.447,460.680,606.103
982,59.431,460.795,606.134
983,59.415,460.911,606.165
984,59.399,461.027,606.196
985,59.383,461.143,606.228
986,59.367,461.259,606.259
987,59.351,461.375,606.291
988,59.335,461.491,606.322
989,59.319,461.608,606.353
990,59.303,461.724,606.384
991,59.287,461.841,606.415
992,59.271,461.957,606.446
993,59.255,462.074,606.477
994,59.239,462.191,606.508
995,59.223,462.308,606.539
996,59.207,462.425,606.570
997,59.191,462.542,606.601
998,59.175,462.659,606.632
999,59.159,462.777,606.662
1000,59.143,462.894,606.693
1001,59.127,463.011,606.724
1002,59.111,463.128,606.755
1003,59.094,463.246,606.785
1004,59.078,463.364,606.816
1005,59.062,463.482,606.847
1006,59.046,463.600,606.878
1007,59.030,463.718,606.908
1008,59.014,463.836,606.939
1009,58.998,463.954,606.969
1010,58.981,464.073,607.000
1011,58.965,464.191,607.030
1012,58.949,464.309,607.060
1013,58.933,464.428,607.090
1014,58.917,464.547,607.121
1015,58.900,464.666,607.151
1016,58.884,464.785,607.182
1017,58.868,464.904,607.212
1018,58.852,465.023,607.242
1019,58.835,465.142,607.272
1020,58.819,465.262,607.302
1021,58.803,465.381,607.332
1022,58.786,465.501,607.362
1023,58.770,465.620,607.392
1024,58.754,465.740,607.422
1025,58.737,465.860,607.452
1026,58.721,465.980,607.482
1027,58.705,466.100,607.512
1028,58.688,466.220,607.542
1029,58.672,466.341,607.572
1030,58.656,466.461,607.602
1031,58.639,466.581,607.632
1032,58.623,466.702,607.661
1033,58.607,466.823,607.691
1034,58.590,466.943,607.721
1035,58.574,467.064,607.751
1036,58.557,467.185,607.780
1037,58.541,467.306,607.810
1038,58.525,467.427,607.839
1039,58.508,467.549,607.869
1040,58.492,467.670,607.898
1041,58.475,467.792,607.928
1042,58.459,467.913,607.957
1043,58.442,468.035,607.987
1044,58.426,468.157,608.016
1045,58.409,468.279,608.046
1046,58.393,468.401,608.075
1047,58.376,468.523,608.105
1048,58.360,468.645,608.134
1049,58.343,468.768,608.163
1050,58.327,468.890,608.192
1051,58.310,469.013,608.222
1052,58.293,469.136,608.251
1053,58.277,469.258,608.280
1054,58.260,469.381,608.309
1055,58.244,469.504,608.339
1056,58.227,469.627,608.367
1057,58.211,469.751,608.397
1058,58.194,469.874,608.425
1059,58.177,469.997,608.455
1060,58.161,470.121,608.484
1061,58.144,470.244,608.513
1062,58.127,470.368,608.542
1063,58.111,470.492,608.571
1064,58.094,470.616,608.599
1065,58.077,470.740,608.629
1066,58.061,470.864,608.657
1067,58.044,470.988,608.687
1068,58.027,471.113,608.715
1069,58.010,471.238,608.744
1070,57.994,471.362,608.772
1071,57.977,471.487,608.802
1072,57.960,471.612,608.830
1073,57.943,471.737,608.859
1074,57.927,471.862,608.887
1075,57.910,471.987,608.917
1076,57.893,472.112,608.945
1077,57.876,472.237,608.974
1078,57.859,472.363,609.002
1079,57.843,472.488,609.031
1080,57.826,472.614,609.059
1081,57.809,472.740,609.088
1082,57.792,472.865,609.116
1083,57.775,472.991,609.145
1084,57.758,473.117,609.173
1085,57.741,473.243,609.202
1086,57.724,473.370,609.230
1087,57.708,473.496,609.259
1088,57.691,473.623,609.287
1089,57.674,473.749,609.315
1090,57.657,473.876,609.343
1091,57.640,474.004,609.372
1092,57.623,474.130,609.400
1093,57.606,474.257,609.429
1094,57.589,474.384,609.457
1095,57.572,474.511,609.485
1096,57.555,474.639,609.513
1097,57.538,474.766,609.541
1098,57.521,474.894,609.570
1099,57.504,475.021,609.598
1100,57.487,475.149,609.626
1101,57.470,475.277,609.654
1102,57.453,475.404,609.681
1103,57.435,475.532,609.710
1104,57.418,475.661,609.738
1105,57.401,475.790,609.766
1106,57.384,475.918,609.794
1107,57.367,476.046,609.822
1108,57.350,476.174,609.850
1109,57.333,476.304,609.878
1110,57.316,476.433,609.906
1111,57.298,476.561,609.934
1112,57.281,476.690,609.962
1113,57.264,476.819,609.989
1114,57.247,476.948,610.017
1115,57.230,477.077,610.045
1116,57.212,477.207,610.073
1117,57.195,477.336,610.100
1118,57.178,477.466,610.129
1119,57.161,477.595,610.156
1120,57.143,477.726,610.185
1121,57.126,477.856,610.212
1122,57.109,477.984,610.239
1123,57.091,478.116,610.267
1124,57.074,478.245,610.295
1125,57.057,478.376,610.323
1126,57.039,478.506,610.351
1127,57.022,478.637,610.378
1128,57.005,478.767,610.406
1129,56.987,478.898,610.433
1130,56.970,479.029,610.461
1131,56.952,479.159,610.488
1132,56.935,479.290,610.515
1133,56.918,479.422,610.543
1134,56.900,479.554,610.571
1135,56.883,479.685,610.598
1136,56.865,479.816,610.625
1137,56.848,479.947,610.653
1138,56.830,480.079,610.680
1139,56.813,480.210,610.708
1140,56.795,480.343,610.735
1141,56.778,480.475,610.763
1142,56.760,480.606,610.790
1143,56.742,480.738,610.817
1144,56.725,480.870,610.845
1145,56.707,481.003,610.872
1146,56.690,481.136,610.899
1147,56.672,481.268,610.928
1148,56.654,481.401,610.954
1149,56.637,481.533,610.982
1150,56.619,481.666,611.009
1151,56.602,481.799,611.036
1152,56.584,481.932,611.063
1153,56.566,482.065,611.091
1154,56.548,482.198,611.118
1155,56.531,482.331,611.145
1156,56.513,482.465,611.173
1157,56.495,482.598,611.199
1158,56.477,482.733,611.227
1159,56.460,482.866,611.254
1160,56.442,482.999,611.281
1161,56.424,483.133,611.308
1162,56.406,483.266,611.335
1163,56.389,483.401,611.362
1164,56.371,483.535,611.389
1165,56.353,483.669,611.417
1166,56.335,483.803,611.443
1167,56.317,483.938,611.470
1168,56.299,484.072,611.497
1169,56.281,484.206,611.525
1170,56.263,484.341,611.551
1171,56.245,484.477,611.579
1172,56.228,484.612,611.605
1173,56.210,484.746,611.633
1174,56.192,484.881,611.659
1175,56.174,485.016,611.686
1176,56.156,485.152,611.713
1177,56.138,485.287,611.740
1178,56.120,485.422,611.767
1179,56.102,485.557,611.794
1180,56.084,485.693,611.821
1181,56.065,485.830,611.848
1182,56.047,485.965,611.875
1183,56.029,486.101,611.902
1184,56.011,486.238,611.929
1185,55.993,486.373,611.955
1186,55.975,486.509,611.982
1187,55.957,486.645,612.009
1188,55.938,486.782,612.035
1189,55.920,486.918,612.063
1190,55.902,487.054,612.089
1191,55.884,487.191,612.116
1192,55.866,487.328,612.143
1193,55.847,487.464,612.170
1194,55.829,487.601,612.196
1195,55.811,487.739,612.223
1196,55.792,487.875,612.250
1197,55.774,488.013,612.276
1198,55.756,488.150,612.304
1199,55.738,488.286,612.330
1200,55.719,488.424,612.357
1201,55.701,488.561,612.383
1202,55.682,488.699,612.410
1203,55.664,488.837,612.437
1204,55.646,488.975,612.463
1205,55.627,489.112,612.490
1206,55.609,489.250,612.517
1207,55.590,489.387,612.544
1208,55.572,489.526,612.570
1209,55.553,489.664,612.597
1210,55.535,489.803,612.623
1211,55.516,489.940,612.649
1212,55.498,490.079,612.676
1213,55.479,490.218,612.703
1214,55.460,490.357,612.730
1215,55.442,490.494,612.756
1216,55.423,490.633,612.783
1217,55.405,490.772,612.809
1218,55.386,490.911,612.836
1219,55.367,491.050,612.862
1220,55.349,491.189,612.888
1221,55.330,491.328,612.916
1222,55.311,491.467,612.941
1223,55.293,491.606,612.968
1224,55.274,491.746,612.994
1225,55.255,491.885,613.021
1226,55.236,492.025,613.048
1227,55.217,492.164,613.074
1228,55.199,492.304,613.101
1229,55.180,492.443,613.127
1230,55.161,492.584,613.153
1231,55.142,492.723,613.180
1232,55.123,492.863,613.206
1233,55.104,493.004,613.233
1234,55.085,493.143,613.259
1235,55.066,493.284,613.286
1236,55.048,493.423,613.312
1237,55.029,493.564,613.339
1238,55.010,493.704,613.365
1239,54.991,493.844,613.391
1240,54.972,493.986,613.418
1241,54.953,494.126,613.444
1242,54.933,494.267,613.471
1243,54.914,494.408,613.497
1244,54.895,494.548,613.523
1245,54.876,494.689,613.550
1246,54.857,494.830,613.576
1247,54.838,494.971,613.602
1248,54.819,495.113,613.628
1249,54.800,495.254,613.655
1250,54.780,495.395,613.682
1251,54.761,495.536,613.707
1252,54.742,495.678,613.734
1253,54.723,495.819,613.760
1254,54.703,495.961,613.786
1255,54.684,496.102,613.813
1256,54.665,496.244,613.839
1257,54.646,496.385,613.866
1258,54.626,496.527,613.892
1259,54.607,496.669,613.918
1260,54.588,496.810,613.944
1261,54.568,496.953,613.971
1262,54.549,497.095,613.997
1263,54.529,497.238,614.023
1264,54.510,497.380,614.050
1265,54.490,497.522,614.076
1266,54.471,497.664,614.101
1267,54.451,497.807,614.128
1268,54.432,497.950,614.154
1269,54.412,498.093,614.180
1270,54.393,498.235,614.207
1271,54.373,498.377,614.233
1272,54.354,498.520,614.259
1273,54.334,498.664,614.285
1274,54.314,498.806,614.312
1275,54.295,498.949,614.338
1276,54.275,499.091,614.364
1277,54.255,499.234,614.391
1278,54.235,499.378,614.416
1279,54.216,499.520,614.443
1280,54.196,499.664,614.469
1281,54.176,499.808,614.495
1282,54.156,499.950,614.521
1283,54.137,500.094,614.548
1284,54.117,500.238,614.574
1285,54.097,500.381,614.600
1286,54.077,500.525,614.626
1287,54.057,500.669,614.652
1288,54.037,500.812,614.678
1289,54.017,500.956,614.705
1290,53.997,501.099,614.731
1291,53.977,501.243,614.757
1292,53.957,501.387,614.783
1293,53.937,501.532,614.810
1294,53.917,501.675,614.835
1295,53.897,501.819,614.862
1296,53.877,501.963,614.888
1297,53.857,502.108,614.914
1298,53.837,502.252,614.940
1299,53.817,502.397,614.966
1300,53.797,502.541,614.992
1301,53.776,502.685,615.018
1302,53.756,502.829,615.044
1303,53.736,502.974,615.071
1304,53.716,503.119,615.097
1305,53.695,503.263,615.123
1306,53.675,503.407,615.149
1307,53.655,503.552,615.175
1308,53.634,503.698,615.202
1309,53.614,503.843,615.228
1310,53.594,503.987,615.254
1311,53.573,504.132,615.280
1312,53.553,504.277,615.306
1313,53.533,504.422,615.332
1314,53.512,504.567,615.358
1315,53.492,504.712,615.385
1316,53.471,504.857,615.411
1317,53.451,505.002,615.437
1318,53.430,505.148,615.462
1319,53.409,505.292,615.489
1320,53.389,505.438,615.515
1321,53.368,505.584,615.541
1322,53.348,505.729,615.568
1323,53.327,505.874,615.593
1324,53.306,506.020,615.620
1325,53.286,506.166,615.646
1326,53.265,506.311,615.672
1327,53.244,506.457,615.698
1328,53.223,506.602,615.724
1329,53.203,506.748,615.750
1330,53.182,506.894,615.776
1331,53.161,507.040,615.802
1332,53.140,507.185,615.828
1333,53.119,507.331,615.855
1334,53.098,507.477,615.881
1335,53.077,507.623,615.906
1336,53.056,507.769,615.933
1337,53.035,507.916,615.959
1338,53.014,508.061,615.985
1339,52.993,508.207,616.011
1340,52.972,508.353,616.037
1341,52.951,508.500,616.063
1342,52.930,508.646,616.090
1343,52.909,508.792,616.115
1344,52.888,508.938,616.142
1345,52.867,509.085,616.168
1346,52.846,509.230,616.194
1347,52.824,509.378,616.220
1348,52.803,509.524,616.246
1349,52.782,509.671,616.272
1350,52.761,509.817,616.298
1351,52.739,509.964,616.325
1352,52.718,510.111,616.351
1353,52.697,510.256,616.377
1354,52.676,510.404,616.403
1355,52.654,510.550,616.429
1356,52.633,510.696,616.455
1357,52.611,510.843,616.481
1358,52.590,510.990,616.507
1359,52.568,511.138,616.534
1360,52.547,511.284,616.559
1361,52.525,511.431,616.586
1362,52.504,511.578,616.612
1363,52.482,511.724,616.638
1364,52.461,511.871,616.664
1365,52.439,512.018,616.690
1366,52.417,512.166,616.716
1367,52.396,512.312,616.742
1368,52.374,512.459,616.769
1369,52.352,512.606,616.794
1370,52.331,512.754,616.821
1371,52.309,512.900,616.847
1372,52.287,513.048,616.873
1373,52.265,513.195,616.899
1374,52.244,513.341,616.926
1375,52.222,513.490,616.952
1376,52.200,513.636,616.978
1377,52.178,513.783,617.004
1378,52.156,513.930,617.030
1379,52.134,514.078,617.057
1380,52.112,514.225,617.083
1381,52.090,514.373,617.109
1382,52.068,514.520,617.134
1383,52.046,514.667,617.161
1384,52.024,514.814,617.187
1385,52.002,514.961,617.213
1386,51.980,515.109,617.240
1387,51.958,515.256,617.266
1388,51.935,515.405,617.291
1389,51.913,515.552,617.318
1390,51.891,515.699,617.344
1391,51.869,515.846,617.370
1392,51.846,515.995,617.397
1393,51.824,516.141,617.422
1394,51.802,516.289,617.448
1395,51.780,516.437,617.475
1396,51.757,516.585,617.501
1397,51.735,516.733,617.527
1398,51.712,516.880,617.553
1399,51.690,517.027,617.580
1400,51.667,517.175,617.605
1401,51.645,517.322,617.632
1402,51.623,517.469,617.658
1403,51.600,517.618,617.685
1404,51.577,517.765,617.711
1405,51.555,517.913,617.737
1406,51.532,518.060,617.763
1407,51.510,518.208,617.789
1408,51.487,518.356,617.816
1409,51.464,518.504,617.842
1410,51.442,518.651,617.868
1411,51.419,518.799,617.894
1412,51.396,518.947,617.921
1413,51.373,519.094,617.946
1414,51.350,519.243,617.973
1415,51.328,519.390,617.999
1416,51.305,519.537,618.025
1417,51.282,519.685,618.052
1418,51.259,519.833,618.078
1419,51.236,519.980,618.104
1420,51.213,520.128,618.131
1421,51.190,520.277,618.157
1422,51.167,520.424,618.183
1423,51.144,520.572,618.209
1424,51.121,520.719,618.236
1425,51.098,520.867,618.262
1426,51.075,521.015,618.288
1427,51.052,521.163,618.315
1428,51.029,521.311,618.341
1429,51.005,521.458,618.367
1430,50.982,521.606,618.394
1431,50.959,521.753,618.420
1432,50.936,521.901,618.446
1433,50.913,522.049,618.472
1434,50.889,522.197,618.498
1435,50.866,522.344,618.525
1436,50.843,522.492,618.551
1437,50.819,522.640,618.577
1438,50.796,522.788,618.604
1439,50.772,522.935,618.630
1440,50.749,523.083,618.656
1441,50.725,523.231,618.683
1442,50.702,523.379,618.709
1443,50.678,523.526,618.735
1444,50.655,523.674,618.762
1445,50.631,523.822,618.789
1446,50.608,523.969,618.815
1447,50.584,524.117,618.841
1448,50.560,524.264,618.867
1449,50.537,524.412,618.894
1450,50.513,524.560,618.920
1451,50.489,524.707,618.947
1452,50.466,524.855,618.973
1453,50.442,525.002,618.999
1454,50.418,525.150,619.026
1455,50.394,525.296,619.052
1456,50.370,525.444,619.078
1457,50.346,525.592,619.105
1458,50.323,525.740,619.132
1459,50.299,525.887,619.158
1460,50.275,526.034,619.184
1461,50.251,526.182,619.210
1462,50.227,526.330,619.237
1463,50.203,526.476,619.263
1464,50.179,526.624,619.290
1465,50.155,526.771,619.316
1466,50.131,526.919,619.343
1467,50.106,527.067,619.369
1468,50.082,527.213,619.396
1469,50.058,527.362,619.422
1470,50.034,527.508,619.448
1471,50.010,527.655,619.475
1472,49.985,527.803,619.501
1473,49.961,527.950,619.528
1474,49.937,528.098,619.554
1475,49.913,528.245,619.581
1476,49.888,528.391,619.607
1477,49.864,528.538,619.634
1478,49.839,528.686,619.660
1479,49.815,528.832,619.687
1480,49.791,528.980,619.714
1481,49.766,529.126,619.740
1482,49.742,529.273,619.767
1483,49.717,529.420,619.793
1484,49.693,529.567,619.819
1485,49.668,529.714,619.846
1486,49.643,529.862,619.873
1487,49.619,530.008,619.899
1488,49.594,530.155,619.925
1489,49.570,530.301,619.952
1490,49.545,530.448,619.979
1491,49.520,530.595,620.006
1492,49.496,530.742,620.032
1493,49.471,530.889,620.059
1494,49.446,531.036,620.086
1495,49.421,531.181,620.112
1496,49.396,531.329,620.139
1497,49.372,531.475,620.165
1498,49.347,531.621,620.192
1499,49.322,531.768,620.218
1500,49.297,531.914,620.245
1501,49.272,532.060,620.271
1502,49.247,532.207,620.298
1503,49.222,532.353,620.324
1504,49.197,532.499,620.351
1505,49.172,532.646,620.378
1506,49.147,532.792,620.405
1507,49.122,532.938,620.431
1508,49.097,533.084,620.458
1509,49.072,533.229,620.484
1510,49.046,533.377,620.511
1511,49.021,533.523,620.538
1512,48.996,533.667,620.564
1513,48.971,533.814,620.591
1514,48.946,533.960,620.618
1515,48.920,534.105,620.644
1516,48.895,534.252,620.671
1517,48.870,534.398,620.698
1518,48.844,534.543,620.725
1519,48.819,534.688,620.751
1520,48.794,534.834,620.778
1521,48.768,534.980,620.805
1522,48.743,535.125,620.831
1523,48.718,535.270,620.858
1524,48.692,535.416,620.885
1525,48.667,535.560,620.911
1526,48.641,535.708,620.938
1527,48.615,535.852,620.965
1528,48.590,535.997,620.992
1529,48.564,536.143,621.018
1530,48.539,536.287,621.045
1531,48.513,536.433,621.072
1532,48.487,536.578,621.098
1533,48.462,536.723,621.125
1534,48.436,536.867,621.152
1535,48.410,537.012,621.178
1536,48.385,537.157,621.206
1537,48.359,537.303,621.232
1538,48.333,537.446,621.259
1539,48.307,537.591,621.285
1540,48.282,537.736,621.313
1541,48.256,537.881,621.339
1542,48.230,538.025,621.366
1543,48.204,538.169,621.392
1544,48.178,538.313,621.420
1545,48.152,538.459,621.447
1546,48.126,538.603,621.473
1547,48.100,538.746,621.500
1548,48.074,538.891,621.527
1549,48.048,539.034,621.553
1550,48.022,539.179,621.580
1551,47.996,539.322,621.607
1552,47.970,539.466,621.634
1553,47.944,539.611,621.661
1554,47.918,539.755,621.688
1555,47.892,539.898,621.714
1556,47.866,540.041,621.741
1557,47.839,540.185,621.768
1558,47.813,540.329,621.795
1559,47.787,540.472,621.822
1560,47.761,540.616,621.849
1561,47.734,540.759,621.876
1562,47.708,540.902,621.902
1563,47.682,541.045,621.929
1564,47.656,541.188,621.956
1565,47.629,541.331,621.983
1566,47.603,541.474,622.010
1567,47.576,541.617,622.037
1568,47.550,541.759,622.064
1569,47.524,541.902,622.091
1570,47.497,542.045,622.117
1571,47.471,542.188,622.144
1572,47.444,542.330,622.171
1573,47.418,542.473,622.198
1574,47.391,542.614,622.225
1575,47.365,542.757,622.252
1576,47.338,542.900,622.279
1577,47.311,543.042,622.305
1578,47.285,543.184,622.333
1579,47.258,543.326,622.360
1580,47.232,543.468,622.387
1581,47.205,543.610,622.413
1582,47.178,543.751,622.441
1583,47.152,543.893,622.467
1584,47.125,544.035,622.494
1585,47.098,544.175,622.521
1586,47.071,544.317,622.548
1587,47.045,544.460,622.574
1588,47.018,544.600,622.602
1589,46.991,544.741,622.629
1590,46.964,544.882,622.655
1591,46.937,545.023,622.683
1592,46.911,545.164,622.710
1593,46.884,545.306,622.737
1594,46.857,545.446,622.764
1595,46.830,545.587,622.790
1596,46.803,545.727,622.817
1597,46.776,545.868,622.844
1598,46.749,546.007,622.871
1599,46.722,546.149,622.898
1600,46.695,546.289,622.925
1601,46.668,546.429,622.952
1602,46.641,546.569,622.979
1603,46.614,546.708,623.006
1604,46.587,546.849,623.032
1605,46.560,546.989,623.060
1606,46.533,547.128,623.087
1607,46.505,547.269,623.113
1608,46.478,547.407,623.140
1609,46.451,547.547,623.167
1610,46.424,547.686,623.195
1611,46.397,547.825,623.221
1612,46.370,547.964,623.249
1613,46.342,548.104,623.275
1614,46.315,548.242,623.302
1615,46.288,548.381,623.329
1616,46.260,548.521,623.356
1617,46.233,548.658,623.383
1618,46.206,548.797,623.410
1619,46.179,548.935,623.437
1620,46.151,549.074,623.464
1621,46.124,549.212,623.491
1622,46.096,549.351,623.518
1623,46.069,549.488,623.545
1624,46.042,549.626,623.571
1625,46.014,549.764,623.598
1626,45.987,549.902,623.626
1627,45.959,550.039,623.652
1628,45.932,550.177,623.679
1629,45.904,550.314,623.707
1630,45.877,550.451,623.734
1631,45.849,550.588,623.760
1632,45.822,550.726,623.787
1633,45.794,550.863,623.814
1634,45.766,551.000,623.841
1635,45.739,551.136,623.868
1636,45.711,551.273,623.895
1637,45.684,551.411,623.922
1638,45.656,551.546,623.948
1639,45.628,551.682,623.976
1640,45.601,551.818,624.003
1641,45.573,551.955,624.030
1642,45.545,552.090,624.056
1643,45.518,552.226,624.083
1644,45.490,552.363,624.110
1645,45.462,552.498,624.137
1646,45.434,552.633,624.164
1647,45.407,552.769,624.191
1648,45.379,552.905,624.218
1649,45.351,553.039,624.245
1650,45.323,553.174,624.272
1651,45.295,553.309,624.298
1652,45.268,553.444,624.326
1653,45.240,553.578,624.352
1654,45.212,553.713,624.379
1655,45.184,553.847,624.406
1656,45.156,553.982,624.433
1657,45.128,554.116,624.460
1658,45.100,554.249,624.486
1659,45.072,554.384,624.514
1660,45.044,554.518,624.540
1661,45.016,554.652,624.567
1662,44.988,554.785,624.594
1663,44.960,554.918,624.621
1664,44.932,555.051,624.647
1665,44.904,555.186,624.675
1666,44.876,555.318,624.702
1667,44.848,555.451,624.728
1668,44.820,555.583,624.755
1669,44.792,555.716,624.782
1670,44.764,555.848,624.809
1671,44.736,555.982,624.835
1672,44.708,556.113,624.862
1673,44.680,556.245,624.889
1674,44.651,556.377,624.915
1675,44.623,556.510,624.942
1676,44.595,556.641,624.969
1677,44.567,556.773,624.996
1678,44.539,556.904,625.023
1679,44.510,557.036,625.050
1680,44.482,557.166,625.077
1681,44.454,557.298,625.103
1682,44.426,557.428,625.129
1683,44.398,557.560,625.156
1684,44.369,557.690,625.184
1685,44.341,557.820,625.210
1686,44.313,557.950,625.236
1687,44.284,558.081,625.263
1688,44.256,558.211,625.290
1689,44.228,558.340,625.317
1690,44.199,558.471,625.344
1691,44.171,558.600,625.370
1692,44.143,558.729,625.396
1693,44.114,558.859,625.424
1694,44.086,558.988,625.450
1695,44.058,559.117,625.476
1696,44.029,559.246,625.503
1697,44.001,559.375,625.530
1698,43.972,559.503,625.557
1699,43.944,559.632,625.584
1700,43.915,559.760,625.610
1701,43.887,559.888,625.637
1702,43.858,560.016,625.663
1703,43.830,560.144,625.690
1704,43.801,560.272,625.716
1705,43.773,560.399,625.743
1706,43.744,560.526,625.769
1707,43.716,560.653,625.795
1708,43.687,560.780,625.822
1709,43.659,560.908,625.849
1710,43.630,561.035,625.876
1711,43.602,561.161,625.902
1712,43.573,561.287,625.928
1713,43.545,561.413,625.955
1714,43.516,561.539,625.981
1715,43.487,561.666,626.007
1716,43.459,561.792,626.034
1717,43.430,561.917,626.061
1718,43.401,562.043,626.087
1719,43.373,562.168,626.114
1720,43.344,562.293,626.140
1721,43.315,562.418,626.166
1722,43.287,562.543,626.193
1723,43.258,562.668,626.219
1724,43.229,562.792,626.245
1725,43.201,562.916,626.271
1726,43.172,563.040,626.298
1727,43.143,563.165,626.325
1728,43.114,563.288,626.351
1729,43.086,563.412,626.377
1730,43.057,563.535,626.403
1731,43.028,563.659,626.430
1732,43.000,563.782,626.456
1733,42.971,563.905,626.482
1734,42.942,564.027,626.508
1735,42.913,564.151,626.535
1736,42.884,564.272,626.561
1737,42.856,564.395,626.587
1738,42.827,564.517,626.613
1739,42.798,564.640,626.639
1740,42.769,564.761,626.665
1741,42.740,564.882,626.692
1742,42.712,565.004,626.718
1743,42.683,565.125,626.744
1744,42.654,565.246,626.771
1745,42.625,565.367,626.796
1746,42.596,565.487,626.822
1747,42.567,565.609,626.849
1748,42.538,565.729,626.875
1749,42.510,565.849,626.900
1750,42.481,565.969,626.927
1751,42.452,566.090,626.952
1752,42.423,566.208,626.979
1753,42.394,566.328,627.005
1754,42.365,566.448,627.030
1755,42.336,566.566,627.057
1756,42.307,566.684,627.083
1757,42.278,566.805,627.108
1758,42.249,566.923,627.135
1759,42.220,567.041,627.160
1760,42.191,567.159,627.186
1761,42.162,567.277,627.212
1762,42.133,567.395,627.238
1763,42.104,567.513,627.264
1764,42.076,567.630,627.290
1765,42.046,567.748,627.316
1766,42.018,567.864,627.341
1767,41.989,567.981,627.367
1768,41.960,568.098,627.393
1769,41.931,568.215,627.419
1770,41.902,568.331,627.445
1771,41.873,568.446,627.470
1772,41.844,568.562,627.496
1773,41.815,568.679,627.522
1774,41.786,568.794,627.547
1775,41.757,568.910,627.573
1776,41.728,569.025,627.598
1777,41.699,569.140,627.624
1778,41.670,569.254,627.650
1779,41.641,569.369,627.675
1780,41.612,569.483,627.701
1781,41.582,569.598,627.726
1782,41.554,569.711,627.752
1783,41.524,569.825,627.778
1784,41.495,569.939,627.803
1785,41.466,570.052,627.828
1786,41.437,570.166,627.854
1787,41.408,570.278,627.879
1788,41.379,570.391,627.904
1789,41.350,570.504,627.930
1790,41.321,570.616,627.956
1791,41.292,570.729,627.981
1792,41.263,570.840,628.006
1793,41.234,570.953,628.032
1794,41.205,571.064,628.057
1795,41.176,571.175,628.082
1796,41.147,571.286,628.107
1797,41.118,571.398,628.132
1798,41.089,571.508,628.158
1799,41.060,571.619,628.183
1800,41.031,571.729,628.208
1801,41.002,571.839,628.233
1802,40.972,571.950,628.259
1803,40.943,572.059,628.284
1804,40.914,572.169,628.309
1805,40.886,572.277,628.334
1806,40.856,572.387,628.359
1807,40.827,572.496,628.384
1808,40.798,572.606,628.409
1809,40.769,572.713,628.434
1810,40.740,572.822,628.459
1811,40.711,572.929,628.483
1812,40.682,573.037,628.509
1813,40.653,573.145,628.534
1814,40.624,573.253,628.558
1815,40.595,573.360,628.584
1816,40.566,573.467,628.608
1817,40.537,573.574,628.633
1818,40.508,573.680,628.658
1819,40.479,573.787,628.683
1820,40.450,573.894,628.707
1821,40.421,573.999,628.732
1822,40.392,574.105,628.757
1823,40.363,574.211,628.781
1824,40.334,574.316,628.806
1825,40.305,574.421,628.831
1826,40.276,574.526,628.856
1827,40.247,574.631,628.880
1828,40.218,574.736,628.905
1829,40.189,574.840,628.929
1830,40.160,574.944,628.954
1831,40.131,575.048,628.979
1832,40.102,575.152,629.003
1833,40.073,575.255,629.028
1834,40.044,575.358,629.052
1835,40.015,575.462,629.076
1836,39.986,575.563,629.101
1837,39.957,575.666,629.125
1838,39.928,575.769,629.150
1839,39.899,575.871,629.174
1840,39.870,575.973,629.198
1841,39.841,576.075,629.223
1842,39.812,576.177,629.247
1843,39.783,576.278,629.271
1844,39.754,576.379,629.296
1845,39.725,576.480,629.320
1846,39.696,576.580,629.344
1847,39.668,576.681,629.368
1848,39.639,576.781,629.392
1849,39.610,576.880,629.416
1850,39.581,576.980,629.440
1851,39.552,577.079,629.464
1852,39.523,577.179,629.488
1853,39.494,577.278,629.512
1854,39.466,577.376,629.536
1855,39.437,577.475,629.560
1856,39.408,577.573,629.584
1857,39.379,577.672,629.608
1858,39.350,577.769,629.632
1859,39.321,577.868,629.655
1860,39.293,577.965,629.679
1861,39.264,578.063,629.703
1862,39.235,578.160,629.727
1863,39.206,578.257,629.750
1864,39.178,578.354,629.775
1865,39.149,578.449,629.798
1866,39.120,578.546,629.822
1867,39.092,578.642,629.845
1868,39.063,578.737,629.869
1869,39.034,578.833,629.893
1870,39.005,578.928,629.916
1871,38.977,579.024,629.940
1872,38.948,579.119,629.963
1873,38.919,579.213,629.986
1874,38.891,579.307,630.010
1875,38.862,579.402,630.033
1876,38.834,579.496,630.056
1877,38.805,579.589,630.080
1878,38.776,579.683,630.103
1879,38.748,579.776,630.127
1880,38.719,579.869,630.150
1881,38.690,579.962,630.174
1882,38.662,580.054,630.197
1883,38.633,580.148,630.220
1884,38.605,580.240,630.243
1885,38.577,580.331,630.266
1886,38.548,580.423,630.290
1887,38.519,580.514,630.312
1888,38.491,580.606,630.336
1889,38.462,580.698,630.358
1890,38.434,580.788,630.382
1891,38.405,580.879,630.404
1892,38.377,580.969,630.428
1893,38.349,581.059,630.450
1894,38.320,581.149,630.473
1895,38.292,581.239,630.497
1896,38.264,581.328,630.519
1897,38.235,581.417,630.542
1898,38.207,581.506,630.565
1899,38.179,581.596,630.587
1900,38.150,581.684,630.610
1901,38.122,581.772,630.633
1902,38.094,581.860,630.656
1903,38.066,581.948,630.678
1904,38.037,582.035,630.701
1905,38.009,582.123,630.723
1906,37.981,582.210,630.746
1907,37.953,582.297,630.769
1908,37.925,582.384,630.791
1909,37.897,582.471,630.813
1910,37.868,582.558,630.836
1911,37.840,582.643,630.858
1912,37.812,582.729,630.880
1913,37.784,582.815,630.903
1914,37.756,582.901,630.926
1915,37.728,582.986,630.947
1916,37.700,583.071,630.970
1917,37.672,583.155,630.992
1918,37.644,583.239,631.015
1919,37.616,583.324,631.036
1920,37.588,583.408,631.058
1921,37.560,583.492,631.081
1922,37.532,583.576,631.103
1923,37.504,583.660,631.125
1924,37.476,583.743,631.146
1925,37.448,583.825,631.168
1926,37.421,583.909,631.191
1927,37.393,583.991,631.213
1928,37.365,584.074,631.235
1929,37.337,584.155,631.257
1930,37.310,584.237,631.278
1931,37.282,584.319,631.300
1932,37.254,584.401,631.321
1933,37.226,584.482,631.343
1934,37.199,584.563,631.365
1935,37.171,584.644,631.387
1936,37.143,584.724,631.409
1937,37.116,584.804,631.430
1938,37.088,584.884,631.452
1939,37.060,584.964,631.473
1940,37.033,585.044,631.494
1941,37.005,585.124,631.516
1942,36.978,585.202,631.538
1943,36.950,585.281,631.559
1944,36.923,585.361,631.581
1945,36.895,585.439,631.602
1946,36.868,585.518,631.623
1947,36.841,585.595,631.644
1948,36.813,585.673,631.666
1949,36.786,585.751,631.687
1950,36.758,585.828,631.708
1951,36.731,585.906,631.729
1952,36.704,585.983,631.750
1953,36.677,586.059,631.772
1954,36.649,586.137,631.793
1955,36.622,586.213,631.814
1956,36.595,586.289,631.835
1957,36.568,586.365,631.856
1958,36.540,586.441,631.877
1959,36.513,586.516,631.898
1960,36.486,586.592,631.919
1961,36.459,586.667,631.940
1962,36.432,586.741,631.960
1963,36.405,586.817,631.982
1964,36.378,586.891,632.002
1965,36.351,586.965,632.023
1966,36.324,587.040,632.044
1967,36.297,587.113,632.064
1968,36.270,587.187,632.085
1969,36.243,587.260,632.105
1970,36.216,587.333,632.126
1971,36.189,587.407,632.147
1972,36.163,587.479,632.167
1973,36.136,587.552,632.188
1974,36.109,587.624,632.208
1975,36.082,587.697,632.228
1976,36.055,587.768,632.249
1977,36.029,587.840,632.270
1978,36.002,587.911,632.290
1979,35.975,587.983,632.310
1980,35.949,588.054,632.330
1981,35.922,588.125,632.350
1982,35.896,588.196,632.370
1983,35.869,588.267,632.391
1984,35.842,588.336,632.411
1985,35.816,588.407,632.431
1986,35.789,588.477,632.451
1987,35.763,588.546,632.471
1988,35.736,588.616,632.492
1989,35.710,588.685,632.512
1990,35.684,588.754,632.531
1991,35.657,588.823,632.551
1992,35.631,588.892,632.571
1993,35.605,588.960,632.591
1994,35.579,589.028,632.611
1995,35.552,589.096,632.631
1996,35.526,589.164,632.650
1997,35.500,589.232,632.670
1998,35.474,589.299,632.690
1999,35.447,589.367,632.710
2000,35.421,589.433,632.729
2001,35.395,589.500,632.749
2002,35.369,589.567,632.769
2003,35.343,589.634,632.788
2004,35.317,589.700,632.807
2005,35.291,589.766,632.827
2006,35.265,589.832,632.847
2007,35.239,589.898,632.866
2008,35.213,589.963,632.885
2009,35.187,590.029,632.905
2010,35.162,590.093,632.924
2011,35.136,590.159,632.944
2012,35.110,590.223,632.962
2013,35.084,590.288,632.982
2014,35.058,590.352,633.001
2015,35.033,590.416,633.020
2016,35.007,590.480,633.040
2017,34.981,590.544,633.059
2018,34.956,590.607,633.078
2019,34.930,590.670,633.096
2020,34.905,590.734,633.116
2021,34.879,590.797,633.135
2022,34.854,590.860,633.154
2023,34.828,590.923,633.173
2024,34.803,590.985,633.191
2025,34.777,591.047,633.210
2026,34.752,591.109,633.229
2027,34.726,591.171,633.248
2028,34.701,591.233,633.267
2029,34.676,591.294,633.286
2030,34.650,591.356,633.304
2031,34.625,591.416,633.323
2032,34.600,591.477,633.341
2033,34.575,591.538,633.360
2034,34.550,591.599,633.379
2035,34.524,591.660,633.397
2036,34.499,591.720,633.416
2037,34.474,591.780,633.434
2038,34.449,591.840,633.453
2039,34.424,591.899,633.472
2040,34.399,591.960,633.490
2041,34.374,592.019,633.509
2042,34.349,592.078,633.526
2043,34.324,592.136,633.544
2044,34.299,592.196,633.563
2045,34.274,592.254,633.581
2046,34.250,592.312,633.600
2047,34.225,592.371,633.618
2048,34.200,592.429,633.636
2049,34.175,592.487,633.654
2050,34.150,592.545,633.673
2051,34.126,592.602,633.690
2052,34.101,592.660,633.708
2053,34.076,592.717,633.726
2054,34.052,592.774,633.744
2055,34.027,592.831,633.762
2056,34.003,592.888,633.780
2057,33.978,592.945,633.798
2058,33.953,593.001,633.816
2059,33.929,593.057,633.834
2060,33.905,593.114,633.851
2061,33.880,593.169,633.870
2062,33.856,593.225,633.887
2063,33.831,593.280,633.905
2064,33.807,593.336,633.923
2065,33.783,593.391,633.941
2066,33.759,593.447,633.958
2067,33.734,593.502,633.976
2068,33.710,593.556,633.993
2069,33.686,593.611,634.011
2070,33.662,593.666,634.028
2071,33.638,593.720,634.046
2072,33.614,593.774,634.063
2073,33.589,593.828,634.081
2074,33.565,593.882,634.099
2075,33.541,593.936,634.115
2076,33.517,593.989,634.133
2077,33.493,594.043,634.150
2078,33.470,594.095,634.168
2079,33.446,594.149,634.185
2080,33.422,594.201,634.202
2081,33.398,594.254,634.219
2082,33.374,594.307,634.237
2083,33.350,594.359,634.253
2084,33.327,594.412,634.271
2085,33.303,594.464,634.288
2086,33.279,594.516,634.305
2087,33.255,594.568,634.322
2088,33.232,594.620,634.339
2089,33.208,594.671,634.356
2090,33.185,594.723,634.373
2091,33.161,594.774,634.391
2092,33.137,594.825,634.407
2093,33.114,594.876,634.424
2094,33.091,594.926,634.441
2095,33.067,594.977,634.458
2096,33.044,595.028,634.474
2097,33.020,595.079,634.491
2098,32.997,595.129,634.508
2099,32.974,595.179,634.525
2100,32.950,595.229,634.542
2101,32.927,595.278,634.558
2102,32.904,595.328,634.575
2103,32.881,595.378,634.591
2104,32.857,595.428,634.608
2105,32.834,595.477,634.624
2106,32.811,595.526,634.641
2107,32.788,595.575,634.658
2108,32.765,595.624,634.674
2109,32.742,595.672,634.691
2110,32.719,595.721,634.707
2111,32.696,595.770,634.724
2112,32.673,595.818,634.740
2113,32.650,595.866,634.756
2114,32.627,595.914,634.773
2115,32.604,595.963,634.789
2116,32.581,596.011,634.805
2117,32.559,596.058,634.822
2118,32.536,596.105,634.838
2119,32.513,596.153,634.854
2120,32.490,596.201,634.870
2121,32.467,596.248,634.886
2122,32.445,596.294,634.903
2123,32.422,596.341,634.918
2124,32.400,596.388,634.935
2125,32.377,596.435,634.951
2126,32.354,596.481,634.967
2127,32.332,596.528,634.983
2128,32.309,596.574,634.999
2129,32.287,596.620,635.015
2130,32.264,596.666,635.031
2131,32.242,596.712,635.047
2132,32.220,596.758,635.063
2133,32.197,596.804,635.079
2134,32.175,596.850,635.095
2135,32.153,596.894,635.110
2136,32.130,596.940,635.126
2137,32.108,596.986,635.142
2138,32.086,597.030,635.158
2139,32.063,597.076,635.174
2140,32.041,597.121,635.189
2141,32.019,597.165,635.205
2142,31.997,597.210,635.220
2143,31.975,597.255,635.236
2144,31.953,597.299,635.252
2145,31.931,597.344,635.267
2146,31.909,597.388,635.283
2147,31.887,597.431,635.299
2148,31.865,597.476,635.314
2149,31.843,597.519,635.330
2150,31.821,597.563,635.345
2151,31.799,597.607,635.361
2152,31.777,597.650,635.376
2153,31.756,597.694,635.392
2154,31.734,597.737,635.407
2155,31.712,597.781,635.423
2156,31.690,597.824,635.438
2157,31.668,597.867,635.453
2158,31.647,597.909,635.468
2159,31.625,597.952,635.484
2160,31.604,597.995,635.499
2161,31.582,598.037,635.514
2162,31.560,598.080,635.530
2163,31.539,598.123,635.545
2164,31.517,598.165,635.560
2165,31.496,598.207,635.575
2166,31.474,598.250,635.591
2167,31.453,598.292,635.606
2168,31.431,598.333,635.621
2169,31.410,598.375,635.636
2170,31.389,598.416,635.650
2171,31.367,598.458,635.666
2172,31.346,598.500,635.681
2173,31.325,598.541,635.696
2174,31.303,598.583,635.711
2175,31.282,598.623,635.726
2176,31.261,598.665,635.741
2177,31.240,598.706,635.756
2178,31.218,598.747,635.771
2179,31.197,598.788,635.786
2180,31.176,598.828,635.800
2181,31.155,598.869,635.815
2182,31.134,598.910,635.830
2183,31.113,598.950,635.846
2184,31.092,598.991,635.860
2185,31.071,599.031,635.875
2186,31.050,599.072,635.890
2187,31.029,599.112,635.905
2188,31.008,599.152,635.919
2189,30.987,599.192,635.934
2190,30.967,599.232,635.949
2191,30.946,599.271,635.963
2192,30.925,599.311,635.978
2193,30.904,599.351,635.993
2194,30.884,599.390,636.007
2195,30.863,599.430,636.022
2196,30.842,599.469,636.036
2197,30.821,599.508,636.051
2198,30.801,599.548,636.066
2199,30.780,599.587,636.080
2200,30.760,599.626,636.094
2201,30.739,599.665,636.109
2202,30.718,599.704,636.124
2203,30.698,599.743,636.138
2204,30.677,599.782,636.152
2205,30.657,599.820,636.167
2206,30.637,599.859,636.181
2207,30.616,599.897,636.196
2208,30.596,599.936,636.210
2209,30.575,599.974,636.224
2210,30.555,600.012,636.239
2211,30.535,600.051,636.253
2212,30.514,600.089,636.268
2213,30.494,600.127,636.282
2214,30.474,600.165,636.296
2215,30.454,600.203,636.310
2216,30.433,600.240,636.325
2217,30.413,600.278,636.339
2218,30.393,600.316,636.353
2219,30.373,600.353,636.367
2220,30.353,600.391,636.381
2221,30.333,600.428,636.396
2222,30.313,600.466,636.410
2223,30.293,600.504,636.424
2224,30.273,600.541,636.438
2225,30.253,600.578,636.452
2226,30.233,600.615,636.467
2227,30.213,600.652,636.481
2228,30.193,600.689,636.495
2229,30.173,600.726,636.509
2230,30.153,600.763,636.523
2231,30.133,600.800,636.537
2232,30.114,600.837,636.551
2233,30.094,600.873,636.565
2234,30.074,600.910,636.579
2235,30.054,600.947,636.593
2236,30.035,600.983,636.607
2237,30.015,601.019,636.621
2238,29.995,601.056,636.634
2239,29.976,601.092,636.649
2240,29.956,601.129,636.663
2241,29.936,601.165,636.677
2242,29.917,601.201,636.690
2243,29.897,601.237,636.704
2244,29.878,601.273,636.718
2245,29.858,601.309,636.732
2246,29.839,601.345,636.746
2247,29.819,601.380,636.760
2248,29.800,601.417,636.774
2249,29.780,601.453,636.787
2250,29.761,601.488,636.801
2251,29.742,601.524,636.815
2252,29.722,601.559,636.828
2253,29.703,601.595,636.842
2254,29.684,601.631,636.856
2255,29.664,601.666,636.869
2256,29.645,601.701,636.883
2257,29.626,601.736,636.897
2258,29.607,601.771,636.911
2259,29.588,601.807,636.924
2260,29.569,601.842,636.938
2261,29.549,601.877,636.952
2262,29.530,601.912,636.966
2263,29.511,601.948,636.978
2264,29.492,601.982,636.992
2265,29.473,602.017,637.006
2266,29.454,602.052,637.020
2267,29.435,602.087,637.033
2268,29.416,602.121,637.046
2269,29.397,602.156,637.060
2270,29.378,602.191,637.074
2271,29.359,602.226,637.088
2272,29.341,602.260,637.101
2273,29.322,602.295,637.115
2274,29.303,602.329,637.128
2275,29.284,602.363,637.141
2276,29.265,602.398,637.155
2277,29.246,602.432,637.169
2278,29.228,602.467,637.182
2279,29.209,602.501,637.195
2280,29.190,602.535,637.208
2281,29.172,602.569,637.222
2282,29.153,602.604,637.235
2283,29.134,602.637,637.249
2284,29.116,602.671,637.262
2285,29.097,602.705,637.275
2286,29.078,602.740,637.289
2287,29.060,602.773,637.302
2288,29.041,602.807,637.316
2289,29.023,602.841,637.329
2290,29.004,602.875,637.343
2291,28.986,602.909,637.355
2292,28.967,602.942,637.369
2293,28.949,602.976,637.382
2294,28.931,603.010,637.395
2295,28.912,603.043,637.409
2296,28.894,603.077,637.422
2297,28.876,603.111,637.436
2298,28.857,603.144,637.448
2299,28.839,603.177,637.461
2300,28.821,603.211,637.475
2301,28.802,603.244,637.488
2302,28.784,603.277,637.501
2303,28.766,603.311,637.515
2304,28.748,603.344,637.528
2305,28.730,603.377,637.541
2306,28.711,603.411,637.554
2307,28.693,603.444,637.567
2308,28.675,603.477,637.580
2309,28.657,603.510,637.594
2310,28.639,603.543,637.607
2311,28.621,603.576,637.620
2312,28.603,603.609,637.633
2313,28.585,603.642,637.647
2314,28.567,603.675,637.660
2315,28.549,603.708,637.672
2316,28.531,603.741,637.685
2317,28.513,603.774,637.698
2318,28.495,603.806,637.712
2319,28.477,603.840,637.725
2320,28.460,603.872,637.738
2321,28.442,603.905,637.751
2322,28.424,603.938,637.764
2323,28.406,603.970,637.777
2324,28.388,604.003,637.790
2325,28.371,604.035,637.803
2326,28.353,604.069,637.815
2327,28.335,604.101,637.829
2328,28.318,604.133,637.842
2329,28.300,604.166,637.855
2330,28.282,604.198,637.868
2331,28.265,604.231,637.881
2332,28.247,604.264,637.894
2333,28.229,604.296,637.907
2334,28.212,604.328,637.920
2335,28.194,604.361,637.933
2336,28.177,604.393,637.946
2337,28.159,604.425,637.959
2338,28.142,604.458,637.972
2339,28.124,604.490,637.985
2340,28.107,604.522,637.998
2341,28.089,604.554,638.011
2342,28.072,604.586,638.024
2343,28.055,604.619,638.037
2344,28.037,604.651,638.049
2345,28.020,604.683,638.062
2346,28.003,604.715,638.074
2347,27.985,604.747,638.087
2348,27.968,604.779,638.100
2349,27.951,604.811,638.113
2350,27.933,604.844,638.126
2351,27.916,604.875,638.139
2352,27.899,604.908,638.152
2353,27.882,604.940,638.165
2354,27.865,604.971,638.177
2355,27.847,605.003,638.190
2356,27.830,605.035,638.203
2357,27.813,605.067,638.216
2358,27.796,605.099,638.229
2359,27.779,605.131,638.242
2360,27.762,605.163,638.254
2361,27.745,605.195,638.267
2362,27.728,605.226,638.280
2363,27.711,605.258,638.293
2364,27.694,605.290,638.306
2365,27.677,605.322,638.318
2366,27.660,605.353,638.331
2367,27.643,605.385,638.344
2368,27.626,605.417,638.357
2369,27.609,605.449,638.369
2370,27.592,605.480,638.382
2371,27.576,605.512,638.395
2372,27.559,605.544,638.408
2373,27.542,605.575,638.420
2374,27.525,605.607,638.433
2375,27.508,605.639,638.446
2376,27.492,605.671,638.458
2377,27.475,605.702,638.471
2378,27.458,605.733,638.484
2379,27.442,605.765,638.496
2380,27.425,605.797,638.509
2381,27.408,605.828,638.522
2382,27.392,605.860,638.534
2383,27.375,605.891,638.547
2384,27.358,605.923,638.560
2385,27.342,605.954,638.573
2386,27.325,605.986,638.586
2387,27.309,606.017,638.599
2388,27.292,606.049,638.611
2389,27.276,606.080,638.624
2390,27.259,606.111,638.636
2391,27.243,606.143,638.649
2392,27.226,606.174,638.662
2393,27.210,606.206,638.674
2394,27.193,606.237,638.687
2395,27.177,606.269,638.699
2396,27.160,606.300,638.712
2397,27.144,606.331,638.724
2398,27.128,606.362,638.737
2399,27.112,606.394,638.750
2400,27.095,606.425,638.762
2401,27.079,606.457,638.775
2402,27.063,606.488,638.788
2403,27.046,606.519,638.801
2404,27.030,606.550,638.813
2405,27.014,606.582,638.826
2406,26.998,606.613,638.838
2407,26.982,606.645,638.851
2408,26.965,606.676,638.863
2409,26.949,606.707,638.876
2410,26.933,606.738,638.888
2411,26.917,606.770,638.901
2412,26.901,606.801,638.913
2413,26.885,606.832,638.926
2414,26.869,606.864,638.939
2415,26.853,606.895,638.952
2416,26.837,606.926,638.964
2417,26.821,606.957,638.977
2418,26.805,606.988,638.989
2419,26.789,607.019,639.002
2420,26.773,607.051,639.014
2421,26.757,607.083,639.027
2422,26.741,607.113,639.039
2423,26.725,607.145,639.052
2424,26.709,607.176,639.065
2425,26.693,607.207,639.077
2426,26.678,607.239,639.090
2427,26.662,607.269,639.102
2428,26.646,607.301,639.115
2429,26.630,607.332,639.127
2430,26.614,607.363,639.140
2431,26.599,607.395,639.152
2432,26.583,607.426,639.165
2433,26.567,607.457,639.178
2434,26.551,607.488,639.190
2435,26.536,607.519,639.202
2436,26.520,607.550,639.215
2437,26.504,607.582,639.227
2438,26.489,607.613,639.240
2439,26.473,607.644,639.253
2440,26.458,607.675,639.265
2441,26.442,607.707,639.278
2442,26.426,607.738,639.290
2443,26.411,607.769,639.302
2444,26.395,607.801,639.315
2445,26.380,607.831,639.328
2446,26.364,607.863,639.340
2447,26.349,607.894,639.353
2448,26.333,607.925,639.365
2449,26.318,607.956,639.378
2450,26.302,607.988,639.390
2451,26.287,608.019,639.403
2452,26.272,608.050,639.416
2453,26.256,608.081,639.428
2454,26.241,608.113,639.440
2455,26.226,608.144,639.453
2456,26.210,608.175,639.465
2457,26.195,608.206,639.478
2458,26.180,608.238,639.491
2459,26.164,608.269,639.503
2460,26.149,608.300,639.515
2461,26.134,608.331,639.528
2462,26.119,608.363,639.540
2463,26.104,608.394,639.553
2464,26.088,608.426,639.565
2465,26.073,608.456,639.578
2466,26.058,608.488,639.590
2467,26.043,608.519,639.603
2468,26.028,608.551,639.616
2469,26.013,608.582,639.628
2470,25.998,608.613,639.640
2471,25.983,608.644,639.653
2472,25.968,608.676,639.665
2473,25.952,608.707,639.678
2474,25.937,608.738,639.690
2475,25.922,608.769,639.703
2476,25.907,608.801,639.715
2477,25.892,608.832,639.728
2478,25.877,608.864,639.740
2479,25.862,608.895,639.753
2480,25.848,608.926,639.765
2481,25.833,608.958,639.778
2482,25.818,608.989,639.790
2483,25.803,609.020,639.803
2484,25.788,609.052,639.815
2485,25.773,609.083,639.827
2486,25.758,609.115,639.840
2487,25.744,609.146,639.853
2488,25.729,609.178,639.865
2489,25.714,609.209,639.877
2490,25.699,609.240,639.890
2491,25.685,609.272,639.903
2492,25.670,609.303,639.915
2493,25.655,609.335,639.927
2494,25.640,609.366,639.940
2495,25.626,609.398,639.953
2496,25.611,609.430,639.965
2497,25.596,609.461,639.977
2498,25.582,609.493,639.990
2499,25.567,609.524,640.003
2500,25.553,609.556,640.015
2501,25.538,609.588,640.028
2502,25.524,609.619,640.040
2503,25.509,609.651,640.053
2504,25.494,609.682,640.065
2505,25.480,609.714,640.078
2506,25.465,609.745,640.090
2507,25.451,609.777,640.103
2508,25.437,609.808,640.115
2509,25.422,609.840,640.128
2510,25.408,609.872,640.140
2511,25.393,609.903,640.153
2512,25.379,609.935,640.165
2513,25.364,609.967,640.178
2514,25.350,609.999,640.190
2515,25.336,610.030,640.202
2516,25.321,610.062,640.215
2517,25.307,610.094,640.228
2518,25.293,610.126,640.240
2519,25.278,610.158,640.253
2520,25.264,610.189,640.266
2521,25.250,610.221,640.278
2522,25.236,610.253,640.290
2523,25.221,610.285,640.303
2524,25.207,610.317,640.315
2525,25.193,610.349,640.328
2526,25.179,610.381,640.341
2527,25.165,610.413,640.353
2528,25.151,610.445,640.366
2529,25.136,610.477,640.379
2530,25.122,610.508,640.391
2531,25.108,610.540,640.403
2532,25.094,610.572,640.415
2533,25.080,610.604,640.428
2534,25.066,610.636,640.441
2535,25.052,610.668,640.453
2536,25.038,610.701,640.466
2537,25.024,610.733,640.478
2538,25.010,610.765,640.491
2539,24.996,610.797,640.504
2540,24.982,610.829,640.516
2541,24.968,610.861,640.528
2542,24.954,610.893,640.541
2543,24.940,610.925,640.554
2544,24.926,610.958,640.566
2545,24.913,610.990,640.579
2546,24.899,611.022,640.591
2547,24.885,611.054,640.604
2548,24.871,611.087,640.617
2549,24.857,611.119,640.629
2550,24.843,611.151,640.642
2551,24.830,611.184,640.654
2552,24.816,611.216,640.667
2553,24.802,611.248,640.680
2554,24.788,611.280,640.692
2555,24.775,611.313,640.705
2556,24.761,611.345,640.718
2557,24.747,611.378,640.730
2558,24.734,611.410,640.742
2559,24.720,611.443,640.755
2560,24.706,611.475,640.768
2561,24.693,611.507,640.781
2562,24.679,611.541,640.793
2563,24.666,611.573,640.806
2564,24.652,611.606,640.819
2565,24.638,611.638,640.831
2566,24.625,611.671,640.843
2567,24.611,611.704,640.856
2568,24.598,611.736,640.869
2569,24.584,611.769,640.882
2570,24.571,611.802,640.894
2571,24.557,611.834,640.907
2572,24.544,611.867,640.919
2573,24.530,611.900,640.932
2574,24.517,611.932,640.945
2575,24.504,611.966,640.958
2576,24.490,611.998,640.970
2577,24.477,612.031,640.983
2578,24.464,612.064,640.995
2579,24.450,612.097,641.008
2580,24.437,612.130,641.021
2581,24.424,612.163,641.033
2582,24.410,612.196,641.046
2583,24.397,612.229,641.059
2584,24.384,612.262,641.072
2585,24.370,612.295,641.084
2586,24.357,612.328,641.097
2587,24.344,612.361,641.110
2588,24.331,612.394,641.122
2589,24.318,612.427,641.135
2590,24.304,612.461,641.147
2591,24.291,612.493,641.161
2592,24.278,612.527,641.173
2593,24.265,612.561,641.186
2594,24.252,612.593,641.199
2595,24.239,612.627,641.211
2596,24.226,612.660,641.224
2597,24.213,612.694,641.237
2598,24.200,612.727,641.250
2599,24.187,612.760,641.262
2600,24.174,612.794,641.275
2601,24.161,612.827,641.288
2602,24.148,612.861,641.300
2603,24.135,612.895,641.314
2604,24.122,612.928,641.326
2605,24.109,612.962,641.339
2606,24.096,612.995,641.352
2607,24.083,613.028,641.365
2608,24.070,613.062,641.377
2609,24.057,613.096,641.390
2610,24.044,613.130,641.403
2611,24.031,613.164,641.415
2612,24.018,613.197,641.429
2613,24.006,613.231,641.441
2614,23.993,613.265,641.454
2615,23.980,613.298,641.467
2616,23.967,613.332,641.480
2617,23.955,613.367,641.492
2618,23.942,613.400,641.506
2619,23.929,613.434,641.518
2620,23.916,613.468,641.531
2621,23.904,613.502,641.544
2622,23.891,613.536,641.557
2623,23.878,613.571,641.569
2624,23.866,613.605,641.583
2625,23.853,613.638,641.595
2626,23.840,613.673,641.609
2627,23.828,613.707,641.621
2628,23.815,613.741,641.634
2629,23.803,613.775,641.647
2630,23.790,613.810,641.660
2631,23.777,613.844,641.673
2632,23.765,613.878,641.686
2633,23.752,613.913,641.699
2634,23.740,613.947,641.712
2635,23.727,613.982,641.724
2636,23.715,614.016,641.738
2637,23.702,614.050,641.750
2638,23.690,614.085,641.764
2639,23.678,614.120,641.776
2640,23.665,614.155,641.790
2641,23.653,614.189,641.802
2642,23.640,614.224,641.815
2643,23.628,614.259,641.828
2644,23.616,614.293,641.841
2645,23.603,614.328,641.854
2646,23.591,614.363,641.867
2647,23.579,614.398,641.880
2648,23.566,614.433,641.893
2649,23.554,614.468,641.906
2650,23.542,614.502,641.919
2651,23.530,614.537,641.932
2652,23.517,614.572,641.945
2653,23.505,614.608,641.958
2654,23.493,614.643,641.971
2655,23.481,614.678,641.984
2656,23.469,614.713,641.997
2657,23.456,614.748,642.011
2658,23.444,614.783,642.023
2659,23.432,614.818,642.037
2660,23.420,614.854,642.049
2661,23.408,614.889,642.063
2662,23.396,614.925,642.076
2663,23.384,614.960,642.089
2664,23.372,614.995,642.101
2665,23.360,615.031,642.115
2666,23.348,615.066,642.129
2667,23.336,615.102,642.141
2668,23.324,615.137,642.154
2669,23.312,615.173,642.167
2670,23.300,615.209,642.181
2671,23.288,615.244,642.193
2672,23.276,615.280,642.207
2673,23.264,615.316,642.220
2674,23.252,615.351,642.233
2675,23.240,615.388,642.247
2676,23.228,615.423,642.259
2677,23.216,615.459,642.273
2678,23.205,615.495,642.286
2679,23.193,615.532,642.299
2680,23.181,615.568,642.312
2681,23.169,615.603,642.325
2682,23.157,615.639,642.339
2683,23.146,615.675,642.352
2684,23.134,615.712,642.365
2685,23.122,615.748,642.378
2686,23.111,615.784,642.392
2687,23.099,615.820,642.405
2688,23.087,615.857,642.418
2689,23.076,615.894,642.432
2690,23.064,615.930,642.445
2691,23.052,615.966,642.458
2692,23.041,616.002,642.472
2693,23.029,616.040,642.485
2694,23.017,616.076,642.498
2695,23.006,616.113,642.511
2696,22.994,616.149,642.525
2697,22.983,616.186,642.538
2698,22.971,616.222,642.551
2699,22.960,616.260,642.565
2700,22.948,616.297,642.578
2701,22.937,616.333,642.591
2702,22.925,616.370,642.605
2703,22.914,616.407,642.618
2704,22.902,616.444,642.632
2705,22.891,616.481,642.645
2706,22.879,616.519,642.658
2707,22.868,616.556,642.672
2708,22.857,616.593,642.685
2709,22.845,616.630,642.699
2710,22.834,616.667,642.712
2711,22.823,616.705,642.725
2712,22.811,616.742,642.739
2713,22.800,616.780,642.753
2714,22.789,616.817,642.766
2715,22.777,616.855,642.780
2716,22.766,616.892,642.793
2717,22.755,616.930,642.806
2718,22.744,616.967,642.820
2719,22.732,617.005,642.833
2720,22.721,617.043,642.847
2721,22.710,617.080,642.861
2722,22.699,617.118,642.874
2723,22.688,617.156,642.888
2724,22.677,617.194,642.902
2725,22.665,617.232,642.915
2726,22.654,617.270,642.928
2727,22.643,617.308,642.942
2728,22.632,617.346,642.955
2729,22.621,617.384,642.969
2730,22.610,617.423,642.983
2731,22.599,617.461,642.996
2732,22.588,617.500,643.010
2733,22.577,617.537,643.024
2734,22.566,617.576,643.037
2735,22.555,617.615,643.051
2736,22.544,617.652,643.065
2737,22.533,617.691,643.078
2738,22.522,617.730,643.092
2739,22.511,617.769,643.106
2740,22.500,617.807,643.119
2741,22.490,617.846,643.133
2742,22.479,617.885,643.147
2743,22.468,617.924,643.160
2744,22.457,617.963,643.174
2745,22.446,618.001,643.188
2746,22.435,618.040,643.202
2747,22.425,618.080,643.216
2748,22.414,618.119,643.230
2749,22.403,618.158,643.244
2750,22.392,618.197,643.257
2751,22.382,618.236,643.271
2752,22.371,618.276,643.285
2753,22.360,618.315,643.298
2754,22.350,618.355,643.312
2755,22.339,618.393,643.327
2756,22.328,618.433,643.341
2757,22.318,618.473,643.354
2758,22.307,618.513,643.368
2759,22.296,618.552,643.382
2760,22.286,618.592,643.395
2761,22.275,618.631,643.410
2762,22.265,618.671,643.424
2763,22.254,618.711,643.438
2764,22.244,618.751,643.451
2765,22.233,618.791,643.465
2766,22.223,618.831,643.480
2767,22.212,618.871,643.493
2768,22.202,618.912,643.507
2769,22.191,618.952,643.522
2770,22.181,618.992,643.536
2771,22.170,619.032,643.549
2772,22.160,619.073,643.563
2773,22.150,619.113,643.578
2774,22.139,619.153,643.591
2775,22.129,619.195,643.605
2776,22.118,619.235,643.620
2777,22.108,619.276,643.634
2778,22.098,619.316,643.647
2779,22.088,619.357,643.662
2780,22.077,619.398,643.676
2781,22.067,619.439,643.690
2782,22.057,619.480,643.704
2783,22.047,619.520,643.718
2784,22.036,619.562,643.733
2785,22.026,619.603,643.747
2786,22.016,619.644,643.761
2787,22.006,619.686,643.775
2788,21.996,619.727,643.789
2789,21.985,619.768,643.804
2790,21.975,619.810,643.819
2791,21.965,619.851,643.832
2792,21.955,619.893,643.847
2793,21.945,619.934,643.861
2794,21.935,619.976,643.875
2795,21.925,620.018,643.889
2796,21.915,620.059,643.904
2797,21.905,620.102,643.918
2798,21.895,620.143,643.933
2799,21.885,620.185,643.946
2800,21.875,620.227,643.961
2801,21.865,620.269,643.975
2802,21.855,620.311,643.990
2803,21.845,620.354,644.005
2804,21.835,620.396,644.018
2805,21.825,620.438,644.033
2806,21.816,620.481,644.048
2807,21.806,620.523,644.062
2808,21.796,620.566,644.076
2809,21.786,620.608,644.091
2810,21.776,620.651,644.105
2811,21.767,620.694,644.120
2812,21.757,620.736,644.134
2813,21.747,620.779,644.148
2814,21.737,620.823,644.163
2815,21.728,620.866,644.178
2816,21.718,620.908,644.193
2817,21.708,620.952,644.207
2818,21.698,620.995,644.221
2819,21.689,621.039,644.236
2820,21.679,621.081,644.251
2821,21.670,621.125,644.265
2822,21.660,621.169,644.280
2823,21.650,621.212,644.295
2824,21.641,621.255,644.309
2825,21.631,621.299,644.324
2826,21.622,621.343,644.339
2827,21.612,621.387,644.354
2828,21.603,621.430,644.368
2829,21.593,621.475,644.383
2830,21.584,621.519,644.397
2831,21.574,621.563,644.412
2832,21.565,621.607,644.427
2833,21.555,621.651,644.442
2834,21.546,621.695,644.457
2835,21.536,621.740,644.471
2836,21.527,621.785,644.486
2837,21.518,621.829,644.501
2838,21.508,621.873,644.516
2839,21.499,621.918,644.531
2840,21.490,621.963,644.546
2841,21.480,622.008,644.561
2842,21.471,622.052,644.575
2843,21.462,622.097,644.590
2844,21.452,622.142,644.605
2845,21.443,622.187,644.621
2846,21.434,622.233,644.636
2847,21.425,622.278,644.651
2848,21.416,622.323,644.665
2849,21.406,622.369,644.680
2850,21.397,622.414,644.695
2851,21.388,622.460,644.711
2852,21.379,622.505,644.726
2853,21.370,622.550,644.741
2854,21.361,622.597,644.756
2855,21.352,622.643,644.770
2856,21.343,622.688,644.786
2857,21.334,622.734,644.801
2858,21.325,622.780,644.816
2859,21.316,622.827,644.831
2860,21.307,622.873,644.846
2861,21.298,622.919,644.862
2862,21.289,622.966,644.877
2863,21.280,623.012,644.892
2864,21.271,623.058,644.907
2865,21.262,623.105,644.922
2866,21.253,623.152,644.938
2867,21.244,623.198,644.953
2868,21.235,623.245,644.969
2869,21.226,623.292,644.984
2870,21.218,623.339,644.999
2871,21.209,623.386,645.014
2872,21.200,623.433,645.029
2873,21.191,623.480,645.045
2874,21.182,623.528,645.061
2875,21.174,623.575,645.076
2876,21.165,623.623,645.091
2877,21.156,623.671,645.107
2878,21.148,623.718,645.122
2879,21.139,623.766,645.138
2880,21.130,623.814,645.153
2881,21.122,623.861,645.168
2882,21.113,623.909,645.184
2883,21.104,623.958,645.200
2884,21.096,624.005,645.215
2885,21.087,624.054,645.230
2886,21.079,624.102,645.247
2887,21.070,624.151,645.262
2888,21.062,624.199,645.278
2889,21.053,624.248,645.293
2890,21.044,624.297,645.309
2891,21.036,624.345,645.325
2892,21.028,624.394,645.340
2893,21.019,624.443,645.356
2894,21.011,624.491,645.371
2895,21.002,624.540,645.387
2896,20.994,624.590,645.403
2897,20.985,624.639,645.419
2898,20.977,624.688,645.434
2899,20.969,624.737,645.451
2900,20.960,624.787,645.466
2901,20.952,624.837,645.482
2902,20.944,624.887,645.498
2903,20.936,624.936,645.514
2904,20.927,624.986,645.530
2905,20.919,625.036,645.545
2906,20.911,625.086,645.562
2907,20.903,625.136,645.578
2908,20.895,625.186,645.593
2909,20.886,625.236,645.609
2910,20.878,625.287,645.626
2911,20.870,625.337,645.641
2912,20.862,625.388,645.657
2913,20.854,625.439,645.673
2914,20.846,625.490,645.689
2915,20.838,625.540,645.705
2916,20.830,625.592,645.721
2917,20.822,625.643,645.738
2918,20.814,625.694,645.754
2919,20.806,625.745,645.770
2920,20.798,625.796,645.786
2921,20.790,625.847,645.802
2922,20.782,625.899,645.818
2923,20.774,625.950,645.834
2924,20.766,626.002,645.851
2925,20.758,626.054,645.867
2926,20.750,626.106,645.883
2927,20.742,626.158,645.900
2928,20.734,626.209,645.916
2929,20.727,626.262,645.932
2930,20.719,626.313,645.949
2931,20.711,626.366,645.965
2932,20.703,626.419,645.981
2933,20.696,626.471,645.998
2934,20.688,626.524,646.014
2935,20.680,626.577,646.031
2936,20.672,626.629,646.047
2937,20.665,626.683,646.064
2938,20.657,626.735,646.080
2939,20.649,626.788,646.097
2940,20.642,626.842,646.113
2941,20.634,626.895,646.130
2942,20.627,626.948,646.147
2943,20.619,627.002,646.163
2944,20.611,627.055,646.179
2945,20.604,627.109,646.196
2946,20.596,627.163,646.213
2947,20.589,627.217,646.229
2948,20.581,627.271,646.246
2949,20.574,627.325,646.263
2950,20.566,627.379,646.279
2951,20.559,627.433,646.297
2952,20.552,627.488,646.313
2953,20.544,627.542,646.330
2954,20.537,627.597,646.347
2955,20.530,627.651,646.363
2956,20.522,627.706,646.380
2957,20.515,627.761,646.397
2958,20.508,627.817,646.414
2959,20.500,627.871,646.430
2960,20.493,627.926,646.448
2961,20.486,627.982,646.464
2962,20.478,628.037,646.482
2963,20.471,628.092,646.499
2964,20.464,628.148,646.515
2965,20.457,628.204,646.533
2966,20.450,628.260,646.550
2967,20.443,628.316,646.566
2968,20.435,628.372,646.584
2969,20.428,628.428,646.601
2970,20.421,628.485,646.618
2971,20.414,628.540,646.635
2972,20.407,628.597,646.652
2973,20.400,628.653,646.670
2974,20.393,628.710,646.686
2975,20.386,628.767,646.704
2976,20.379,628.824,646.721
2977,20.372,628.881,646.738
2978,20.365,628.938,646.756
2979,20.358,628.995,646.773
2980,20.351,629.052,646.790
2981,20.345,629.109,646.807
2982,20.338,629.167,646.825
2983,20.331,629.225,646.842
2984,20.324,629.283,646.859
2985,20.317,629.340,646.877
2986,20.310,629.398,646.894
2987,20.304,629.456,646.911
2988,20.297,629.514,646.929
2989,20.290,629.573,646.947
2990,20.283,629.631,646.965
2991,20.277,629.690,646.982
2992,20.270,629.748,646.999
2993,20.263,629.806,647.017
2994,20.257,629.866,647.034
2995,20.250,629.924,647.052
2996,20.244,629.983,647.069
2997,20.237,630.042,647.087
2998,20.230,630.102,647.105
2999,20.224,630.161,647.123
3000,20.217,630.221,647.140
3001,20.211,630.280,647.158
3002,20.204,630.339,647.176
3003,20.198,630.399,647.194
3004,20.191,630.459,647.212
3005,20.185,630.519,647.229
3006,20.179,630.579,647.247
3007,20.172,630.639,647.265
3008,20.166,630.700,647.283
3009,20.159,630.760,647.301
3010,20.153,630.820,647.318
3011,20.147,630.882,647.336
3012,20.140,630.942,647.354
3013,20.134,631.003,647.373
3014,20.128,631.064,647.390
3015,20.122,631.125,647.408
3016,20.115,631.186,647.426
3017,20.109,631.247,647.444
3018,20.103,631.308,647.463
3019,20.097,631.370,647.481
3020,20.091,631.431,647.499
3021,20.085,631.493,647.517
3022,20.079,631.555,647.535
3023,20.072,631.617,647.553
3024,20.066,631.679,647.572
3025,20.060,631.741,647.590
3026,20.054,631.803,647.608
3027,20.048,631.865,647.626
3028,20.042,631.928,647.644
3029,20.036,631.991,647.663
3030,20.030,632.053,647.681
3031,20.024,632.116,647.699
3032,20.018,632.179,647.718
3033,20.013,632.242,647.735
3034,20.007,632.305,647.754
3035,20.001,632.368,647.773
3036,19.995,632.432,647.791
3037,19.989,632.495,647.810
3038,19.983,632.558,647.828
3039,19.978,632.622,647.847
3040,19.972,632.686,647.866
3041,19.966,632.749,647.883
3042,19.960,632.813,647.902
3043,19.955,632.878,647.921
3044,19.949,632.941,647.939
3045,19.943,633.006,647.958
3046,19.938,633.070,647.977
3047,19.932,633.135,647.995
3048,19.926,633.199,648.013
3049,19.921,633.264,648.032
3050,19.915,633.329,648.051
3051,19.910,633.393,648.070
3052,19.904,633.458,648.089
3053,19.899,633.523,648.107
3054,19.893,633.588,648.126
3055,19.888,633.654,648.145
3056,19.882,633.719,648.164
3057,19.877,633.785,648.182
3058,19.871,633.850,648.201
3059,19.866,633.915,648.220
3060,19.861,633.981,648.239
3061,19.855,634.047,648.258
3062,19.850,634.113,648.277
3063,19.844,634.179,648.296
3064,19.839,634.245,648.315
3065,19.834,634.311,648.334
3066,19.829,634.378,648.353
3067,19.823,634.444,648.372
3068,19.818,634.510,648.390
3069,19.813,634.577,648.409
3070,19.808,634.643,648.428
3071,19.803,634.710,648.447
3072,19.797,634.777,648.467
3073,19.792,634.844,648.486
3074,19.787,634.911,648.505
3075,19.782,634.978,648.524
3076,19.777,635.045,648.543
3077,19.772,635.112,648.562
3078,19.767,635.180,648.581
3079,19.762,635.248,648.601
3080,19.757,635.315,648.620
3081,19.752,635.382,648.639
3082,19.747,635.450,648.658
3083,19.742,635.517,648.677
3084,19.737,635.585,648.697
3085,19.732,635.653,648.715
3086,19.727,635.721,648.735
3087,19.723,635.789,648.754
3088,19.718,635.858,648.774
3089,19.713,635.926,648.793
3090,19.708,635.993,648.812
3091,19.703,636.062,648.831
3092,19.698,636.131,648.851
3093,19.694,636.199,648.870
3094,19.689,636.267,648.890
3095,19.684,636.336,648.909
3096,19.680,636.405,648.928
3097,19.675,636.473,648.948
3098,19.670,636.542,648.967
3099,19.666,636.611,648.986
3100,19.661,636.680,649.006
3101,19.656,636.749,649.026
3102,19.652,636.818,649.045
3103,19.647,636.886,649.064
3104,19.643,636.955,649.084
3105,19.638,637.024,649.103
3106,19.634,637.094,649.123
3107,19.629,637.163,649.142
3108,19.625,637.233,649.162
3109,19.620,637.302,649.181
3110,19.616,637.370,649.201
3111,19.611,637.440,649.220
3112,19.607,637.510,649.240
3113,19.603,637.580,649.259
3114,19.598,637.649,649.279
3115,19.594,637.718,649.298
3116,19.590,637.788,649.318
3117,19.585,637.857,649.337
3118,19.581,637.927,649.357
3119,19.577,637.997,649.376
3120,19.573,638.066,649.396
3121,19.568,638.136,649.416
3122,19.564,638.205,649.435
3123,19.560,638.275,649.454
3124,19.556,638.345,649.474
3125,19.552,638.415,649.493
3126,19.547,638.484,649.513
3127,19.543,638.554,649.533
3128,19.539,638.624,649.552
3129,19.535,638.693,649.572
3130,19.531,638.763,649.591
3131,19.527,638.833,649.611
3132,19.523,638.903,649.631
3133,19.519,638.972,649.651
3134,19.515,639.042,649.670
3135,19.511,639.111,649.690
3136,19.507,639.181,649.709
3137,19.503,639.251,649.728
3138,19.499,639.320,649.748
3139,19.495,639.390,649.767
3140,19.491,639.459,649.787
3141,19.487,639.528,649.806
3142,19.483,639.598,649.826
3143,19.480,639.668,649.845
3144,19.476,639.737,649.865
3145,19.472,639.807,649.884
3146,19.468,639.876,649.903
3147,19.464,639.945,649.923
3148,19.461,640.014,649.942
3149,19.457,640.084,649.963
3150,19.453,640.153,649.982
3151,19.449,640.222,650.001
3152,19.446,640.290,650.020
3153,19.442,640.359,650.040
3154,19.438,640.428,650.059
3155,19.435,640.496,650.078
3156,19.431,640.565,650.098
3157,19.427,640.634,650.117
3158,19.424,640.702,650.136
3159,19.420,640.770,650.155
3160,19.416,640.840,650.175
3161,19.413,640.907,650.195
3162,19.409,640.975,650.214
3163,19.406,641.044,650.233
3164,19.402,641.111,650.252
3165,19.399,641.179,650.271
3166,19.395,641.247,650.290
3167,19.392,641.315,650.309
3168,19.388,641.381,650.328
3169,19.385,641.450,650.348
3170,19.381,641.516,650.367
3171,19.378,641.583,650.386
3172,19.374,641.650,650.405
3173,19.371,641.717,650.424
3174,19.368,641.783,650.442
3175,19.364,641.850,650.461
3176,19.361,641.916,650.480
3177,19.358,641.982,650.500
3178,19.354,642.048,650.518
3179,19.351,642.114,650.537
3180,19.348,642.180,650.556
3181,19.344,642.245,650.574
3182,19.341,642.310,650.593
3183,19.338,642.376,650.611
3184,19.335,642.440,650.630
3185,19.331,642.505,650.649
3186,19.328,642.569,650.667
3187,19.325,642.634,650.686
3188,19.322,642.698,650.704
3189,19.318,642.761,650.723
3190,19.315,642.825,650.741
3191,19.312,642.888,650.760
3192,19.309,642.952,650.778
3193,19.306,643.015,650.796
3194,19.303,643.078,650.814
3195,19.299,643.140,650.832
3196,19.296,643.203,650.851
3197,19.293,643.265,650.869
3198,19.290,643.326,650.887
3199,19.287,643.387,650.905
3200,19.284,643.449,650.923
3201,19.281,643.510,650.941
3202,19.278,643.570,650.958
3203,19.275,643.631,650.976
3204,19.272,643.691,650.994
3205,19.269,643.752,651.012
3206,19.266,643.811,651.030
3207,19.263,643.870,651.047
3208,19.260,643.930,651.064
3209,19.257,643.989,651.082
3210,19.254,644.047,651.099
3211,19.251,644.106,651.117
3212,19.248,644.163,651.134
3213,19.245,644.221,651.151
3214,19.242,644.279,651.168
3215,19.239,644.335,651.185
3216,19.236,644.392,651.203
3217,19.233,644.448,651.220
3218,19.230,644.504,651.236
3219,19.227,644.560,651.253
3220,19.224,644.615,651.270
3221,19.221,644.670,651.287
3222,19.218,644.725,651.303
3223,19.215,644.780,651.319
3224,19.213,644.834,651.336
3225,19.210,644.887,651.353
3226,19.207,644.940,651.369
3227,19.204,644.993,651.385
3228,19.201,645.046,651.401
3229,19.198,645.098,651.417
3230,19.195,645.151,651.433
3231,19.193,645.202,651.449
3232,19.190,645.253,651.465
3233,19.187,645.304,651.481
3234,19.184,645.355,651.497
3235,19.181,645.404,651.512
3236,19.178,645.454,651.528
3237,19.176,645.503,651.544
3238,19.173,645.552,651.559
3239,19.170,645.601,651.575
3240,19.167,645.649,651.590
3241,19.164,645.697,651.605
3242,19.162,645.745,651.620
3243,19.159,645.792,651.635
3244,19.156,645.838,651.650
3245,19.153,645.884,651.665
3246,19.151,645.931,651.679
3247,19.148,645.975,651.694
3248,19.145,646.021,651.709
3249,19.142,646.066,651.723
3250,19.140,646.111,651.738
3251,19.137,646.155,651.752
3252,19.134,646.198,651.766
3253,19.131,646.242,651.780
3254,19.129,646.284,651.795
3255,19.126,646.326,651.808
3256,19.123,646.369,651.822
3257,19.120,646.411,651.836
3258,19.118,646.452,651.850
3259,19.115,646.493,651.863
3260,19.112,646.534,651.876
3261,19.110,646.574,651.890
3262,19.107,646.614,651.903
3263,19.104,646.653,651.917
3264,19.102,646.693,651.929
3265,19.099,646.732,651.943
3266,19.096,646.770,651.955
3267,19.093,646.808,651.968
3268,19.091,646.846,651.982
3269,19.088,646.883,651.994
3270,19.085,646.921,652.007
3271,19.083,646.957,652.019
3272,19.080,646.993,652.031
3273,19.077,647.030,652.044
3274,19.075,647.066,652.056
3275,19.072,647.101,652.068
3276,19.069,647.136,652.080
3277,19.067,647.171,652.092
3278,19.064,647.206,652.103
3279,19.061,647.240,652.115
3280,19.059,647.274,652.127
3281,19.056,647.307,652.138
3282,19.054,647.341,652.150
3283,19.051,647.374,652.162
3284,19.048,647.407,652.173
3285,19.046,647.439,652.184
3286,19.043,647.472,652.195
3287,19.040,647.504,652.206
3288,19.038,647.535,652.217
3289,19.035,647.567,652.228
3290,19.033,647.598,652.238
3291,19.030,647.629,652.249
3292,19.027,647.659,652.260
3293,19.025,647.690,652.270
3294,19.022,647.720,652.281
3295,19.019,647.750,652.291
3296,19.017,647.780,652.302
3297,19.014,647.810,652.311
3298,19.012,647.839,652.322
3299,19.009,647.868,652.332
3300,19.007,647.896,652.341
3301,19.004,647.925,652.351
3302,19.001,647.953,652.361
3303,18.999,647.981,652.370
3304,18.996,648.009,652.380
3305,18.994,648.037,652.390
3306,18.991,648.063,652.399
3307,18.989,648.091,652.409
3308,18.986,648.118,652.418
3309,18.983,648.144,652.427
3310,18.981,648.171,652.436
3311,18.978,648.198,652.445
3312,18.976,648.223,652.454
3313,18.973,648.250,652.463
3314,18.971,648.275,652.472
3315,18.968,648.300,652.481
3316,18.966,648.326,652.489
3317,18.963,648.351,652.498
3318,18.961,648.376,652.507
3319,18.958,648.401,652.515
3320,18.956,648.425,652.524
3321,18.953,648.450,652.532
3322,18.951,648.474,652.541
3323,18.948,648.497,652.548
3324,18.946,648.521,652.557
3325,18.943,648.545,652.565
3326,18.941,648.568,652.573
3327,18.938,648.592,652.581
3328,18.936,648.614,652.589
3329,18.933,648.637,652.597
3330,18.931,648.660,652.604
3331,18.928,648.682,652.613
3332,18.926,648.705,652.620
3333,18.923,648.727,652.627
3334,18.921,648.749,652.636
3335,18.918,648.770,652.643
3336,18.916,648.792,652.650
3337,18.913,648.814,652.657
3338,18.911,648.835,652.665
3339,18.908,648.856,652.672
3340,18.906,648.878,652.679
3341,18.903,648.898,652.687
3342,18.901,648.919,652.694
3343,18.899,648.939,652.701
3344,18.896,648.960,652.707
3345,18.894,648.980,652.715
3346,18.891,649.000,652.721
3347,18.889,649.020,652.728
3348,18.886,649.040,652.735
3349,18.884,649.060,652.742
3350,18.882,649.079,652.749
3351,18.879,649.099,652.755
3352,18.877,649.118,652.762
3353,18.874,649.136,652.768
3354,18.872,649.156,652.775
3355,18.870,649.174,652.782
3356,18.867,649.193,652.788
3357,18.865,649.212,652.794
3358,18.862,649.230,652.801
3359,18.860,649.248,652.807
3360,18.858,649.267,652.813
3361,18.855,649.284,652.819
3362,18.853,649.302,652.825
3363,18.851,649.320,652.831
3364,18.848,649.338,652.837
3365,18.846,649.355,652.844
3366,18.843,649.372,652.849
3367,18.841,649.389,652.855
3368,18.839,649.407,652.861
3369,18.836,649.424,652.867
3370,18.834,649.441,652.872
3371,18.832,649.458,652.878
3372,18.829,649.475,652.884
3373,18.827,649.491,652.890
3374,18.825,649.507,652.895
3375,18.822,649.524,652.901
3376,18.820,649.540,652.906
3377,18.818,649.556,652.912
3378,18.815,649.572,652.917
3379,18.813,649.587,652.923
3380,18.811,649.603,652.928
3381,18.808,649.619,652.934
3382,18.806,649.634,652.939
3383,18.804,649.650,652.944
3384,18.801,649.665,652.949
3385,18.799,649.680,652.954
3386,18.797,649.696,652.960
3387,18.795,649.710,652.965
3388,18.792,649.725,652.970
3389,18.790,649.740,652.975
3390,18.788,649.755,652.980
3391,18.785,649.770,652.985
3392,18.783,649.784,652.990
3393,18.781,649.798,652.995
3394,18.779,649.813,653.000
3395,18.776,649.826,653.004
3396,18.774,649.841,653.009
3397,18.772,649.855,653.014
3398,18.770,649.869,653.019
3399,18.767,649.883,653.024
3400,18.765,649.896,653.029
3401,18.763,649.910,653.033
3402,18.761,649.924,653.037
3403,18.758,649.937,653.042
3404,18.756,649.950,653.047
3405,18.754,649.964,653.051
3406,18.752,649.977,653.056
3407,18.749,649.990,653.060
3408,18.747,650.003,653.065
3409,18.745,650.016,653.070
3410,18.743,650.029,653.073
3411,18.740,650.042,653.078
3412,18.738,650.055,653.082
3413,18.736,650.067,653.086
3414,18.734,650.080,653.091
3415,18.732,650.092,653.095
3416,18.729,650.105,653.099
3417,18.727,650.117,653.104
3418,18.725,650.130,653.108
3419,18.723,650.142,653.112
3420,18.721,650.153,653.116
3421,18.718,650.165,653.120
3422,18.716,650.177,653.124
3423,18.714,650.189,653.128
3424,18.712,650.201,653.132
3425,18.710,650.213,653.136
3426,18.708,650.225,653.140
3427,18.705,650.236,653.144
3428,18.703,650.247,653.148
3429,18.701,650.259,653.152
3430,18.699,650.270,653.156
3431,18.697,650.282,653.159
3432,18.695,650.293,653.164
3433,18.692,650.304,653.167
3434,18.690,650.315,653.171
3435,18.688,650.326,653.175
3436,18.686,650.337,653.178
3437,18.684,650.348,653.182
3438,18.682,650.358,653.186
3439,18.680,650.370,653.190
3440,18.678,650.380,653.193
3441,18.675,650.391,653.197
3442,18.673,650.401,653.200
3443,18.671,650.412,653.204
3444,18.669,650.422,653.207
3445,18.667,650.433,653.211
3446,18.665,650.443,653.215
3447,18.663,650.453,653.218
3448,18.661,650.463,653.222
3449,18.658,650.473,653.225
3450,18.656,650.484,653.228
3451,18.654,650.494,653.232
3452,18.652,650.504,653.235
3453,18.650,650.513,653.238
3454,18.648,650.523,653.242
3455,18.646,650.533,653.245
3456,18.644,650.543,653.248
3457,18.642,650.553,653.252
3458,18.640,650.562,653.255
3459,18.638,650.572,653.259
3460,18.636,650.581,653.261
3461,18.633,650.591,653.265
3462,18.631,650.600,653.268
3463,18.629,650.610,653.271
3464,18.627,650.619,653.274
3465,18.625,650.628,653.278
3466,18.623,650.637,653.280
3467,18.621,650.646,653.283
3468,18.619,650.656,653.287
3469,18.617,650.665,653.290
3470,18.615,650.674,653.293
3471,18.613,650.683,653.296
3472,18.611,650.691,653.299
3473,18.609,650.701,653.302
3474,18.607,650.709,653.305
3475,18.605,650.719,653.308
3476,18.603,650.727,653.311
3477,18.601,650.735,653.314
3478,18.599,650.744,653.317
3479,18.597,650.753,653.320
3480,18.595,650.761,653.322
3481,18.593,650.770,653.326
3482,18.591,650.778,653.328
3483,18.589,650.787,653.331
3484,18.587,650.795,653.334
3485,18.585,650.803,653.337
3486,18.583,650.812,653.339
3487,18.581,650.820,653.343
3488,18.579,650.828,653.345
3489,18.577,650.836,653.348
3490,18.575,650.844,653.351
3491,18.573,650.852,653.354
3492,18.571,650.860,653.356
3493,18.569,650.868,653.358
3494,18.567,650.876,653.362
3495,18.565,650.884,653.364
3496,18.563,650.892,653.367
3497,18.561,650.900,653.369
3498,18.559,650.907,653.372
3499,18.557,650.915,653.375
3500,18.555,650.923,653.378
3501,18.553,650.931,653.380
3502,18.551,650.938,653.383
3503,18.549,650.946,653.385
3504,18.547,650.954,653.388
3505,18.545,650.961,653.390
3506,18.543,650.969,653.393
3507,18.541,650.976,653.395
3508,18.539,650.983,653.397
3509,18.538,650.991,653.400
3510,18.536,650.998,653.402
3511,18.534,651.006,653.405
3512,18.532,651.013,653.407
3513,18.530,651.019,653.410
3514,18.528,651.027,653.412
3515,18.526,651.034,653.415
3516,18.524,651.042,653.417
3517,18.522,651.048,653.420
3518,18.520,651.055,653.422
3519,18.518,651.063,653.425
3520,18.516,651.069,653.427
3521,18.514,651.077,653.430
3522,18.513,651.083,653.432
3523,18.511,651.090,653.433
3524,18.509,651.097,653.436
3525,18.507,651.104,653.438
3526,18.505,651.111,653.441
3527,18.503,651.117,653.443
3528,18.501,651.124,653.446
3529,18.499,651.131,653.447
3530,18.497,651.137,653.450
3531,18.496,651.144,653.452
3532,18.494,651.151,653.455
3533,18.492,651.158,653.457
3534,18.490,651.164,653.459
3535,18.488,651.170,653.461
3536,18.486,651.177,653.464
3537,18.484,651.183,653.465
3538,18.482,651.190,653.468
3539,18.481,651.196,653.470
3540,18.479,651.202,653.472
3541,18.477,651.209,653.474
3542,18.475,651.215,653.476
3543,18.473,651.222,653.478
3544,18.471,651.228,653.480
3545,18.470,651.234,653.483
3546,18.468,651.240,653.484
3547,18.466,651.246,653.487
3548,18.464,651.253,653.489
3549,18.462,651.258,653.491
3550,18.460,651.265,653.493
3551,18.459,651.271,653.495
3552,18.457,651.277,653.497
3553,18.455,651.283,653.499
3554,18.453,651.289,653.501
3555,18.451,651.295,653.503
3556,18.449,651.301,653.505
3557,18.448,651.307,653.508
3558,18.446,651.313,653.509
3559,18.444,651.319,653.511
3560,18.442,651.325,653.513
3561,18.440,651.330,653.515
3562,18.439,651.336,653.517
3563,18.437,651.342,653.519
3564,18.435,651.348,653.521
3565,18.433,651.354,653.523
3566,18.431,651.359,653.525
3567,18.430,651.365,653.527
3568,18.428,651.371,653.529
3569,18.426,651.377,653.530
3570,18.424,651.381,653.533
3571,18.422,651.387,653.534
3572,18.421,651.393,653.536
3573,18.419,651.398,653.538
3574,18.417,651.404,653.540
3575,18.415,651.409,653.542
3576,18.413,651.415,653.544
3577,18.412,651.420,653.545
3578,18.410,651.426,653.548
3579,18.408,651.431,653.549
3580,18.406,651.437,653.551
3581,18.405,651.442,653.553
3582,18.403,651.448,653.555
3583,18.401,651.453,653.557
3584,18.399,651.458,653.558
3585,18.398,651.464,653.560
3586,18.396,651.469,653.562
3587,18.394,651.474,653.564
3588,18.392,651.479,653.565
3589,18.391,651.485,653.567
3590,18.389,651.490,653.569
3591,18.387,651.495,653.571
3592,18.385,651.500,653.572
3593,18.384,651.505,653.574
3594,18.382,651.511,653.576
3595,18.380,651.516,653.578
3596,18.379,651.521,653.579
3597,18.377,651.525,653.581
3598,18.375,651.530,653.583
3599,18.373,651.535,653.585
3600,18.372,651.540,653.586
3601,18.370,651.545,653.588
3602,18.368,651.550,653.589
3603,18.366,651.555,653.591
3604,18.365,651.560,653.593
3605,18.363,651.565,653.595
3606,18.361,651.570,653.596
3607,18.360,651.575,653.598
3608,18.358,651.580,653.599
3609,18.356,651.585,653.601
3610,18.355,651.589,653.603
3611,18.353,651.594,653.605
3612,18.351,651.599,653.606
3613,18.349,651.604,653.608
3614,18.348,651.609,653.609
3615,18.346,651.614,653.611
3616,18.344,651.618,653.612
3617,18.343,651.623,653.614
3618,18.341,651.628,653.616
3619,18.339,651.632,653.617
3620,18.338,651.637,653.619
3621,18.336,651.642,653.620
3622,18.334,651.646,653.622
3623,18.333,651.651,653.623
3624,18.331,651.656,653.625
3625,18.329,651.660,653.626
3626,18.328,651.665,653.628
3627,18.326,651.669,653.629
3628,18.324,651.674,653.631
3629,18.323,651.678,653.632
3630,18.321,651.683,653.634
3631,18.319,651.687,653.635
3632,18.318,651.692,653.637
3633,18.316,651.696,653.639
3634,18.314,651.701,653.640
3635,18.313,651.705,653.641
3636,18.311,651.710,653.643
3637,18.309,651.714,653.645
3638,18.308,651.719,653.646
3639,18.306,651.722,653.647
3640,18.305,651.727,653.649
3641,18.303,651.731,653.650
3642,18.301,651.736,653.652
3643,18.300,651.739,653.653
3644,18.298,651.744,653.655
3645,18.296,651.748,653.656
3646,18.295,651.752,653.658
3647,18.293,651.757,653.659
3648,18.292,651.761,653.661
3649,18.290,651.765,653.662
3650,18.288,651.769,653.664
3651,18.287,651.773,653.665
3652,18.285,651.778,653.667
3653,18.283,651.782,653.668
3654,18.282,651.786,653.669
3655,18.280,651.790,653.670
3656,18.279,651.795,653.672
3657,18.277,651.798,653.673
3658,18.275,651.803,653.675
3659,18.274,651.807,653.676
3660,18.272,651.811,653.678
3661,18.271,651.815,653.679
3662,18.269,651.819,653.680
3663,18.267,651.823,653.682
3664,18.266,651.827,653.683
3665,18.264,651.831,653.684
3666,18.263,651.835,653.686
3667,18.261,651.839,653.687
3668,18.260,651.843,653.689
3669,18.258,651.847,653.690
3670,18.256,651.851,653.691
3671,18.255,651.855,653.692
3672,18.253,651.859,653.694
3673,18.252,651.863,653.695
3674,18.250,651.867,653.697
3675,18.249,651.871,653.698
3676,18.247,651.875,653.699
3677,18.245,651.878,653.700
3678,18.244,651.882,653.702
3679,18.242,651.886,653.703
3680,18.241,651.890,653.705
3681,18.239,651.894,653.706
3682,18.238,651.898,653.707
3683,18.236,651.901,653.708
3684,18.234,651.905,653.710
3685,18.233,651.909,653.711
3686,18.231,651.913,653.712
3687,18.230,651.917,653.713
3688,18.228,651.921,653.715
3689,18.227,651.924,653.716
3690,18.225,651.928,653.717
3691,18.224,651.931,653.718
3692,18.222,651.935,653.720
3693,18.221,651.939,653.721
3694,18.219,651.943,653.722
3695,18.218,651.946,653.723
3696,18.216,651.950,653.725
3697,18.214,651.954,653.726
3698,18.213,651.957,653.727
3699,18.211,651.961,653.728
3700,18.210,651.965,653.730
3701,18.208,651.968,653.731
3702,18.207,651.972,653.732
3703,18.205,651.975,653.733
3704,18.204,651.979,653.735
3705,18.202,651.982,653.736
3706,18.201,651.986,653.737
3707,18.199,651.990,653.738
3708,18.198,651.993,653.739
3709,18.196,651.997,653.740
3710,18.195,652.000,653.742
3711,18.193,652.004,653.743
3712,18.192,652.007,653.744
3713,18.190,652.011,653.745
3714,18.189,652.014,653.746
3715,18.187,652.018,653.747
3716,18.186,652.021,653.749
3717,18.184,652.025,653.750
3718,18.183,652.029,653.751
3719,18.181,652.031,653.752
3720,18.180,652.035,653.754
3721,18.178,652.039,653.754
3722,18.177,652.042,653.756
3723,18.175,652.045,653.757
3724,18.174,652.049,653.758
3725,18.172,652.052,653.759
3726,18.171,652.056,653.760
3727,18.169,652.059,653.761
3728,18.168,652.063,653.763
3729,18.166,652.066,653.764
3730,18.165,652.069,653.765
3731,18.164,652.072,653.766
3732,18.162,652.076,653.767
3733,18.161,652.079,653.768
3734,18.159,652.082,653.769
3735,18.158,652.085,653.770
3736,18.156,652.089,653.772
3737,18.155,652.092,653.773
3738,18.153,652.096,653.774
3739,18.152,652.098,653.775
3740,18.150,652.102,653.776
3741,18.149,652.105,653.777
3742,18.147,652.108,653.778
3743,18.146,652.111,653.779
3744,18.145,652.115,653.780
3745,18.143,652.118,653.782
3746,18.142,652.121,653.783
3747,18.140,652.125,653.784
3748,18.139,652.128,653.785
3749,18.137,652.131,653.786
3750,18.136,652.134,653.787
3751,18.134,652.138,653.788
3752,18.133,652.140,653.789
3753,18.132,652.144,653.790
3754,18.130,652.147,653.791
3755,18.129,652.150,653.792
3756,18.127,652.153,653.793
3757,18.126,652.156,653.795
3758,18.124,652.159,653.795
3759,18.123,652.162,653.797
3760,18.122,652.165,653.798
3761,18.120,652.169,653.799
3762,18.119,652.171,653.800
3763,18.117,652.175,653.801
3764,18.116,652.178,653.802
3765,18.115,652.181,653.803
3766,18.113,652.184,653.804
3767,18.112,652.187,653.805
3768,18.110,652.190,653.806
3769,18.109,652.193,653.807
3770,18.107,652.196,653.808
3771,18.106,652.199,653.809
3772,18.105,652.202,653.810
3773,18.103,652.205,653.811
3774,18.102,652.208,653.812
3775,18.100,652.211,653.813
3776,18.099,652.214,653.814
3777,18.098,652.217,653.815
3778,18.096,652.219,653.816
3779,18.095,652.223,653.817
3780,18.093,652.226,653.818
3781,18.092,652.229,653.819
3782,18.091,652.232,653.820
3783,18.089,652.234,653.821
3784,18.088,652.238,653.822
3785,18.087,652.240,653.823
3786,18.085,652.244,653.824
3787,18.084,652.246,653.825
3788,18.082,652.249,653.826
3789,18.081,652.252,653.827
3790,18.080,652.255,653.828
3791,18.078,652.257,653.829
3792,18.077,652.261,653.830
3793,18.076,652.263,653.831
3794,18.074,652.267,653.832
3795,18.073,652.269,653.833
3796,18.071,652.272,653.834
3797,18.070,652.275,653.835
3798,18.069,652.278,653.836
3799,18.067,652.280,653.837
3800,18.066,652.283,653.838
3801,18.065,652.286,653.838
3802,18.063,652.289,653.840
3803,18.062,652.291,653.840
3804,18.061,652.295,653.841
3805,18.059,652.298,653.843
3806,18.058,652.300,653.843
3807,18.056,652.303,653.844
3808,18.055,652.306,653.845
3809,18.054,652.309,653.846
3810,18.052,652.311,653.847
3811,18.051,652.314,653.848
3812,18.050,652.316,653.849
3813,18.048,652.320,653.850
3814,18.047,652.322,653.851
3815,18.046,652.325,653.852
3816,18.044,652.327,653.853
3817,18.043,652.330,653.854
3818,18.042,652.333,653.854
3819,18.040,652.336,653.855
3820,18.039,652.338,653.856
3821,18.038,652.341,653.857
3822,18.036,652.343,653.858
3823,18.035,652.346,653.859
3824,18.034,652.349,653.860
3825,18.032,652.352,653.861
3826,18.031,652.355,653.862
3827,18.030,652.357,653.863
3828,18.028,652.360,653.864
3829,18.027,652.362,653.865
3830,18.026,652.365,653.865
3831,18.024,652.367,653.866
3832,18.023,652.370,653.867
3833,18.022,652.373,653.868
3834,18.020,652.376,653.869
3835,18.019,652.378,653.870
3836,18.018,652.381,653.871
3837,18.017,652.383,653.872
3838,18.015,652.386,653.873
3839,18.014,652.388,653.873
3840,18.013,652.391,653.874
3841,18.011,652.393,653.875
3842,18.010,652.396,653.876
3843,18.009,652.399,653.877
3844,18.007,652.401,653.878
3845,18.006,652.404,653.879
3846,18.005,652.406,653.879
3847,18.004,652.409,653.881
3848,18.002,652.411,653.881
3849,18.001,652.414,653.882
3850,18.000,652.416,653.883
3851,17.998,652.419,653.884
3852,17.997,652.421,653.885
3853,17.996,652.424,653.886
3854,17.994,652.426,653.886
3855,17.993,652.429,653.887
3856,17.992,652.431,653.888
3857,17.991,652.434,653.889
3858,17.989,652.436,653.890
3859,17.988,652.439,653.891
3860,17.987,652.442,653.892
3861,17.986,652.444,653.892
3862,17.984,652.447,653.893
3863,17.983,652.449,653.894
3864,17.982,652.451,653.895
3865,17.980,652.453,653.896
3866,17.979,652.456,653.897
3867,17.978,652.458,653.897
3868,17.977,652.461,653.898
3869,17.975,652.463,653.899
3870,17.974,652.466,653.900
3871,17.973,652.468,653.901
3872,17.972,652.471,653.901
3873,17.970,652.473,653.902
3874,17.969,652.475,653.903
3875,17.968,652.478,653.904
3876,17.966,652.480,653.905
3877,17.965,652.483,653.906
3878,17.964,652.485,653.906
3879,17.963,652.488,653.907
3880,17.961,652.489,653.908
3881,17.960,652.492,653.909
3882,17.959,652.494,653.910
3883,17.958,652.497,653.910
3884,17.956,652.499,653.911
3885,17.955,652.502,653.912
3886,17.954,652.503,653.913
3887,17.953,652.506,653.914
3888,17.951,652.508,653.914
3889,17.950,652.511,653.915
3890,17.949,652.513,653.916
3891,17.948,652.515,653.917
3892,17.947,652.518,653.918
3893,17.945,652.520,653.918
3894,17.944,652.523,653.919
3895,17.943,652.524,653.920
3896,17.942,652.527,653.921
3897,17.940,652.529,653.921
3898,17.939,652.532,653.922
3899,17.938,652.533,653.923
3900,17.937,652.536,653.924
3901,17.935,652.538,653.924
3902,17.934,652.541,653.925
3903,17.933,652.543,653.926
3904,17.932,652.545,653.927
3905,17.931,652.548,653.928
3906,17.929,652.549,653.928
3907,17.928,652.552,653.929
3908,17.927,652.554,653.930
3909,17.926,652.557,653.931
3910,17.924,652.558,653.931
3911,17.923,652.561,653.932
3912,17.922,652.563,653.933
3913,17.921,652.565,653.934
3914,17.920,652.567,653.934
3915,17.918,652.570,653.935
3916,17.917,652.572,653.936
3917,17.916,652.574,653.937
3918,17.915,652.577,653.938
3919,17.914,652.578,653.938
3920,17.912,652.581,653.939
3921,17.911,652.583,653.940
3922,17.910,652.585,653.941
3923,17.909,652.587,653.941
3924,17.908,652.589,653.942
3925,17.906,652.591,653.943
3926,17.905,652.594,653.944
3927,17.904,652.596,653.944
3928,17.903,652.598,653.945
3929,17.902,652.601,653.946
3930,17.900,652.602,653.946
3931,17.899,652.605,653.947
3932,17.898,652.606,653.948
3933,17.897,652.609,653.949
3934,17.896,652.611,653.949
3935,17.894,652.613,653.950
3936,17.893,652.615,653.951
3937,17.892,652.617,653.952
3938,17.891,652.620,653.952
3939,17.890,652.621,653.953
3940,17.889,652.624,653.954
3941,17.887,652.626,653.954
3942,17.886,652.628,653.955
3943,17.885,652.630,653.956
3944,17.884,652.632,653.957
3945,17.883,652.634,653.957
3946,17.881,652.636,653.958
3947,17.880,652.638,653.959
3948,17.879,652.640,653.960
3949,17.878,652.643,653.960
3950,17.877,652.644,653.961
3951,17.876,652.647,653.962
3952,17.874,652.648,653.962
3953,17.873,652.651,653.963
3954,17.872,652.652,653.964
3955,17.871,652.655,653.965
3956,17.870,652.657,653.965
3957,17.869,652.659,653.966
3958,17.867,652.661,653.966
3959,17.866,652.663,653.967
3960,17.865,652.665,653.968
3961,17.864,652.667,653.969
3962,17.863,652.669,653.969
3963,17.862,652.671,653.970
3964,17.861,652.673,653.971
3965,17.859,652.675,653.971
3966,17.858,652.677,653.972
3967,17.857,652.679,653.973
3968,17.856,652.681,653.973
3969,17.855,652.683,653.974
3970,17.854,652.685,653.975
3971,17.852,652.687,653.976
3972,17.851,652.689,653.976
3973,17.850,652.691,653.977
3974,17.849,652.693,653.978
3975,17.848,652.695,653.978
3976,17.847,652.697,653.979
3977,17.846,652.699,653.980
3978,17.844,652.701,653.980
3979,17.843,652.703,653.981
3980,17.842,652.705,653.982
3981,17.841,652.707,653.982
3982,17.840,652.709,653.983
3983,17.839,652.710,653.984
3984,17.838,652.713,653.984
3985,17.837,652.714,653.985
3986,17.835,652.717,653.986
3987,17.834,652.718,653.986
3988,17.833,652.720,653.987
3989,17.832,652.722,653.988
3990,17.831,652.724,653.988
3991,17.830,652.726,653.989
3992,17.829,652.728,653.990
3993,17.828,652.730,653.990
3994,17.826,652.732,653.991
3995,17.825,652.734,653.992
3996,17.824,652.735,653.992
3997,17.823,652.738,653.993
3998,17.822,652.739,653.993
3999,17.821,652.741,653.994
4000,17.820,652.743,653.995
4001,17.819,652.745,653.995
4002,17.817,652.747,653.996
4003,17.816,652.749,653.997
4004,17.815,652.751,653.997
4005,17.814,652.752,653.998
4006,17.813,652.755,653.999
4007,17.812,652.756,653.999
4008,17.811,652.758,654.000
4009,17.810,652.760,654.001
4010,17.809,652.762,654.001
4011,17.807,652.764,654.002
4012,17.806,652.765,654.002
4013,17.805,652.768,654.003
4014,17.804,652.769,654.004
4015,17.803,652.771,654.004
4016,17.802,652.773,654.005
4017,17.801,652.775,654.006
4018,17.800,652.777,654.006
4019,17.799,652.778,654.007
4020,17.798,652.780,654.008
4021,17.796,652.782,654.008
4022,17.795,652.784,654.009
4023,17.794,652.785,654.009
4024,17.793,652.788,654.010
4025,17.792,652.789,654.011
4026,17.791,652.791,654.011
4027,17.790,652.793,654.012
4028,17.789,652.795,654.013
4029,17.788,652.797,654.013
4030,17.787,652.798,654.014
4031,17.786,652.800,654.014
4032,17.785,652.802,654.015
4033,17.783,652.804,654.016
4034,17.782,652.806,654.016
4035,17.781,652.807,654.017
4036,17.780,652.809,654.018
4037,17.779,652.811,654.018
4038,17.778,652.813,654.019
4039,17.777,652.814,654.019
4040,17.776,652.816,654.020
4041,17.775,652.818,654.020
4042,17.774,652.820,654.021
4043,17.773,652.822,654.022
4044,17.772,652.823,654.022
4045,17.771,652.825,654.023
4046,17.769,652.826,654.024
4047,17.768,652.828,654.024
4048,17.767,652.830,654.025
4049,17.766,652.832,654.025
4050,17.765,652.834,654.026
4051,17.764,652.835,654.026
4052,17.763,652.837,654.027
4053,17.762,652.839,654.028
4054,17.761,652.841,654.028
4055,17.760,652.842,654.029
4056,17.759,652.844,654.030
4057,17.758,652.845,654.030
4058,17.757,652.847,654.031
4059,17.756,652.849,654.031
4060,17.755,652.851,654.032
4061,17.754,652.853,654.032
4062,17.752,652.854,654.033
4063,17.751,652.856,654.034
4064,17.750,652.857,654.034
4065,17.749,652.859,654.035
4066,17.748,652.861,654.036
4067,17.747,652.862,654.036
4068,17.746,652.864,654.037
4069,17.745,652.866,654.037
4070,17.744,652.868,654.038
4071,17.743,652.869,654.038
4072,17.742,652.871,654.039
4073,17.741,652.872,654.039
4074,17.740,652.874,654.040
4075,17.739,652.876,654.041
4076,17.738,652.877,654.041
4077,17.737,652.879,654.042
4078,17.736,652.881,654.042
4079,17.735,652.883,654.043
4080,17.734,652.884,654.043
4081,17.733,652.886,654.044
4082,17.732,652.888,654.045
4083,17.731,652.889,654.045
4084,17.729,652.891,654.046
4085,17.728,652.892,654.046
4086,17.727,652.894,654.047
4087,17.726,652.895,654.047
4088,17.725,652.897,654.048
4089,17.724,652.899,654.049
4090,17.723,652.900,654.049
4091,17.722,652.902,654.050
4092,17.721,652.904,654.050
4093,17.720,652.905,654.051
4094,17.719,652.907,654.051
4095,17.718,652.909,654.052
4096,17.717,652.910,654.052
4097,17.716,652.912,654.053
4098,17.715,652.914,654.054
4099,17.714,652.915,654.054
4100,17.713,652.917,654.055
4101,17.712,652.918,654.055
4102,17.711,652.920,654.056
4103,17.710,652.922,654.056
4104,17.709,652.923,654.057
4105,17.708,652.925,654.057
4106,17.707,652.926,654.058
4107,17.706,652.928,654.058
4108,17.705,652.929,654.059
4109,17.704,652.931,654.060
4110,17.703,652.933,654.060
4111,17.702,652.934,654.061
4112,17.701,652.936,654.061
4113,17.700,652.937,654.062
4114,17.699,652.939,654.062
4115,17.698,652.940,654.063
4116,17.697,652.942,654.063
4117,17.696,652.944,654.064
4118,17.695,652.945,654.064
4119,17.694,652.947,654.065
4120,17.693,652.948,654.065
4121,17.692,652.950,654.066
4122,17.691,652.951,654.066
4123,17.690,652.953,654.067
4124,17.689,652.954,654.068
4125,17.688,652.956,654.068
4126,17.687,652.957,654.069
4127,17.686,652.958,654.069
4128,17.685,652.960,654.070
4129,17.684,652.961,654.070
4130,17.683,652.963,654.071
4131,17.682,652.965,654.071
4132,17.681,652.966,654.072
4133,17.680,652.968,654.072
4134,17.679,652.969,654.073
4135,17.678,652.971,654.073
4136,17.677,652.972,654.074
4137,17.676,652.974,654.074
4138,17.675,652.976,654.075
4139,17.674,652.977,654.075
4140,17.673,652.978,654.076
4141,17.672,652.980,654.076
4142,17.671,652.981,654.077
4143,17.670,652.982,654.077
4144,17.669,652.984,654.078
4145,17.668,652.986,654.079
4146,17.667,652.987,654.079
4147,17.666,652.989,654.080
4148,17.665,652.990,654.080
4149,17.664,652.992,654.081
4150,17.663,652.993,654.081
4151,17.662,652.995,654.082
4152,17.661,652.996,654.082
4153,17.660,652.997,654.083
4154,17.659,652.999,654.083
4155,17.658,653.000,654.084
4156,17.657,653.002,654.084
4157,17.656,653.004,654.085
4158,17.655,653.005,654.085
4159,17.654,653.006,654.086
4160,17.653,653.008,654.086
4161,17.652,653.009,654.087
4162,17.652,653.010,654.087
4163,17.651,653.012,654.088
4164,17.650,653.014,654.088
4165,17.649,653.015,654.089
4166,17.648,653.016,654.089
4167,17.647,653.018,654.090
4168,17.646,653.019,654.090
4169,17.645,653.020,654.091
4170,17.644,653.022,654.091
4171,17.643,653.024,654.092
4172,17.642,653.025,654.092
4173,17.641,653.026,654.093
4174,17.640,653.028,654.093
4175,17.639,653.029,654.094
4176,17.638,653.031,654.094
4177,17.637,653.032,654.095
4178,17.636,653.034,654.095
4179,17.635,653.035,654.096
4180,17.634,653.036,654.096
4181,17.633,653.037,654.096
4182,17.632,653.039,654.097
4183,17.631,653.041,654.098
4184,17.630,653.042,654.098
4185,17.629,653.043,654.099
4186,17.629,653.044,654.099
4187,17.628,653.046,654.099
4188,17.627,653.048,654.100
4189,17.626,653.049,654.100
4190,17.625,653.050,654.101
4191,17.624,653.051,654.101
4192,17.623,653.053,654.102
4193,17.622,653.054,654.102
4194,17.621,653.056,654.103
4195,17.620,653.057,654.103
4196,17.619,653.058,654.104
4197,17.618,653.060,654.104
4198,17.617,653.061,654.105
4199,17.616,653.063,654.105
4200,17.615,653.064,654.106
4201,17.614,653.065,654.106
4202,17.613,653.067,654.107
4203,17.613,653.068,654.107
4204,17.612,653.069,654.108
4205,17.611,653.070,654.108
4206,17.610,653.072,654.108
4207,17.609,653.074,654.109
4208,17.608,653.075,654.109
4209,17.607,653.076,654.110
4210,17.606,653.077,654.110
4211,17.605,653.079,654.111
4212,17.604,653.080,654.111
4213,17.603,653.081,654.112
4214,17.602,653.083,654.112
4215,17.601,653.084,654.113
4216,17.600,653.085,654.113
4217,17.600,653.087,654.114
4218,17.599,653.088,654.114
4219,17.598,653.090,654.115
4220,17.597,653.091,654.115
4221,17.596,653.092,654.115
4222,17.595,653.093,654.116
4223,17.594,653.095,654.116
4224,17.593,653.096,654.117
4225,17.592,653.097,654.117
4226,17.591,653.099,654.118
4227,17.590,653.100,654.118
4228,17.589,653.101,654.119
4229,17.589,653.103,654.119
4230,17.588,653.104,654.120
4231,17.587,653.105,654.120
4232,17.586,653.106,654.120
4233,17.585,653.108,654.121
4234,17.584,653.109,654.121
4235,17.583,653.110,654.122
4236,17.582,653.112,654.122
4237,17.581,653.113,654.123
4238,17.580,653.114,654.123
4239,17.579,653.115,654.123
4240,17.578,653.117,654.124
4241,17.578,653.118,654.125
4242,17.577,653.119,654.125
4243,17.576,653.121,654.125
4244,17.575,653.122,654.126
4245,17.574,653.123,654.126
4246,17.573,653.125,654.127
4247,17.572,653.126,654.127
4248,17.571,653.127,654.128
4249,17.570,653.128,654.128
4250,17.569,653.130,654.129
4251,17.569,653.131,654.129
4252,17.568,653.132,654.129
4253,17.567,653.133,654.130
4254,17.566,653.134,654.130
4255,17.565,653.136,654.131
4256,17.564,653.137,654.131
4257,17.563,653.138,654.132
4258,17.562,653.140,654.132
4259,17.561,653.141,654.132
4260,17.560,653.142,654.133
4261,17.560,653.143,654.133
4262,17.559,653.145,654.134
4263,17.558,653.146,654.134
4264,17.557,653.147,654.135
4265,17.556,653.148,654.135
4266,17.555,653.149,654.135
4267,17.554,653.151,654.136
4268,17.553,653.152,654.136
4269,17.552,653.153,654.137
4270,17.552,653.155,654.137
4271,17.551,653.156,654.138
4272,17.550,653.157,654.138
4273,17.549,653.158,654.139
4274,17.548,653.159,654.139
4275,17.547,653.161,654.139
4276,17.546,653.162,654.140
4277,17.545,653.163,654.140
4278,17.545,653.164,654.141
4279,17.544,653.165,654.141
4280,17.543,653.167,654.141
4281,17.542,653.168,654.142
4282,17.541,653.169,654.142
4283,17.540,653.171,654.143
4284,17.539,653.171,654.143
4285,17.538,653.173,654.144
4286,17.538,653.174,654.144
4287,17.537,653.175,654.144
4288,17.536,653.176,654.145
4289,17.535,653.177,654.145
4290,17.534,653.179,654.146
4291,17.533,653.180,654.146
4292,17.532,653.181,654.146
4293,17.531,653.182,654.147
4294,17.531,653.183,654.147
4295,17.530,653.185,654.148
4296,17.529,653.186,654.148
4297,17.528,653.187,654.149
4298,17.527,653.188,654.149
4299,17.526,653.189,654.149
4300,17.525,653.191,654.150
4301,17.524,653.192,654.150
4302,17.524,653.193,654.151
4303,17.523,653.194,654.151
4304,17.522,653.195,654.151
4305,17.521,653.197,654.152
4306,17.520,653.198,654.152
4307,17.519,653.199,654.153
4308,17.518,653.200,654.153
4309,17.518,653.201,654.153
4310,17.517,653.202,654.154
4311,17.516,653.203,654.154
4312,17.515,653.205,654.155
4313,17.514,653.206,654.155
4314,17.513,653.207,654.155
4315,17.512,653.208,654.156
4316,17.512,653.209,654.156
4317,17.511,653.210,654.157
4318,17.510,653.211,654.157
4319,17.509,653.213,654.157
4320,17.508,653.214,654.158
4321,17.507,653.215,654.158
4322,17.506,653.216,654.159
4323,17.506,653.217,654.159
4324,17.505,653.218,654.159
4325,17.504,653.220,654.160
4326,17.503,653.221,654.160
4327,17.502,653.222,654.161
4328,17.501,653.223,654.161
4329,17.501,653.224,654.161
4330,17.500,653.225,654.162
4331,17.499,653.226,654.162
4332,17.498,653.228,654.163
4333,17.497,653.228,654.163
4334,17.496,653.230,654.163
4335,17.495,653.231,654.164
4336,17.495,653.232,654.164
4337,17.494,653.233,654.165
4338,17.493,653.234,654.165
4339,17.492,653.235,654.165
4340,17.491,653.237,654.166
4341,17.490,653.237,654.166
4342,17.490,653.239,654.167
4343,17.489,653.240,654.167
4344,17.488,653.241,654.167
4345,17.487,653.242,654.168
4346,17.486,653.243,654.168
4347,17.485,653.244,654.169
4348,17.485,653.245,654.169
4349,17.484,653.246,654.169
4350,17.483,653.248,654.170
4351,17.482,653.248,654.170
4352,17.481,653.250,654.170
4353,17.480,653.251,654.171
4354,17.480,653.252,654.171
4355,17.479,653.253,654.172
4356,17.478,653.254,654.172
4357,17.477,653.255,654.172
4358,17.476,653.256,654.173
4359,17.475,653.257,654.173
4360,17.475,653.258,654.174
4361,17.474,653.259,654.174
4362,17.473,653.261,654.174
4363,17.472,653.262,654.175
4364,17.471,653.263,654.175
4365,17.470,653.264,654.175
4366,17.470,653.265,654.176
4367,17.469,653.266,654.176
4368,17.468,653.267,654.176
4369,17.467,653.268,654.177
4370,17.466,653.269,654.177
4371,17.466,653.270,654.178
4372,17.465,653.271,654.178
4373,17.464,653.272,654.178
4374,17.463,653.273,654.179
4375,17.462,653.275,654.179
4376,17.461,653.275,654.179
4377,17.461,653.277,654.180
4378,17.460,653.278,654.180
4379,17.459,653.279,654.180
4380,17.458,653.280,654.181
4381,17.457,653.281,654.181
4382,17.457,653.282,654.182
4383,17.456,653.283,654.182
4384,17.455,653.284,654.182
4385,17.454,653.285,654.183
4386,17.453,653.286,654.183
4387,17.452,653.287,654.184
4388,17.452,653.288,654.184
4389,17.451,653.289,654.184
4390,17.450,653.290,654.185
4391,17.449,653.291,654.185
4392,17.448,653.292,654.185
4393,17.448,653.293,654.186
4394,17.447,653.294,654.186
4395,17.446,653.295,654.186
4396,17.445,653.297,654.187
4397,17.444,653.297,654.187
4398,17.444,653.299,654.187
4399,17.443,653.300,654.188
4400,17.442,653.301,654.188
4401,17.441,653.302,654.189
4402,17.440,653.303,654.189
4403,17.440,653.304,654.189
4404,17.439,653.305,654.190
4405,17.438,653.306,654.190
4406,17.437,653.307,654.190
4407,17.436,653.308,654.191
4408,17.436,653.309,654.191
4409,17.435,653.310,654.192
4410,17.434,653.311,654.192
4411,17.433,653.312,654.192
4412,17.432,653.313,654.192
4413,17.432,653.314,654.193
4414,17.431,653.315,654.193
4415,17.430,653.316,654.194
4416,17.429,653.317,654.194
4417,17.428,653.318,654.194
4418,17.428,653.319,654.195
4419,17.427,653.320,654.195
4420,17.426,653.321,654.195
4421,17.425,653.322,654.196
4422,17.424,653.323,654.196
4423,17.424,653.324,654.196
4424,17.423,653.325,654.197
4425,17.422,653.326,654.197
4426,17.421,653.327,654.197
4427,17.421,653.328,654.198
4428,17.420,653.329,654.198
4429,17.419,653.330,654.199
4430,17.418,653.331,654.199
4431,17.417,653.332,654.199
4432,17.417,653.333,654.200
4433,17.416,653.334,654.200
4434,17.415,653.335,654.200
4435,17.414,653.336,654.201
4436,17.413,653.337,654.201
4437,17.413,653.338,654.201
4438,17.412,653.339,654.201
4439,17.411,653.340,654.202
4440,17.410,653.341,654.202
4441,17.410,653.342,654.203
4442,17.409,653.343,654.203
4443,17.408,653.344,654.203
4444,17.407,653.344,654.204
4445,17.406,653.346,654.204
4446,17.406,653.346,654.204
4447,17.405,653.347,654.205
4448,17.404,653.349,654.205
4449,17.403,653.349,654.205
4450,17.403,653.350,654.206
4451,17.402,653.351,654.206
4452,17.401,653.352,654.206
4453,17.400,653.353,654.207
4454,17.399,653.354,654.207
4455,17.399,653.355,654.207
4456,17.398,653.356,654.208
4457,17.397,653.357,654.208
4458,17.396,653.358,654.208
4459,17.396,653.359,654.209
4460,17.395,653.360,654.209
4461,17.394,653.361,654.209
4462,17.393,653.362,654.210
4463,17.393,653.363,654.210
4464,17.392,653.364,654.210
4465,17.391,653.365,654.211
4466,17.390,653.366,654.211
4467,17.389,653.366,654.211
4468,17.389,653.367,654.212
4469,17.388,653.369,654.212
4470,17.387,653.369,654.212
4471,17.386,653.370,654.213
4472,17.386,653.371,654.213
4473,17.385,653.372,654.213
4474,17.384,653.373,654.214
4475,17.383,653.374,654.214
4476,17.383,653.375,654.214
4477,17.382,653.376,654.215
4478,17.381,653.377,654.215
4479,17.380,653.378,654.215
4480,17.380,653.379,654.216
4481,17.379,653.380,654.216
4482,17.378,653.381,654.216
4483,17.377,653.381,654.217
4484,17.377,653.382,654.217
4485,17.376,653.383,654.217
4486,17.375,653.384,654.218
4487,17.374,653.385,654.218
4488,17.374,653.386,654.218
4489,17.373,653.387,654.219
4490,17.372,653.388,654.219
4491,17.371,653.389,654.219
4492,17.371,653.390,654.219
4493,17.370,653.391,654.220
4494,17.369,653.391,654.220
4495,17.368,653.393,654.220
4496,17.368,653.393,654.221
4497,17.367,653.394,654.221
4498,17.366,653.395,654.221
4499,17.365,653.396,654.222
4500,17.365,653.397,654.222
4501,17.364,653.398,654.222
4502,17.363,653.399,654.223
4503,17.362,653.400,654.223
4504,17.362,653.400,654.223
4505,17.361,653.401,654.224
4506,17.360,653.402,654.224
4507,17.359,653.403,654.224
4508,17.359,653.404,654.225
4509,17.358,653.405,654.225
4510,17.357,653.406,654.225
4511,17.356,653.407,654.226
4512,17.356,653.408,654.226
4513,17.355,653.409,654.226
4514,17.354,653.410,654.226
4515,17.353,653.410,654.227
4516,17.353,653.411,654.227
4517,17.352,653.412,654.227
4518,17.351,653.413,654.228
4519,17.350,653.414,654.228
4520,17.350,653.415,654.228
4521,17.349,653.416,654.229
4522,17.348,653.417,654.229
4523,17.347,653.417,654.229
4524,17.347,653.418,654.230
4525,17.346,653.419,654.230
4526,17.345,653.420,654.230
4527,17.345,653.421,654.231
4528,17.344,653.422,654.231
4529,17.343,653.423,654.231
4530,17.342,653.424,654.231
4531,17.342,653.424,654.232
4532,17.341,653.425,654.232
4533,17.340,653.426,654.232
4534,17.339,653.427,654.233
4535,17.339,653.428,654.233
4536,17.338,653.429,654.233
4537,17.337,653.430,654.234
4538,17.336,653.431,654.234
4539,17.336,653.431,654.234
4540,17.335,653.432,654.234
4541,17.334,653.433,654.235
4542,17.334,653.434,654.235
4543,17.333,653.435,654.235
4544,17.332,653.435,654.236
4545,17.331,653.436,654.236
4546,17.331,653.437,654.236
4547,17.330,653.438,654.237
4548,17.329,653.439,654.237
4549,17.328,653.440,654.237
4550,17.328,653.441,654.237
4551,17.327,653.442,654.238
4552,17.326,653.443,654.238
4553,17.326,653.443,654.238
4554,17.325,653.444,654.239
4555,17.324,653.445,654.239
4556,17.323,653.446,654.239
4557,17.323,653.447,654.240
4558,17.322,653.447,654.240
4559,17.321,653.448,654.240
4560,17.321,653.449,654.241
4561,17.320,653.450,654.241
4562,17.319,653.451,654.241
4563,17.318,653.452,654.241
4564,17.318,653.453,654.242
4565,17.317,653.453,654.242
4566,17.316,653.454,654.242
4567,17.316,653.455,654.243
4568,17.315,653.456,654.243
4569,17.314,653.457,654.243
4570,17.313,653.458,654.243
4571,17.313,653.459,654.244
4572,17.312,653.459,654.244
4573,17.311,653.460,654.244
4574,17.311,653.461,654.245
4575,17.310,653.462,654.245
4576,17.309,653.463,654.245
4577,17.308,653.463,654.245
4578,17.308,653.464,654.246
4579,17.307,653.465,654.246
4580,17.306,653.466,654.246
4581,17.306,653.467,654.247
4582,17.305,653.467,654.247
4583,17.304,653.468,654.247
4584,17.303,653.469,654.247
4585,17.303,653.470,654.248
4586,17.302,653.471,654.248
4587,17.301,653.472,654.248
4588,17.301,653.472,654.249
4589,17.300,653.473,654.249
4590,17.299,653.474,654.249
4591,17.299,653.475,654.249
4592,17.298,653.476,654.250
4593,17.297,653.476,654.250
4594,17.296,653.477,654.250
4595,17.296,653.478,654.251
4596,17.295,653.479,654.251
4597,17.294,653.480,654.251
4598,17.294,653.480,654.252
4599,17.293,653.481,654.252
4600,17.292,653.482,654.252
4601,17.292,653.483,654.252
4602,17.291,653.483,654.253
4603,17.290,653.484,654.253
4604,17.289,653.485,654.253
4605,17.289,653.486,654.253
4606,17.288,653.487,654.254
4607,17.287,653.487,654.254
4608,17.287,653.488,654.254
4609,17.286,653.489,654.255
4610,17.285,653.490,654.255
4611,17.285,653.491,654.255
4612,17.284,653.492,654.255
4613,17.283,653.492,654.256
4614,17.282,653.493,654.256
4615,17.282,653.494,654.256
4616,17.281,653.495,654.256
4617,17.280,653.495,654.257
4618,17.280,653.496,654.257
4619,17.279,653.497,654.257
4620,17.278,653.498,654.258
4621,17.278,653.498,654.258
4622,17.277,653.499,654.258
4623,17.276,653.500,654.259
4624,17.276,653.501,654.259
4625,17.275,653.502,654.259
4626,17.274,653.503,654.259
4627,17.274,653.503,654.260
4628,17.273,653.504,654.260
4629,17.272,653.505,654.260
4630,17.271,653.506,654.260
4631,17.271,653.506,654.261
4632,17.270,653.507,654.261
4633,17.269,653.508,654.261
4634,17.269,653.509,654.261
4635,17.268,653.509,654.262
4636,17.267,653.510,654.262
4637,17.267,653.511,654.262
4638,17.266,653.512,654.262
4639,17.265,653.512,654.263
4640,17.265,653.513,654.263
4641,17.264,653.514,654.263
4642,17.263,653.515,654.264
4643,17.263,653.515,654.264
4644,17.262,653.516,654.264
4645,17.261,653.517,654.264
4646,17.261,653.518,654.265
4647,17.260,653.519,654.265
4648,17.259,653.519,654.265
4649,17.259,653.520,654.265
4650,17.258,653.521,654.266
4651,17.257,653.522,654.266
4652,17.256,653.522,654.266
4653,17.256,653.523,654.267
4654,17.255,653.524,654.267
4655,17.254,653.525,654.267
4656,17.254,653.525,654.267
4657,17.253,653.526,654.268
4658,17.252,653.527,654.268
4659,17.252,653.528,654.268
4660,17.251,653.528,654.268
4661,17.250,653.529,654.269
4662,17.250,653.530,654.269
4663,17.249,653.530,654.269
4664,17.248,653.531,654.269
4665,17.248,653.532,654.270
4666,17.247,653.533,654.270
4667,17.246,653.534,654.270
4668,17.246,653.534,654.270
4669,17.245,653.535,654.271
4670,17.244,653.536,654.271
4671,17.244,653.536,654.271
4672,17.243,653.537,654.272
4673,17.242,653.538,654.272
4674,17.242,653.539,654.272
4675,17.241,653.539,654.272
4676,17.240,653.540,654.273
4677,17.240,653.541,654.273
4678,17.239,653.542,654.273
4679,17.238,653.542,654.273
4680,17.238,653.543,654.274
4681,17.237,653.544,654.274
4682,17.236,653.544,654.274
4683,17.236,653.545,654.274
4684,17.235,653.546,654.275
4685,17.234,653.547,654.275
4686,17.234,653.547,654.275
4687,17.233,653.548,654.275
4688,17.232,653.549,654.276
4689,17.232,653.550,654.276
4690,17.231,653.550,654.276
4691,17.230,653.551,654.276
4692,17.230,653.552,654.277
4693,17.229,653.553,654.277
4694,17.228,653.553,654.277
4695,17.228,653.554,654.277
4696,17.227,653.555,654.278
4697,17.227,653.555,654.278
4698,17.226,653.556,654.278
4699,17.225,653.557,654.278
4700,17.225,653.557,654.279
4701,17.224,653.558,654.279
4702,17.223,653.559,654.279
4703,17.223,653.560,654.279
4704,17.222,653.560,654.280
4705,17.221,653.561,654.280
4706,17.221,653.562,654.280
4707,17.220,653.562,654.281
4708,17.219,653.563,654.281
4709,17.219,653.564,654.281
4710,17.218,653.565,654.281
4711,17.217,653.565,654.281
4712,17.217,653.566,654.282
4713,17.216,653.567,654.282
4714,17.215,653.567,654.282
4715,17.215,653.568,654.282
4716,17.214,653.569,654.283
4717,17.213,653.569,654.283
4718,17.213,653.570,654.283
4719,17.212,653.571,654.283
4720,17.212,653.572,654.284
4721,17.211,653.572,654.284
4722,17.210,653.573,654.284
4723,17.210,653.574,654.284
4724,17.209,653.574,654.285
4725,17.208,653.575,654.285
4726,17.208,653.576,654.285
4727,17.207,653.576,654.285
4728,17.206,653.577,654.286
4729,17.206,653.578,654.286
4730,17.205,653.579,654.286
4731,17.204,653.579,654.286
4732,17.204,653.580,654.287
4733,17.203,653.581,654.287
4734,17.202,653.581,654.287
4735,17.202,653.582,654.287
4736,17.201,653.583,654.288
4737,17.201,653.583,654.288
4738,17.200,653.584,654.288
4739,17.199,653.585,654.288
4740,17.199,653.585,654.289
4741,17.198,653.586,654.289
4742,17.197,653.587,654.289
4743,17.197,653.587,654.289
4744,17.196,653.588,654.290
4745,17.195,653.589,654.290
4746,17.195,653.589,654.290
4747,17.194,653.590,654.290
4748,17.194,653.591,654.291
4749,17.193,653.591,654.291
4750,17.192,653.592,654.291
4751,17.192,653.593,654.291
4752,17.191,653.593,654.291
4753,17.190,653.594,654.292
4754,17.190,653.595,654.292
4755,17.189,653.595,654.292
4756,17.188,653.596,654.293
4757,17.188,653.597,654.293
4758,17.187,653.597,654.293
4759,17.187,653.598,654.293
4760,17.186,653.599,654.293
4761,17.185,653.599,654.294
4762,17.185,653.600,654.294
4763,17.184,653.601,654.294
4764,17.183,653.601,654.294
4765,17.183,653.602,654.295
4766,17.182,653.603,654.295
4767,17.182,653.603,654.295
4768,17.181,653.604,654.295
4769,17.180,653.605,654.296
4770,17.180,653.605,654.296
4771,17.179,653.606,654.296
4772,17.178,653.607,654.296
4773,17.178,653.607,654.296
4774,17.177,653.608,654.297
4775,17.177,653.609,654.297
4776,17.176,653.609,654.297
4777,17.175,653.610,654.297
4778,17.175,653.611,654.298
4779,17.174,653.611,654.298
4780,17.173,653.612,654.298
4781,17.173,653.613,654.298
4782,17.172,653.613,654.299
4783,17.172,653.614,654.299
4784,17.171,653.615,654.299
4785,17.170,653.615,654.299
4786,17.170,653.616,654.299
4787,17.169,653.617,654.300
4788,17.168,653.617,654.300
4789,17.168,653.618,654.300
4790,17.167,653.618,654.300
4791,17.167,653.619,654.301
4792,17.166,653.620,654.301
4793,17.165,653.620,654.301
4794,17.165,653.621,654.301
4795,17.164,653.622,654.301
4796,17.163,653.622,654.302
4797,17.163,653.623,654.302
4798,17.162,653.624,654.302
4799,17.162,653.624,654.302
4800,17.161,653.625,654.303
4801,17.160,653.625,654.303
4802,17.160,653.626,654.303
4803,17.159,653.627,654.303
4804,17.159,653.627,654.304
4805,17.158,653.628,654.304
4806,17.157,653.629,654.304
4807,17.157,653.629,654.304
4808,17.156,653.630,654.305
4809,17.155,653.630,654.305
4810,17.155,653.631,654.305
4811,17.154,653.632,654.305
4812,17.154,653.632,654.305
4813,17.153,653.633,654.306
4814,17.152,653.634,654.306
4815,17.152,653.634,654.306
4816,17.151,653.635,654.306
4817,17.151,653.636,654.307
4818,17.150,653.636,654.307
4819,17.149,653.637,654.307
4820,17.149,653.638,654.307
4821,17.148,653.638,654.307
4822,17.148,653.639,654.308
4823,17.147,653.639,654.308
4824,17.146,653.640,654.308
4825,17.146,653.641,654.308
4826,17.145,653.641,654.309
4827,17.144,653.642,654.309
4828,17.144,653.642,654.309
4829,17.143,653.643,654.309
4830,17.143,653.644,654.309
4831,17.142,653.644,654.310
4832,17.141,653.645,654.310
4833,17.141,653.646,654.310
4834,17.140,653.646,654.310
4835,17.140,653.647,654.311
4836,17.139,653.647,654.311
4837,17.138,653.648,654.311
4838,17.138,653.649,654.311
4839,17.137,653.649,654.311
4840,17.137,653.650,654.312
4841,17.136,653.651,654.312
4842,17.135,653.651,654.312
4843,17.135,653.652,654.312
4844,17.134,653.652,654.312
4845,17.134,653.653,654.313
4846,17.133,653.654,654.313
4847,17.132,653.654,654.313
4848,17.132,653.655,654.313
4849,17.131,653.655,654.313
4850,17.131,653.656,654.314
4851,17.130,653.657,654.314
4852,17.129,653.657,654.314
4853,17.129,653.658,654.314
4854,17.128,653.658,654.315
4855,17.128,653.659,654.315
4856,17.127,653.660,654.315
4857,17.126,653.660,654.315
4858,17.126,653.661,654.315
4859,17.125,653.661,654.316
4860,17.125,653.662,654.316
4861,17.124,653.663,654.316
4862,17.123,653.663,654.316
4863,17.123,653.664,654.317
4864,17.122,653.664,654.317
4865,17.122,653.665,654.317
4866,17.121,653.666,654.317
4867,17.120,653.666,654.317
4868,17.120,653.667,654.318
4869,17.119,653.667,654.318
4870,17.119,653.668,654.318
4871,17.118,653.669,654.318
4872,17.118,653.669,654.318
4873,17.117,653.670,654.319
4874,17.116,653.670,654.319
4875,17.116,653.671,654.319
4876,17.115,653.672,654.319
4877,17.115,653.672,654.320
4878,17.114,653.673,654.320
4879,17.113,653.673,654.320
4880,17.113,653.674,654.320
4881,17.112,653.674,654.320
4882,17.112,653.675,654.320
4883,17.111,653.676,654.321
4884,17.110,653.676,654.321
4885,17.110,653.677,654.321
4886,17.109,653.677,654.321
4887,17.109,653.678,654.322
4888,17.108,653.679,654.322
4889,17.108,653.679,654.322
4890,17.107,653.680,654.322
4891,17.106,653.680,654.322
4892,17.106,653.681,654.323
4893,17.105,653.681,654.323
4894,17.105,653.682,654.323
4895,17.104,653.683,654.323
4896,17.103,653.683,654.323
4897,17.103,653.684,654.324
4898,17.102,653.684,654.324
4899,17.102,653.685,654.324
4900,17.101,653.685,654.324
4901,17.101,653.686,654.324
4902,17.100,653.687,654.325
4903,17.099,653.687,654.325
4904,17.099,653.688,654.325
4905,17.098,653.688,654.325
4906,17.098,653.689,654.325
4907,17.097,653.690,654.326
4908,17.096,653.690,654.326
4909,17.096,653.691,654.326
4910,17.095,653.691,654.326
4911,17.095,653.692,654.326
4912,17.094,653.692,654.327
4913,17.094,653.693,654.327
4914,17.093,653.693,654.327
4915,17.092,653.694,654.327
4916,17.092,653.695,654.328
4917,17.091,653.695,654.328
4918,17.091,653.696,654.328
4919,17.090,653.696,654.328
4920,17.090,653.697,654.328
4921,17.089,653.697,654.328
4922,17.088,653.698,654.329
4923,17.088,653.698,654.329
4924,17.087,653.699,654.329
4925,17.087,653.700,654.329
4926,17.086,653.700,654.329
4927,17.086,653.701,654.330
4928,17.085,653.701,654.330
4929,17.084,653.702,654.330
4930,17.084,653.702,654.330
4931,17.083,653.703,654.331
4932,17.083,653.703,654.331
4933,17.082,653.704,654.331
4934,17.082,653.705,654.331
4935,17.081,653.705,654.331
4936,17.080,653.706,654.331
4937,17.080,653.706,654.332
4938,17.079,653.707,654.332
4939,17.079,653.707,654.332
4940,17.078,653.708,654.332
4941,17.078,653.708,654.332
4942,17.077,653.709,654.333
4943,17.076,653.710,654.333
4944,17.076,653.710,654.333
4945,17.075,653.711,654.333
4946,17.075,653.711,654.333
4947,17.074,653.712,654.334
4948,17.074,653.712,654.334
4949,17.073,653.713,654.334
4950,17.072,653.714,654.334
4951,17.072,653.714,654.334
4952,17.071,653.715,654.335
4953,17.071,653.715,654.335
4954,17.070,653.716,654.335
4955,17.070,653.716,654.335
4956,17.069,653.717,654.335
4957,17.069,653.717,654.336
4958,17.068,653.718,654.336
4959,17.067,653.718,654.336
4960,17.067,653.719,654.336
4961,17.066,653.719,654.336
4962,17.066,653.720,654.337
4963,17.065,653.720,654.337
4964,17.065,653.721,654.337
4965,17.064,653.722,654.337
4966,17.063,653.722,654.337
4967,17.063,653.723,654.338
4968,17.062,653.723,654.338
4969,17.062,653.724,654.338
4970,17.061,653.724,654.338
4971,17.061,653.725,654.338
4972,17.060,653.725,654.338
4973,17.060,653.726,654.339
4974,17.059,653.726,654.339
4975,17.058,653.727,654.339
4976,17.058,653.727,654.339
4977,17.057,653.728,654.339
4978,17.057,653.729,654.340
4979,17.056,653.729,654.340
4980,17.056,653.730,654.340
4981,17.055,653.730,654.340
4982,17.055,653.731,654.340
4983,17.054,653.731,654.341
4984,17.053,653.732,654.341
4985,17.053,653.732,654.341
4986,17.052,653.733,654.341
4987,17.052,653.733,654.341
4988,17.051,653.734,654.342
4989,17.051,653.734,654.342
4990,17.050,653.735,654.342
4991,17.050,653.735,654.342
4992,17.049,653.736,654.342
4993,17.048,653.737,654.342
4994,17.048,653.737,654.343
4995,17.047,653.737,654.343
4996,17.047,653.738,654.343
4997,17.046,653.738,654.343
4998,17.046,653.739,654.343
4999,17.045,653.740,654.344
