# Time (s),Mass (g),T Back (K),T Front (K)
0,68.400,293.000,293.000
1,68.400,293.000,331.033
2,68.400,293.000,344.431
3,68.400,293.000,354.211
4,68.400,293.000,362.251
5,68.400,293.000,369.070
6,68.400,293.000,375.159
7,68.400,293.000,380.552
8,68.400,293.000,385.506
9,68.400,293.000,390.008
10,68.400,293.000,394.230
11,68.400,293.000,398.126
12,68.400,293.000,401.826
13,68.400,293.000,405.274
14,68.400,293.000,408.575
15,68.400,293.000,411.676
16,68.400,293.000,414.662
17,68.400,293.000,417.482
18,68.400,293.000,420.211
19,68.400,293.000,422.798
20,68.400,293.000,425.312
21,68.400,293.000,427.703
22,68.400,293.000,430.033
23,68.400,293.000,432.256
24,68.400,293.000,434.428
25,68.400,293.000,436.505
26,68.400,293.000,438.539
27,68.400,293.000,440.487
28,68.400,293.000,442.383
29,68.400,293.000,444.225
30,68.400,293.000,446.012
31,68.400,293.000,447.746
32,68.400,293.000,449.430
33,68.400,293.000,451.071
34,68.400,293.000,452.671
35,68.399,293.000,454.231
36,68.399,293.000,455.751
37,68.399,293.000,457.234
38,68.399,293.000,458.682
39,68.399,293.000,460.095
40,68.399,293.000,461.475
41,68.399,293.000,462.825
42,68.399,293.000,464.144
43,68.399,293.000,465.433
44,68.398,293.000,466.695
45,68.398,293.000,467.930
46,68.398,293.001,469.138
47,68.398,293.001,470.321
48,68.398,293.001,471.478
49,68.397,293.001,472.613
50,68.397,293.002,473.724
51,68.397,293.002,474.814
52,68.397,293.002,475.881
53,68.396,293.003,476.928
54,68.396,293.004,477.955
55,68.396,293.004,478.961
56,68.395,293.005,479.950
57,68.395,293.006,480.919
58,68.395,293.007,481.871
59,68.394,293.009,482.806
60,68.394,293.010,483.722
61,68.393,293.012,484.625
62,68.393,293.014,485.509
63,68.392,293.016,486.380
64,68.392,293.018,487.234
65,68.391,293.021,488.075
66,68.391,293.024,488.901
67,68.390,293.027,489.713
68,68.390,293.030,490.513
69,68.389,293.035,491.298
70,68.389,293.039,492.072
71,68.388,293.044,492.833
72,68.387,293.049,493.582
73,68.387,293.055,494.320
74,68.386,293.061,495.046
75,68.385,293.067,495.760
76,68.385,293.075,496.465
77,68.384,293.083,497.159
78,68.383,293.091,497.842
79,68.382,293.101,498.515
80,68.382,293.111,499.179
81,68.381,293.121,499.833
82,68.380,293.132,500.479
83,68.379,293.144,501.113
84,68.378,293.157,501.740
85,68.377,293.171,502.359
86,68.376,293.185,502.969
87,68.375,293.200,503.571
88,68.374,293.217,504.164
89,68.373,293.234,504.749
90,68.372,293.253,505.327
91,68.371,293.272,505.896
92,68.370,293.292,506.460
93,68.369,293.314,507.016
94,68.368,293.336,507.565
95,68.367,293.360,508.107
96,68.366,293.385,508.642
97,68.365,293.411,509.170
98,68.364,293.438,509.691
99,68.363,293.467,510.206
100,68.362,293.496,510.716
101,68.360,293.527,511.219
102,68.359,293.559,511.715
103,68.358,293.593,512.206
104,68.357,293.628,512.691
105,68.355,293.665,513.171
106,68.354,293.703,513.644
107,68.353,293.742,514.113
108,68.351,293.784,514.576
109,68.350,293.826,515.034
110,68.349,293.870,515.486
111,68.347,293.915,515.934
112,68.346,293.963,516.377
113,68.345,294.011,516.814
114,68.343,294.062,517.247
115,68.342,294.114,517.675
116,68.340,294.168,518.098
117,68.339,294.224,518.516
118,68.337,294.280,518.930
119,68.336,294.339,519.339
120,68.334,294.400,519.745
121,68.333,294.463,520.146
122,68.331,294.527,520.543
123,68.330,294.593,520.936
124,68.328,294.660,521.326
125,68.326,294.730,521.710
126,68.325,294.801,522.089
127,68.323,294.875,522.465
128,68.321,294.950,522.838
129,68.320,295.027,523.208
130,68.318,295.106,523.574
131,68.316,295.187,523.935
132,68.315,295.270,524.293
133,68.313,295.355,524.646
134,68.311,295.441,524.997
135,68.309,295.530,525.345
136,68.307,295.621,525.690
137,68.306,295.713,526.031
138,68.304,295.808,526.367
139,68.302,295.904,526.701
140,68.300,296.002,527.033
141,68.298,296.103,527.362
142,68.296,296.205,527.686
143,68.294,296.310,528.006
144,68.292,296.417,528.325
145,68.290,296.525,528.642
146,68.289,296.635,528.955
147,68.287,296.748,529.264
148,68.285,296.863,529.570
149,68.282,296.980,529.876
150,68.280,297.098,530.178
151,68.278,297.219,530.475
152,68.276,297.341,530.771
153,68.274,297.466,531.065
154,68.272,297.593,531.356
155,68.270,297.722,531.643
156,68.268,297.852,531.929
157,68.266,297.985,532.213
158,68.264,298.120,532.493
159,68.261,298.257,532.770
160,68.259,298.396,533.047
161,68.257,298.537,533.322
162,68.255,298.679,533.591
163,68.252,298.824,533.860
164,68.250,298.971,534.128
165,68.248,299.120,534.391
166,68.246,299.271,534.653
167,68.243,299.424,534.914
168,68.241,299.578,535.171
169,68.238,299.735,535.426
170,68.236,299.894,535.681
171,68.234,300.056,535.932
172,68.231,300.218,536.181
173,68.229,300.382,536.429
174,68.226,300.549,536.674
175,68.224,300.718,536.917
176,68.222,300.889,537.159
177,68.219,301.061,537.398
178,68.217,301.235,537.636
179,68.214,301.412,537.873
180,68.211,301.590,538.106
181,68.209,301.769,538.338
182,68.206,301.951,538.569
183,68.204,302.135,538.796
184,68.201,302.320,539.024
185,68.199,302.508,539.250
186,68.196,302.697,539.472
187,68.193,302.889,539.696
188,68.191,303.081,539.915
189,68.188,303.276,540.133
190,68.185,303.472,540.352
191,68.182,303.671,540.565
192,68.180,303.870,540.780
193,68.177,304.073,540.992
194,68.174,304.276,541.202
195,68.171,304.482,541.413
196,68.169,304.688,541.619
197,68.166,304.897,541.826
198,68.163,305.107,542.030
199,68.160,305.319,542.234
200,68.157,305.533,542.437
201,68.154,305.749,542.636
202,68.152,305.966,542.836
203,68.149,306.185,543.034
204,68.146,306.405,543.231
205,68.143,306.627,543.426
206,68.140,306.851,543.619
207,68.137,307.076,543.813
208,68.134,307.302,544.002
209,68.131,307.530,544.194
210,68.128,307.761,544.381
211,68.125,307.992,544.569
212,68.122,308.225,544.755
213,68.119,308.459,544.940
214,68.116,308.695,545.125
215,68.113,308.933,545.306
216,68.110,309.172,545.490
217,68.106,309.412,545.668
218,68.103,309.653,545.849
219,68.100,309.897,546.026
220,68.097,310.141,546.204
221,68.094,310.387,546.379
222,68.091,310.634,546.555
223,68.088,310.883,546.728
224,68.084,311.133,546.900
225,68.081,311.385,547.073
226,68.078,311.638,547.243
227,68.075,311.892,547.414
228,68.071,312.147,547.581
229,68.068,312.403,547.750
230,68.065,312.661,547.915
231,68.061,312.921,548.083
232,68.058,313.182,548.245
233,68.055,313.443,548.411
234,68.051,313.706,548.571
235,68.048,313.970,548.736
236,68.045,314.235,548.894
237,68.041,314.502,549.057
238,68.038,314.769,549.213
239,68.034,315.038,549.374
240,68.031,315.308,549.529
241,68.028,315.579,549.688
242,68.024,315.852,549.841
243,68.021,316.125,549.998
244,68.017,316.399,550.150
245,68.014,316.675,550.306
246,68.010,316.951,550.456
247,68.007,317.229,550.609
248,68.003,317.507,550.758
249,68.000,317.787,550.910
250,67.996,318.067,551.057
251,67.992,318.349,551.207
252,67.989,318.631,551.353
253,67.985,318.915,551.502
254,67.982,319.199,551.645
255,67.978,319.485,551.793
256,67.974,319.771,551.935
257,67.971,320.059,552.081
258,67.967,320.348,552.222
259,67.963,320.637,552.367
260,67.960,320.927,552.506
261,67.956,321.217,552.648
262,67.952,321.509,552.787
263,67.948,321.801,552.928
264,67.945,322.095,553.066
265,67.941,322.389,553.205
266,67.937,322.684,553.342
267,67.933,322.980,553.480
268,67.930,323.276,553.614
269,67.926,323.573,553.751
270,67.922,323.871,553.884
271,67.918,324.170,554.021
272,67.914,324.470,554.152
273,67.911,324.770,554.287
274,67.907,325.071,554.418
275,67.903,325.373,554.552
276,67.899,325.675,554.681
277,67.895,325.978,554.814
278,67.891,326.282,554.942
279,67.887,326.586,555.073
280,67.883,326.892,555.200
281,67.879,327.198,555.331
282,67.875,327.504,555.457
283,67.871,327.811,555.586
284,67.867,328.118,555.711
285,67.863,328.426,555.839
286,67.859,328.735,555.963
287,67.855,329.044,556.090
288,67.851,329.354,556.212
289,67.847,329.664,556.338
290,67.843,329.975,556.460
291,67.839,330.286,556.584
292,67.835,330.598,556.705
293,67.831,330.910,556.828
294,67.827,331.223,556.949
295,67.823,331.536,557.071
296,67.819,331.850,557.191
297,67.814,332.165,557.311
298,67.810,332.479,557.430
299,67.806,332.794,557.550
300,67.802,333.110,557.667
301,67.798,333.426,557.787
302,67.794,333.742,557.903
303,67.789,334.059,558.022
304,67.785,334.377,558.137
305,67.781,334.694,558.255
306,67.777,335.012,558.369
307,67.772,335.330,558.486
308,67.768,335.649,558.599
309,67.764,335.968,558.716
310,67.760,336.288,558.828
311,67.755,336.607,558.944
312,67.751,336.928,559.055
313,67.747,337.248,559.170
314,67.742,337.569,559.281
315,67.738,337.890,559.394
316,67.734,338.211,559.504
317,67.729,338.533,559.617
318,67.725,338.854,559.727
319,67.721,339.177,559.839
320,67.716,339.499,559.947
321,67.712,339.822,560.058
322,67.707,340.144,560.166
323,67.703,340.468,560.277
324,67.699,340.791,560.384
325,67.694,341.114,560.493
326,67.690,341.438,560.600
327,67.685,341.762,560.709
328,67.681,342.087,560.814
329,67.676,342.411,560.922
330,67.672,342.736,561.027
331,67.667,343.061,561.135
332,67.663,343.386,561.239
333,67.658,343.711,561.346
334,67.654,344.036,561.449
335,67.649,344.361,561.555
336,67.645,344.687,561.658
337,67.640,345.012,561.763
338,67.635,345.338,561.865
339,67.631,345.664,561.970
340,67.626,345.990,562.072
341,67.622,346.316,562.175
342,67.617,346.642,562.276
343,67.612,346.968,562.379
344,67.608,347.294,562.480
345,67.603,347.621,562.582
346,67.598,347.947,562.682
347,67.594,348.274,562.784
348,67.589,348.600,562.883
349,67.584,348.927,562.984
350,67.580,349.254,563.082
351,67.575,349.580,563.183
352,67.570,349.907,563.281
353,67.565,350.234,563.381
354,67.561,350.561,563.479
355,67.556,350.888,563.578
356,67.551,351.214,563.675
357,67.546,351.541,563.774
358,67.542,351.868,563.870
359,67.537,352.195,563.969
360,67.532,352.522,564.064
361,67.527,352.849,564.162
362,67.522,353.175,564.257
363,67.517,353.502,564.355
364,67.513,353.829,564.449
365,67.508,354.155,564.546
366,67.503,354.482,564.640
367,67.498,354.809,564.736
368,67.493,355.135,564.829
369,67.488,355.462,564.925
370,67.483,355.788,565.018
371,67.478,356.115,565.114
372,67.473,356.441,565.206
373,67.468,356.767,565.301
374,67.463,357.093,565.392
375,67.459,357.419,565.487
376,67.454,357.745,565.578
377,67.449,358.071,565.672
378,67.444,358.397,565.763
379,67.439,358.722,565.856
380,67.434,359.048,565.946
381,67.429,359.373,566.039
382,67.423,359.699,566.129
383,67.418,360.024,566.222
384,67.413,360.349,566.311
385,67.408,360.674,566.403
386,67.403,360.998,566.492
387,67.398,361.323,566.583
388,67.393,361.647,566.672
389,67.388,361.971,566.763
390,67.383,362.295,566.851
391,67.378,362.619,566.941
392,67.373,362.943,567.029
393,67.367,363.267,567.119
394,67.362,363.590,567.206
395,67.357,363.914,567.296
396,67.352,364.237,567.383
397,67.347,364.560,567.472
398,67.341,364.883,567.558
399,67.336,365.206,567.647
400,67.331,365.528,567.733
401,67.326,365.850,567.821
402,67.321,366.172,567.907
403,67.315,366.494,567.995
404,67.310,366.816,568.080
405,67.305,367.137,568.168
406,67.299,367.459,568.252
407,67.294,367.780,568.339
408,67.289,368.101,568.424
409,67.284,368.421,568.510
410,67.278,368.742,568.594
411,67.273,369.062,568.680
412,67.268,369.382,568.764
413,67.262,369.701,568.850
414,67.257,370.021,568.934
415,67.251,370.340,569.018
416,67.246,370.659,569.102
417,67.241,370.978,569.186
418,67.235,371.296,569.270
419,67.230,371.615,569.353
420,67.224,371.933,569.437
421,67.219,372.250,569.520
422,67.213,372.568,569.603
423,67.208,372.885,569.686
424,67.202,373.202,569.768
425,67.197,373.519,569.851
426,67.191,373.835,569.932
427,67.186,374.151,570.015
428,67.180,374.467,570.096
429,67.175,374.783,570.179
430,67.169,375.098,570.259
431,67.164,375.413,570.342
432,67.158,375.728,570.422
433,67.153,376.042,570.504
434,67.147,376.356,570.584
435,67.142,376.670,570.666
436,67.136,376.984,570.745
437,67.130,377.297,570.827
438,67.125,377.610,570.906
439,67.119,377.923,570.987
440,67.113,378.235,571.066
441,67.108,378.547,571.147
442,67.102,378.859,571.225
443,67.096,379.170,571.306
444,67.091,379.481,571.384
445,67.085,379.792,571.465
446,67.079,380.103,571.542
447,67.074,380.413,571.622
448,67.068,380.723,571.700
449,67.062,381.032,571.779
450,67.056,381.341,571.857
451,67.051,381.650,571.936
452,67.045,381.958,572.013
453,67.039,382.267,572.092
454,67.033,382.574,572.168
455,67.027,382.882,572.247
456,67.022,383.189,572.323
457,67.016,383.496,572.402
458,67.010,383.802,572.478
459,67.004,384.108,572.556
460,66.998,384.414,572.632
461,66.992,384.719,572.710
462,66.986,385.024,572.785
463,66.980,385.328,572.863
464,66.975,385.633,572.938
465,66.969,385.937,573.015
466,66.963,386.240,573.090
467,66.957,386.544,573.167
468,66.951,386.846,573.241
469,66.945,387.149,573.318
470,66.939,387.451,573.392
471,66.933,387.753,573.469
472,66.927,388.054,573.543
473,66.921,388.355,573.619
474,66.915,388.656,573.693
475,66.909,388.956,573.769
476,66.903,389.256,573.842
477,66.897,389.556,573.918
478,66.891,389.855,573.991
479,66.884,390.153,574.066
480,66.878,390.452,574.139
481,66.872,390.750,574.214
482,66.866,391.047,574.287
483,66.860,391.345,574.362
484,66.854,391.641,574.434
485,66.848,391.938,574.509
486,66.842,392.234,574.581
487,66.835,392.529,574.655
488,66.829,392.825,574.727
489,66.823,393.119,574.801
490,66.817,393.414,574.873
491,66.811,393.708,574.947
492,66.804,394.001,575.018
493,66.798,394.294,575.092
494,66.792,394.587,575.163
495,66.785,394.880,575.236
496,66.779,395.172,575.307
497,66.773,395.463,575.380
498,66.767,395.754,575.451
499,66.760,396.045,575.524
500,66.754,396.335,575.594
501,66.748,396.625,575.667
502,66.741,396.914,575.737
503,66.735,397.203,575.809
504,66.729,397.492,575.879
505,66.722,397.780,575.951
506,66.716,398.067,576.021
507,66.709,398.354,576.093
508,66.703,398.641,576.162
509,66.696,398.927,576.234
510,66.690,399.213,576.303
511,66.684,399.499,576.374
512,66.677,399.784,576.443
513,66.671,400.069,576.514
514,66.664,400.353,576.583
515,66.658,400.637,576.654
516,66.651,400.920,576.723
517,66.644,401.203,576.793
518,66.638,401.485,576.862
519,66.631,401.767,576.932
520,66.625,402.049,577.000
521,66.618,402.330,577.070
522,66.612,402.611,577.138
523,66.605,402.891,577.208
524,66.598,403.171,577.276
525,66.592,403.450,577.346
526,66.585,403.729,577.413
527,66.578,404.007,577.483
528,66.572,404.285,577.550
529,66.565,404.562,577.619
530,66.558,404.839,577.686
531,66.552,405.116,577.755
532,66.545,405.392,577.822
533,66.538,405.667,577.891
534,66.531,405.943,577.958
535,66.525,406.217,578.026
536,66.518,406.491,578.093
537,66.511,406.765,578.161
538,66.504,407.038,578.227
539,66.498,407.311,578.295
540,66.491,407.583,578.361
541,66.484,407.855,578.429
542,66.477,408.126,578.495
543,66.470,408.397,578.563
544,66.463,408.668,578.629
545,66.456,408.938,578.696
546,66.449,409.207,578.762
547,66.443,409.475,578.829
548,66.436,409.743,578.894
549,66.429,410.011,578.961
550,66.422,410.279,579.026
551,66.415,410.546,579.093
552,66.408,410.812,579.158
553,66.401,411.078,579.224
554,66.394,411.343,579.289
555,66.387,411.608,579.355
556,66.380,411.873,579.420
557,66.373,412.137,579.486
558,66.366,412.400,579.551
559,66.359,412.663,579.616
560,66.351,412.926,579.681
561,66.344,413.188,579.746
562,66.337,413.449,579.810
563,66.330,413.710,579.875
564,66.323,413.971,579.940
565,66.316,414.230,580.004
566,66.309,414.490,580.069
567,66.301,414.749,580.133
568,66.294,415.007,580.197
569,66.287,415.265,580.261
570,66.280,415.523,580.325
571,66.273,415.779,580.389
572,66.265,416.036,580.453
573,66.258,416.292,580.517
574,66.251,416.547,580.580
575,66.244,416.802,580.644
576,66.236,417.056,580.707
577,66.229,417.310,580.771
578,66.222,417.563,580.833
579,66.214,417.816,580.897
580,66.207,418.068,580.959
581,66.200,418.320,581.023
582,66.192,418.571,581.085
583,66.185,418.821,581.149
584,66.177,419.071,581.210
585,66.170,419.320,581.274
586,66.162,419.569,581.335
587,66.155,419.818,581.399
588,66.148,420.066,581.460
589,66.140,420.313,581.523
590,66.133,420.560,581.584
591,66.125,420.806,581.647
592,66.118,421.052,581.708
593,66.110,421.298,581.771
594,66.102,421.542,581.832
595,66.095,421.787,581.895
596,66.087,422.030,581.955
597,66.080,422.274,582.018
598,66.072,422.516,582.078
599,66.065,422.758,582.140
600,66.057,423.000,582.201
601,66.049,423.241,582.263
602,66.042,423.481,582.323
603,66.034,423.721,582.385
604,66.026,423.961,582.444
605,66.019,424.199,582.506
606,66.011,424.438,582.566
607,66.003,424.675,582.627
608,65.995,424.913,582.687
609,65.988,425.149,582.748
610,65.980,425.385,582.808
611,65.972,425.621,582.869
612,65.964,425.856,582.928
613,65.956,426.091,582.989
614,65.949,426.324,583.048
615,65.941,426.558,583.109
616,65.933,426.791,583.168
617,65.925,427.023,583.228
618,65.917,427.254,583.287
619,65.909,427.485,583.347
620,65.901,427.715,583.406
621,65.893,427.946,583.466
622,65.886,428.175,583.524
623,65.878,428.404,583.584
624,65.870,428.632,583.643
625,65.862,428.860,583.702
626,65.854,429.088,583.761
627,65.846,429.314,583.820
628,65.838,429.541,583.878
629,65.830,429.766,583.938
630,65.822,429.991,583.995
631,65.813,430.216,584.055
632,65.805,430.440,584.112
633,65.797,430.663,584.171
634,65.789,430.886,584.229
635,65.781,431.109,584.288
636,65.773,431.331,584.345
637,65.765,431.552,584.404
638,65.757,431.773,584.461
639,65.748,431.993,584.519
640,65.740,432.212,584.576
641,65.732,432.431,584.635
642,65.724,432.650,584.691
643,65.716,432.868,584.750
644,65.707,433.085,584.806
645,65.699,433.302,584.864
646,65.691,433.518,584.921
647,65.683,433.734,584.979
648,65.674,433.949,585.035
649,65.666,434.164,585.093
650,65.658,434.378,585.149
651,65.649,434.592,585.206
652,65.641,434.804,585.262
653,65.633,435.016,585.319
654,65.624,435.228,585.375
655,65.616,435.439,585.432
656,65.607,435.650,585.488
657,65.599,435.861,585.545
658,65.590,436.070,585.601
659,65.582,436.280,585.657
660,65.574,436.488,585.713
661,65.565,436.696,585.769
662,65.557,436.904,585.825
663,65.548,437.111,585.881
664,65.540,437.318,585.936
665,65.531,437.524,585.993
666,65.522,437.729,586.047
667,65.514,437.934,586.104
668,65.505,438.138,586.158
669,65.497,438.342,586.214
670,65.488,438.545,586.269
671,65.479,438.748,586.325
672,65.471,438.950,586.379
673,65.462,439.152,586.435
674,65.454,439.353,586.489
675,65.445,439.554,586.544
676,65.436,439.754,586.599
677,65.427,439.954,586.654
678,65.419,440.153,586.708
679,65.410,440.352,586.763
680,65.401,440.550,586.817
681,65.393,440.747,586.872
682,65.384,440.944,586.925
683,65.375,441.141,586.980
684,65.366,441.337,587.034
685,65.357,441.532,587.088
686,65.349,441.727,587.142
687,65.340,441.921,587.196
688,65.331,442.114,587.249
689,65.322,442.308,587.304
690,65.313,442.501,587.357
691,65.304,442.693,587.411
692,65.295,442.885,587.464
693,65.286,443.077,587.518
694,65.277,443.268,587.571
695,65.268,443.458,587.625
696,65.260,443.648,587.677
697,65.251,443.837,587.731
698,65.242,444.026,587.783
699,65.233,444.215,587.837
700,65.224,444.403,587.889
701,65.215,444.590,587.943
702,65.206,444.777,587.995
703,65.196,444.964,588.048
704,65.187,445.150,588.100
705,65.178,445.335,588.153
706,65.169,445.520,588.205
707,65.160,445.705,588.258
708,65.151,445.889,588.309
709,65.142,446.073,588.362
710,65.133,446.256,588.414
711,65.124,446.438,588.466
712,65.114,446.621,588.518
713,65.105,446.802,588.570
714,65.096,446.984,588.621
715,65.087,447.165,588.674
716,65.078,447.345,588.725
717,65.068,447.525,588.777
718,65.059,447.704,588.828
719,65.050,447.883,588.880
720,65.041,448.062,588.931
721,65.031,448.240,588.983
722,65.022,448.418,589.033
723,65.013,448.595,589.085
724,65.003,448.771,589.136
725,64.994,448.948,589.187
726,64.985,449.123,589.237
727,64.975,449.298,589.289
728,64.966,449.473,589.339
729,64.957,449.648,589.390
730,64.947,449.822,589.440
731,64.938,449.995,589.492
732,64.928,450.169,589.541
733,64.919,450.342,589.592
734,64.910,450.514,589.642
735,64.900,450.686,589.693
736,64.891,450.858,589.743
737,64.881,451.029,589.793
738,64.872,451.199,589.843
739,64.862,451.370,589.893
740,64.853,451.540,589.943
741,64.843,451.709,589.993
742,64.834,451.878,590.042
743,64.824,452.047,590.093
744,64.815,452.215,590.142
745,64.805,452.383,590.192
746,64.795,452.551,590.241
747,64.786,452.718,590.291
748,64.776,452.884,590.339
749,64.767,453.051,590.389
750,64.757,453.217,590.438
751,64.747,453.382,590.487
752,64.738,453.547,590.536
753,64.728,453.712,590.585
754,64.718,453.876,590.634
755,64.709,454.040,590.683
756,64.699,454.204,590.731
757,64.689,454.367,590.781
758,64.679,454.530,590.829
759,64.670,454.692,590.878
760,64.660,454.854,590.926
761,64.650,455.016,590.975
762,64.640,455.177,591.022
763,64.631,455.338,591.071
764,64.621,455.499,591.119
765,64.611,455.659,591.168
766,64.601,455.819,591.215
767,64.591,455.978,591.264
768,64.582,456.138,591.311
769,64.572,456.296,591.359
770,64.562,456.455,591.407
771,64.552,456.613,591.455
772,64.542,456.770,591.502
773,64.532,456.927,591.550
774,64.522,457.084,591.597
775,64.513,457.241,591.645
776,64.503,457.397,591.692
777,64.493,457.553,591.739
778,64.483,457.709,591.786
779,64.473,457.864,591.834
780,64.463,458.019,591.881
781,64.453,458.173,591.928
782,64.443,458.328,591.975
783,64.433,458.482,592.021
784,64.423,458.635,592.068
785,64.413,458.789,592.115
786,64.403,458.942,592.162
787,64.393,459.094,592.208
788,64.383,459.247,592.255
789,64.373,459.399,592.301
790,64.363,459.550,592.348
791,64.353,459.702,592.394
792,64.343,459.853,592.440
793,64.332,460.003,592.486
794,64.322,460.154,592.533
795,64.312,460.304,592.579
796,64.302,460.453,592.625
797,64.292,460.603,592.671
798,64.282,460.752,592.716
799,64.272,460.901,592.762
800,64.261,461.049,592.808
801,64.251,461.198,592.854
802,64.241,461.345,592.899
803,64.231,461.493,592.945
804,64.221,461.640,592.990
805,64.210,461.787,593.036
806,64.200,461.934,593.081
807,64.190,462.080,593.126
808,64.180,462.226,593.171
809,64.170,462.372,593.217
810,64.159,462.518,593.261
811,64.149,462.663,593.307
812,64.139,462.808,593.351
813,64.128,462.952,593.397
814,64.118,463.097,593.441
815,64.108,463.241,593.486
816,64.097,463.385,593.531
817,64.087,463.528,593.576
818,64.077,463.671,593.620
819,64.066,463.814,593.665
820,64.056,463.957,593.709
821,64.046,464.099,593.754
822,64.035,464.241,593.798
823,64.025,464.383,593.842
824,64.015,464.524,593.886
825,64.004,464.665,593.931
826,63.994,464.806,593.974
827,63.983,464.947,594.019
828,63.973,465.087,594.062
829,63.962,465.227,594.107
830,63.952,465.367,594.150
831,63.942,465.506,594.194
832,63.931,465.645,594.237
833,63.921,465.784,594.282
834,63.910,465.923,594.325
835,63.900,466.061,594.369
836,63.889,466.199,594.412
837,63.879,466.337,594.455
838,63.868,466.474,594.498
839,63.857,466.611,594.542
840,63.847,466.748,594.585
841,63.836,466.885,594.628
842,63.826,467.022,594.671
843,63.815,467.158,594.714
844,63.805,467.294,594.757
845,63.794,467.430,594.800
846,63.783,467.565,594.843
847,63.773,467.700,594.886
848,63.762,467.835,594.928
849,63.752,467.970,594.971
850,63.741,468.104,595.013
851,63.730,468.238,595.056
852,63.720,468.372,595.098
853,63.709,468.506,595.141
854,63.698,468.639,595.183
855,63.688,468.772,595.226
856,63.677,468.905,595.268
857,63.666,469.038,595.310
858,63.656,469.170,595.352
859,63.645,469.302,595.394
860,63.634,469.434,595.436
861,63.623,469.566,595.478
862,63.613,469.697,595.520
863,63.602,469.828,595.562
864,63.591,469.959,595.603
865,63.580,470.089,595.645
866,63.570,470.220,595.687
867,63.559,470.350,595.729
868,63.548,470.479,595.770
869,63.537,470.609,595.811
870,63.526,470.738,595.852
871,63.516,470.867,595.894
872,63.505,470.996,595.935
873,63.494,471.124,595.977
874,63.483,471.253,596.017
875,63.472,471.381,596.059
876,63.461,471.509,596.100
877,63.451,471.636,596.141
878,63.440,471.763,596.181
879,63.429,471.890,596.223
880,63.418,472.017,596.263
881,63.407,472.144,596.304
882,63.396,472.270,596.345
883,63.385,472.396,596.386
884,63.374,472.522,596.426
885,63.363,472.647,596.467
886,63.352,472.773,596.507
887,63.341,472.898,596.548
888,63.330,473.023,596.587
889,63.320,473.147,596.628
890,63.309,473.272,596.668
891,63.298,473.396,596.709
892,63.287,473.520,596.748
893,63.276,473.643,596.789
894,63.265,473.767,596.828
895,63.254,473.890,596.869
896,63.243,474.013,596.908
897,63.232,474.135,596.948
898,63.220,474.258,596.988
899,63.209,474.380,597.028
900,63.198,474.502,597.067
901,63.187,474.623,597.107
902,63.176,474.745,597.146
903,63.165,474.866,597.186
904,63.154,474.987,597.225
905,63.143,475.107,597.265
906,63.132,475.227,597.304
907,63.121,475.347,597.344
908,63.110,475.467,597.383
909,63.098,475.587,597.422
910,63.087,475.707,597.461
911,63.076,475.826,597.500
912,63.065,475.945,597.539
913,63.054,476.064,597.578
914,63.043,476.182,597.617
915,63.032,476.301,597.656
916,63.020,476.419,597.694
917,63.009,476.537,597.733
918,62.998,476.654,597.772
919,62.987,476.772,597.811
920,62.976,476.889,597.849
921,62.964,477.006,597.888
922,62.953,477.123,597.926
923,62.942,477.239,597.965
924,62.931,477.355,598.003
925,62.919,477.471,598.041
926,62.908,477.587,598.079
927,62.897,477.703,598.118
928,62.886,477.818,598.156
929,62.874,477.933,598.194
930,62.863,478.048,598.232
931,62.852,478.163,598.270
932,62.840,478.277,598.308
933,62.829,478.391,598.346
934,62.818,478.505,598.383
935,62.806,478.619,598.421
936,62.795,478.732,598.459
937,62.784,478.845,598.497
938,62.772,478.958,598.534
939,62.761,479.071,598.572
940,62.750,479.184,598.609
941,62.738,479.296,598.647
942,62.727,479.408,598.684
943,62.715,479.520,598.722
944,62.704,479.632,598.759
945,62.693,479.743,598.796
946,62.681,479.854,598.833
947,62.670,479.965,598.870
948,62.658,480.076,598.907
949,62.647,480.186,598.945
950,62.635,480.297,598.981
951,62.624,480.407,599.018
952,62.613,480.517,599.055
953,62.601,480.626,599.092
954,62.590,480.736,599.129
955,62.578,480.845,599.166
956,62.567,480.954,599.202
957,62.555,481.062,599.239
958,62.544,481.171,599.275
959,62.532,481.279,599.312
960,62.521,481.387,599.348
961,62.509,481.495,599.385
962,62.497,481.602,599.421
963,62.486,481.710,599.458
964,62.474,481.817,599.494
965,62.463,481.924,599.530
966,62.451,482.031,599.566
967,62.440,482.137,599.602
968,62.428,482.243,599.638
969,62.417,482.349,599.675
970,62.405,482.455,599.710
971,62.393,482.561,599.746
972,62.382,482.666,599.782
973,62.370,482.771,599.818
974,62.358,482.876,599.854
975,62.347,482.981,599.890
976,62.335,483.086,599.925
977,62.324,483.190,599.961
978,62.312,483.294,599.996
979,62.300,483.398,600.032
980,62.289,483.501,600.067
981,62.277,483.605,600.103
982,62.265,483.708,600.138
983,62.254,483.811,600.174
984,62.242,483.914,600.209
985,62.230,484.016,600.244
986,62.218,484.119,600.279
987,62.207,484.221,600.315
988,62.195,484.323,600.349
989,62.183,484.424,600.385
990,62.172,484.525,600.419
991,62.160,484.627,600.455
992,62.148,484.728,600.489
993,62.136,484.828,600.524
994,62.124,484.929,600.559
995,62.113,485.030,600.594
996,62.101,485.130,600.628
997,62.089,485.230,600.663
998,62.077,485.330,600.698
999,62.066,485.429,600.733
1000,62.054,485.529,600.767
1001,62.042,485.628,600.802
1002,62.030,485.727,600.836
1003,62.018,485.826,600.870
1004,62.006,485.924,600.904
1005,61.995,486.023,600.939
1006,61.983,486.121,600.973
1007,61.971,486.219,601.007
1008,61.959,486.317,601.041
1009,61.947,486.414,601.076
1010,61.935,486.512,601.109
1011,61.923,486.609,601.144
1012,61.912,486.706,601.177
1013,61.900,486.803,601.212
1014,61.888,486.899,601.245
1015,61.876,486.996,601.279
1016,61.864,487.092,601.313
1017,61.852,487.188,601.347
1018,61.840,487.283,601.380
1019,61.828,487.379,601.414
1020,61.816,487.474,601.447
1021,61.804,487.570,601.481
1022,61.792,487.665,601.515
1023,61.780,487.759,601.548
1024,61.768,487.854,601.581
1025,61.756,487.948,601.615
1026,61.744,488.042,601.648
1027,61.732,488.136,601.682
1028,61.720,488.230,601.715
1029,61.708,488.324,601.748
1030,61.696,488.417,601.781
1031,61.684,488.510,601.814
1032,61.672,488.604,601.847
1033,61.660,488.696,601.880
1034,61.648,488.789,601.913
1035,61.636,488.881,601.946
1036,61.624,488.974,601.979
1037,61.612,489.066,602.012
1038,61.600,489.158,602.044
1039,61.588,489.249,602.077
1040,61.576,489.341,602.110
1041,61.564,489.432,602.143
1042,61.552,489.523,602.175
1043,61.540,489.614,602.208
1044,61.527,489.705,602.240
1045,61.515,489.796,602.273
1046,61.503,489.885,602.305
1047,61.491,489.976,602.338
1048,61.479,490.065,602.370
1049,61.467,490.156,602.402
1050,61.455,490.245,602.434
1051,61.443,490.334,602.467
1052,61.430,490.424,602.499
1053,61.418,490.513,602.531
1054,61.406,490.602,602.563
1055,61.394,490.691,602.595
1056,61.382,490.779,602.627
1057,61.370,490.868,602.659
1058,61.357,490.956,602.691
1059,61.345,491.044,602.723
1060,61.333,491.132,602.754
1061,61.321,491.219,602.786
1062,61.309,491.307,602.818
1063,61.296,491.394,602.850
1064,61.284,491.482,602.881
1065,61.272,491.569,602.913
1066,61.260,491.655,602.944
1067,61.247,491.742,602.976
1068,61.235,491.829,603.007
1069,61.223,491.915,603.039
1070,61.211,492.001,603.070
1071,61.198,492.087,603.102
1072,61.186,492.173,603.133
1073,61.174,492.258,603.164
1074,61.162,492.344,603.195
1075,61.149,492.429,603.227
1076,61.137,492.514,603.258
1077,61.125,492.599,603.289
1078,61.112,492.684,603.320
1079,61.100,492.769,603.351
1080,61.088,492.853,603.382
1081,61.075,492.938,603.413
1082,61.063,493.022,603.444
1083,61.051,493.106,603.474
1084,61.038,493.190,603.505
1085,61.026,493.273,603.536
1086,61.014,493.357,603.567
1087,61.001,493.440,603.597
1088,60.989,493.523,603.628
1089,60.977,493.606,603.659
1090,60.964,493.689,603.689
1091,60.952,493.772,603.720
1092,60.939,493.855,603.750
1093,60.927,493.937,603.780
1094,60.915,494.019,603.811
1095,60.902,494.101,603.841
1096,60.890,494.183,603.871
1097,60.877,494.265,603.902
1098,60.865,494.347,603.933
1099,60.852,494.428,603.962
1100,60.840,494.509,603.992
1101,60.828,494.591,604.022
1102,60.815,494.672,604.053
1103,60.803,494.752,604.082
1104,60.790,494.833,604.112
1105,60.778,494.914,604.142
1106,60.765,494.994,604.173
1107,60.753,495.075,604.202
1108,60.740,495.155,604.232
1109,60.728,495.235,604.262
1110,60.715,495.314,604.291
1111,60.703,495.394,604.322
1112,60.690,495.474,604.351
1113,60.678,495.553,604.381
1114,60.665,495.632,604.410
1115,60.653,495.712,604.440
1116,60.640,495.791,604.469
1117,60.628,495.869,604.499
1118,60.615,495.948,604.529
1119,60.603,496.027,604.558
1120,60.590,496.105,604.587
1121,60.578,496.183,604.616
1122,60.565,496.261,604.646
1123,60.552,496.340,604.675
1124,60.540,496.417,604.704
1125,60.527,496.495,604.733
1126,60.515,496.573,604.762
1127,60.502,496.650,604.792
1128,60.490,496.728,604.821
1129,60.477,496.805,604.850
1130,60.464,496.882,604.879
1131,60.452,496.959,604.908
1132,60.439,497.036,604.937
1133,60.427,497.112,604.966
1134,60.414,497.189,604.994
1135,60.401,497.265,605.023
1136,60.389,497.341,605.052
1137,60.376,497.418,605.081
1138,60.363,497.494,605.109
1139,60.351,497.569,605.138
1140,60.338,497.645,605.167
1141,60.326,497.721,605.195
1142,60.313,497.796,605.224
1143,60.300,497.872,605.252
1144,60.288,497.947,605.281
1145,60.275,498.022,605.309
1146,60.262,498.097,605.338
1147,60.250,498.172,605.366
1148,60.237,498.247,605.394
1149,60.224,498.322,605.423
1150,60.211,498.396,605.451
1151,60.199,498.470,605.479
1152,60.186,498.545,605.507
1153,60.173,498.619,605.535
1154,60.161,498.693,605.563
1155,60.148,498.767,605.592
1156,60.135,498.841,605.620
1157,60.122,498.914,605.648
1158,60.110,498.988,605.675
1159,60.097,499.062,605.703
1160,60.084,499.135,605.731
1161,60.071,499.208,605.759
1162,60.059,499.281,605.787
1163,60.046,499.354,605.815
1164,60.033,499.427,605.843
1165,60.020,499.500,605.870
1166,60.008,499.573,605.898
1167,59.995,499.645,605.926
1168,59.982,499.718,605.953
1169,59.969,499.790,605.981
1170,59.957,499.862,606.008
1171,59.944,499.934,606.036
1172,59.931,500.006,606.063
1173,59.918,500.078,606.091
1174,59.905,500.150,606.118
1175,59.893,500.222,606.145
1176,59.880,500.294,606.173
1177,59.867,500.365,606.200
1178,59.854,500.436,606.227
1179,59.841,500.508,606.254
1180,59.828,500.579,606.282
1181,59.816,500.650,606.309
1182,59.803,500.721,606.336
1183,59.790,500.792,606.363
1184,59.777,500.862,606.390
1185,59.764,500.933,606.417
1186,59.751,501.003,606.444
1187,59.738,501.074,606.471
1188,59.726,501.144,606.498
1189,59.713,501.214,606.525
1190,59.700,501.284,606.552
1191,59.687,501.354,606.578
1192,59.674,501.424,606.605
1193,59.661,501.494,606.632
1194,59.648,501.564,606.659
1195,59.635,501.634,606.685
1196,59.623,501.703,606.712
1197,59.610,501.773,606.739
1198,59.597,501.842,606.765
1199,59.584,501.912,606.792
1200,59.571,501.981,606.818
1201,59.558,502.050,606.845
1202,59.545,502.119,606.871
1203,59.532,502.188,606.898
1204,59.519,502.257,606.924
1205,59.506,502.326,606.950
1206,59.493,502.394,606.977
1207,59.480,502.463,607.003
1208,59.467,502.532,607.029
1209,59.454,502.600,607.055
1210,59.441,502.668,607.082
1211,59.429,502.737,607.108
1212,59.416,502.805,607.134
1213,59.403,502.873,607.160
1214,59.390,502.941,607.186
1215,59.377,503.009,607.212
1216,59.364,503.077,607.238
1217,59.351,503.144,607.264
1218,59.338,503.212,607.290
1219,59.325,503.280,607.316
1220,59.312,503.347,607.342
1221,59.299,503.415,607.367
1222,59.286,503.482,607.393
1223,59.273,503.549,607.419
1224,59.260,503.616,607.445
1225,59.247,503.683,607.470
1226,59.234,503.750,607.496
1227,59.221,503.817,607.522
1228,59.208,503.884,607.547
1229,59.195,503.951,607.573
1230,59.182,504.018,607.598
1231,59.168,504.084,607.624
1232,59.155,504.151,607.649
1233,59.142,504.217,607.675
1234,59.129,504.284,607.700
1235,59.116,504.350,607.726
1236,59.103,504.417,607.751
1237,59.090,504.483,607.776
1238,59.077,504.549,607.802
1239,59.064,504.615,607.827
1240,59.051,504.681,607.852
1241,59.038,504.747,607.877
1242,59.025,504.813,607.903
1243,59.012,504.878,607.928
1244,58.999,504.944,607.953
1245,58.986,505.010,607.978
1246,58.972,505.075,608.003
1247,58.959,505.141,608.028
1248,58.946,505.206,608.053
1249,58.933,505.271,608.078
1250,58.920,505.337,608.103
1251,58.907,505.402,608.128
1252,58.894,505.467,608.153
1253,58.881,505.532,608.177
1254,58.868,505.597,608.202
1255,58.854,505.662,608.227
1256,58.841,505.727,608.252
1257,58.828,505.792,608.276
1258,58.815,505.856,608.301
1259,58.802,505.921,608.326
1260,58.789,505.986,608.351
1261,58.776,506.050,608.375
1262,58.763,506.115,608.400
1263,58.749,506.179,608.424
1264,58.736,506.244,608.449
1265,58.723,506.308,608.473
1266,58.710,506.372,608.498
1267,58.697,506.436,608.522
1268,58.684,506.500,608.547
1269,58.670,506.564,608.571
1270,58.657,506.628,608.595
1271,58.644,506.692,608.619
1272,58.631,506.756,608.644
1273,58.618,506.820,608.668
1274,58.604,506.884,608.692
1275,58.591,506.948,608.716
1276,58.578,507.011,608.741
1277,58.565,507.075,608.765
1278,58.552,507.138,608.789
1279,58.538,507.202,608.813
1280,58.525,507.265,608.837
1281,58.512,507.329,608.861
1282,58.499,507.392,608.885
1283,58.486,507.455,608.909
1284,58.472,507.518,608.933
1285,58.459,507.581,608.957
1286,58.446,507.645,608.981
1287,58.433,507.708,609.005
1288,58.420,507.771,609.029
1289,58.406,507.834,609.052
1290,58.393,507.896,609.076
1291,58.380,507.959,609.100
1292,58.367,508.022,609.124
1293,58.353,508.085,609.147
1294,58.340,508.147,609.171
1295,58.327,508.210,609.195
1296,58.314,508.273,609.218
1297,58.300,508.335,609.242
1298,58.287,508.398,609.266
1299,58.274,508.460,609.289
1300,58.260,508.522,609.313
1301,58.247,508.585,609.336
1302,58.234,508.647,609.360
1303,58.221,508.709,609.383
1304,58.207,508.772,609.406
1305,58.194,508.834,609.430
1306,58.181,508.896,609.453
1307,58.168,508.958,609.476
1308,58.154,509.020,609.500
1309,58.141,509.082,609.523
1310,58.128,509.144,609.546
1311,58.114,509.205,609.569
1312,58.101,509.267,609.593
1313,58.088,509.329,609.616
1314,58.074,509.391,609.639
1315,58.061,509.453,609.662
1316,58.048,509.514,609.685
1317,58.034,509.576,609.708
1318,58.021,509.637,609.731
1319,58.008,509.699,609.754
1320,57.994,509.760,609.777
1321,57.981,509.822,609.800
1322,57.968,509.883,609.823
1323,57.954,509.944,609.846
1324,57.941,510.006,609.869
1325,57.928,510.067,609.892
1326,57.914,510.128,609.915
1327,57.901,510.189,609.937
1328,57.888,510.251,609.960
1329,57.874,510.312,609.983
1330,57.861,510.373,610.006
1331,57.848,510.434,610.028
1332,57.834,510.495,610.051
1333,57.821,510.556,610.073
1334,57.808,510.617,610.096
1335,57.794,510.677,610.119
1336,57.781,510.738,610.142
1337,57.768,510.799,610.164
1338,57.754,510.860,610.187
1339,57.741,510.920,610.209
1340,57.727,510.981,610.232
1341,57.714,511.042,610.254
1342,57.701,511.102,610.277
1343,57.687,511.163,610.299
1344,57.674,511.223,610.321
1345,57.660,511.284,610.343
1346,57.647,511.344,610.366
1347,57.634,511.405,610.388
1348,57.620,511.465,610.411
1349,57.607,511.526,610.433
1350,57.593,511.586,610.455
1351,57.580,511.646,610.477
1352,57.567,511.706,610.500
1353,57.553,511.767,610.521
1354,57.540,511.827,610.544
1355,57.526,511.887,610.566
1356,57.513,511.947,610.588
1357,57.499,512.007,610.610
1358,57.486,512.067,610.632
1359,57.473,512.127,610.654
1360,57.459,512.187,610.676
1361,57.446,512.247,610.698
1362,57.432,512.307,610.720
1363,57.419,512.367,610.742
1364,57.405,512.427,610.764
1365,57.392,512.487,610.785
1366,57.378,512.546,610.808
1367,57.365,512.606,610.829
1368,57.352,512.666,610.851
1369,57.338,512.726,610.873
1370,57.325,512.785,610.895
1371,57.311,512.845,610.916
1372,57.298,512.905,610.939
1373,57.284,512.964,610.960
1374,57.271,513.024,610.982
1375,57.257,513.083,611.003
1376,57.244,513.143,611.025
1377,57.230,513.202,611.046
1378,57.217,513.262,611.068
1379,57.203,513.321,611.089
1380,57.190,513.380,611.111
1381,57.176,513.440,611.132
1382,57.163,513.499,611.154
1383,57.149,513.558,611.175
1384,57.136,513.618,611.197
1385,57.122,513.677,611.218
1386,57.109,513.736,611.240
1387,57.095,513.795,611.261
1388,57.082,513.855,611.283
1389,57.068,513.914,611.304
1390,57.055,513.973,611.326
1391,57.041,514.032,611.346
1392,57.028,514.091,611.368
1393,57.014,514.150,611.389
1394,57.001,514.209,611.411
1395,56.987,514.268,611.431
1396,56.974,514.327,611.453
1397,56.960,514.386,611.474
1398,56.947,514.445,611.495
1399,56.933,514.504,611.516
1400,56.920,514.562,611.538
1401,56.906,514.621,611.558
1402,56.893,514.680,611.580
1403,56.879,514.739,611.600
1404,56.866,514.798,611.622
1405,56.852,514.856,611.642
1406,56.838,514.915,611.664
1407,56.825,514.974,611.684
1408,56.811,515.033,611.706
1409,56.798,515.091,611.726
1410,56.784,515.150,611.747
1411,56.771,515.208,611.768
1412,56.757,515.267,611.789
1413,56.744,515.326,611.809
1414,56.730,515.384,611.831
1415,56.716,515.443,611.851
1416,56.703,515.501,611.872
1417,56.689,515.560,611.892
1418,56.676,515.618,611.914
1419,56.662,515.676,611.934
1420,56.648,515.735,611.955
1421,56.635,515.793,611.975
1422,56.621,515.852,611.997
1423,56.608,515.910,612.016
1424,56.594,515.968,612.038
1425,56.581,516.027,612.058
1426,56.567,516.085,612.079
1427,56.553,516.143,612.099
1428,56.540,516.201,612.120
1429,56.526,516.260,612.140
1430,56.513,516.318,612.161
1431,56.499,516.376,612.181
1432,56.485,516.434,612.202
1433,56.472,516.492,612.221
1434,56.458,516.550,612.243
1435,56.444,516.608,612.262
1436,56.431,516.667,612.283
1437,56.417,516.725,612.303
1438,56.404,516.783,612.324
1439,56.390,516.841,612.344
1440,56.376,516.899,612.365
1441,56.363,516.957,612.384
1442,56.349,517.015,612.405
1443,56.335,517.073,612.424
1444,56.322,517.131,612.445
1445,56.308,517.188,612.465
1446,56.295,517.246,612.486
1447,56.281,517.304,612.505
1448,56.267,517.362,612.526
1449,56.254,517.420,612.545
1450,56.240,517.478,612.566
1451,56.226,517.536,612.586
1452,56.213,517.593,612.606
1453,56.199,517.651,612.626
1454,56.185,517.709,612.646
1455,56.172,517.767,612.666
1456,56.158,517.824,612.686
1457,56.144,517.882,612.705
1458,56.131,517.940,612.726
1459,56.117,517.997,612.745
1460,56.103,518.055,612.766
1461,56.090,518.113,612.785
1462,56.076,518.170,612.806
1463,56.062,518.228,612.825
1464,56.049,518.286,612.845
1465,56.035,518.343,612.864
1466,56.021,518.401,612.885
1467,56.008,518.458,612.904
1468,55.994,518.516,612.925
1469,55.980,518.573,612.943
1470,55.967,518.631,612.964
1471,55.953,518.688,612.983
1472,55.939,518.746,613.003
1473,55.925,518.803,613.022
1474,55.912,518.861,613.043
1475,55.898,518.918,613.061
1476,55.884,518.976,613.082
1477,55.871,519.033,613.100
1478,55.857,519.090,613.121
1479,55.843,519.148,613.140
1480,55.830,519.205,613.160
1481,55.816,519.262,613.179
1482,55.802,519.320,613.199
1483,55.788,519.377,613.218
1484,55.775,519.434,613.238
1485,55.761,519.492,613.256
1486,55.747,519.549,613.277
1487,55.733,519.606,613.295
1488,55.720,519.663,613.316
1489,55.706,519.721,613.334
1490,55.692,519.778,613.354
1491,55.679,519.835,613.373
1492,55.665,519.892,613.393
1493,55.651,519.949,613.411
1494,55.637,520.006,613.432
1495,55.624,520.064,613.450
1496,55.610,520.121,613.470
1497,55.596,520.178,613.488
1498,55.582,520.235,613.508
1499,55.569,520.292,613.527
1500,55.555,520.349,613.547
1501,55.541,520.406,613.565
1502,55.527,520.463,613.585
1503,55.514,520.520,613.603
1504,55.500,520.577,613.623
1505,55.486,520.634,613.641
1506,55.472,520.691,613.662
1507,55.458,520.748,613.680
1508,55.445,520.805,613.700
1509,55.431,520.862,613.718
1510,55.417,520.919,613.738
1511,55.403,520.976,613.756
1512,55.390,521.033,613.776
1513,55.376,521.090,613.793
1514,55.362,521.147,613.813
1515,55.348,521.204,613.831
1516,55.334,521.261,613.851
1517,55.321,521.317,613.869
1518,55.307,521.374,613.889
1519,55.293,521.431,613.907
1520,55.279,521.488,613.927
1521,55.265,521.545,613.945
1522,55.252,521.602,613.964
1523,55.238,521.658,613.982
1524,55.224,521.715,614.002
1525,55.210,521.772,614.020
1526,55.196,521.829,614.039
1527,55.183,521.885,614.057
1528,55.169,521.942,614.077
1529,55.155,521.999,614.094
1530,55.141,522.056,614.114
1531,55.127,522.112,614.132
1532,55.113,522.169,614.152
1533,55.100,522.226,614.169
1534,55.086,522.282,614.189
1535,55.072,522.339,614.206
1536,55.058,522.396,614.226
1537,55.044,522.452,614.243
1538,55.030,522.509,614.263
1539,55.017,522.565,614.280
1540,55.003,522.622,614.300
1541,54.989,522.679,614.317
1542,54.975,522.735,614.337
1543,54.961,522.792,614.354
1544,54.947,522.848,614.374
1545,54.934,522.905,614.391
1546,54.920,522.961,614.411
1547,54.906,523.018,614.428
1548,54.892,523.074,614.448
1549,54.878,523.131,614.465
1550,54.864,523.187,614.484
1551,54.850,523.244,614.502
1552,54.837,523.300,614.521
1553,54.823,523.357,614.538
1554,54.809,523.413,614.558
1555,54.795,523.470,614.575
1556,54.781,523.526,614.594
1557,54.767,523.583,614.611
1558,54.753,523.639,614.631
1559,54.739,523.695,614.648
1560,54.726,523.752,614.667
1561,54.712,523.808,614.684
1562,54.698,523.864,614.704
1563,54.684,523.921,614.721
1564,54.670,523.977,614.740
1565,54.656,524.034,614.757
1566,54.642,524.090,614.776
1567,54.628,524.146,614.793
1568,54.614,524.202,614.812
1569,54.601,524.259,614.829
1570,54.587,524.315,614.849
1571,54.573,524.371,614.865
1572,54.559,524.428,614.885
1573,54.545,524.484,614.901
1574,54.531,524.540,614.921
1575,54.517,524.596,614.937
1576,54.503,524.653,614.957
1577,54.489,524.709,614.973
1578,54.475,524.765,614.992
1579,54.461,524.821,615.009
1580,54.447,524.877,615.028
1581,54.434,524.934,615.045
1582,54.420,524.990,615.064
1583,54.406,525.046,615.081
1584,54.392,525.102,615.100
1585,54.378,525.158,615.116
1586,54.364,525.214,615.136
1587,54.350,525.270,615.152
1588,54.336,525.326,615.171
1589,54.322,525.383,615.188
1590,54.308,525.439,615.207
1591,54.294,525.495,615.223
1592,54.280,525.551,615.242
1593,54.266,525.607,615.259
1594,54.252,525.663,615.278
1595,54.238,525.719,615.294
1596,54.224,525.775,615.313
1597,54.210,525.831,615.329
1598,54.196,525.887,615.348
1599,54.183,525.943,615.365
1600,54.169,525.999,615.384
1601,54.155,526.055,615.400
1602,54.141,526.111,615.419
1603,54.127,526.167,615.435
1604,54.113,526.223,615.454
1605,54.099,526.279,615.470
1606,54.085,526.335,615.489
1607,54.071,526.391,615.505
1608,54.057,526.447,615.524
1609,54.043,526.503,615.540
1610,54.029,526.558,615.559
1611,54.015,526.614,615.575
1612,54.001,526.670,615.594
1613,53.987,526.726,615.610
1614,53.973,526.782,615.629
1615,53.959,526.838,615.645
1616,53.945,526.894,615.664
1617,53.931,526.950,615.680
1618,53.917,527.005,615.699
1619,53.903,527.061,615.715
1620,53.889,527.117,615.734
1621,53.875,527.173,615.749
1622,53.861,527.229,615.768
1623,53.847,527.284,615.784
1624,53.833,527.340,615.803
1625,53.819,527.396,615.819
1626,53.805,527.452,615.837
1627,53.791,527.507,615.853
1628,53.777,527.563,615.872
1629,53.763,527.619,615.888
1630,53.749,527.675,615.907
1631,53.735,527.730,615.922
1632,53.720,527.786,615.941
1633,53.706,527.842,615.957
1634,53.692,527.897,615.975
1635,53.678,527.953,615.991
1636,53.664,528.009,616.010
1637,53.650,528.064,616.025
1638,53.636,528.120,616.044
1639,53.622,528.176,616.059
1640,53.608,528.231,616.078
1641,53.594,528.287,616.094
1642,53.580,528.342,616.112
1643,53.566,528.398,616.128
1644,53.552,528.454,616.147
1645,53.538,528.509,616.162
1646,53.524,528.565,616.181
1647,53.510,528.620,616.196
1648,53.496,528.676,616.215
1649,53.482,528.731,616.230
1650,53.467,528.787,616.249
1651,53.453,528.842,616.264
1652,53.439,528.898,616.283
1653,53.425,528.953,616.298
1654,53.411,529.009,616.316
1655,53.397,529.064,616.332
1656,53.383,529.120,616.350
1657,53.369,529.175,616.366
1658,53.355,529.231,616.384
1659,53.341,529.286,616.399
1660,53.327,529.342,616.418
1661,53.313,529.397,616.433
1662,53.298,529.453,616.452
1663,53.284,529.508,616.467
1664,53.270,529.563,616.485
1665,53.256,529.619,616.500
1666,53.242,529.674,616.519
1667,53.228,529.730,616.534
1668,53.214,529.785,616.552
1669,53.200,529.840,616.567
1670,53.186,529.896,616.586
1671,53.171,529.951,616.601
1672,53.157,530.006,616.619
1673,53.143,530.062,616.634
1674,53.129,530.117,616.653
1675,53.115,530.172,616.668
1676,53.101,530.227,616.686
1677,53.087,530.283,616.701
1678,53.073,530.338,616.719
1679,53.058,530.393,616.734
1680,53.044,530.448,616.753
1681,53.030,530.504,616.768
1682,53.016,530.559,616.786
1683,53.002,530.614,616.801
1684,52.988,530.669,616.819
1685,52.974,530.725,616.834
1686,52.959,530.780,616.852
1687,52.945,530.835,616.867
1688,52.931,530.890,616.885
1689,52.917,530.945,616.900
1690,52.903,531.000,616.918
1691,52.889,531.056,616.933
1692,52.874,531.111,616.951
1693,52.860,531.166,616.966
1694,52.846,531.221,616.984
1695,52.832,531.276,616.999
1696,52.818,531.331,617.017
1697,52.804,531.386,617.032
1698,52.789,531.441,617.050
1699,52.775,531.496,617.065
1700,52.761,531.551,617.083
1701,52.747,531.606,617.098
1702,52.733,531.661,617.116
1703,52.718,531.717,617.130
1704,52.704,531.772,617.149
1705,52.690,531.827,617.163
1706,52.676,531.882,617.181
1707,52.662,531.936,617.196
1708,52.647,531.991,617.214
1709,52.633,532.046,617.228
1710,52.619,532.101,617.247
1711,52.605,532.156,617.261
1712,52.591,532.211,617.279
1713,52.576,532.266,617.294
1714,52.562,532.321,617.312
1715,52.548,532.376,617.326
1716,52.534,532.431,617.344
1717,52.519,532.486,617.359
1718,52.505,532.541,617.377
1719,52.491,532.596,617.391
1720,52.477,532.650,617.409
1721,52.463,532.705,617.423
1722,52.448,532.760,617.441
1723,52.434,532.815,617.456
1724,52.420,532.870,617.474
1725,52.406,532.924,617.488
1726,52.391,532.979,617.506
1727,52.377,533.034,617.520
1728,52.363,533.089,617.538
1729,52.349,533.144,617.552
1730,52.334,533.198,617.570
1731,52.320,533.253,617.585
1732,52.306,533.308,617.603
1733,52.292,533.362,617.617
1734,52.277,533.417,617.635
1735,52.263,533.472,617.649
1736,52.249,533.527,617.667
1737,52.234,533.581,617.681
1738,52.220,533.636,617.699
1739,52.206,533.691,617.713
1740,52.192,533.745,617.731
1741,52.177,533.800,617.745
1742,52.163,533.854,617.763
1743,52.149,533.909,617.777
1744,52.135,533.964,617.795
1745,52.120,534.018,617.809
1746,52.106,534.073,617.827
1747,52.092,534.127,617.841
1748,52.077,534.182,617.859
1749,52.063,534.237,617.872
1750,52.049,534.291,617.890
1751,52.034,534.346,617.904
1752,52.020,534.400,617.922
1753,52.006,534.455,617.936
1754,51.992,534.509,617.954
1755,51.977,534.564,617.968
1756,51.963,534.618,617.986
1757,51.949,534.672,617.999
1758,51.934,534.727,618.017
1759,51.920,534.781,618.031
1760,51.906,534.836,618.049
1761,51.891,534.890,618.063
1762,51.877,534.945,618.081
1763,51.863,534.999,618.094
1764,51.848,535.053,618.112
1765,51.834,535.108,618.126
1766,51.820,535.162,618.144
1767,51.805,535.216,618.157
1768,51.791,535.271,618.175
1769,51.777,535.325,618.189
1770,51.762,535.379,618.207
1771,51.748,535.434,618.220
1772,51.734,535.488,618.238
1773,51.719,535.542,618.252
1774,51.705,535.597,618.269
1775,51.690,535.651,618.283
1776,51.676,535.705,618.301
1777,51.662,535.759,618.314
1778,51.647,535.813,618.332
1779,51.633,535.868,618.346
1780,51.619,535.922,618.363
1781,51.604,535.976,618.377
1782,51.590,536.030,618.394
1783,51.575,536.084,618.408
1784,51.561,536.138,618.426
1785,51.547,536.193,618.439
1786,51.532,536.247,618.457
1787,51.518,536.301,618.470
1788,51.504,536.355,618.488
1789,51.489,536.409,618.501
1790,51.475,536.463,618.519
1791,51.460,536.517,618.532
1792,51.446,536.571,618.550
1793,51.432,536.625,618.564
1794,51.417,536.679,618.581
1795,51.403,536.733,618.595
1796,51.388,536.787,618.612
1797,51.374,536.841,618.626
1798,51.359,536.895,618.643
1799,51.345,536.949,618.656
1800,51.331,537.003,618.674
1801,51.316,537.057,618.687
1802,51.302,537.111,618.705
1803,51.287,537.165,618.718
1804,51.273,537.219,618.736
1805,51.258,537.273,618.749
1806,51.244,537.327,618.767
1807,51.230,537.380,618.780
1808,51.215,537.434,618.797
1809,51.201,537.488,618.811
1810,51.186,537.542,618.828
1811,51.172,537.596,618.841
1812,51.157,537.650,618.859
1813,51.143,537.703,618.872
1814,51.128,537.757,618.890
1815,51.114,537.811,618.903
1816,51.100,537.865,618.920
1817,51.085,537.918,618.934
1818,51.071,537.972,618.951
1819,51.056,538.026,618.964
1820,51.042,538.080,618.982
1821,51.027,538.133,618.995
1822,51.013,538.187,619.012
1823,50.998,538.241,619.025
1824,50.984,538.294,619.043
1825,50.969,538.348,619.056
1826,50.955,538.401,619.073
1827,50.940,538.455,619.086
1828,50.926,538.509,619.104
1829,50.911,538.562,619.117
1830,50.897,538.616,619.134
1831,50.882,538.669,619.147
1832,50.868,538.723,619.165
1833,50.853,538.776,619.178
1834,50.839,538.830,619.195
1835,50.824,538.883,619.208
1836,50.810,538.937,619.225
1837,50.795,538.990,619.238
1838,50.781,539.044,619.256
1839,50.766,539.097,619.269
1840,50.752,539.151,619.286
1841,50.737,539.204,619.299
1842,50.723,539.258,619.316
1843,50.708,539.311,619.329
1844,50.694,539.364,619.347
1845,50.679,539.418,619.360
1846,50.664,539.471,619.377
1847,50.650,539.524,619.390
1848,50.635,539.578,619.407
1849,50.621,539.631,619.420
1850,50.606,539.684,619.437
1851,50.592,539.738,619.450
1852,50.577,539.791,619.467
1853,50.563,539.844,619.480
1854,50.548,539.897,619.497
1855,50.534,539.950,619.510
1856,50.519,540.004,619.528
1857,50.504,540.057,619.540
1858,50.490,540.110,619.558
1859,50.475,540.163,619.570
1860,50.461,540.216,619.588
1861,50.446,540.270,619.600
1862,50.432,540.323,619.618
1863,50.417,540.376,619.630
1864,50.402,540.429,619.648
1865,50.388,540.482,619.660
1866,50.373,540.535,619.678
1867,50.359,540.588,619.690
1868,50.344,540.641,619.708
1869,50.329,540.694,619.720
1870,50.315,540.747,619.737
1871,50.300,540.800,619.750
1872,50.286,540.853,619.767
1873,50.271,540.906,619.780
1874,50.256,540.959,619.797
1875,50.242,541.012,619.810
1876,50.227,541.065,619.827
1877,50.213,541.118,619.840
1878,50.198,541.171,619.857
1879,50.183,541.223,619.869
1880,50.169,541.276,619.887
1881,50.154,541.329,619.899
1882,50.139,541.382,619.916
1883,50.125,541.435,619.929
1884,50.110,541.488,619.946
1885,50.095,541.540,619.959
1886,50.081,541.593,619.976
1887,50.066,541.646,619.988
1888,50.052,541.699,620.005
1889,50.037,541.751,620.018
1890,50.022,541.804,620.035
1891,50.008,541.857,620.048
1892,49.993,541.909,620.065
1893,49.978,541.962,620.077
1894,49.964,542.015,620.094
1895,49.949,542.067,620.107
1896,49.934,542.120,620.124
1897,49.920,542.172,620.137
1898,49.905,542.225,620.154
1899,49.890,542.278,620.166
1900,49.876,542.330,620.183
1901,49.861,542.383,620.196
1902,49.846,542.435,620.213
1903,49.832,542.488,620.225
1904,49.817,542.540,620.242
1905,49.802,542.593,620.255
1906,49.787,542.645,620.272
1907,49.773,542.698,620.284
1908,49.758,542.750,620.301
1909,49.743,542.802,620.313
1910,49.729,542.855,620.330
1911,49.714,542.907,620.343
1912,49.699,542.959,620.360
1913,49.685,543.012,620.372
1914,49.670,543.064,620.389
1915,49.655,543.116,620.402
1916,49.640,543.169,620.419
1917,49.626,543.221,620.431
1918,49.611,543.273,620.448
1919,49.596,543.325,620.460
1920,49.581,543.378,620.477
1921,49.567,543.430,620.490
1922,49.552,543.482,620.506
1923,49.537,543.534,620.519
1924,49.523,543.586,620.536
1925,49.508,543.639,620.548
1926,49.493,543.691,620.565
1927,49.478,543.743,620.577
1928,49.464,543.795,620.594
1929,49.449,543.847,620.607
1930,49.434,543.899,620.623
1931,49.419,543.951,620.636
1932,49.405,544.003,620.653
1933,49.390,544.055,620.665
1934,49.375,544.107,620.682
1935,49.360,544.159,620.694
1936,49.345,544.211,620.711
1937,49.331,544.263,620.723
1938,49.316,544.315,620.740
1939,49.301,544.367,620.753
1940,49.286,544.419,620.769
1941,49.272,544.470,620.782
1942,49.257,544.522,620.798
1943,49.242,544.574,620.811
1944,49.227,544.626,620.827
1945,49.212,544.678,620.840
1946,49.198,544.730,620.856
1947,49.183,544.781,620.869
1948,49.168,544.833,620.886
1949,49.153,544.885,620.898
1950,49.138,544.937,620.915
1951,49.124,544.988,620.927
1952,49.109,545.040,620.944
1953,49.094,545.092,620.956
1954,49.079,545.143,620.973
1955,49.064,545.195,620.985
1956,49.049,545.246,621.002
1957,49.035,545.298,621.014
1958,49.020,545.350,621.030
1959,49.005,545.401,621.043
1960,48.990,545.453,621.059
1961,48.975,545.504,621.072
1962,48.960,545.556,621.088
1963,48.946,545.607,621.101
1964,48.931,545.659,621.117
1965,48.916,545.710,621.129
1966,48.901,545.761,621.146
1967,48.886,545.813,621.158
1968,48.871,545.864,621.175
1969,48.857,545.916,621.187
1970,48.842,545.967,621.204
1971,48.827,546.018,621.216
1972,48.812,546.070,621.233
1973,48.797,546.121,621.245
1974,48.782,546.172,621.261
1975,48.767,546.223,621.274
1976,48.752,546.275,621.290
1977,48.738,546.326,621.303
1978,48.723,546.377,621.319
1979,48.708,546.428,621.331
1980,48.693,546.479,621.348
1981,48.678,546.531,621.360
1982,48.663,546.582,621.377
1983,48.648,546.633,621.389
1984,48.633,546.684,621.405
1985,48.618,546.735,621.418
1986,48.604,546.786,621.434
1987,48.589,546.837,621.446
1988,48.574,546.888,621.463
1989,48.559,546.939,621.475
1990,48.544,546.990,621.491
1991,48.529,547.041,621.504
1992,48.514,547.092,621.520
1993,48.499,547.143,621.532
1994,48.484,547.194,621.549
1995,48.469,547.245,621.561
1996,48.454,547.295,621.577
1997,48.439,547.346,621.590
1998,48.425,547.397,621.606
1999,48.410,547.448,621.618
2000,48.395,547.499,621.635
2001,48.380,547.549,621.647
2002,48.365,547.600,621.663
2003,48.350,547.651,621.675
2004,48.335,547.702,621.692
2005,48.320,547.752,621.704
2006,48.305,547.803,621.720
2007,48.290,547.853,621.733
2008,48.275,547.904,621.749
2009,48.260,547.955,621.761
2010,48.245,548.005,621.778
2011,48.230,548.056,621.790
2012,48.215,548.106,621.806
2013,48.200,548.157,621.818
2014,48.185,548.207,621.835
2015,48.170,548.258,621.847
2016,48.155,548.308,621.863
2017,48.140,548.359,621.875
2018,48.125,548.409,621.892
2019,48.110,548.459,621.904
2020,48.095,548.510,621.920
2021,48.080,548.560,621.932
2022,48.065,548.611,621.949
2023,48.050,548.661,621.961
2024,48.035,548.712,621.977
2025,48.020,548.761,621.989
2026,48.005,548.812,622.005
2027,47.990,548.862,622.018
2028,47.975,548.913,622.034
2029,47.960,548.962,622.046
2030,47.945,549.012,622.062
2031,47.930,549.062,622.075
2032,47.915,549.113,622.091
2033,47.900,549.163,622.103
2034,47.885,549.213,622.119
2035,47.870,549.264,622.131
2036,47.855,549.313,622.148
2037,47.840,549.363,622.160
2038,47.825,549.413,622.176
2039,47.810,549.463,622.188
2040,47.795,549.514,622.204
2041,47.780,549.563,622.217
2042,47.765,549.613,622.233
2043,47.750,549.663,622.245
2044,47.735,549.713,622.261
2045,47.720,549.762,622.273
2046,47.705,549.812,622.289
2047,47.690,549.862,622.302
2048,47.675,549.913,622.318
2049,47.660,549.963,622.330
2050,47.645,550.012,622.346
2051,47.630,550.062,622.358
2052,47.615,550.112,622.374
2053,47.599,550.161,622.387
2054,47.584,550.211,622.403
2055,47.569,550.261,622.415
2056,47.554,550.310,622.431
2057,47.539,550.360,622.443
2058,47.524,550.409,622.459
2059,47.509,550.459,622.471
2060,47.494,550.509,622.487
2061,47.479,550.558,622.500
2062,47.464,550.608,622.516
2063,47.449,550.657,622.528
2064,47.434,550.707,622.544
2065,47.418,550.756,622.556
2066,47.403,550.805,622.572
2067,47.388,550.855,622.584
2068,47.373,550.904,622.600
2069,47.358,550.953,622.613
2070,47.343,551.003,622.629
2071,47.328,551.052,622.641
2072,47.313,551.101,622.657
2073,47.298,551.151,622.669
2074,47.283,551.200,622.685
2075,47.267,551.249,622.697
2076,47.252,551.298,622.713
2077,47.237,551.347,622.726
2078,47.222,551.397,622.741
2079,47.207,551.446,622.754
2080,47.192,551.495,622.770
2081,47.177,551.544,622.782
2082,47.162,551.593,622.798
2083,47.146,551.642,622.810
2084,47.131,551.691,622.826
2085,47.116,551.740,622.838
2086,47.101,551.789,622.854
2087,47.086,551.838,622.866
2088,47.071,551.887,622.882
2089,47.055,551.936,622.895
2090,47.040,551.985,622.910
2091,47.025,552.034,622.923
2092,47.010,552.082,622.938
2093,46.995,552.131,622.951
2094,46.980,552.180,622.967
2095,46.965,552.229,622.979
2096,46.949,552.278,622.995
2097,46.934,552.326,623.007
2098,46.919,552.375,623.023
2099,46.904,552.424,623.035
2100,46.889,552.472,623.051
2101,46.874,552.521,623.063
2102,46.858,552.570,623.079
2103,46.843,552.618,623.091
2104,46.828,552.667,623.107
2105,46.813,552.715,623.119
2106,46.798,552.764,623.135
2107,46.782,552.813,623.148
2108,46.767,552.861,623.163
2109,46.752,552.909,623.176
2110,46.737,552.958,623.191
2111,46.722,553.006,623.204
2112,46.706,553.055,623.219
2113,46.691,553.103,623.232
2114,46.676,553.151,623.247
2115,46.661,553.200,623.260
2116,46.646,553.248,623.275
2117,46.630,553.296,623.288
2118,46.615,553.345,623.303
2119,46.600,553.393,623.316
2120,46.585,553.441,623.331
2121,46.570,553.489,623.344
2122,46.554,553.537,623.359
2123,46.539,553.586,623.372
2124,46.524,553.634,623.387
2125,46.509,553.682,623.400
2126,46.493,553.730,623.415
2127,46.478,553.778,623.428
2128,46.463,553.826,623.443
2129,46.448,553.874,623.456
2130,46.433,553.922,623.471
2131,46.417,553.970,623.484
2132,46.402,554.018,623.499
2133,46.387,554.066,623.512
2134,46.372,554.114,623.527
2135,46.356,554.161,623.540
2136,46.341,554.209,623.555
2137,46.326,554.257,623.568
2138,46.311,554.305,623.583
2139,46.295,554.353,623.596
2140,46.280,554.400,623.611
2141,46.265,554.448,623.624
2142,46.250,554.496,623.639
2143,46.234,554.544,623.652
2144,46.219,554.591,623.667
2145,46.204,554.639,623.680
2146,46.188,554.686,623.695
2147,46.173,554.734,623.708
2148,46.158,554.782,623.723
2149,46.143,554.829,623.736
2150,46.127,554.877,623.751
2151,46.112,554.924,623.764
2152,46.097,554.971,623.779
2153,46.082,555.019,623.792
2154,46.066,555.066,623.807
2155,46.051,555.114,623.820
2156,46.036,555.161,623.835
2157,46.020,555.208,623.848
2158,46.005,555.256,623.863
2159,45.990,555.303,623.875
2160,45.975,555.350,623.891
2161,45.959,555.397,623.903
2162,45.944,555.445,623.919
2163,45.929,555.492,623.931
2164,45.913,555.539,623.946
2165,45.898,555.586,623.959
2166,45.883,555.633,623.974
2167,45.867,555.680,623.987
2168,45.852,555.727,624.002
2169,45.837,555.774,624.015
2170,45.822,555.821,624.030
2171,45.806,555.868,624.043
2172,45.791,555.915,624.058
2173,45.776,555.962,624.071
2174,45.760,556.009,624.086
2175,45.745,556.056,624.099
2176,45.730,556.103,624.114
2177,45.714,556.150,624.127
2178,45.699,556.197,624.142
2179,45.684,556.243,624.154
2180,45.668,556.290,624.169
2181,45.653,556.337,624.182
2182,45.638,556.384,624.197
2183,45.622,556.430,624.210
2184,45.607,556.477,624.225
2185,45.592,556.524,624.238
2186,45.576,556.570,624.253
2187,45.561,556.617,624.266
2188,45.546,556.663,624.281
2189,45.530,556.710,624.294
2190,45.515,556.756,624.309
2191,45.500,556.803,624.322
2192,45.484,556.849,624.336
2193,45.469,556.896,624.349
2194,45.454,556.942,624.364
2195,45.438,556.989,624.377
2196,45.423,557.035,624.392
2197,45.408,557.081,624.405
2198,45.392,557.128,624.420
2199,45.377,557.174,624.433
2200,45.362,557.220,624.448
2201,45.346,557.266,624.461
2202,45.331,557.313,624.476
2203,45.315,557.359,624.488
2204,45.300,557.405,624.503
2205,45.285,557.451,624.516
2206,45.269,557.497,624.531
2207,45.254,557.543,624.544
2208,45.239,557.589,624.559
2209,45.223,557.635,624.572
2210,45.208,557.681,624.587
2211,45.192,557.727,624.600
2212,45.177,557.773,624.614
2213,45.162,557.819,624.627
2214,45.146,557.865,624.642
2215,45.131,557.911,624.655
2216,45.116,557.957,624.670
2217,45.100,558.003,624.683
2218,45.085,558.049,624.698
2219,45.069,558.094,624.711
2220,45.054,558.140,624.725
2221,45.039,558.186,624.739
2222,45.023,558.231,624.753
2223,45.008,558.277,624.766
2224,44.993,558.323,624.781
2225,44.977,558.368,624.794
2226,44.962,558.414,624.809
2227,44.946,558.460,624.822
2228,44.931,558.505,624.836
2229,44.916,558.551,624.850
2230,44.900,558.596,624.864
2231,44.885,558.642,624.877
2232,44.869,558.687,624.892
2233,44.854,558.732,624.905
2234,44.839,558.778,624.920
2235,44.823,558.823,624.933
2236,44.808,558.868,624.947
2237,44.792,558.914,624.960
2238,44.777,558.959,624.975
2239,44.762,559.004,624.988
2240,44.746,559.050,625.003
2241,44.731,559.095,625.016
2242,44.715,559.140,625.030
2243,44.700,559.185,625.044
2244,44.685,559.230,625.058
2245,44.669,559.275,625.071
2246,44.654,559.320,625.086
2247,44.638,559.365,625.099
2248,44.623,559.410,625.113
2249,44.607,559.455,625.127
2250,44.592,559.500,625.141
2251,44.577,559.545,625.154
2252,44.561,559.590,625.169
2253,44.546,559.635,625.182
2254,44.530,559.680,625.196
2255,44.515,559.725,625.210
2256,44.500,559.769,625.224
2257,44.484,559.814,625.237
2258,44.469,559.859,625.252
2259,44.453,559.904,625.265
2260,44.438,559.948,625.279
2261,44.422,559.993,625.293
2262,44.407,560.038,625.307
2263,44.392,560.082,625.320
2264,44.376,560.127,625.335
2265,44.361,560.172,625.348
2266,44.345,560.216,625.362
2267,44.330,560.261,625.376
2268,44.314,560.305,625.390
2269,44.299,560.349,625.403
2270,44.284,560.394,625.418
2271,44.268,560.438,625.431
2272,44.253,560.483,625.445
2273,44.237,560.527,625.458
2274,44.222,560.571,625.473
2275,44.206,560.616,625.486
2276,44.191,560.660,625.500
2277,44.175,560.704,625.514
2278,44.160,560.748,625.528
2279,44.145,560.793,625.541
2280,44.129,560.837,625.556
2281,44.114,560.881,625.569
2282,44.098,560.925,625.583
2283,44.083,560.969,625.596
2284,44.067,561.013,625.611
2285,44.052,561.057,625.624
2286,44.036,561.101,625.638
2287,44.021,561.145,625.652
2288,44.006,561.189,625.666
2289,43.990,561.233,625.679
2290,43.975,561.277,625.693
2291,43.959,561.321,625.707
2292,43.944,561.364,625.721
2293,43.928,561.408,625.734
2294,43.913,561.452,625.748
2295,43.897,561.496,625.762
2296,43.882,561.539,625.776
2297,43.867,561.583,625.789
2298,43.851,561.627,625.803
2299,43.836,561.670,625.817
2300,43.820,561.714,625.831
2301,43.805,561.758,625.844
2302,43.789,561.801,625.858
2303,43.774,561.845,625.872
2304,43.758,561.888,625.886
2305,43.743,561.932,625.899
2306,43.727,561.975,625.913
2307,43.712,562.019,625.927
2308,43.697,562.062,625.941
2309,43.681,562.105,625.954
2310,43.666,562.149,625.968
2311,43.650,562.192,625.982
2312,43.635,562.235,625.996
2313,43.619,562.279,626.009
2314,43.604,562.322,626.023
2315,43.588,562.365,626.037
2316,43.573,562.408,626.051
2317,43.557,562.451,626.064
2318,43.542,562.494,626.078
2319,43.527,562.537,626.092
2320,43.511,562.580,626.105
2321,43.496,562.624,626.119
2322,43.480,562.667,626.133
2323,43.465,562.710,626.146
2324,43.449,562.752,626.160
2325,43.434,562.795,626.174
2326,43.418,562.838,626.188
2327,43.403,562.881,626.201
2328,43.387,562.924,626.215
2329,43.372,562.967,626.229
2330,43.356,563.010,626.242
2331,43.341,563.052,626.256
2332,43.326,563.095,626.270
2333,43.310,563.138,626.283
2334,43.295,563.180,626.297
2335,43.279,563.223,626.311
2336,43.264,563.266,626.325
2337,43.248,563.308,626.338
2338,43.233,563.351,626.352
2339,43.217,563.393,626.365
2340,43.202,563.436,626.379
2341,43.186,563.478,626.393
2342,43.171,563.521,626.406
2343,43.155,563.563,626.420
2344,43.140,563.606,626.434
2345,43.125,563.648,626.447
2346,43.109,563.690,626.461
2347,43.094,563.733,626.475
2348,43.078,563.775,626.488
2349,43.063,563.817,626.502
2350,43.047,563.859,626.516
2351,43.032,563.902,626.529
2352,43.016,563.944,626.543
2353,43.001,563.986,626.556
2354,42.985,564.028,626.570
2355,42.970,564.070,626.584
2356,42.954,564.112,626.597
2357,42.939,564.154,626.611
2358,42.924,564.196,626.625
2359,42.908,564.238,626.638
2360,42.893,564.280,626.652
2361,42.877,564.322,626.665
2362,42.862,564.364,626.679
2363,42.846,564.406,626.693
2364,42.831,564.447,626.706
2365,42.815,564.489,626.720
2366,42.800,564.531,626.733
2367,42.784,564.573,626.747
2368,42.769,564.615,626.760
2369,42.754,564.656,626.774
2370,42.738,564.698,626.788
2371,42.723,564.739,626.801
2372,42.707,564.781,626.815
2373,42.692,564.823,626.828
2374,42.676,564.864,626.842
2375,42.661,564.906,626.855
2376,42.645,564.947,626.869
2377,42.630,564.989,626.883
2378,42.614,565.030,626.896
2379,42.599,565.072,626.910
2380,42.583,565.113,626.923
2381,42.568,565.154,626.937
2382,42.553,565.196,626.950
2383,42.537,565.237,626.964
2384,42.522,565.278,626.977
2385,42.506,565.319,626.991
2386,42.491,565.361,627.004
2387,42.475,565.402,627.018
2388,42.460,565.443,627.031
2389,42.444,565.484,627.045
2390,42.429,565.525,627.058
2391,42.414,565.566,627.072
2392,42.398,565.607,627.085
2393,42.383,565.648,627.099
2394,42.367,565.689,627.112
2395,42.352,565.730,627.126
2396,42.336,565.771,627.139
2397,42.321,565.812,627.153
2398,42.305,565.853,627.166
2399,42.290,565.894,627.180
2400,42.275,565.934,627.193
2401,42.259,565.975,627.207
2402,42.244,566.016,627.220
2403,42.228,566.057,627.234
2404,42.213,566.097,627.247
2405,42.197,566.138,627.261
2406,42.182,566.179,627.274
2407,42.166,566.219,627.287
2408,42.151,566.260,627.301
2409,42.136,566.300,627.314
2410,42.120,566.341,627.328
2411,42.105,566.381,627.341
2412,42.089,566.422,627.354
2413,42.074,566.462,627.368
2414,42.058,566.503,627.381
2415,42.043,566.543,627.395
2416,42.028,566.583,627.408
2417,42.012,566.624,627.422
2418,41.997,566.664,627.435
2419,41.981,566.704,627.448
2420,41.966,566.744,627.462
2421,41.950,566.785,627.475
2422,41.935,566.825,627.488
2423,41.920,566.865,627.502
2424,41.904,566.905,627.515
2425,41.889,566.945,627.529
2426,41.873,566.985,627.542
2427,41.858,567.025,627.555
2428,41.842,567.065,627.568
2429,41.827,567.105,627.582
2430,41.812,567.145,627.595
2431,41.796,567.185,627.609
2432,41.781,567.225,627.622
2433,41.765,567.265,627.635
2434,41.750,567.305,627.648
2435,41.734,567.345,627.662
2436,41.719,567.384,627.675
2437,41.704,567.424,627.689
2438,41.688,567.464,627.702
2439,41.673,567.503,627.715
2440,41.657,567.543,627.728
2441,41.642,567.583,627.742
2442,41.627,567.622,627.755
2443,41.611,567.662,627.768
2444,41.596,567.701,627.781
2445,41.580,567.741,627.795
2446,41.565,567.780,627.808
2447,41.550,567.820,627.821
2448,41.534,567.859,627.834
2449,41.519,567.899,627.848
2450,41.503,567.938,627.861
2451,41.488,567.977,627.874
2452,41.473,568.017,627.887
2453,41.457,568.056,627.901
2454,41.442,568.095,627.914
2455,41.426,568.134,627.927
2456,41.411,568.174,627.940
2457,41.396,568.213,627.954
2458,41.380,568.252,627.967
2459,41.365,568.291,627.980
2460,41.350,568.330,627.993
2461,41.334,568.369,628.007
2462,41.319,568.408,628.019
2463,41.303,568.447,628.033
2464,41.288,568.486,628.046
2465,41.273,568.525,628.059
2466,41.257,568.564,628.072
2467,41.242,568.603,628.086
2468,41.226,568.642,628.098
2469,41.211,568.681,628.112
2470,41.196,568.719,628.125
2471,41.180,568.758,628.138
2472,41.165,568.797,628.151
2473,41.150,568.836,628.164
2474,41.134,568.874,628.177
2475,41.119,568.913,628.191
2476,41.104,568.951,628.203
2477,41.088,568.990,628.217
2478,41.073,569.029,628.230
2479,41.057,569.067,628.243
2480,41.042,569.106,628.256
2481,41.027,569.144,628.269
2482,41.011,569.183,628.282
2483,40.996,569.221,628.295
2484,40.981,569.259,628.308
2485,40.965,569.298,628.321
2486,40.950,569.336,628.334
2487,40.935,569.374,628.348
2488,40.919,569.413,628.360
2489,40.904,569.451,628.374
2490,40.889,569.489,628.386
2491,40.873,569.527,628.400
2492,40.858,569.565,628.412
2493,40.843,569.604,628.426
2494,40.827,569.642,628.438
2495,40.812,569.680,628.452
2496,40.797,569.718,628.464
2497,40.781,569.756,628.478
2498,40.766,569.794,628.490
2499,40.751,569.832,628.504
2500,40.735,569.870,628.516
2501,40.720,569.907,628.530
2502,40.705,569.945,628.542
2503,40.689,569.983,628.556
2504,40.674,570.021,628.568
2505,40.659,570.059,628.581
2506,40.643,570.096,628.594
2507,40.628,570.134,628.607
2508,40.613,570.172,628.620
2509,40.597,570.210,628.633
2510,40.582,570.247,628.646
2511,40.567,570.285,628.659
2512,40.551,570.322,628.671
2513,40.536,570.360,628.685
2514,40.521,570.397,628.697
2515,40.506,570.435,628.711
2516,40.490,570.472,628.723
2517,40.475,570.510,628.736
2518,40.460,570.547,628.749
2519,40.444,570.585,628.762
2520,40.429,570.622,628.774
2521,40.414,570.659,628.788
2522,40.398,570.696,628.800
2523,40.383,570.734,628.813
2524,40.368,570.771,628.826
2525,40.353,570.808,628.839
2526,40.337,570.845,628.851
2527,40.322,570.882,628.865
2528,40.307,570.920,628.877
2529,40.292,570.957,628.890
2530,40.276,570.994,628.903
2531,40.261,571.031,628.916
2532,40.246,571.068,628.928
2533,40.230,571.105,628.941
2534,40.215,571.142,628.954
2535,40.200,571.179,628.967
2536,40.185,571.215,628.979
2537,40.169,571.252,628.992
2538,40.154,571.289,629.005
2539,40.139,571.326,629.018
2540,40.124,571.363,629.030
2541,40.108,571.399,629.043
2542,40.093,571.436,629.056
2543,40.078,571.473,629.069
2544,40.063,571.509,629.081
2545,40.047,571.546,629.094
2546,40.032,571.583,629.106
2547,40.017,571.619,629.120
2548,40.002,571.656,629.132
2549,39.986,571.692,629.145
2550,39.971,571.729,629.157
2551,39.956,571.765,629.170
2552,39.941,571.801,629.182
2553,39.926,571.838,629.196
2554,39.910,571.874,629.208
2555,39.895,571.911,629.221
2556,39.880,571.947,629.233
2557,39.865,571.983,629.246
2558,39.849,572.019,629.258
2559,39.834,572.056,629.271
2560,39.819,572.092,629.283
2561,39.804,572.128,629.296
2562,39.789,572.164,629.309
2563,39.773,572.200,629.322
2564,39.758,572.236,629.334
2565,39.743,572.272,629.347
2566,39.728,572.308,629.359
2567,39.713,572.344,629.372
2568,39.697,572.380,629.384
2569,39.682,572.416,629.397
2570,39.667,572.452,629.409
2571,39.652,572.488,629.422
2572,39.637,572.524,629.434
2573,39.621,572.559,629.447
2574,39.606,572.595,629.459
2575,39.591,572.631,629.472
2576,39.576,572.667,629.484
2577,39.561,572.702,629.497
2578,39.546,572.738,629.509
2579,39.530,572.774,629.522
2580,39.515,572.809,629.534
2581,39.500,572.845,629.547
2582,39.485,572.880,629.559
2583,39.470,572.916,629.572
2584,39.455,572.951,629.584
2585,39.439,572.987,629.597
2586,39.424,573.022,629.609
2587,39.409,573.058,629.622
2588,39.394,573.093,629.634
2589,39.379,573.128,629.647
2590,39.364,573.164,629.659
2591,39.349,573.199,629.671
2592,39.333,573.234,629.683
2593,39.318,573.270,629.696
2594,39.303,573.305,629.708
2595,39.288,573.340,629.721
2596,39.273,573.375,629.733
2597,39.258,573.410,629.746
2598,39.243,573.445,629.758
2599,39.228,573.480,629.770
2600,39.212,573.515,629.782
2601,39.197,573.550,629.795
2602,39.182,573.585,629.807
2603,39.167,573.620,629.820
2604,39.152,573.655,629.832
2605,39.137,573.690,629.844
2606,39.122,573.725,629.856
2607,39.107,573.760,629.869
2608,39.092,573.795,629.881
2609,39.077,573.829,629.894
2610,39.061,573.864,629.906
2611,39.046,573.899,629.918
2612,39.031,573.933,629.930
2613,39.016,573.968,629.943
2614,39.001,574.003,629.955
2615,38.986,574.037,629.967
2616,38.971,574.072,629.979
2617,38.956,574.106,629.992
2618,38.941,574.141,630.004
2619,38.926,574.175,630.016
2620,38.911,574.210,630.028
2621,38.896,574.244,630.041
2622,38.881,574.279,630.052
2623,38.866,574.313,630.065
2624,38.850,574.347,630.077
2625,38.835,574.382,630.089
2626,38.820,574.416,630.101
2627,38.805,574.450,630.114
2628,38.790,574.485,630.126
2629,38.775,574.519,630.138
2630,38.760,574.553,630.150
2631,38.745,574.587,630.162
2632,38.730,574.621,630.174
2633,38.715,574.655,630.187
2634,38.700,574.689,630.198
2635,38.685,574.723,630.211
2636,38.670,574.757,630.223
2637,38.655,574.791,630.235
2638,38.640,574.825,630.247
2639,38.625,574.859,630.259
2640,38.610,574.893,630.271
2641,38.595,574.927,630.284
2642,38.580,574.961,630.295
2643,38.565,574.995,630.308
2644,38.550,575.028,630.319
2645,38.535,575.062,630.332
2646,38.520,575.096,630.343
2647,38.505,575.129,630.356
2648,38.490,575.163,630.367
2649,38.475,575.197,630.380
2650,38.460,575.230,630.392
2651,38.445,575.264,630.404
2652,38.430,575.297,630.416
2653,38.415,575.331,630.428
2654,38.400,575.364,630.440
2655,38.385,575.398,630.452
2656,38.370,575.431,630.463
2657,38.355,575.465,630.476
2658,38.340,575.498,630.487
2659,38.325,575.532,630.500
2660,38.310,575.565,630.511
2661,38.295,575.598,630.524
2662,38.281,575.631,630.535
2663,38.266,575.665,630.548
2664,38.251,575.698,630.559
2665,38.236,575.731,630.572
2666,38.221,575.764,630.583
2667,38.206,575.797,630.595
2668,38.191,575.830,630.607
2669,38.176,575.863,630.619
2670,38.161,575.896,630.631
2671,38.146,575.930,630.643
2672,38.131,575.962,630.654
2673,38.116,575.995,630.667
2674,38.101,576.028,630.678
2675,38.087,576.061,630.690
2676,38.072,576.094,630.702
2677,38.057,576.127,630.714
2678,38.042,576.160,630.725
2679,38.027,576.193,630.738
2680,38.012,576.225,630.749
2681,37.997,576.258,630.761
2682,37.982,576.291,630.773
2683,37.967,576.323,630.785
2684,37.952,576.356,630.796
2685,37.938,576.389,630.809
2686,37.923,576.421,630.820
2687,37.908,576.454,630.832
2688,37.893,576.486,630.843
2689,37.878,576.519,630.856
2690,37.863,576.551,630.867
2691,37.848,576.584,630.879
2692,37.834,576.616,630.890
2693,37.819,576.649,630.903
2694,37.804,576.681,630.914
2695,37.789,576.713,630.926
2696,37.774,576.746,630.937
2697,37.759,576.778,630.949
2698,37.744,576.810,630.961
2699,37.730,576.842,630.973
2700,37.715,576.875,630.984
2701,37.700,576.907,630.996
2702,37.685,576.939,631.007
2703,37.670,576.971,631.020
2704,37.656,577.003,631.031
2705,37.641,577.035,631.043
2706,37.626,577.067,631.054
2707,37.611,577.099,631.066
2708,37.596,577.131,631.077
2709,37.581,577.163,631.089
2710,37.567,577.195,631.101
2711,37.552,577.227,631.113
2712,37.537,577.259,631.124
2713,37.522,577.291,631.136
2714,37.508,577.323,631.147
2715,37.493,577.354,631.159
2716,37.478,577.386,631.170
2717,37.463,577.418,631.182
2718,37.448,577.450,631.193
2719,37.434,577.481,631.205
2720,37.419,577.513,631.216
2721,37.404,577.544,631.228
2722,37.389,577.576,631.239
2723,37.375,577.608,631.251
2724,37.360,577.639,631.263
2725,37.345,577.671,631.275
2726,37.330,577.702,631.286
2727,37.316,577.734,631.298
2728,37.301,577.765,631.309
2729,37.286,577.796,631.321
2730,37.271,577.828,631.332
2731,37.257,577.859,631.343
2732,37.242,577.891,631.354
2733,37.227,577.922,631.366
2734,37.212,577.953,631.377
2735,37.198,577.984,631.389
2736,37.183,578.016,631.400
2737,37.168,578.047,631.412
2738,37.154,578.078,631.423
2739,37.139,578.109,631.435
2740,37.124,578.140,631.446
2741,37.110,578.171,631.458
2742,37.095,578.202,631.469
2743,37.080,578.233,631.481
2744,37.065,578.264,631.492
2745,37.051,578.295,631.503
2746,37.036,578.326,631.514
2747,37.021,578.357,631.526
2748,37.007,578.388,631.537
2749,36.992,578.419,631.549
2750,36.977,578.449,631.560
2751,36.963,578.480,631.572
2752,36.948,578.511,631.582
2753,36.933,578.542,631.594
2754,36.919,578.572,631.605
2755,36.904,578.603,631.617
2756,36.889,578.634,631.628
2757,36.875,578.664,631.639
2758,36.860,578.695,631.650
2759,36.846,578.726,631.662
2760,36.831,578.756,631.673
2761,36.816,578.787,631.684
2762,36.802,578.817,631.695
2763,36.787,578.847,631.707
2764,36.772,578.878,631.718
2765,36.758,578.909,631.730
2766,36.743,578.939,631.740
2767,36.729,578.969,631.752
2768,36.714,579.000,631.763
2769,36.699,579.030,631.774
2770,36.685,579.060,631.785
2771,36.670,579.091,631.797
2772,36.656,579.120,631.808
2773,36.641,579.151,631.819
2774,36.626,579.181,631.830
2775,36.612,579.212,631.841
2776,36.597,579.241,631.852
2777,36.583,579.271,631.864
2778,36.568,579.301,631.875
2779,36.554,579.332,631.886
2780,36.539,579.361,631.897
2781,36.524,579.391,631.909
2782,36.510,579.421,631.919
2783,36.495,579.452,631.931
2784,36.481,579.481,631.942
2785,36.466,579.511,631.953
2786,36.452,579.541,631.964
2787,36.437,579.571,631.975
2788,36.423,579.601,631.986
2789,36.408,579.630,631.997
2790,36.393,579.660,632.008
2791,36.379,579.690,632.019
2792,36.364,579.719,632.030
2793,36.350,579.750,632.042
2794,36.335,579.779,632.052
2795,36.321,579.808,632.063
2796,36.306,579.838,632.074
2797,36.292,579.868,632.086
2798,36.277,579.897,632.097
2799,36.263,579.927,632.108
2800,36.248,579.957,632.119
2801,36.234,579.986,632.130
2802,36.219,580.015,632.141
2803,36.205,580.045,632.152
2804,36.190,580.074,632.163
2805,36.176,580.103,632.173
2806,36.161,580.133,632.184
2807,36.147,580.162,632.196
2808,36.133,580.192,632.206
2809,36.118,580.221,632.217
2810,36.104,580.250,632.228
2811,36.089,580.279,632.240
2812,36.075,580.308,632.250
2813,36.060,580.337,632.261
2814,36.046,580.367,632.272
2815,36.031,580.396,632.283
2816,36.017,580.425,632.294
2817,36.002,580.454,632.305
2818,35.988,580.483,632.316
2819,35.974,580.512,632.327
2820,35.959,580.541,632.337
2821,35.945,580.570,632.348
2822,35.930,580.599,632.359
2823,35.916,580.628,632.370
2824,35.902,580.656,632.381
2825,35.887,580.685,632.391
2826,35.873,580.714,632.402
2827,35.858,580.743,632.413
2828,35.844,580.772,632.424
2829,35.830,580.801,632.435
2830,35.815,580.829,632.446
2831,35.801,580.858,632.457
2832,35.786,580.887,632.467
2833,35.772,580.915,632.478
2834,35.758,580.944,632.489
2835,35.743,580.973,632.500
2836,35.729,581.001,632.510
2837,35.715,581.030,632.521
2838,35.700,581.058,632.532
2839,35.686,581.087,632.543
2840,35.671,581.115,632.553
2841,35.657,581.144,632.564
2842,35.643,581.172,632.575
2843,35.628,581.200,632.586
2844,35.614,581.229,632.596
2845,35.600,581.257,632.607
2846,35.585,581.285,632.618
2847,35.571,581.314,632.629
2848,35.557,581.342,632.639
2849,35.542,581.370,632.649
2850,35.528,581.398,632.660
2851,35.514,581.427,632.671
2852,35.500,581.455,632.682
2853,35.485,581.483,632.692
2854,35.471,581.511,632.703
2855,35.457,581.539,632.713
2856,35.442,581.567,632.724
2857,35.428,581.595,632.735
2858,35.414,581.623,632.746
2859,35.399,581.651,632.756
2860,35.385,581.679,632.767
2861,35.371,581.707,632.778
2862,35.357,581.735,632.788
2863,35.342,581.763,632.798
2864,35.328,581.791,632.809
2865,35.314,581.819,632.819
2866,35.300,581.847,632.830
2867,35.285,581.874,632.841
2868,35.271,581.902,632.851
2869,35.257,581.930,632.861
2870,35.243,581.958,632.872
2871,35.228,581.985,632.882
2872,35.214,582.013,632.893
2873,35.200,582.041,632.904
2874,35.186,582.068,632.914
2875,35.171,582.096,632.924
2876,35.157,582.123,632.935
2877,35.143,582.151,632.946
2878,35.129,582.179,632.956
2879,35.115,582.206,632.966
2880,35.100,582.234,632.977
2881,35.086,582.261,632.987
2882,35.072,582.288,632.998
2883,35.058,582.316,633.009
2884,35.044,582.343,633.019
2885,35.029,582.371,633.029
2886,35.015,582.398,633.040
2887,35.001,582.425,633.050
2888,34.987,582.452,633.061
2889,34.973,582.480,633.072
2890,34.959,582.507,633.082
2891,34.944,582.534,633.092
2892,34.930,582.561,633.102
2893,34.916,582.588,633.112
2894,34.902,582.616,633.123
2895,34.888,582.643,633.134
2896,34.874,582.670,633.144
2897,34.860,582.697,633.154
2898,34.845,582.724,633.165
2899,34.831,582.751,633.175
2900,34.817,582.778,633.185
2901,34.803,582.805,633.196
2902,34.789,582.832,633.206
2903,34.775,582.859,633.216
2904,34.761,582.886,633.226
2905,34.747,582.913,633.236
2906,34.732,582.939,633.247
2907,34.718,582.966,633.257
2908,34.704,582.993,633.268
2909,34.690,583.020,633.278
2910,34.676,583.047,633.288
2911,34.662,583.073,633.298
2912,34.648,583.100,633.309
2913,34.634,583.127,633.319
2914,34.620,583.153,633.329
2915,34.606,583.180,633.340
2916,34.592,583.207,633.350
2917,34.578,583.233,633.360
2918,34.563,583.260,633.370
2919,34.549,583.286,633.380
2920,34.535,583.313,633.390
2921,34.521,583.339,633.400
2922,34.507,583.366,633.411
2923,34.493,583.392,633.422
2924,34.479,583.419,633.432
2925,34.465,583.445,633.442
2926,34.451,583.471,633.452
2927,34.437,583.498,633.462
2928,34.423,583.524,633.472
2929,34.409,583.550,633.482
2930,34.395,583.577,633.492
2931,34.381,583.603,633.502
2932,34.367,583.629,633.512
2933,34.353,583.655,633.523
2934,34.339,583.681,633.533
2935,34.325,583.708,633.543
2936,34.311,583.734,633.553
2937,34.297,583.760,633.563
2938,34.283,583.786,633.573
2939,34.269,583.812,633.583
2940,34.255,583.838,633.593
2941,34.241,583.864,633.603
2942,34.227,583.890,633.614
2943,34.213,583.916,633.624
2944,34.199,583.942,633.634
2945,34.185,583.968,633.644
2946,34.171,583.994,633.654
2947,34.157,584.020,633.663
2948,34.143,584.046,633.673
2949,34.130,584.071,633.683
2950,34.116,584.097,633.694
2951,34.102,584.123,633.704
2952,34.088,584.149,633.714
2953,34.074,584.175,633.724
2954,34.060,584.200,633.733
2955,34.046,584.226,633.744
2956,34.032,584.252,633.754
2957,34.018,584.277,633.764
2958,34.004,584.303,633.774
2959,33.990,584.329,633.784
2960,33.976,584.354,633.793
2961,33.963,584.380,633.803
2962,33.949,584.405,633.813
2963,33.935,584.431,633.823
2964,33.921,584.456,633.833
2965,33.907,584.482,633.843
2966,33.893,584.507,633.853
2967,33.879,584.533,633.863
2968,33.865,584.558,633.873
2969,33.852,584.583,633.883
2970,33.838,584.609,633.893
2971,33.824,584.634,633.903
2972,33.810,584.659,633.913
2973,33.796,584.685,633.923
2974,33.782,584.710,633.933
2975,33.768,584.735,633.942
2976,33.755,584.760,633.952
2977,33.741,584.786,633.962
2978,33.727,584.811,633.971
2979,33.713,584.836,633.981
2980,33.699,584.861,633.991
2981,33.685,584.886,634.001
2982,33.672,584.911,634.010
2983,33.658,584.936,634.020
2984,33.644,584.961,634.030
2985,33.630,584.987,634.040
2986,33.616,585.012,634.050
2987,33.603,585.037,634.060
2988,33.589,585.061,634.069
2989,33.575,585.086,634.079
2990,33.561,585.111,634.090
2991,33.548,585.136,634.099
2992,33.534,585.161,634.108
2993,33.520,585.186,634.119
2994,33.506,585.211,634.129
2995,33.492,585.236,634.138
2996,33.479,585.260,634.148
2997,33.465,585.285,634.157
2998,33.451,585.310,634.167
2999,33.437,585.335,634.177
3000,33.424,585.359,634.187
3001,33.410,585.384,634.196
3002,33.396,585.409,634.206
3003,33.383,585.433,634.216
3004,33.369,585.458,634.226
3005,33.355,585.483,634.235
3006,33.341,585.507,634.245
3007,33.328,585.532,634.254
3008,33.314,585.556,634.264
3009,33.300,585.581,634.274
3010,33.287,585.605,634.284
3011,33.273,585.630,634.293
3012,33.259,585.654,634.303
3013,33.245,585.678,634.312
3014,33.232,585.703,634.322
3015,33.218,585.727,634.331
3016,33.204,585.752,634.341
3017,33.191,585.776,634.350
3018,33.177,585.800,634.360
3019,33.163,585.825,634.370
3020,33.150,585.849,634.380
3021,33.136,585.873,634.389
3022,33.122,585.897,634.399
3023,33.109,585.922,634.408
3024,33.095,585.946,634.418
3025,33.082,585.970,634.427
3026,33.068,585.994,634.437
3027,33.054,586.018,634.446
3028,33.041,586.042,634.456
3029,33.027,586.066,634.465
3030,33.013,586.090,634.475
3031,33.000,586.114,634.484
3032,32.986,586.138,634.494
3033,32.973,586.162,634.503
3034,32.959,586.186,634.512
3035,32.945,586.210,634.522
3036,32.932,586.234,634.531
3037,32.918,586.258,634.541
3038,32.905,586.282,634.550
3039,32.891,586.306,634.560
3040,32.877,586.330,634.569
3041,32.864,586.354,634.579
3042,32.850,586.378,634.588
3043,32.837,586.401,634.598
3044,32.823,586.425,634.607
3045,32.810,586.449,634.616
3046,32.796,586.473,634.626
3047,32.782,586.496,634.635
3048,32.769,586.520,634.644
3049,32.755,586.544,634.654
3050,32.742,586.567,634.663
3051,32.728,586.591,634.673
3052,32.715,586.615,634.683
3053,32.701,586.638,634.692
3054,32.688,586.662,634.701
3055,32.674,586.685,634.710
3056,32.661,586.709,634.720
3057,32.647,586.732,634.729
3058,32.634,586.756,634.739
3059,32.620,586.779,634.748
3060,32.607,586.803,634.757
3061,32.593,586.826,634.767
3062,32.580,586.850,634.776
3063,32.566,586.873,634.785
3064,32.553,586.896,634.794
3065,32.539,586.920,634.804
3066,32.526,586.943,634.813
3067,32.512,586.966,634.822
3068,32.499,586.990,634.832
3069,32.485,587.013,634.841
3070,32.472,587.036,634.851
3071,32.458,587.059,634.860
3072,32.445,587.082,634.869
3073,32.432,587.106,634.878
3074,32.418,587.129,634.887
3075,32.405,587.152,634.897
3076,32.391,587.175,634.906
3077,32.378,587.198,634.915
3078,32.364,587.221,634.924
3079,32.351,587.244,634.934
3080,32.338,587.267,634.943
3081,32.324,587.290,634.952
3082,32.311,587.313,634.962
3083,32.297,587.336,634.971
3084,32.284,587.359,634.980
3085,32.271,587.382,634.989
3086,32.257,587.405,634.998
3087,32.244,587.428,635.007
3088,32.230,587.451,635.016
3089,32.217,587.474,635.026
3090,32.204,587.497,635.034
3091,32.190,587.520,635.044
3092,32.177,587.543,635.053
3093,32.164,587.565,635.062
3094,32.150,587.588,635.072
3095,32.137,587.611,635.081
3096,32.124,587.634,635.090
3097,32.110,587.656,635.099
3098,32.097,587.679,635.108
3099,32.083,587.702,635.117
3100,32.070,587.724,635.126
3101,32.057,587.747,635.135
3102,32.043,587.770,635.144
3103,32.030,587.792,635.154
3104,32.017,587.815,635.163
3105,32.004,587.837,635.172
3106,31.990,587.860,635.180
3107,31.977,587.883,635.190
3108,31.964,587.905,635.199
3109,31.950,587.928,635.208
3110,31.937,587.950,635.217
3111,31.924,587.973,635.226
3112,31.910,587.995,635.235
3113,31.897,588.017,635.244
3114,31.884,588.040,635.253
3115,31.871,588.062,635.262
3116,31.857,588.085,635.271
3117,31.844,588.107,635.280
3118,31.831,588.129,635.289
3119,31.818,588.152,635.298
3120,31.804,588.174,635.307
3121,31.791,588.196,635.316
3122,31.778,588.218,635.325
3123,31.765,588.241,635.334
3124,31.751,588.263,635.343
3125,31.738,588.285,635.352
3126,31.725,588.307,635.361
3127,31.712,588.329,635.370
3128,31.699,588.351,635.379
3129,31.685,588.374,635.388
3130,31.672,588.396,635.397
3131,31.659,588.418,635.406
3132,31.646,588.440,635.415
3133,31.633,588.462,635.424
3134,31.619,588.484,635.433
3135,31.606,588.506,635.442
3136,31.593,588.528,635.451
3137,31.580,588.550,635.460
3138,31.567,588.572,635.468
3139,31.553,588.594,635.477
3140,31.540,588.616,635.486
3141,31.527,588.638,635.495
3142,31.514,588.660,635.504
3143,31.501,588.681,635.513
3144,31.488,588.703,635.521
3145,31.475,588.725,635.531
3146,31.461,588.747,635.539
3147,31.448,588.769,635.548
3148,31.435,588.791,635.557
3149,31.422,588.812,635.566
3150,31.409,588.834,635.575
3151,31.396,588.856,635.584
3152,31.383,588.878,635.592
3153,31.370,588.899,635.601
3154,31.356,588.921,635.610
3155,31.343,588.943,635.619
3156,31.330,588.964,635.627
3157,31.317,588.986,635.637
3158,31.304,589.007,635.645
3159,31.291,589.029,635.654
3160,31.278,589.051,635.663
3161,31.265,589.072,635.672
3162,31.252,589.094,635.680
3163,31.239,589.115,635.689
3164,31.226,589.137,635.698
3165,31.213,589.158,635.707
3166,31.200,589.180,635.715
3167,31.187,589.201,635.724
3168,31.173,589.223,635.733
3169,31.160,589.244,635.742
3170,31.147,589.265,635.750
3171,31.134,589.287,635.759
3172,31.121,589.308,635.768
3173,31.108,589.330,635.777
3174,31.095,589.351,635.785
3175,31.082,589.372,635.794
3176,31.069,589.394,635.803
3177,31.056,589.415,635.812
3178,31.043,589.436,635.820
3179,31.030,589.457,635.829
3180,31.017,589.479,635.837
3181,31.004,589.500,635.846
3182,30.991,589.521,635.855
3183,30.978,589.542,635.864
3184,30.965,589.563,635.872
3185,30.952,589.585,635.881
3186,30.939,589.606,635.889
3187,30.926,589.627,635.898
3188,30.914,589.648,635.907
3189,30.901,589.669,635.916
3190,30.888,589.690,635.924
3191,30.875,589.711,635.933
3192,30.862,589.732,635.941
3193,30.849,589.753,635.950
3194,30.836,589.774,635.958
3195,30.823,589.795,635.967
3196,30.810,589.816,635.976
3197,30.797,589.837,635.985
3198,30.784,589.858,635.993
3199,30.771,589.879,636.002
3200,30.758,589.900,636.010
3201,30.745,589.921,636.019
3202,30.733,589.942,636.027
3203,30.720,589.963,636.036
3204,30.707,589.983,636.044
3205,30.694,590.004,636.053
3206,30.681,590.025,636.061
3207,30.668,590.046,636.070
3208,30.655,590.067,636.078
3209,30.642,590.087,636.087
3210,30.630,590.108,636.096
3211,30.617,590.129,636.104
3212,30.604,590.150,636.113
3213,30.591,590.170,636.121
3214,30.578,590.191,636.130
3215,30.565,590.212,636.139
3216,30.553,590.232,636.147
3217,30.540,590.253,636.156
3218,30.527,590.273,636.164
3219,30.514,590.294,636.172
3220,30.501,590.315,636.181
3221,30.488,590.335,636.189
3222,30.476,590.356,636.198
3223,30.463,590.376,636.206
3224,30.450,590.397,636.215
3225,30.437,590.417,636.223
3226,30.424,590.438,636.231
3227,30.412,590.458,636.240
3228,30.399,590.479,636.248
3229,30.386,590.499,636.257
3230,30.373,590.520,636.265
3231,30.361,590.540,636.274
3232,30.348,590.561,636.282
3233,30.335,590.581,636.291
3234,30.322,590.601,636.299
3235,30.310,590.622,636.308
3236,30.297,590.642,636.316
3237,30.284,590.662,636.325
3238,30.271,590.683,636.333
3239,30.259,590.703,636.341
3240,30.246,590.723,636.349
3241,30.233,590.744,636.358
3242,30.220,590.764,636.366
3243,30.208,590.784,636.375
3244,30.195,590.804,636.383
3245,30.182,590.824,636.392
3246,30.170,590.845,636.400
3247,30.157,590.865,636.408
3248,30.144,590.885,636.416
3249,30.132,590.905,636.425
3250,30.119,590.925,636.433
3251,30.106,590.945,636.442
3252,30.094,590.966,636.450
3253,30.081,590.986,636.458
3254,30.068,591.006,636.466
3255,30.056,591.026,636.475
3256,30.043,591.046,636.483
3257,30.030,591.066,636.492
3258,30.018,591.086,636.500
3259,30.005,591.106,636.508
3260,29.992,591.126,636.516
3261,29.980,591.146,636.525
3262,29.967,591.166,636.533
3263,29.954,591.186,636.541
3264,29.942,591.206,636.549
3265,29.929,591.226,636.558
3266,29.917,591.246,636.566
3267,29.904,591.265,636.574
3268,29.891,591.285,636.582
3269,29.879,591.305,636.591
3270,29.866,591.325,636.599
3271,29.854,591.345,636.607
3272,29.841,591.365,636.615
3273,29.829,591.384,636.624
3274,29.816,591.404,636.632
3275,29.803,591.424,636.640
3276,29.791,591.444,636.648
3277,29.778,591.464,636.657
3278,29.766,591.483,636.665
3279,29.753,591.503,636.673
3280,29.741,591.523,636.681
3281,29.728,591.542,636.690
3282,29.716,591.562,636.698
3283,29.703,591.582,636.706
3284,29.690,591.601,636.714
3285,29.678,591.621,636.722
3286,29.665,591.641,636.730
3287,29.653,591.660,636.739
3288,29.640,591.680,636.747
3289,29.628,591.699,636.755
3290,29.615,591.719,636.763
3291,29.603,591.739,636.771
3292,29.590,591.758,636.779
3293,29.578,591.778,636.788
3294,29.566,591.797,636.796
3295,29.553,591.817,636.804
3296,29.541,591.836,636.812
3297,29.528,591.856,636.820
3298,29.516,591.875,636.828
3299,29.503,591.895,636.837
3300,29.491,591.914,636.844
3301,29.478,591.933,636.853
3302,29.466,591.953,636.861
3303,29.453,591.972,636.869
3304,29.441,591.992,636.877
3305,29.429,592.011,636.885
3306,29.416,592.030,636.893
3307,29.404,592.050,636.901
3308,29.391,592.069,636.909
3309,29.379,592.088,636.917
3310,29.366,592.108,636.925
3311,29.354,592.127,636.934
3312,29.342,592.146,636.941
3313,29.329,592.166,636.950
3314,29.317,592.185,636.957
3315,29.305,592.204,636.966
3316,29.292,592.223,636.974
3317,29.280,592.242,636.982
3318,29.267,592.262,636.990
3319,29.255,592.281,636.998
3320,29.243,592.300,637.006
3321,29.230,592.319,637.014
3322,29.218,592.338,637.022
3323,29.206,592.358,637.030
3324,29.193,592.377,637.038
3325,29.181,592.396,637.046
3326,29.169,592.415,637.054
3327,29.156,592.434,637.062
3328,29.144,592.453,637.070
3329,29.132,592.472,637.078
3330,29.119,592.491,637.086
3331,29.107,592.510,637.094
3332,29.095,592.529,637.102
3333,29.083,592.548,637.110
3334,29.070,592.567,637.118
3335,29.058,592.586,637.126
3336,29.046,592.605,637.134
3337,29.033,592.624,637.142
3338,29.021,592.643,637.150
3339,29.009,592.662,637.158
3340,28.997,592.681,637.165
3341,28.984,592.700,637.174
3342,28.972,592.719,637.181
3343,28.960,592.738,637.190
3344,28.948,592.757,637.197
3345,28.935,592.776,637.205
3346,28.923,592.794,637.213
3347,28.911,592.813,637.221
3348,28.899,592.832,637.229
3349,28.886,592.851,637.237
3350,28.874,592.870,637.245
3351,28.862,592.888,637.253
3352,28.850,592.907,637.260
3353,28.838,592.926,637.269
3354,28.825,592.945,637.276
3355,28.813,592.964,637.284
3356,28.801,592.982,637.292
3357,28.789,593.001,637.300
3358,28.777,593.020,637.308
3359,28.765,593.038,637.316
3360,28.752,593.057,637.324
3361,28.740,593.076,637.332
3362,28.728,593.095,637.339
3363,28.716,593.113,637.347
3364,28.704,593.132,637.355
3365,28.692,593.150,637.363
3366,28.680,593.169,637.371
3367,28.667,593.188,637.379
3368,28.655,593.206,637.386
3369,28.643,593.225,637.394
3370,28.631,593.243,637.402
3371,28.619,593.262,637.410
3372,28.607,593.281,637.418
3373,28.595,593.299,637.426
3374,28.583,593.318,637.433
3375,28.571,593.336,637.441
3376,28.558,593.355,637.449
3377,28.546,593.373,637.457
3378,28.534,593.392,637.464
3379,28.522,593.410,637.473
3380,28.510,593.429,637.480
3381,28.498,593.447,637.488
3382,28.486,593.466,637.496
3383,28.474,593.484,637.504
3384,28.462,593.502,637.511
3385,28.450,593.521,637.519
3386,28.438,593.539,637.527
3387,28.426,593.558,637.535
3388,28.414,593.576,637.542
3389,28.402,593.594,637.550
3390,28.390,593.613,637.558
3391,28.378,593.631,637.566
3392,28.366,593.650,637.573
3393,28.354,593.668,637.581
3394,28.342,593.686,637.589
3395,28.330,593.704,637.597
3396,28.318,593.723,637.604
3397,28.306,593.741,637.612
3398,28.294,593.759,637.619
3399,28.282,593.778,637.627
3400,28.270,593.796,637.635
3401,28.258,593.814,637.643
3402,28.246,593.832,637.650
3403,28.234,593.851,637.658
3404,28.222,593.869,637.666
3405,28.210,593.887,637.674
3406,28.198,593.905,637.681
3407,28.186,593.923,637.689
3408,28.174,593.942,637.696
3409,28.162,593.960,637.704
3410,28.150,593.978,637.712
3411,28.139,593.996,637.720
3412,28.127,594.014,637.727
3413,28.115,594.032,637.735
3414,28.103,594.050,637.742
3415,28.091,594.069,637.750
3416,28.079,594.087,637.758
3417,28.067,594.105,637.766
3418,28.055,594.123,637.773
3419,28.043,594.141,637.781
3420,28.032,594.159,637.788
3421,28.020,594.177,637.796
3422,28.008,594.195,637.804
3423,27.996,594.213,637.811
3424,27.984,594.231,637.819
3425,27.972,594.249,637.827
3426,27.960,594.267,637.834
3427,27.949,594.285,637.842
3428,27.937,594.303,637.849
3429,27.925,594.321,637.857
3430,27.913,594.339,637.864
3431,27.901,594.357,637.872
3432,27.890,594.375,637.880
3433,27.878,594.393,637.887
3434,27.866,594.411,637.895
3435,27.854,594.429,637.903
3436,27.842,594.447,637.910
3437,27.831,594.464,637.918
3438,27.819,594.482,637.925
3439,27.807,594.500,637.933
3440,27.795,594.518,637.940
3441,27.784,594.536,637.948
3442,27.772,594.554,637.955
3443,27.760,594.572,637.963
3444,27.748,594.589,637.970
3445,27.737,594.607,637.978
3446,27.725,594.625,637.985
3447,27.713,594.643,637.993
3448,27.701,594.661,638.001
3449,27.690,594.678,638.008
3450,27.678,594.696,638.016
3451,27.666,594.714,638.023
3452,27.655,594.732,638.031
3453,27.643,594.749,638.038
3454,27.631,594.767,638.046
3455,27.619,594.785,638.053
3456,27.608,594.803,638.061
3457,27.596,594.820,638.068
3458,27.584,594.838,638.076
3459,27.573,594.856,638.083
3460,27.561,594.873,638.091
3461,27.549,594.891,638.098
3462,27.538,594.909,638.106
3463,27.526,594.926,638.113
3464,27.514,594.944,638.121
3465,27.503,594.962,638.128
3466,27.491,594.979,638.135
3467,27.480,594.997,638.143
3468,27.468,595.015,638.150
3469,27.456,595.032,638.158
3470,27.445,595.050,638.165
3471,27.433,595.067,638.173
3472,27.422,595.085,638.180
3473,27.410,595.103,638.188
3474,27.398,595.120,638.195
3475,27.387,595.138,638.203
3476,27.375,595.155,638.210
3477,27.364,595.173,638.218
3478,27.352,595.190,638.225
3479,27.340,595.208,638.233
3480,27.329,595.225,638.240
3481,27.317,595.243,638.247
3482,27.306,595.260,638.255
3483,27.294,595.278,638.262
3484,27.283,595.295,638.269
3485,27.271,595.313,638.277
3486,27.260,595.330,638.284
3487,27.248,595.348,638.292
3488,27.237,595.365,638.299
3489,27.225,595.383,638.307
3490,27.214,595.400,638.314
3491,27.202,595.418,638.321
3492,27.191,595.435,638.328
3493,27.179,595.452,638.336
3494,27.168,595.470,638.343
3495,27.156,595.487,638.351
3496,27.145,595.505,638.358
3497,27.133,595.522,638.366
3498,27.122,595.539,638.373
3499,27.110,595.557,638.380
3500,27.099,595.574,638.387
3501,27.087,595.591,638.395
3502,27.076,595.609,638.402
3503,27.064,595.626,638.410
3504,27.053,595.643,638.417
3505,27.042,595.661,638.424
3506,27.030,595.678,638.431
3507,27.019,595.695,638.439
3508,27.007,595.713,638.446
3509,26.996,595.730,638.454
3510,26.985,595.747,638.461
3511,26.973,595.765,638.468
3512,26.962,595.782,638.475
3513,26.950,595.799,638.483
3514,26.939,595.816,638.490
3515,26.928,595.834,638.498
3516,26.916,595.851,638.505
3517,26.905,595.868,638.512
3518,26.894,595.885,638.519
3519,26.882,595.903,638.527
3520,26.871,595.920,638.534
3521,26.859,595.937,638.541
3522,26.848,595.954,638.548
3523,26.837,595.971,638.556
3524,26.825,595.989,638.563
3525,26.814,596.006,638.571
3526,26.803,596.023,638.578
3527,26.792,596.040,638.585
3528,26.780,596.057,638.592
3529,26.769,596.074,638.600
3530,26.758,596.092,638.607
3531,26.746,596.109,638.614
3532,26.735,596.126,638.621
3533,26.724,596.143,638.629
3534,26.713,596.160,638.636
3535,26.701,596.177,638.643
3536,26.690,596.194,638.650
3537,26.679,596.211,638.658
3538,26.667,596.228,638.665
3539,26.656,596.246,638.672
3540,26.645,596.263,638.679
3541,26.634,596.280,638.687
3542,26.623,596.297,638.693
3543,26.611,596.314,638.701
3544,26.600,596.331,638.708
3545,26.589,596.348,638.715
3546,26.578,596.365,638.722
3547,26.566,596.382,638.730
3548,26.555,596.399,638.737
3549,26.544,596.416,638.744
3550,26.533,596.433,638.751
3551,26.522,596.450,638.759
3552,26.511,596.467,638.765
3553,26.499,596.484,638.773
3554,26.488,596.501,638.780
3555,26.477,596.518,638.787
3556,26.466,596.535,638.794
3557,26.455,596.552,638.802
3558,26.444,596.569,638.809
3559,26.432,596.586,638.816
3560,26.421,596.603,638.823
3561,26.410,596.620,638.830
3562,26.399,596.637,638.837
3563,26.388,596.654,638.845
3564,26.377,596.671,638.852
3565,26.366,596.688,638.859
3566,26.355,596.704,638.866
3567,26.344,596.721,638.873
3568,26.332,596.738,638.880
3569,26.321,596.755,638.888
3570,26.310,596.772,638.894
3571,26.299,596.789,638.902
3572,26.288,596.806,638.909
3573,26.277,596.823,638.916
3574,26.266,596.840,638.923
3575,26.255,596.856,638.930
3576,26.244,596.873,638.937
3577,26.233,596.890,638.945
3578,26.222,596.907,638.951
3579,26.211,596.924,638.959
3580,26.200,596.941,638.966
3581,26.189,596.958,638.973
3582,26.178,596.974,638.980
3583,26.167,596.991,638.987
3584,26.156,597.008,638.994
3585,26.145,597.025,639.001
3586,26.134,597.042,639.008
3587,26.123,597.058,639.016
3588,26.112,597.075,639.022
3589,26.101,597.092,639.030
3590,26.090,597.109,639.037
3591,26.079,597.126,639.044
3592,26.068,597.142,639.051
3593,26.057,597.159,639.058
3594,26.046,597.176,639.065
3595,26.035,597.193,639.072
3596,26.024,597.209,639.079
3597,26.013,597.226,639.086
3598,26.002,597.243,639.093
3599,25.992,597.260,639.100
3600,25.981,597.276,639.107
3601,25.970,597.293,639.115
3602,25.959,597.310,639.121
3603,25.948,597.327,639.129
3604,25.937,597.343,639.135
3605,25.926,597.360,639.143
3606,25.915,597.377,639.149
3607,25.904,597.393,639.157
3608,25.894,597.410,639.163
3609,25.883,597.427,639.171
3610,25.872,597.443,639.178
3611,25.861,597.460,639.185
3612,25.850,597.477,639.192
3613,25.839,597.493,639.199
3614,25.828,597.510,639.206
3615,25.818,597.527,639.213
3616,25.807,597.543,639.220
3617,25.796,597.560,639.227
3618,25.785,597.577,639.234
3619,25.774,597.593,639.241
3620,25.764,597.610,639.248
3621,25.753,597.627,639.255
3622,25.742,597.643,639.262
3623,25.731,597.660,639.269
3624,25.720,597.676,639.276
3625,25.710,597.693,639.283
3626,25.699,597.710,639.290
3627,25.688,597.726,639.297
3628,25.677,597.743,639.303
3629,25.667,597.760,639.311
3630,25.656,597.776,639.317
3631,25.645,597.793,639.325
3632,25.634,597.809,639.331
3633,25.624,597.826,639.339
3634,25.613,597.842,639.345
3635,25.602,597.859,639.353
3636,25.592,597.876,639.359
3637,25.581,597.892,639.366
3638,25.570,597.909,639.373
3639,25.560,597.925,639.380
3640,25.549,597.942,639.387
3641,25.538,597.958,639.394
3642,25.527,597.975,639.401
3643,25.517,597.991,639.408
3644,25.506,598.008,639.415
3645,25.496,598.025,639.422
3646,25.485,598.041,639.429
3647,25.474,598.058,639.436
3648,25.464,598.074,639.442
3649,25.453,598.091,639.450
3650,25.442,598.107,639.456
3651,25.432,598.124,639.463
3652,25.421,598.140,639.470
3653,25.410,598.157,639.477
3654,25.400,598.173,639.484
3655,25.389,598.190,639.491
3656,25.379,598.206,639.498
3657,25.368,598.223,639.505
3658,25.358,598.239,639.511
3659,25.347,598.256,639.519
3660,25.336,598.272,639.525
3661,25.326,598.289,639.532
3662,25.315,598.305,639.539
3663,25.305,598.321,639.546
3664,25.294,598.338,639.553
3665,25.284,598.354,639.560
3666,25.273,598.371,639.567
3667,25.263,598.387,639.574
3668,25.252,598.404,639.580
3669,25.242,598.420,639.587
3670,25.231,598.437,639.594
3671,25.221,598.453,639.601
3672,25.210,598.469,639.608
3673,25.200,598.486,639.615
3674,25.189,598.502,639.621
3675,25.179,598.519,639.629
3676,25.168,598.535,639.635
3677,25.158,598.552,639.642
3678,25.147,598.568,639.649
3679,25.137,598.584,639.656
3680,25.126,598.601,639.663
3681,25.116,598.617,639.670
3682,25.105,598.634,639.676
3683,25.095,598.650,639.683
3684,25.085,598.666,639.690
3685,25.074,598.683,639.697
3686,25.064,598.699,639.704
3687,25.053,598.716,639.711
3688,25.043,598.732,639.717
3689,25.032,598.748,639.724
3690,25.022,598.765,639.731
3691,25.012,598.781,639.738
3692,25.001,598.798,639.744
3693,24.991,598.814,639.752
3694,24.981,598.830,639.758
3695,24.970,598.847,639.765
3696,24.960,598.863,639.772
3697,24.949,598.879,639.779
3698,24.939,598.896,639.785
3699,24.929,598.912,639.792
3700,24.918,598.928,639.799
3701,24.908,598.945,639.806
3702,24.898,598.961,639.812
3703,24.887,598.978,639.819
3704,24.877,598.994,639.826
3705,24.867,599.010,639.833
3706,24.857,599.027,639.840
3707,24.846,599.043,639.847
3708,24.836,599.059,639.853
3709,24.826,599.076,639.860
3710,24.815,599.092,639.867
3711,24.805,599.108,639.874
3712,24.795,599.125,639.880
3713,24.785,599.141,639.887
3714,24.774,599.157,639.894
3715,24.764,599.174,639.901
3716,24.754,599.190,639.907
3717,24.744,599.206,639.914
3718,24.733,599.222,639.921
3719,24.723,599.239,639.928
3720,24.713,599.255,639.934
3721,24.703,599.271,639.941
3722,24.693,599.288,639.948
3723,24.682,599.304,639.955
3724,24.672,599.320,639.961
3725,24.662,599.337,639.968
3726,24.652,599.353,639.975
3727,24.642,599.369,639.982
3728,24.632,599.385,639.988
3729,24.621,599.402,639.995
3730,24.611,599.418,640.001
3731,24.601,599.434,640.008
3732,24.591,599.451,640.015
3733,24.581,599.467,640.022
3734,24.571,599.483,640.028
3735,24.561,599.499,640.035
3736,24.550,599.516,640.042
3737,24.540,599.532,640.049
3738,24.530,599.548,640.055
3739,24.520,599.565,640.062
3740,24.510,599.581,640.069
3741,24.500,599.597,640.076
3742,24.490,599.613,640.082
3743,24.480,599.630,640.089
3744,24.470,599.646,640.095
3745,24.460,599.662,640.102
3746,24.450,599.678,640.109
3747,24.440,599.695,640.116
3748,24.429,599.711,640.122
3749,24.419,599.727,640.129
3750,24.409,599.743,640.135
3751,24.399,599.760,640.142
3752,24.389,599.776,640.149
3753,24.379,599.792,640.156
3754,24.369,599.808,640.162
3755,24.359,599.825,640.169
3756,24.349,599.841,640.175
3757,24.339,599.857,640.182
3758,24.329,599.873,640.189
3759,24.319,599.890,640.196
3760,24.309,599.906,640.202
3761,24.299,599.922,640.209
3762,24.289,599.938,640.215
3763,24.280,599.955,640.222
3764,24.270,599.971,640.229
3765,24.260,599.987,640.236
3766,24.250,600.003,640.242
3767,24.240,600.020,640.249
3768,24.230,600.036,640.255
3769,24.220,600.052,640.262
3770,24.210,600.068,640.268
3771,24.200,600.085,640.275
3772,24.190,600.101,640.282
3773,24.180,600.117,640.289
3774,24.170,600.133,640.295
3775,24.161,600.149,640.302
3776,24.151,600.166,640.308
3777,24.141,600.182,640.315
3778,24.131,600.198,640.321
3779,24.121,600.214,640.328
3780,24.111,600.231,640.335
3781,24.101,600.247,640.342
3782,24.092,600.263,640.348
3783,24.082,600.279,640.355
3784,24.072,600.295,640.361
3785,24.062,600.312,640.368
3786,24.052,600.328,640.374
3787,24.042,600.344,640.381
3788,24.033,600.360,640.388
3789,24.023,600.377,640.394
3790,24.013,600.393,640.401
3791,24.003,600.409,640.408
3792,23.994,600.425,640.414
3793,23.984,600.441,640.421
3794,23.974,600.458,640.427
3795,23.964,600.474,640.434
3796,23.954,600.490,640.440
3797,23.945,600.506,640.447
3798,23.935,600.522,640.453
3799,23.925,600.539,640.460
3800,23.916,600.555,640.466
3801,23.906,600.571,640.473
3802,23.896,600.587,640.480
3803,23.886,600.604,640.486
3804,23.877,600.620,640.493
3805,23.867,600.636,640.500
3806,23.857,600.652,640.506
3807,23.848,600.668,640.513
3808,23.838,600.685,640.519
3809,23.828,600.701,640.526
3810,23.819,600.717,640.532
3811,23.809,600.733,640.539
3812,23.799,600.749,640.545
3813,23.790,600.766,640.552
3814,23.780,600.782,640.558
3815,23.770,600.798,640.565
3816,23.761,600.814,640.571
3817,23.751,600.830,640.578
3818,23.742,600.847,640.584
3819,23.732,600.863,640.591
3820,23.722,600.879,640.597
3821,23.713,600.895,640.604
3822,23.703,600.912,640.611
3823,23.694,600.928,640.617
3824,23.684,600.944,640.624
3825,23.674,600.960,640.630
3826,23.665,600.976,640.637
3827,23.655,600.993,640.643
3828,23.646,601.009,640.650
3829,23.636,601.025,640.656
3830,23.627,601.041,640.663
3831,23.617,601.057,640.669
3832,23.608,601.074,640.676
3833,23.598,601.090,640.682
3834,23.589,601.106,640.689
3835,23.579,601.122,640.695
3836,23.570,601.138,640.702
3837,23.560,601.155,640.708
3838,23.551,601.171,640.715
3839,23.541,601.187,640.721
3840,23.532,601.203,640.728
3841,23.522,601.220,640.734
3842,23.513,601.236,640.741
3843,23.503,601.252,640.747
3844,23.494,601.268,640.754
3845,23.484,601.284,640.760
3846,23.475,601.301,640.767
3847,23.465,601.317,640.773
3848,23.456,601.333,640.780
3849,23.447,601.349,640.786
3850,23.437,601.366,640.793
3851,23.428,601.382,640.799
3852,23.418,601.398,640.805
3853,23.409,601.414,640.812
3854,23.400,601.430,640.818
3855,23.390,601.447,640.825
3856,23.381,601.463,640.831
3857,23.371,601.479,640.838
3858,23.362,601.495,640.844
3859,23.353,601.512,640.851
3860,23.343,601.528,640.857
3861,23.334,601.544,640.864
3862,23.325,601.560,640.870
3863,23.315,601.577,640.877
3864,23.306,601.593,640.883
3865,23.297,601.609,640.890
3866,23.287,601.625,640.896
3867,23.278,601.642,640.903
3868,23.269,601.658,640.909
3869,23.260,601.674,640.915
3870,23.250,601.690,640.922
3871,23.241,601.706,640.928
3872,23.232,601.723,640.934
3873,23.222,601.739,640.941
3874,23.213,601.755,640.947
3875,23.204,601.771,640.954
3876,23.195,601.788,640.960
3877,23.185,601.804,640.967
3878,23.176,601.820,640.973
3879,23.167,601.837,640.980
3880,23.158,601.853,640.986
3881,23.149,601.869,640.993
3882,23.139,601.885,640.999
3883,23.130,601.902,641.005
3884,23.121,601.918,641.012
3885,23.112,601.934,641.018
3886,23.103,601.950,641.024
3887,23.093,601.967,641.031
3888,23.084,601.983,641.037
3889,23.075,601.999,641.044
3890,23.066,602.015,641.050
3891,23.057,602.032,641.057
3892,23.048,602.048,641.063
3893,23.039,602.064,641.069
3894,23.029,602.080,641.076
3895,23.020,602.097,641.082
3896,23.011,602.113,641.088
3897,23.002,602.129,641.095
3898,22.993,602.146,641.101
3899,22.984,602.162,641.108
3900,22.975,602.178,641.114
3901,22.966,602.195,641.121
3902,22.957,602.211,641.127
3903,22.948,602.227,641.133
3904,22.939,602.243,641.139
3905,22.929,602.260,641.146
3906,22.920,602.276,641.152
3907,22.911,602.292,641.159
3908,22.902,602.309,641.165
3909,22.893,602.325,641.172
3910,22.884,602.341,641.178
3911,22.875,602.358,641.184
3912,22.866,602.374,641.190
3913,22.857,602.390,641.197
3914,22.848,602.406,641.203
3915,22.839,602.423,641.210
3916,22.830,602.439,641.216
3917,22.821,602.455,641.222
3918,22.812,602.472,641.229
3919,22.803,602.488,641.235
3920,22.794,602.504,641.241
3921,22.785,602.521,641.248
3922,22.776,602.537,641.254
3923,22.768,602.553,641.261
3924,22.759,602.570,641.267
3925,22.750,602.586,641.273
3926,22.741,602.602,641.279
3927,22.732,602.619,641.286
3928,22.723,602.635,641.292
3929,22.714,602.652,641.299
3930,22.705,602.668,641.305
3931,22.696,602.684,641.311
3932,22.687,602.701,641.317
3933,22.679,602.717,641.324
3934,22.670,602.733,641.330
3935,22.661,602.750,641.337
3936,22.652,602.766,641.343
3937,22.643,602.782,641.349
3938,22.634,602.799,641.355
3939,22.625,602.815,641.362
3940,22.617,602.832,641.368
3941,22.608,602.848,641.374
3942,22.599,602.864,641.381
3943,22.590,602.881,641.387
3944,22.581,602.897,641.393
3945,22.573,602.914,641.400
3946,22.564,602.930,641.406
3947,22.555,602.946,641.412
3948,22.546,602.963,641.418
3949,22.537,602.979,641.425
3950,22.529,602.996,641.431
3951,22.520,603.012,641.438
3952,22.511,603.028,641.444
3953,22.502,603.045,641.450
3954,22.494,603.061,641.456
3955,22.485,603.078,641.463
3956,22.476,603.094,641.469
3957,22.468,603.110,641.475
3958,22.459,603.127,641.481
3959,22.450,603.143,641.488
3960,22.441,603.160,641.494
3961,22.433,603.176,641.501
3962,22.424,603.193,641.507
3963,22.415,603.209,641.513
3964,22.407,603.226,641.519
3965,22.398,603.242,641.526
3966,22.389,603.258,641.532
3967,22.381,603.275,641.538
3968,22.372,603.291,641.544
3969,22.364,603.308,641.551
3970,22.355,603.324,641.557
3971,22.346,603.341,641.563
3972,22.338,603.357,641.569
3973,22.329,603.374,641.576
3974,22.320,603.390,641.582
3975,22.312,603.407,641.588
3976,22.303,603.423,641.594
3977,22.295,603.440,641.601
3978,22.286,603.456,641.607
3979,22.278,603.473,641.613
3980,22.269,603.489,641.619
3981,22.260,603.506,641.626
3982,22.252,603.522,641.632
3983,22.243,603.539,641.638
3984,22.235,603.555,641.644
3985,22.226,603.572,641.651
3986,22.218,603.588,641.657
3987,22.209,603.605,641.663
3988,22.201,603.621,641.669
3989,22.192,603.638,641.676
3990,22.184,603.654,641.682
3991,22.175,603.671,641.688
3992,22.167,603.688,641.694
3993,22.158,603.704,641.701
3994,22.150,603.721,641.707
3995,22.141,603.737,641.713
3996,22.133,603.754,641.719
3997,22.125,603.770,641.726
3998,22.116,603.787,641.732
3999,22.108,603.804,641.738
4000,22.099,603.820,641.744
4001,22.091,603.837,641.751
4002,22.082,603.853,641.757
4003,22.074,603.870,641.763
4004,22.066,603.886,641.769
4005,22.057,603.903,641.776
4006,22.049,603.920,641.782
4007,22.040,603.936,641.788
4008,22.032,603.953,641.794
4009,22.024,603.970,641.801
4010,22.015,603.986,641.807
4011,22.007,604.003,641.813
4012,21.999,604.019,641.819
4013,21.990,604.036,641.825
4014,21.982,604.053,641.831
4015,21.974,604.069,641.838
4016,21.965,604.086,641.844
4017,21.957,604.103,641.850
4018,21.949,604.119,641.856
4019,21.940,604.136,641.863
4020,21.932,604.153,641.869
4021,21.924,604.169,641.875
4022,21.916,604.186,641.881
4023,21.907,604.203,641.887
4024,21.899,604.219,641.893
4025,21.891,604.236,641.900
4026,21.883,604.253,641.906
4027,21.874,604.269,641.912
4028,21.866,604.286,641.918
4029,21.858,604.303,641.925
4030,21.850,604.320,641.931
4031,21.841,604.336,641.937
4032,21.833,604.353,641.943
4033,21.825,604.370,641.949
4034,21.817,604.386,641.955
4035,21.809,604.403,641.962
4036,21.801,604.420,641.968
4037,21.792,604.437,641.974
4038,21.784,604.453,641.980
4039,21.776,604.470,641.986
4040,21.768,604.487,641.992
4041,21.760,604.504,641.999
4042,21.752,604.520,642.005
4043,21.743,604.537,642.011
4044,21.735,604.554,642.017
4045,21.727,604.571,642.023
4046,21.719,604.588,642.029
4047,21.711,604.604,642.036
4048,21.703,604.621,642.042
4049,21.695,604.638,642.048
4050,21.687,604.655,642.054
4051,21.679,604.672,642.060
4052,21.671,604.688,642.066
4053,21.663,604.705,642.073
4054,21.655,604.722,642.079
4055,21.646,604.739,642.085
4056,21.638,604.756,642.091
4057,21.630,604.773,642.097
4058,21.622,604.789,642.103
4059,21.614,604.806,642.110
4060,21.606,604.823,642.116
4061,21.598,604.840,642.122
4062,21.590,604.857,642.128
4063,21.582,604.874,642.134
4064,21.574,604.891,642.140
4065,21.566,604.907,642.147
4066,21.558,604.924,642.153
4067,21.550,604.941,642.159
4068,21.542,604.958,642.165
4069,21.535,604.975,642.171
4070,21.527,604.992,642.177
4071,21.519,605.009,642.183
4072,21.511,605.026,642.189
4073,21.503,605.043,642.196
4074,21.495,605.060,642.202
4075,21.487,605.077,642.208
4076,21.479,605.094,642.214
4077,21.471,605.111,642.220
4078,21.463,605.127,642.226
4079,21.455,605.144,642.233
4080,21.448,605.161,642.238
4081,21.440,605.178,642.245
4082,21.432,605.195,642.251
4083,21.424,605.212,642.257
4084,21.416,605.229,642.263
4085,21.408,605.246,642.269
4086,21.400,605.263,642.275
4087,21.393,605.280,642.282
4088,21.385,605.297,642.287
4089,21.377,605.314,642.294
4090,21.369,605.331,642.300
4091,21.361,605.348,642.306
4092,21.354,605.365,642.312
4093,21.346,605.382,642.318
4094,21.338,605.400,642.324
4095,21.330,605.417,642.330
4096,21.323,605.434,642.336
4097,21.315,605.451,642.343
4098,21.307,605.468,642.349
4099,21.299,605.485,642.355
4100,21.292,605.502,642.361
4101,21.284,605.519,642.367
4102,21.276,605.536,642.373
4103,21.268,605.553,642.379
4104,21.261,605.570,642.385
4105,21.253,605.587,642.391
4106,21.245,605.605,642.397
4107,21.238,605.622,642.404
4108,21.230,605.639,642.410
4109,21.222,605.656,642.416
4110,21.215,605.673,642.422
4111,21.207,605.690,642.428
4112,21.199,605.707,642.434
4113,21.192,605.725,642.440
4114,21.184,605.742,642.446
4115,21.176,605.759,642.452
4116,21.169,605.776,642.458
4117,21.161,605.793,642.465
4118,21.154,605.811,642.470
4119,21.146,605.828,642.477
4120,21.138,605.845,642.483
4121,21.131,605.862,642.489
4122,21.123,605.879,642.495
4123,21.116,605.897,642.501
4124,21.108,605.914,642.507
4125,21.101,605.931,642.513
4126,21.093,605.948,642.519
4127,21.086,605.966,642.525
4128,21.078,605.983,642.531
4129,21.070,606.000,642.538
4130,21.063,606.017,642.543
4131,21.055,606.035,642.550
4132,21.048,606.052,642.556
4133,21.040,606.069,642.562
4134,21.033,606.087,642.568
4135,21.025,606.104,642.574
4136,21.018,606.121,642.580
4137,21.011,606.139,642.586
4138,21.003,606.156,642.592
4139,20.996,606.173,642.598
4140,20.988,606.191,642.604
4141,20.981,606.208,642.610
4142,20.973,606.225,642.616
4143,20.966,606.243,642.622
4144,20.958,606.260,642.628
4145,20.951,606.278,642.635
4146,20.944,606.295,642.640
4147,20.936,606.312,642.647
4148,20.929,606.330,642.653
4149,20.921,606.347,642.659
4150,20.914,606.365,642.665
4151,20.907,606.382,642.671
4152,20.899,606.399,642.677
4153,20.892,606.417,642.683
4154,20.885,606.434,642.689
4155,20.877,606.452,642.695
4156,20.870,606.469,642.701
4157,20.863,606.487,642.707
4158,20.855,606.504,642.713
4159,20.848,606.522,642.719
4160,20.841,606.539,642.725
4161,20.833,606.557,642.731
4162,20.826,606.574,642.737
4163,20.819,606.592,642.743
4164,20.812,606.609,642.749
4165,20.804,606.627,642.756
4166,20.797,606.644,642.761
4167,20.790,606.662,642.768
4168,20.783,606.679,642.773
4169,20.775,606.697,642.780
4170,20.768,606.715,642.785
4171,20.761,606.732,642.792
4172,20.754,606.750,642.798
4173,20.746,606.767,642.804
4174,20.739,606.785,642.810
4175,20.732,606.803,642.816
4176,20.725,606.820,642.822
4177,20.718,606.838,642.828
4178,20.710,606.855,642.834
4179,20.703,606.873,642.840
4180,20.696,606.891,642.846
4181,20.689,606.908,642.852
4182,20.682,606.926,642.858
4183,20.675,606.944,642.864
4184,20.668,606.961,642.870
4185,20.660,606.979,642.876
4186,20.653,606.997,642.882
4187,20.646,607.014,642.888
4188,20.639,607.032,642.894
4189,20.632,607.050,642.900
4190,20.625,607.068,642.906
4191,20.618,607.085,642.912
4192,20.611,607.103,642.918
4193,20.604,607.121,642.924
4194,20.597,607.139,642.930
4195,20.590,607.156,642.936
4196,20.583,607.174,642.942
4197,20.576,607.192,642.948
4198,20.569,607.210,642.954
4199,20.561,607.228,642.960
4200,20.554,607.245,642.966
4201,20.547,607.263,642.972
4202,20.540,607.281,642.978
4203,20.533,607.299,642.984
4204,20.527,607.317,642.990
4205,20.520,607.335,642.996
4206,20.513,607.352,643.002
4207,20.506,607.370,643.008
4208,20.499,607.388,643.014
4209,20.492,607.406,643.020
4210,20.485,607.424,643.026
4211,20.478,607.442,643.032
4212,20.471,607.460,643.038
4213,20.464,607.478,643.044
4214,20.457,607.496,643.050
4215,20.450,607.514,643.056
4216,20.443,607.532,643.062
4217,20.436,607.550,643.068
4218,20.429,607.568,643.074
4219,20.423,607.586,643.080
4220,20.416,607.603,643.086
4221,20.409,607.622,643.092
4222,20.402,607.639,643.098
4223,20.395,607.658,643.104
4224,20.388,607.676,643.110
4225,20.382,607.694,643.116
4226,20.375,607.712,643.122
4227,20.368,607.730,643.128
4228,20.361,607.748,643.134
4229,20.354,607.766,643.140
4230,20.347,607.784,643.146
4231,20.341,607.802,643.152
4232,20.334,607.820,643.158
4233,20.327,607.838,643.164
4234,20.320,607.856,643.170
4235,20.314,607.874,643.176
4236,20.307,607.893,643.182
4237,20.300,607.911,643.188
4238,20.293,607.929,643.194
4239,20.287,607.947,643.200
4240,20.280,607.965,643.206
4241,20.273,607.983,643.212
4242,20.267,608.002,643.218
4243,20.260,608.020,643.224
4244,20.253,608.038,643.230
4245,20.246,608.056,643.236
4246,20.240,608.074,643.242
4247,20.233,608.093,643.248
4248,20.226,608.111,643.253
4249,20.220,608.129,643.260
4250,20.213,608.147,643.265
4251,20.206,608.166,643.272
4252,20.200,608.184,643.277
4253,20.193,608.202,643.284
4254,20.187,608.221,643.289
4255,20.180,608.239,643.295
4256,20.173,608.257,643.301
4257,20.167,608.276,643.307
4258,20.160,608.294,643.313
4259,20.154,608.312,643.319
4260,20.147,608.331,643.325
4261,20.140,608.349,643.331
4262,20.134,608.367,643.337
4263,20.127,608.386,643.343
4264,20.121,608.404,643.349
4265,20.114,608.423,643.355
4266,20.108,608.441,643.361
4267,20.101,608.460,643.367
4268,20.095,608.478,643.373
4269,20.088,608.496,643.379
4270,20.082,608.515,643.385
4271,20.075,608.533,643.391
4272,20.069,608.552,643.397
4273,20.062,608.570,643.403
4274,20.056,608.589,643.408
4275,20.049,608.607,643.415
4276,20.043,608.626,643.420
4277,20.036,608.644,643.427
4278,20.030,608.663,643.432
4279,20.024,608.682,643.438
4280,20.017,608.700,643.444
4281,20.011,608.719,643.450
4282,20.004,608.737,643.456
4283,19.998,608.756,643.462
4284,19.992,608.774,643.468
4285,19.985,608.793,643.474
4286,19.979,608.812,643.480
4287,19.972,608.830,643.486
4288,19.966,608.849,643.492
4289,19.960,608.868,643.498
4290,19.953,608.886,643.504
4291,19.947,608.905,643.510
4292,19.941,608.924,643.515
4293,19.934,608.943,643.522
4294,19.928,608.961,643.527
4295,19.922,608.980,643.534
4296,19.915,608.999,643.539
4297,19.909,609.017,643.545
4298,19.903,609.036,643.551
4299,19.897,609.055,643.557
4300,19.890,609.074,643.563
4301,19.884,609.093,643.569
4302,19.878,609.111,643.575
4303,19.871,609.130,643.581
4304,19.865,609.149,643.587
4305,19.859,609.168,643.593
4306,19.853,609.187,643.599
4307,19.847,609.206,643.605
4308,19.840,609.224,643.610
4309,19.834,609.243,643.617
4310,19.828,609.262,643.622
4311,19.822,609.281,643.628
4312,19.816,609.300,643.634
4313,19.809,609.319,643.640
4314,19.803,609.338,643.646
4315,19.797,609.357,643.652
4316,19.791,609.376,643.658
4317,19.785,609.395,643.664
4318,19.779,609.414,643.670
4319,19.772,609.433,643.676
4320,19.766,609.452,643.682
4321,19.760,609.471,643.688
4322,19.754,609.490,643.693
4323,19.748,609.509,643.700
4324,19.742,609.528,643.705
4325,19.736,609.547,643.711
4326,19.730,609.566,643.717
4327,19.724,609.585,643.723
4328,19.718,609.604,643.729
4329,19.712,609.623,643.735
4330,19.705,609.643,643.741
4331,19.699,609.662,643.747
4332,19.693,609.681,643.753
4333,19.687,609.700,643.759
4334,19.681,609.719,643.765
4335,19.675,609.738,643.771
4336,19.669,609.758,643.776
4337,19.663,609.777,643.783
4338,19.657,609.796,643.788
4339,19.651,609.815,643.794
4340,19.645,609.834,643.800
4341,19.639,609.854,643.806
4342,19.633,609.873,643.812
4343,19.628,609.892,643.818
4344,19.622,609.912,643.824
4345,19.616,609.931,643.830
4346,19.610,609.950,643.835
4347,19.604,609.970,643.842
4348,19.598,609.989,643.847
4349,19.592,610.008,643.853
4350,19.586,610.028,643.859
4351,19.580,610.047,643.865
4352,19.574,610.066,643.871
4353,19.568,610.086,643.877
4354,19.563,610.105,643.883
4355,19.557,610.125,643.889
4356,19.551,610.144,643.895
4357,19.545,610.164,643.901
4358,19.539,610.183,643.906
4359,19.533,610.203,643.913
4360,19.527,610.222,643.918
4361,19.522,610.242,643.924
4362,19.516,610.261,643.930
4363,19.510,610.281,643.936
4364,19.504,610.300,643.942
4365,19.499,610.320,643.948
4366,19.493,610.339,643.954
4367,19.487,610.359,643.960
4368,19.481,610.378,643.965
4369,19.475,610.398,643.972
4370,19.470,610.418,643.977
4371,19.464,610.437,643.983
4372,19.458,610.457,643.989
4373,19.452,610.477,643.995
4374,19.447,610.496,644.001
4375,19.441,610.516,644.007
4376,19.435,610.536,644.013
4377,19.430,610.555,644.019
4378,19.424,610.575,644.024
4379,19.418,610.595,644.031
4380,19.413,610.615,644.036
4381,19.407,610.634,644.042
4382,19.401,610.654,644.048
4383,19.396,610.674,644.054
4384,19.390,610.694,644.060
4385,19.384,610.714,644.066
4386,19.379,610.733,644.072
4387,19.373,610.753,644.078
4388,19.368,610.773,644.083
4389,19.362,610.793,644.090
4390,19.356,610.813,644.095
4391,19.351,610.833,644.101
4392,19.345,610.853,644.107
4393,19.340,610.873,644.113
4394,19.334,610.892,644.119
4395,19.329,610.913,644.125
4396,19.323,610.932,644.131
4397,19.317,610.952,644.137
4398,19.312,610.972,644.142
4399,19.306,610.992,644.149
4400,19.301,611.012,644.154
4401,19.295,611.033,644.160
4402,19.290,611.053,644.166
4403,19.284,611.073,644.172
4404,19.279,611.093,644.178
4405,19.273,611.113,644.184
4406,19.268,611.133,644.190
4407,19.262,611.153,644.196
4408,19.257,611.173,644.201
4409,19.252,611.193,644.207
4410,19.246,611.213,644.213
4411,19.241,611.234,644.219
4412,19.235,611.254,644.225
4413,19.230,611.274,644.231
4414,19.224,611.294,644.237
4415,19.219,611.315,644.243
4416,19.214,611.335,644.248
4417,19.208,611.355,644.255
4418,19.203,611.375,644.260
4419,19.197,611.396,644.266
4420,19.192,611.416,644.272
4421,19.187,611.436,644.278
4422,19.181,611.457,644.284
4423,19.176,611.477,644.290
4424,19.171,611.497,644.296
4425,19.165,611.518,644.302
4426,19.160,611.538,644.307
4427,19.155,611.558,644.313
4428,19.149,611.579,644.319
4429,19.144,611.599,644.325
4430,19.139,611.620,644.331
4431,19.134,611.640,644.337
4432,19.128,611.661,644.343
4433,19.123,611.681,644.349
4434,19.118,611.702,644.354
4435,19.113,611.722,644.361
4436,19.107,611.743,644.366
4437,19.102,611.763,644.372
4438,19.097,611.784,644.378
4439,19.092,611.804,644.384
4440,19.086,611.825,644.390
4441,19.081,611.846,644.396
4442,19.076,611.866,644.401
4443,19.071,611.887,644.408
4444,19.066,611.908,644.413
4445,19.060,611.928,644.419
4446,19.055,611.949,644.425
4447,19.050,611.970,644.431
4448,19.045,611.990,644.437
4449,19.040,612.011,644.443
4450,19.035,612.032,644.449
4451,19.030,612.053,644.455
4452,19.024,612.073,644.460
4453,19.019,612.094,644.466
4454,19.014,612.115,644.472
4455,19.009,612.136,644.478
4456,19.004,612.157,644.484
4457,18.999,612.178,644.490
4458,18.994,612.198,644.496
4459,18.989,612.219,644.502
4460,18.984,612.240,644.507
4461,18.979,612.261,644.513
4462,18.974,612.282,644.519
4463,18.969,612.303,644.525
4464,18.964,612.324,644.531
4465,18.959,612.345,644.537
4466,18.954,612.366,644.543
4467,18.949,612.387,644.549
4468,18.944,612.408,644.554
4469,18.939,612.429,644.561
4470,18.934,612.450,644.566
4471,18.929,612.471,644.572
4472,18.924,612.492,644.578
4473,18.919,612.514,644.584
4474,18.914,612.535,644.590
4475,18.909,612.556,644.596
4476,18.904,612.577,644.601
4477,18.899,612.598,644.608
4478,18.894,612.619,644.613
4479,18.889,612.641,644.619
4480,18.884,612.662,644.625
4481,18.879,612.683,644.631
4482,18.874,612.704,644.637
4483,18.870,612.726,644.643
4484,18.865,612.747,644.648
4485,18.860,612.768,644.655
4486,18.855,612.789,644.660
4487,18.850,612.811,644.666
4488,18.845,612.832,644.672
4489,18.840,612.854,644.678
4490,18.836,612.875,644.684
4491,18.831,612.896,644.690
4492,18.826,612.918,644.695
4493,18.821,612.939,644.702
4494,18.816,612.961,644.707
4495,18.812,612.982,644.713
4496,18.807,613.004,644.719
4497,18.802,613.025,644.725
4498,18.797,613.047,644.731
4499,18.793,613.068,644.737
4500,18.788,613.090,644.742
4501,18.783,613.111,644.749
4502,18.778,613.133,644.754
4503,18.774,613.154,644.760
4504,18.769,613.176,644.766
4505,18.764,613.198,644.772
4506,18.759,613.219,644.778
4507,18.755,613.241,644.784
4508,18.750,613.263,644.790
4509,18.745,613.284,644.796
4510,18.741,613.306,644.801
4511,18.736,613.328,644.807
4512,18.731,613.350,644.813
4513,18.727,613.371,644.819
4514,18.722,613.393,644.825
4515,18.717,613.415,644.831
4516,18.713,613.437,644.837
4517,18.708,613.459,644.843
4518,18.704,613.481,644.848
4519,18.699,613.502,644.854
4520,18.694,613.524,644.860
4521,18.690,613.546,644.866
4522,18.685,613.568,644.872
4523,18.681,613.590,644.878
4524,18.676,613.612,644.884
4525,18.672,613.634,644.890
4526,18.667,613.656,644.895
4527,18.662,613.678,644.901
4528,18.658,613.700,644.907
4529,18.653,613.722,644.913
4530,18.649,613.744,644.919
4531,18.644,613.766,644.925
4532,18.640,613.788,644.931
4533,18.635,613.811,644.937
4534,18.631,613.833,644.942
4535,18.626,613.855,644.948
4536,18.622,613.877,644.954
4537,18.617,613.899,644.960
4538,18.613,613.921,644.966
4539,18.609,613.944,644.972
4540,18.604,613.966,644.978
4541,18.600,613.988,644.984
4542,18.595,614.010,644.989
4543,18.591,614.033,644.995
4544,18.586,614.055,645.001
4545,18.582,614.078,645.007
4546,18.578,614.100,645.013
4547,18.573,614.122,645.019
4548,18.569,614.145,645.025
4549,18.564,614.167,645.031
4550,18.560,614.189,645.036
4551,18.556,614.212,645.042
4552,18.551,614.234,645.048
4553,18.547,614.257,645.054
4554,18.543,614.279,645.060
4555,18.538,614.302,645.066
4556,18.534,614.324,645.072
4557,18.530,614.347,645.078
4558,18.525,614.370,645.083
4559,18.521,614.392,645.090
4560,18.517,614.415,645.095
4561,18.513,614.437,645.101
4562,18.508,614.460,645.107
4563,18.504,614.483,645.113
4564,18.500,614.505,645.119
4565,18.496,614.528,645.125
4566,18.491,614.551,645.130
4567,18.487,614.574,645.137
4568,18.483,614.596,645.142
4569,18.479,614.619,645.148
4570,18.474,614.642,645.154
4571,18.470,614.665,645.160
4572,18.466,614.688,645.166
4573,18.462,614.711,645.172
4574,18.458,614.733,645.178
4575,18.454,614.756,645.184
4576,18.449,614.779,645.189
4577,18.445,614.802,645.195
4578,18.441,614.825,645.201
4579,18.437,614.848,645.207
4580,18.433,614.871,645.213
4581,18.429,614.894,645.219
4582,18.425,614.917,645.225
4583,18.420,614.940,645.231
4584,18.416,614.963,645.236
4585,18.412,614.986,645.242
4586,18.408,615.009,645.248
4587,18.404,615.033,645.254
4588,18.400,615.056,645.260
4589,18.396,615.079,645.266
4590,18.392,615.102,645.272
4591,18.388,615.125,645.278
4592,18.384,615.148,645.283
4593,18.380,615.172,645.290
4594,18.376,615.195,645.295
4595,18.372,615.218,645.301
4596,18.368,615.241,645.307
4597,18.364,615.265,645.313
4598,18.360,615.288,645.319
4599,18.356,615.312,645.325
4600,18.352,615.335,645.331
4601,18.348,615.358,645.337
4602,18.344,615.382,645.342
4603,18.340,615.405,645.348
4604,18.336,615.429,645.354
4605,18.332,615.452,645.360
4606,18.328,615.476,645.366
4607,18.324,615.499,645.372
4608,18.320,615.523,645.378
4609,18.316,615.546,645.384
4610,18.312,615.570,645.389
4611,18.308,615.593,645.396
4612,18.305,615.617,645.401
4613,18.301,615.641,645.407
4614,18.297,615.664,645.413
4615,18.293,615.688,645.419
4616,18.289,615.712,645.425
4617,18.285,615.735,645.431
4618,18.281,615.759,645.437
4619,18.278,615.783,645.443
4620,18.274,615.807,645.448
4621,18.270,615.830,645.454
4622,18.266,615.854,645.460
4623,18.262,615.878,645.466
4624,18.258,615.902,645.472
4625,18.255,615.926,645.478
4626,18.251,615.950,645.484
4627,18.247,615.974,645.490
4628,18.243,615.997,645.495
4629,18.240,616.021,645.502
4630,18.236,616.045,645.507
4631,18.232,616.069,645.513
4632,18.228,616.093,645.519
4633,18.225,616.117,645.525
4634,18.221,616.141,645.531
4635,18.217,616.166,645.537
4636,18.213,616.190,645.543
4637,18.210,616.214,645.549
4638,18.206,616.238,645.554
4639,18.202,616.262,645.561
4640,18.199,616.286,645.566
4641,18.195,616.310,645.572
4642,18.191,616.335,645.578
4643,18.188,616.359,645.584
4644,18.184,616.383,645.590
4645,18.180,616.407,645.596
4646,18.177,616.432,645.602
4647,18.173,616.456,645.608
4648,18.170,616.480,645.613
4649,18.166,616.505,645.620
4650,18.162,616.529,645.625
4651,18.159,616.553,645.631
4652,18.155,616.578,645.637
4653,18.152,616.602,645.643
4654,18.148,616.627,645.649
4655,18.145,616.651,645.655
4656,18.141,616.676,645.661
4657,18.137,616.700,645.667
4658,18.134,616.725,645.672
4659,18.130,616.749,645.679
4660,18.127,616.774,645.684
4661,18.123,616.799,645.690
4662,18.120,616.823,645.696
4663,18.116,616.848,645.702
4664,18.113,616.873,645.708
4665,18.109,616.897,645.714
4666,18.106,616.922,645.720
4667,18.102,616.947,645.726
4668,18.099,616.971,645.732
4669,18.095,616.996,645.738
4670,18.092,617.021,645.743
4671,18.089,617.046,645.750
4672,18.085,617.071,645.755
4673,18.082,617.095,645.761
4674,18.078,617.120,645.767
4675,18.075,617.145,645.773
4676,18.071,617.170,645.779
4677,18.068,617.195,645.785
4678,18.065,617.220,645.791
4679,18.061,617.245,645.797
4680,18.058,617.270,645.802
4681,18.055,617.295,645.809
4682,18.051,617.320,645.814
4683,18.048,617.345,645.820
4684,18.045,617.370,645.826
4685,18.041,617.395,645.832
4686,18.038,617.420,645.838
4687,18.035,617.446,645.844
4688,18.031,617.471,645.850
4689,18.028,617.496,645.856
4690,18.025,617.521,645.862
4691,18.021,617.546,645.868
4692,18.018,617.572,645.873
4693,18.015,617.597,645.880
4694,18.011,617.622,645.885
4695,18.008,617.648,645.891
4696,18.005,617.673,645.897
4697,18.002,617.698,645.903
4698,17.998,617.724,645.909
4699,17.995,617.749,645.915
4700,17.992,617.774,645.921
4701,17.989,617.800,645.927
4702,17.986,617.825,645.933
4703,17.982,617.851,645.939
4704,17.979,617.876,645.945
4705,17.976,617.902,645.951
4706,17.973,617.927,645.956
4707,17.970,617.953,645.963
4708,17.967,617.978,645.968
4709,17.963,618.004,645.974
4710,17.960,618.030,645.980
4711,17.957,618.055,645.986
4712,17.954,618.081,645.992
4713,17.951,618.107,645.998
4714,17.948,618.132,646.004
4715,17.945,618.158,646.010
4716,17.941,618.184,646.016
4717,17.938,618.210,646.022
4718,17.935,618.235,646.027
4719,17.932,618.261,646.034
4720,17.929,618.287,646.039
4721,17.926,618.313,646.045
4722,17.923,618.339,646.051
4723,17.920,618.365,646.057
4724,17.917,618.391,646.063
4725,17.914,618.417,646.069
4726,17.911,618.443,646.075
4727,17.908,618.469,646.081
4728,17.905,618.495,646.087
4729,17.902,618.521,646.093
4730,17.899,618.547,646.099
4731,17.896,618.573,646.105
4732,17.893,618.599,646.111
4733,17.890,618.625,646.117
4734,17.887,618.651,646.122
4735,17.884,618.677,646.129
4736,17.881,618.703,646.134
4737,17.878,618.729,646.140
4738,17.875,618.756,646.146
4739,17.872,618.782,646.152
4740,17.869,618.808,646.158
4741,17.866,618.834,646.164
4742,17.863,618.861,646.170
4743,17.860,618.887,646.176
4744,17.857,618.913,646.182
4745,17.855,618.940,646.188
4746,17.852,618.966,646.194
4747,17.849,618.992,646.200
4748,17.846,619.019,646.206
4749,17.843,619.045,646.212
4750,17.840,619.072,646.217
4751,17.837,619.098,646.224
4752,17.834,619.125,646.229
4753,17.832,619.151,646.235
4754,17.829,619.178,646.241
4755,17.826,619.204,646.247
4756,17.823,619.231,646.253
4757,17.820,619.258,646.259
4758,17.818,619.284,646.265
4759,17.815,619.311,646.271
4760,17.812,619.337,646.277
4761,17.809,619.364,646.283
4762,17.806,619.391,646.289
4763,17.804,619.418,646.295
4764,17.801,619.444,646.301
4765,17.798,619.471,646.307
4766,17.795,619.498,646.313
4767,17.793,619.525,646.319
4768,17.790,619.551,646.324
4769,17.787,619.578,646.331
4770,17.784,619.605,646.336
4771,17.782,619.632,646.343
4772,17.779,619.659,646.348
4773,17.776,619.686,646.354
4774,17.774,619.713,646.360
4775,17.771,619.740,646.366
4776,17.768,619.767,646.372
4777,17.766,619.794,646.378
4778,17.763,619.821,646.384
4779,17.760,619.848,646.390
4780,17.758,619.875,646.396
4781,17.755,619.902,646.402
4782,17.752,619.929,646.408
4783,17.750,619.956,646.414
4784,17.747,619.983,646.420
4785,17.745,620.010,646.426
4786,17.742,620.037,646.432
4787,17.739,620.065,646.438
4788,17.737,620.092,646.444
4789,17.734,620.119,646.450
4790,17.732,620.146,646.455
4791,17.729,620.174,646.462
4792,17.726,620.201,646.467
4793,17.724,620.228,646.474
4794,17.721,620.255,646.479
4795,17.719,620.283,646.485
4796,17.716,620.310,646.491
4797,17.714,620.338,646.497
4798,17.711,620.365,646.503
4799,17.709,620.392,646.509
4800,17.706,620.420,646.515
4801,17.704,620.447,646.521
4802,17.701,620.475,646.527
4803,17.699,620.502,646.533
4804,17.696,620.530,646.539
4805,17.694,620.557,646.545
4806,17.691,620.585,646.551
4807,17.689,620.612,646.557
4808,17.686,620.640,646.563
4809,17.684,620.668,646.569
4810,17.681,620.695,646.575
4811,17.679,620.723,646.581
4812,17.677,620.750,646.587
4813,17.674,620.778,646.593
4814,17.672,620.806,646.599
4815,17.669,620.834,646.605
4816,17.667,620.861,646.610
4817,17.665,620.889,646.617
4818,17.662,620.917,646.622
4819,17.660,620.945,646.629
4820,17.657,620.972,646.634
4821,17.655,621.000,646.641
4822,17.653,621.028,646.646
4823,17.650,621.056,646.652
4824,17.648,621.084,646.658
4825,17.646,621.112,646.664
4826,17.643,621.140,646.670
4827,17.641,621.167,646.676
4828,17.639,621.195,646.682
4829,17.636,621.223,646.688
4830,17.634,621.251,646.694
4831,17.632,621.279,646.700
4832,17.629,621.307,646.706
4833,17.627,621.335,646.712
4834,17.625,621.363,646.718
4835,17.623,621.391,646.724
4836,17.620,621.419,646.730
4837,17.618,621.448,646.736
4838,17.616,621.476,646.742
4839,17.614,621.504,646.748
4840,17.611,621.532,646.754
4841,17.609,621.560,646.760
4842,17.607,621.588,646.766
4843,17.605,621.616,646.772
4844,17.602,621.645,646.778
4845,17.600,621.673,646.784
4846,17.598,621.701,646.790
4847,17.596,621.729,646.796
4848,17.594,621.758,646.802
4849,17.591,621.786,646.808
4850,17.589,621.814,646.814
4851,17.587,621.842,646.820
4852,17.585,621.871,646.826
4853,17.583,621.899,646.832
4854,17.581,621.927,646.837
4855,17.578,621.956,646.844
4856,17.576,621.984,646.849
4857,17.574,622.013,646.856
4858,17.572,622.041,646.861
4859,17.570,622.069,646.868
4860,17.568,622.098,646.873
4861,17.566,622.126,646.880
4862,17.564,622.155,646.885
4863,17.561,622.183,646.892
4864,17.559,622.212,646.897
4865,17.557,622.240,646.903
4866,17.555,622.269,646.909
4867,17.553,622.297,646.915
4868,17.551,622.326,646.921
4869,17.549,622.354,646.927
4870,17.547,622.383,646.933
4871,17.545,622.411,646.939
4872,17.543,622.440,646.945
4873,17.541,622.469,646.951
4874,17.539,622.497,646.957
4875,17.537,622.526,646.963
4876,17.535,622.554,646.969
4877,17.533,622.583,646.975
4878,17.531,622.612,646.981
4879,17.529,622.641,646.987
4880,17.527,622.669,646.993
4881,17.525,622.698,646.999
4882,17.523,622.727,647.005
4883,17.521,622.755,647.011
4884,17.519,622.784,647.017
4885,17.517,622.813,647.023
4886,17.515,622.842,647.029
4887,17.513,622.870,647.035
4888,17.511,622.899,647.041
4889,17.509,622.928,647.047
4890,17.507,622.957,647.053
4891,17.505,622.986,647.059
4892,17.503,623.014,647.065
4893,17.501,623.043,647.071
4894,17.499,623.072,647.077
4895,17.498,623.101,647.083
4896,17.496,623.130,647.089
4897,17.494,623.159,647.095
4898,17.492,623.188,647.101
4899,17.490,623.216,647.107
4900,17.488,623.245,647.113
4901,17.486,623.274,647.119
4902,17.484,623.303,647.125
4903,17.482,623.332,647.131
4904,17.481,623.361,647.137
4905,17.479,623.390,647.143
4906,17.477,623.419,647.149
4907,17.475,623.448,647.155
4908,17.473,623.477,647.160
4909,17.471,623.506,647.167
4910,17.470,623.535,647.172
4911,17.468,623.564,647.179
4912,17.466,623.593,647.184
4913,17.464,623.622,647.191
4914,17.462,623.651,647.196
4915,17.461,623.680,647.203
4916,17.459,623.709,647.208
4917,17.457,623.738,647.215
4918,17.455,623.767,647.220
4919,17.453,623.796,647.227
4920,17.452,623.825,647.232
4921,17.450,623.854,647.238
4922,17.448,623.883,647.244
4923,17.446,623.912,647.250
4924,17.445,623.941,647.256
4925,17.443,623.971,647.262
4926,17.441,624.000,647.268
4927,17.440,624.029,647.274
4928,17.438,624.058,647.280
4929,17.436,624.087,647.286
4930,17.434,624.116,647.292
4931,17.433,624.145,647.298
4932,17.431,624.174,647.304
4933,17.429,624.203,647.310
4934,17.428,624.232,647.316
4935,17.426,624.262,647.322
4936,17.424,624.291,647.328
4937,17.423,624.320,647.334
4938,17.421,624.349,647.340
4939,17.419,624.378,647.346
4940,17.418,624.407,647.352
4941,17.416,624.436,647.358
4942,17.414,624.466,647.364
4943,17.413,624.495,647.370
4944,17.411,624.524,647.376
4945,17.409,624.553,647.382
4946,17.408,624.582,647.388
4947,17.406,624.611,647.394
4948,17.404,624.640,647.400
4949,17.403,624.670,647.406
4950,17.401,624.699,647.411
4951,17.400,624.728,647.418
4952,17.398,624.757,647.423
4953,17.396,624.786,647.430
4954,17.395,624.815,647.435
4955,17.393,624.845,647.442
4956,17.392,624.874,647.447
4957,17.390,624.903,647.453
4958,17.389,624.932,647.459
4959,17.387,624.961,647.465
4960,17.385,624.990,647.471
4961,17.384,625.019,647.477
4962,17.382,625.049,647.483
4963,17.381,625.078,647.489
4964,17.379,625.107,647.495
4965,17.378,625.136,647.501
4966,17.376,625.165,647.507
4967,17.375,625.194,647.513
4968,17.373,625.223,647.519
4969,17.372,625.253,647.525
4970,17.370,625.282,647.531
4971,17.369,625.311,647.537
4972,17.367,625.340,647.543
4973,17.366,625.369,647.549
4974,17.364,625.398,647.554
4975,17.363,625.427,647.561
4976,17.361,625.456,647.566
4977,17.360,625.486,647.573
4978,17.358,625.515,647.578
4979,17.357,625.544,647.584
4980,17.355,625.573,647.590
4981,17.354,625.602,647.596
4982,17.352,625.631,647.602
4983,17.351,625.660,647.608
4984,17.349,625.689,647.614
4985,17.348,625.718,647.620
4986,17.346,625.747,647.626
4987,17.345,625.776,647.632
4988,17.344,625.805,647.638
4989,17.342,625.834,647.644
4990,17.341,625.863,647.650
4991,17.339,625.892,647.656
4992,17.338,625.921,647.661
4993,17.336,625.950,647.668
4994,17.335,625.979,647.673
4995,17.334,626.008,647.679
4996,17.332,626.037,647.685
4997,17.331,626.066,647.691
4998,17.329,626.095,647.697
4999,17.328,626.124,647.703
