# Time (s),Mass (g),T Back (K),T Front (K)
0,22.800,293.000,293.000
1,22.800,293.000,338.165
2,22.800,293.000,351.848
3,22.800,293.000,361.924
4,22.800,293.000,370.198
5,22.800,293.002,377.360
6,22.800,293.005,383.669
7,22.800,293.013,389.401
8,22.800,293.031,394.581
9,22.800,293.064,399.394
10,22.800,293.119,403.829
11,22.800,293.201,408.003
12,22.800,293.319,411.898
13,22.800,293.477,415.596
14,22.800,293.681,419.076
15,22.800,293.936,422.400
16,22.800,294.243,425.549
17,22.800,294.605,428.571
18,22.800,295.022,431.449
19,22.800,295.495,434.220
20,22.800,296.023,436.870
21,22.800,296.606,439.428
22,22.800,297.241,441.882
23,22.800,297.927,444.257
24,22.800,298.663,446.543
25,22.800,299.444,448.760
26,22.800,300.271,450.899
27,22.800,301.140,452.976
28,22.800,302.049,454.984
29,22.800,302.996,456.938
30,22.800,303.978,458.832
31,22.799,304.993,460.675
32,22.799,306.040,462.466
33,22.799,307.116,464.209
34,22.799,308.219,465.904
35,22.799,309.348,467.557
36,22.799,310.499,469.169
37,22.799,311.672,470.741
38,22.799,312.864,472.276
39,22.799,314.076,473.774
40,22.798,315.303,475.238
41,22.798,316.547,476.670
42,22.798,317.805,478.070
43,22.798,319.075,479.441
44,22.798,320.357,480.783
45,22.797,321.650,482.098
46,22.797,322.951,483.386
47,22.797,324.263,484.649
48,22.797,325.580,485.888
49,22.796,326.905,487.104
50,22.796,328.235,488.298
51,22.796,329.570,489.470
52,22.795,330.911,490.621
53,22.795,332.253,491.752
54,22.794,333.600,492.865
55,22.794,334.948,493.959
56,22.794,336.299,495.035
57,22.793,337.650,496.094
58,22.793,339.002,497.136
59,22.792,340.354,498.162
60,22.792,341.706,499.174
61,22.791,343.058,500.170
62,22.790,344.408,501.151
63,22.790,345.757,502.119
64,22.789,347.104,503.073
65,22.789,348.449,504.014
66,22.788,349.791,504.942
67,22.787,351.132,505.858
68,22.787,352.469,506.762
69,22.786,353.803,507.654
70,22.785,355.133,508.536
71,22.784,356.460,509.407
72,22.784,357.783,510.266
73,22.783,359.102,511.115
74,22.782,360.416,511.955
75,22.781,361.727,512.784
76,22.780,363.033,513.604
77,22.779,364.335,514.416
78,22.778,365.631,515.217
79,22.777,366.922,516.010
80,22.776,368.210,516.795
81,22.775,369.491,517.571
82,22.774,370.767,518.340
83,22.773,372.039,519.100
84,22.772,373.304,519.852
85,22.771,374.564,520.597
86,22.769,375.819,521.334
87,22.768,377.069,522.064
88,22.767,378.313,522.787
89,22.766,379.551,523.503
90,22.764,380.783,524.212
91,22.763,382.010,524.914
92,22.762,383.230,525.610
93,22.760,384.446,526.300
94,22.759,385.655,526.983
95,22.757,386.858,527.660
96,22.756,388.056,528.331
97,22.754,389.247,528.996
98,22.752,390.433,529.655
99,22.751,391.614,530.309
100,22.749,392.787,530.956
101,22.747,393.955,531.598
102,22.746,395.116,532.235
103,22.744,396.272,532.866
104,22.742,397.423,533.493
105,22.740,398.567,534.114
106,22.738,399.705,534.730
107,22.736,400.837,535.340
108,22.734,401.964,535.946
109,22.732,403.083,536.546
110,22.730,404.198,537.142
111,22.728,405.307,537.734
112,22.726,406.409,538.320
113,22.724,407.506,538.902
114,22.722,408.597,539.479
115,22.720,409.682,540.053
116,22.717,410.761,540.622
117,22.715,411.833,541.185
118,22.712,412.901,541.744
119,22.710,413.962,542.300
120,22.707,415.018,542.850
121,22.705,416.068,543.398
122,22.702,417.112,543.941
123,22.700,418.150,544.480
124,22.697,419.183,545.015
125,22.694,420.210,545.545
126,22.691,421.231,546.072
127,22.689,422.247,546.595
128,22.686,423.257,547.114
129,22.683,424.261,547.629
130,22.680,425.259,548.141
131,22.677,426.253,548.650
132,22.673,427.240,549.153
133,22.670,428.222,549.653
134,22.667,429.198,550.149
135,22.664,430.168,550.643
136,22.660,431.134,551.133
137,22.657,432.094,551.620
138,22.653,433.049,552.103
139,22.650,433.997,552.582
140,22.646,434.941,553.058
141,22.643,435.878,553.530
142,22.639,436.811,553.999
143,22.635,437.738,554.465
144,22.631,438.661,554.929
145,22.627,439.578,555.388
146,22.623,440.488,555.844
147,22.619,441.395,556.296
148,22.615,442.296,556.747
149,22.611,443.191,557.193
150,22.607,444.082,557.637
151,22.602,444.968,558.078
152,22.598,445.848,558.515
153,22.594,446.723,558.950
154,22.589,447.593,559.382
155,22.584,448.458,559.810
156,22.580,449.317,560.236
157,22.575,450.172,560.659
158,22.570,451.022,561.079
159,22.565,451.868,561.495
160,22.560,452.707,561.910
161,22.555,453.543,562.322
162,22.550,454.373,562.731
163,22.545,455.198,563.136
164,22.540,456.019,563.540
165,22.534,456.835,563.939
166,22.529,457.646,564.338
167,22.523,458.453,564.734
168,22.518,459.254,565.126
169,22.512,460.052,565.515
170,22.507,460.844,565.902
171,22.501,461.633,566.287
172,22.495,462.416,566.671
173,22.489,463.196,567.050
174,22.483,463.971,567.427
175,22.477,464.740,567.801
176,22.471,465.507,568.174
177,22.464,466.268,568.545
178,22.458,467.026,568.911
179,22.451,467.779,569.277
180,22.445,468.528,569.640
181,22.438,469.272,570.000
182,22.432,470.013,570.357
183,22.425,470.750,570.715
184,22.418,471.482,571.068
185,22.411,472.211,571.418
186,22.404,472.936,571.768
187,22.397,473.657,572.115
188,22.390,474.374,572.459
189,22.383,475.087,572.802
190,22.375,475.796,573.142
191,22.368,476.502,573.480
192,22.360,477.204,573.817
193,22.353,477.902,574.149
194,22.345,478.597,574.482
195,22.338,479.288,574.810
196,22.330,479.976,575.138
197,22.322,480.660,575.464
198,22.314,481.341,575.787
199,22.306,482.019,576.110
200,22.298,482.693,576.428
201,22.289,483.363,576.747
202,22.281,484.031,577.061
203,22.273,484.695,577.374
204,22.264,485.357,577.687
205,22.256,486.015,577.995
206,22.247,486.671,578.305
207,22.238,487.322,578.608
208,22.229,487.972,578.914
209,22.221,488.618,579.215
210,22.212,489.261,579.515
211,22.203,489.901,579.814
212,22.193,490.539,580.110
213,22.184,491.173,580.406
214,22.175,491.806,580.698
215,22.165,492.435,580.990
216,22.156,493.061,581.279
217,22.146,493.685,581.567
218,22.137,494.307,581.854
219,22.127,494.925,582.137
220,22.117,495.542,582.421
221,22.107,496.156,582.700
222,22.097,496.768,582.982
223,22.087,497.376,583.258
224,22.077,497.983,583.535
225,22.067,498.586,583.809
226,22.056,499.188,584.082
227,22.046,499.788,584.353
228,22.035,500.385,584.623
229,22.025,500.980,584.892
230,22.014,501.572,585.157
231,22.003,502.162,585.425
232,21.993,502.750,585.686
233,21.982,503.336,585.949
234,21.971,503.920,586.209
235,21.959,504.502,586.468
236,21.948,505.081,586.726
237,21.937,505.659,586.982
238,21.926,506.235,587.238
239,21.914,506.808,587.490
240,21.903,507.379,587.743
241,21.891,507.948,587.992
242,21.879,508.516,588.243
243,21.867,509.081,588.490
244,21.855,509.644,588.737
245,21.843,510.205,588.981
246,21.831,510.765,589.225
247,21.819,511.323,589.467
248,21.807,511.878,589.708
249,21.794,512.432,589.949
250,21.782,512.984,590.186
251,21.769,513.535,590.425
252,21.757,514.083,590.659
253,21.744,514.629,590.895
254,21.731,515.173,591.127
255,21.718,515.716,591.360
256,21.705,516.257,591.590
257,21.692,516.796,591.820
258,21.679,517.333,592.048
259,21.666,517.869,592.276
260,21.652,518.403,592.502
261,21.639,518.935,592.726
262,21.625,519.465,592.951
263,21.611,519.993,593.172
264,21.598,520.521,593.395
265,21.584,521.045,593.614
266,21.570,521.568,593.835
267,21.556,522.090,594.051
268,21.542,522.611,594.269
269,21.527,523.129,594.483
270,21.513,523.646,594.700
271,21.499,524.160,594.911
272,21.484,524.674,595.125
273,21.469,525.184,595.335
274,21.455,525.694,595.547
275,21.440,526.202,595.755
276,21.425,526.709,595.965
277,21.410,527.214,596.170
278,21.395,527.718,596.378
279,21.380,528.219,596.581
280,21.364,528.718,596.787
281,21.349,529.217,596.988
282,21.333,529.714,597.192
283,21.318,530.209,597.391
284,21.302,530.702,597.593
285,21.286,531.194,597.790
286,21.270,531.684,597.990
287,21.254,532.172,598.185
288,21.238,532.659,598.383
289,21.222,533.145,598.576
290,21.205,533.629,598.772
291,21.189,534.111,598.963
292,21.172,534.592,599.158
293,21.156,535.070,599.347
294,21.139,535.547,599.539
295,21.122,536.023,599.727
296,21.105,536.498,599.917
297,21.088,536.970,600.103
298,21.071,537.442,600.291
299,21.054,537.911,600.475
300,21.037,538.378,600.662
301,21.019,538.845,600.844
302,21.002,539.309,601.030
303,20.984,539.773,601.210
304,20.966,540.234,601.393
305,20.948,540.695,601.572
306,20.930,541.153,601.753
307,20.912,541.609,601.930
308,20.894,542.065,602.110
309,20.876,542.518,602.286
310,20.858,542.971,602.463
311,20.839,543.422,602.636
312,20.821,543.871,602.813
313,20.802,544.318,602.985
314,20.783,544.764,603.160
315,20.764,545.208,603.330
316,20.745,545.651,603.504
317,20.726,546.093,603.672
318,20.707,546.533,603.844
319,20.688,546.971,604.011
320,20.669,547.407,604.180
321,20.649,547.842,604.347
322,20.630,548.276,604.514
323,20.610,548.708,604.679
324,20.590,549.139,604.845
325,20.570,549.568,605.007
326,20.551,549.995,605.173
327,20.531,550.421,605.334
328,20.510,550.845,605.498
329,20.490,551.268,605.657
330,20.470,551.689,605.820
331,20.450,552.109,605.977
332,20.429,552.527,606.138
333,20.409,552.944,606.294
334,20.388,553.359,606.453
335,20.367,553.772,606.609
336,20.346,554.184,606.766
337,20.325,554.595,606.920
338,20.304,555.004,607.076
339,20.283,555.411,607.228
340,20.262,555.817,607.383
341,20.241,556.221,607.533
342,20.219,556.624,607.687
343,20.198,557.025,607.836
344,20.176,557.425,607.989
345,20.155,557.823,608.136
346,20.133,558.220,608.287
347,20.111,558.615,608.434
348,20.089,559.008,608.582
349,20.067,559.400,608.728
350,20.045,559.790,608.875
351,20.023,560.179,609.020
352,20.001,560.567,609.166
353,19.979,560.953,609.309
354,19.956,561.337,609.454
355,19.934,561.719,609.594
356,19.911,562.100,609.739
357,19.889,562.480,609.878
358,19.866,562.858,610.021
359,19.843,563.235,610.159
360,19.820,563.610,610.301
361,19.797,563.984,610.438
362,19.774,564.355,610.578
363,19.751,564.725,610.714
364,19.728,565.094,610.852
365,19.705,565.461,610.987
366,19.681,565.827,611.124
367,19.658,566.191,611.258
368,19.635,566.554,611.393
369,19.611,566.914,611.526
370,19.587,567.274,611.660
371,19.564,567.632,611.791
372,19.540,567.988,611.924
373,19.516,568.343,612.054
374,19.492,568.696,612.186
375,19.468,569.048,612.314
376,19.444,569.397,612.446
377,19.420,569.746,612.573
378,19.396,570.093,612.703
379,19.372,570.438,612.828
380,19.348,570.782,612.957
381,19.323,571.125,613.082
382,19.299,571.465,613.208
383,19.274,571.804,613.332
384,19.250,572.141,613.458
385,19.225,572.477,613.581
386,19.200,572.812,613.705
387,19.176,573.145,613.827
388,19.151,573.476,613.950
389,19.126,573.806,614.070
390,19.101,574.133,614.193
391,19.076,574.459,614.311
392,19.051,574.785,614.433
393,19.026,575.108,614.550
394,19.001,575.430,614.671
395,18.975,575.750,614.787
396,18.950,576.068,614.906
397,18.925,576.385,615.021
398,18.899,576.700,615.139
399,18.874,577.014,615.253
400,18.848,577.327,615.369
401,18.823,577.637,615.482
402,18.797,577.947,615.597
403,18.771,578.253,615.710
404,18.746,578.559,615.823
405,18.720,578.864,615.935
406,18.694,579.167,616.047
407,18.668,579.468,616.157
408,18.642,579.768,616.269
409,18.616,580.066,616.377
410,18.590,580.361,616.488
411,18.564,580.656,616.595
412,18.538,580.950,616.705
413,18.512,581.241,616.811
414,18.485,581.532,616.920
415,18.459,581.820,617.025
416,18.433,582.107,617.133
417,18.406,582.392,617.237
418,18.380,582.676,617.343
419,18.353,582.958,617.446
420,18.326,583.239,617.551
421,18.300,583.518,617.653
422,18.273,583.795,617.757
423,18.246,584.071,617.858
424,18.220,584.345,617.961
425,18.193,584.618,618.060
426,18.166,584.889,618.162
427,18.139,585.159,618.260
428,18.112,585.427,618.362
429,18.085,585.694,618.459
430,18.058,585.958,618.559
431,18.031,586.221,618.655
432,18.004,586.483,618.754
433,17.977,586.744,618.849
434,17.949,587.003,618.948
435,17.922,587.260,619.041
436,17.895,587.516,619.139
437,17.867,587.769,619.231
438,17.840,588.021,619.327
439,17.812,588.273,619.419
440,17.785,588.522,619.513
441,17.757,588.770,619.605
442,17.730,589.017,619.698
443,17.702,589.262,619.789
444,17.675,589.505,619.881
445,17.647,589.746,619.970
446,17.619,589.987,620.061
447,17.591,590.226,620.149
448,17.564,590.463,620.240
449,17.536,590.699,620.326
450,17.508,590.934,620.416
451,17.480,591.166,620.502
452,17.452,591.397,620.591
453,17.424,591.627,620.675
454,17.396,591.856,620.763
455,17.368,592.083,620.847
456,17.340,592.308,620.934
457,17.311,592.532,621.016
458,17.283,592.755,621.102
459,17.255,592.975,621.184
460,17.227,593.195,621.269
461,17.198,593.413,621.350
462,17.170,593.630,621.433
463,17.142,593.845,621.513
464,17.113,594.059,621.595
465,17.085,594.272,621.675
466,17.056,594.483,621.756
467,17.028,594.692,621.835
468,16.999,594.900,621.915
469,16.971,595.107,621.992
470,16.942,595.312,622.072
471,16.913,595.516,622.148
472,16.885,595.719,622.227
473,16.856,595.920,622.302
474,16.827,596.120,622.381
475,16.799,596.318,622.455
476,16.770,596.515,622.532
477,16.741,596.711,622.606
478,16.712,596.906,622.682
479,16.683,597.099,622.754
480,16.654,597.291,622.830
481,16.625,597.482,622.901
482,16.596,597.670,622.976
483,16.567,597.858,623.047
484,16.538,598.044,623.120
485,16.509,598.230,623.190
486,16.480,598.414,623.262
487,16.451,598.597,623.332
488,16.422,598.778,623.403
489,16.393,598.958,623.472
490,16.364,599.137,623.542
491,16.335,599.314,623.611
492,16.306,599.491,623.680
493,16.276,599.666,623.747
494,16.247,599.840,623.816
495,16.218,600.013,623.882
496,16.189,600.185,623.950
497,16.159,600.355,624.015
498,16.130,600.524,624.083
499,16.101,600.692,624.147
500,16.071,600.858,624.214
501,16.042,601.024,624.278
502,16.013,601.188,624.344
503,15.983,601.352,624.406
504,15.954,601.514,624.472
505,15.924,601.675,624.534
506,15.895,601.835,624.598
507,15.866,601.994,624.660
508,15.836,602.152,624.724
509,15.807,602.308,624.784
510,15.777,602.463,624.847
511,15.748,602.618,624.907
512,15.718,602.771,624.968
513,15.689,602.923,625.028
514,15.659,603.075,625.089
515,15.630,603.225,625.148
516,15.600,603.374,625.208
517,15.570,603.522,625.267
518,15.541,603.669,625.326
519,15.511,603.815,625.384
520,15.482,603.960,625.443
521,15.452,604.104,625.499
522,15.423,604.247,625.558
523,15.393,604.389,625.614
524,15.363,604.530,625.672
525,15.334,604.671,625.727
526,15.304,604.810,625.785
527,15.275,604.948,625.839
528,15.245,605.086,625.896
529,15.215,605.222,625.950
530,15.186,605.357,626.007
531,15.156,605.491,626.060
532,15.126,605.625,626.116
533,15.097,605.758,626.168
534,15.067,605.890,626.223
535,15.038,606.021,626.275
536,15.008,606.151,626.330
537,14.978,606.281,626.382
538,14.949,606.409,626.436
539,14.919,606.537,626.487
540,14.889,606.664,626.540
541,14.860,606.790,626.590
542,14.830,606.915,626.644
543,14.801,607.039,626.693
544,14.771,607.162,626.746
545,14.741,607.285,626.795
546,14.712,607.407,626.847
547,14.682,607.529,626.896
548,14.653,607.649,626.947
549,14.623,607.769,626.996
550,14.594,607.888,627.046
551,14.564,608.006,627.095
552,14.535,608.124,627.144
553,14.505,608.241,627.193
554,14.476,608.357,627.242
555,14.446,608.473,627.290
556,14.417,608.587,627.339
557,14.387,608.701,627.386
558,14.358,608.815,627.434
559,14.328,608.927,627.481
560,14.299,609.039,627.529
561,14.269,609.150,627.575
562,14.240,609.261,627.623
563,14.211,609.371,627.668
564,14.181,609.481,627.716
565,14.152,609.590,627.761
566,14.122,609.698,627.809
567,14.093,609.806,627.853
568,14.064,609.913,627.901
569,14.035,610.019,627.945
570,14.005,610.125,627.992
571,13.976,610.230,628.035
572,13.947,610.335,628.082
573,13.918,610.439,628.125
574,13.888,610.543,628.172
575,13.859,610.646,628.215
576,13.830,610.748,628.261
577,13.801,610.850,628.303
578,13.772,610.951,628.349
579,13.743,611.052,628.391
580,13.714,611.153,628.437
581,13.685,611.253,628.479
582,13.656,611.352,628.524
583,13.627,611.451,628.566
584,13.598,611.550,628.610
585,13.569,611.648,628.652
586,13.540,611.746,628.696
587,13.511,611.843,628.738
588,13.482,611.939,628.782
589,13.453,612.036,628.823
590,13.424,612.131,628.867
591,13.396,612.227,628.908
592,13.367,612.322,628.951
593,13.338,612.416,628.992
594,13.309,612.510,629.035
595,13.281,612.604,629.076
596,13.252,612.697,629.119
597,13.223,612.790,629.159
598,13.195,612.883,629.202
599,13.166,612.975,629.242
600,13.138,613.066,629.285
601,13.109,613.157,629.325
602,13.081,613.248,629.367
603,13.052,613.339,629.407
604,13.024,613.429,629.449
605,12.995,613.519,629.489
606,12.967,613.609,629.531
607,12.939,613.698,629.570
608,12.911,613.787,629.613
609,12.882,613.875,629.652
610,12.854,613.964,629.694
611,12.826,614.052,629.733
612,12.798,614.139,629.775
613,12.770,614.227,629.813
614,12.742,614.314,629.855
615,12.714,614.401,629.894
616,12.685,614.487,629.936
617,12.658,614.573,629.974
618,12.630,614.659,630.016
619,12.602,614.745,630.054
620,12.574,614.830,630.096
621,12.546,614.915,630.134
622,12.518,615.000,630.175
623,12.490,615.085,630.214
624,12.463,615.169,630.255
625,12.435,615.253,630.293
626,12.407,615.337,630.334
627,12.380,615.421,630.372
628,12.352,615.504,630.414
629,12.325,615.588,630.452
630,12.297,615.671,630.493
631,12.270,615.753,630.531
632,12.242,615.836,630.572
633,12.215,615.918,630.610
634,12.188,616.000,630.651
635,12.161,616.082,630.689
636,12.133,616.164,630.729
637,12.106,616.246,630.767
638,12.079,616.327,630.808
639,12.052,616.408,630.846
640,12.025,616.489,630.887
641,11.998,616.570,630.925
642,11.971,616.650,630.966
643,11.944,616.731,631.004
644,11.917,616.811,631.044
645,11.890,616.891,631.082
646,11.863,616.971,631.123
647,11.836,617.051,631.161
648,11.810,617.131,631.202
649,11.783,617.210,631.240
650,11.756,617.290,631.281
651,11.730,617.369,631.319
652,11.703,617.448,631.359
653,11.677,617.527,631.397
654,11.650,617.606,631.438
655,11.624,617.685,631.476
656,11.597,617.764,631.517
657,11.571,617.842,631.555
658,11.545,617.921,631.596
659,11.519,617.999,631.634
660,11.492,618.077,631.675
661,11.466,618.155,631.713
662,11.440,618.234,631.754
663,11.414,618.311,631.792
664,11.388,618.389,631.833
665,11.362,618.467,631.872
666,11.336,618.545,631.913
667,11.310,618.622,631.951
668,11.285,618.700,631.992
669,11.259,618.777,632.030
670,11.233,618.855,632.072
671,11.208,618.932,632.110
672,11.182,619.009,632.151
673,11.156,619.086,632.190
674,11.131,619.163,632.231
675,11.105,619.240,632.270
676,11.080,619.317,632.311
677,11.055,619.394,632.350
678,11.029,619.471,632.392
679,11.004,619.548,632.430
680,10.979,619.625,632.472
681,10.954,619.701,632.511
682,10.928,619.778,632.553
683,10.903,619.855,632.592
684,10.878,619.931,632.634
685,10.853,620.008,632.673
686,10.828,620.084,632.715
687,10.804,620.161,632.754
688,10.779,620.237,632.796
689,10.754,620.313,632.835
690,10.729,620.390,632.878
691,10.705,620.466,632.917
692,10.680,620.543,632.959
693,10.656,620.619,632.999
694,10.631,620.695,633.041
695,10.607,620.771,633.081
696,10.582,620.848,633.124
697,10.558,620.924,633.163
698,10.534,621.000,633.206
699,10.509,621.076,633.246
700,10.485,621.153,633.289
701,10.461,621.229,633.329
702,10.437,621.305,633.372
703,10.413,621.381,633.412
704,10.389,621.458,633.455
705,10.365,621.534,633.496
706,10.341,621.610,633.539
707,10.317,621.686,633.579
708,10.294,621.762,633.623
709,10.270,621.839,633.663
710,10.246,621.915,633.707
711,10.223,621.991,633.748
712,10.199,622.068,633.792
713,10.176,622.144,633.832
714,10.152,622.220,633.876
715,10.129,622.296,633.917
716,10.105,622.373,633.962
717,10.082,622.449,634.003
718,10.059,622.526,634.047
719,10.036,622.602,634.088
720,10.013,622.679,634.133
721,9.990,622.755,634.174
722,9.967,622.832,634.219
723,9.944,622.908,634.261
724,9.921,622.985,634.306
725,9.898,623.062,634.347
726,9.875,623.138,634.392
727,9.853,623.215,634.435
728,9.830,623.292,634.480
729,9.807,623.369,634.522
730,9.785,623.445,634.567
731,9.762,623.522,634.610
732,9.740,623.599,634.655
733,9.718,623.676,634.698
734,9.695,623.753,634.743
735,9.673,623.830,634.786
736,9.651,623.908,634.832
737,9.629,623.985,634.875
738,9.607,624.062,634.921
739,9.585,624.139,634.964
740,9.563,624.217,635.011
741,9.541,624.294,635.054
742,9.519,624.371,635.100
743,9.497,624.449,635.144
744,9.476,624.527,635.190
745,9.454,624.604,635.234
746,9.432,624.682,635.281
747,9.411,624.760,635.325
748,9.389,624.838,635.372
749,9.368,624.915,635.416
750,9.347,624.993,635.463
751,9.325,625.071,635.508
752,9.304,625.149,635.555
753,9.283,625.228,635.599
754,9.262,625.306,635.647
755,9.241,625.384,635.692
756,9.220,625.463,635.740
757,9.199,625.541,635.785
758,9.178,625.620,635.833
759,9.157,625.698,635.878
760,9.137,625.777,635.926
761,9.116,625.855,635.972
762,9.095,625.934,636.020
763,9.075,626.013,636.066
764,9.054,626.092,636.114
765,9.034,626.171,636.160
766,9.013,626.250,636.208
767,8.993,626.329,636.255
768,8.973,626.409,636.303
769,8.953,626.488,636.350
770,8.933,626.568,636.399
771,8.913,626.647,636.446
772,8.893,626.727,636.495
773,8.873,626.807,636.542
774,8.853,626.886,636.591
775,8.833,626.966,636.638
776,8.813,627.046,636.687
777,8.794,627.127,636.735
778,8.774,627.207,636.784
779,8.754,627.287,636.832
780,8.735,627.367,636.882
781,8.716,627.448,636.930
782,8.696,627.528,636.980
783,8.677,627.609,637.028
784,8.658,627.690,637.078
785,8.638,627.771,637.127
786,8.619,627.852,637.177
787,8.600,627.933,637.226
788,8.581,628.014,637.276
789,8.562,628.095,637.325
790,8.544,628.176,637.376
791,8.525,628.258,637.425
792,8.506,628.339,637.476
793,8.488,628.421,637.525
794,8.469,628.502,637.577
795,8.450,628.584,637.626
796,8.432,628.666,637.678
797,8.414,628.748,637.727
798,8.395,628.830,637.779
799,8.377,628.912,637.828
800,8.359,628.994,637.881
801,8.341,629.076,637.930
802,8.323,629.159,637.983
803,8.305,629.241,638.032
804,8.287,629.324,638.085
805,8.269,629.407,638.135
806,8.251,629.490,638.188
807,8.233,629.572,638.238
808,8.216,629.656,638.292
809,8.198,629.739,638.342
810,8.181,629.822,638.396
811,8.163,629.905,638.446
812,8.146,629.989,638.500
813,8.129,630.072,638.550
814,8.111,630.156,638.604
815,8.094,630.239,638.655
816,8.077,630.324,638.709
817,8.060,630.407,638.760
818,8.043,630.491,638.815
819,8.026,630.575,638.866
820,8.009,630.660,638.921
821,7.993,630.744,638.972
822,7.976,630.829,639.027
823,7.959,630.913,639.078
824,7.943,630.998,639.133
825,7.926,631.082,639.185
826,7.910,631.167,639.240
827,7.893,631.252,639.292
828,7.877,631.337,639.348
829,7.861,631.422,639.400
830,7.845,631.508,639.456
831,7.829,631.593,639.508
832,7.813,631.679,639.564
833,7.797,631.764,639.616
834,7.781,631.850,639.672
835,7.765,631.935,639.725
836,7.749,632.021,639.781
837,7.734,632.107,639.834
838,7.718,632.193,639.891
839,7.703,632.279,639.944
840,7.687,632.366,640.000
841,7.672,632.452,640.054
842,7.657,632.539,640.111
843,7.641,632.625,640.164
844,7.626,632.712,640.221
845,7.611,632.798,640.274
846,7.596,632.885,640.332
847,7.581,632.972,640.385
848,7.566,633.059,640.443
849,7.552,633.146,640.497
850,7.537,633.234,640.554
851,7.522,633.321,640.608
852,7.508,633.408,640.666
853,7.493,633.495,640.720
854,7.479,633.583,640.779
855,7.464,633.671,640.833
856,7.450,633.759,640.891
857,7.436,633.846,640.945
858,7.422,633.934,641.004
859,7.407,634.022,641.058
860,7.393,634.111,641.117
861,7.379,634.199,641.172
862,7.366,634.287,641.230
863,7.352,634.375,641.285
864,7.338,634.464,641.344
865,7.324,634.552,641.399
866,7.311,634.641,641.458
867,7.297,634.729,641.514
868,7.284,634.818,641.573
869,7.271,634.907,641.628
870,7.257,634.996,641.687
871,7.244,635.085,641.743
872,7.231,635.174,641.802
873,7.218,635.263,641.858
874,7.205,635.353,641.917
875,7.192,635.442,641.974
876,7.179,635.531,642.033
877,7.166,635.620,642.090
878,7.154,635.710,642.149
879,7.141,635.799,642.206
880,7.128,635.889,642.265
881,7.116,635.979,642.322
882,7.103,636.069,642.381
883,7.091,636.158,642.438
884,7.079,636.248,642.497
885,7.067,636.338,642.554
886,7.055,636.428,642.614
887,7.043,636.518,642.671
888,7.031,636.609,642.731
889,7.019,636.698,642.788
890,7.007,636.789,642.848
891,6.995,636.879,642.905
892,6.983,636.969,642.965
893,6.972,637.060,643.022
894,6.960,637.150,643.082
895,6.949,637.240,643.140
896,6.937,637.331,643.200
897,6.926,637.421,643.257
898,6.915,637.512,643.317
899,6.904,637.602,643.375
900,6.892,637.693,643.435
901,6.881,637.784,643.493
902,6.871,637.875,643.553
903,6.860,637.965,643.611
904,6.849,638.056,643.671
905,6.838,638.147,643.729
906,6.827,638.237,643.789
907,6.817,638.328,643.847
908,6.806,638.419,643.907
909,6.796,638.510,643.965
910,6.785,638.601,644.026
911,6.775,638.691,644.084
912,6.765,638.782,644.144
913,6.755,638.873,644.202
914,6.745,638.964,644.262
915,6.735,639.055,644.320
916,6.725,639.146,644.381
917,6.715,639.236,644.439
918,6.705,639.327,644.499
919,6.695,639.418,644.557
920,6.686,639.509,644.617
921,6.676,639.599,644.676
922,6.667,639.690,644.736
923,6.657,639.781,644.794
924,6.648,639.872,644.854
925,6.638,639.962,644.912
926,6.629,640.053,644.973
927,6.620,640.144,645.031
928,6.611,640.234,645.091
929,6.602,640.325,645.149
930,6.593,640.415,645.209
931,6.584,640.506,645.267
932,6.575,640.596,645.327
933,6.567,640.686,645.385
934,6.558,640.777,645.445
935,6.549,640.867,645.503
936,6.541,640.957,645.563
937,6.532,641.047,645.621
938,6.524,641.137,645.680
939,6.516,641.227,645.738
940,6.507,641.317,645.798
941,6.499,641.407,645.856
942,6.491,641.497,645.915
943,6.483,641.586,645.973
944,6.475,641.676,646.032
945,6.467,641.765,646.090
946,6.459,641.855,646.149
947,6.451,641.944,646.206
948,6.444,642.033,646.266
949,6.436,642.122,646.323
950,6.428,642.211,646.382
951,6.421,642.300,646.439
952,6.413,642.389,646.498
953,6.406,642.477,646.555
954,6.399,642.566,646.614
955,6.391,642.654,646.670
956,6.384,642.742,646.729
957,6.377,642.830,646.785
958,6.370,642.918,646.844
959,6.363,643.006,646.900
960,6.356,643.093,646.959
961,6.349,643.181,647.014
962,6.342,643.268,647.073
963,6.336,643.355,647.128
964,6.329,643.442,647.187
965,6.322,643.529,647.242
966,6.316,643.616,647.301
967,6.309,643.702,647.355
968,6.303,643.788,647.414
969,6.297,643.874,647.468
970,6.290,643.960,647.526
971,6.284,644.046,647.580
972,6.278,644.131,647.638
973,6.272,644.217,647.692
974,6.266,644.302,647.750
975,6.260,644.386,647.803
976,6.254,644.471,647.860
977,6.248,644.555,647.914
978,6.242,644.640,647.971
979,6.236,644.724,648.024
980,6.230,644.807,648.081
981,6.225,644.891,648.134
982,6.219,644.974,648.190
983,6.214,645.057,648.242
984,6.208,645.140,648.298
985,6.203,645.222,648.351
986,6.197,645.304,648.406
987,6.192,645.386,648.458
988,6.187,645.468,648.513
989,6.182,645.549,648.565
990,6.176,645.630,648.620
991,6.171,645.711,648.671
992,6.166,645.791,648.726
993,6.161,645.871,648.776
994,6.156,645.951,648.831
995,6.151,646.031,648.881
996,6.146,646.110,648.935
997,6.142,646.189,648.985
998,6.137,646.268,649.038
999,6.132,646.347,649.088
1000,6.128,646.425,649.141
1001,6.123,646.502,649.190
1002,6.118,646.580,649.242
1003,6.114,646.657,649.291
1004,6.109,646.733,649.343
1005,6.105,646.809,649.392
1006,6.101,646.885,649.443
1007,6.096,646.961,649.492
1008,6.092,647.037,649.542
1009,6.088,647.112,649.590
1010,6.084,647.186,649.640
1011,6.080,647.260,649.688
1012,6.076,647.334,649.738
1013,6.071,647.408,649.784
1014,6.067,647.481,649.834
1015,6.064,647.554,649.881
1016,6.060,647.626,649.929
1017,6.056,647.697,649.975
1018,6.052,647.769,650.023
1019,6.048,647.840,650.069
1020,6.044,647.911,650.117
1021,6.041,647.982,650.162
1022,6.037,648.051,650.209
1023,6.033,648.120,650.253
1024,6.030,648.190,650.300
1025,6.026,648.258,650.344
1026,6.023,648.326,650.390
1027,6.019,648.394,650.434
1028,6.016,648.461,650.479
1029,6.012,648.529,650.523
1030,6.009,648.596,650.567
1031,6.006,648.661,650.610
1032,6.002,648.727,650.654
1033,5.999,648.792,650.696
1034,5.996,648.857,650.739
1035,5.993,648.921,650.782
1036,5.989,648.985,650.824
1037,5.986,649.048,650.865
1038,5.983,649.111,650.907
1039,5.980,649.174,650.949
1040,5.977,649.235,650.990
1041,5.974,649.297,651.030
1042,5.971,649.358,651.071
1043,5.968,649.419,651.111
1044,5.965,649.479,651.150
1045,5.962,649.539,651.189
1046,5.960,649.598,651.229
1047,5.957,649.657,651.268
1048,5.954,649.715,651.306
1049,5.951,649.773,651.345
1050,5.948,649.829,651.382
1051,5.946,649.886,651.420
1052,5.943,649.943,651.458
1053,5.940,649.999,651.495
1054,5.938,650.054,651.532
1055,5.935,650.109,651.568
1056,5.932,650.164,651.604
1057,5.930,650.217,651.640
1058,5.927,650.271,651.675
1059,5.925,650.324,651.711
1060,5.922,650.376,651.745
1061,5.920,650.428,651.781
1062,5.917,650.480,651.814
1063,5.915,650.530,651.848
1064,5.912,650.581,651.881
1065,5.910,650.631,651.916
1066,5.908,650.681,651.948
1067,5.905,650.730,651.981
1068,5.903,650.778,652.013
1069,5.901,650.826,652.046
1070,5.898,650.874,652.077
1071,5.896,650.921,652.108
1072,5.894,650.967,652.139
1073,5.892,651.013,652.171
1074,5.889,651.059,652.200
1075,5.887,651.104,652.231
1076,5.885,651.148,652.260
1077,5.883,651.192,652.290
1078,5.881,651.236,652.319
1079,5.879,651.279,652.349
1080,5.876,651.322,652.377
1081,5.874,651.364,652.406
1082,5.872,651.406,652.433
1083,5.870,651.447,652.461
1084,5.868,651.488,652.488
1085,5.866,651.529,652.516
1086,5.864,651.569,652.543
1087,5.862,651.608,652.569
1088,5.860,651.647,652.595
1089,5.858,651.685,652.621
1090,5.856,651.724,652.647
1091,5.854,651.761,652.672
1092,5.852,651.798,652.697
1093,5.850,651.835,652.722
1094,5.848,651.872,652.746
1095,5.846,651.907,652.770
1096,5.844,651.942,652.795
1097,5.842,651.977,652.818
1098,5.841,652.012,652.841
1099,5.839,652.046,652.865
1100,5.837,652.080,652.887
1101,5.835,652.113,652.909
1102,5.833,652.145,652.932
1103,5.831,652.178,652.953
1104,5.829,652.210,652.975
1105,5.828,652.241,652.996
1106,5.826,652.272,653.017
1107,5.824,652.303,653.038
1108,5.822,652.333,653.059
1109,5.821,652.363,653.079
1110,5.819,652.392,653.099
1111,5.817,652.422,653.119
1112,5.815,652.450,653.138
1113,5.813,652.479,653.157
1114,5.812,652.506,653.176
1115,5.810,652.534,653.195
1116,5.808,652.561,653.214
1117,5.807,652.587,653.232
1118,5.805,652.614,653.250
1119,5.803,652.640,653.268
1120,5.801,652.666,653.285
1121,5.800,652.691,653.303
1122,5.798,652.716,653.320
1123,5.796,652.740,653.336
1124,5.795,652.764,653.353
1125,5.793,652.788,653.370
1126,5.791,652.811,653.385
1127,5.790,652.835,653.401
1128,5.788,652.858,653.417
1129,5.787,652.880,653.432
1130,5.785,652.902,653.447
1131,5.783,652.923,653.462
1132,5.782,652.945,653.477
1133,5.780,652.966,653.491
1134,5.778,652.987,653.505
1135,5.777,653.008,653.519
1136,5.775,653.028,653.533
1137,5.774,653.048,653.548
1138,5.772,653.068,653.561
1139,5.771,653.087,653.574
1140,5.769,653.106,653.587
1141,5.767,653.125,653.600
1142,5.766,653.143,653.613
1143,5.764,653.161,653.625
1144,5.763,653.179,653.638
1145,5.761,653.197,653.650
1146,5.760,653.214,653.662
1147,5.758,653.231,653.674
1148,5.757,653.248,653.685
1149,5.755,653.264,653.697
1150,5.753,653.281,653.708
1151,5.752,653.297,653.719
1152,5.750,653.312,653.730
1153,5.749,653.328,653.741
1154,5.747,653.344,653.751
1155,5.746,653.358,653.762
1156,5.744,653.373,653.772
1157,5.743,653.388,653.782
1158,5.741,653.402,653.792
1159,5.740,653.417,653.802
1160,5.738,653.430,653.812
1161,5.737,653.444,653.821
1162,5.736,653.458,653.830
1163,5.734,653.471,653.839
1164,5.733,653.484,653.849
1165,5.731,653.497,653.858
1166,5.730,653.510,653.866
1167,5.728,653.522,653.875
1168,5.727,653.534,653.884
1169,5.725,653.546,653.892
1170,5.724,653.558,653.901
1171,5.722,653.570,653.909
1172,5.721,653.581,653.917
1173,5.720,653.593,653.925
1174,5.718,653.604,653.932
1175,5.717,653.615,653.940
1176,5.715,653.626,653.947
1177,5.714,653.637,653.955
1178,5.712,653.647,653.962
1179,5.711,653.657,653.969
1180,5.710,653.668,653.977
1181,5.708,653.678,653.983
1182,5.707,653.687,653.990
1183,5.705,653.697,653.997
1184,5.704,653.706,654.003
1185,5.703,653.716,654.010
1186,5.701,653.725,654.017
1187,5.700,653.735,654.023
1188,5.699,653.743,654.029
1189,5.697,653.752,654.035
1190,5.696,653.761,654.041
1191,5.694,653.770,654.047
1192,5.693,653.778,654.053
1193,5.692,653.787,654.059
1194,5.690,653.794,654.065
1195,5.689,653.802,654.070
1196,5.688,653.810,654.076
1197,5.686,653.818,654.082
1198,5.685,653.826,654.087
1199,5.684,653.833,654.092
1200,5.682,653.840,654.097
1201,5.681,653.848,654.102
1202,5.680,653.855,654.107
1203,5.678,653.863,654.112
1204,5.677,653.869,654.117
1205,5.676,653.876,654.122
1206,5.674,653.883,654.126
1207,5.673,653.890,654.132
1208,5.672,653.897,654.136
1209,5.671,653.903,654.140
1210,5.669,653.910,654.144
1211,5.668,653.916,654.150
1212,5.667,653.922,654.154
1213,5.665,653.928,654.158
1214,5.664,653.934,654.162
1215,5.663,653.940,654.167
1216,5.661,653.946,654.170
1217,5.660,653.952,654.174
1218,5.659,653.957,654.178
1219,5.658,653.963,654.182
1220,5.656,653.969,654.186
1221,5.655,653.974,654.190
1222,5.654,653.979,654.193
1223,5.653,653.984,654.198
1224,5.651,653.990,654.201
1225,5.650,653.995,654.204
1226,5.649,654.000,654.208
1227,5.648,654.005,654.211
1228,5.646,654.010,654.215
1229,5.645,654.014,654.218
1230,5.644,654.019,654.222
1231,5.643,654.024,654.225
1232,5.641,654.029,654.228
1233,5.640,654.033,654.232
1234,5.639,654.038,654.235
1235,5.638,654.043,654.238
1236,5.637,654.047,654.240
1237,5.635,654.051,654.243
1238,5.634,654.056,654.247
1239,5.633,654.060,654.250
1240,5.632,654.064,654.252
1241,5.631,654.067,654.255
1242,5.629,654.072,654.258
1243,5.628,654.076,654.261
1244,5.627,654.080,654.264
1245,5.626,654.083,654.266
1246,5.625,654.087,654.269
1247,5.623,654.091,654.271
1248,5.622,654.095,654.274
1249,5.621,654.099,654.277
1250,5.620,654.102,654.279
1251,5.619,654.105,654.282
1252,5.617,654.109,654.285
1253,5.616,654.113,654.287
1254,5.615,654.116,654.289
1255,5.614,654.119,654.291
1256,5.613,654.122,654.293
1257,5.612,654.127,654.296
1258,5.611,654.130,654.299
1259,5.609,654.133,654.301
1260,5.608,654.136,654.303
1261,5.607,654.138,654.305
1262,5.606,654.142,654.307
1263,5.605,654.145,654.309
1264,5.604,654.148,654.311
1265,5.602,654.151,654.314
1266,5.601,654.154,654.316
1267,5.600,654.157,654.318
1268,5.599,654.160,654.319
1269,5.598,654.162,654.321
1270,5.597,654.165,654.323
1271,5.596,654.168,654.325
1272,5.595,654.171,654.327
1273,5.594,654.173,654.329
1274,5.592,654.176,654.331
1275,5.591,654.179,654.333
1276,5.590,654.181,654.334
1277,5.589,654.183,654.336
1278,5.588,654.186,654.338
1279,5.587,654.189,654.340
1280,5.586,654.191,654.342
1281,5.585,654.194,654.343
1282,5.584,654.196,654.345
1283,5.583,654.198,654.346
1284,5.581,654.200,654.348
1285,5.580,654.203,654.350
1286,5.579,654.206,654.351
1287,5.578,654.208,654.353
1288,5.577,654.210,654.355
1289,5.576,654.212,654.356
1290,5.575,654.214,654.358
1291,5.574,654.216,654.359
1292,5.573,654.219,654.361
1293,5.572,654.221,654.362
1294,5.571,654.223,654.363
1295,5.570,654.225,654.365
1296,5.569,654.226,654.366
1297,5.568,654.228,654.367
1298,5.566,654.231,654.369
1299,5.565,654.233,654.370
1300,5.564,654.235,654.371
1301,5.563,654.237,654.373
1302,5.562,654.238,654.375
1303,5.561,654.240,654.376
1304,5.560,654.243,654.377
1305,5.559,654.244,654.378
1306,5.558,654.246,654.380
1307,5.557,654.248,654.381
1308,5.556,654.249,654.382
1309,5.555,654.251,654.383
1310,5.554,654.253,654.384
1311,5.553,654.255,654.385
1312,5.552,654.256,654.386
1313,5.551,654.258,654.388
1314,5.550,654.260,654.390
1315,5.549,654.261,654.391
1316,5.548,654.263,654.392
1317,5.547,654.265,654.393
1318,5.546,654.266,654.394
1319,5.545,654.268,654.395
1320,5.544,654.269,654.396
1321,5.543,654.271,654.397
1322,5.542,654.273,654.398
1323,5.541,654.274,654.399
1324,5.540,654.275,654.400
1325,5.539,654.277,654.402
1326,5.538,654.279,654.403
1327,5.537,654.280,654.404
1328,5.536,654.282,654.405
1329,5.535,654.283,654.405
1330,5.534,654.284,654.406
1331,5.533,654.286,654.407
1332,5.532,654.287,654.408
1333,5.531,654.288,654.409
1334,5.530,654.290,654.410
1335,5.529,654.291,654.411
1336,5.528,654.292,654.412
1337,5.527,654.294,654.413
1338,5.526,654.295,654.414
1339,5.525,654.297,654.415
1340,5.524,654.298,654.416
1341,5.523,654.299,654.417
1342,5.522,654.300,654.418
1343,5.521,654.302,654.418
1344,5.520,654.303,654.419
1345,5.519,654.304,654.420
1346,5.519,654.305,654.421
1347,5.518,654.306,654.422
1348,5.517,654.308,654.423
1349,5.516,654.309,654.424
1350,5.515,654.310,654.425
1351,5.514,654.312,654.425
1352,5.513,654.313,654.426
1353,5.512,654.314,654.427
1354,5.511,654.315,654.428
1355,5.510,654.316,654.428
1356,5.509,654.317,654.429
1357,5.508,654.318,654.430
1358,5.507,654.319,654.430
1359,5.506,654.320,654.431
1360,5.505,654.322,654.433
1361,5.505,654.323,654.433
1362,5.504,654.324,654.434
1363,5.503,654.325,654.435
1364,5.502,654.326,654.435
1365,5.501,654.327,654.436
1366,5.500,654.328,654.437
1367,5.499,654.329,654.437
1368,5.498,654.330,654.438
1369,5.497,654.331,654.439
1370,5.496,654.332,654.440
1371,5.495,654.333,654.441
1372,5.495,654.334,654.441
1373,5.494,654.335,654.442
1374,5.493,654.336,654.442
1375,5.492,654.337,654.443
1376,5.491,654.338,654.444
1377,5.490,654.339,654.444
1378,5.489,654.340,654.445
1379,5.488,654.340,654.445
1380,5.487,654.341,654.446
1381,5.487,654.343,654.447
1382,5.486,654.344,654.448
1383,5.485,654.345,654.448
1384,5.484,654.345,654.449
1385,5.483,654.346,654.450
1386,5.482,654.347,654.450
1387,5.481,654.348,654.451
1388,5.480,654.349,654.451
1389,5.480,654.350,654.452
1390,5.479,654.350,654.452
1391,5.478,654.351,654.453
1392,5.477,654.353,654.454
1393,5.476,654.354,654.455
1394,5.475,654.354,654.455
1395,5.474,654.355,654.456
1396,5.473,654.356,654.456
1397,5.473,654.357,654.457
1398,5.472,654.357,654.457
1399,5.471,654.358,654.458
1400,5.470,654.359,654.458
1401,5.469,654.360,654.459
1402,5.468,654.361,654.460
1403,5.468,654.362,654.460
1404,5.467,654.363,654.461
1405,5.466,654.363,654.461
1406,5.465,654.364,654.462
1407,5.464,654.365,654.462
1408,5.463,654.365,654.463
1409,5.462,654.366,654.463
1410,5.462,654.367,654.464
1411,5.461,654.367,654.464
1412,5.460,654.369,654.465
1413,5.459,654.370,654.466
1414,5.458,654.370,654.466
1415,5.457,654.371,654.467
1416,5.457,654.372,654.467
1417,5.456,654.372,654.468
1418,5.455,654.373,654.468
1419,5.454,654.374,654.469
1420,5.453,654.374,654.469
1421,5.453,654.375,654.470
1422,5.452,654.376,654.470
1423,5.451,654.377,654.471
1424,5.450,654.377,654.471
1425,5.449,654.378,654.472
1426,5.448,654.379,654.472
1427,5.448,654.379,654.473
1428,5.447,654.380,654.473
1429,5.446,654.381,654.474
1430,5.445,654.381,654.474
1431,5.444,654.382,654.474
1432,5.444,654.383,654.475
1433,5.443,654.384,654.476
1434,5.442,654.384,654.476
1435,5.441,654.385,654.477
1436,5.440,654.386,654.477
1437,5.440,654.386,654.477
1438,5.439,654.387,654.478
1439,5.438,654.387,654.478
1440,5.437,654.388,654.479
1441,5.436,654.389,654.479
1442,5.436,654.390,654.480
1443,5.435,654.390,654.480
1444,5.434,654.391,654.481
1445,5.433,654.391,654.481
1446,5.433,654.392,654.481
1447,5.432,654.393,654.482
1448,5.431,654.393,654.482
1449,5.430,654.394,654.483
1450,5.429,654.394,654.483
1451,5.429,654.395,654.484
1452,5.428,654.396,654.484
1453,5.427,654.396,654.485
1454,5.426,654.397,654.485
1455,5.426,654.398,654.485
1456,5.425,654.398,654.486
1457,5.424,654.399,654.486
1458,5.423,654.399,654.487
1459,5.423,654.400,654.487
1460,5.422,654.401,654.488
1461,5.421,654.401,654.488
1462,5.420,654.402,654.488
1463,5.419,654.402,654.489
1464,5.419,654.403,654.489
1465,5.418,654.403,654.489
1466,5.417,654.404,654.490
1467,5.416,654.404,654.490
1468,5.416,654.405,654.491
1469,5.415,654.406,654.491
1470,5.414,654.407,654.492
1471,5.413,654.407,654.492
1472,5.413,654.408,654.492
1473,5.412,654.408,654.493
1474,5.411,654.409,654.493
1475,5.410,654.409,654.493
1476,5.410,654.410,654.494
1477,5.409,654.410,654.494
1478,5.408,654.411,654.495
1479,5.408,654.412,654.495
1480,5.407,654.412,654.495
1481,5.406,654.412,654.496
1482,5.405,654.413,654.496
1483,5.405,654.413,654.496
1484,5.404,654.414,654.497
1485,5.403,654.414,654.497
1486,5.402,654.415,654.497
1487,5.402,654.416,654.498
1488,5.401,654.416,654.498
1489,5.400,654.417,654.499
1490,5.399,654.417,654.499
1491,5.399,654.418,654.499
1492,5.398,654.418,654.500
1493,5.397,654.419,654.500
1494,5.397,654.419,654.500
1495,5.396,654.420,654.501
1496,5.395,654.420,654.501
1497,5.394,654.421,654.502
1498,5.394,654.421,654.502
1499,5.393,654.422,654.502
1500,5.392,654.422,654.503
1501,5.392,654.423,654.503
1502,5.391,654.423,654.503
1503,5.390,654.424,654.504
1504,5.389,654.424,654.504
1505,5.389,654.425,654.504
1506,5.388,654.425,654.505
1507,5.387,654.426,654.505
1508,5.387,654.426,654.505
1509,5.386,654.427,654.506
1510,5.385,654.427,654.506
1511,5.385,654.428,654.506
1512,5.384,654.428,654.507
1513,5.383,654.428,654.507
1514,5.382,654.429,654.508
1515,5.382,654.430,654.508
1516,5.381,654.430,654.508
1517,5.380,654.431,654.508
1518,5.380,654.431,654.509
1519,5.379,654.431,654.509
1520,5.378,654.432,654.509
1521,5.378,654.432,654.510
1522,5.377,654.433,654.510
1523,5.376,654.433,654.510
1524,5.376,654.434,654.511
1525,5.375,654.434,654.511
1526,5.374,654.435,654.511
1527,5.374,654.435,654.512
1528,5.373,654.435,654.512
1529,5.372,654.436,654.512
1530,5.371,654.436,654.512
1531,5.371,654.437,654.513
1532,5.370,654.437,654.513
1533,5.369,654.438,654.514
1534,5.369,654.438,654.514
1535,5.368,654.439,654.514
1536,5.367,654.439,654.514
1537,5.367,654.439,654.515
1538,5.366,654.440,654.515
1539,5.365,654.441,654.515
1540,5.365,654.441,654.516
1541,5.364,654.441,654.516
1542,5.363,654.442,654.516
1543,5.363,654.442,654.517
1544,5.362,654.442,654.517
1545,5.361,654.443,654.517
1546,5.361,654.443,654.517
1547,5.360,654.444,654.518
1548,5.359,654.444,654.518
1549,5.359,654.445,654.518
1550,5.358,654.445,654.519
1551,5.357,654.446,654.519
1552,5.357,654.446,654.519
1553,5.356,654.446,654.519
1554,5.356,654.447,654.520
1555,5.355,654.447,654.520
1556,5.354,654.448,654.520
1557,5.354,654.448,654.521
1558,5.353,654.448,654.521
1559,5.352,654.449,654.521
1560,5.352,654.449,654.521
1561,5.351,654.450,654.522
1562,5.350,654.450,654.522
1563,5.350,654.450,654.522
1564,5.349,654.451,654.523
1565,5.348,654.451,654.523
1566,5.348,654.452,654.523
1567,5.347,654.452,654.523
1568,5.347,654.452,654.524
1569,5.346,654.453,654.524
1570,5.345,654.453,654.524
1571,5.345,654.453,654.524
1572,5.344,654.454,654.525
1573,5.343,654.454,654.525
1574,5.343,654.455,654.525
1575,5.342,654.455,654.526
1576,5.341,654.455,654.526
1577,5.341,654.456,654.526
1578,5.340,654.456,654.526
1579,5.340,654.457,654.527
1580,5.339,654.457,654.527
1581,5.338,654.458,654.527
1582,5.338,654.458,654.528
1583,5.337,654.458,654.528
1584,5.336,654.459,654.528
1585,5.336,654.459,654.528
1586,5.335,654.459,654.528
1587,5.335,654.460,654.529
1588,5.334,654.460,654.529
1589,5.333,654.461,654.529
1590,5.333,654.461,654.530
1591,5.332,654.461,654.530
1592,5.331,654.461,654.530
1593,5.331,654.462,654.530
1594,5.330,654.462,654.531
1595,5.330,654.462,654.531
1596,5.329,654.463,654.531
1597,5.328,654.463,654.531
1598,5.328,654.464,654.532
1599,5.327,654.464,654.532
1600,5.327,654.464,654.532
1601,5.326,654.465,654.532
1602,5.325,654.465,654.533
1603,5.325,654.465,654.533
1604,5.324,654.466,654.533
1605,5.324,654.466,654.533
1606,5.323,654.467,654.534
1607,5.322,654.467,654.534
1608,5.322,654.467,654.534
1609,5.321,654.468,654.534
1610,5.321,654.468,654.535
1611,5.320,654.468,654.535
1612,5.319,654.469,654.535
1613,5.319,654.469,654.535
1614,5.318,654.469,654.536
1615,5.318,654.470,654.536
1616,5.317,654.470,654.536
1617,5.316,654.470,654.536
1618,5.316,654.471,654.536
1619,5.315,654.471,654.537
1620,5.315,654.471,654.537
1621,5.314,654.472,654.537
1622,5.313,654.472,654.538
1623,5.313,654.472,654.538
1624,5.312,654.473,654.538
1625,5.312,654.473,654.538
1626,5.311,654.473,654.538
1627,5.310,654.474,654.539
1628,5.310,654.474,654.539
1629,5.309,654.474,654.539
1630,5.309,654.475,654.539
1631,5.308,654.475,654.540
1632,5.308,654.475,654.540
1633,5.307,654.476,654.540
1634,5.306,654.476,654.540
1635,5.306,654.476,654.541
1636,5.305,654.477,654.541
1637,5.305,654.477,654.541
1638,5.304,654.477,654.541
1639,5.304,654.478,654.541
1640,5.303,654.478,654.542
1641,5.302,654.478,654.542
1642,5.302,654.479,654.542
1643,5.301,654.479,654.542
1644,5.301,654.479,654.543
1645,5.300,654.480,654.543
1646,5.300,654.480,654.543
1647,5.299,654.480,654.543
1648,5.298,654.480,654.543
1649,5.298,654.481,654.544
1650,5.297,654.481,654.544
1651,5.297,654.481,654.544
1652,5.296,654.482,654.544
1653,5.296,654.482,654.545
1654,5.295,654.482,654.545
1655,5.294,654.483,654.545
1656,5.294,654.483,654.545
1657,5.293,654.483,654.545
1658,5.293,654.484,654.546
1659,5.292,654.484,654.546
1660,5.292,654.484,654.546
1661,5.291,654.484,654.546
1662,5.291,654.485,654.546
1663,5.290,654.485,654.547
1664,5.289,654.485,654.547
1665,5.289,654.486,654.547
1666,5.288,654.486,654.547
1667,5.288,654.486,654.548
1668,5.287,654.487,654.548
1669,5.287,654.487,654.548
1670,5.286,654.487,654.548
1671,5.286,654.487,654.548
1672,5.285,654.488,654.549
1673,5.284,654.488,654.549
1674,5.284,654.488,654.549
1675,5.283,654.489,654.549
1676,5.283,654.489,654.549
1677,5.282,654.489,654.550
1678,5.282,654.489,654.550
1679,5.281,654.490,654.550
1680,5.281,654.490,654.550
1681,5.280,654.490,654.550
1682,5.280,654.491,654.551
1683,5.279,654.491,654.551
1684,5.278,654.491,654.551
1685,5.278,654.491,654.551
1686,5.277,654.492,654.551
1687,5.277,654.492,654.552
1688,5.276,654.492,654.552
1689,5.276,654.493,654.552
1690,5.275,654.493,654.552
1691,5.275,654.493,654.552
1692,5.274,654.493,654.553
1693,5.274,654.494,654.553
1694,5.273,654.494,654.553
1695,5.273,654.494,654.553
1696,5.272,654.495,654.553
1697,5.272,654.495,654.554
1698,5.271,654.495,654.554
1699,5.270,654.495,654.554
1700,5.270,654.496,654.554
1701,5.269,654.496,654.554
1702,5.269,654.496,654.555
1703,5.268,654.497,654.555
1704,5.268,654.497,654.555
1705,5.267,654.497,654.555
1706,5.267,654.497,654.555
1707,5.266,654.498,654.555
1708,5.266,654.498,654.556
1709,5.265,654.498,654.556
1710,5.265,654.498,654.556
1711,5.264,654.499,654.556
1712,5.264,654.499,654.556
1713,5.263,654.499,654.557
1714,5.263,654.499,654.557
1715,5.262,654.500,654.557
1716,5.262,654.500,654.557
1717,5.261,654.500,654.557
1718,5.261,654.501,654.558
1719,5.260,654.501,654.558
1720,5.260,654.501,654.558
1721,5.259,654.501,654.558
1722,5.258,654.502,654.558
1723,5.258,654.502,654.558
1724,5.257,654.502,654.559
1725,5.257,654.502,654.559
1726,5.256,654.503,654.559
1727,5.256,654.503,654.559
1728,5.255,654.503,654.559
1729,5.255,654.503,654.560
1730,5.254,654.504,654.560
1731,5.254,654.504,654.560
1732,5.253,654.504,654.560
1733,5.253,654.504,654.560
1734,5.252,654.505,654.560
1735,5.252,654.505,654.561
1736,5.251,654.505,654.561
1737,5.251,654.505,654.561
1738,5.250,654.506,654.561
1739,5.250,654.506,654.561
1740,5.249,654.506,654.561
1741,5.249,654.506,654.562
1742,5.248,654.507,654.562
1743,5.248,654.507,654.562
1744,5.247,654.507,654.562
1745,5.247,654.507,654.562
1746,5.246,654.508,654.563
1747,5.246,654.508,654.563
1748,5.245,654.508,654.563
1749,5.245,654.508,654.563
1750,5.244,654.509,654.563
1751,5.244,654.509,654.563
1752,5.243,654.509,654.564
1753,5.243,654.509,654.564
1754,5.242,654.510,654.564
1755,5.242,654.510,654.564
1756,5.241,654.510,654.564
1757,5.241,654.510,654.564
1758,5.240,654.511,654.565
1759,5.240,654.511,654.565
1760,5.239,654.511,654.565
1761,5.239,654.511,654.565
1762,5.238,654.511,654.565
1763,5.238,654.512,654.565
1764,5.237,654.512,654.566
1765,5.237,654.512,654.566
1766,5.237,654.512,654.566
1767,5.236,654.513,654.566
1768,5.236,654.513,654.566
1769,5.235,654.513,654.566
1770,5.235,654.513,654.567
1771,5.234,654.514,654.567
1772,5.234,654.514,654.567
1773,5.233,654.514,654.567
1774,5.233,654.514,654.567
1775,5.232,654.514,654.567
1776,5.232,654.515,654.567
1777,5.231,654.515,654.568
1778,5.231,654.515,654.568
1779,5.230,654.515,654.568
1780,5.230,654.516,654.568
1781,5.229,654.516,654.568
1782,5.229,654.516,654.568
1783,5.228,654.516,654.569
1784,5.228,654.517,654.569
1785,5.227,654.517,654.569
1786,5.227,654.517,654.569
1787,5.226,654.517,654.569
1788,5.226,654.517,654.569
1789,5.226,654.518,654.570
1790,5.225,654.518,654.570
1791,5.225,654.518,654.570
1792,5.224,654.518,654.570
1793,5.224,654.519,654.570
1794,5.223,654.519,654.570
1795,5.223,654.519,654.570
1796,5.222,654.519,654.571
1797,5.222,654.520,654.571
1798,5.221,654.520,654.571
1799,5.221,654.520,654.571
1800,5.220,654.520,654.571
1801,5.220,654.520,654.571
1802,5.219,654.520,654.572
1803,5.219,654.521,654.572
1804,5.219,654.521,654.572
1805,5.218,654.521,654.572
1806,5.218,654.521,654.572
1807,5.217,654.522,654.572
1808,5.217,654.522,654.572
1809,5.216,654.522,654.573
1810,5.216,654.522,654.573
1811,5.215,654.522,654.573
1812,5.215,654.523,654.573
1813,5.214,654.523,654.573
1814,5.214,654.523,654.573
1815,5.213,654.523,654.574
1816,5.213,654.523,654.574
1817,5.213,654.524,654.574
1818,5.212,654.524,654.574
1819,5.212,654.524,654.574
1820,5.211,654.524,654.574
1821,5.211,654.524,654.574
1822,5.210,654.525,654.575
1823,5.210,654.525,654.575
1824,5.209,654.525,654.575
1825,5.209,654.525,654.575
1826,5.208,654.526,654.575
1827,5.208,654.526,654.575
1828,5.208,654.526,654.575
1829,5.207,654.526,654.576
1830,5.207,654.526,654.576
1831,5.206,654.527,654.576
1832,5.206,654.527,654.576
1833,5.205,654.527,654.576
1834,5.205,654.527,654.576
1835,5.204,654.527,654.576
1836,5.204,654.528,654.577
1837,5.204,654.528,654.577
1838,5.203,654.528,654.577
1839,5.203,654.528,654.577
1840,5.202,654.528,654.577
1841,5.202,654.529,654.577
1842,5.201,654.529,654.577
1843,5.201,654.529,654.578
1844,5.200,654.529,654.578
1845,5.200,654.529,654.578
1846,5.200,654.530,654.578
1847,5.199,654.530,654.578
1848,5.199,654.530,654.578
1849,5.198,654.530,654.578
1850,5.198,654.530,654.579
1851,5.197,654.531,654.579
1852,5.197,654.531,654.579
1853,5.196,654.531,654.579
1854,5.196,654.531,654.579
1855,5.196,654.531,654.579
1856,5.195,654.532,654.579
1857,5.195,654.532,654.580
1858,5.194,654.532,654.580
1859,5.194,654.532,654.580
1860,5.193,654.532,654.580
1861,5.193,654.532,654.580
1862,5.193,654.533,654.580
1863,5.192,654.533,654.580
1864,5.192,654.533,654.580
1865,5.191,654.533,654.581
1866,5.191,654.533,654.581
1867,5.190,654.534,654.581
1868,5.190,654.534,654.581
1869,5.190,654.534,654.581
1870,5.189,654.534,654.581
1871,5.189,654.534,654.581
1872,5.188,654.535,654.581
1873,5.188,654.535,654.582
1874,5.187,654.535,654.582
1875,5.187,654.535,654.582
1876,5.187,654.535,654.582
1877,5.186,654.535,654.582
1878,5.186,654.536,654.582
1879,5.185,654.536,654.582
1880,5.185,654.536,654.582
1881,5.184,654.536,654.583
1882,5.184,654.536,654.583
1883,5.184,654.537,654.583
1884,5.183,654.537,654.583
1885,5.183,654.537,654.583
1886,5.182,654.537,654.583
1887,5.182,654.537,654.583
1888,5.181,654.538,654.584
1889,5.181,654.538,654.584
1890,5.181,654.538,654.584
1891,5.180,654.538,654.584
1892,5.180,654.538,654.584
1893,5.179,654.538,654.584
1894,5.179,654.539,654.584
1895,5.179,654.539,654.584
1896,5.178,654.539,654.585
1897,5.178,654.539,654.585
1898,5.177,654.539,654.585
1899,5.177,654.539,654.585
1900,5.176,654.540,654.585
1901,5.176,654.540,654.585
1902,5.176,654.540,654.585
1903,5.175,654.540,654.585
1904,5.175,654.540,654.586
1905,5.174,654.540,654.586
1906,5.174,654.541,654.586
1907,5.174,654.541,654.586
1908,5.173,654.541,654.586
1909,5.173,654.541,654.586
1910,5.172,654.541,654.586
1911,5.172,654.541,654.586
1912,5.172,654.542,654.587
1913,5.171,654.542,654.587
1914,5.171,654.542,654.587
1915,5.170,654.542,654.587
1916,5.170,654.542,654.587
1917,5.169,654.542,654.587
1918,5.169,654.543,654.587
1919,5.169,654.543,654.587
1920,5.168,654.543,654.588
1921,5.168,654.543,654.588
1922,5.167,654.543,654.588
1923,5.167,654.544,654.588
1924,5.167,654.544,654.588
1925,5.166,654.544,654.588
1926,5.166,654.544,654.588
1927,5.165,654.544,654.588
1928,5.165,654.544,654.588
1929,5.165,654.545,654.589
1930,5.164,654.545,654.589
1931,5.164,654.545,654.589
1932,5.163,654.545,654.589
1933,5.163,654.545,654.589
1934,5.163,654.545,654.589
1935,5.162,654.545,654.589
1936,5.162,654.546,654.589
1937,5.161,654.546,654.590
1938,5.161,654.546,654.590
1939,5.161,654.546,654.590
1940,5.160,654.546,654.590
1941,5.160,654.546,654.590
1942,5.159,654.547,654.590
1943,5.159,654.547,654.590
1944,5.159,654.547,654.590
1945,5.158,654.547,654.590
1946,5.158,654.547,654.591
1947,5.157,654.547,654.591
1948,5.157,654.548,654.591
1949,5.157,654.548,654.591
1950,5.156,654.548,654.591
1951,5.156,654.548,654.591
1952,5.155,654.548,654.591
1953,5.155,654.548,654.591
1954,5.155,654.549,654.591
1955,5.154,654.549,654.592
1956,5.154,654.549,654.592
1957,5.154,654.549,654.592
1958,5.153,654.549,654.592
1959,5.153,654.549,654.592
1960,5.152,654.549,654.592
1961,5.152,654.550,654.592
1962,5.152,654.550,654.592
1963,5.151,654.550,654.592
1964,5.151,654.550,654.593
1965,5.150,654.550,654.593
1966,5.150,654.550,654.593
1967,5.150,654.551,654.593
1968,5.149,654.551,654.593
1969,5.149,654.551,654.593
1970,5.148,654.551,654.593
1971,5.148,654.551,654.593
1972,5.148,654.551,654.593
1973,5.147,654.552,654.594
1974,5.147,654.552,654.594
1975,5.147,654.552,654.594
1976,5.146,654.552,654.594
1977,5.146,654.552,654.594
1978,5.145,654.552,654.594
1979,5.145,654.553,654.594
1980,5.145,654.553,654.594
1981,5.144,654.553,654.594
1982,5.144,654.553,654.594
1983,5.144,654.553,654.595
1984,5.143,654.553,654.595
1985,5.143,654.553,654.595
1986,5.142,654.554,654.595
1987,5.142,654.554,654.595
1988,5.142,654.554,654.595
1989,5.141,654.554,654.595
1990,5.141,654.554,654.595
1991,5.140,654.554,654.595
1992,5.140,654.554,654.596
1993,5.140,654.555,654.596
1994,5.139,654.555,654.596
1995,5.139,654.555,654.596
1996,5.139,654.555,654.596
1997,5.138,654.555,654.596
1998,5.138,654.555,654.596
1999,5.137,654.555,654.596
2000,5.137,654.556,654.596
2001,5.137,654.556,654.596
2002,5.136,654.556,654.596
2003,5.136,654.556,654.597
2004,5.136,654.556,654.597
2005,5.135,654.556,654.597
2006,5.135,654.556,654.597
2007,5.135,654.557,654.597
2008,5.134,654.557,654.597
2009,5.134,654.557,654.597
2010,5.133,654.557,654.597
2011,5.133,654.557,654.597
2012,5.133,654.557,654.598
2013,5.132,654.557,654.598
2014,5.132,654.558,654.598
2015,5.132,654.558,654.598
2016,5.131,654.558,654.598
2017,5.131,654.558,654.598
2018,5.130,654.558,654.598
2019,5.130,654.558,654.598
2020,5.130,654.558,654.598
2021,5.129,654.559,654.598
2022,5.129,654.559,654.599
2023,5.129,654.559,654.599
2024,5.128,654.559,654.599
2025,5.128,654.559,654.599
2026,5.128,654.559,654.599
2027,5.127,654.559,654.599
2028,5.127,654.560,654.599
2029,5.126,654.560,654.599
2030,5.126,654.560,654.599
2031,5.126,654.560,654.599
2032,5.125,654.560,654.600
2033,5.125,654.560,654.600
2034,5.125,654.560,654.600
2035,5.124,654.560,654.600
2036,5.124,654.561,654.600
2037,5.124,654.561,654.600
2038,5.123,654.561,654.600
2039,5.123,654.561,654.600
2040,5.122,654.561,654.600
2041,5.122,654.561,654.600
2042,5.122,654.561,654.600
2043,5.121,654.562,654.601
2044,5.121,654.562,654.601
2045,5.121,654.562,654.601
2046,5.120,654.562,654.601
2047,5.120,654.562,654.601
2048,5.120,654.562,654.601
2049,5.119,654.562,654.601
2050,5.119,654.563,654.601
2051,5.119,654.563,654.601
2052,5.118,654.563,654.601
2053,5.118,654.563,654.601
2054,5.117,654.563,654.602
2055,5.117,654.563,654.602
2056,5.117,654.563,654.602
2057,5.116,654.563,654.602
2058,5.116,654.564,654.602
2059,5.116,654.564,654.602
2060,5.115,654.564,654.602
2061,5.115,654.564,654.602
2062,5.115,654.564,654.602
2063,5.114,654.564,654.602
2064,5.114,654.564,654.603
2065,5.114,654.564,654.603
2066,5.113,654.565,654.603
2067,5.113,654.565,654.603
2068,5.113,654.565,654.603
2069,5.112,654.565,654.603
2070,5.112,654.565,654.603
2071,5.112,654.565,654.603
2072,5.111,654.565,654.603
2073,5.111,654.566,654.603
2074,5.110,654.566,654.603
2075,5.110,654.566,654.604
2076,5.110,654.566,654.604
2077,5.109,654.566,654.604
2078,5.109,654.566,654.604
2079,5.109,654.566,654.604
2080,5.108,654.566,654.604
2081,5.108,654.566,654.604
2082,5.108,654.567,654.604
2083,5.107,654.567,654.604
2084,5.107,654.567,654.604
2085,5.107,654.567,654.604
2086,5.106,654.567,654.605
2087,5.106,654.567,654.605
2088,5.106,654.567,654.605
2089,5.105,654.568,654.605
2090,5.105,654.568,654.605
2091,5.105,654.568,654.605
2092,5.104,654.568,654.605
2093,5.104,654.568,654.605
2094,5.104,654.568,654.605
2095,5.103,654.568,654.605
2096,5.103,654.568,654.605
2097,5.103,654.568,654.605
2098,5.102,654.569,654.606
2099,5.102,654.569,654.606
2100,5.102,654.569,654.606
2101,5.101,654.569,654.606
2102,5.101,654.569,654.606
2103,5.101,654.569,654.606
2104,5.100,654.569,654.606
2105,5.100,654.569,654.606
2106,5.100,654.570,654.606
2107,5.099,654.570,654.606
2108,5.099,654.570,654.606
2109,5.099,654.570,654.606
2110,5.098,654.570,654.607
2111,5.098,654.570,654.607
2112,5.098,654.570,654.607
2113,5.097,654.570,654.607
2114,5.097,654.571,654.607
2115,5.097,654.571,654.607
2116,5.096,654.571,654.607
2117,5.096,654.571,654.607
2118,5.096,654.571,654.607
2119,5.095,654.571,654.607
2120,5.095,654.571,654.607
2121,5.095,654.571,654.607
2122,5.094,654.571,654.608
2123,5.094,654.572,654.608
2124,5.094,654.572,654.608
2125,5.093,654.572,654.608
2126,5.093,654.572,654.608
2127,5.093,654.572,654.608
2128,5.092,654.572,654.608
2129,5.092,654.572,654.608
2130,5.092,654.572,654.608
2131,5.091,654.572,654.608
2132,5.091,654.573,654.608
2133,5.091,654.573,654.608
2134,5.090,654.573,654.609
2135,5.090,654.573,654.609
2136,5.090,654.573,654.609
2137,5.089,654.573,654.609
2138,5.089,654.573,654.609
2139,5.089,654.573,654.609
2140,5.088,654.574,654.609
2141,5.088,654.574,654.609
2142,5.088,654.574,654.609
2143,5.087,654.574,654.609
2144,5.087,654.574,654.609
2145,5.087,654.574,654.609
2146,5.086,654.574,654.610
2147,5.086,654.574,654.610
2148,5.086,654.574,654.610
2149,5.085,654.575,654.610
2150,5.085,654.575,654.610
2151,5.085,654.575,654.610
2152,5.084,654.575,654.610
2153,5.084,654.575,654.610
2154,5.084,654.575,654.610
2155,5.083,654.575,654.610
2156,5.083,654.575,654.610
2157,5.083,654.575,654.610
2158,5.082,654.576,654.610
2159,5.082,654.576,654.611
2160,5.082,654.576,654.611
2161,5.082,654.576,654.611
2162,5.081,654.576,654.611
2163,5.081,654.576,654.611
2164,5.081,654.576,654.611
2165,5.080,654.576,654.611
2166,5.080,654.576,654.611
2167,5.080,654.577,654.611
2168,5.079,654.577,654.611
2169,5.079,654.577,654.611
2170,5.079,654.577,654.611
2171,5.078,654.577,654.611
2172,5.078,654.577,654.612
2173,5.078,654.577,654.612
2174,5.077,654.577,654.612
2175,5.077,654.577,654.612
2176,5.077,654.577,654.612
2177,5.076,654.578,654.612
2178,5.076,654.578,654.612
2179,5.076,654.578,654.612
2180,5.075,654.578,654.612
2181,5.075,654.578,654.612
2182,5.075,654.578,654.612
2183,5.075,654.578,654.612
2184,5.074,654.578,654.612
2185,5.074,654.578,654.613
2186,5.074,654.579,654.613
2187,5.073,654.579,654.613
2188,5.073,654.579,654.613
2189,5.073,654.579,654.613
2190,5.072,654.579,654.613
2191,5.072,654.579,654.613
2192,5.072,654.579,654.613
2193,5.071,654.579,654.613
2194,5.071,654.579,654.613
2195,5.071,654.580,654.613
2196,5.070,654.580,654.613
2197,5.070,654.580,654.613
2198,5.070,654.580,654.613
2199,5.070,654.580,654.614
2200,5.069,654.580,654.614
2201,5.069,654.580,654.614
2202,5.069,654.580,654.614
2203,5.068,654.580,654.614
2204,5.068,654.580,654.614
2205,5.068,654.581,654.614
2206,5.067,654.581,654.614
2207,5.067,654.581,654.614
2208,5.067,654.581,654.614
2209,5.066,654.581,654.614
2210,5.066,654.581,654.614
2211,5.066,654.581,654.614
2212,5.066,654.581,654.615
2213,5.065,654.581,654.615
2214,5.065,654.581,654.615
2215,5.065,654.582,654.615
2216,5.064,654.582,654.615
2217,5.064,654.582,654.615
2218,5.064,654.582,654.615
2219,5.063,654.582,654.615
2220,5.063,654.582,654.615
2221,5.063,654.582,654.615
2222,5.063,654.582,654.615
2223,5.062,654.582,654.615
2224,5.062,654.582,654.615
2225,5.062,654.583,654.615
2226,5.061,654.583,654.616
2227,5.061,654.583,654.616
2228,5.061,654.583,654.616
2229,5.060,654.583,654.616
2230,5.060,654.583,654.616
2231,5.060,654.583,654.616
2232,5.059,654.583,654.616
2233,5.059,654.583,654.616
2234,5.059,654.583,654.616
2235,5.059,654.584,654.616
2236,5.058,654.584,654.616
2237,5.058,654.584,654.616
2238,5.058,654.584,654.616
2239,5.057,654.584,654.616
2240,5.057,654.584,654.616
2241,5.057,654.584,654.617
2242,5.057,654.584,654.617
2243,5.056,654.584,654.617
2244,5.056,654.584,654.617
2245,5.056,654.585,654.617
2246,5.055,654.585,654.617
2247,5.055,654.585,654.617
2248,5.055,654.585,654.617
2249,5.054,654.585,654.617
2250,5.054,654.585,654.617
2251,5.054,654.585,654.617
2252,5.054,654.585,654.617
2253,5.053,654.585,654.617
2254,5.053,654.585,654.617
2255,5.053,654.585,654.618
2256,5.052,654.586,654.618
2257,5.052,654.586,654.618
2258,5.052,654.586,654.618
2259,5.051,654.586,654.618
2260,5.051,654.586,654.618
2261,5.051,654.586,654.618
2262,5.051,654.586,654.618
2263,5.050,654.586,654.618
2264,5.050,654.586,654.618
2265,5.050,654.586,654.618
2266,5.049,654.586,654.618
2267,5.049,654.587,654.618
2268,5.049,654.587,654.618
2269,5.049,654.587,654.618
2270,5.048,654.587,654.619
2271,5.048,654.587,654.619
2272,5.048,654.587,654.619
2273,5.047,654.587,654.619
2274,5.047,654.587,654.619
2275,5.047,654.587,654.619
2276,5.047,654.587,654.619
2277,5.046,654.588,654.619
2278,5.046,654.588,654.619
2279,5.046,654.588,654.619
2280,5.045,654.588,654.619
2281,5.045,654.588,654.619
2282,5.045,654.588,654.619
2283,5.044,654.588,654.619
2284,5.044,654.588,654.619
2285,5.044,654.588,654.620
2286,5.044,654.588,654.620
2287,5.043,654.588,654.620
2288,5.043,654.588,654.620
2289,5.043,654.589,654.620
2290,5.042,654.589,654.620
2291,5.042,654.589,654.620
2292,5.042,654.589,654.620
2293,5.042,654.589,654.620
2294,5.041,654.589,654.620
2295,5.041,654.589,654.620
2296,5.041,654.589,654.620
2297,5.040,654.589,654.620
2298,5.040,654.589,654.620
2299,5.040,654.590,654.620
2300,5.040,654.590,654.620
2301,5.039,654.590,654.621
2302,5.039,654.590,654.621
2303,5.039,654.590,654.621
2304,5.038,654.590,654.621
2305,5.038,654.590,654.621
2306,5.038,654.590,654.621
2307,5.038,654.590,654.621
2308,5.037,654.590,654.621
2309,5.037,654.590,654.621
2310,5.037,654.591,654.621
2311,5.037,654.591,654.621
2312,5.036,654.591,654.621
2313,5.036,654.591,654.621
2314,5.036,654.591,654.621
2315,5.035,654.591,654.621
2316,5.035,654.591,654.621
2317,5.035,654.591,654.622
2318,5.035,654.591,654.622
2319,5.034,654.591,654.622
2320,5.034,654.591,654.622
2321,5.034,654.591,654.622
2322,5.033,654.592,654.622
2323,5.033,654.592,654.622
2324,5.033,654.592,654.622
2325,5.033,654.592,654.622
2326,5.032,654.592,654.622
2327,5.032,654.592,654.622
2328,5.032,654.592,654.622
2329,5.031,654.592,654.622
2330,5.031,654.592,654.622
2331,5.031,654.592,654.622
2332,5.031,654.592,654.622
2333,5.030,654.592,654.622
2334,5.030,654.593,654.623
2335,5.030,654.593,654.623
2336,5.030,654.593,654.623
2337,5.029,654.593,654.623
2338,5.029,654.593,654.623
2339,5.029,654.593,654.623
2340,5.028,654.593,654.623
2341,5.028,654.593,654.623
2342,5.028,654.593,654.623
2343,5.028,654.593,654.623
2344,5.027,654.593,654.623
2345,5.027,654.593,654.623
2346,5.027,654.594,654.623
2347,5.027,654.594,654.623
2348,5.026,654.594,654.623
2349,5.026,654.594,654.623
2350,5.026,654.594,654.624
2351,5.025,654.594,654.624
2352,5.025,654.594,654.624
2353,5.025,654.594,654.624
2354,5.025,654.594,654.624
2355,5.024,654.594,654.624
2356,5.024,654.594,654.624
2357,5.024,654.594,654.624
2358,5.024,654.595,654.624
2359,5.023,654.595,654.624
2360,5.023,654.595,654.624
2361,5.023,654.595,654.624
2362,5.022,654.595,654.624
2363,5.022,654.595,654.624
2364,5.022,654.595,654.624
2365,5.022,654.595,654.624
2366,5.021,654.595,654.624
2367,5.021,654.595,654.624
2368,5.021,654.595,654.625
2369,5.021,654.595,654.625
2370,5.020,654.595,654.625
2371,5.020,654.596,654.625
2372,5.020,654.596,654.625
2373,5.020,654.596,654.625
2374,5.019,654.596,654.625
2375,5.019,654.596,654.625
2376,5.019,654.596,654.625
2377,5.018,654.596,654.625
2378,5.018,654.596,654.625
2379,5.018,654.596,654.625
2380,5.018,654.596,654.625
2381,5.017,654.596,654.625
2382,5.017,654.596,654.625
2383,5.017,654.597,654.625
2384,5.017,654.597,654.625
2385,5.016,654.597,654.625
2386,5.016,654.597,654.626
2387,5.016,654.597,654.626
2388,5.016,654.597,654.626
2389,5.015,654.597,654.626
2390,5.015,654.597,654.626
2391,5.015,654.597,654.626
2392,5.014,654.597,654.626
2393,5.014,654.597,654.626
2394,5.014,654.597,654.626
2395,5.014,654.597,654.626
2396,5.013,654.598,654.626
2397,5.013,654.598,654.626
2398,5.013,654.598,654.626
2399,5.013,654.598,654.626
2400,5.012,654.598,654.626
2401,5.012,654.598,654.626
2402,5.012,654.598,654.626
2403,5.012,654.598,654.626
2404,5.011,654.598,654.627
2405,5.011,654.598,654.627
2406,5.011,654.598,654.627
2407,5.011,654.598,654.627
2408,5.010,654.598,654.627
2409,5.010,654.599,654.627
2410,5.010,654.599,654.627
2411,5.009,654.599,654.627
2412,5.009,654.599,654.627
2413,5.009,654.599,654.627
2414,5.009,654.599,654.627
2415,5.008,654.599,654.627
2416,5.008,654.599,654.627
2417,5.008,654.599,654.627
2418,5.008,654.599,654.627
2419,5.007,654.599,654.627
2420,5.007,654.599,654.627
2421,5.007,654.599,654.627
2422,5.007,654.600,654.628
2423,5.006,654.600,654.628
2424,5.006,654.600,654.628
2425,5.006,654.600,654.628
2426,5.006,654.600,654.628
2427,5.005,654.600,654.628
2428,5.005,654.600,654.628
2429,5.005,654.600,654.628
2430,5.005,654.600,654.628
2431,5.004,654.600,654.628
2432,5.004,654.600,654.628
2433,5.004,654.600,654.628
2434,5.004,654.600,654.628
2435,5.003,654.601,654.628
2436,5.003,654.601,654.628
2437,5.003,654.601,654.628
2438,5.003,654.601,654.628
2439,5.002,654.601,654.628
2440,5.002,654.601,654.628
2441,5.002,654.601,654.629
2442,5.002,654.601,654.629
2443,5.001,654.601,654.629
2444,5.001,654.601,654.629
2445,5.001,654.601,654.629
2446,5.000,654.601,654.629
2447,5.000,654.601,654.629
2448,5.000,654.601,654.629
2449,5.000,654.601,654.629
2450,4.999,654.602,654.629
2451,4.999,654.602,654.629
2452,4.999,654.602,654.629
2453,4.999,654.602,654.629
2454,4.998,654.602,654.629
2455,4.998,654.602,654.629
2456,4.998,654.602,654.629
2457,4.998,654.602,654.629
2458,4.997,654.602,654.629
2459,4.997,654.602,654.629
2460,4.997,654.602,654.629
2461,4.997,654.602,654.630
2462,4.996,654.602,654.630
2463,4.996,654.602,654.630
2464,4.996,654.603,654.630
2465,4.996,654.603,654.630
2466,4.995,654.603,654.630
2467,4.995,654.603,654.630
2468,4.995,654.603,654.630
2469,4.995,654.603,654.630
2470,4.994,654.603,654.630
2471,4.994,654.603,654.630
2472,4.994,654.603,654.630
2473,4.994,654.603,654.630
2474,4.993,654.603,654.630
2475,4.993,654.603,654.630
2476,4.993,654.603,654.630
2477,4.993,654.603,654.630
2478,4.992,654.604,654.630
2479,4.992,654.604,654.630
2480,4.992,654.604,654.630
2481,4.992,654.604,654.631
2482,4.992,654.604,654.631
2483,4.991,654.604,654.631
2484,4.991,654.604,654.631
2485,4.991,654.604,654.631
2486,4.991,654.604,654.631
2487,4.990,654.604,654.631
2488,4.990,654.604,654.631
2489,4.990,654.604,654.631
2490,4.990,654.604,654.631
2491,4.989,654.604,654.631
2492,4.989,654.604,654.631
2493,4.989,654.605,654.631
2494,4.989,654.605,654.631
2495,4.988,654.605,654.631
2496,4.988,654.605,654.631
2497,4.988,654.605,654.631
2498,4.988,654.605,654.631
2499,4.987,654.605,654.631
2500,4.987,654.605,654.631
2501,4.987,654.605,654.631
2502,4.987,654.605,654.632
2503,4.986,654.605,654.632
2504,4.986,654.605,654.632
2505,4.986,654.605,654.632
2506,4.986,654.605,654.632
2507,4.985,654.606,654.632
2508,4.985,654.606,654.632
2509,4.985,654.606,654.632
2510,4.985,654.606,654.632
2511,4.984,654.606,654.632
2512,4.984,654.606,654.632
2513,4.984,654.606,654.632
2514,4.984,654.606,654.632
2515,4.983,654.606,654.632
2516,4.983,654.606,654.632
2517,4.983,654.606,654.632
2518,4.983,654.606,654.632
2519,4.983,654.606,654.632
2520,4.982,654.606,654.632
2521,4.982,654.606,654.632
2522,4.982,654.606,654.632
2523,4.982,654.607,654.633
2524,4.981,654.607,654.633
2525,4.981,654.607,654.633
2526,4.981,654.607,654.633
2527,4.981,654.607,654.633
2528,4.980,654.607,654.633
2529,4.980,654.607,654.633
2530,4.980,654.607,654.633
2531,4.980,654.607,654.633
2532,4.979,654.607,654.633
2533,4.979,654.607,654.633
2534,4.979,654.607,654.633
2535,4.979,654.607,654.633
2536,4.978,654.607,654.633
2537,4.978,654.607,654.633
2538,4.978,654.608,654.633
2539,4.978,654.608,654.633
2540,4.978,654.608,654.633
2541,4.977,654.608,654.633
2542,4.977,654.608,654.633
2543,4.977,654.608,654.633
2544,4.977,654.608,654.633
2545,4.976,654.608,654.634
2546,4.976,654.608,654.634
2547,4.976,654.608,654.634
2548,4.976,654.608,654.634
2549,4.975,654.608,654.634
2550,4.975,654.608,654.634
2551,4.975,654.608,654.634
2552,4.975,654.608,654.634
2553,4.974,654.609,654.634
2554,4.974,654.609,654.634
2555,4.974,654.609,654.634
2556,4.974,654.609,654.634
2557,4.974,654.609,654.634
2558,4.973,654.609,654.634
2559,4.973,654.609,654.634
2560,4.973,654.609,654.634
2561,4.973,654.609,654.634
2562,4.972,654.609,654.634
2563,4.972,654.609,654.634
2564,4.972,654.609,654.634
2565,4.972,654.609,654.634
2566,4.971,654.609,654.634
2567,4.971,654.609,654.635
2568,4.971,654.609,654.635
2569,4.971,654.609,654.635
2570,4.970,654.610,654.635
2571,4.970,654.610,654.635
2572,4.970,654.610,654.635
2573,4.970,654.610,654.635
2574,4.970,654.610,654.635
2575,4.969,654.610,654.635
2576,4.969,654.610,654.635
2577,4.969,654.610,654.635
2578,4.969,654.610,654.635
2579,4.968,654.610,654.635
2580,4.968,654.610,654.635
2581,4.968,654.610,654.635
2582,4.968,654.610,654.635
2583,4.967,654.610,654.635
2584,4.967,654.610,654.635
2585,4.967,654.610,654.635
2586,4.967,654.611,654.635
2587,4.967,654.611,654.635
2588,4.966,654.611,654.635
2589,4.966,654.611,654.635
2590,4.966,654.611,654.636
2591,4.966,654.611,654.636
2592,4.965,654.611,654.636
2593,4.965,654.611,654.636
2594,4.965,654.611,654.636
2595,4.965,654.611,654.636
2596,4.965,654.611,654.636
2597,4.964,654.611,654.636
2598,4.964,654.611,654.636
2599,4.964,654.611,654.636
2600,4.964,654.611,654.636
2601,4.963,654.611,654.636
2602,4.963,654.611,654.636
2603,4.963,654.612,654.636
2604,4.963,654.612,654.636
2605,4.962,654.612,654.636
2606,4.962,654.612,654.636
2607,4.962,654.612,654.636
2608,4.962,654.612,654.636
2609,4.962,654.612,654.636
2610,4.961,654.612,654.636
2611,4.961,654.612,654.636
2612,4.961,654.612,654.636
2613,4.961,654.612,654.636
2614,4.960,654.612,654.637
2615,4.960,654.612,654.637
2616,4.960,654.612,654.637
2617,4.960,654.612,654.637
2618,4.960,654.612,654.637
2619,4.959,654.612,654.637
2620,4.959,654.613,654.637
2621,4.959,654.613,654.637
2622,4.959,654.613,654.637
2623,4.958,654.613,654.637
2624,4.958,654.613,654.637
2625,4.958,654.613,654.637
2626,4.958,654.613,654.637
2627,4.958,654.613,654.637
2628,4.957,654.613,654.637
2629,4.957,654.613,654.637
2630,4.957,654.613,654.637
2631,4.957,654.613,654.637
2632,4.956,654.613,654.637
2633,4.956,654.613,654.637
2634,4.956,654.613,654.637
2635,4.956,654.613,654.637
2636,4.956,654.613,654.637
2637,4.955,654.614,654.637
2638,4.955,654.614,654.638
2639,4.955,654.614,654.638
2640,4.955,654.614,654.638
2641,4.954,654.614,654.638
2642,4.954,654.614,654.638
2643,4.954,654.614,654.638
2644,4.954,654.614,654.638
2645,4.954,654.614,654.638
2646,4.953,654.614,654.638
2647,4.953,654.614,654.638
2648,4.953,654.614,654.638
2649,4.953,654.614,654.638
2650,4.952,654.614,654.638
2651,4.952,654.614,654.638
2652,4.952,654.614,654.638
2653,4.952,654.614,654.638
2654,4.952,654.614,654.638
2655,4.951,654.615,654.638
2656,4.951,654.615,654.638
2657,4.951,654.615,654.638
2658,4.951,654.615,654.638
2659,4.951,654.615,654.638
2660,4.950,654.615,654.638
2661,4.950,654.615,654.638
2662,4.950,654.615,654.638
2663,4.950,654.615,654.638
2664,4.949,654.615,654.639
2665,4.949,654.615,654.639
2666,4.949,654.615,654.639
2667,4.949,654.615,654.639
2668,4.949,654.615,654.639
2669,4.948,654.615,654.639
2670,4.948,654.615,654.639
2671,4.948,654.615,654.639
2672,4.948,654.615,654.639
2673,4.947,654.615,654.639
2674,4.947,654.616,654.639
2675,4.947,654.616,654.639
2676,4.947,654.616,654.639
2677,4.947,654.616,654.639
2678,4.946,654.616,654.639
2679,4.946,654.616,654.639
2680,4.946,654.616,654.639
2681,4.946,654.616,654.639
2682,4.946,654.616,654.639
2683,4.945,654.616,654.639
2684,4.945,654.616,654.639
2685,4.945,654.616,654.639
2686,4.945,654.616,654.639
2687,4.944,654.616,654.639
2688,4.944,654.616,654.639
2689,4.944,654.616,654.639
2690,4.944,654.616,654.640
2691,4.944,654.616,654.640
2692,4.943,654.617,654.640
2693,4.943,654.617,654.640
2694,4.943,654.617,654.640
2695,4.943,654.617,654.640
2696,4.943,654.617,654.640
2697,4.942,654.617,654.640
2698,4.942,654.617,654.640
2699,4.942,654.617,654.640
2700,4.942,654.617,654.640
2701,4.941,654.617,654.640
2702,4.941,654.617,654.640
2703,4.941,654.617,654.640
2704,4.941,654.617,654.640
2705,4.941,654.617,654.640
2706,4.940,654.617,654.640
2707,4.940,654.617,654.640
2708,4.940,654.617,654.640
2709,4.940,654.617,654.640
2710,4.940,654.617,654.640
2711,4.939,654.618,654.640
2712,4.939,654.618,654.640
2713,4.939,654.618,654.640
2714,4.939,654.618,654.640
2715,4.939,654.618,654.640
2716,4.938,654.618,654.641
2717,4.938,654.618,654.641
2718,4.938,654.618,654.641
2719,4.938,654.618,654.641
2720,4.937,654.618,654.641
2721,4.937,654.618,654.641
2722,4.937,654.618,654.641
2723,4.937,654.618,654.641
2724,4.937,654.618,654.641
2725,4.936,654.618,654.641
2726,4.936,654.618,654.641
2727,4.936,654.618,654.641
2728,4.936,654.618,654.641
2729,4.936,654.618,654.641
2730,4.935,654.618,654.641
2731,4.935,654.619,654.641
2732,4.935,654.619,654.641
2733,4.935,654.619,654.641
2734,4.935,654.619,654.641
2735,4.934,654.619,654.641
2736,4.934,654.619,654.641
2737,4.934,654.619,654.641
2738,4.934,654.619,654.641
2739,4.934,654.619,654.641
2740,4.933,654.619,654.641
2741,4.933,654.619,654.641
2742,4.933,654.619,654.641
2743,4.933,654.619,654.641
2744,4.933,654.619,654.642
2745,4.932,654.619,654.642
2746,4.932,654.619,654.642
2747,4.932,654.619,654.642
2748,4.932,654.619,654.642
2749,4.931,654.619,654.642
2750,4.931,654.619,654.642
2751,4.931,654.620,654.642
2752,4.931,654.620,654.642
2753,4.931,654.620,654.642
2754,4.930,654.620,654.642
2755,4.930,654.620,654.642
2756,4.930,654.620,654.642
2757,4.930,654.620,654.642
2758,4.930,654.620,654.642
2759,4.929,654.620,654.642
2760,4.929,654.620,654.642
2761,4.929,654.620,654.642
2762,4.929,654.620,654.642
2763,4.929,654.620,654.642
2764,4.928,654.620,654.642
2765,4.928,654.620,654.642
2766,4.928,654.620,654.642
2767,4.928,654.620,654.642
2768,4.928,654.620,654.642
2769,4.927,654.620,654.642
2770,4.927,654.620,654.642
2771,4.927,654.621,654.642
2772,4.927,654.621,654.642
2773,4.927,654.621,654.643
2774,4.926,654.621,654.643
2775,4.926,654.621,654.643
2776,4.926,654.621,654.643
2777,4.926,654.621,654.643
2778,4.926,654.621,654.643
2779,4.925,654.621,654.643
2780,4.925,654.621,654.643
2781,4.925,654.621,654.643
2782,4.925,654.621,654.643
2783,4.925,654.621,654.643
2784,4.924,654.621,654.643
2785,4.924,654.621,654.643
2786,4.924,654.621,654.643
2787,4.924,654.621,654.643
2788,4.924,654.621,654.643
2789,4.923,654.621,654.643
2790,4.923,654.621,654.643
2791,4.923,654.621,654.643
2792,4.923,654.622,654.643
2793,4.923,654.622,654.643
2794,4.922,654.622,654.643
2795,4.922,654.622,654.643
2796,4.922,654.622,654.643
2797,4.922,654.622,654.643
2798,4.922,654.622,654.643
2799,4.921,654.622,654.643
2800,4.921,654.622,654.643
2801,4.921,654.622,654.643
2802,4.921,654.622,654.644
2803,4.921,654.622,654.644
2804,4.920,654.622,654.644
2805,4.920,654.622,654.644
2806,4.920,654.622,654.644
2807,4.920,654.622,654.644
2808,4.920,654.622,654.644
2809,4.919,654.622,654.644
2810,4.919,654.622,654.644
2811,4.919,654.622,654.644
2812,4.919,654.622,654.644
2813,4.919,654.623,654.644
2814,4.918,654.623,654.644
2815,4.918,654.623,654.644
2816,4.918,654.623,654.644
2817,4.918,654.623,654.644
2818,4.918,654.623,654.644
2819,4.917,654.623,654.644
2820,4.917,654.623,654.644
2821,4.917,654.623,654.644
2822,4.917,654.623,654.644
2823,4.917,654.623,654.644
2824,4.916,654.623,654.644
2825,4.916,654.623,654.644
2826,4.916,654.623,654.644
2827,4.916,654.623,654.644
2828,4.916,654.623,654.644
2829,4.915,654.623,654.644
2830,4.915,654.623,654.644
2831,4.915,654.623,654.644
2832,4.915,654.623,654.645
2833,4.915,654.623,654.645
2834,4.914,654.623,654.645
2835,4.914,654.624,654.645
2836,4.914,654.624,654.645
2837,4.914,654.624,654.645
2838,4.914,654.624,654.645
2839,4.914,654.624,654.645
2840,4.913,654.624,654.645
2841,4.913,654.624,654.645
2842,4.913,654.624,654.645
2843,4.913,654.624,654.645
2844,4.913,654.624,654.645
2845,4.912,654.624,654.645
2846,4.912,654.624,654.645
2847,4.912,654.624,654.645
2848,4.912,654.624,654.645
2849,4.912,654.624,654.645
2850,4.911,654.624,654.645
2851,4.911,654.624,654.645
2852,4.911,654.624,654.645
2853,4.911,654.624,654.645
2854,4.911,654.624,654.645
2855,4.910,654.624,654.645
2856,4.910,654.624,654.645
2857,4.910,654.624,654.645
2858,4.910,654.625,654.645
2859,4.910,654.625,654.645
2860,4.909,654.625,654.645
2861,4.909,654.625,654.645
2862,4.909,654.625,654.645
2863,4.909,654.625,654.646
2864,4.909,654.625,654.646
2865,4.909,654.625,654.646
2866,4.908,654.625,654.646
2867,4.908,654.625,654.646
2868,4.908,654.625,654.646
2869,4.908,654.625,654.646
2870,4.908,654.625,654.646
2871,4.907,654.625,654.646
2872,4.907,654.625,654.646
2873,4.907,654.625,654.646
2874,4.907,654.625,654.646
2875,4.907,654.625,654.646
2876,4.906,654.625,654.646
2877,4.906,654.625,654.646
2878,4.906,654.625,654.646
2879,4.906,654.625,654.646
2880,4.906,654.625,654.646
2881,4.905,654.626,654.646
2882,4.905,654.626,654.646
2883,4.905,654.626,654.646
2884,4.905,654.626,654.646
2885,4.905,654.626,654.646
2886,4.905,654.626,654.646
2887,4.904,654.626,654.646
2888,4.904,654.626,654.646
2889,4.904,654.626,654.646
2890,4.904,654.626,654.646
2891,4.904,654.626,654.646
2892,4.903,654.626,654.646
2893,4.903,654.626,654.646
2894,4.903,654.626,654.646
2895,4.903,654.626,654.646
2896,4.903,654.626,654.647
2897,4.902,654.626,654.647
2898,4.902,654.626,654.647
2899,4.902,654.626,654.647
2900,4.902,654.626,654.647
2901,4.902,654.626,654.647
2902,4.902,654.626,654.647
2903,4.901,654.626,654.647
2904,4.901,654.627,654.647
2905,4.901,654.627,654.647
2906,4.901,654.627,654.647
2907,4.901,654.627,654.647
2908,4.900,654.627,654.647
2909,4.900,654.627,654.647
2910,4.900,654.627,654.647
2911,4.900,654.627,654.647
2912,4.900,654.627,654.647
2913,4.899,654.627,654.647
2914,4.899,654.627,654.647
2915,4.899,654.627,654.647
2916,4.899,654.627,654.647
2917,4.899,654.627,654.647
2918,4.899,654.627,654.647
2919,4.898,654.627,654.647
2920,4.898,654.627,654.647
2921,4.898,654.627,654.647
2922,4.898,654.627,654.647
2923,4.898,654.627,654.647
2924,4.897,654.627,654.647
2925,4.897,654.627,654.647
2926,4.897,654.627,654.647
2927,4.897,654.627,654.647
2928,4.897,654.628,654.647
2929,4.897,654.628,654.647
2930,4.896,654.628,654.648
2931,4.896,654.628,654.648
2932,4.896,654.628,654.648
2933,4.896,654.628,654.648
2934,4.896,654.628,654.648
2935,4.895,654.628,654.648
2936,4.895,654.628,654.648
2937,4.895,654.628,654.648
2938,4.895,654.628,654.648
2939,4.895,654.628,654.648
2940,4.894,654.628,654.648
2941,4.894,654.628,654.648
2942,4.894,654.628,654.648
2943,4.894,654.628,654.648
2944,4.894,654.628,654.648
2945,4.894,654.628,654.648
2946,4.893,654.628,654.648
2947,4.893,654.628,654.648
2948,4.893,654.628,654.648
2949,4.893,654.628,654.648
2950,4.893,654.628,654.648
2951,4.892,654.628,654.648
2952,4.892,654.628,654.648
2953,4.892,654.629,654.648
2954,4.892,654.629,654.648
2955,4.892,654.629,654.648
2956,4.892,654.629,654.648
2957,4.891,654.629,654.648
2958,4.891,654.629,654.648
2959,4.891,654.629,654.648
2960,4.891,654.629,654.648
2961,4.891,654.629,654.648
2962,4.891,654.629,654.648
2963,4.890,654.629,654.648
2964,4.890,654.629,654.648
2965,4.890,654.629,654.649
2966,4.890,654.629,654.649
2967,4.890,654.629,654.649
2968,4.889,654.629,654.649
2969,4.889,654.629,654.649
2970,4.889,654.629,654.649
2971,4.889,654.629,654.649
2972,4.889,654.629,654.649
2973,4.889,654.629,654.649
2974,4.888,654.629,654.649
2975,4.888,654.629,654.649
2976,4.888,654.629,654.649
2977,4.888,654.629,654.649
2978,4.888,654.630,654.649
2979,4.887,654.630,654.649
2980,4.887,654.630,654.649
2981,4.887,654.630,654.649
2982,4.887,654.630,654.649
2983,4.887,654.630,654.649
2984,4.887,654.630,654.649
2985,4.886,654.630,654.649
2986,4.886,654.630,654.649
2987,4.886,654.630,654.649
2988,4.886,654.630,654.649
2989,4.886,654.630,654.649
2990,4.885,654.630,654.649
2991,4.885,654.630,654.649
2992,4.885,654.630,654.649
2993,4.885,654.630,654.649
2994,4.885,654.630,654.649
2995,4.885,654.630,654.649
2996,4.884,654.630,654.649
2997,4.884,654.630,654.649
2998,4.884,654.630,654.649
2999,4.884,654.630,654.649
3000,4.884,654.630,654.649
3001,4.884,654.630,654.649
3002,4.884,654.630,654.649
3003,4.884,654.630,654.649
3004,4.884,654.630,654.649
3005,4.884,654.630,654.649
3006,4.884,654.630,654.649
3007,4.884,654.630,654.649
3008,4.884,654.630,654.649
3009,4.884,654.630,654.649
3010,4.884,654.630,654.649
3011,4.884,654.630,654.649
3012,4.884,654.630,654.649
3013,4.884,654.630,654.649
3014,4.884,654.630,654.649
3015,4.884,654.630,654.649
3016,4.884,654.630,654.649
3017,4.884,654.630,654.649
3018,4.884,654.630,654.649
3019,4.884,654.630,654.649
3020,4.884,654.630,654.649
3021,4.884,654.630,654.649
3022,4.884,654.630,654.649
3023,4.884,654.630,654.649
3024,4.884,654.630,654.649
3025,4.884,654.630,654.649
3026,4.884,654.630,654.649
3027,4.884,654.630,654.649
3028,4.884,654.630,654.649
3029,4.884,654.630,654.649
3030,4.884,654.630,654.649
3031,4.884,654.630,654.649
3032,4.884,654.630,654.649
3033,4.884,654.630,654.649
3034,4.884,654.630,654.649
3035,4.884,654.630,654.649
3036,4.884,654.630,654.649
3037,4.884,654.630,654.649
3038,4.884,654.630,654.649
3039,4.884,654.630,654.649
3040,4.884,654.630,654.649
3041,4.884,654.630,654.649
3042,4.884,654.630,654.649
3043,4.884,654.630,654.649
3044,4.884,654.630,654.649
3045,4.884,654.630,654.649
3046,4.884,654.630,654.649
3047,4.884,654.630,654.649
3048,4.884,654.630,654.649
3049,4.884,654.630,654.649
3050,4.884,654.630,654.649
3051,4.884,654.630,654.649
3052,4.884,654.630,654.649
3053,4.884,654.630,654.649
3054,4.884,654.630,654.649
3055,4.884,654.630,654.649
3056,4.884,654.630,654.649
3057,4.884,654.630,654.649
3058,4.884,654.630,654.649
3059,4.884,654.630,654.649
3060,4.884,654.630,654.649
3061,4.884,654.630,654.649
3062,4.884,654.630,654.649
3063,4.884,654.630,654.649
3064,4.884,654.630,654.649
3065,4.884,654.630,654.649
3066,4.884,654.630,654.649
3067,4.884,654.630,654.649
3068,4.884,654.630,654.649
3069,4.884,654.630,654.649
3070,4.884,654.630,654.649
3071,4.884,654.630,654.649
3072,4.884,654.630,654.649
3073,4.884,654.630,654.649
3074,4.884,654.630,654.649
3075,4.884,654.630,654.649
3076,4.884,654.630,654.649
3077,4.884,654.630,654.649
3078,4.884,654.630,654.649
3079,4.884,654.630,654.649
3080,4.884,654.630,654.649
3081,4.884,654.630,654.649
3082,4.884,654.630,654.649
3083,4.884,654.630,654.649
3084,4.884,654.630,654.649
3085,4.884,654.630,654.649
3086,4.884,654.630,654.649
3087,4.884,654.630,654.649
3088,4.884,654.630,654.649
3089,4.884,654.630,654.649
3090,4.884,654.630,654.649
3091,4.884,654.630,654.649
3092,4.884,654.630,654.649
3093,4.884,654.630,654.649
3094,4.884,654.630,654.649
3095,4.884,654.630,654.649
3096,4.884,654.630,654.649
3097,4.884,654.630,654.649
3098,4.884,654.630,654.649
3099,4.884,654.630,654.649
3100,4.884,654.630,654.649
3101,4.884,654.630,654.649
3102,4.884,654.630,654.649
3103,4.884,654.630,654.649
3104,4.884,654.630,654.649
3105,4.884,654.630,654.649
3106,4.884,654.630,654.649
3107,4.884,654.630,654.649
3108,4.884,654.630,654.649
3109,4.884,654.630,654.649
3110,4.884,654.630,654.649
3111,4.884,654.630,654.649
3112,4.884,654.630,654.649
3113,4.884,654.630,654.649
3114,4.884,654.630,654.649
3115,4.884,654.630,654.649
3116,4.884,654.630,654.649
3117,4.884,654.630,654.649
3118,4.884,654.630,654.649
3119,4.884,654.630,654.649
3120,4.884,654.630,654.649
3121,4.884,654.630,654.649
3122,4.884,654.630,654.649
3123,4.884,654.630,654.649
3124,4.884,654.630,654.649
3125,4.884,654.630,654.649
3126,4.884,654.630,654.649
3127,4.884,654.630,654.649
3128,4.884,654.630,654.649
3129,4.884,654.630,654.649
3130,4.884,654.630,654.649
3131,4.884,654.630,654.649
3132,4.884,654.630,654.649
3133,4.884,654.630,654.649
3134,4.884,654.630,654.649
3135,4.884,654.630,654.649
3136,4.884,654.630,654.649
3137,4.884,654.630,654.649
3138,4.884,654.630,654.649
3139,4.884,654.630,654.649
3140,4.884,654.630,654.649
3141,4.884,654.630,654.649
3142,4.884,654.630,654.649
3143,4.884,654.630,654.649
3144,4.884,654.630,654.649
3145,4.884,654.630,654.649
3146,4.884,654.630,654.649
3147,4.884,654.630,654.649
3148,4.884,654.630,654.649
3149,4.884,654.630,654.649
3150,4.884,654.630,654.649
3151,4.884,654.630,654.649
3152,4.884,654.630,654.649
3153,4.884,654.630,654.649
3154,4.884,654.630,654.649
3155,4.884,654.630,654.649
3156,4.884,654.630,654.649
3157,4.884,654.630,654.649
3158,4.884,654.630,654.649
3159,4.884,654.630,654.649
3160,4.884,654.630,654.649
3161,4.884,654.630,654.649
3162,4.884,654.630,654.649
3163,4.884,654.630,654.649
3164,4.884,654.630,654.649
3165,4.884,654.630,654.649
3166,4.884,654.630,654.649
3167,4.884,654.630,654.649
3168,4.884,654.630,654.649
3169,4.884,654.630,654.649
3170,4.884,654.630,654.649
3171,4.884,654.630,654.649
3172,4.884,654.630,654.649
3173,4.884,654.630,654.649
3174,4.884,654.630,654.649
3175,4.884,654.630,654.649
3176,4.884,654.630,654.649
3177,4.884,654.630,654.649
3178,4.884,654.630,654.649
3179,4.884,654.630,654.649
3180,4.884,654.630,654.649
3181,4.884,654.630,654.649
3182,4.884,654.630,654.649
3183,4.884,654.630,654.649
3184,4.884,654.630,654.649
3185,4.884,654.630,654.649
3186,4.884,654.630,654.649
3187,4.884,654.630,654.649
3188,4.884,654.630,654.649
3189,4.884,654.630,654.649
3190,4.884,654.630,654.649
3191,4.884,654.630,654.649
3192,4.884,654.630,654.649
3193,4.884,654.630,654.649
3194,4.884,654.630,654.649
3195,4.884,654.630,654.649
3196,4.884,654.630,654.649
3197,4.884,654.630,654.649
3198,4.884,654.630,654.649
3199,4.884,654.630,654.649
3200,4.884,654.630,654.649
3201,4.884,654.630,654.649
3202,4.884,654.630,654.649
3203,4.884,654.630,654.649
3204,4.884,654.630,654.649
3205,4.884,654.630,654.649
3206,4.884,654.630,654.649
3207,4.884,654.630,654.649
3208,4.884,654.630,654.649
3209,4.884,654.630,654.649
3210,4.884,654.630,654.649
3211,4.884,654.630,654.649
3212,4.884,654.630,654.649
3213,4.884,654.630,654.649
3214,4.884,654.630,654.649
3215,4.884,654.630,654.649
3216,4.884,654.630,654.649
3217,4.884,654.630,654.649
3218,4.884,654.630,654.649
3219,4.884,654.630,654.649
3220,4.884,654.630,654.649
3221,4.884,654.630,654.649
3222,4.884,654.630,654.649
3223,4.884,654.630,654.649
3224,4.884,654.630,654.649
3225,4.884,654.630,654.649
3226,4.884,654.630,654.649
3227,4.884,654.630,654.649
3228,4.884,654.630,654.649
3229,4.884,654.630,654.649
3230,4.884,654.630,654.649
3231,4.884,654.630,654.649
3232,4.884,654.630,654.649
3233,4.884,654.630,654.649
3234,4.884,654.630,654.649
3235,4.884,654.630,654.649
3236,4.884,654.630,654.649
3237,4.884,654.630,654.649
3238,4.884,654.630,654.649
3239,4.884,654.630,654.649
3240,4.884,654.630,654.649
3241,4.884,654.630,654.649
3242,4.884,654.630,654.649
3243,4.884,654.630,654.649
3244,4.884,654.630,654.649
3245,4.884,654.630,654.649
3246,4.884,654.630,654.649
3247,4.884,654.630,654.649
3248,4.884,654.630,654.649
3249,4.884,654.630,654.649
3250,4.884,654.630,654.649
3251,4.884,654.630,654.649
3252,4.884,654.630,654.649
3253,4.884,654.630,654.649
3254,4.884,654.630,654.649
3255,4.884,654.630,654.649
3256,4.884,654.630,654.649
3257,4.884,654.630,654.649
3258,4.884,654.630,654.649
3259,4.884,654.630,654.649
3260,4.884,654.630,654.649
3261,4.884,654.630,654.649
3262,4.884,654.630,654.649
3263,4.884,654.630,654.649
3264,4.884,654.630,654.649
3265,4.884,654.630,654.649
3266,4.884,654.630,654.649
3267,4.884,654.630,654.649
3268,4.884,654.630,654.649
3269,4.884,654.630,654.649
3270,4.884,654.630,654.649
3271,4.884,654.630,654.649
3272,4.884,654.630,654.649
3273,4.884,654.630,654.649
3274,4.884,654.630,654.649
3275,4.884,654.630,654.649
3276,4.884,654.630,654.649
3277,4.884,654.630,654.649
3278,4.884,654.630,654.649
3279,4.884,654.630,654.649
3280,4.884,654.630,654.649
3281,4.884,654.630,654.649
3282,4.884,654.630,654.649
3283,4.884,654.630,654.649
3284,4.884,654.630,654.649
3285,4.884,654.630,654.649
3286,4.884,654.630,654.649
3287,4.884,654.630,654.649
3288,4.884,654.630,654.649
3289,4.884,654.630,654.649
3290,4.884,654.630,654.649
3291,4.884,654.630,654.649
3292,4.884,654.630,654.649
3293,4.884,654.630,654.649
3294,4.884,654.630,654.649
3295,4.884,654.630,654.649
3296,4.884,654.630,654.649
3297,4.884,654.630,654.649
3298,4.884,654.630,654.649
3299,4.884,654.630,654.649
3300,4.884,654.630,654.649
3301,4.884,654.630,654.649
3302,4.884,654.630,654.649
3303,4.884,654.630,654.649
3304,4.884,654.630,654.649
3305,4.884,654.630,654.649
3306,4.884,654.630,654.649
3307,4.884,654.630,654.649
3308,4.884,654.630,654.649
3309,4.884,654.630,654.649
3310,4.884,654.630,654.649
3311,4.884,654.630,654.649
3312,4.884,654.630,654.649
3313,4.884,654.630,654.649
3314,4.884,654.630,654.649
3315,4.884,654.630,654.649
3316,4.884,654.630,654.649
3317,4.884,654.630,654.649
3318,4.884,654.630,654.649
3319,4.884,654.630,654.649
3320,4.884,654.630,654.649
3321,4.884,654.630,654.649
3322,4.884,654.630,654.649
3323,4.884,654.630,654.649
3324,4.884,654.630,654.649
3325,4.884,654.630,654.649
3326,4.884,654.630,654.649
3327,4.884,654.630,654.649
3328,4.884,654.630,654.649
3329,4.884,654.630,654.649
3330,4.884,654.630,654.649
3331,4.884,654.630,654.649
3332,4.884,654.630,654.649
3333,4.884,654.630,654.649
3334,4.884,654.630,654.649
3335,4.884,654.630,654.649
3336,4.884,654.630,654.649
3337,4.884,654.630,654.649
3338,4.884,654.630,654.649
3339,4.884,654.630,654.649
3340,4.884,654.630,654.649
3341,4.884,654.630,654.649
3342,4.884,654.630,654.649
3343,4.884,654.630,654.649
3344,4.884,654.630,654.649
3345,4.884,654.630,654.649
3346,4.884,654.630,654.649
3347,4.884,654.630,654.649
3348,4.884,654.630,654.649
3349,4.884,654.630,654.649
3350,4.884,654.630,654.649
3351,4.884,654.630,654.649
3352,4.884,654.630,654.649
3353,4.884,654.630,654.649
3354,4.884,654.630,654.649
3355,4.884,654.630,654.649
3356,4.884,654.630,654.649
3357,4.884,654.630,654.649
3358,4.884,654.630,654.649
3359,4.884,654.630,654.649
3360,4.884,654.630,654.649
3361,4.884,654.630,654.649
3362,4.884,654.630,654.649
3363,4.884,654.630,654.649
3364,4.884,654.630,654.649
3365,4.884,654.630,654.649
3366,4.884,654.630,654.649
3367,4.884,654.630,654.649
3368,4.884,654.630,654.649
3369,4.884,654.630,654.649
3370,4.884,654.630,654.649
3371,4.884,654.630,654.649
3372,4.884,654.630,654.649
3373,4.884,654.630,654.649
3374,4.884,654.630,654.649
3375,4.884,654.630,654.649
3376,4.884,654.630,654.649
3377,4.884,654.630,654.649
3378,4.884,654.630,654.649
3379,4.884,654.630,654.649
3380,4.884,654.630,654.649
3381,4.884,654.630,654.649
3382,4.884,654.630,654.649
3383,4.884,654.630,654.649
3384,4.884,654.630,654.649
3385,4.884,654.630,654.649
3386,4.884,654.630,654.649
3387,4.884,654.630,654.649
3388,4.884,654.630,654.649
3389,4.884,654.630,654.649
3390,4.884,654.630,654.649
3391,4.884,654.630,654.649
3392,4.884,654.630,654.649
3393,4.884,654.630,654.649
3394,4.884,654.630,654.649
3395,4.884,654.630,654.649
3396,4.884,654.630,654.649
3397,4.884,654.630,654.649
3398,4.884,654.630,654.649
3399,4.884,654.630,654.649
3400,4.884,654.630,654.649
3401,4.884,654.630,654.649
3402,4.884,654.630,654.649
3403,4.884,654.630,654.649
3404,4.884,654.630,654.649
3405,4.884,654.630,654.649
3406,4.884,654.630,654.649
3407,4.884,654.630,654.649
3408,4.884,654.630,654.649
3409,4.884,654.630,654.649
3410,4.884,654.630,654.649
3411,4.884,654.630,654.649
3412,4.884,654.630,654.649
3413,4.884,654.630,654.649
3414,4.884,654.630,654.649
3415,4.884,654.630,654.649
3416,4.884,654.630,654.649
3417,4.884,654.630,654.649
3418,4.884,654.630,654.649
3419,4.884,654.630,654.649
3420,4.884,654.630,654.649
3421,4.884,654.630,654.649
3422,4.884,654.630,654.649
3423,4.884,654.630,654.649
3424,4.884,654.630,654.649
3425,4.884,654.630,654.649
3426,4.884,654.630,654.649
3427,4.884,654.630,654.649
3428,4.884,654.630,654.649
3429,4.884,654.630,654.649
3430,4.884,654.630,654.649
3431,4.884,654.630,654.649
3432,4.884,654.630,654.649
3433,4.884,654.630,654.649
3434,4.884,654.630,654.649
3435,4.884,654.630,654.649
3436,4.884,654.630,654.649
3437,4.884,654.630,654.649
3438,4.884,654.630,654.649
3439,4.884,654.630,654.649
3440,4.884,654.630,654.649
3441,4.884,654.630,654.649
3442,4.884,654.630,654.649
3443,4.884,654.630,654.649
3444,4.884,654.630,654.649
3445,4.884,654.630,654.649
3446,4.884,654.630,654.649
3447,4.884,654.630,654.649
3448,4.884,654.630,654.649
3449,4.884,654.630,654.649
3450,4.884,654.630,654.649
3451,4.884,654.630,654.649
3452,4.884,654.630,654.649
3453,4.884,654.630,654.649
3454,4.884,654.630,654.649
3455,4.884,654.630,654.649
3456,4.884,654.630,654.649
3457,4.884,654.630,654.649
3458,4.884,654.630,654.649
3459,4.884,654.630,654.649
3460,4.884,654.630,654.649
3461,4.884,654.630,654.649
3462,4.884,654.630,654.649
3463,4.884,654.630,654.649
3464,4.884,654.630,654.649
3465,4.884,654.630,654.649
3466,4.884,654.630,654.649
3467,4.884,654.630,654.649
3468,4.884,654.630,654.649
3469,4.884,654.630,654.649
3470,4.884,654.630,654.649
3471,4.884,654.630,654.649
3472,4.884,654.630,654.649
3473,4.884,654.630,654.649
3474,4.884,654.630,654.649
3475,4.884,654.630,654.649
3476,4.884,654.630,654.649
3477,4.884,654.630,654.649
3478,4.884,654.630,654.649
3479,4.884,654.630,654.649
3480,4.884,654.630,654.649
3481,4.884,654.630,654.649
3482,4.884,654.630,654.649
3483,4.884,654.630,654.649
3484,4.884,654.630,654.649
3485,4.884,654.630,654.649
3486,4.884,654.630,654.649
3487,4.884,654.630,654.649
3488,4.884,654.630,654.649
3489,4.884,654.630,654.649
3490,4.884,654.630,654.649
3491,4.884,654.630,654.649
3492,4.884,654.630,654.649
3493,4.884,654.630,654.649
3494,4.884,654.630,654.649
3495,4.884,654.630,654.649
3496,4.884,654.630,654.649
3497,4.884,654.630,654.649
3498,4.884,654.630,654.649
3499,4.884,654.630,654.649
3500,4.884,654.630,654.649
3501,4.884,654.630,654.649
3502,4.884,654.630,654.649
3503,4.884,654.630,654.649
3504,4.884,654.630,654.649
3505,4.884,654.630,654.649
3506,4.884,654.630,654.649
3507,4.884,654.630,654.649
3508,4.884,654.630,654.649
3509,4.884,654.630,654.649
3510,4.884,654.630,654.649
3511,4.884,654.630,654.649
3512,4.884,654.630,654.649
3513,4.884,654.630,654.649
3514,4.884,654.630,654.649
3515,4.884,654.630,654.649
3516,4.884,654.630,654.649
3517,4.884,654.630,654.649
3518,4.884,654.630,654.649
3519,4.884,654.630,654.649
3520,4.884,654.630,654.649
3521,4.884,654.630,654.649
3522,4.884,654.630,654.649
3523,4.884,654.630,654.649
3524,4.884,654.630,654.649
3525,4.884,654.630,654.649
3526,4.884,654.630,654.649
3527,4.884,654.630,654.649
3528,4.884,654.630,654.649
3529,4.884,654.630,654.649
3530,4.884,654.630,654.649
3531,4.884,654.630,654.649
3532,4.884,654.630,654.649
3533,4.884,654.630,654.649
3534,4.884,654.630,654.649
3535,4.884,654.630,654.649
3536,4.884,654.630,654.649
3537,4.884,654.630,654.649
3538,4.884,654.630,654.649
3539,4.884,654.630,654.649
3540,4.884,654.630,654.649
3541,4.884,654.630,654.649
3542,4.884,654.630,654.649
3543,4.884,654.630,654.649
3544,4.884,654.630,654.649
3545,4.884,654.630,654.649
3546,4.884,654.630,654.649
3547,4.884,654.630,654.649
3548,4.884,654.630,654.649
3549,4.884,654.630,654.649
3550,4.884,654.630,654.649
3551,4.884,654.630,654.649
3552,4.884,654.630,654.649
3553,4.884,654.630,654.649
3554,4.884,654.630,654.649
3555,4.884,654.630,654.649
3556,4.884,654.630,654.649
3557,4.884,654.630,654.649
3558,4.884,654.630,654.649
3559,4.884,654.630,654.649
3560,4.884,654.630,654.649
3561,4.884,654.630,654.649
3562,4.884,654.630,654.649
3563,4.884,654.630,654.649
3564,4.884,654.630,654.649
3565,4.884,654.630,654.649
3566,4.884,654.630,654.649
3567,4.884,654.630,654.649
3568,4.884,654.630,654.649
3569,4.884,654.630,654.649
3570,4.884,654.630,654.649
3571,4.884,654.630,654.649
3572,4.884,654.630,654.649
3573,4.884,654.630,654.649
3574,4.884,654.630,654.649
3575,4.884,654.630,654.649
3576,4.884,654.630,654.649
3577,4.884,654.630,654.649
3578,4.884,654.630,654.649
3579,4.884,654.630,654.649
3580,4.884,654.630,654.649
3581,4.884,654.630,654.649
3582,4.884,654.630,654.649
3583,4.884,654.630,654.649
3584,4.884,654.630,654.649
3585,4.884,654.630,654.649
3586,4.884,654.630,654.649
3587,4.884,654.630,654.649
3588,4.884,654.630,654.649
3589,4.884,654.630,654.649
3590,4.884,654.630,654.649
3591,4.884,654.630,654.649
3592,4.884,654.630,654.649
3593,4.884,654.630,654.649
3594,4.884,654.630,654.649
3595,4.884,654.630,654.649
3596,4.884,654.630,654.649
3597,4.884,654.630,654.649
3598,4.884,654.630,654.649
3599,4.884,654.630,654.649
3600,4.884,654.630,654.649
3601,4.884,654.630,654.649
3602,4.884,654.630,654.649
3603,4.884,654.630,654.649
3604,4.884,654.630,654.649
3605,4.884,654.630,654.649
3606,4.884,654.630,654.649
3607,4.884,654.630,654.649
3608,4.884,654.630,654.649
3609,4.884,654.630,654.649
3610,4.884,654.630,654.649
3611,4.884,654.630,654.649
3612,4.884,654.630,654.649
3613,4.884,654.630,654.649
3614,4.884,654.630,654.649
3615,4.884,654.630,654.649
3616,4.884,654.630,654.649
3617,4.884,654.630,654.649
3618,4.884,654.630,654.649
3619,4.884,654.630,654.649
3620,4.884,654.630,654.649
3621,4.884,654.630,654.649
3622,4.884,654.630,654.649
3623,4.884,654.630,654.649
3624,4.884,654.630,654.649
3625,4.884,654.630,654.649
3626,4.884,654.630,654.649
3627,4.884,654.630,654.649
3628,4.884,654.630,654.649
3629,4.884,654.630,654.649
3630,4.884,654.630,654.649
3631,4.884,654.630,654.649
3632,4.884,654.630,654.649
3633,4.884,654.630,654.649
3634,4.884,654.630,654.649
3635,4.884,654.630,654.649
3636,4.884,654.630,654.649
3637,4.884,654.630,654.649
3638,4.884,654.630,654.649
3639,4.884,654.630,654.649
3640,4.884,654.630,654.649
3641,4.884,654.630,654.649
3642,4.884,654.630,654.649
3643,4.884,654.630,654.649
3644,4.884,654.630,654.649
3645,4.884,654.630,654.649
3646,4.884,654.630,654.649
3647,4.884,654.630,654.649
3648,4.884,654.630,654.649
3649,4.884,654.630,654.649
3650,4.884,654.630,654.649
3651,4.884,654.630,654.649
3652,4.884,654.630,654.649
3653,4.884,654.630,654.649
3654,4.884,654.630,654.649
3655,4.884,654.630,654.649
3656,4.884,654.630,654.649
3657,4.884,654.630,654.649
3658,4.884,654.630,654.649
3659,4.884,654.630,654.649
3660,4.884,654.630,654.649
3661,4.884,654.630,654.649
3662,4.884,654.630,654.649
3663,4.884,654.630,654.649
3664,4.884,654.630,654.649
3665,4.884,654.630,654.649
3666,4.884,654.630,654.649
3667,4.884,654.630,654.649
3668,4.884,654.630,654.649
3669,4.884,654.630,654.649
3670,4.884,654.630,654.649
3671,4.884,654.630,654.649
3672,4.884,654.630,654.649
3673,4.884,654.630,654.649
3674,4.884,654.630,654.649
3675,4.884,654.630,654.649
3676,4.884,654.630,654.649
3677,4.884,654.630,654.649
3678,4.884,654.630,654.649
3679,4.884,654.630,654.649
3680,4.884,654.630,654.649
3681,4.884,654.630,654.649
3682,4.884,654.630,654.649
3683,4.884,654.630,654.649
3684,4.884,654.630,654.649
3685,4.884,654.630,654.649
3686,4.884,654.630,654.649
3687,4.884,654.630,654.649
3688,4.884,654.630,654.649
3689,4.884,654.630,654.649
3690,4.884,654.630,654.649
3691,4.884,654.630,654.649
3692,4.884,654.630,654.649
3693,4.884,654.630,654.649
3694,4.884,654.630,654.649
3695,4.884,654.630,654.649
3696,4.884,654.630,654.649
3697,4.884,654.630,654.649
3698,4.884,654.630,654.649
3699,4.884,654.630,654.649
3700,4.884,654.630,654.649
3701,4.884,654.630,654.649
3702,4.884,654.630,654.649
3703,4.884,654.630,654.649
3704,4.884,654.630,654.649
3705,4.884,654.630,654.649
3706,4.884,654.630,654.649
3707,4.884,654.630,654.649
3708,4.884,654.630,654.649
3709,4.884,654.630,654.649
3710,4.884,654.630,654.649
3711,4.884,654.630,654.649
3712,4.884,654.630,654.649
3713,4.884,654.630,654.649
3714,4.884,654.630,654.649
3715,4.884,654.630,654.649
3716,4.884,654.630,654.649
3717,4.884,654.630,654.649
3718,4.884,654.630,654.649
3719,4.884,654.630,654.649
3720,4.884,654.630,654.649
3721,4.884,654.630,654.649
3722,4.884,654.630,654.649
3723,4.884,654.630,654.649
3724,4.884,654.630,654.649
3725,4.884,654.630,654.649
3726,4.884,654.630,654.649
3727,4.884,654.630,654.649
3728,4.884,654.630,654.649
3729,4.884,654.630,654.649
3730,4.884,654.630,654.649
3731,4.884,654.630,654.649
3732,4.884,654.630,654.649
3733,4.884,654.630,654.649
3734,4.884,654.630,654.649
3735,4.884,654.630,654.649
3736,4.884,654.630,654.649
3737,4.884,654.630,654.649
3738,4.884,654.630,654.649
3739,4.884,654.630,654.649
3740,4.884,654.630,654.649
3741,4.884,654.630,654.649
3742,4.884,654.630,654.649
3743,4.884,654.630,654.649
3744,4.884,654.630,654.649
3745,4.884,654.630,654.649
3746,4.884,654.630,654.649
3747,4.884,654.630,654.649
3748,4.884,654.630,654.649
3749,4.884,654.630,654.649
3750,4.884,654.630,654.649
3751,4.884,654.630,654.649
3752,4.884,654.630,654.649
3753,4.884,654.630,654.649
3754,4.884,654.630,654.649
3755,4.884,654.630,654.649
3756,4.884,654.630,654.649
3757,4.884,654.630,654.649
3758,4.884,654.630,654.649
3759,4.884,654.630,654.649
3760,4.884,654.630,654.649
3761,4.884,654.630,654.649
3762,4.884,654.630,654.649
3763,4.884,654.630,654.649
3764,4.884,654.630,654.649
3765,4.884,654.630,654.649
3766,4.884,654.630,654.649
3767,4.884,654.630,654.649
3768,4.884,654.630,654.649
3769,4.884,654.630,654.649
3770,4.884,654.630,654.649
3771,4.884,654.630,654.649
3772,4.884,654.630,654.649
3773,4.884,654.630,654.649
3774,4.884,654.630,654.649
3775,4.884,654.630,654.649
3776,4.884,654.630,654.649
3777,4.884,654.630,654.649
3778,4.884,654.630,654.649
3779,4.884,654.630,654.649
3780,4.884,654.630,654.649
3781,4.884,654.630,654.649
3782,4.884,654.630,654.649
3783,4.884,654.630,654.649
3784,4.884,654.630,654.649
3785,4.884,654.630,654.649
3786,4.884,654.630,654.649
3787,4.884,654.630,654.649
3788,4.884,654.630,654.649
3789,4.884,654.630,654.649
3790,4.884,654.630,654.649
3791,4.884,654.630,654.649
3792,4.884,654.630,654.649
3793,4.884,654.630,654.649
3794,4.884,654.630,654.649
3795,4.884,654.630,654.649
3796,4.884,654.630,654.649
3797,4.884,654.630,654.649
3798,4.884,654.630,654.649
3799,4.884,654.630,654.649
3800,4.884,654.630,654.649
3801,4.884,654.630,654.649
3802,4.884,654.630,654.649
3803,4.884,654.630,654.649
3804,4.884,654.630,654.649
3805,4.884,654.630,654.649
3806,4.884,654.630,654.649
3807,4.884,654.630,654.649
3808,4.884,654.630,654.649
3809,4.884,654.630,654.649
3810,4.884,654.630,654.649
3811,4.884,654.630,654.649
3812,4.884,654.630,654.649
3813,4.884,654.630,654.649
3814,4.884,654.630,654.649
3815,4.884,654.630,654.649
3816,4.884,654.630,654.649
3817,4.884,654.630,654.649
3818,4.884,654.630,654.649
3819,4.884,654.630,654.649
3820,4.884,654.630,654.649
3821,4.884,654.630,654.649
3822,4.884,654.630,654.649
3823,4.884,654.630,654.649
3824,4.884,654.630,654.649
3825,4.884,654.630,654.649
3826,4.884,654.630,654.649
3827,4.884,654.630,654.649
3828,4.884,654.630,654.649
3829,4.884,654.630,654.649
3830,4.884,654.630,654.649
3831,4.884,654.630,654.649
3832,4.884,654.630,654.649
3833,4.884,654.630,654.649
3834,4.884,654.630,654.649
3835,4.884,654.630,654.649
3836,4.884,654.630,654.649
3837,4.884,654.630,654.649
3838,4.884,654.630,654.649
3839,4.884,654.630,654.649
3840,4.884,654.630,654.649
3841,4.884,654.630,654.649
3842,4.884,654.630,654.649
3843,4.884,654.630,654.649
3844,4.884,654.630,654.649
3845,4.884,654.630,654.649
3846,4.884,654.630,654.649
3847,4.884,654.630,654.649
3848,4.884,654.630,654.649
3849,4.884,654.630,654.649
3850,4.884,654.630,654.649
3851,4.884,654.630,654.649
3852,4.884,654.630,654.649
3853,4.884,654.630,654.649
3854,4.884,654.630,654.649
3855,4.884,654.630,654.649
3856,4.884,654.630,654.649
3857,4.884,654.630,654.649
3858,4.884,654.630,654.649
3859,4.884,654.630,654.649
3860,4.884,654.630,654.649
3861,4.884,654.630,654.649
3862,4.884,654.630,654.649
3863,4.884,654.630,654.649
3864,4.884,654.630,654.649
3865,4.884,654.630,654.649
3866,4.884,654.630,654.649
3867,4.884,654.630,654.649
3868,4.884,654.630,654.649
3869,4.884,654.630,654.649
3870,4.884,654.630,654.649
3871,4.884,654.630,654.649
3872,4.884,654.630,654.649
3873,4.884,654.630,654.649
3874,4.884,654.630,654.649
3875,4.884,654.630,654.649
3876,4.884,654.630,654.649
3877,4.884,654.630,654.649
3878,4.884,654.630,654.649
3879,4.884,654.630,654.649
3880,4.884,654.630,654.649
3881,4.884,654.630,654.649
3882,4.884,654.630,654.649
3883,4.884,654.630,654.649
3884,4.884,654.630,654.649
3885,4.884,654.630,654.649
3886,4.884,654.630,654.649
3887,4.884,654.630,654.649
3888,4.884,654.630,654.649
3889,4.884,654.630,654.649
3890,4.884,654.630,654.649
3891,4.884,654.630,654.649
3892,4.884,654.630,654.649
3893,4.884,654.630,654.649
3894,4.884,654.630,654.649
3895,4.884,654.630,654.649
3896,4.884,654.630,654.649
3897,4.884,654.630,654.649
3898,4.884,654.630,654.649
3899,4.884,654.630,654.649
3900,4.884,654.630,654.649
3901,4.884,654.630,654.649
3902,4.884,654.630,654.649
3903,4.884,654.630,654.649
3904,4.884,654.630,654.649
3905,4.884,654.630,654.649
3906,4.884,654.630,654.649
3907,4.884,654.630,654.649
3908,4.884,654.630,654.649
3909,4.884,654.630,654.649
3910,4.884,654.630,654.649
3911,4.884,654.630,654.649
3912,4.884,654.630,654.649
3913,4.884,654.630,654.649
3914,4.884,654.630,654.649
3915,4.884,654.630,654.649
3916,4.884,654.630,654.649
3917,4.884,654.630,654.649
3918,4.884,654.630,654.649
3919,4.884,654.630,654.649
3920,4.884,654.630,654.649
3921,4.884,654.630,654.649
3922,4.884,654.630,654.649
3923,4.884,654.630,654.649
3924,4.884,654.630,654.649
3925,4.884,654.630,654.649
3926,4.884,654.630,654.649
3927,4.884,654.630,654.649
3928,4.884,654.630,654.649
3929,4.884,654.630,654.649
3930,4.884,654.630,654.649
3931,4.884,654.630,654.649
3932,4.884,654.630,654.649
3933,4.884,654.630,654.649
3934,4.884,654.630,654.649
3935,4.884,654.630,654.649
3936,4.884,654.630,654.649
3937,4.884,654.630,654.649
3938,4.884,654.630,654.649
3939,4.884,654.630,654.649
3940,4.884,654.630,654.649
3941,4.884,654.630,654.649
3942,4.884,654.630,654.649
3943,4.884,654.630,654.649
3944,4.884,654.630,654.649
3945,4.884,654.630,654.649
3946,4.884,654.630,654.649
3947,4.884,654.630,654.649
3948,4.884,654.630,654.649
3949,4.884,654.630,654.649
3950,4.884,654.630,654.649
3951,4.884,654.630,654.649
3952,4.884,654.630,654.649
3953,4.884,654.630,654.649
3954,4.884,654.630,654.649
3955,4.884,654.630,654.649
3956,4.884,654.630,654.649
3957,4.884,654.630,654.649
3958,4.884,654.630,654.649
3959,4.884,654.630,654.649
3960,4.884,654.630,654.649
3961,4.884,654.630,654.649
3962,4.884,654.630,654.649
3963,4.884,654.630,654.649
3964,4.884,654.630,654.649
3965,4.884,654.630,654.649
3966,4.884,654.630,654.649
3967,4.884,654.630,654.649
3968,4.884,654.630,654.649
3969,4.884,654.630,654.649
3970,4.884,654.630,654.649
3971,4.884,654.630,654.649
3972,4.884,654.630,654.649
3973,4.884,654.630,654.649
3974,4.884,654.630,654.649
3975,4.884,654.630,654.649
3976,4.884,654.630,654.649
3977,4.884,654.630,654.649
3978,4.884,654.630,654.649
3979,4.884,654.630,654.649
3980,4.884,654.630,654.649
3981,4.884,654.630,654.649
3982,4.884,654.630,654.649
3983,4.884,654.630,654.649
3984,4.884,654.630,654.649
3985,4.884,654.630,654.649
3986,4.884,654.630,654.649
3987,4.884,654.630,654.649
3988,4.884,654.630,654.649
3989,4.884,654.630,654.649
3990,4.884,654.630,654.649
3991,4.884,654.630,654.649
3992,4.884,654.630,654.649
3993,4.884,654.630,654.649
3994,4.884,654.630,654.649
3995,4.884,654.630,654.649
3996,4.884,654.630,654.649
3997,4.884,654.630,654.649
3998,4.884,654.630,654.649
3999,4.884,654.630,654.649
4000,4.884,654.630,654.649
4001,4.884,654.630,654.649
4002,4.884,654.630,654.649
4003,4.884,654.630,654.649
4004,4.884,654.630,654.649
4005,4.884,654.630,654.649
4006,4.884,654.630,654.649
4007,4.884,654.630,654.649
4008,4.884,654.630,654.649
4009,4.884,654.630,654.649
4010,4.884,654.630,654.649
4011,4.884,654.630,654.649
4012,4.884,654.630,654.649
4013,4.884,654.630,654.649
4014,4.884,654.630,654.649
4015,4.884,654.630,654.649
4016,4.884,654.630,654.649
4017,4.884,654.630,654.649
4018,4.884,654.630,654.649
4019,4.884,654.630,654.649
4020,4.884,654.630,654.649
4021,4.884,654.630,654.649
4022,4.884,654.630,654.649
4023,4.884,654.630,654.649
4024,4.884,654.630,654.649
4025,4.884,654.630,654.649
4026,4.884,654.630,654.649
4027,4.884,654.630,654.649
4028,4.884,654.630,654.649
4029,4.884,654.630,654.649
4030,4.884,654.630,654.649
4031,4.884,654.630,654.649
4032,4.884,654.630,654.649
4033,4.884,654.630,654.649
4034,4.884,654.630,654.649
4035,4.884,654.630,654.649
4036,4.884,654.630,654.649
4037,4.884,654.630,654.649
4038,4.884,654.630,654.649
4039,4.884,654.630,654.649
4040,4.884,654.630,654.649
4041,4.884,654.630,654.649
4042,4.884,654.630,654.649
4043,4.884,654.630,654.649
4044,4.884,654.630,654.649
4045,4.884,654.630,654.649
4046,4.884,654.630,654.649
4047,4.884,654.630,654.649
4048,4.884,654.630,654.649
4049,4.884,654.630,654.649
4050,4.884,654.630,654.649
4051,4.884,654.630,654.649
4052,4.884,654.630,654.649
4053,4.884,654.630,654.649
4054,4.884,654.630,654.649
4055,4.884,654.630,654.649
4056,4.884,654.630,654.649
4057,4.884,654.630,654.649
4058,4.884,654.630,654.649
4059,4.884,654.630,654.649
4060,4.884,654.630,654.649
4061,4.884,654.630,654.649
4062,4.884,654.630,654.649
4063,4.884,654.630,654.649
4064,4.884,654.630,654.649
4065,4.884,654.630,654.649
4066,4.884,654.630,654.649
4067,4.884,654.630,654.649
4068,4.884,654.630,654.649
4069,4.884,654.630,654.649
4070,4.884,654.630,654.649
4071,4.884,654.630,654.649
4072,4.884,654.630,654.649
4073,4.884,654.630,654.649
4074,4.884,654.630,654.649
4075,4.884,654.630,654.649
4076,4.884,654.630,654.649
4077,4.884,654.630,654.649
4078,4.884,654.630,654.649
4079,4.884,654.630,654.649
4080,4.884,654.630,654.649
4081,4.884,654.630,654.649
4082,4.884,654.630,654.649
4083,4.884,654.630,654.649
4084,4.884,654.630,654.649
4085,4.884,654.630,654.649
4086,4.884,654.630,654.649
4087,4.884,654.630,654.649
4088,4.884,654.630,654.649
4089,4.884,654.630,654.649
4090,4.884,654.630,654.649
4091,4.884,654.630,654.649
4092,4.884,654.630,654.649
4093,4.884,654.630,654.649
4094,4.884,654.630,654.649
4095,4.884,654.630,654.649
4096,4.884,654.630,654.649
4097,4.884,654.630,654.649
4098,4.884,654.630,654.649
4099,4.884,654.630,654.649
4100,4.884,654.630,654.649
4101,4.884,654.630,654.649
4102,4.884,654.630,654.649
4103,4.884,654.630,654.649
4104,4.884,654.630,654.649
4105,4.884,654.630,654.649
4106,4.884,654.630,654.649
4107,4.884,654.630,654.649
4108,4.884,654.630,654.649
4109,4.884,654.630,654.649
4110,4.884,654.630,654.649
4111,4.884,654.630,654.649
4112,4.884,654.630,654.649
4113,4.884,654.630,654.649
4114,4.884,654.630,654.649
4115,4.884,654.630,654.649
4116,4.884,654.630,654.649
4117,4.884,654.630,654.649
4118,4.884,654.630,654.649
4119,4.884,654.630,654.649
4120,4.884,654.630,654.649
4121,4.884,654.630,654.649
4122,4.884,654.630,654.649
4123,4.884,654.630,654.649
4124,4.884,654.630,654.649
4125,4.884,654.630,654.649
4126,4.884,654.630,654.649
4127,4.884,654.630,654.649
4128,4.884,654.630,654.649
4129,4.884,654.630,654.649
4130,4.884,654.630,654.649
4131,4.884,654.630,654.649
4132,4.884,654.630,654.649
4133,4.884,654.630,654.649
4134,4.884,654.630,654.649
4135,4.884,654.630,654.649
4136,4.884,654.630,654.649
4137,4.884,654.630,654.649
4138,4.884,654.630,654.649
4139,4.884,654.630,654.649
4140,4.884,654.630,654.649
4141,4.884,654.630,654.649
4142,4.884,654.630,654.649
4143,4.884,654.630,654.649
4144,4.884,654.630,654.649
4145,4.884,654.630,654.649
4146,4.884,654.630,654.649
4147,4.884,654.630,654.649
4148,4.884,654.630,654.649
4149,4.884,654.630,654.649
4150,4.884,654.630,654.649
4151,4.884,654.630,654.649
4152,4.884,654.630,654.649
4153,4.884,654.630,654.649
4154,4.884,654.630,654.649
4155,4.884,654.630,654.649
4156,4.884,654.630,654.649
4157,4.884,654.630,654.649
4158,4.884,654.630,654.649
4159,4.884,654.630,654.649
4160,4.884,654.630,654.649
4161,4.884,654.630,654.649
4162,4.884,654.630,654.649
4163,4.884,654.630,654.649
4164,4.884,654.630,654.649
4165,4.884,654.630,654.649
4166,4.884,654.630,654.649
4167,4.884,654.630,654.649
4168,4.884,654.630,654.649
4169,4.884,654.630,654.649
4170,4.884,654.630,654.649
4171,4.884,654.630,654.649
4172,4.884,654.630,654.649
4173,4.884,654.630,654.649
4174,4.884,654.630,654.649
4175,4.884,654.630,654.649
4176,4.884,654.630,654.649
4177,4.884,654.630,654.649
4178,4.884,654.630,654.649
4179,4.884,654.630,654.649
4180,4.884,654.630,654.649
4181,4.884,654.630,654.649
4182,4.884,654.630,654.649
4183,4.884,654.630,654.649
4184,4.884,654.630,654.649
4185,4.884,654.630,654.649
4186,4.884,654.630,654.649
4187,4.884,654.630,654.649
4188,4.884,654.630,654.649
4189,4.884,654.630,654.649
4190,4.884,654.630,654.649
4191,4.884,654.630,654.649
4192,4.884,654.630,654.649
4193,4.884,654.630,654.649
4194,4.884,654.630,654.649
4195,4.884,654.630,654.649
4196,4.884,654.630,654.649
4197,4.884,654.630,654.649
4198,4.884,654.630,654.649
4199,4.884,654.630,654.649
4200,4.884,654.630,654.649
4201,4.884,654.630,654.649
4202,4.884,654.630,654.649
4203,4.884,654.630,654.649
4204,4.884,654.630,654.649
4205,4.884,654.630,654.649
4206,4.884,654.630,654.649
4207,4.884,654.630,654.649
4208,4.884,654.630,654.649
4209,4.884,654.630,654.649
4210,4.884,654.630,654.649
4211,4.884,654.630,654.649
4212,4.884,654.630,654.649
4213,4.884,654.630,654.649
4214,4.884,654.630,654.649
4215,4.884,654.630,654.649
4216,4.884,654.630,654.649
4217,4.884,654.630,654.649
4218,4.884,654.630,654.649
4219,4.884,654.630,654.649
4220,4.884,654.630,654.649
4221,4.884,654.630,654.649
4222,4.884,654.630,654.649
4223,4.884,654.630,654.649
4224,4.884,654.630,654.649
4225,4.884,654.630,654.649
4226,4.884,654.630,654.649
4227,4.884,654.630,654.649
4228,4.884,654.630,654.649
4229,4.884,654.630,654.649
4230,4.884,654.630,654.649
4231,4.884,654.630,654.649
4232,4.884,654.630,654.649
4233,4.884,654.630,654.649
4234,4.884,654.630,654.649
4235,4.884,654.630,654.649
4236,4.884,654.630,654.649
4237,4.884,654.630,654.649
4238,4.884,654.630,654.649
4239,4.884,654.630,654.649
4240,4.884,654.630,654.649
4241,4.884,654.630,654.649
4242,4.884,654.630,654.649
4243,4.884,654.630,654.649
4244,4.884,654.630,654.649
4245,4.884,654.630,654.649
4246,4.884,654.630,654.649
4247,4.884,654.630,654.649
4248,4.884,654.630,654.649
4249,4.884,654.630,654.649
4250,4.884,654.630,654.649
4251,4.884,654.630,654.649
4252,4.884,654.630,654.649
4253,4.884,654.630,654.649
4254,4.884,654.630,654.649
4255,4.884,654.630,654.649
4256,4.884,654.630,654.649
4257,4.884,654.630,654.649
4258,4.884,654.630,654.649
4259,4.884,654.630,654.649
4260,4.884,654.630,654.649
4261,4.884,654.630,654.649
4262,4.884,654.630,654.649
4263,4.884,654.630,654.649
4264,4.884,654.630,654.649
4265,4.884,654.630,654.649
4266,4.884,654.630,654.649
4267,4.884,654.630,654.649
4268,4.884,654.630,654.649
4269,4.884,654.630,654.649
4270,4.884,654.630,654.649
4271,4.884,654.630,654.649
4272,4.884,654.630,654.649
4273,4.884,654.630,654.649
4274,4.884,654.630,654.649
4275,4.884,654.630,654.649
4276,4.884,654.630,654.649
4277,4.884,654.630,654.649
4278,4.884,654.630,654.649
4279,4.884,654.630,654.649
4280,4.884,654.630,654.649
4281,4.884,654.630,654.649
4282,4.884,654.630,654.649
4283,4.884,654.630,654.649
4284,4.884,654.630,654.649
4285,4.884,654.630,654.649
4286,4.884,654.630,654.649
4287,4.884,654.630,654.649
4288,4.884,654.630,654.649
4289,4.884,654.630,654.649
4290,4.884,654.630,654.649
4291,4.884,654.630,654.649
4292,4.884,654.630,654.649
4293,4.884,654.630,654.649
4294,4.884,654.630,654.649
4295,4.884,654.630,654.649
4296,4.884,654.630,654.649
4297,4.884,654.630,654.649
4298,4.884,654.630,654.649
4299,4.884,654.630,654.649
4300,4.884,654.630,654.649
4301,4.884,654.630,654.649
4302,4.884,654.630,654.649
4303,4.884,654.630,654.649
4304,4.884,654.630,654.649
4305,4.884,654.630,654.649
4306,4.884,654.630,654.649
4307,4.884,654.630,654.649
4308,4.884,654.630,654.649
4309,4.884,654.630,654.649
4310,4.884,654.630,654.649
4311,4.884,654.630,654.649
4312,4.884,654.630,654.649
4313,4.884,654.630,654.649
4314,4.884,654.630,654.649
4315,4.884,654.630,654.649
4316,4.884,654.630,654.649
4317,4.884,654.630,654.649
4318,4.884,654.630,654.649
4319,4.884,654.630,654.649
4320,4.884,654.630,654.649
4321,4.884,654.630,654.649
4322,4.884,654.630,654.649
4323,4.884,654.630,654.649
4324,4.884,654.630,654.649
4325,4.884,654.630,654.649
4326,4.884,654.630,654.649
4327,4.884,654.630,654.649
4328,4.884,654.630,654.649
4329,4.884,654.630,654.649
4330,4.884,654.630,654.649
4331,4.884,654.630,654.649
4332,4.884,654.630,654.649
4333,4.884,654.630,654.649
4334,4.884,654.630,654.649
4335,4.884,654.630,654.649
4336,4.884,654.630,654.649
4337,4.884,654.630,654.649
4338,4.884,654.630,654.649
4339,4.884,654.630,654.649
4340,4.884,654.630,654.649
4341,4.884,654.630,654.649
4342,4.884,654.630,654.649
4343,4.884,654.630,654.649
4344,4.884,654.630,654.649
4345,4.884,654.630,654.649
4346,4.884,654.630,654.649
4347,4.884,654.630,654.649
4348,4.884,654.630,654.649
4349,4.884,654.630,654.649
4350,4.884,654.630,654.649
4351,4.884,654.630,654.649
4352,4.884,654.630,654.649
4353,4.884,654.630,654.649
4354,4.884,654.630,654.649
4355,4.884,654.630,654.649
4356,4.884,654.630,654.649
4357,4.884,654.630,654.649
4358,4.884,654.630,654.649
4359,4.884,654.630,654.649
4360,4.884,654.630,654.649
4361,4.884,654.630,654.649
4362,4.884,654.630,654.649
4363,4.884,654.630,654.649
4364,4.884,654.630,654.649
4365,4.884,654.630,654.649
4366,4.884,654.630,654.649
4367,4.884,654.630,654.649
4368,4.884,654.630,654.649
4369,4.884,654.630,654.649
4370,4.884,654.630,654.649
4371,4.884,654.630,654.649
4372,4.884,654.630,654.649
4373,4.884,654.630,654.649
4374,4.884,654.630,654.649
4375,4.884,654.630,654.649
4376,4.884,654.630,654.649
4377,4.884,654.630,654.649
4378,4.884,654.630,654.649
4379,4.884,654.630,654.649
4380,4.884,654.630,654.649
4381,4.884,654.630,654.649
4382,4.884,654.630,654.649
4383,4.884,654.630,654.649
4384,4.884,654.630,654.649
4385,4.884,654.630,654.649
4386,4.884,654.630,654.649
4387,4.884,654.630,654.649
4388,4.884,654.630,654.649
4389,4.884,654.630,654.649
4390,4.884,654.630,654.649
4391,4.884,654.630,654.649
4392,4.884,654.630,654.649
4393,4.884,654.630,654.649
4394,4.884,654.630,654.649
4395,4.884,654.630,654.649
4396,4.884,654.630,654.649
4397,4.884,654.630,654.649
4398,4.884,654.630,654.649
4399,4.884,654.630,654.649
4400,4.884,654.630,654.649
4401,4.884,654.630,654.649
4402,4.884,654.630,654.649
4403,4.884,654.630,654.649
4404,4.884,654.630,654.649
4405,4.884,654.630,654.649
4406,4.884,654.630,654.649
4407,4.884,654.630,654.649
4408,4.884,654.630,654.649
4409,4.884,654.630,654.649
4410,4.884,654.630,654.649
4411,4.884,654.630,654.649
4412,4.884,654.630,654.649
4413,4.884,654.630,654.649
4414,4.884,654.630,654.649
4415,4.884,654.630,654.649
4416,4.884,654.630,654.649
4417,4.884,654.630,654.649
4418,4.884,654.630,654.649
4419,4.884,654.630,654.649
4420,4.884,654.630,654.649
4421,4.884,654.630,654.649
4422,4.884,654.630,654.649
4423,4.884,654.630,654.649
4424,4.884,654.630,654.649
4425,4.884,654.630,654.649
4426,4.884,654.630,654.649
4427,4.884,654.630,654.649
4428,4.884,654.630,654.649
4429,4.884,654.630,654.649
4430,4.884,654.630,654.649
4431,4.884,654.630,654.649
4432,4.884,654.630,654.649
4433,4.884,654.630,654.649
4434,4.884,654.630,654.649
4435,4.884,654.630,654.649
4436,4.884,654.630,654.649
4437,4.884,654.630,654.649
4438,4.884,654.630,654.649
4439,4.884,654.630,654.649
4440,4.884,654.630,654.649
4441,4.884,654.630,654.649
4442,4.884,654.630,654.649
4443,4.884,654.630,654.649
4444,4.884,654.630,654.649
4445,4.884,654.630,654.649
4446,4.884,654.630,654.649
4447,4.884,654.630,654.649
4448,4.884,654.630,654.649
4449,4.884,654.630,654.649
4450,4.884,654.630,654.649
4451,4.884,654.630,654.649
4452,4.884,654.630,654.649
4453,4.884,654.630,654.649
4454,4.884,654.630,654.649
4455,4.884,654.630,654.649
4456,4.884,654.630,654.649
4457,4.884,654.630,654.649
4458,4.884,654.630,654.649
4459,4.884,654.630,654.649
4460,4.884,654.630,654.649
4461,4.884,654.630,654.649
4462,4.884,654.630,654.649
4463,4.884,654.630,654.649
4464,4.884,654.630,654.649
4465,4.884,654.630,654.649
4466,4.884,654.630,654.649
4467,4.884,654.630,654.649
4468,4.884,654.630,654.649
4469,4.884,654.630,654.649
4470,4.884,654.630,654.649
4471,4.884,654.630,654.649
4472,4.884,654.630,654.649
4473,4.884,654.630,654.649
4474,4.884,654.630,654.649
4475,4.884,654.630,654.649
4476,4.884,654.630,654.649
4477,4.884,654.630,654.649
4478,4.884,654.630,654.649
4479,4.884,654.630,654.649
4480,4.884,654.630,654.649
4481,4.884,654.630,654.649
4482,4.884,654.630,654.649
4483,4.884,654.630,654.649
4484,4.884,654.630,654.649
4485,4.884,654.630,654.649
4486,4.884,654.630,654.649
4487,4.884,654.630,654.649
4488,4.884,654.630,654.649
4489,4.884,654.630,654.649
4490,4.884,654.630,654.649
4491,4.884,654.630,654.649
4492,4.884,654.630,654.649
4493,4.884,654.630,654.649
4494,4.884,654.630,654.649
4495,4.884,654.630,654.649
4496,4.884,654.630,654.649
4497,4.884,654.630,654.649
4498,4.884,654.630,654.649
4499,4.884,654.630,654.649
4500,4.884,654.630,654.649
4501,4.884,654.630,654.649
4502,4.884,654.630,654.649
4503,4.884,654.630,654.649
4504,4.884,654.630,654.649
4505,4.884,654.630,654.649
4506,4.884,654.630,654.649
4507,4.884,654.630,654.649
4508,4.884,654.630,654.649
4509,4.884,654.630,654.649
4510,4.884,654.630,654.649
4511,4.884,654.630,654.649
4512,4.884,654.630,654.649
4513,4.884,654.630,654.649
4514,4.884,654.630,654.649
4515,4.884,654.630,654.649
4516,4.884,654.630,654.649
4517,4.884,654.630,654.649
4518,4.884,654.630,654.649
4519,4.884,654.630,654.649
4520,4.884,654.630,654.649
4521,4.884,654.630,654.649
4522,4.884,654.630,654.649
4523,4.884,654.630,654.649
4524,4.884,654.630,654.649
4525,4.884,654.630,654.649
4526,4.884,654.630,654.649
4527,4.884,654.630,654.649
4528,4.884,654.630,654.649
4529,4.884,654.630,654.649
4530,4.884,654.630,654.649
4531,4.884,654.630,654.649
4532,4.884,654.630,654.649
4533,4.884,654.630,654.649
4534,4.884,654.630,654.649
4535,4.884,654.630,654.649
4536,4.884,654.630,654.649
4537,4.884,654.630,654.649
4538,4.884,654.630,654.649
4539,4.884,654.630,654.649
4540,4.884,654.630,654.649
4541,4.884,654.630,654.649
4542,4.884,654.630,654.649
4543,4.884,654.630,654.649
4544,4.884,654.630,654.649
4545,4.884,654.630,654.649
4546,4.884,654.630,654.649
4547,4.884,654.630,654.649
4548,4.884,654.630,654.649
4549,4.884,654.630,654.649
4550,4.884,654.630,654.649
4551,4.884,654.630,654.649
4552,4.884,654.630,654.649
4553,4.884,654.630,654.649
4554,4.884,654.630,654.649
4555,4.884,654.630,654.649
4556,4.884,654.630,654.649
4557,4.884,654.630,654.649
4558,4.884,654.630,654.649
4559,4.884,654.630,654.649
4560,4.884,654.630,654.649
4561,4.884,654.630,654.649
4562,4.884,654.630,654.649
4563,4.884,654.630,654.649
4564,4.884,654.630,654.649
4565,4.884,654.630,654.649
4566,4.884,654.630,654.649
4567,4.884,654.630,654.649
4568,4.884,654.630,654.649
4569,4.884,654.630,654.649
4570,4.884,654.630,654.649
4571,4.884,654.630,654.649
4572,4.884,654.630,654.649
4573,4.884,654.630,654.649
4574,4.884,654.630,654.649
4575,4.884,654.630,654.649
4576,4.884,654.630,654.649
4577,4.884,654.630,654.649
4578,4.884,654.630,654.649
4579,4.884,654.630,654.649
4580,4.884,654.630,654.649
4581,4.884,654.630,654.649
4582,4.884,654.630,654.649
4583,4.884,654.630,654.649
4584,4.884,654.630,654.649
4585,4.884,654.630,654.649
4586,4.884,654.630,654.649
4587,4.884,654.630,654.649
4588,4.884,654.630,654.649
4589,4.884,654.630,654.649
4590,4.884,654.630,654.649
4591,4.884,654.630,654.649
4592,4.884,654.630,654.649
4593,4.884,654.630,654.649
4594,4.884,654.630,654.649
4595,4.884,654.630,654.649
4596,4.884,654.630,654.649
4597,4.884,654.630,654.649
4598,4.884,654.630,654.649
4599,4.884,654.630,654.649
4600,4.884,654.630,654.649
4601,4.884,654.630,654.649
4602,4.884,654.630,654.649
4603,4.884,654.630,654.649
4604,4.884,654.630,654.649
4605,4.884,654.630,654.649
4606,4.884,654.630,654.649
4607,4.884,654.630,654.649
4608,4.884,654.630,654.649
4609,4.884,654.630,654.649
4610,4.884,654.630,654.649
4611,4.884,654.630,654.649
4612,4.884,654.630,654.649
4613,4.884,654.630,654.649
4614,4.884,654.630,654.649
4615,4.884,654.630,654.649
4616,4.884,654.630,654.649
4617,4.884,654.630,654.649
4618,4.884,654.630,654.649
4619,4.884,654.630,654.649
4620,4.884,654.630,654.649
4621,4.884,654.630,654.649
4622,4.884,654.630,654.649
4623,4.884,654.630,654.649
4624,4.884,654.630,654.649
4625,4.884,654.630,654.649
4626,4.884,654.630,654.649
4627,4.884,654.630,654.649
4628,4.884,654.630,654.649
4629,4.884,654.630,654.649
4630,4.884,654.630,654.649
4631,4.884,654.630,654.649
4632,4.884,654.630,654.649
4633,4.884,654.630,654.649
4634,4.884,654.630,654.649
4635,4.884,654.630,654.649
4636,4.884,654.630,654.649
4637,4.884,654.630,654.649
4638,4.884,654.630,654.649
4639,4.884,654.630,654.649
4640,4.884,654.630,654.649
4641,4.884,654.630,654.649
4642,4.884,654.630,654.649
4643,4.884,654.630,654.649
4644,4.884,654.630,654.649
4645,4.884,654.630,654.649
4646,4.884,654.630,654.649
4647,4.884,654.630,654.649
4648,4.884,654.630,654.649
4649,4.884,654.630,654.649
4650,4.884,654.630,654.649
4651,4.884,654.630,654.649
4652,4.884,654.630,654.649
4653,4.884,654.630,654.649
4654,4.884,654.630,654.649
4655,4.884,654.630,654.649
4656,4.884,654.630,654.649
4657,4.884,654.630,654.649
4658,4.884,654.630,654.649
4659,4.884,654.630,654.649
4660,4.884,654.630,654.649
4661,4.884,654.630,654.649
4662,4.884,654.630,654.649
4663,4.884,654.630,654.649
4664,4.884,654.630,654.649
4665,4.884,654.630,654.649
4666,4.884,654.630,654.649
4667,4.884,654.630,654.649
4668,4.884,654.630,654.649
4669,4.884,654.630,654.649
4670,4.884,654.630,654.649
4671,4.884,654.630,654.649
4672,4.884,654.630,654.649
4673,4.884,654.630,654.649
4674,4.884,654.630,654.649
4675,4.884,654.630,654.649
4676,4.884,654.630,654.649
4677,4.884,654.630,654.649
4678,4.884,654.630,654.649
4679,4.884,654.630,654.649
4680,4.884,654.630,654.649
4681,4.884,654.630,654.649
4682,4.884,654.630,654.649
4683,4.884,654.630,654.649
4684,4.884,654.630,654.649
4685,4.884,654.630,654.649
4686,4.884,654.630,654.649
4687,4.884,654.630,654.649
4688,4.884,654.630,654.649
4689,4.884,654.630,654.649
4690,4.884,654.630,654.649
4691,4.884,654.630,654.649
4692,4.884,654.630,654.649
4693,4.884,654.630,654.649
4694,4.884,654.630,654.649
4695,4.884,654.630,654.649
4696,4.884,654.630,654.649
4697,4.884,654.630,654.649
4698,4.884,654.630,654.649
4699,4.884,654.630,654.649
4700,4.884,654.630,654.649
4701,4.884,654.630,654.649
4702,4.884,654.630,654.649
4703,4.884,654.630,654.649
4704,4.884,654.630,654.649
4705,4.884,654.630,654.649
4706,4.884,654.630,654.649
4707,4.884,654.630,654.649
4708,4.884,654.630,654.649
4709,4.884,654.630,654.649
4710,4.884,654.630,654.649
4711,4.884,654.630,654.649
4712,4.884,654.630,654.649
4713,4.884,654.630,654.649
4714,4.884,654.630,654.649
4715,4.884,654.630,654.649
4716,4.884,654.630,654.649
4717,4.884,654.630,654.649
4718,4.884,654.630,654.649
4719,4.884,654.630,654.649
4720,4.884,654.630,654.649
4721,4.884,654.630,654.649
4722,4.884,654.630,654.649
4723,4.884,654.630,654.649
4724,4.884,654.630,654.649
4725,4.884,654.630,654.649
4726,4.884,654.630,654.649
4727,4.884,654.630,654.649
4728,4.884,654.630,654.649
4729,4.884,654.630,654.649
4730,4.884,654.630,654.649
4731,4.884,654.630,654.649
4732,4.884,654.630,654.649
4733,4.884,654.630,654.649
4734,4.884,654.630,654.649
4735,4.884,654.630,654.649
4736,4.884,654.630,654.649
4737,4.884,654.630,654.649
4738,4.884,654.630,654.649
4739,4.884,654.630,654.649
4740,4.884,654.630,654.649
4741,4.884,654.630,654.649
4742,4.884,654.630,654.649
4743,4.884,654.630,654.649
4744,4.884,654.630,654.649
4745,4.884,654.630,654.649
4746,4.884,654.630,654.649
4747,4.884,654.630,654.649
4748,4.884,654.630,654.649
4749,4.884,654.630,654.649
4750,4.884,654.630,654.649
4751,4.884,654.630,654.649
4752,4.884,654.630,654.649
4753,4.884,654.630,654.649
4754,4.884,654.630,654.649
4755,4.884,654.630,654.649
4756,4.884,654.630,654.649
4757,4.884,654.630,654.649
4758,4.884,654.630,654.649
4759,4.884,654.630,654.649
4760,4.884,654.630,654.649
4761,4.884,654.630,654.649
4762,4.884,654.630,654.649
4763,4.884,654.630,654.649
4764,4.884,654.630,654.649
4765,4.884,654.630,654.649
4766,4.884,654.630,654.649
4767,4.884,654.630,654.649
4768,4.884,654.630,654.649
4769,4.884,654.630,654.649
4770,4.884,654.630,654.649
4771,4.884,654.630,654.649
4772,4.884,654.630,654.649
4773,4.884,654.630,654.649
4774,4.884,654.630,654.649
4775,4.884,654.630,654.649
4776,4.884,654.630,654.649
4777,4.884,654.630,654.649
4778,4.884,654.630,654.649
4779,4.884,654.630,654.649
4780,4.884,654.630,654.649
4781,4.884,654.630,654.649
4782,4.884,654.630,654.649
4783,4.884,654.630,654.649
4784,4.884,654.630,654.649
4785,4.884,654.630,654.649
4786,4.884,654.630,654.649
4787,4.884,654.630,654.649
4788,4.884,654.630,654.649
4789,4.884,654.630,654.649
4790,4.884,654.630,654.649
4791,4.884,654.630,654.649
4792,4.884,654.630,654.649
4793,4.884,654.630,654.649
4794,4.884,654.630,654.649
4795,4.884,654.630,654.649
4796,4.884,654.630,654.649
4797,4.884,654.630,654.649
4798,4.884,654.630,654.649
4799,4.884,654.630,654.649
4800,4.884,654.630,654.649
4801,4.884,654.630,654.649
4802,4.884,654.630,654.649
4803,4.884,654.630,654.649
4804,4.884,654.630,654.649
4805,4.884,654.630,654.649
4806,4.884,654.630,654.649
4807,4.884,654.630,654.649
4808,4.884,654.630,654.649
4809,4.884,654.630,654.649
4810,4.884,654.630,654.649
4811,4.884,654.630,654.649
4812,4.884,654.630,654.649
4813,4.884,654.630,654.649
4814,4.884,654.630,654.649
4815,4.884,654.630,654.649
4816,4.884,654.630,654.649
4817,4.884,654.630,654.649
4818,4.884,654.630,654.649
4819,4.884,654.630,654.649
4820,4.884,654.630,654.649
4821,4.884,654.630,654.649
4822,4.884,654.630,654.649
4823,4.884,654.630,654.649
4824,4.884,654.630,654.649
4825,4.884,654.630,654.649
4826,4.884,654.630,654.649
4827,4.884,654.630,654.649
4828,4.884,654.630,654.649
4829,4.884,654.630,654.649
4830,4.884,654.630,654.649
4831,4.884,654.630,654.649
4832,4.884,654.630,654.649
4833,4.884,654.630,654.649
4834,4.884,654.630,654.649
4835,4.884,654.630,654.649
4836,4.884,654.630,654.649
4837,4.884,654.630,654.649
4838,4.884,654.630,654.649
4839,4.884,654.630,654.649
4840,4.884,654.630,654.649
4841,4.884,654.630,654.649
4842,4.884,654.630,654.649
4843,4.884,654.630,654.649
4844,4.884,654.630,654.649
4845,4.884,654.630,654.649
4846,4.884,654.630,654.649
4847,4.884,654.630,654.649
4848,4.884,654.630,654.649
4849,4.884,654.630,654.649
4850,4.884,654.630,654.649
4851,4.884,654.630,654.649
4852,4.884,654.630,654.649
4853,4.884,654.630,654.649
4854,4.884,654.630,654.649
4855,4.884,654.630,654.649
4856,4.884,654.630,654.649
4857,4.884,654.630,654.649
4858,4.884,654.630,654.649
4859,4.884,654.630,654.649
4860,4.884,654.630,654.649
4861,4.884,654.630,654.649
4862,4.884,654.630,654.649
4863,4.884,654.630,654.649
4864,4.884,654.630,654.649
4865,4.884,654.630,654.649
4866,4.884,654.630,654.649
4867,4.884,654.630,654.649
4868,4.884,654.630,654.649
4869,4.884,654.630,654.649
4870,4.884,654.630,654.649
4871,4.884,654.630,654.649
4872,4.884,654.630,654.649
4873,4.884,654.630,654.649
4874,4.884,654.630,654.649
4875,4.884,654.630,654.649
4876,4.884,654.630,654.649
4877,4.884,654.630,654.649
4878,4.884,654.630,654.649
4879,4.884,654.630,654.649
4880,4.884,654.630,654.649
4881,4.884,654.630,654.649
4882,4.884,654.630,654.649
4883,4.884,654.630,654.649
4884,4.884,654.630,654.649
4885,4.884,654.630,654.649
4886,4.884,654.630,654.649
4887,4.884,654.630,654.649
4888,4.884,654.630,654.649
4889,4.884,654.630,654.649
4890,4.884,654.630,654.649
4891,4.884,654.630,654.649
4892,4.884,654.630,654.649
4893,4.884,654.630,654.649
4894,4.884,654.630,654.649
4895,4.884,654.630,654.649
4896,4.884,654.630,654.649
4897,4.884,654.630,654.649
4898,4.884,654.630,654.649
4899,4.884,654.630,654.649
4900,4.884,654.630,654.649
4901,4.884,654.630,654.649
4902,4.884,654.630,654.649
4903,4.884,654.630,654.649
4904,4.884,654.630,654.649
4905,4.884,654.630,654.649
4906,4.884,654.630,654.649
4907,4.884,654.630,654.649
4908,4.884,654.630,654.649
4909,4.884,654.630,654.649
4910,4.884,654.630,654.649
4911,4.884,654.630,654.649
4912,4.884,654.630,654.649
4913,4.884,654.630,654.649
4914,4.884,654.630,654.649
4915,4.884,654.630,654.649
4916,4.884,654.630,654.649
4917,4.884,654.630,654.649
4918,4.884,654.630,654.649
4919,4.884,654.630,654.649
4920,4.884,654.630,654.649
4921,4.884,654.630,654.649
4922,4.884,654.630,654.649
4923,4.884,654.630,654.649
4924,4.884,654.630,654.649
4925,4.884,654.630,654.649
4926,4.884,654.630,654.649
4927,4.884,654.630,654.649
4928,4.884,654.630,654.649
4929,4.884,654.630,654.649
4930,4.884,654.630,654.649
4931,4.884,654.630,654.649
4932,4.884,654.630,654.649
4933,4.884,654.630,654.649
4934,4.884,654.630,654.649
4935,4.884,654.630,654.649
4936,4.884,654.630,654.649
4937,4.884,654.630,654.649
4938,4.884,654.630,654.649
4939,4.884,654.630,654.649
4940,4.884,654.630,654.649
4941,4.884,654.630,654.649
4942,4.884,654.630,654.649
4943,4.884,654.630,654.649
4944,4.884,654.630,654.649
4945,4.884,654.630,654.649
4946,4.884,654.630,654.649
4947,4.884,654.630,654.649
4948,4.884,654.630,654.649
4949,4.884,654.630,654.649
4950,4.884,654.630,654.649
4951,4.884,654.630,654.649
4952,4.884,654.630,654.649
4953,4.884,654.630,654.649
4954,4.884,654.630,654.649
4955,4.884,654.630,654.649
4956,4.884,654.630,654.649
4957,4.884,654.630,654.649
4958,4.884,654.630,654.649
4959,4.884,654.630,654.649
4960,4.884,654.630,654.649
4961,4.884,654.630,654.649
4962,4.884,654.630,654.649
4963,4.884,654.630,654.649
4964,4.884,654.630,654.649
4965,4.884,654.630,654.649
4966,4.884,654.630,654.649
4967,4.884,654.630,654.649
4968,4.884,654.630,654.649
4969,4.884,654.630,654.649
4970,4.884,654.630,654.649
4971,4.884,654.630,654.649
4972,4.884,654.630,654.649
4973,4.884,654.630,654.649
4974,4.884,654.630,654.649
4975,4.884,654.630,654.649
4976,4.884,654.630,654.649
4977,4.884,654.630,654.649
4978,4.884,654.630,654.649
4979,4.884,654.630,654.649
4980,4.884,654.630,654.649
4981,4.884,654.630,654.649
4982,4.884,654.630,654.649
4983,4.884,654.630,654.649
4984,4.884,654.630,654.649
4985,4.884,654.630,654.649
4986,4.884,654.630,654.649
4987,4.884,654.630,654.649
4988,4.884,654.630,654.649
4989,4.884,654.630,654.649
4990,4.884,654.630,654.649
4991,4.884,654.630,654.649
4992,4.884,654.630,654.649
4993,4.884,654.630,654.649
4994,4.884,654.630,654.649
4995,4.884,654.630,654.649
4996,4.884,654.630,654.649
4997,4.884,654.630,654.649
4998,4.884,654.630,654.649
4999,4.884,654.630,654.649
