# Time (s),Mass (g),T Back (K),T Front (K)
0,22.800,293.000,293.000
1,22.800,293.000,319.121
2,22.800,293.000,329.729
3,22.800,293.000,337.694
4,22.800,293.002,344.363
5,22.800,293.010,350.162
6,22.800,293.031,355.380
7,22.800,293.075,360.117
8,22.800,293.153,364.487
9,22.800,293.276,368.545
10,22.800,293.454,372.355
11,22.800,293.696,375.942
12,22.800,294.007,379.347
13,22.800,294.391,382.579
14,22.800,294.849,385.672
15,22.800,295.381,388.626
16,22.800,295.986,391.468
17,22.800,296.662,394.193
18,22.800,297.405,396.827
19,22.800,298.213,399.362
20,22.800,299.082,401.822
21,22.800,300.008,404.196
22,22.800,300.989,406.506
23,22.800,302.021,408.741
24,22.800,303.100,410.922
25,22.800,304.223,413.038
26,22.800,305.387,415.107
27,22.800,306.590,417.118
28,22.800,307.827,419.089
29,22.800,309.096,421.008
30,22.800,310.396,422.893
31,22.800,311.724,424.731
32,22.800,313.077,426.539
33,22.800,314.453,428.306
34,22.800,315.851,430.046
35,22.800,317.268,431.749
36,22.800,318.704,433.430
37,22.800,320.156,435.076
38,22.800,321.623,436.703
39,22.800,323.103,438.298
40,22.800,324.596,439.877
41,22.800,326.099,441.427
42,22.799,327.613,442.963
43,22.799,329.135,444.471
44,22.799,330.665,445.967
45,22.799,332.203,447.438
46,22.799,333.746,448.898
47,22.799,335.294,450.335
48,22.799,336.848,451.757
49,22.799,338.405,453.168
50,22.799,339.965,454.558
51,22.799,341.528,455.935
52,22.799,343.094,457.300
53,22.798,344.660,458.652
54,22.798,346.228,459.990
55,22.798,347.797,461.316
56,22.798,349.365,462.630
57,22.798,350.933,463.932
58,22.798,352.500,465.223
59,22.797,354.067,466.504
60,22.797,355.633,467.775
61,22.797,357.196,469.034
62,22.797,358.758,470.284
63,22.796,360.318,471.526
64,22.796,361.875,472.756
65,22.796,363.429,473.978
66,22.795,364.981,475.191
67,22.795,366.530,476.395
68,22.795,368.075,477.589
69,22.794,369.616,478.775
70,22.794,371.155,479.953
71,22.793,372.689,481.123
72,22.793,374.220,482.284
73,22.792,375.746,483.437
74,22.792,377.268,484.582
75,22.791,378.786,485.720
76,22.791,380.299,486.849
77,22.790,381.808,487.970
78,22.789,383.311,489.084
79,22.789,384.810,490.191
80,22.788,386.304,491.291
81,22.787,387.793,492.382
82,22.787,389.276,493.465
83,22.786,390.755,494.543
84,22.785,392.228,495.613
85,22.784,393.696,496.676
86,22.783,395.159,497.732
87,22.782,396.615,498.780
88,22.781,398.067,499.822
89,22.780,399.512,500.857
90,22.779,400.952,501.885
91,22.778,402.386,502.907
92,22.777,403.814,503.921
93,22.775,405.236,504.929
94,22.774,406.651,505.930
95,22.773,408.062,506.925
96,22.771,409.465,507.914
97,22.770,410.863,508.896
98,22.768,412.254,509.872
99,22.767,413.639,510.840
100,22.765,415.018,511.802
101,22.764,416.389,512.758
102,22.762,417.754,513.708
103,22.760,419.114,514.653
104,22.758,420.466,515.590
105,22.756,421.812,516.522
106,22.754,423.150,517.446
107,22.752,424.482,518.365
108,22.750,425.808,519.278
109,22.748,427.126,520.186
110,22.746,428.438,521.087
111,22.744,429.741,521.982
112,22.741,431.039,522.872
113,22.739,432.330,523.755
114,22.736,433.612,524.632
115,22.734,434.889,525.503
116,22.731,436.157,526.368
117,22.728,437.419,527.228
118,22.726,438.673,528.083
119,22.723,439.921,528.932
120,22.720,441.160,529.775
121,22.717,442.391,530.611
122,22.714,443.616,531.443
123,22.711,444.833,532.268
124,22.707,446.043,533.088
125,22.704,447.246,533.903
126,22.700,448.440,534.712
127,22.697,449.627,535.516
128,22.693,450.806,536.314
129,22.690,451.978,537.108
130,22.686,453.142,537.893
131,22.682,454.298,538.675
132,22.678,455.447,539.450
133,22.674,456.588,540.221
134,22.670,457.721,540.987
135,22.665,458.846,541.747
136,22.661,459.964,542.502
137,22.657,461.075,543.252
138,22.652,462.177,543.997
139,22.647,463.272,544.736
140,22.643,464.359,545.469
141,22.638,465.438,546.197
142,22.633,466.511,546.921
143,22.628,467.575,547.639
144,22.623,468.632,548.353
145,22.618,469.682,549.061
146,22.612,470.724,549.765
147,22.607,471.759,550.463
148,22.601,472.787,551.156
149,22.596,473.807,551.845
150,22.590,474.821,552.529
151,22.584,475.826,553.207
152,22.578,476.826,553.882
153,22.572,477.818,554.550
154,22.566,478.803,555.213
155,22.560,479.781,555.871
156,22.553,480.753,556.525
157,22.547,481.718,557.176
158,22.540,482.676,557.822
159,22.534,483.628,558.461
160,22.527,484.573,559.095
161,22.520,485.513,559.726
162,22.513,486.446,560.353
163,22.506,487.373,560.976
164,22.499,488.295,561.591
165,22.492,489.209,562.203
166,22.484,490.120,562.813
167,22.477,491.023,563.415
168,22.469,491.921,564.013
169,22.462,492.814,564.611
170,22.454,493.701,565.200
171,22.446,494.583,565.784
172,22.438,495.459,566.368
173,22.430,496.331,566.944
174,22.422,497.197,567.515
175,22.414,498.059,568.087
176,22.405,498.916,568.649
177,22.397,499.768,569.208
178,22.388,500.615,569.768
179,22.380,501.457,570.317
180,22.371,502.295,570.864
181,22.362,503.129,571.412
182,22.353,503.958,571.948
183,22.344,504.782,572.484
184,22.335,505.603,573.018
185,22.325,506.420,573.543
186,22.316,507.232,574.068
187,22.306,508.040,574.590
188,22.297,508.844,575.103
189,22.287,509.644,575.617
190,22.277,510.441,576.127
191,22.267,511.234,576.629
192,22.257,512.023,577.133
193,22.247,512.807,577.630
194,22.237,513.589,578.122
195,22.227,514.367,578.616
196,22.216,515.141,579.100
197,22.206,515.912,579.583
198,22.195,516.679,580.066
199,22.184,517.442,580.539
200,22.173,518.202,581.013
201,22.162,518.958,581.482
202,22.151,519.713,581.945
203,22.140,520.462,582.411
204,22.128,521.208,582.869
205,22.117,521.951,583.323
206,22.105,522.691,583.778
207,22.094,523.427,584.225
208,22.082,524.160,584.670
209,22.070,524.891,585.115
210,22.058,525.617,585.550
211,22.045,526.340,585.988
212,22.033,527.060,586.421
213,22.021,527.776,586.848
214,22.008,528.489,587.277
215,21.995,529.200,587.699
216,21.982,529.908,588.119
217,21.969,530.611,588.538
218,21.956,531.312,588.948
219,21.943,532.008,589.361
220,21.929,532.702,589.769
221,21.916,533.394,590.171
222,21.902,534.081,590.576
223,21.888,534.766,590.972
224,21.874,535.447,591.368
225,21.860,536.124,591.762
226,21.846,536.799,592.149
227,21.832,537.470,592.537
228,21.817,538.139,592.921
229,21.803,538.803,593.300
230,21.788,539.466,593.682
231,21.773,540.124,594.053
232,21.758,540.779,594.427
233,21.742,541.431,594.797
234,21.727,542.080,595.162
235,21.712,542.725,595.528
236,21.696,543.367,595.886
237,21.680,544.006,596.248
238,21.664,544.642,596.600
239,21.648,545.274,596.955
240,21.632,545.903,597.304
241,21.615,546.528,597.651
242,21.599,547.150,597.996
243,21.582,547.770,598.336
244,21.565,548.386,598.677
245,21.548,548.998,599.011
246,21.531,549.607,599.348
247,21.513,550.213,599.675
248,21.496,550.815,600.007
249,21.478,551.414,600.328
250,21.460,552.009,600.655
251,21.442,552.602,600.970
252,21.424,553.191,601.292
253,21.405,553.777,601.603
254,21.387,554.359,601.918
255,21.368,554.937,602.225
256,21.349,555.512,602.534
257,21.330,556.084,602.836
258,21.311,556.652,603.139
259,21.292,557.216,603.437
260,21.272,557.778,603.734
261,21.253,558.337,604.028
262,21.233,558.891,604.319
263,21.213,559.442,604.609
264,21.193,559.990,604.894
265,21.172,560.534,605.179
266,21.152,561.075,605.459
267,21.131,561.612,605.740
268,21.110,562.146,606.014
269,21.089,562.676,606.291
270,21.068,563.203,606.558
271,21.047,563.726,606.831
272,21.025,564.246,607.094
273,21.004,564.762,607.362
274,20.982,565.274,607.619
275,20.960,565.784,607.883
276,20.938,566.289,608.136
277,20.916,566.790,608.394
278,20.893,567.289,608.643
279,20.870,567.784,608.896
280,20.848,568.275,609.140
281,20.825,568.762,609.387
282,20.802,569.247,609.628
283,20.778,569.727,609.870
284,20.755,570.204,610.107
285,20.731,570.678,610.344
286,20.707,571.147,610.576
287,20.684,571.613,610.808
288,20.659,572.076,611.037
289,20.635,572.535,611.264
290,20.611,572.990,611.488
291,20.586,573.442,611.711
292,20.561,573.890,611.931
293,20.537,574.335,612.148
294,20.512,574.776,612.364
295,20.486,575.213,612.577
296,20.461,575.647,612.789
297,20.436,576.077,612.997
298,20.410,576.503,613.205
299,20.384,576.926,613.409
300,20.358,577.345,613.613
301,20.332,577.761,613.812
302,20.306,578.173,614.012
303,20.279,578.581,614.207
304,20.253,578.986,614.402
305,20.226,579.388,614.594
306,20.199,579.786,614.786
307,20.172,580.180,614.972
308,20.145,580.570,615.160
309,20.118,580.957,615.342
310,20.090,581.340,615.526
311,20.063,581.720,615.705
312,20.035,582.096,615.884
313,20.007,582.469,616.059
314,19.979,582.839,616.235
315,19.951,583.204,616.406
316,19.923,583.566,616.577
317,19.894,583.925,616.744
318,19.866,584.280,616.912
319,19.837,584.631,617.075
320,19.808,584.979,617.240
321,19.779,585.324,617.399
322,19.750,585.665,617.560
323,19.721,586.003,617.715
324,19.692,586.336,617.873
325,19.662,586.667,618.025
326,19.633,586.995,618.178
327,19.603,587.319,618.327
328,19.573,587.639,618.477
329,19.543,587.956,618.622
330,19.513,588.270,618.768
331,19.483,588.580,618.910
332,19.452,588.887,619.053
333,19.422,589.191,619.191
334,19.391,589.492,619.330
335,19.360,589.789,619.466
336,19.330,590.082,619.602
337,19.299,590.373,619.734
338,19.268,590.660,619.866
339,19.236,590.945,619.995
340,19.205,591.226,620.125
341,19.174,591.503,620.251
342,19.142,591.778,620.377
343,19.111,592.049,620.500
344,19.079,592.318,620.623
345,19.047,592.583,620.743
346,19.015,592.846,620.863
347,18.983,593.105,620.980
348,18.951,593.361,621.097
349,18.919,593.614,621.210
350,18.886,593.864,621.326
351,18.854,594.111,621.436
352,18.821,594.355,621.549
353,18.789,594.597,621.656
354,18.756,594.835,621.765
355,18.723,595.071,621.871
356,18.690,595.304,621.977
357,18.657,595.534,622.080
358,18.624,595.761,622.184
359,18.591,595.986,622.284
360,18.558,596.207,622.385
361,18.525,596.427,622.482
362,18.491,596.643,622.582
363,18.458,596.857,622.677
364,18.424,597.068,622.774
365,18.391,597.277,622.866
366,18.357,597.483,622.960
367,18.323,597.686,623.050
368,18.290,597.887,623.142
369,18.256,598.085,623.230
370,18.222,598.281,623.319
371,18.188,598.475,623.405
372,18.154,598.667,623.492
373,18.120,598.856,623.576
374,18.085,599.042,623.661
375,18.051,599.226,623.742
376,18.017,599.408,623.826
377,17.983,599.588,623.905
378,17.948,599.765,623.986
379,17.914,599.941,624.064
380,17.879,600.114,624.143
381,17.845,600.285,624.218
382,17.810,600.454,624.295
383,17.775,600.620,624.370
384,17.741,600.785,624.444
385,17.706,600.948,624.516
386,17.671,601.108,624.590
387,17.636,601.267,624.660
388,17.601,601.424,624.732
389,17.566,601.579,624.800
390,17.532,601.732,624.871
391,17.497,601.883,624.937
392,17.462,602.033,625.005
393,17.427,602.180,625.071
394,17.391,602.326,625.138
395,17.356,602.470,625.202
396,17.321,602.612,625.267
397,17.286,602.752,625.329
398,17.251,602.891,625.393
399,17.216,603.028,625.454
400,17.181,603.164,625.516
401,17.145,603.298,625.575
402,17.110,603.431,625.636
403,17.075,603.562,625.695
404,17.040,603.691,625.754
405,17.004,603.819,625.811
406,16.969,603.946,625.869
407,16.934,604.070,625.925
408,16.898,604.194,625.982
409,16.863,604.316,626.037
410,16.828,604.437,626.092
411,16.792,604.557,626.145
412,16.757,604.675,626.200
413,16.721,604.792,626.252
414,16.686,604.908,626.307
415,16.651,605.023,626.357
416,16.615,605.135,626.410
417,16.580,605.247,626.460
418,16.544,605.358,626.512
419,16.509,605.468,626.560
420,16.474,605.576,626.612
421,16.438,605.684,626.659
422,16.403,605.790,626.709
423,16.368,605.895,626.756
424,16.332,605.999,626.805
425,16.297,606.102,626.851
426,16.261,606.204,626.899
427,16.226,606.306,626.945
428,16.191,606.406,626.992
429,16.155,606.505,627.037
430,16.120,606.603,627.083
431,16.085,606.700,627.127
432,16.050,606.796,627.172
433,16.014,606.892,627.215
434,15.979,606.987,627.260
435,15.944,607.081,627.303
436,15.909,607.173,627.347
437,15.873,607.265,627.389
438,15.838,607.357,627.433
439,15.803,607.448,627.474
440,15.768,607.537,627.517
441,15.733,607.626,627.557
442,15.698,607.715,627.599
443,15.662,607.802,627.639
444,15.627,607.889,627.681
445,15.592,607.975,627.720
446,15.557,608.061,627.762
447,15.522,608.146,627.800
448,15.487,608.230,627.842
449,15.452,608.314,627.880
450,15.417,608.397,627.920
451,15.383,608.479,627.958
452,15.348,608.561,627.998
453,15.313,608.642,628.035
454,15.278,608.723,628.074
455,15.243,608.803,628.111
456,15.208,608.882,628.150
457,15.174,608.961,628.187
458,15.139,609.040,628.226
459,15.104,609.119,628.261
460,15.070,609.196,628.300
461,15.035,609.273,628.336
462,15.001,609.349,628.374
463,14.966,609.425,628.409
464,14.932,609.501,628.447
465,14.897,609.577,628.482
466,14.863,609.652,628.520
467,14.828,609.726,628.554
468,14.794,609.800,628.592
469,14.760,609.874,628.626
470,14.725,609.947,628.663
471,14.691,610.020,628.697
472,14.657,610.093,628.734
473,14.623,610.165,628.767
474,14.588,610.237,628.804
475,14.554,610.308,628.837
476,14.520,610.380,628.874
477,14.486,610.450,628.907
478,14.452,610.521,628.943
479,14.418,610.591,628.976
480,14.384,610.661,629.012
481,14.350,610.731,629.045
482,14.317,610.800,629.081
483,14.283,610.870,629.114
484,14.249,610.939,629.149
485,14.215,611.007,629.182
486,14.182,611.075,629.218
487,14.148,611.143,629.251
488,14.114,611.211,629.286
489,14.081,611.279,629.319
490,14.047,611.346,629.353
491,14.014,611.413,629.386
492,13.981,611.480,629.421
493,13.947,611.547,629.454
494,13.914,611.614,629.488
495,13.881,611.680,629.521
496,13.847,611.746,629.555
497,13.814,611.812,629.588
498,13.781,611.878,629.622
499,13.748,611.944,629.655
500,13.715,612.010,629.689
501,13.682,612.075,629.722
502,13.649,612.140,629.756
503,13.616,612.206,629.788
504,13.583,612.271,629.822
505,13.550,612.335,629.855
506,13.517,612.400,629.889
507,13.485,612.465,629.921
508,13.452,612.529,629.955
509,13.419,612.593,629.988
510,13.387,612.658,630.022
511,13.354,612.722,630.054
512,13.322,612.786,630.088
513,13.289,612.849,630.121
514,13.257,612.913,630.155
515,13.224,612.977,630.187
516,13.192,613.040,630.221
517,13.160,613.104,630.254
518,13.128,613.167,630.288
519,13.095,613.231,630.321
520,13.063,613.294,630.355
521,13.031,613.357,630.387
522,12.999,613.420,630.421
523,12.967,613.483,630.454
524,12.935,613.547,630.488
525,12.903,613.610,630.521
526,12.871,613.672,630.555
527,12.840,613.735,630.588
528,12.808,613.798,630.622
529,12.776,613.861,630.655
530,12.745,613.924,630.689
531,12.713,613.987,630.722
532,12.682,614.049,630.756
533,12.650,614.112,630.789
534,12.619,614.175,630.824
535,12.587,614.237,630.857
536,12.556,614.300,630.891
537,12.525,614.363,630.924
538,12.493,614.425,630.959
539,12.462,614.488,630.992
540,12.431,614.550,631.027
541,12.400,614.613,631.060
542,12.369,614.675,631.095
543,12.338,614.738,631.128
544,12.307,614.800,631.163
545,12.276,614.863,631.196
546,12.245,614.925,631.231
547,12.215,614.988,631.264
548,12.184,615.050,631.300
549,12.153,615.113,631.333
550,12.123,615.175,631.369
551,12.092,615.238,631.402
552,12.062,615.300,631.438
553,12.031,615.363,631.471
554,12.001,615.426,631.507
555,11.970,615.488,631.540
556,11.940,615.551,631.577
557,11.910,615.614,631.610
558,11.880,615.676,631.647
559,11.849,615.739,631.680
560,11.819,615.802,631.717
561,11.789,615.864,631.750
562,11.759,615.927,631.787
563,11.729,615.990,631.820
564,11.699,616.053,631.858
565,11.670,616.116,631.891
566,11.640,616.179,631.928
567,11.610,616.242,631.962
568,11.581,616.305,632.000
569,11.551,616.368,632.033
570,11.521,616.431,632.071
571,11.492,616.495,632.105
572,11.462,616.558,632.143
573,11.433,616.621,632.177
574,11.404,616.685,632.215
575,11.374,616.748,632.249
576,11.345,616.812,632.287
577,11.316,616.875,632.321
578,11.287,616.939,632.359
579,11.258,617.002,632.394
580,11.229,617.066,632.432
581,11.200,617.130,632.467
582,11.171,617.194,632.505
583,11.142,617.258,632.541
584,11.113,617.322,632.579
585,11.085,617.386,632.614
586,11.056,617.450,632.653
587,11.027,617.514,632.689
588,10.999,617.579,632.727
589,10.970,617.643,632.763
590,10.942,617.708,632.802
591,10.913,617.772,632.838
592,10.885,617.837,632.877
593,10.857,617.901,632.913
594,10.828,617.966,632.952
595,10.800,618.031,632.988
596,10.772,618.096,633.027
597,10.744,618.161,633.064
598,10.716,618.226,633.103
599,10.688,618.291,633.140
600,10.660,618.356,633.180
601,10.632,618.421,633.216
602,10.604,618.486,633.256
603,10.577,618.552,633.293
604,10.549,618.618,633.333
605,10.521,618.683,633.369
606,10.494,618.749,633.411
607,10.466,618.814,633.446
608,10.439,618.880,633.489
609,10.411,618.946,633.524
610,10.384,619.012,633.566
611,10.357,619.078,633.601
612,10.330,619.144,633.644
613,10.302,619.210,633.681
614,10.275,619.277,633.722
615,10.248,619.343,633.760
616,10.221,619.410,633.801
617,10.194,619.476,633.840
618,10.167,619.543,633.880
619,10.141,619.610,633.920
620,10.114,619.677,633.958
621,10.087,619.744,634.000
622,10.060,619.810,634.038
623,10.034,619.878,634.081
624,10.007,619.945,634.118
625,9.981,620.013,634.162
626,9.954,620.080,634.199
627,9.928,620.147,634.242
628,9.902,620.215,634.282
629,9.876,620.284,634.323
630,9.849,620.352,634.364
631,9.823,620.420,634.405
632,9.797,620.488,634.447
633,9.771,620.556,634.486
634,9.745,620.625,634.531
635,9.719,620.694,634.568
636,9.693,620.763,634.614
637,9.668,620.831,634.652
638,9.642,620.900,634.696
639,9.616,620.970,634.737
640,9.591,621.039,634.779
641,9.565,621.108,634.822
642,9.540,621.177,634.863
643,9.514,621.247,634.908
644,9.489,621.317,634.947
645,9.464,621.387,634.992
646,9.438,621.457,635.034
647,9.413,621.527,635.077
648,9.388,621.597,635.120
649,9.363,621.668,635.161
650,9.338,621.738,635.207
651,9.313,621.809,635.248
652,9.288,621.881,635.294
653,9.263,621.952,635.336
654,9.239,622.023,635.380
655,9.214,622.094,635.424
656,9.189,622.165,635.466
657,9.165,622.237,635.513
658,9.140,622.309,635.555
659,9.116,622.381,635.600
660,9.092,622.453,635.644
661,9.067,622.525,635.687
662,9.043,622.597,635.735
663,9.019,622.670,635.777
664,8.995,622.743,635.823
665,8.971,622.816,635.868
666,8.947,622.889,635.912
667,8.923,622.962,635.959
668,8.899,623.035,636.002
669,8.875,623.109,636.049
670,8.851,623.183,636.094
671,8.827,623.257,636.139
672,8.804,623.330,636.187
673,8.780,623.405,636.230
674,8.757,623.479,636.278
675,8.733,623.554,636.324
676,8.710,623.629,636.369
677,8.687,623.704,636.418
678,8.663,623.778,636.462
679,8.640,623.854,636.510
680,8.617,623.929,636.557
681,8.594,624.005,636.602
682,8.571,624.081,636.652
683,8.548,624.157,636.696
684,8.525,624.232,636.745
685,8.502,624.309,636.793
686,8.480,624.385,636.838
687,8.457,624.462,636.889
688,8.434,624.539,636.935
689,8.412,624.615,636.983
690,8.389,624.692,637.032
691,8.367,624.770,637.077
692,8.345,624.848,637.128
693,8.322,624.925,637.176
694,8.300,625.002,637.223
695,8.278,625.081,637.274
696,8.256,625.159,637.322
697,8.234,625.238,637.370
698,8.212,625.316,637.421
699,8.190,625.395,637.467
700,8.168,625.474,637.519
701,8.147,625.553,637.568
702,8.125,625.633,637.616
703,8.103,625.712,637.668
704,8.082,625.791,637.716
705,8.060,625.872,637.766
706,8.039,625.952,637.819
707,8.017,626.032,637.866
708,7.996,626.113,637.917
709,7.975,626.193,637.969
710,7.954,626.274,638.017
711,7.933,626.356,638.069
712,7.912,626.437,638.120
713,7.891,626.518,638.169
714,7.870,626.600,638.222
715,7.849,626.682,638.273
716,7.828,626.764,638.323
717,7.808,626.846,638.377
718,7.787,626.928,638.427
719,7.766,627.012,638.478
720,7.746,627.095,638.532
721,7.726,627.177,638.582
722,7.705,627.260,638.634
723,7.685,627.344,638.688
724,7.665,627.428,638.739
725,7.645,627.511,638.792
726,7.625,627.596,638.845
727,7.605,627.680,638.896
728,7.585,627.764,638.950
729,7.565,627.850,639.004
730,7.545,627.934,639.055
731,7.525,628.019,639.109
732,7.506,628.105,639.163
733,7.486,628.191,639.214
734,7.467,628.276,639.269
735,7.447,628.362,639.324
736,7.428,628.448,639.375
737,7.409,628.535,639.431
738,7.389,628.621,639.486
739,7.370,628.708,639.538
740,7.351,628.795,639.594
741,7.332,628.882,639.648
742,7.313,628.969,639.701
743,7.294,629.057,639.757
744,7.276,629.145,639.813
745,7.257,629.233,639.865
746,7.238,629.321,639.921
747,7.220,629.410,639.977
748,7.201,629.498,640.030
749,7.183,629.588,640.087
750,7.165,629.677,640.144
751,7.146,629.766,640.197
752,7.128,629.856,640.254
753,7.110,629.946,640.311
754,7.092,630.035,640.365
755,7.074,630.126,640.421
756,7.056,630.216,640.480
757,7.038,630.307,640.534
758,7.020,630.397,640.590
759,7.003,630.488,640.649
760,6.985,630.580,640.704
761,6.968,630.671,640.760
762,6.950,630.763,640.819
763,6.933,630.855,640.874
764,6.915,630.947,640.930
765,6.898,631.039,640.989
766,6.881,631.131,641.046
767,6.864,631.224,641.101
768,6.847,631.317,641.162
769,6.830,631.411,641.219
770,6.813,631.503,641.275
771,6.796,631.597,641.334
772,6.780,631.691,641.393
773,6.763,631.785,641.449
774,6.747,631.879,641.508
775,6.730,631.974,641.567
776,6.714,632.068,641.624
777,6.697,632.163,641.683
778,6.681,632.258,641.743
779,6.665,632.354,641.801
780,6.649,632.448,641.858
781,6.633,632.544,641.918
782,6.617,632.640,641.978
783,6.601,632.736,642.035
784,6.585,632.833,642.095
785,6.570,632.929,642.156
786,6.554,633.026,642.213
787,6.538,633.123,642.272
788,6.523,633.219,642.334
789,6.507,633.317,642.392
790,6.492,633.414,642.450
791,6.477,633.512,642.512
792,6.462,633.609,642.572
793,6.447,633.708,642.630
794,6.432,633.806,642.691
795,6.417,633.904,642.752
796,6.402,634.003,642.811
797,6.387,634.101,642.871
798,6.373,634.201,642.933
799,6.358,634.300,642.992
800,6.343,634.399,643.052
801,6.329,634.499,643.114
802,6.315,634.599,643.175
803,6.300,634.698,643.234
804,6.286,634.799,643.295
805,6.272,634.899,643.358
806,6.258,634.999,643.418
807,6.244,635.100,643.478
808,6.230,635.201,643.540
809,6.216,635.302,643.601
810,6.203,635.403,643.661
811,6.189,635.504,643.723
812,6.175,635.606,643.785
813,6.162,635.707,643.845
814,6.149,635.809,643.906
815,6.135,635.911,643.969
816,6.122,636.014,644.030
817,6.109,636.115,644.090
818,6.096,636.218,644.153
819,6.083,636.321,644.216
820,6.070,636.423,644.276
821,6.057,636.526,644.338
822,6.044,636.630,644.401
823,6.032,636.733,644.462
824,6.019,636.836,644.522
825,6.007,636.939,644.586
826,5.994,637.043,644.649
827,5.982,637.147,644.709
828,5.970,637.251,644.771
829,5.958,637.354,644.835
830,5.946,637.458,644.896
831,5.934,637.563,644.957
832,5.922,637.667,645.020
833,5.910,637.772,645.083
834,5.898,637.876,645.145
835,5.886,637.981,645.206
836,5.875,638.085,645.269
837,5.863,638.190,645.332
838,5.852,638.296,645.393
839,5.841,638.400,645.455
840,5.829,638.505,645.519
841,5.818,638.611,645.580
842,5.807,638.716,645.642
843,5.796,638.822,645.705
844,5.785,638.927,645.768
845,5.774,639.033,645.829
846,5.764,639.138,645.891
847,5.753,639.244,645.954
848,5.742,639.350,646.016
849,5.732,639.456,646.077
850,5.721,639.561,646.140
851,5.711,639.667,646.204
852,5.701,639.773,646.264
853,5.691,639.879,646.326
854,5.681,639.985,646.389
855,5.671,640.091,646.451
856,5.661,640.197,646.512
857,5.651,640.303,646.574
858,5.641,640.409,646.637
859,5.632,640.515,646.699
860,5.622,640.621,646.759
861,5.612,640.727,646.822
862,5.603,640.833,646.884
863,5.594,640.939,646.945
864,5.584,641.045,647.006
865,5.575,641.151,647.068
866,5.566,641.257,647.131
867,5.557,641.363,647.190
868,5.548,641.469,647.252
869,5.539,641.575,647.314
870,5.531,641.681,647.375
871,5.522,641.786,647.435
872,5.513,641.892,647.497
873,5.505,641.997,647.558
874,5.496,642.103,647.619
875,5.488,642.209,647.678
876,5.480,642.314,647.740
877,5.472,642.419,647.801
878,5.464,642.524,647.861
879,5.455,642.629,647.921
880,5.448,642.734,647.982
881,5.440,642.839,648.042
882,5.432,642.943,648.101
883,5.424,643.048,648.161
884,5.417,643.153,648.222
885,5.409,643.257,648.281
886,5.402,643.361,648.340
887,5.394,643.465,648.399
888,5.387,643.569,648.460
889,5.380,643.672,648.518
890,5.372,643.775,648.576
891,5.365,643.878,648.635
892,5.358,643.981,648.694
893,5.351,644.084,648.752
894,5.345,644.186,648.809
895,5.338,644.289,648.869
896,5.331,644.391,648.927
897,5.324,644.492,648.984
898,5.318,644.594,649.041
899,5.311,644.695,649.099
900,5.305,644.796,649.156
901,5.299,644.897,649.213
902,5.292,644.997,649.270
903,5.286,645.098,649.327
904,5.280,645.198,649.383
905,5.274,645.297,649.438
906,5.268,645.396,649.494
907,5.262,645.495,649.552
908,5.256,645.594,649.606
909,5.251,645.692,649.660
910,5.245,645.790,649.716
911,5.239,645.887,649.771
912,5.234,645.985,649.826
913,5.228,646.082,649.879
914,5.223,646.178,649.934
915,5.218,646.274,649.988
916,5.213,646.370,650.041
917,5.207,646.465,650.094
918,5.202,646.560,650.148
919,5.197,646.654,650.201
920,5.192,646.748,650.253
921,5.187,646.841,650.305
922,5.182,646.935,650.358
923,5.178,647.027,650.409
924,5.173,647.119,650.460
925,5.168,647.212,650.511
926,5.164,647.302,650.563
927,5.159,647.393,650.613
928,5.155,647.484,650.662
929,5.150,647.574,650.713
930,5.146,647.663,650.763
931,5.142,647.751,650.812
932,5.137,647.839,650.860
933,5.133,647.927,650.910
934,5.129,648.014,650.959
935,5.125,648.101,651.007
936,5.121,648.187,651.054
937,5.117,648.272,651.102
938,5.113,648.357,651.149
939,5.109,648.441,651.196
940,5.106,648.524,651.241
941,5.102,648.608,651.288
942,5.098,648.690,651.334
943,5.095,648.772,651.379
944,5.091,648.853,651.423
945,5.088,648.934,651.468
946,5.084,649.014,651.513
947,5.081,649.093,651.556
948,5.077,649.173,651.599
949,5.074,649.250,651.643
950,5.071,649.328,651.687
951,5.068,649.404,651.728
952,5.064,649.480,651.770
953,5.061,649.556,651.812
954,5.058,649.631,651.853
955,5.055,649.705,651.894
956,5.052,649.778,651.934
957,5.049,649.851,651.975
958,5.046,649.923,652.015
959,5.044,649.995,652.054
960,5.041,650.065,652.093
961,5.038,650.135,652.131
962,5.035,650.205,652.169
963,5.033,650.273,652.207
964,5.030,650.341,652.245
965,5.028,650.408,652.282
966,5.025,650.474,652.318
967,5.022,650.540,652.354
968,5.020,650.605,652.390
969,5.018,650.669,652.425
970,5.015,650.732,652.461
971,5.013,650.795,652.495
972,5.010,650.857,652.529
973,5.008,650.918,652.563
974,5.006,650.978,652.597
975,5.004,651.038,652.629
976,5.001,651.098,652.661
977,4.999,651.156,652.694
978,4.997,651.214,652.726
979,4.995,651.270,652.757
980,4.993,651.326,652.787
981,4.991,651.382,652.818
982,4.989,651.437,652.848
983,4.987,651.490,652.878
984,4.985,651.543,652.907
985,4.983,651.595,652.936
986,4.981,651.647,652.965
987,4.979,651.698,652.993
988,4.978,651.748,653.020
989,4.976,651.798,653.048
990,4.974,651.847,653.075
991,4.972,651.894,653.101
992,4.970,651.941,653.127
993,4.969,651.988,653.153
994,4.967,652.034,653.178
995,4.965,652.079,653.203
996,4.964,652.123,653.228
997,4.962,652.167,653.252
998,4.960,652.210,653.276
999,4.959,652.252,653.298
1000,4.957,652.293,653.321
1001,4.956,652.334,653.344
1002,4.954,652.375,653.366
1003,4.953,652.414,653.388
1004,4.951,652.453,653.410
1005,4.950,652.491,653.431
1006,4.948,652.529,653.452
1007,4.947,652.565,653.472
1008,4.945,652.601,653.492
1009,4.944,652.637,653.512
1010,4.943,652.672,653.531
1011,4.941,652.706,653.550
1012,4.940,652.739,653.569
1013,4.938,652.773,653.587
1014,4.937,652.805,653.605
1015,4.936,652.837,653.623
1016,4.934,652.867,653.640
1017,4.933,652.898,653.657
1018,4.932,652.928,653.674
1019,4.931,652.957,653.690
1020,4.929,652.986,653.706
1021,4.928,653.014,653.722
1022,4.927,653.041,653.737
1023,4.926,653.068,653.752
1024,4.924,653.095,653.766
1025,4.923,653.120,653.781
1026,4.922,653.146,653.795
1027,4.921,653.170,653.809
1028,4.920,653.195,653.823
1029,4.918,653.219,653.836
1030,4.917,653.242,653.849
1031,4.916,653.265,653.862
1032,4.915,653.287,653.874
1033,4.914,653.308,653.886
1034,4.913,653.329,653.898
1035,4.912,653.351,653.910
1036,4.910,653.370,653.922
1037,4.909,653.390,653.933
1038,4.908,653.410,653.943
1039,4.907,653.429,653.954
1040,4.906,653.447,653.965
1041,4.905,653.465,653.975
1042,4.904,653.483,653.985
1043,4.903,653.500,653.995
1044,4.902,653.517,654.005
1045,4.901,653.533,654.014
1046,4.900,653.550,654.023
1047,4.899,653.565,654.031
1048,4.898,653.580,654.040
1049,4.897,653.595,654.048
1050,4.896,653.610,654.056
1051,4.895,653.624,654.065
1052,4.894,653.638,654.073
1053,4.893,653.651,654.080
1054,4.892,653.664,654.088
1055,4.891,653.677,654.095
1056,4.890,653.689,654.102
1057,4.889,653.702,654.109
1058,4.888,653.714,654.116
1059,4.887,653.725,654.123
1060,4.886,653.736,654.129
1061,4.885,653.748,654.135
1062,4.884,653.759,654.142
1063,4.883,653.769,654.148
1064,4.882,653.779,654.153
1065,4.881,653.789,654.159
1066,4.880,653.798,654.164
1067,4.879,653.808,654.170
1068,4.878,653.817,654.175
1069,4.877,653.826,654.180
1070,4.876,653.835,654.185
1071,4.875,653.843,654.190
1072,4.874,653.852,654.195
1073,4.873,653.859,654.199
1074,4.872,653.867,654.204
1075,4.872,653.875,654.208
1076,4.871,653.882,654.213
1077,4.870,653.890,654.217
1078,4.869,653.897,654.221
1079,4.868,653.903,654.226
1080,4.867,653.910,654.229
1081,4.866,653.917,654.233
1082,4.865,653.923,654.237
1083,4.864,653.930,654.240
1084,4.863,653.936,654.244
1085,4.862,653.941,654.247
1086,4.862,653.947,654.250
1087,4.861,653.953,654.254
1088,4.860,653.958,654.257
1089,4.859,653.963,654.260
1090,4.858,653.968,654.263
1091,4.857,653.974,654.266
1092,4.856,653.979,654.269
1093,4.855,653.983,654.272
1094,4.855,653.988,654.275
1095,4.854,653.992,654.277
1096,4.853,653.997,654.280
1097,4.852,654.002,654.283
1098,4.851,654.005,654.285
1099,4.850,654.010,654.287
1100,4.849,654.014,654.290
1101,4.849,654.018,654.292
1102,4.848,654.022,654.294
1103,4.847,654.025,654.296
1104,4.846,654.029,654.299
1105,4.845,654.032,654.301
1106,4.844,654.036,654.303
1107,4.843,654.040,654.305
1108,4.843,654.043,654.307
1109,4.842,654.046,654.308
1110,4.841,654.050,654.311
1111,4.840,654.053,654.312
1112,4.839,654.056,654.314
1113,4.839,654.059,654.316
1114,4.838,654.062,654.318
1115,4.837,654.064,654.320
1116,4.836,654.067,654.321
1117,4.835,654.070,654.323
1118,4.834,654.073,654.324
1119,4.834,654.076,654.326
1120,4.833,654.078,654.327
1121,4.832,654.081,654.329
1122,4.831,654.083,654.330
1123,4.830,654.086,654.332
1124,4.830,654.089,654.334
1125,4.829,654.091,654.335
1126,4.828,654.093,654.336
1127,4.827,654.095,654.338
1128,4.826,654.098,654.339
1129,4.826,654.100,654.340
1130,4.825,654.102,654.342
1131,4.824,654.104,654.343
1132,4.823,654.107,654.344
1133,4.822,654.108,654.345
1134,4.822,654.111,654.346
1135,4.821,654.113,654.348
1136,4.820,654.115,654.349
1137,4.819,654.117,654.351
1138,4.819,654.118,654.351
1139,4.818,654.121,654.353
1140,4.817,654.122,654.354
1141,4.816,654.124,654.355
1142,4.816,654.126,654.355
1143,4.815,654.128,654.357
1144,4.814,654.130,654.358
1145,4.813,654.131,654.359
1146,4.813,654.134,654.360
1147,4.812,654.135,654.361
1148,4.811,654.137,654.362
1149,4.810,654.138,654.363
1150,4.809,654.140,654.364
1151,4.809,654.141,654.365
1152,4.808,654.143,654.366
1153,4.807,654.144,654.367
1154,4.807,654.146,654.368
1155,4.806,654.148,654.369
1156,4.805,654.149,654.369
1157,4.804,654.151,654.371
1158,4.804,654.152,654.372
1159,4.803,654.154,654.373
1160,4.802,654.155,654.373
1161,4.801,654.157,654.374
1162,4.801,654.158,654.375
1163,4.800,654.160,654.376
1164,4.799,654.162,654.377
1165,4.798,654.163,654.377
1166,4.798,654.165,654.378
1167,4.797,654.165,654.379
1168,4.796,654.167,654.380
1169,4.796,654.168,654.380
1170,4.795,654.170,654.382
1171,4.794,654.171,654.382
1172,4.793,654.172,654.383
1173,4.793,654.174,654.384
1174,4.792,654.175,654.385
1175,4.791,654.177,654.386
1176,4.791,654.177,654.386
1177,4.790,654.179,654.387
1178,4.789,654.180,654.387
1179,4.789,654.182,654.388
1180,4.788,654.182,654.389
1181,4.787,654.184,654.390
1182,4.786,654.186,654.391
1183,4.786,654.186,654.391
1184,4.785,654.188,654.392
1185,4.784,654.189,654.393
1186,4.784,654.190,654.394
1187,4.783,654.191,654.394
1188,4.782,654.192,654.395
1189,4.782,654.194,654.396
1190,4.781,654.195,654.397
1191,4.780,654.196,654.397
1192,4.780,654.197,654.398
1193,4.779,654.198,654.398
1194,4.778,654.199,654.399
1195,4.778,654.201,654.400
1196,4.777,654.201,654.400
1197,4.776,654.203,654.401
1198,4.776,654.204,654.402
1199,4.775,654.205,654.403
1200,4.774,654.206,654.403
1201,4.774,654.207,654.404
1202,4.773,654.208,654.404
1203,4.772,654.209,654.405
1204,4.772,654.210,654.406
1205,4.771,654.212,654.407
1206,4.770,654.213,654.407
1207,4.770,654.214,654.408
1208,4.769,654.215,654.408
1209,4.768,654.216,654.409
1210,4.768,654.217,654.409
1211,4.767,654.218,654.410
1212,4.766,654.219,654.411
1213,4.766,654.220,654.411
1214,4.765,654.221,654.412
1215,4.765,654.222,654.412
1216,4.764,654.223,654.413
1217,4.763,654.224,654.414
1218,4.763,654.225,654.415
1219,4.762,654.226,654.415
1220,4.761,654.227,654.415
1221,4.761,654.228,654.416
1222,4.760,654.229,654.417
1223,4.759,654.230,654.418
1224,4.759,654.231,654.418
1225,4.758,654.232,654.418
1226,4.758,654.233,654.419
1227,4.757,654.234,654.420
1228,4.756,654.235,654.420
1229,4.756,654.236,654.420
1230,4.755,654.237,654.421
1231,4.754,654.237,654.422
1232,4.754,654.239,654.423
1233,4.753,654.239,654.423
1234,4.753,654.240,654.423
1235,4.752,654.242,654.424
1236,4.751,654.242,654.425
1237,4.751,654.243,654.425
1238,4.750,654.244,654.425
1239,4.750,654.245,654.426
1240,4.749,654.246,654.427
1241,4.748,654.247,654.427
1242,4.748,654.248,654.428
1243,4.747,654.248,654.428
1244,4.747,654.250,654.429
1245,4.746,654.250,654.429
1246,4.745,654.251,654.430
1247,4.745,654.252,654.430
1248,4.744,654.253,654.431
1249,4.744,654.254,654.431
1250,4.743,654.255,654.432
1251,4.742,654.256,654.433
1252,4.742,654.256,654.433
1253,4.741,654.257,654.433
1254,4.741,654.258,654.434
1255,4.740,654.259,654.435
1256,4.739,654.260,654.435
1257,4.739,654.261,654.435
1258,4.738,654.262,654.436
1259,4.738,654.262,654.437
1260,4.737,654.263,654.437
1261,4.736,654.264,654.438
1262,4.736,654.265,654.438
1263,4.735,654.266,654.439
1264,4.735,654.266,654.439
1265,4.734,654.268,654.440
1266,4.734,654.268,654.440
1267,4.733,654.269,654.440
1268,4.732,654.270,654.441
1269,4.732,654.271,654.442
1270,4.731,654.272,654.442
1271,4.731,654.272,654.442
1272,4.730,654.273,654.443
1273,4.730,654.274,654.443
1274,4.729,654.275,654.444
1275,4.728,654.276,654.445
1276,4.728,654.276,654.445
1277,4.727,654.277,654.445
1278,4.727,654.278,654.446
1279,4.726,654.279,654.446
1280,4.726,654.280,654.447
1281,4.725,654.280,654.447
1282,4.725,654.281,654.448
1283,4.724,654.282,654.448
1284,4.723,654.283,654.449
1285,4.723,654.283,654.449
1286,4.722,654.284,654.449
1287,4.722,654.285,654.450
1288,4.721,654.285,654.450
1289,4.721,654.286,654.451
1290,4.720,654.287,654.451
1291,4.720,654.288,654.452
1292,4.719,654.289,654.452
1293,4.718,654.289,654.453
1294,4.718,654.290,654.453
1295,4.717,654.291,654.453
1296,4.717,654.292,654.454
1297,4.716,654.292,654.454
1298,4.716,654.293,654.455
1299,4.715,654.294,654.455
1300,4.715,654.294,654.455
1301,4.714,654.295,654.456
1302,4.714,654.296,654.457
1303,4.713,654.297,654.457
1304,4.713,654.298,654.458
1305,4.712,654.298,654.458
1306,4.711,654.299,654.458
1307,4.711,654.299,654.459
1308,4.710,654.300,654.459
1309,4.710,654.301,654.459
1310,4.709,654.302,654.460
1311,4.709,654.302,654.460
1312,4.708,654.303,654.461
1313,4.708,654.304,654.461
1314,4.707,654.304,654.461
1315,4.707,654.305,654.462
1316,4.706,654.306,654.462
1317,4.706,654.306,654.463
1318,4.705,654.307,654.463
1319,4.705,654.308,654.463
1320,4.704,654.309,654.464
1321,4.704,654.309,654.464
1322,4.703,654.310,654.465
1323,4.703,654.311,654.465
1324,4.702,654.311,654.465
1325,4.702,654.312,654.466
1326,4.701,654.312,654.466
1327,4.701,654.313,654.467
1328,4.700,654.314,654.467
1329,4.700,654.314,654.467
1330,4.699,654.315,654.468
1331,4.699,654.316,654.468
1332,4.698,654.317,654.469
1333,4.698,654.317,654.469
1334,4.697,654.318,654.469
1335,4.697,654.319,654.470
1336,4.696,654.319,654.470
1337,4.696,654.320,654.471
1338,4.695,654.321,654.471
1339,4.695,654.321,654.471
1340,4.694,654.322,654.472
1341,4.694,654.322,654.472
1342,4.693,654.323,654.473
1343,4.693,654.323,654.473
1344,4.692,654.324,654.473
1345,4.692,654.325,654.474
1346,4.691,654.325,654.474
1347,4.691,654.326,654.475
1348,4.690,654.327,654.475
1349,4.690,654.327,654.475
1350,4.689,654.328,654.476
1351,4.689,654.328,654.476
1352,4.688,654.329,654.476
1353,4.688,654.330,654.476
1354,4.687,654.330,654.477
1355,4.687,654.331,654.477
1356,4.686,654.332,654.478
1357,4.686,654.332,654.478
1358,4.685,654.333,654.478
1359,4.685,654.333,654.479
1360,4.684,654.334,654.479
1361,4.684,654.335,654.480
1362,4.683,654.335,654.480
1363,4.683,654.336,654.480
1364,4.682,654.336,654.481
1365,4.682,654.337,654.481
1366,4.681,654.338,654.481
1367,4.681,654.338,654.482
1368,4.680,654.339,654.482
1369,4.680,654.339,654.482
1370,4.679,654.340,654.483
1371,4.679,654.340,654.483
1372,4.679,654.341,654.484
1373,4.678,654.342,654.484
1374,4.678,654.342,654.484
1375,4.677,654.343,654.484
1376,4.677,654.343,654.485
1377,4.676,654.344,654.485
1378,4.676,654.344,654.485
1379,4.675,654.345,654.486
1380,4.675,654.346,654.486
1381,4.674,654.346,654.487
1382,4.674,654.347,654.487
1383,4.673,654.347,654.487
1384,4.673,654.348,654.487
1385,4.672,654.349,654.488
1386,4.672,654.349,654.488
1387,4.672,654.350,654.489
1388,4.671,654.350,654.489
1389,4.671,654.351,654.489
1390,4.670,654.351,654.489
1391,4.670,654.352,654.490
1392,4.669,654.352,654.490
1393,4.669,654.353,654.490
1394,4.668,654.353,654.491
1395,4.668,654.354,654.491
1396,4.667,654.354,654.491
1397,4.667,654.355,654.492
1398,4.667,654.355,654.492
1399,4.666,654.356,654.492
1400,4.666,654.357,654.493
1401,4.665,654.357,654.493
1402,4.665,654.358,654.493
1403,4.664,654.358,654.493
1404,4.664,654.359,654.494
1405,4.663,654.359,654.494
1406,4.663,654.360,654.495
1407,4.663,654.360,654.495
1408,4.662,654.361,654.495
1409,4.662,654.361,654.495
1410,4.661,654.362,654.496
1411,4.661,654.362,654.496
1412,4.660,654.363,654.497
1413,4.660,654.363,654.497
1414,4.659,654.364,654.497
1415,4.659,654.364,654.497
1416,4.659,654.365,654.498
1417,4.658,654.365,654.498
1418,4.658,654.366,654.498
1419,4.657,654.366,654.498
1420,4.657,654.367,654.499
1421,4.656,654.367,654.499
1422,4.656,654.368,654.500
1423,4.656,654.368,654.500
1424,4.655,654.369,654.500
1425,4.655,654.369,654.500
1426,4.654,654.370,654.501
1427,4.654,654.370,654.501
1428,4.653,654.371,654.501
1429,4.653,654.371,654.501
1430,4.653,654.372,654.502
1431,4.652,654.372,654.502
1432,4.652,654.373,654.503
1433,4.651,654.373,654.503
1434,4.651,654.374,654.503
1435,4.650,654.374,654.503
1436,4.650,654.375,654.504
1437,4.650,654.375,654.504
1438,4.649,654.376,654.504
1439,4.649,654.376,654.504
1440,4.648,654.377,654.505
1441,4.648,654.377,654.505
1442,4.647,654.378,654.505
1443,4.647,654.378,654.506
1444,4.647,654.378,654.506
1445,4.646,654.379,654.506
1446,4.646,654.379,654.506
1447,4.645,654.380,654.507
1448,4.645,654.381,654.507
1449,4.645,654.381,654.507
1450,4.644,654.381,654.507
1451,4.644,654.382,654.508
1452,4.643,654.382,654.508
1453,4.643,654.383,654.508
1454,4.643,654.383,654.508
1455,4.642,654.384,654.509
1456,4.642,654.384,654.509
1457,4.641,654.384,654.509
1458,4.641,654.385,654.510
1459,4.640,654.385,654.510
1460,4.640,654.386,654.510
1461,4.640,654.386,654.510
1462,4.639,654.387,654.511
1463,4.639,654.387,654.511
1464,4.638,654.388,654.511
1465,4.638,654.388,654.511
1466,4.638,654.389,654.512
1467,4.637,654.389,654.512
1468,4.637,654.389,654.512
1469,4.636,654.390,654.513
1470,4.636,654.390,654.513
1471,4.636,654.391,654.513
1472,4.635,654.391,654.513
1473,4.635,654.392,654.514
1474,4.634,654.392,654.514
1475,4.634,654.392,654.514
1476,4.634,654.393,654.514
1477,4.633,654.393,654.515
1478,4.633,654.394,654.515
1479,4.632,654.394,654.515
1480,4.632,654.395,654.515
1481,4.632,654.395,654.516
1482,4.631,654.396,654.516
1483,4.631,654.396,654.516
1484,4.630,654.396,654.517
1485,4.630,654.397,654.517
1486,4.630,654.397,654.517
1487,4.629,654.398,654.517
1488,4.629,654.398,654.518
1489,4.629,654.398,654.518
1490,4.628,654.399,654.518
1491,4.628,654.399,654.518
1492,4.627,654.400,654.518
1493,4.627,654.400,654.519
1494,4.627,654.401,654.519
1495,4.626,654.401,654.519
1496,4.626,654.401,654.519
1497,4.625,654.402,654.520
1498,4.625,654.402,654.520
1499,4.625,654.403,654.520
1500,4.624,654.403,654.521
1501,4.624,654.403,654.521
1502,4.624,654.404,654.521
1503,4.623,654.404,654.521
1504,4.623,654.405,654.521
1505,4.622,654.405,654.522
1506,4.622,654.405,654.522
1507,4.622,654.406,654.522
1508,4.621,654.406,654.522
1509,4.621,654.407,654.523
1510,4.620,654.407,654.523
1511,4.620,654.407,654.523
1512,4.620,654.408,654.523
1513,4.619,654.408,654.523
1514,4.619,654.408,654.524
1515,4.619,654.409,654.524
1516,4.618,654.409,654.524
1517,4.618,654.410,654.524
1518,4.617,654.410,654.525
1519,4.617,654.410,654.525
1520,4.617,654.411,654.525
1521,4.616,654.411,654.526
1522,4.616,654.412,654.525
1523,4.616,654.412,654.526
1524,4.615,654.413,654.526
1525,4.615,654.413,654.526
1526,4.615,654.413,654.527
1527,4.614,654.413,654.527
1528,4.614,654.414,654.527
1529,4.613,654.414,654.527
1530,4.613,654.415,654.527
1531,4.613,654.415,654.528
1532,4.612,654.415,654.528
1533,4.612,654.416,654.528
1534,4.612,654.416,654.528
1535,4.611,654.416,654.529
1536,4.611,654.417,654.529
1537,4.610,654.417,654.529
1538,4.610,654.418,654.529
1539,4.610,654.418,654.529
1540,4.609,654.418,654.530
1541,4.609,654.419,654.530
1542,4.609,654.419,654.530
1543,4.608,654.419,654.530
1544,4.608,654.420,654.530
1545,4.608,654.420,654.531
1546,4.607,654.421,654.531
1547,4.607,654.421,654.531
1548,4.607,654.421,654.531
1549,4.606,654.422,654.532
1550,4.606,654.422,654.532
1551,4.605,654.422,654.532
1552,4.605,654.423,654.532
1553,4.605,654.423,654.533
1554,4.604,654.423,654.533
1555,4.604,654.424,654.533
1556,4.604,654.424,654.533
1557,4.603,654.424,654.533
1558,4.603,654.425,654.534
1559,4.603,654.425,654.534
1560,4.602,654.426,654.534
1561,4.602,654.426,654.534
1562,4.602,654.426,654.534
1563,4.601,654.427,654.535
1564,4.601,654.427,654.535
1565,4.601,654.427,654.535
1566,4.600,654.428,654.535
1567,4.600,654.428,654.535
1568,4.599,654.428,654.536
1569,4.599,654.429,654.536
1570,4.599,654.429,654.536
1571,4.598,654.429,654.536
1572,4.598,654.430,654.536
1573,4.598,654.430,654.537
1574,4.597,654.430,654.537
1575,4.597,654.431,654.537
1576,4.597,654.431,654.537
1577,4.596,654.431,654.537
1578,4.596,654.432,654.538
1579,4.596,654.432,654.538
1580,4.595,654.432,654.538
1581,4.595,654.433,654.538
1582,4.595,654.433,654.538
1583,4.594,654.433,654.539
1584,4.594,654.434,654.539
1585,4.594,654.434,654.539
1586,4.593,654.434,654.539
1587,4.593,654.435,654.539
1588,4.593,654.435,654.540
1589,4.592,654.435,654.540
1590,4.592,654.436,654.540
1591,4.592,654.436,654.540
1592,4.591,654.436,654.540
1593,4.591,654.437,654.541
1594,4.591,654.437,654.541
1595,4.590,654.437,654.541
1596,4.590,654.438,654.541
1597,4.590,654.438,654.541
1598,4.589,654.438,654.541
1599,4.589,654.439,654.542
1600,4.589,654.439,654.542
1601,4.588,654.439,654.542
1602,4.588,654.439,654.542
1603,4.588,654.440,654.542
1604,4.587,654.440,654.543
1605,4.587,654.440,654.543
1606,4.587,654.441,654.543
1607,4.586,654.441,654.543
1608,4.586,654.441,654.543
1609,4.586,654.442,654.544
1610,4.585,654.442,654.544
1611,4.585,654.442,654.544
1612,4.585,654.443,654.544
1613,4.584,654.443,654.544
1614,4.584,654.443,654.544
1615,4.584,654.444,654.545
1616,4.583,654.444,654.545
1617,4.583,654.444,654.545
1618,4.583,654.445,654.545
1619,4.582,654.445,654.545
1620,4.582,654.445,654.546
1621,4.582,654.446,654.546
1622,4.581,654.446,654.546
1623,4.581,654.446,654.546
1624,4.581,654.446,654.546
1625,4.580,654.447,654.547
1626,4.580,654.447,654.547
1627,4.580,654.447,654.547
1628,4.579,654.448,654.547
1629,4.579,654.448,654.547
1630,4.579,654.448,654.547
1631,4.579,654.448,654.548
1632,4.578,654.449,654.548
1633,4.578,654.449,654.548
1634,4.578,654.449,654.548
1635,4.577,654.450,654.548
1636,4.577,654.450,654.548
1637,4.577,654.450,654.549
1638,4.576,654.450,654.549
1639,4.576,654.451,654.549
1640,4.576,654.451,654.549
1641,4.575,654.451,654.549
1642,4.575,654.452,654.550
1643,4.575,654.452,654.550
1644,4.574,654.452,654.550
1645,4.574,654.453,654.550
1646,4.574,654.453,654.550
1647,4.573,654.453,654.550
1648,4.573,654.453,654.551
1649,4.573,654.454,654.551
1650,4.573,654.454,654.551
1651,4.572,654.454,654.551
1652,4.572,654.454,654.551
1653,4.572,654.455,654.551
1654,4.571,654.455,654.552
1655,4.571,654.455,654.552
1656,4.571,654.456,654.552
1657,4.570,654.456,654.552
1658,4.570,654.456,654.552
1659,4.570,654.457,654.552
1660,4.569,654.457,654.553
1661,4.569,654.457,654.553
1662,4.569,654.457,654.553
1663,4.569,654.458,654.553
1664,4.568,654.458,654.553
1665,4.568,654.458,654.553
1666,4.568,654.458,654.554
1667,4.567,654.459,654.554
1668,4.567,654.459,654.554
1669,4.567,654.459,654.554
1670,4.566,654.460,654.554
1671,4.566,654.460,654.555
1672,4.566,654.460,654.555
1673,4.565,654.460,654.555
1674,4.565,654.461,654.555
1675,4.565,654.461,654.555
1676,4.565,654.461,654.555
1677,4.564,654.461,654.556
1678,4.564,654.462,654.556
1679,4.564,654.462,654.556
1680,4.563,654.462,654.556
1681,4.563,654.463,654.556
1682,4.563,654.463,654.556
1683,4.562,654.463,654.557
1684,4.562,654.463,654.557
1685,4.562,654.464,654.557
1686,4.562,654.464,654.557
1687,4.561,654.464,654.557
1688,4.561,654.464,654.557
1689,4.561,654.465,654.557
1690,4.560,654.465,654.558
1691,4.560,654.465,654.558
1692,4.560,654.465,654.558
1693,4.559,654.466,654.558
1694,4.559,654.466,654.558
1695,4.559,654.466,654.558
1696,4.559,654.467,654.559
1697,4.558,654.467,654.559
1698,4.558,654.467,654.559
1699,4.558,654.467,654.559
1700,4.557,654.467,654.559
1701,4.557,654.468,654.559
1702,4.557,654.468,654.559
1703,4.557,654.468,654.559
1704,4.556,654.469,654.560
1705,4.556,654.469,654.560
1706,4.556,654.469,654.560
1707,4.555,654.469,654.560
1708,4.555,654.469,654.560
1709,4.555,654.470,654.560
1710,4.555,654.470,654.561
1711,4.554,654.470,654.561
1712,4.554,654.471,654.561
1713,4.554,654.471,654.561
1714,4.553,654.471,654.561
1715,4.553,654.471,654.561
1716,4.553,654.471,654.562
1717,4.552,654.472,654.562
1718,4.552,654.472,654.562
1719,4.552,654.472,654.562
1720,4.552,654.473,654.562
1721,4.551,654.473,654.562
1722,4.551,654.473,654.562
1723,4.551,654.473,654.563
1724,4.550,654.474,654.563
1725,4.550,654.474,654.563
1726,4.550,654.474,654.563
1727,4.550,654.474,654.563
1728,4.549,654.474,654.563
1729,4.549,654.475,654.564
1730,4.549,654.475,654.563
1731,4.549,654.475,654.564
1732,4.548,654.475,654.564
1733,4.548,654.476,654.564
1734,4.548,654.476,654.564
1735,4.547,654.476,654.564
1736,4.547,654.476,654.564
1737,4.547,654.477,654.565
1738,4.547,654.477,654.565
1739,4.546,654.477,654.565
1740,4.546,654.477,654.565
1741,4.546,654.478,654.565
1742,4.545,654.478,654.565
1743,4.545,654.478,654.565
1744,4.545,654.478,654.566
1745,4.545,654.478,654.566
1746,4.544,654.479,654.566
1747,4.544,654.479,654.566
1748,4.544,654.479,654.566
1749,4.543,654.479,654.566
1750,4.543,654.480,654.566
1751,4.543,654.480,654.567
1752,4.543,654.480,654.567
1753,4.542,654.480,654.567
1754,4.542,654.481,654.567
1755,4.542,654.481,654.567
1756,4.542,654.481,654.567
1757,4.541,654.481,654.567
1758,4.541,654.482,654.568
1759,4.541,654.482,654.568
1760,4.540,654.482,654.568
1761,4.540,654.482,654.568
1762,4.540,654.482,654.568
1763,4.540,654.483,654.568
1764,4.539,654.483,654.568
1765,4.539,654.483,654.568
1766,4.539,654.483,654.569
1767,4.539,654.484,654.569
1768,4.538,654.484,654.569
1769,4.538,654.484,654.569
1770,4.538,654.484,654.569
1771,4.537,654.484,654.569
1772,4.537,654.485,654.569
1773,4.537,654.485,654.570
1774,4.537,654.485,654.570
1775,4.536,654.485,654.570
1776,4.536,654.486,654.570
1777,4.536,654.486,654.570
1778,4.536,654.486,654.570
1779,4.535,654.486,654.570
1780,4.535,654.486,654.571
1781,4.535,654.487,654.571
1782,4.535,654.487,654.571
1783,4.534,654.487,654.571
1784,4.534,654.487,654.571
1785,4.534,654.487,654.571
1786,4.533,654.488,654.571
1787,4.533,654.488,654.571
1788,4.533,654.488,654.571
1789,4.533,654.488,654.572
1790,4.532,654.489,654.572
1791,4.532,654.489,654.572
1792,4.532,654.489,654.572
1793,4.532,654.489,654.572
1794,4.531,654.489,654.572
1795,4.531,654.490,654.572
1796,4.531,654.490,654.573
1797,4.531,654.490,654.573
1798,4.530,654.490,654.573
1799,4.530,654.491,654.573
1800,4.530,654.491,654.573
1801,4.530,654.491,654.573
1802,4.529,654.491,654.573
1803,4.529,654.491,654.574
1804,4.529,654.492,654.574
1805,4.528,654.492,654.574
1806,4.528,654.492,654.574
1807,4.528,654.492,654.574
1808,4.528,654.492,654.574
1809,4.527,654.493,654.574
1810,4.527,654.493,654.574
1811,4.527,654.493,654.574
1812,4.527,654.493,654.574
1813,4.526,654.493,654.575
1814,4.526,654.494,654.575
1815,4.526,654.494,654.575
1816,4.526,654.494,654.575
1817,4.525,654.494,654.575
1818,4.525,654.494,654.575
1819,4.525,654.495,654.575
1820,4.525,654.495,654.576
1821,4.524,654.495,654.576
1822,4.524,654.495,654.576
1823,4.524,654.495,654.576
1824,4.524,654.496,654.576
1825,4.523,654.496,654.576
1826,4.523,654.496,654.576
1827,4.523,654.496,654.576
1828,4.523,654.497,654.577
1829,4.522,654.497,654.577
1830,4.522,654.497,654.577
1831,4.522,654.497,654.577
1832,4.522,654.497,654.577
1833,4.521,654.497,654.577
1834,4.521,654.498,654.577
1835,4.521,654.498,654.577
1836,4.521,654.498,654.577
1837,4.520,654.498,654.578
1838,4.520,654.498,654.578
1839,4.520,654.499,654.578
1840,4.520,654.499,654.578
1841,4.519,654.499,654.578
1842,4.519,654.499,654.578
1843,4.519,654.499,654.578
1844,4.519,654.500,654.578
1845,4.518,654.500,654.579
1846,4.518,654.500,654.579
1847,4.518,654.500,654.579
1848,4.518,654.500,654.579
1849,4.517,654.501,654.579
1850,4.517,654.501,654.579
1851,4.517,654.501,654.579
1852,4.517,654.501,654.579
1853,4.516,654.501,654.579
1854,4.516,654.502,654.580
1855,4.516,654.502,654.580
1856,4.516,654.502,654.580
1857,4.515,654.502,654.580
1858,4.515,654.502,654.580
1859,4.515,654.502,654.580
1860,4.515,654.503,654.580
1861,4.514,654.503,654.580
1862,4.514,654.503,654.581
1863,4.514,654.503,654.581
1864,4.514,654.503,654.581
1865,4.513,654.504,654.581
1866,4.513,654.504,654.581
1867,4.513,654.504,654.581
1868,4.513,654.504,654.581
1869,4.512,654.504,654.581
1870,4.512,654.505,654.581
1871,4.512,654.505,654.581
1872,4.512,654.505,654.582
1873,4.511,654.505,654.582
1874,4.511,654.505,654.582
1875,4.511,654.506,654.582
1876,4.511,654.506,654.582
1877,4.510,654.506,654.582
1878,4.510,654.506,654.582
1879,4.510,654.506,654.582
1880,4.510,654.506,654.583
1881,4.510,654.507,654.583
1882,4.509,654.507,654.583
1883,4.509,654.507,654.583
1884,4.509,654.507,654.583
1885,4.509,654.507,654.583
1886,4.508,654.507,654.583
1887,4.508,654.508,654.583
1888,4.508,654.508,654.583
1889,4.508,654.508,654.583
1890,4.507,654.508,654.584
1891,4.507,654.508,654.584
1892,4.507,654.509,654.584
1893,4.507,654.509,654.584
1894,4.506,654.509,654.584
1895,4.506,654.509,654.584
1896,4.506,654.509,654.584
1897,4.506,654.509,654.584
1898,4.505,654.510,654.584
1899,4.505,654.510,654.585
1900,4.505,654.510,654.585
1901,4.505,654.510,654.585
1902,4.505,654.510,654.585
1903,4.504,654.510,654.585
1904,4.504,654.511,654.585
1905,4.504,654.511,654.585
1906,4.504,654.511,654.585
1907,4.503,654.511,654.585
1908,4.503,654.511,654.585
1909,4.503,654.512,654.586
1910,4.503,654.512,654.586
1911,4.502,654.512,654.586
1912,4.502,654.512,654.586
1913,4.502,654.512,654.586
1914,4.502,654.512,654.586
1915,4.502,654.513,654.586
1916,4.501,654.513,654.586
1917,4.501,654.513,654.586
1918,4.501,654.513,654.586
1919,4.501,654.513,654.587
1920,4.500,654.513,654.587
1921,4.500,654.514,654.587
1922,4.500,654.514,654.587
1923,4.500,654.514,654.587
1924,4.499,654.514,654.587
1925,4.499,654.514,654.587
1926,4.499,654.514,654.587
1927,4.499,654.515,654.587
1928,4.499,654.515,654.588
1929,4.498,654.515,654.588
1930,4.498,654.515,654.588
1931,4.498,654.515,654.588
1932,4.498,654.515,654.588
1933,4.497,654.516,654.588
1934,4.497,654.516,654.588
1935,4.497,654.516,654.588
1936,4.497,654.516,654.588
1937,4.496,654.516,654.588
1938,4.496,654.516,654.588
1939,4.496,654.517,654.589
1940,4.496,654.517,654.589
1941,4.496,654.517,654.589
1942,4.495,654.517,654.589
1943,4.495,654.517,654.589
1944,4.495,654.517,654.589
1945,4.495,654.518,654.589
1946,4.494,654.518,654.589
1947,4.494,654.518,654.589
1948,4.494,654.518,654.590
1949,4.494,654.518,654.590
1950,4.494,654.518,654.590
1951,4.493,654.519,654.590
1952,4.493,654.519,654.590
1953,4.493,654.519,654.590
1954,4.493,654.519,654.590
1955,4.492,654.519,654.590
1956,4.492,654.519,654.590
1957,4.492,654.520,654.590
1958,4.492,654.520,654.591
1959,4.492,654.520,654.591
1960,4.491,654.520,654.591
1961,4.491,654.520,654.591
1962,4.491,654.520,654.591
1963,4.491,654.521,654.591
1964,4.490,654.521,654.591
1965,4.490,654.521,654.591
1966,4.490,654.521,654.591
1967,4.490,654.521,654.591
1968,4.490,654.521,654.591
1969,4.489,654.521,654.591
1970,4.489,654.522,654.592
1971,4.489,654.522,654.592
1972,4.489,654.522,654.592
1973,4.488,654.522,654.592
1974,4.488,654.522,654.592
1975,4.488,654.522,654.592
1976,4.488,654.522,654.592
1977,4.488,654.523,654.592
1978,4.487,654.523,654.592
1979,4.487,654.523,654.592
1980,4.487,654.523,654.592
1981,4.487,654.523,654.593
1982,4.487,654.523,654.593
1983,4.486,654.524,654.593
1984,4.486,654.524,654.593
1985,4.486,654.524,654.593
1986,4.486,654.524,654.593
1987,4.485,654.524,654.593
1988,4.485,654.524,654.593
1989,4.485,654.525,654.593
1990,4.485,654.525,654.594
1991,4.485,654.525,654.594
1992,4.484,654.525,654.594
1993,4.484,654.525,654.594
1994,4.484,654.525,654.594
1995,4.484,654.525,654.594
1996,4.484,654.526,654.594
1997,4.483,654.526,654.594
1998,4.483,654.526,654.594
1999,4.483,654.526,654.594
2000,4.483,654.526,654.594
2001,4.482,654.526,654.595
2002,4.482,654.526,654.595
2003,4.482,654.527,654.595
2004,4.482,654.527,654.595
2005,4.482,654.527,654.595
2006,4.481,654.527,654.595
2007,4.481,654.527,654.595
2008,4.481,654.527,654.595
2009,4.481,654.528,654.595
2010,4.481,654.528,654.595
2011,4.480,654.528,654.595
2012,4.480,654.528,654.595
2013,4.480,654.528,654.596
2014,4.480,654.528,654.596
2015,4.479,654.528,654.596
2016,4.479,654.529,654.596
2017,4.479,654.529,654.596
2018,4.479,654.529,654.596
2019,4.479,654.529,654.596
2020,4.478,654.529,654.596
2021,4.478,654.529,654.596
2022,4.478,654.529,654.596
2023,4.478,654.530,654.596
2024,4.478,654.530,654.596
2025,4.477,654.530,654.597
2026,4.477,654.530,654.597
2027,4.477,654.530,654.597
2028,4.477,654.530,654.597
2029,4.477,654.530,654.597
2030,4.476,654.531,654.597
2031,4.476,654.531,654.597
2032,4.476,654.531,654.597
2033,4.476,654.531,654.597
2034,4.476,654.531,654.597
2035,4.475,654.531,654.597
2036,4.475,654.531,654.597
2037,4.475,654.532,654.598
2038,4.475,654.532,654.598
2039,4.474,654.532,654.598
2040,4.474,654.532,654.598
2041,4.474,654.532,654.598
2042,4.474,654.532,654.598
2043,4.474,654.532,654.598
2044,4.473,654.533,654.598
2045,4.473,654.533,654.598
2046,4.473,654.533,654.598
2047,4.473,654.533,654.599
2048,4.473,654.533,654.598
2049,4.472,654.533,654.599
2050,4.472,654.533,654.599
2051,4.472,654.533,654.599
2052,4.472,654.534,654.599
2053,4.472,654.534,654.599
2054,4.471,654.534,654.599
2055,4.471,654.534,654.599
2056,4.471,654.534,654.599
2057,4.471,654.534,654.599
2058,4.471,654.534,654.599
2059,4.470,654.535,654.600
2060,4.470,654.535,654.599
2061,4.470,654.535,654.600
2062,4.470,654.535,654.600
2063,4.470,654.535,654.600
2064,4.469,654.535,654.600
2065,4.469,654.535,654.600
2066,4.469,654.536,654.600
2067,4.469,654.536,654.600
2068,4.469,654.536,654.600
2069,4.468,654.536,654.600
2070,4.468,654.536,654.600
2071,4.468,654.536,654.600
2072,4.468,654.536,654.601
2073,4.468,654.536,654.601
2074,4.467,654.537,654.601
2075,4.467,654.537,654.601
2076,4.467,654.537,654.601
2077,4.467,654.537,654.601
2078,4.467,654.537,654.601
2079,4.466,654.537,654.601
2080,4.466,654.537,654.601
2081,4.466,654.538,654.601
2082,4.466,654.538,654.601
2083,4.466,654.538,654.601
2084,4.465,654.538,654.602
2085,4.465,654.538,654.602
2086,4.465,654.538,654.602
2087,4.465,654.538,654.602
2088,4.465,654.538,654.602
2089,4.464,654.539,654.602
2090,4.464,654.539,654.602
2091,4.464,654.539,654.602
2092,4.464,654.539,654.602
2093,4.464,654.539,654.602
2094,4.463,654.539,654.602
2095,4.463,654.539,654.602
2096,4.463,654.539,654.602
2097,4.463,654.540,654.603
2098,4.463,654.540,654.602
2099,4.462,654.540,654.603
2100,4.462,654.540,654.603
2101,4.462,654.540,654.603
2102,4.462,654.540,654.603
2103,4.462,654.540,654.603
2104,4.462,654.540,654.603
2105,4.461,654.541,654.603
2106,4.461,654.541,654.603
2107,4.461,654.541,654.603
2108,4.461,654.541,654.603
2109,4.461,654.541,654.603
2110,4.460,654.541,654.604
2111,4.460,654.541,654.603
2112,4.460,654.541,654.604
2113,4.460,654.542,654.604
2114,4.460,654.542,654.604
2115,4.459,654.542,654.604
2116,4.459,654.542,654.604
2117,4.459,654.542,654.604
2118,4.459,654.542,654.604
2119,4.459,654.542,654.604
2120,4.458,654.543,654.604
2121,4.458,654.543,654.604
2122,4.458,654.543,654.604
2123,4.458,654.543,654.605
2124,4.458,654.543,654.604
2125,4.457,654.543,654.605
2126,4.457,654.543,654.605
2127,4.457,654.543,654.605
2128,4.457,654.543,654.605
2129,4.457,654.544,654.605
2130,4.457,654.544,654.605
2131,4.456,654.544,654.605
2132,4.456,654.544,654.605
2133,4.456,654.544,654.605
2134,4.456,654.544,654.605
2135,4.456,654.544,654.605
2136,4.455,654.544,654.605
2137,4.455,654.545,654.605
2138,4.455,654.545,654.605
2139,4.455,654.545,654.606
2140,4.455,654.545,654.606
2141,4.454,654.545,654.606
2142,4.454,654.545,654.606
2143,4.454,654.545,654.606
2144,4.454,654.545,654.606
2145,4.454,654.546,654.606
2146,4.454,654.546,654.606
2147,4.453,654.546,654.606
2148,4.453,654.546,654.606
2149,4.453,654.546,654.606
2150,4.453,654.546,654.606
2151,4.453,654.546,654.606
2152,4.452,654.546,654.607
2153,4.452,654.546,654.607
2154,4.452,654.547,654.607
2155,4.452,654.547,654.607
2156,4.452,654.547,654.607
2157,4.451,654.547,654.607
2158,4.451,654.547,654.607
2159,4.451,654.547,654.607
2160,4.451,654.547,654.607
2161,4.451,654.547,654.607
2162,4.451,654.548,654.607
2163,4.450,654.548,654.607
2164,4.450,654.548,654.607
2165,4.450,654.548,654.607
2166,4.450,654.548,654.608
2167,4.450,654.548,654.608
2168,4.449,654.548,654.608
2169,4.449,654.548,654.608
2170,4.449,654.548,654.608
2171,4.449,654.549,654.608
2172,4.449,654.549,654.608
2173,4.449,654.549,654.608
2174,4.448,654.549,654.608
2175,4.448,654.549,654.608
2176,4.448,654.549,654.608
2177,4.448,654.549,654.608
2178,4.448,654.549,654.608
2179,4.447,654.549,654.608
2180,4.447,654.550,654.609
2181,4.447,654.550,654.609
2182,4.447,654.550,654.609
2183,4.447,654.550,654.609
2184,4.447,654.550,654.609
2185,4.446,654.550,654.609
2186,4.446,654.550,654.609
2187,4.446,654.550,654.609
2188,4.446,654.551,654.609
2189,4.446,654.551,654.609
2190,4.445,654.551,654.609
2191,4.445,654.551,654.609
2192,4.445,654.551,654.609
2193,4.445,654.551,654.609
2194,4.445,654.551,654.610
2195,4.445,654.551,654.609
2196,4.444,654.551,654.610
2197,4.444,654.552,654.610
2198,4.444,654.552,654.610
2199,4.444,654.552,654.610
2200,4.444,654.552,654.610
2201,4.443,654.552,654.610
2202,4.443,654.552,654.610
2203,4.443,654.552,654.610
2204,4.443,654.552,654.610
2205,4.443,654.552,654.610
2206,4.443,654.552,654.610
2207,4.442,654.553,654.610
2208,4.442,654.553,654.610
2209,4.442,654.553,654.610
2210,4.442,654.553,654.610
2211,4.442,654.553,654.611
2212,4.442,654.553,654.611
2213,4.441,654.553,654.611
2214,4.441,654.553,654.611
2215,4.441,654.553,654.611
2216,4.441,654.554,654.611
2217,4.441,654.554,654.611
2218,4.440,654.554,654.611
2219,4.440,654.554,654.611
2220,4.440,654.554,654.611
2221,4.440,654.554,654.611
2222,4.440,654.554,654.611
2223,4.440,654.554,654.611
2224,4.439,654.554,654.611
2225,4.439,654.555,654.612
2226,4.439,654.555,654.612
2227,4.439,654.555,654.612
2228,4.439,654.555,654.612
2229,4.439,654.555,654.612
2230,4.438,654.555,654.612
2231,4.438,654.555,654.612
2232,4.438,654.555,654.612
2233,4.438,654.555,654.612
2234,4.438,654.556,654.612
2235,4.437,654.556,654.612
2236,4.437,654.556,654.612
2237,4.437,654.556,654.612
2238,4.437,654.556,654.612
2239,4.437,654.556,654.612
2240,4.437,654.556,654.613
2241,4.436,654.556,654.612
2242,4.436,654.556,654.613
2243,4.436,654.556,654.613
2244,4.436,654.557,654.613
2245,4.436,654.557,654.613
2246,4.436,654.557,654.613
2247,4.435,654.557,654.613
2248,4.435,654.557,654.613
2249,4.435,654.557,654.613
2250,4.435,654.557,654.613
2251,4.435,654.557,654.613
2252,4.435,654.557,654.613
2253,4.434,654.557,654.613
2254,4.434,654.558,654.613
2255,4.434,654.558,654.613
2256,4.434,654.558,654.613
2257,4.434,654.558,654.613
2258,4.434,654.558,654.614
2259,4.433,654.558,654.614
2260,4.433,654.558,654.614
2261,4.433,654.558,654.614
2262,4.433,654.558,654.614
2263,4.433,654.559,654.614
2264,4.432,654.559,654.614
2265,4.432,654.559,654.614
2266,4.432,654.559,654.614
2267,4.432,654.559,654.614
2268,4.432,654.559,654.614
2269,4.432,654.559,654.614
2270,4.431,654.559,654.614
2271,4.431,654.559,654.614
2272,4.431,654.559,654.614
2273,4.431,654.560,654.615
2274,4.431,654.560,654.615
2275,4.431,654.560,654.615
2276,4.430,654.560,654.615
2277,4.430,654.560,654.615
2278,4.430,654.560,654.615
2279,4.430,654.560,654.615
2280,4.430,654.560,654.615
2281,4.430,654.560,654.615
2282,4.429,654.560,654.615
2283,4.429,654.560,654.615
2284,4.429,654.561,654.615
2285,4.429,654.561,654.615
2286,4.429,654.561,654.615
2287,4.429,654.561,654.615
2288,4.428,654.561,654.615
2289,4.428,654.561,654.615
2290,4.428,654.561,654.615
2291,4.428,654.561,654.616
2292,4.428,654.561,654.616
2293,4.428,654.561,654.616
2294,4.427,654.562,654.616
2295,4.427,654.562,654.616
2296,4.427,654.562,654.616
2297,4.427,654.562,654.616
2298,4.427,654.562,654.616
2299,4.427,654.562,654.616
2300,4.426,654.562,654.616
2301,4.426,654.562,654.616
2302,4.426,654.562,654.616
2303,4.426,654.562,654.616
2304,4.426,654.563,654.616
2305,4.426,654.563,654.616
2306,4.425,654.563,654.616
2307,4.425,654.563,654.617
2308,4.425,654.563,654.616
2309,4.425,654.563,654.617
2310,4.425,654.563,654.617
2311,4.425,654.563,654.617
2312,4.424,654.563,654.617
2313,4.424,654.563,654.617
2314,4.424,654.564,654.617
2315,4.424,654.564,654.617
2316,4.424,654.564,654.617
2317,4.424,654.564,654.617
2318,4.423,654.564,654.617
2319,4.423,654.564,654.617
2320,4.423,654.564,654.617
2321,4.423,654.564,654.617
2322,4.423,654.564,654.617
2323,4.423,654.564,654.617
2324,4.423,654.564,654.617
2325,4.422,654.565,654.618
2326,4.422,654.565,654.618
2327,4.422,654.565,654.618
2328,4.422,654.565,654.618
2329,4.422,654.565,654.618
2330,4.422,654.565,654.618
2331,4.421,654.565,654.618
2332,4.421,654.565,654.618
2333,4.421,654.565,654.618
2334,4.421,654.565,654.618
2335,4.421,654.565,654.618
2336,4.421,654.566,654.618
2337,4.420,654.566,654.618
2338,4.420,654.566,654.618
2339,4.420,654.566,654.618
2340,4.420,654.566,654.618
2341,4.420,654.566,654.618
2342,4.420,654.566,654.618
2343,4.419,654.566,654.618
2344,4.419,654.566,654.619
2345,4.419,654.566,654.619
2346,4.419,654.566,654.619
2347,4.419,654.567,654.619
2348,4.419,654.567,654.619
2349,4.419,654.567,654.619
2350,4.418,654.567,654.619
2351,4.418,654.567,654.619
2352,4.418,654.567,654.619
2353,4.418,654.567,654.619
2354,4.418,654.567,654.619
2355,4.418,654.567,654.619
2356,4.417,654.567,654.619
2357,4.417,654.567,654.619
2358,4.417,654.568,654.619
2359,4.417,654.568,654.619
2360,4.417,654.568,654.619
2361,4.417,654.568,654.620
2362,4.416,654.568,654.619
2363,4.416,654.568,654.620
2364,4.416,654.568,654.620
2365,4.416,654.568,654.620
2366,4.416,654.568,654.620
2367,4.416,654.568,654.620
2368,4.416,654.568,654.620
2369,4.415,654.568,654.620
2370,4.415,654.569,654.620
2371,4.415,654.569,654.620
2372,4.415,654.569,654.620
2373,4.415,654.569,654.620
2374,4.415,654.569,654.620
2375,4.414,654.569,654.620
2376,4.414,654.569,654.620
2377,4.414,654.569,654.620
2378,4.414,654.569,654.620
2379,4.414,654.569,654.620
2380,4.414,654.569,654.621
2381,4.413,654.570,654.621
2382,4.413,654.570,654.621
2383,4.413,654.570,654.621
2384,4.413,654.570,654.621
2385,4.413,654.570,654.621
2386,4.413,654.570,654.621
2387,4.413,654.570,654.621
2388,4.412,654.570,654.621
2389,4.412,654.570,654.621
2390,4.412,654.570,654.621
2391,4.412,654.570,654.621
2392,4.412,654.571,654.621
2393,4.412,654.571,654.621
2394,4.411,654.571,654.621
2395,4.411,654.571,654.621
2396,4.411,654.571,654.621
2397,4.411,654.571,654.621
2398,4.411,654.571,654.621
2399,4.411,654.571,654.621
2400,4.411,654.571,654.622
2401,4.410,654.571,654.622
2402,4.410,654.571,654.622
2403,4.410,654.571,654.622
2404,4.410,654.572,654.622
2405,4.410,654.572,654.622
2406,4.410,654.572,654.622
2407,4.409,654.572,654.622
2408,4.409,654.572,654.622
2409,4.409,654.572,654.622
2410,4.409,654.572,654.622
2411,4.409,654.572,654.622
2412,4.409,654.572,654.622
2413,4.409,654.572,654.622
2414,4.408,654.572,654.622
2415,4.408,654.572,654.622
2416,4.408,654.573,654.622
2417,4.408,654.573,654.622
2418,4.408,654.573,654.622
2419,4.408,654.573,654.622
2420,4.407,654.573,654.623
2421,4.407,654.573,654.623
2422,4.407,654.573,654.623
2423,4.407,654.573,654.623
2424,4.407,654.573,654.623
2425,4.407,654.573,654.623
2426,4.407,654.573,654.623
2427,4.406,654.573,654.623
2428,4.406,654.574,654.623
2429,4.406,654.574,654.623
2430,4.406,654.574,654.623
2431,4.406,654.574,654.623
2432,4.406,654.574,654.623
2433,4.406,654.574,654.623
2434,4.405,654.574,654.623
2435,4.405,654.574,654.623
2436,4.405,654.574,654.623
2437,4.405,654.574,654.623
2438,4.405,654.574,654.623
2439,4.405,654.574,654.623
2440,4.404,654.575,654.624
2441,4.404,654.575,654.624
2442,4.404,654.575,654.624
2443,4.404,654.575,654.624
2444,4.404,654.575,654.624
2445,4.404,654.575,654.624
2446,4.404,654.575,654.624
2447,4.403,654.575,654.624
2448,4.403,654.575,654.624
2449,4.403,654.575,654.624
2450,4.403,654.575,654.624
2451,4.403,654.575,654.624
2452,4.403,654.575,654.624
2453,4.403,654.576,654.624
2454,4.402,654.576,654.624
2455,4.402,654.576,654.624
2456,4.402,654.576,654.624
2457,4.402,654.576,654.624
2458,4.402,654.576,654.624
2459,4.402,654.576,654.624
2460,4.402,654.576,654.624
2461,4.401,654.576,654.625
2462,4.401,654.576,654.625
2463,4.401,654.576,654.625
2464,4.401,654.576,654.625
2465,4.401,654.577,654.625
2466,4.401,654.577,654.625
2467,4.401,654.577,654.625
2468,4.400,654.577,654.625
2469,4.400,654.577,654.625
2470,4.400,654.577,654.625
2471,4.400,654.577,654.625
2472,4.400,654.577,654.625
2473,4.400,654.577,654.625
2474,4.399,654.577,654.625
2475,4.399,654.577,654.625
2476,4.399,654.577,654.625
2477,4.399,654.577,654.625
2478,4.399,654.578,654.625
2479,4.399,654.578,654.625
2480,4.399,654.578,654.625
2481,4.398,654.578,654.625
2482,4.398,654.578,654.626
2483,4.398,654.578,654.626
2484,4.398,654.578,654.626
2485,4.398,654.578,654.626
2486,4.398,654.578,654.626
2487,4.398,654.578,654.626
2488,4.397,654.578,654.626
2489,4.397,654.578,654.626
2490,4.397,654.578,654.626
2491,4.397,654.579,654.626
2492,4.397,654.579,654.626
2493,4.397,654.579,654.626
2494,4.397,654.579,654.626
2495,4.396,654.579,654.626
2496,4.396,654.579,654.626
2497,4.396,654.579,654.626
2498,4.396,654.579,654.626
2499,4.396,654.579,654.626
2500,4.396,654.579,654.626
2501,4.396,654.579,654.626
2502,4.395,654.579,654.626
2503,4.395,654.579,654.626
2504,4.395,654.580,654.627
2505,4.395,654.580,654.627
2506,4.395,654.580,654.627
2507,4.395,654.580,654.627
2508,4.395,654.580,654.627
2509,4.394,654.580,654.627
2510,4.394,654.580,654.627
2511,4.394,654.580,654.627
2512,4.394,654.580,654.627
2513,4.394,654.580,654.627
2514,4.394,654.580,654.627
2515,4.394,654.580,654.627
2516,4.393,654.580,654.627
2517,4.393,654.580,654.627
2518,4.393,654.581,654.627
2519,4.393,654.581,654.627
2520,4.393,654.581,654.627
2521,4.393,654.581,654.627
2522,4.393,654.581,654.627
2523,4.392,654.581,654.627
2524,4.392,654.581,654.627
2525,4.392,654.581,654.627
2526,4.392,654.581,654.628
2527,4.392,654.581,654.628
2528,4.392,654.581,654.628
2529,4.392,654.581,654.628
2530,4.391,654.581,654.628
2531,4.391,654.581,654.628
2532,4.391,654.582,654.628
2533,4.391,654.582,654.628
2534,4.391,654.582,654.628
2535,4.391,654.582,654.628
2536,4.391,654.582,654.628
2537,4.391,654.582,654.628
2538,4.390,654.582,654.628
2539,4.390,654.582,654.628
2540,4.390,654.582,654.628
2541,4.390,654.582,654.628
2542,4.390,654.582,654.628
2543,4.390,654.582,654.628
2544,4.390,654.582,654.628
2545,4.389,654.582,654.628
2546,4.389,654.583,654.628
2547,4.389,654.583,654.628
2548,4.389,654.583,654.629
2549,4.389,654.583,654.629
2550,4.389,654.583,654.629
2551,4.389,654.583,654.629
2552,4.388,654.583,654.629
2553,4.388,654.583,654.629
2554,4.388,654.583,654.629
2555,4.388,654.583,654.629
2556,4.388,654.583,654.629
2557,4.388,654.583,654.629
2558,4.388,654.583,654.629
2559,4.387,654.583,654.629
2560,4.387,654.584,654.629
2561,4.387,654.584,654.629
2562,4.387,654.584,654.629
2563,4.387,654.584,654.629
2564,4.387,654.584,654.629
2565,4.387,654.584,654.629
2566,4.387,654.584,654.629
2567,4.386,654.584,654.629
2568,4.386,654.584,654.629
2569,4.386,654.584,654.629
2570,4.386,654.584,654.629
2571,4.386,654.584,654.630
2572,4.386,654.584,654.630
2573,4.386,654.584,654.630
2574,4.385,654.585,654.630
2575,4.385,654.585,654.630
2576,4.385,654.585,654.630
2577,4.385,654.585,654.630
2578,4.385,654.585,654.630
2579,4.385,654.585,654.630
2580,4.385,654.585,654.630
2581,4.384,654.585,654.630
2582,4.384,654.585,654.630
2583,4.384,654.585,654.630
2584,4.384,654.585,654.630
2585,4.384,654.585,654.630
2586,4.384,654.585,654.630
2587,4.384,654.585,654.630
2588,4.384,654.585,654.630
2589,4.383,654.586,654.630
2590,4.383,654.586,654.630
2591,4.383,654.586,654.630
2592,4.383,654.586,654.630
2593,4.383,654.586,654.630
2594,4.383,654.586,654.630
2595,4.383,654.586,654.630
2596,4.382,654.586,654.630
2597,4.382,654.586,654.631
2598,4.382,654.586,654.631
2599,4.382,654.586,654.631
2600,4.382,654.586,654.631
2601,4.382,654.586,654.631
2602,4.382,654.586,654.631
2603,4.382,654.587,654.631
2604,4.381,654.587,654.631
2605,4.381,654.587,654.631
2606,4.381,654.587,654.631
2607,4.381,654.587,654.631
2608,4.381,654.587,654.631
2609,4.381,654.587,654.631
2610,4.381,654.587,654.631
2611,4.380,654.587,654.631
2612,4.380,654.587,654.631
2613,4.380,654.587,654.631
2614,4.380,654.587,654.631
2615,4.380,654.587,654.631
2616,4.380,654.587,654.631
2617,4.380,654.587,654.631
2618,4.380,654.588,654.631
2619,4.379,654.588,654.631
2620,4.379,654.588,654.632
2621,4.379,654.588,654.632
2622,4.379,654.588,654.632
2623,4.379,654.588,654.632
2624,4.379,654.588,654.632
2625,4.379,654.588,654.632
2626,4.378,654.588,654.632
2627,4.378,654.588,654.632
2628,4.378,654.588,654.632
2629,4.378,654.588,654.632
2630,4.378,654.588,654.632
2631,4.378,654.588,654.632
2632,4.378,654.588,654.632
2633,4.378,654.588,654.632
2634,4.377,654.589,654.632
2635,4.377,654.589,654.632
2636,4.377,654.589,654.632
2637,4.377,654.589,654.632
2638,4.377,654.589,654.632
2639,4.377,654.589,654.632
2640,4.377,654.589,654.632
2641,4.377,654.589,654.632
2642,4.376,654.589,654.632
2643,4.376,654.589,654.632
2644,4.376,654.589,654.632
2645,4.376,654.589,654.632
2646,4.376,654.589,654.632
2647,4.376,654.589,654.632
2648,4.376,654.589,654.633
2649,4.375,654.590,654.633
2650,4.375,654.590,654.633
2651,4.375,654.590,654.633
2652,4.375,654.590,654.633
2653,4.375,654.590,654.633
2654,4.375,654.590,654.633
2655,4.375,654.590,654.633
2656,4.375,654.590,654.633
2657,4.374,654.590,654.633
2658,4.374,654.590,654.633
2659,4.374,654.590,654.633
2660,4.374,654.590,654.633
2661,4.374,654.590,654.633
2662,4.374,654.590,654.633
2663,4.374,654.590,654.633
2664,4.374,654.590,654.633
2665,4.373,654.591,654.633
2666,4.373,654.591,654.633
2667,4.373,654.591,654.633
2668,4.373,654.591,654.633
2669,4.373,654.591,654.633
2670,4.373,654.591,654.633
2671,4.373,654.591,654.633
2672,4.373,654.591,654.634
2673,4.372,654.591,654.634
2674,4.372,654.591,654.634
2675,4.372,654.591,654.634
2676,4.372,654.591,654.634
2677,4.372,654.591,654.634
2678,4.372,654.591,654.634
2679,4.372,654.591,654.634
2680,4.371,654.591,654.634
2681,4.371,654.592,654.634
2682,4.371,654.592,654.634
2683,4.371,654.592,654.634
2684,4.371,654.592,654.634
2685,4.371,654.592,654.634
2686,4.371,654.592,654.634
2687,4.371,654.592,654.634
2688,4.370,654.592,654.634
2689,4.370,654.592,654.634
2690,4.370,654.592,654.634
2691,4.370,654.592,654.634
2692,4.370,654.592,654.634
2693,4.370,654.592,654.634
2694,4.370,654.592,654.634
2695,4.370,654.592,654.634
2696,4.369,654.592,654.634
2697,4.369,654.592,654.634
2698,4.369,654.593,654.634
2699,4.369,654.593,654.634
2700,4.369,654.593,654.635
2701,4.369,654.593,654.635
2702,4.369,654.593,654.635
2703,4.369,654.593,654.635
2704,4.368,654.593,654.635
2705,4.368,654.593,654.635
2706,4.368,654.593,654.635
2707,4.368,654.593,654.635
2708,4.368,654.593,654.635
2709,4.368,654.593,654.635
2710,4.368,654.593,654.635
2711,4.368,654.593,654.635
2712,4.367,654.593,654.635
2713,4.367,654.593,654.635
2714,4.367,654.594,654.635
2715,4.367,654.594,654.635
2716,4.367,654.594,654.635
2717,4.367,654.594,654.635
2718,4.367,654.594,654.635
2719,4.367,654.594,654.635
2720,4.366,654.594,654.635
2721,4.366,654.594,654.635
2722,4.366,654.594,654.635
2723,4.366,654.594,654.635
2724,4.366,654.594,654.635
2725,4.366,654.594,654.635
2726,4.366,654.594,654.635
2727,4.366,654.594,654.635
2728,4.365,654.594,654.635
2729,4.365,654.594,654.636
2730,4.365,654.594,654.636
2731,4.365,654.595,654.636
2732,4.365,654.595,654.636
2733,4.365,654.595,654.636
2734,4.365,654.595,654.636
2735,4.365,654.595,654.636
2736,4.364,654.595,654.636
2737,4.364,654.595,654.636
2738,4.364,654.595,654.636
2739,4.364,654.595,654.636
2740,4.364,654.595,654.636
2741,4.364,654.595,654.636
2742,4.364,654.595,654.636
2743,4.364,654.595,654.636
2744,4.364,654.595,654.636
2745,4.363,654.595,654.636
2746,4.363,654.595,654.636
2747,4.363,654.595,654.636
2748,4.363,654.596,654.636
2749,4.363,654.596,654.636
2750,4.363,654.596,654.636
2751,4.363,654.596,654.636
2752,4.363,654.596,654.636
2753,4.362,654.596,654.636
2754,4.362,654.596,654.636
2755,4.362,654.596,654.637
2756,4.362,654.596,654.636
2757,4.362,654.596,654.636
2758,4.362,654.596,654.637
2759,4.362,654.596,654.637
2760,4.362,654.596,654.637
2761,4.361,654.596,654.637
2762,4.361,654.596,654.637
2763,4.361,654.596,654.637
2764,4.361,654.596,654.637
2765,4.361,654.596,654.637
2766,4.361,654.597,654.637
2767,4.361,654.597,654.637
2768,4.361,654.597,654.637
2769,4.360,654.597,654.637
2770,4.360,654.597,654.637
2771,4.360,654.597,654.637
2772,4.360,654.597,654.637
2773,4.360,654.597,654.637
2774,4.360,654.597,654.637
2775,4.360,654.597,654.637
2776,4.360,654.597,654.637
2777,4.360,654.597,654.637
2778,4.359,654.597,654.637
2779,4.359,654.597,654.637
2780,4.359,654.597,654.637
2781,4.359,654.597,654.637
2782,4.359,654.597,654.637
2783,4.359,654.597,654.637
2784,4.359,654.598,654.637
2785,4.359,654.598,654.638
2786,4.358,654.598,654.637
2787,4.358,654.598,654.638
2788,4.358,654.598,654.638
2789,4.358,654.598,654.638
2790,4.358,654.598,654.638
2791,4.358,654.598,654.638
2792,4.358,654.598,654.638
2793,4.358,654.598,654.638
2794,4.357,654.598,654.638
2795,4.357,654.598,654.638
2796,4.357,654.598,654.638
2797,4.357,654.598,654.638
2798,4.357,654.598,654.638
2799,4.357,654.598,654.638
2800,4.357,654.598,654.638
2801,4.357,654.598,654.638
2802,4.357,654.599,654.638
2803,4.356,654.599,654.638
2804,4.356,654.599,654.638
2805,4.356,654.599,654.638
2806,4.356,654.599,654.638
2807,4.356,654.599,654.638
2808,4.356,654.599,654.638
2809,4.356,654.599,654.638
2810,4.356,654.599,654.638
2811,4.355,654.599,654.638
2812,4.355,654.599,654.638
2813,4.355,654.599,654.638
2814,4.355,654.599,654.638
2815,4.355,654.599,654.639
2816,4.355,654.599,654.639
2817,4.355,654.599,654.638
2818,4.355,654.599,654.639
2819,4.355,654.599,654.639
2820,4.354,654.599,654.639
2821,4.354,654.600,654.639
2822,4.354,654.600,654.639
2823,4.354,654.600,654.639
2824,4.354,654.600,654.639
2825,4.354,654.600,654.639
2826,4.354,654.600,654.639
2827,4.354,654.600,654.639
2828,4.354,654.600,654.639
2829,4.353,654.600,654.639
2830,4.353,654.600,654.639
2831,4.353,654.600,654.639
2832,4.353,654.600,654.639
2833,4.353,654.600,654.639
2834,4.353,654.600,654.639
2835,4.353,654.600,654.639
2836,4.353,654.600,654.639
2837,4.352,654.600,654.639
2838,4.352,654.600,654.639
2839,4.352,654.600,654.639
2840,4.352,654.601,654.639
2841,4.352,654.601,654.639
2842,4.352,654.601,654.639
2843,4.352,654.601,654.639
2844,4.352,654.601,654.639
2845,4.352,654.601,654.639
2846,4.351,654.601,654.639
2847,4.351,654.601,654.639
2848,4.351,654.601,654.639
2849,4.351,654.601,654.640
2850,4.351,654.601,654.640
2851,4.351,654.601,654.640
2852,4.351,654.601,654.640
2853,4.351,654.601,654.640
2854,4.351,654.601,654.640
2855,4.350,654.601,654.640
2856,4.350,654.601,654.640
2857,4.350,654.601,654.640
2858,4.350,654.601,654.640
2859,4.350,654.602,654.640
2860,4.350,654.602,654.640
2861,4.350,654.602,654.640
2862,4.350,654.602,654.640
2863,4.349,654.602,654.640
2864,4.349,654.602,654.640
2865,4.349,654.602,654.640
2866,4.349,654.602,654.640
2867,4.349,654.602,654.640
2868,4.349,654.602,654.640
2869,4.349,654.602,654.640
2870,4.349,654.602,654.640
2871,4.349,654.602,654.640
2872,4.348,654.602,654.640
2873,4.348,654.602,654.640
2874,4.348,654.602,654.640
2875,4.348,654.602,654.640
2876,4.348,654.602,654.640
2877,4.348,654.602,654.640
2878,4.348,654.602,654.640
2879,4.348,654.603,654.640
2880,4.348,654.603,654.640
2881,4.347,654.603,654.641
2882,4.347,654.603,654.641
2883,4.347,654.603,654.641
2884,4.347,654.603,654.641
2885,4.347,654.603,654.641
2886,4.347,654.603,654.641
2887,4.347,654.603,654.641
2888,4.347,654.603,654.641
2889,4.347,654.603,654.641
2890,4.346,654.603,654.641
2891,4.346,654.603,654.641
2892,4.346,654.603,654.641
2893,4.346,654.603,654.641
2894,4.346,654.603,654.641
2895,4.346,654.603,654.641
2896,4.346,654.603,654.641
2897,4.346,654.603,654.641
2898,4.346,654.603,654.641
2899,4.345,654.604,654.641
2900,4.345,654.604,654.641
2901,4.345,654.604,654.641
2902,4.345,654.604,654.641
2903,4.345,654.604,654.641
2904,4.345,654.604,654.641
2905,4.345,654.604,654.641
2906,4.345,654.604,654.641
2907,4.345,654.604,654.641
2908,4.344,654.604,654.641
2909,4.344,654.604,654.641
2910,4.344,654.604,654.641
2911,4.344,654.604,654.641
2912,4.344,654.604,654.641
2913,4.344,654.604,654.642
2914,4.344,654.604,654.642
2915,4.344,654.604,654.642
2916,4.344,654.604,654.642
2917,4.343,654.604,654.642
2918,4.343,654.604,654.642
2919,4.343,654.605,654.642
2920,4.343,654.605,654.642
2921,4.343,654.605,654.642
2922,4.343,654.605,654.642
2923,4.343,654.605,654.642
2924,4.343,654.605,654.642
2925,4.343,654.605,654.642
2926,4.342,654.605,654.642
2927,4.342,654.605,654.642
2928,4.342,654.605,654.642
2929,4.342,654.605,654.642
2930,4.342,654.605,654.642
2931,4.342,654.605,654.642
2932,4.342,654.605,654.642
2933,4.342,654.605,654.642
2934,4.342,654.605,654.642
2935,4.341,654.605,654.642
2936,4.341,654.605,654.642
2937,4.341,654.605,654.642
2938,4.341,654.605,654.642
2939,4.341,654.605,654.642
2940,4.341,654.606,654.642
2941,4.341,654.606,654.642
2942,4.341,654.606,654.642
2943,4.341,654.606,654.642
2944,4.340,654.606,654.642
2945,4.340,654.606,654.642
2946,4.340,654.606,654.642
2947,4.340,654.606,654.643
2948,4.340,654.606,654.642
2949,4.340,654.606,654.643
2950,4.340,654.606,654.643
2951,4.340,654.606,654.643
2952,4.340,654.606,654.643
2953,4.339,654.606,654.643
2954,4.339,654.606,654.643
2955,4.339,654.606,654.643
2956,4.339,654.606,654.643
2957,4.339,654.606,654.643
2958,4.339,654.606,654.643
2959,4.339,654.606,654.643
2960,4.339,654.606,654.643
2961,4.339,654.607,654.643
2962,4.339,654.607,654.643
2963,4.338,654.607,654.643
2964,4.338,654.607,654.643
2965,4.338,654.607,654.643
2966,4.338,654.607,654.643
2967,4.338,654.607,654.643
2968,4.338,654.607,654.643
2969,4.338,654.607,654.643
2970,4.338,654.607,654.643
2971,4.338,654.607,654.643
2972,4.337,654.607,654.643
2973,4.337,654.607,654.643
2974,4.337,654.607,654.643
2975,4.337,654.607,654.643
2976,4.337,654.607,654.643
2977,4.337,654.607,654.643
2978,4.337,654.607,654.643
2979,4.337,654.607,654.643
2980,4.337,654.607,654.643
2981,4.336,654.607,654.643
2982,4.336,654.607,654.643
2983,4.336,654.608,654.644
2984,4.336,654.608,654.644
2985,4.336,654.608,654.644
2986,4.336,654.608,654.644
2987,4.336,654.608,654.644
2988,4.336,654.608,654.644
2989,4.336,654.608,654.644
2990,4.336,654.608,654.644
2991,4.335,654.608,654.644
2992,4.335,654.608,654.644
2993,4.335,654.608,654.644
2994,4.335,654.608,654.644
2995,4.335,654.608,654.644
2996,4.335,654.608,654.644
2997,4.335,654.608,654.644
2998,4.335,654.608,654.644
2999,4.335,654.608,654.644
3000,4.334,654.608,654.644
3001,4.334,654.608,654.644
3002,4.334,654.608,654.644
3003,4.334,654.608,654.644
3004,4.334,654.608,654.644
3005,4.334,654.608,654.644
3006,4.334,654.608,654.644
3007,4.334,654.608,654.644
3008,4.334,654.608,654.644
3009,4.334,654.608,654.644
3010,4.334,654.608,654.644
3011,4.334,654.608,654.644
3012,4.334,654.608,654.644
3013,4.334,654.608,654.644
3014,4.334,654.608,654.644
3015,4.334,654.608,654.644
3016,4.334,654.608,654.644
3017,4.334,654.608,654.644
3018,4.334,654.608,654.644
3019,4.334,654.608,654.644
3020,4.334,654.608,654.644
3021,4.334,654.608,654.644
3022,4.334,654.608,654.644
3023,4.334,654.608,654.644
3024,4.334,654.608,654.644
3025,4.334,654.608,654.644
3026,4.334,654.608,654.644
3027,4.334,654.608,654.644
3028,4.334,654.608,654.644
3029,4.334,654.608,654.644
3030,4.334,654.608,654.644
3031,4.334,654.608,654.644
3032,4.334,654.608,654.644
3033,4.334,654.608,654.644
3034,4.334,654.608,654.644
3035,4.334,654.608,654.644
3036,4.334,654.608,654.644
3037,4.334,654.608,654.644
3038,4.334,654.608,654.644
3039,4.334,654.608,654.644
3040,4.334,654.608,654.644
3041,4.334,654.608,654.644
3042,4.334,654.608,654.644
3043,4.334,654.608,654.644
3044,4.334,654.608,654.644
3045,4.334,654.608,654.644
3046,4.334,654.608,654.644
3047,4.334,654.608,654.644
3048,4.334,654.608,654.644
3049,4.334,654.608,654.644
3050,4.334,654.608,654.644
3051,4.334,654.608,654.644
3052,4.334,654.608,654.644
3053,4.334,654.608,654.644
3054,4.334,654.608,654.644
3055,4.334,654.608,654.644
3056,4.334,654.608,654.644
3057,4.334,654.608,654.644
3058,4.334,654.608,654.644
3059,4.334,654.608,654.644
3060,4.334,654.608,654.644
3061,4.334,654.608,654.644
3062,4.334,654.608,654.644
3063,4.334,654.608,654.644
3064,4.334,654.608,654.644
3065,4.334,654.608,654.644
3066,4.334,654.608,654.644
3067,4.334,654.608,654.644
3068,4.334,654.608,654.644
3069,4.334,654.608,654.644
3070,4.334,654.608,654.644
3071,4.334,654.608,654.644
3072,4.334,654.608,654.644
3073,4.334,654.608,654.644
3074,4.334,654.608,654.644
3075,4.334,654.608,654.644
3076,4.334,654.608,654.644
3077,4.334,654.608,654.644
3078,4.334,654.608,654.644
3079,4.334,654.608,654.644
3080,4.334,654.608,654.644
3081,4.334,654.608,654.644
3082,4.334,654.608,654.644
3083,4.334,654.608,654.644
3084,4.334,654.608,654.644
3085,4.334,654.608,654.644
3086,4.334,654.608,654.644
3087,4.334,654.608,654.644
3088,4.334,654.608,654.644
3089,4.334,654.608,654.644
3090,4.334,654.608,654.644
3091,4.334,654.608,654.644
3092,4.334,654.608,654.644
3093,4.334,654.608,654.644
3094,4.334,654.608,654.644
3095,4.334,654.608,654.644
3096,4.334,654.608,654.644
3097,4.334,654.608,654.644
3098,4.334,654.608,654.644
3099,4.334,654.608,654.644
3100,4.334,654.608,654.644
3101,4.334,654.608,654.644
3102,4.334,654.608,654.644
3103,4.334,654.608,654.644
3104,4.334,654.608,654.644
3105,4.334,654.608,654.644
3106,4.334,654.608,654.644
3107,4.334,654.608,654.644
3108,4.334,654.608,654.644
3109,4.334,654.608,654.644
3110,4.334,654.608,654.644
3111,4.334,654.608,654.644
3112,4.334,654.608,654.644
3113,4.334,654.608,654.644
3114,4.334,654.608,654.644
3115,4.334,654.608,654.644
3116,4.334,654.608,654.644
3117,4.334,654.608,654.644
3118,4.334,654.608,654.644
3119,4.334,654.608,654.644
3120,4.334,654.608,654.644
3121,4.334,654.608,654.644
3122,4.334,654.608,654.644
3123,4.334,654.608,654.644
3124,4.334,654.608,654.644
3125,4.334,654.608,654.644
3126,4.334,654.608,654.644
3127,4.334,654.608,654.644
3128,4.334,654.608,654.644
3129,4.334,654.608,654.644
3130,4.334,654.608,654.644
3131,4.334,654.608,654.644
3132,4.334,654.608,654.644
3133,4.334,654.608,654.644
3134,4.334,654.608,654.644
3135,4.334,654.608,654.644
3136,4.334,654.608,654.644
3137,4.334,654.608,654.644
3138,4.334,654.608,654.644
3139,4.334,654.608,654.644
3140,4.334,654.608,654.644
3141,4.334,654.608,654.644
3142,4.334,654.608,654.644
3143,4.334,654.608,654.644
3144,4.334,654.608,654.644
3145,4.334,654.608,654.644
3146,4.334,654.608,654.644
3147,4.334,654.608,654.644
3148,4.334,654.608,654.644
3149,4.334,654.608,654.644
3150,4.334,654.608,654.644
3151,4.334,654.608,654.644
3152,4.334,654.608,654.644
3153,4.334,654.608,654.644
3154,4.334,654.608,654.644
3155,4.334,654.608,654.644
3156,4.334,654.608,654.644
3157,4.334,654.608,654.644
3158,4.334,654.608,654.644
3159,4.334,654.608,654.644
3160,4.334,654.608,654.644
3161,4.334,654.608,654.644
3162,4.334,654.608,654.644
3163,4.334,654.608,654.644
3164,4.334,654.608,654.644
3165,4.334,654.608,654.644
3166,4.334,654.608,654.644
3167,4.334,654.608,654.644
3168,4.334,654.608,654.644
3169,4.334,654.608,654.644
3170,4.334,654.608,654.644
3171,4.334,654.608,654.644
3172,4.334,654.608,654.644
3173,4.334,654.608,654.644
3174,4.334,654.608,654.644
3175,4.334,654.608,654.644
3176,4.334,654.608,654.644
3177,4.334,654.608,654.644
3178,4.334,654.608,654.644
3179,4.334,654.608,654.644
3180,4.334,654.608,654.644
3181,4.334,654.608,654.644
3182,4.334,654.608,654.644
3183,4.334,654.608,654.644
3184,4.334,654.608,654.644
3185,4.334,654.608,654.644
3186,4.334,654.608,654.644
3187,4.334,654.608,654.644
3188,4.334,654.608,654.644
3189,4.334,654.608,654.644
3190,4.334,654.608,654.644
3191,4.334,654.608,654.644
3192,4.334,654.608,654.644
3193,4.334,654.608,654.644
3194,4.334,654.608,654.644
3195,4.334,654.608,654.644
3196,4.334,654.608,654.644
3197,4.334,654.608,654.644
3198,4.334,654.608,654.644
3199,4.334,654.608,654.644
3200,4.334,654.608,654.644
3201,4.334,654.608,654.644
3202,4.334,654.608,654.644
3203,4.334,654.608,654.644
3204,4.334,654.608,654.644
3205,4.334,654.608,654.644
3206,4.334,654.608,654.644
3207,4.334,654.608,654.644
3208,4.334,654.608,654.644
3209,4.334,654.608,654.644
3210,4.334,654.608,654.644
3211,4.334,654.608,654.644
3212,4.334,654.608,654.644
3213,4.334,654.608,654.644
3214,4.334,654.608,654.644
3215,4.334,654.608,654.644
3216,4.334,654.608,654.644
3217,4.334,654.608,654.644
3218,4.334,654.608,654.644
3219,4.334,654.608,654.644
3220,4.334,654.608,654.644
3221,4.334,654.608,654.644
3222,4.334,654.608,654.644
3223,4.334,654.608,654.644
3224,4.334,654.608,654.644
3225,4.334,654.608,654.644
3226,4.334,654.608,654.644
3227,4.334,654.608,654.644
3228,4.334,654.608,654.644
3229,4.334,654.608,654.644
3230,4.334,654.608,654.644
3231,4.334,654.608,654.644
3232,4.334,654.608,654.644
3233,4.334,654.608,654.644
3234,4.334,654.608,654.644
3235,4.334,654.608,654.644
3236,4.334,654.608,654.644
3237,4.334,654.608,654.644
3238,4.334,654.608,654.644
3239,4.334,654.608,654.644
3240,4.334,654.608,654.644
3241,4.334,654.608,654.644
3242,4.334,654.608,654.644
3243,4.334,654.608,654.644
3244,4.334,654.608,654.644
3245,4.334,654.608,654.644
3246,4.334,654.608,654.644
3247,4.334,654.608,654.644
3248,4.334,654.608,654.644
3249,4.334,654.608,654.644
3250,4.334,654.608,654.644
3251,4.334,654.608,654.644
3252,4.334,654.608,654.644
3253,4.334,654.608,654.644
3254,4.334,654.608,654.644
3255,4.334,654.608,654.644
3256,4.334,654.608,654.644
3257,4.334,654.608,654.644
3258,4.334,654.608,654.644
3259,4.334,654.608,654.644
3260,4.334,654.608,654.644
3261,4.334,654.608,654.644
3262,4.334,654.608,654.644
3263,4.334,654.608,654.644
3264,4.334,654.608,654.644
3265,4.334,654.608,654.644
3266,4.334,654.608,654.644
3267,4.334,654.608,654.644
3268,4.334,654.608,654.644
3269,4.334,654.608,654.644
3270,4.334,654.608,654.644
3271,4.334,654.608,654.644
3272,4.334,654.608,654.644
3273,4.334,654.608,654.644
3274,4.334,654.608,654.644
3275,4.334,654.608,654.644
3276,4.334,654.608,654.644
3277,4.334,654.608,654.644
3278,4.334,654.608,654.644
3279,4.334,654.608,654.644
3280,4.334,654.608,654.644
3281,4.334,654.608,654.644
3282,4.334,654.608,654.644
3283,4.334,654.608,654.644
3284,4.334,654.608,654.644
3285,4.334,654.608,654.644
3286,4.334,654.608,654.644
3287,4.334,654.608,654.644
3288,4.334,654.608,654.644
3289,4.334,654.608,654.644
3290,4.334,654.608,654.644
3291,4.334,654.608,654.644
3292,4.334,654.608,654.644
3293,4.334,654.608,654.644
3294,4.334,654.608,654.644
3295,4.334,654.608,654.644
3296,4.334,654.608,654.644
3297,4.334,654.608,654.644
3298,4.334,654.608,654.644
3299,4.334,654.608,654.644
3300,4.334,654.608,654.644
3301,4.334,654.608,654.644
3302,4.334,654.608,654.644
3303,4.334,654.608,654.644
3304,4.334,654.608,654.644
3305,4.334,654.608,654.644
3306,4.334,654.608,654.644
3307,4.334,654.608,654.644
3308,4.334,654.608,654.644
3309,4.334,654.608,654.644
3310,4.334,654.608,654.644
3311,4.334,654.608,654.644
3312,4.334,654.608,654.644
3313,4.334,654.608,654.644
3314,4.334,654.608,654.644
3315,4.334,654.608,654.644
3316,4.334,654.608,654.644
3317,4.334,654.608,654.644
3318,4.334,654.608,654.644
3319,4.334,654.608,654.644
3320,4.334,654.608,654.644
3321,4.334,654.608,654.644
3322,4.334,654.608,654.644
3323,4.334,654.608,654.644
3324,4.334,654.608,654.644
3325,4.334,654.608,654.644
3326,4.334,654.608,654.644
3327,4.334,654.608,654.644
3328,4.334,654.608,654.644
3329,4.334,654.608,654.644
3330,4.334,654.608,654.644
3331,4.334,654.608,654.644
3332,4.334,654.608,654.644
3333,4.334,654.608,654.644
3334,4.334,654.608,654.644
3335,4.334,654.608,654.644
3336,4.334,654.608,654.644
3337,4.334,654.608,654.644
3338,4.334,654.608,654.644
3339,4.334,654.608,654.644
3340,4.334,654.608,654.644
3341,4.334,654.608,654.644
3342,4.334,654.608,654.644
3343,4.334,654.608,654.644
3344,4.334,654.608,654.644
3345,4.334,654.608,654.644
3346,4.334,654.608,654.644
3347,4.334,654.608,654.644
3348,4.334,654.608,654.644
3349,4.334,654.608,654.644
3350,4.334,654.608,654.644
3351,4.334,654.608,654.644
3352,4.334,654.608,654.644
3353,4.334,654.608,654.644
3354,4.334,654.608,654.644
3355,4.334,654.608,654.644
3356,4.334,654.608,654.644
3357,4.334,654.608,654.644
3358,4.334,654.608,654.644
3359,4.334,654.608,654.644
3360,4.334,654.608,654.644
3361,4.334,654.608,654.644
3362,4.334,654.608,654.644
3363,4.334,654.608,654.644
3364,4.334,654.608,654.644
3365,4.334,654.608,654.644
3366,4.334,654.608,654.644
3367,4.334,654.608,654.644
3368,4.334,654.608,654.644
3369,4.334,654.608,654.644
3370,4.334,654.608,654.644
3371,4.334,654.608,654.644
3372,4.334,654.608,654.644
3373,4.334,654.608,654.644
3374,4.334,654.608,654.644
3375,4.334,654.608,654.644
3376,4.334,654.608,654.644
3377,4.334,654.608,654.644
3378,4.334,654.608,654.644
3379,4.334,654.608,654.644
3380,4.334,654.608,654.644
3381,4.334,654.608,654.644
3382,4.334,654.608,654.644
3383,4.334,654.608,654.644
3384,4.334,654.608,654.644
3385,4.334,654.608,654.644
3386,4.334,654.608,654.644
3387,4.334,654.608,654.644
3388,4.334,654.608,654.644
3389,4.334,654.608,654.644
3390,4.334,654.608,654.644
3391,4.334,654.608,654.644
3392,4.334,654.608,654.644
3393,4.334,654.608,654.644
3394,4.334,654.608,654.644
3395,4.334,654.608,654.644
3396,4.334,654.608,654.644
3397,4.334,654.608,654.644
3398,4.334,654.608,654.644
3399,4.334,654.608,654.644
3400,4.334,654.608,654.644
3401,4.334,654.608,654.644
3402,4.334,654.608,654.644
3403,4.334,654.608,654.644
3404,4.334,654.608,654.644
3405,4.334,654.608,654.644
3406,4.334,654.608,654.644
3407,4.334,654.608,654.644
3408,4.334,654.608,654.644
3409,4.334,654.608,654.644
3410,4.334,654.608,654.644
3411,4.334,654.608,654.644
3412,4.334,654.608,654.644
3413,4.334,654.608,654.644
3414,4.334,654.608,654.644
3415,4.334,654.608,654.644
3416,4.334,654.608,654.644
3417,4.334,654.608,654.644
3418,4.334,654.608,654.644
3419,4.334,654.608,654.644
3420,4.334,654.608,654.644
3421,4.334,654.608,654.644
3422,4.334,654.608,654.644
3423,4.334,654.608,654.644
3424,4.334,654.608,654.644
3425,4.334,654.608,654.644
3426,4.334,654.608,654.644
3427,4.334,654.608,654.644
3428,4.334,654.608,654.644
3429,4.334,654.608,654.644
3430,4.334,654.608,654.644
3431,4.334,654.608,654.644
3432,4.334,654.608,654.644
3433,4.334,654.608,654.644
3434,4.334,654.608,654.644
3435,4.334,654.608,654.644
3436,4.334,654.608,654.644
3437,4.334,654.608,654.644
3438,4.334,654.608,654.644
3439,4.334,654.608,654.644
3440,4.334,654.608,654.644
3441,4.334,654.608,654.644
3442,4.334,654.608,654.644
3443,4.334,654.608,654.644
3444,4.334,654.608,654.644
3445,4.334,654.608,654.644
3446,4.334,654.608,654.644
3447,4.334,654.608,654.644
3448,4.334,654.608,654.644
3449,4.334,654.608,654.644
3450,4.334,654.608,654.644
3451,4.334,654.608,654.644
3452,4.334,654.608,654.644
3453,4.334,654.608,654.644
3454,4.334,654.608,654.644
3455,4.334,654.608,654.644
3456,4.334,654.608,654.644
3457,4.334,654.608,654.644
3458,4.334,654.608,654.644
3459,4.334,654.608,654.644
3460,4.334,654.608,654.644
3461,4.334,654.608,654.644
3462,4.334,654.608,654.644
3463,4.334,654.608,654.644
3464,4.334,654.608,654.644
3465,4.334,654.608,654.644
3466,4.334,654.608,654.644
3467,4.334,654.608,654.644
3468,4.334,654.608,654.644
3469,4.334,654.608,654.644
3470,4.334,654.608,654.644
3471,4.334,654.608,654.644
3472,4.334,654.608,654.644
3473,4.334,654.608,654.644
3474,4.334,654.608,654.644
3475,4.334,654.608,654.644
3476,4.334,654.608,654.644
3477,4.334,654.608,654.644
3478,4.334,654.608,654.644
3479,4.334,654.608,654.644
3480,4.334,654.608,654.644
3481,4.334,654.608,654.644
3482,4.334,654.608,654.644
3483,4.334,654.608,654.644
3484,4.334,654.608,654.644
3485,4.334,654.608,654.644
3486,4.334,654.608,654.644
3487,4.334,654.608,654.644
3488,4.334,654.608,654.644
3489,4.334,654.608,654.644
3490,4.334,654.608,654.644
3491,4.334,654.608,654.644
3492,4.334,654.608,654.644
3493,4.334,654.608,654.644
3494,4.334,654.608,654.644
3495,4.334,654.608,654.644
3496,4.334,654.608,654.644
3497,4.334,654.608,654.644
3498,4.334,654.608,654.644
3499,4.334,654.608,654.644
3500,4.334,654.608,654.644
3501,4.334,654.608,654.644
3502,4.334,654.608,654.644
3503,4.334,654.608,654.644
3504,4.334,654.608,654.644
3505,4.334,654.608,654.644
3506,4.334,654.608,654.644
3507,4.334,654.608,654.644
3508,4.334,654.608,654.644
3509,4.334,654.608,654.644
3510,4.334,654.608,654.644
3511,4.334,654.608,654.644
3512,4.334,654.608,654.644
3513,4.334,654.608,654.644
3514,4.334,654.608,654.644
3515,4.334,654.608,654.644
3516,4.334,654.608,654.644
3517,4.334,654.608,654.644
3518,4.334,654.608,654.644
3519,4.334,654.608,654.644
3520,4.334,654.608,654.644
3521,4.334,654.608,654.644
3522,4.334,654.608,654.644
3523,4.334,654.608,654.644
3524,4.334,654.608,654.644
3525,4.334,654.608,654.644
3526,4.334,654.608,654.644
3527,4.334,654.608,654.644
3528,4.334,654.608,654.644
3529,4.334,654.608,654.644
3530,4.334,654.608,654.644
3531,4.334,654.608,654.644
3532,4.334,654.608,654.644
3533,4.334,654.608,654.644
3534,4.334,654.608,654.644
3535,4.334,654.608,654.644
3536,4.334,654.608,654.644
3537,4.334,654.608,654.644
3538,4.334,654.608,654.644
3539,4.334,654.608,654.644
3540,4.334,654.608,654.644
3541,4.334,654.608,654.644
3542,4.334,654.608,654.644
3543,4.334,654.608,654.644
3544,4.334,654.608,654.644
3545,4.334,654.608,654.644
3546,4.334,654.608,654.644
3547,4.334,654.608,654.644
3548,4.334,654.608,654.644
3549,4.334,654.608,654.644
3550,4.334,654.608,654.644
3551,4.334,654.608,654.644
3552,4.334,654.608,654.644
3553,4.334,654.608,654.644
3554,4.334,654.608,654.644
3555,4.334,654.608,654.644
3556,4.334,654.608,654.644
3557,4.334,654.608,654.644
3558,4.334,654.608,654.644
3559,4.334,654.608,654.644
3560,4.334,654.608,654.644
3561,4.334,654.608,654.644
3562,4.334,654.608,654.644
3563,4.334,654.608,654.644
3564,4.334,654.608,654.644
3565,4.334,654.608,654.644
3566,4.334,654.608,654.644
3567,4.334,654.608,654.644
3568,4.334,654.608,654.644
3569,4.334,654.608,654.644
3570,4.334,654.608,654.644
3571,4.334,654.608,654.644
3572,4.334,654.608,654.644
3573,4.334,654.608,654.644
3574,4.334,654.608,654.644
3575,4.334,654.608,654.644
3576,4.334,654.608,654.644
3577,4.334,654.608,654.644
3578,4.334,654.608,654.644
3579,4.334,654.608,654.644
3580,4.334,654.608,654.644
3581,4.334,654.608,654.644
3582,4.334,654.608,654.644
3583,4.334,654.608,654.644
3584,4.334,654.608,654.644
3585,4.334,654.608,654.644
3586,4.334,654.608,654.644
3587,4.334,654.608,654.644
3588,4.334,654.608,654.644
3589,4.334,654.608,654.644
3590,4.334,654.608,654.644
3591,4.334,654.608,654.644
3592,4.334,654.608,654.644
3593,4.334,654.608,654.644
3594,4.334,654.608,654.644
3595,4.334,654.608,654.644
3596,4.334,654.608,654.644
3597,4.334,654.608,654.644
3598,4.334,654.608,654.644
3599,4.334,654.608,654.644
3600,4.334,654.608,654.644
3601,4.334,654.608,654.644
3602,4.334,654.608,654.644
3603,4.334,654.608,654.644
3604,4.334,654.608,654.644
3605,4.334,654.608,654.644
3606,4.334,654.608,654.644
3607,4.334,654.608,654.644
3608,4.334,654.608,654.644
3609,4.334,654.608,654.644
3610,4.334,654.608,654.644
3611,4.334,654.608,654.644
3612,4.334,654.608,654.644
3613,4.334,654.608,654.644
3614,4.334,654.608,654.644
3615,4.334,654.608,654.644
3616,4.334,654.608,654.644
3617,4.334,654.608,654.644
3618,4.334,654.608,654.644
3619,4.334,654.608,654.644
3620,4.334,654.608,654.644
3621,4.334,654.608,654.644
3622,4.334,654.608,654.644
3623,4.334,654.608,654.644
3624,4.334,654.608,654.644
3625,4.334,654.608,654.644
3626,4.334,654.608,654.644
3627,4.334,654.608,654.644
3628,4.334,654.608,654.644
3629,4.334,654.608,654.644
3630,4.334,654.608,654.644
3631,4.334,654.608,654.644
3632,4.334,654.608,654.644
3633,4.334,654.608,654.644
3634,4.334,654.608,654.644
3635,4.334,654.608,654.644
3636,4.334,654.608,654.644
3637,4.334,654.608,654.644
3638,4.334,654.608,654.644
3639,4.334,654.608,654.644
3640,4.334,654.608,654.644
3641,4.334,654.608,654.644
3642,4.334,654.608,654.644
3643,4.334,654.608,654.644
3644,4.334,654.608,654.644
3645,4.334,654.608,654.644
3646,4.334,654.608,654.644
3647,4.334,654.608,654.644
3648,4.334,654.608,654.644
3649,4.334,654.608,654.644
3650,4.334,654.608,654.644
3651,4.334,654.608,654.644
3652,4.334,654.608,654.644
3653,4.334,654.608,654.644
3654,4.334,654.608,654.644
3655,4.334,654.608,654.644
3656,4.334,654.608,654.644
3657,4.334,654.608,654.644
3658,4.334,654.608,654.644
3659,4.334,654.608,654.644
3660,4.334,654.608,654.644
3661,4.334,654.608,654.644
3662,4.334,654.608,654.644
3663,4.334,654.608,654.644
3664,4.334,654.608,654.644
3665,4.334,654.608,654.644
3666,4.334,654.608,654.644
3667,4.334,654.608,654.644
3668,4.334,654.608,654.644
3669,4.334,654.608,654.644
3670,4.334,654.608,654.644
3671,4.334,654.608,654.644
3672,4.334,654.608,654.644
3673,4.334,654.608,654.644
3674,4.334,654.608,654.644
3675,4.334,654.608,654.644
3676,4.334,654.608,654.644
3677,4.334,654.608,654.644
3678,4.334,654.608,654.644
3679,4.334,654.608,654.644
3680,4.334,654.608,654.644
3681,4.334,654.608,654.644
3682,4.334,654.608,654.644
3683,4.334,654.608,654.644
3684,4.334,654.608,654.644
3685,4.334,654.608,654.644
3686,4.334,654.608,654.644
3687,4.334,654.608,654.644
3688,4.334,654.608,654.644
3689,4.334,654.608,654.644
3690,4.334,654.608,654.644
3691,4.334,654.608,654.644
3692,4.334,654.608,654.644
3693,4.334,654.608,654.644
3694,4.334,654.608,654.644
3695,4.334,654.608,654.644
3696,4.334,654.608,654.644
3697,4.334,654.608,654.644
3698,4.334,654.608,654.644
3699,4.334,654.608,654.644
3700,4.334,654.608,654.644
3701,4.334,654.608,654.644
3702,4.334,654.608,654.644
3703,4.334,654.608,654.644
3704,4.334,654.608,654.644
3705,4.334,654.608,654.644
3706,4.334,654.608,654.644
3707,4.334,654.608,654.644
3708,4.334,654.608,654.644
3709,4.334,654.608,654.644
3710,4.334,654.608,654.644
3711,4.334,654.608,654.644
3712,4.334,654.608,654.644
3713,4.334,654.608,654.644
3714,4.334,654.608,654.644
3715,4.334,654.608,654.644
3716,4.334,654.608,654.644
3717,4.334,654.608,654.644
3718,4.334,654.608,654.644
3719,4.334,654.608,654.644
3720,4.334,654.608,654.644
3721,4.334,654.608,654.644
3722,4.334,654.608,654.644
3723,4.334,654.608,654.644
3724,4.334,654.608,654.644
3725,4.334,654.608,654.644
3726,4.334,654.608,654.644
3727,4.334,654.608,654.644
3728,4.334,654.608,654.644
3729,4.334,654.608,654.644
3730,4.334,654.608,654.644
3731,4.334,654.608,654.644
3732,4.334,654.608,654.644
3733,4.334,654.608,654.644
3734,4.334,654.608,654.644
3735,4.334,654.608,654.644
3736,4.334,654.608,654.644
3737,4.334,654.608,654.644
3738,4.334,654.608,654.644
3739,4.334,654.608,654.644
3740,4.334,654.608,654.644
3741,4.334,654.608,654.644
3742,4.334,654.608,654.644
3743,4.334,654.608,654.644
3744,4.334,654.608,654.644
3745,4.334,654.608,654.644
3746,4.334,654.608,654.644
3747,4.334,654.608,654.644
3748,4.334,654.608,654.644
3749,4.334,654.608,654.644
3750,4.334,654.608,654.644
3751,4.334,654.608,654.644
3752,4.334,654.608,654.644
3753,4.334,654.608,654.644
3754,4.334,654.608,654.644
3755,4.334,654.608,654.644
3756,4.334,654.608,654.644
3757,4.334,654.608,654.644
3758,4.334,654.608,654.644
3759,4.334,654.608,654.644
3760,4.334,654.608,654.644
3761,4.334,654.608,654.644
3762,4.334,654.608,654.644
3763,4.334,654.608,654.644
3764,4.334,654.608,654.644
3765,4.334,654.608,654.644
3766,4.334,654.608,654.644
3767,4.334,654.608,654.644
3768,4.334,654.608,654.644
3769,4.334,654.608,654.644
3770,4.334,654.608,654.644
3771,4.334,654.608,654.644
3772,4.334,654.608,654.644
3773,4.334,654.608,654.644
3774,4.334,654.608,654.644
3775,4.334,654.608,654.644
3776,4.334,654.608,654.644
3777,4.334,654.608,654.644
3778,4.334,654.608,654.644
3779,4.334,654.608,654.644
3780,4.334,654.608,654.644
3781,4.334,654.608,654.644
3782,4.334,654.608,654.644
3783,4.334,654.608,654.644
3784,4.334,654.608,654.644
3785,4.334,654.608,654.644
3786,4.334,654.608,654.644
3787,4.334,654.608,654.644
3788,4.334,654.608,654.644
3789,4.334,654.608,654.644
3790,4.334,654.608,654.644
3791,4.334,654.608,654.644
3792,4.334,654.608,654.644
3793,4.334,654.608,654.644
3794,4.334,654.608,654.644
3795,4.334,654.608,654.644
3796,4.334,654.608,654.644
3797,4.334,654.608,654.644
3798,4.334,654.608,654.644
3799,4.334,654.608,654.644
3800,4.334,654.608,654.644
3801,4.334,654.608,654.644
3802,4.334,654.608,654.644
3803,4.334,654.608,654.644
3804,4.334,654.608,654.644
3805,4.334,654.608,654.644
3806,4.334,654.608,654.644
3807,4.334,654.608,654.644
3808,4.334,654.608,654.644
3809,4.334,654.608,654.644
3810,4.334,654.608,654.644
3811,4.334,654.608,654.644
3812,4.334,654.608,654.644
3813,4.334,654.608,654.644
3814,4.334,654.608,654.644
3815,4.334,654.608,654.644
3816,4.334,654.608,654.644
3817,4.334,654.608,654.644
3818,4.334,654.608,654.644
3819,4.334,654.608,654.644
3820,4.334,654.608,654.644
3821,4.334,654.608,654.644
3822,4.334,654.608,654.644
3823,4.334,654.608,654.644
3824,4.334,654.608,654.644
3825,4.334,654.608,654.644
3826,4.334,654.608,654.644
3827,4.334,654.608,654.644
3828,4.334,654.608,654.644
3829,4.334,654.608,654.644
3830,4.334,654.608,654.644
3831,4.334,654.608,654.644
3832,4.334,654.608,654.644
3833,4.334,654.608,654.644
3834,4.334,654.608,654.644
3835,4.334,654.608,654.644
3836,4.334,654.608,654.644
3837,4.334,654.608,654.644
3838,4.334,654.608,654.644
3839,4.334,654.608,654.644
3840,4.334,654.608,654.644
3841,4.334,654.608,654.644
3842,4.334,654.608,654.644
3843,4.334,654.608,654.644
3844,4.334,654.608,654.644
3845,4.334,654.608,654.644
3846,4.334,654.608,654.644
3847,4.334,654.608,654.644
3848,4.334,654.608,654.644
3849,4.334,654.608,654.644
3850,4.334,654.608,654.644
3851,4.334,654.608,654.644
3852,4.334,654.608,654.644
3853,4.334,654.608,654.644
3854,4.334,654.608,654.644
3855,4.334,654.608,654.644
3856,4.334,654.608,654.644
3857,4.334,654.608,654.644
3858,4.334,654.608,654.644
3859,4.334,654.608,654.644
3860,4.334,654.608,654.644
3861,4.334,654.608,654.644
3862,4.334,654.608,654.644
3863,4.334,654.608,654.644
3864,4.334,654.608,654.644
3865,4.334,654.608,654.644
3866,4.334,654.608,654.644
3867,4.334,654.608,654.644
3868,4.334,654.608,654.644
3869,4.334,654.608,654.644
3870,4.334,654.608,654.644
3871,4.334,654.608,654.644
3872,4.334,654.608,654.644
3873,4.334,654.608,654.644
3874,4.334,654.608,654.644
3875,4.334,654.608,654.644
3876,4.334,654.608,654.644
3877,4.334,654.608,654.644
3878,4.334,654.608,654.644
3879,4.334,654.608,654.644
3880,4.334,654.608,654.644
3881,4.334,654.608,654.644
3882,4.334,654.608,654.644
3883,4.334,654.608,654.644
3884,4.334,654.608,654.644
3885,4.334,654.608,654.644
3886,4.334,654.608,654.644
3887,4.334,654.608,654.644
3888,4.334,654.608,654.644
3889,4.334,654.608,654.644
3890,4.334,654.608,654.644
3891,4.334,654.608,654.644
3892,4.334,654.608,654.644
3893,4.334,654.608,654.644
3894,4.334,654.608,654.644
3895,4.334,654.608,654.644
3896,4.334,654.608,654.644
3897,4.334,654.608,654.644
3898,4.334,654.608,654.644
3899,4.334,654.608,654.644
3900,4.334,654.608,654.644
3901,4.334,654.608,654.644
3902,4.334,654.608,654.644
3903,4.334,654.608,654.644
3904,4.334,654.608,654.644
3905,4.334,654.608,654.644
3906,4.334,654.608,654.644
3907,4.334,654.608,654.644
3908,4.334,654.608,654.644
3909,4.334,654.608,654.644
3910,4.334,654.608,654.644
3911,4.334,654.608,654.644
3912,4.334,654.608,654.644
3913,4.334,654.608,654.644
3914,4.334,654.608,654.644
3915,4.334,654.608,654.644
3916,4.334,654.608,654.644
3917,4.334,654.608,654.644
3918,4.334,654.608,654.644
3919,4.334,654.608,654.644
3920,4.334,654.608,654.644
3921,4.334,654.608,654.644
3922,4.334,654.608,654.644
3923,4.334,654.608,654.644
3924,4.334,654.608,654.644
3925,4.334,654.608,654.644
3926,4.334,654.608,654.644
3927,4.334,654.608,654.644
3928,4.334,654.608,654.644
3929,4.334,654.608,654.644
3930,4.334,654.608,654.644
3931,4.334,654.608,654.644
3932,4.334,654.608,654.644
3933,4.334,654.608,654.644
3934,4.334,654.608,654.644
3935,4.334,654.608,654.644
3936,4.334,654.608,654.644
3937,4.334,654.608,654.644
3938,4.334,654.608,654.644
3939,4.334,654.608,654.644
3940,4.334,654.608,654.644
3941,4.334,654.608,654.644
3942,4.334,654.608,654.644
3943,4.334,654.608,654.644
3944,4.334,654.608,654.644
3945,4.334,654.608,654.644
3946,4.334,654.608,654.644
3947,4.334,654.608,654.644
3948,4.334,654.608,654.644
3949,4.334,654.608,654.644
3950,4.334,654.608,654.644
3951,4.334,654.608,654.644
3952,4.334,654.608,654.644
3953,4.334,654.608,654.644
3954,4.334,654.608,654.644
3955,4.334,654.608,654.644
3956,4.334,654.608,654.644
3957,4.334,654.608,654.644
3958,4.334,654.608,654.644
3959,4.334,654.608,654.644
3960,4.334,654.608,654.644
3961,4.334,654.608,654.644
3962,4.334,654.608,654.644
3963,4.334,654.608,654.644
3964,4.334,654.608,654.644
3965,4.334,654.608,654.644
3966,4.334,654.608,654.644
3967,4.334,654.608,654.644
3968,4.334,654.608,654.644
3969,4.334,654.608,654.644
3970,4.334,654.608,654.644
3971,4.334,654.608,654.644
3972,4.334,654.608,654.644
3973,4.334,654.608,654.644
3974,4.334,654.608,654.644
3975,4.334,654.608,654.644
3976,4.334,654.608,654.644
3977,4.334,654.608,654.644
3978,4.334,654.608,654.644
3979,4.334,654.608,654.644
3980,4.334,654.608,654.644
3981,4.334,654.608,654.644
3982,4.334,654.608,654.644
3983,4.334,654.608,654.644
3984,4.334,654.608,654.644
3985,4.334,654.608,654.644
3986,4.334,654.608,654.644
3987,4.334,654.608,654.644
3988,4.334,654.608,654.644
3989,4.334,654.608,654.644
3990,4.334,654.608,654.644
3991,4.334,654.608,654.644
3992,4.334,654.608,654.644
3993,4.334,654.608,654.644
3994,4.334,654.608,654.644
3995,4.334,654.608,654.644
3996,4.334,654.608,654.644
3997,4.334,654.608,654.644
3998,4.334,654.608,654.644
3999,4.334,654.608,654.644
4000,4.334,654.608,654.644
4001,4.334,654.608,654.644
4002,4.334,654.608,654.644
4003,4.334,654.608,654.644
4004,4.334,654.608,654.644
4005,4.334,654.608,654.644
4006,4.334,654.608,654.644
4007,4.334,654.608,654.644
4008,4.334,654.608,654.644
4009,4.334,654.608,654.644
4010,4.334,654.608,654.644
4011,4.334,654.608,654.644
4012,4.334,654.608,654.644
4013,4.334,654.608,654.644
4014,4.334,654.608,654.644
4015,4.334,654.608,654.644
4016,4.334,654.608,654.644
4017,4.334,654.608,654.644
4018,4.334,654.608,654.644
4019,4.334,654.608,654.644
4020,4.334,654.608,654.644
4021,4.334,654.608,654.644
4022,4.334,654.608,654.644
4023,4.334,654.608,654.644
4024,4.334,654.608,654.644
4025,4.334,654.608,654.644
4026,4.334,654.608,654.644
4027,4.334,654.608,654.644
4028,4.334,654.608,654.644
4029,4.334,654.608,654.644
4030,4.334,654.608,654.644
4031,4.334,654.608,654.644
4032,4.334,654.608,654.644
4033,4.334,654.608,654.644
4034,4.334,654.608,654.644
4035,4.334,654.608,654.644
4036,4.334,654.608,654.644
4037,4.334,654.608,654.644
4038,4.334,654.608,654.644
4039,4.334,654.608,654.644
4040,4.334,654.608,654.644
4041,4.334,654.608,654.644
4042,4.334,654.608,654.644
4043,4.334,654.608,654.644
4044,4.334,654.608,654.644
4045,4.334,654.608,654.644
4046,4.334,654.608,654.644
4047,4.334,654.608,654.644
4048,4.334,654.608,654.644
4049,4.334,654.608,654.644
4050,4.334,654.608,654.644
4051,4.334,654.608,654.644
4052,4.334,654.608,654.644
4053,4.334,654.608,654.644
4054,4.334,654.608,654.644
4055,4.334,654.608,654.644
4056,4.334,654.608,654.644
4057,4.334,654.608,654.644
4058,4.334,654.608,654.644
4059,4.334,654.608,654.644
4060,4.334,654.608,654.644
4061,4.334,654.608,654.644
4062,4.334,654.608,654.644
4063,4.334,654.608,654.644
4064,4.334,654.608,654.644
4065,4.334,654.608,654.644
4066,4.334,654.608,654.644
4067,4.334,654.608,654.644
4068,4.334,654.608,654.644
4069,4.334,654.608,654.644
4070,4.334,654.608,654.644
4071,4.334,654.608,654.644
4072,4.334,654.608,654.644
4073,4.334,654.608,654.644
4074,4.334,654.608,654.644
4075,4.334,654.608,654.644
4076,4.334,654.608,654.644
4077,4.334,654.608,654.644
4078,4.334,654.608,654.644
4079,4.334,654.608,654.644
4080,4.334,654.608,654.644
4081,4.334,654.608,654.644
4082,4.334,654.608,654.644
4083,4.334,654.608,654.644
4084,4.334,654.608,654.644
4085,4.334,654.608,654.644
4086,4.334,654.608,654.644
4087,4.334,654.608,654.644
4088,4.334,654.608,654.644
4089,4.334,654.608,654.644
4090,4.334,654.608,654.644
4091,4.334,654.608,654.644
4092,4.334,654.608,654.644
4093,4.334,654.608,654.644
4094,4.334,654.608,654.644
4095,4.334,654.608,654.644
4096,4.334,654.608,654.644
4097,4.334,654.608,654.644
4098,4.334,654.608,654.644
4099,4.334,654.608,654.644
4100,4.334,654.608,654.644
4101,4.334,654.608,654.644
4102,4.334,654.608,654.644
4103,4.334,654.608,654.644
4104,4.334,654.608,654.644
4105,4.334,654.608,654.644
4106,4.334,654.608,654.644
4107,4.334,654.608,654.644
4108,4.334,654.608,654.644
4109,4.334,654.608,654.644
4110,4.334,654.608,654.644
4111,4.334,654.608,654.644
4112,4.334,654.608,654.644
4113,4.334,654.608,654.644
4114,4.334,654.608,654.644
4115,4.334,654.608,654.644
4116,4.334,654.608,654.644
4117,4.334,654.608,654.644
4118,4.334,654.608,654.644
4119,4.334,654.608,654.644
4120,4.334,654.608,654.644
4121,4.334,654.608,654.644
4122,4.334,654.608,654.644
4123,4.334,654.608,654.644
4124,4.334,654.608,654.644
4125,4.334,654.608,654.644
4126,4.334,654.608,654.644
4127,4.334,654.608,654.644
4128,4.334,654.608,654.644
4129,4.334,654.608,654.644
4130,4.334,654.608,654.644
4131,4.334,654.608,654.644
4132,4.334,654.608,654.644
4133,4.334,654.608,654.644
4134,4.334,654.608,654.644
4135,4.334,654.608,654.644
4136,4.334,654.608,654.644
4137,4.334,654.608,654.644
4138,4.334,654.608,654.644
4139,4.334,654.608,654.644
4140,4.334,654.608,654.644
4141,4.334,654.608,654.644
4142,4.334,654.608,654.644
4143,4.334,654.608,654.644
4144,4.334,654.608,654.644
4145,4.334,654.608,654.644
4146,4.334,654.608,654.644
4147,4.334,654.608,654.644
4148,4.334,654.608,654.644
4149,4.334,654.608,654.644
4150,4.334,654.608,654.644
4151,4.334,654.608,654.644
4152,4.334,654.608,654.644
4153,4.334,654.608,654.644
4154,4.334,654.608,654.644
4155,4.334,654.608,654.644
4156,4.334,654.608,654.644
4157,4.334,654.608,654.644
4158,4.334,654.608,654.644
4159,4.334,654.608,654.644
4160,4.334,654.608,654.644
4161,4.334,654.608,654.644
4162,4.334,654.608,654.644
4163,4.334,654.608,654.644
4164,4.334,654.608,654.644
4165,4.334,654.608,654.644
4166,4.334,654.608,654.644
4167,4.334,654.608,654.644
4168,4.334,654.608,654.644
4169,4.334,654.608,654.644
4170,4.334,654.608,654.644
4171,4.334,654.608,654.644
4172,4.334,654.608,654.644
4173,4.334,654.608,654.644
4174,4.334,654.608,654.644
4175,4.334,654.608,654.644
4176,4.334,654.608,654.644
4177,4.334,654.608,654.644
4178,4.334,654.608,654.644
4179,4.334,654.608,654.644
4180,4.334,654.608,654.644
4181,4.334,654.608,654.644
4182,4.334,654.608,654.644
4183,4.334,654.608,654.644
4184,4.334,654.608,654.644
4185,4.334,654.608,654.644
4186,4.334,654.608,654.644
4187,4.334,654.608,654.644
4188,4.334,654.608,654.644
4189,4.334,654.608,654.644
4190,4.334,654.608,654.644
4191,4.334,654.608,654.644
4192,4.334,654.608,654.644
4193,4.334,654.608,654.644
4194,4.334,654.608,654.644
4195,4.334,654.608,654.644
4196,4.334,654.608,654.644
4197,4.334,654.608,654.644
4198,4.334,654.608,654.644
4199,4.334,654.608,654.644
4200,4.334,654.608,654.644
4201,4.334,654.608,654.644
4202,4.334,654.608,654.644
4203,4.334,654.608,654.644
4204,4.334,654.608,654.644
4205,4.334,654.608,654.644
4206,4.334,654.608,654.644
4207,4.334,654.608,654.644
4208,4.334,654.608,654.644
4209,4.334,654.608,654.644
4210,4.334,654.608,654.644
4211,4.334,654.608,654.644
4212,4.334,654.608,654.644
4213,4.334,654.608,654.644
4214,4.334,654.608,654.644
4215,4.334,654.608,654.644
4216,4.334,654.608,654.644
4217,4.334,654.608,654.644
4218,4.334,654.608,654.644
4219,4.334,654.608,654.644
4220,4.334,654.608,654.644
4221,4.334,654.608,654.644
4222,4.334,654.608,654.644
4223,4.334,654.608,654.644
4224,4.334,654.608,654.644
4225,4.334,654.608,654.644
4226,4.334,654.608,654.644
4227,4.334,654.608,654.644
4228,4.334,654.608,654.644
4229,4.334,654.608,654.644
4230,4.334,654.608,654.644
4231,4.334,654.608,654.644
4232,4.334,654.608,654.644
4233,4.334,654.608,654.644
4234,4.334,654.608,654.644
4235,4.334,654.608,654.644
4236,4.334,654.608,654.644
4237,4.334,654.608,654.644
4238,4.334,654.608,654.644
4239,4.334,654.608,654.644
4240,4.334,654.608,654.644
4241,4.334,654.608,654.644
4242,4.334,654.608,654.644
4243,4.334,654.608,654.644
4244,4.334,654.608,654.644
4245,4.334,654.608,654.644
4246,4.334,654.608,654.644
4247,4.334,654.608,654.644
4248,4.334,654.608,654.644
4249,4.334,654.608,654.644
4250,4.334,654.608,654.644
4251,4.334,654.608,654.644
4252,4.334,654.608,654.644
4253,4.334,654.608,654.644
4254,4.334,654.608,654.644
4255,4.334,654.608,654.644
4256,4.334,654.608,654.644
4257,4.334,654.608,654.644
4258,4.334,654.608,654.644
4259,4.334,654.608,654.644
4260,4.334,654.608,654.644
4261,4.334,654.608,654.644
4262,4.334,654.608,654.644
4263,4.334,654.608,654.644
4264,4.334,654.608,654.644
4265,4.334,654.608,654.644
4266,4.334,654.608,654.644
4267,4.334,654.608,654.644
4268,4.334,654.608,654.644
4269,4.334,654.608,654.644
4270,4.334,654.608,654.644
4271,4.334,654.608,654.644
4272,4.334,654.608,654.644
4273,4.334,654.608,654.644
4274,4.334,654.608,654.644
4275,4.334,654.608,654.644
4276,4.334,654.608,654.644
4277,4.334,654.608,654.644
4278,4.334,654.608,654.644
4279,4.334,654.608,654.644
4280,4.334,654.608,654.644
4281,4.334,654.608,654.644
4282,4.334,654.608,654.644
4283,4.334,654.608,654.644
4284,4.334,654.608,654.644
4285,4.334,654.608,654.644
4286,4.334,654.608,654.644
4287,4.334,654.608,654.644
4288,4.334,654.608,654.644
4289,4.334,654.608,654.644
4290,4.334,654.608,654.644
4291,4.334,654.608,654.644
4292,4.334,654.608,654.644
4293,4.334,654.608,654.644
4294,4.334,654.608,654.644
4295,4.334,654.608,654.644
4296,4.334,654.608,654.644
4297,4.334,654.608,654.644
4298,4.334,654.608,654.644
4299,4.334,654.608,654.644
4300,4.334,654.608,654.644
4301,4.334,654.608,654.644
4302,4.334,654.608,654.644
4303,4.334,654.608,654.644
4304,4.334,654.608,654.644
4305,4.334,654.608,654.644
4306,4.334,654.608,654.644
4307,4.334,654.608,654.644
4308,4.334,654.608,654.644
4309,4.334,654.608,654.644
4310,4.334,654.608,654.644
4311,4.334,654.608,654.644
4312,4.334,654.608,654.644
4313,4.334,654.608,654.644
4314,4.334,654.608,654.644
4315,4.334,654.608,654.644
4316,4.334,654.608,654.644
4317,4.334,654.608,654.644
4318,4.334,654.608,654.644
4319,4.334,654.608,654.644
4320,4.334,654.608,654.644
4321,4.334,654.608,654.644
4322,4.334,654.608,654.644
4323,4.334,654.608,654.644
4324,4.334,654.608,654.644
4325,4.334,654.608,654.644
4326,4.334,654.608,654.644
4327,4.334,654.608,654.644
4328,4.334,654.608,654.644
4329,4.334,654.608,654.644
4330,4.334,654.608,654.644
4331,4.334,654.608,654.644
4332,4.334,654.608,654.644
4333,4.334,654.608,654.644
4334,4.334,654.608,654.644
4335,4.334,654.608,654.644
4336,4.334,654.608,654.644
4337,4.334,654.608,654.644
4338,4.334,654.608,654.644
4339,4.334,654.608,654.644
4340,4.334,654.608,654.644
4341,4.334,654.608,654.644
4342,4.334,654.608,654.644
4343,4.334,654.608,654.644
4344,4.334,654.608,654.644
4345,4.334,654.608,654.644
4346,4.334,654.608,654.644
4347,4.334,654.608,654.644
4348,4.334,654.608,654.644
4349,4.334,654.608,654.644
4350,4.334,654.608,654.644
4351,4.334,654.608,654.644
4352,4.334,654.608,654.644
4353,4.334,654.608,654.644
4354,4.334,654.608,654.644
4355,4.334,654.608,654.644
4356,4.334,654.608,654.644
4357,4.334,654.608,654.644
4358,4.334,654.608,654.644
4359,4.334,654.608,654.644
4360,4.334,654.608,654.644
4361,4.334,654.608,654.644
4362,4.334,654.608,654.644
4363,4.334,654.608,654.644
4364,4.334,654.608,654.644
4365,4.334,654.608,654.644
4366,4.334,654.608,654.644
4367,4.334,654.608,654.644
4368,4.334,654.608,654.644
4369,4.334,654.608,654.644
4370,4.334,654.608,654.644
4371,4.334,654.608,654.644
4372,4.334,654.608,654.644
4373,4.334,654.608,654.644
4374,4.334,654.608,654.644
4375,4.334,654.608,654.644
4376,4.334,654.608,654.644
4377,4.334,654.608,654.644
4378,4.334,654.608,654.644
4379,4.334,654.608,654.644
4380,4.334,654.608,654.644
4381,4.334,654.608,654.644
4382,4.334,654.608,654.644
4383,4.334,654.608,654.644
4384,4.334,654.608,654.644
4385,4.334,654.608,654.644
4386,4.334,654.608,654.644
4387,4.334,654.608,654.644
4388,4.334,654.608,654.644
4389,4.334,654.608,654.644
4390,4.334,654.608,654.644
4391,4.334,654.608,654.644
4392,4.334,654.608,654.644
4393,4.334,654.608,654.644
4394,4.334,654.608,654.644
4395,4.334,654.608,654.644
4396,4.334,654.608,654.644
4397,4.334,654.608,654.644
4398,4.334,654.608,654.644
4399,4.334,654.608,654.644
4400,4.334,654.608,654.644
4401,4.334,654.608,654.644
4402,4.334,654.608,654.644
4403,4.334,654.608,654.644
4404,4.334,654.608,654.644
4405,4.334,654.608,654.644
4406,4.334,654.608,654.644
4407,4.334,654.608,654.644
4408,4.334,654.608,654.644
4409,4.334,654.608,654.644
4410,4.334,654.608,654.644
4411,4.334,654.608,654.644
4412,4.334,654.608,654.644
4413,4.334,654.608,654.644
4414,4.334,654.608,654.644
4415,4.334,654.608,654.644
4416,4.334,654.608,654.644
4417,4.334,654.608,654.644
4418,4.334,654.608,654.644
4419,4.334,654.608,654.644
4420,4.334,654.608,654.644
4421,4.334,654.608,654.644
4422,4.334,654.608,654.644
4423,4.334,654.608,654.644
4424,4.334,654.608,654.644
4425,4.334,654.608,654.644
4426,4.334,654.608,654.644
4427,4.334,654.608,654.644
4428,4.334,654.608,654.644
4429,4.334,654.608,654.644
4430,4.334,654.608,654.644
4431,4.334,654.608,654.644
4432,4.334,654.608,654.644
4433,4.334,654.608,654.644
4434,4.334,654.608,654.644
4435,4.334,654.608,654.644
4436,4.334,654.608,654.644
4437,4.334,654.608,654.644
4438,4.334,654.608,654.644
4439,4.334,654.608,654.644
4440,4.334,654.608,654.644
4441,4.334,654.608,654.644
4442,4.334,654.608,654.644
4443,4.334,654.608,654.644
4444,4.334,654.608,654.644
4445,4.334,654.608,654.644
4446,4.334,654.608,654.644
4447,4.334,654.608,654.644
4448,4.334,654.608,654.644
4449,4.334,654.608,654.644
4450,4.334,654.608,654.644
4451,4.334,654.608,654.644
4452,4.334,654.608,654.644
4453,4.334,654.608,654.644
4454,4.334,654.608,654.644
4455,4.334,654.608,654.644
4456,4.334,654.608,654.644
4457,4.334,654.608,654.644
4458,4.334,654.608,654.644
4459,4.334,654.608,654.644
4460,4.334,654.608,654.644
4461,4.334,654.608,654.644
4462,4.334,654.608,654.644
4463,4.334,654.608,654.644
4464,4.334,654.608,654.644
4465,4.334,654.608,654.644
4466,4.334,654.608,654.644
4467,4.334,654.608,654.644
4468,4.334,654.608,654.644
4469,4.334,654.608,654.644
4470,4.334,654.608,654.644
4471,4.334,654.608,654.644
4472,4.334,654.608,654.644
4473,4.334,654.608,654.644
4474,4.334,654.608,654.644
4475,4.334,654.608,654.644
4476,4.334,654.608,654.644
4477,4.334,654.608,654.644
4478,4.334,654.608,654.644
4479,4.334,654.608,654.644
4480,4.334,654.608,654.644
4481,4.334,654.608,654.644
4482,4.334,654.608,654.644
4483,4.334,654.608,654.644
4484,4.334,654.608,654.644
4485,4.334,654.608,654.644
4486,4.334,654.608,654.644
4487,4.334,654.608,654.644
4488,4.334,654.608,654.644
4489,4.334,654.608,654.644
4490,4.334,654.608,654.644
4491,4.334,654.608,654.644
4492,4.334,654.608,654.644
4493,4.334,654.608,654.644
4494,4.334,654.608,654.644
4495,4.334,654.608,654.644
4496,4.334,654.608,654.644
4497,4.334,654.608,654.644
4498,4.334,654.608,654.644
4499,4.334,654.608,654.644
4500,4.334,654.608,654.644
4501,4.334,654.608,654.644
4502,4.334,654.608,654.644
4503,4.334,654.608,654.644
4504,4.334,654.608,654.644
4505,4.334,654.608,654.644
4506,4.334,654.608,654.644
4507,4.334,654.608,654.644
4508,4.334,654.608,654.644
4509,4.334,654.608,654.644
4510,4.334,654.608,654.644
4511,4.334,654.608,654.644
4512,4.334,654.608,654.644
4513,4.334,654.608,654.644
4514,4.334,654.608,654.644
4515,4.334,654.608,654.644
4516,4.334,654.608,654.644
4517,4.334,654.608,654.644
4518,4.334,654.608,654.644
4519,4.334,654.608,654.644
4520,4.334,654.608,654.644
4521,4.334,654.608,654.644
4522,4.334,654.608,654.644
4523,4.334,654.608,654.644
4524,4.334,654.608,654.644
4525,4.334,654.608,654.644
4526,4.334,654.608,654.644
4527,4.334,654.608,654.644
4528,4.334,654.608,654.644
4529,4.334,654.608,654.644
4530,4.334,654.608,654.644
4531,4.334,654.608,654.644
4532,4.334,654.608,654.644
4533,4.334,654.608,654.644
4534,4.334,654.608,654.644
4535,4.334,654.608,654.644
4536,4.334,654.608,654.644
4537,4.334,654.608,654.644
4538,4.334,654.608,654.644
4539,4.334,654.608,654.644
4540,4.334,654.608,654.644
4541,4.334,654.608,654.644
4542,4.334,654.608,654.644
4543,4.334,654.608,654.644
4544,4.334,654.608,654.644
4545,4.334,654.608,654.644
4546,4.334,654.608,654.644
4547,4.334,654.608,654.644
4548,4.334,654.608,654.644
4549,4.334,654.608,654.644
4550,4.334,654.608,654.644
4551,4.334,654.608,654.644
4552,4.334,654.608,654.644
4553,4.334,654.608,654.644
4554,4.334,654.608,654.644
4555,4.334,654.608,654.644
4556,4.334,654.608,654.644
4557,4.334,654.608,654.644
4558,4.334,654.608,654.644
4559,4.334,654.608,654.644
4560,4.334,654.608,654.644
4561,4.334,654.608,654.644
4562,4.334,654.608,654.644
4563,4.334,654.608,654.644
4564,4.334,654.608,654.644
4565,4.334,654.608,654.644
4566,4.334,654.608,654.644
4567,4.334,654.608,654.644
4568,4.334,654.608,654.644
4569,4.334,654.608,654.644
4570,4.334,654.608,654.644
4571,4.334,654.608,654.644
4572,4.334,654.608,654.644
4573,4.334,654.608,654.644
4574,4.334,654.608,654.644
4575,4.334,654.608,654.644
4576,4.334,654.608,654.644
4577,4.334,654.608,654.644
4578,4.334,654.608,654.644
4579,4.334,654.608,654.644
4580,4.334,654.608,654.644
4581,4.334,654.608,654.644
4582,4.334,654.608,654.644
4583,4.334,654.608,654.644
4584,4.334,654.608,654.644
4585,4.334,654.608,654.644
4586,4.334,654.608,654.644
4587,4.334,654.608,654.644
4588,4.334,654.608,654.644
4589,4.334,654.608,654.644
4590,4.334,654.608,654.644
4591,4.334,654.608,654.644
4592,4.334,654.608,654.644
4593,4.334,654.608,654.644
4594,4.334,654.608,654.644
4595,4.334,654.608,654.644
4596,4.334,654.608,654.644
4597,4.334,654.608,654.644
4598,4.334,654.608,654.644
4599,4.334,654.608,654.644
4600,4.334,654.608,654.644
4601,4.334,654.608,654.644
4602,4.334,654.608,654.644
4603,4.334,654.608,654.644
4604,4.334,654.608,654.644
4605,4.334,654.608,654.644
4606,4.334,654.608,654.644
4607,4.334,654.608,654.644
4608,4.334,654.608,654.644
4609,4.334,654.608,654.644
4610,4.334,654.608,654.644
4611,4.334,654.608,654.644
4612,4.334,654.608,654.644
4613,4.334,654.608,654.644
4614,4.334,654.608,654.644
4615,4.334,654.608,654.644
4616,4.334,654.608,654.644
4617,4.334,654.608,654.644
4618,4.334,654.608,654.644
4619,4.334,654.608,654.644
4620,4.334,654.608,654.644
4621,4.334,654.608,654.644
4622,4.334,654.608,654.644
4623,4.334,654.608,654.644
4624,4.334,654.608,654.644
4625,4.334,654.608,654.644
4626,4.334,654.608,654.644
4627,4.334,654.608,654.644
4628,4.334,654.608,654.644
4629,4.334,654.608,654.644
4630,4.334,654.608,654.644
4631,4.334,654.608,654.644
4632,4.334,654.608,654.644
4633,4.334,654.608,654.644
4634,4.334,654.608,654.644
4635,4.334,654.608,654.644
4636,4.334,654.608,654.644
4637,4.334,654.608,654.644
4638,4.334,654.608,654.644
4639,4.334,654.608,654.644
4640,4.334,654.608,654.644
4641,4.334,654.608,654.644
4642,4.334,654.608,654.644
4643,4.334,654.608,654.644
4644,4.334,654.608,654.644
4645,4.334,654.608,654.644
4646,4.334,654.608,654.644
4647,4.334,654.608,654.644
4648,4.334,654.608,654.644
4649,4.334,654.608,654.644
4650,4.334,654.608,654.644
4651,4.334,654.608,654.644
4652,4.334,654.608,654.644
4653,4.334,654.608,654.644
4654,4.334,654.608,654.644
4655,4.334,654.608,654.644
4656,4.334,654.608,654.644
4657,4.334,654.608,654.644
4658,4.334,654.608,654.644
4659,4.334,654.608,654.644
4660,4.334,654.608,654.644
4661,4.334,654.608,654.644
4662,4.334,654.608,654.644
4663,4.334,654.608,654.644
4664,4.334,654.608,654.644
4665,4.334,654.608,654.644
4666,4.334,654.608,654.644
4667,4.334,654.608,654.644
4668,4.334,654.608,654.644
4669,4.334,654.608,654.644
4670,4.334,654.608,654.644
4671,4.334,654.608,654.644
4672,4.334,654.608,654.644
4673,4.334,654.608,654.644
4674,4.334,654.608,654.644
4675,4.334,654.608,654.644
4676,4.334,654.608,654.644
4677,4.334,654.608,654.644
4678,4.334,654.608,654.644
4679,4.334,654.608,654.644
4680,4.334,654.608,654.644
4681,4.334,654.608,654.644
4682,4.334,654.608,654.644
4683,4.334,654.608,654.644
4684,4.334,654.608,654.644
4685,4.334,654.608,654.644
4686,4.334,654.608,654.644
4687,4.334,654.608,654.644
4688,4.334,654.608,654.644
4689,4.334,654.608,654.644
4690,4.334,654.608,654.644
4691,4.334,654.608,654.644
4692,4.334,654.608,654.644
4693,4.334,654.608,654.644
4694,4.334,654.608,654.644
4695,4.334,654.608,654.644
4696,4.334,654.608,654.644
4697,4.334,654.608,654.644
4698,4.334,654.608,654.644
4699,4.334,654.608,654.644
4700,4.334,654.608,654.644
4701,4.334,654.608,654.644
4702,4.334,654.608,654.644
4703,4.334,654.608,654.644
4704,4.334,654.608,654.644
4705,4.334,654.608,654.644
4706,4.334,654.608,654.644
4707,4.334,654.608,654.644
4708,4.334,654.608,654.644
4709,4.334,654.608,654.644
4710,4.334,654.608,654.644
4711,4.334,654.608,654.644
4712,4.334,654.608,654.644
4713,4.334,654.608,654.644
4714,4.334,654.608,654.644
4715,4.334,654.608,654.644
4716,4.334,654.608,654.644
4717,4.334,654.608,654.644
4718,4.334,654.608,654.644
4719,4.334,654.608,654.644
4720,4.334,654.608,654.644
4721,4.334,654.608,654.644
4722,4.334,654.608,654.644
4723,4.334,654.608,654.644
4724,4.334,654.608,654.644
4725,4.334,654.608,654.644
4726,4.334,654.608,654.644
4727,4.334,654.608,654.644
4728,4.334,654.608,654.644
4729,4.334,654.608,654.644
4730,4.334,654.608,654.644
4731,4.334,654.608,654.644
4732,4.334,654.608,654.644
4733,4.334,654.608,654.644
4734,4.334,654.608,654.644
4735,4.334,654.608,654.644
4736,4.334,654.608,654.644
4737,4.334,654.608,654.644
4738,4.334,654.608,654.644
4739,4.334,654.608,654.644
4740,4.334,654.608,654.644
4741,4.334,654.608,654.644
4742,4.334,654.608,654.644
4743,4.334,654.608,654.644
4744,4.334,654.608,654.644
4745,4.334,654.608,654.644
4746,4.334,654.608,654.644
4747,4.334,654.608,654.644
4748,4.334,654.608,654.644
4749,4.334,654.608,654.644
4750,4.334,654.608,654.644
4751,4.334,654.608,654.644
4752,4.334,654.608,654.644
4753,4.334,654.608,654.644
4754,4.334,654.608,654.644
4755,4.334,654.608,654.644
4756,4.334,654.608,654.644
4757,4.334,654.608,654.644
4758,4.334,654.608,654.644
4759,4.334,654.608,654.644
4760,4.334,654.608,654.644
4761,4.334,654.608,654.644
4762,4.334,654.608,654.644
4763,4.334,654.608,654.644
4764,4.334,654.608,654.644
4765,4.334,654.608,654.644
4766,4.334,654.608,654.644
4767,4.334,654.608,654.644
4768,4.334,654.608,654.644
4769,4.334,654.608,654.644
4770,4.334,654.608,654.644
4771,4.334,654.608,654.644
4772,4.334,654.608,654.644
4773,4.334,654.608,654.644
4774,4.334,654.608,654.644
4775,4.334,654.608,654.644
4776,4.334,654.608,654.644
4777,4.334,654.608,654.644
4778,4.334,654.608,654.644
4779,4.334,654.608,654.644
4780,4.334,654.608,654.644
4781,4.334,654.608,654.644
4782,4.334,654.608,654.644
4783,4.334,654.608,654.644
4784,4.334,654.608,654.644
4785,4.334,654.608,654.644
4786,4.334,654.608,654.644
4787,4.334,654.608,654.644
4788,4.334,654.608,654.644
4789,4.334,654.608,654.644
4790,4.334,654.608,654.644
4791,4.334,654.608,654.644
4792,4.334,654.608,654.644
4793,4.334,654.608,654.644
4794,4.334,654.608,654.644
4795,4.334,654.608,654.644
4796,4.334,654.608,654.644
4797,4.334,654.608,654.644
4798,4.334,654.608,654.644
4799,4.334,654.608,654.644
4800,4.334,654.608,654.644
4801,4.334,654.608,654.644
4802,4.334,654.608,654.644
4803,4.334,654.608,654.644
4804,4.334,654.608,654.644
4805,4.334,654.608,654.644
4806,4.334,654.608,654.644
4807,4.334,654.608,654.644
4808,4.334,654.608,654.644
4809,4.334,654.608,654.644
4810,4.334,654.608,654.644
4811,4.334,654.608,654.644
4812,4.334,654.608,654.644
4813,4.334,654.608,654.644
4814,4.334,654.608,654.644
4815,4.334,654.608,654.644
4816,4.334,654.608,654.644
4817,4.334,654.608,654.644
4818,4.334,654.608,654.644
4819,4.334,654.608,654.644
4820,4.334,654.608,654.644
4821,4.334,654.608,654.644
4822,4.334,654.608,654.644
4823,4.334,654.608,654.644
4824,4.334,654.608,654.644
4825,4.334,654.608,654.644
4826,4.334,654.608,654.644
4827,4.334,654.608,654.644
4828,4.334,654.608,654.644
4829,4.334,654.608,654.644
4830,4.334,654.608,654.644
4831,4.334,654.608,654.644
4832,4.334,654.608,654.644
4833,4.334,654.608,654.644
4834,4.334,654.608,654.644
4835,4.334,654.608,654.644
4836,4.334,654.608,654.644
4837,4.334,654.608,654.644
4838,4.334,654.608,654.644
4839,4.334,654.608,654.644
4840,4.334,654.608,654.644
4841,4.334,654.608,654.644
4842,4.334,654.608,654.644
4843,4.334,654.608,654.644
4844,4.334,654.608,654.644
4845,4.334,654.608,654.644
4846,4.334,654.608,654.644
4847,4.334,654.608,654.644
4848,4.334,654.608,654.644
4849,4.334,654.608,654.644
4850,4.334,654.608,654.644
4851,4.334,654.608,654.644
4852,4.334,654.608,654.644
4853,4.334,654.608,654.644
4854,4.334,654.608,654.644
4855,4.334,654.608,654.644
4856,4.334,654.608,654.644
4857,4.334,654.608,654.644
4858,4.334,654.608,654.644
4859,4.334,654.608,654.644
4860,4.334,654.608,654.644
4861,4.334,654.608,654.644
4862,4.334,654.608,654.644
4863,4.334,654.608,654.644
4864,4.334,654.608,654.644
4865,4.334,654.608,654.644
4866,4.334,654.608,654.644
4867,4.334,654.608,654.644
4868,4.334,654.608,654.644
4869,4.334,654.608,654.644
4870,4.334,654.608,654.644
4871,4.334,654.608,654.644
4872,4.334,654.608,654.644
4873,4.334,654.608,654.644
4874,4.334,654.608,654.644
4875,4.334,654.608,654.644
4876,4.334,654.608,654.644
4877,4.334,654.608,654.644
4878,4.334,654.608,654.644
4879,4.334,654.608,654.644
4880,4.334,654.608,654.644
4881,4.334,654.608,654.644
4882,4.334,654.608,654.644
4883,4.334,654.608,654.644
4884,4.334,654.608,654.644
4885,4.334,654.608,654.644
4886,4.334,654.608,654.644
4887,4.334,654.608,654.644
4888,4.334,654.608,654.644
4889,4.334,654.608,654.644
4890,4.334,654.608,654.644
4891,4.334,654.608,654.644
4892,4.334,654.608,654.644
4893,4.334,654.608,654.644
4894,4.334,654.608,654.644
4895,4.334,654.608,654.644
4896,4.334,654.608,654.644
4897,4.334,654.608,654.644
4898,4.334,654.608,654.644
4899,4.334,654.608,654.644
4900,4.334,654.608,654.644
4901,4.334,654.608,654.644
4902,4.334,654.608,654.644
4903,4.334,654.608,654.644
4904,4.334,654.608,654.644
4905,4.334,654.608,654.644
4906,4.334,654.608,654.644
4907,4.334,654.608,654.644
4908,4.334,654.608,654.644
4909,4.334,654.608,654.644
4910,4.334,654.608,654.644
4911,4.334,654.608,654.644
4912,4.334,654.608,654.644
4913,4.334,654.608,654.644
4914,4.334,654.608,654.644
4915,4.334,654.608,654.644
4916,4.334,654.608,654.644
4917,4.334,654.608,654.644
4918,4.334,654.608,654.644
4919,4.334,654.608,654.644
4920,4.334,654.608,654.644
4921,4.334,654.608,654.644
4922,4.334,654.608,654.644
4923,4.334,654.608,654.644
4924,4.334,654.608,654.644
4925,4.334,654.608,654.644
4926,4.334,654.608,654.644
4927,4.334,654.608,654.644
4928,4.334,654.608,654.644
4929,4.334,654.608,654.644
4930,4.334,654.608,654.644
4931,4.334,654.608,654.644
4932,4.334,654.608,654.644
4933,4.334,654.608,654.644
4934,4.334,654.608,654.644
4935,4.334,654.608,654.644
4936,4.334,654.608,654.644
4937,4.334,654.608,654.644
4938,4.334,654.608,654.644
4939,4.334,654.608,654.644
4940,4.334,654.608,654.644
4941,4.334,654.608,654.644
4942,4.334,654.608,654.644
4943,4.334,654.608,654.644
4944,4.334,654.608,654.644
4945,4.334,654.608,654.644
4946,4.334,654.608,654.644
4947,4.334,654.608,654.644
4948,4.334,654.608,654.644
4949,4.334,654.608,654.644
4950,4.334,654.608,654.644
4951,4.334,654.608,654.644
4952,4.334,654.608,654.644
4953,4.334,654.608,654.644
4954,4.334,654.608,654.644
4955,4.334,654.608,654.644
4956,4.334,654.608,654.644
4957,4.334,654.608,654.644
4958,4.334,654.608,654.644
4959,4.334,654.608,654.644
4960,4.334,654.608,654.644
4961,4.334,654.608,654.644
4962,4.334,654.608,654.644
4963,4.334,654.608,654.644
4964,4.334,654.608,654.644
4965,4.334,654.608,654.644
4966,4.334,654.608,654.644
4967,4.334,654.608,654.644
4968,4.334,654.608,654.644
4969,4.334,654.608,654.644
4970,4.334,654.608,654.644
4971,4.334,654.608,654.644
4972,4.334,654.608,654.644
4973,4.334,654.608,654.644
4974,4.334,654.608,654.644
4975,4.334,654.608,654.644
4976,4.334,654.608,654.644
4977,4.334,654.608,654.644
4978,4.334,654.608,654.644
4979,4.334,654.608,654.644
4980,4.334,654.608,654.644
4981,4.334,654.608,654.644
4982,4.334,654.608,654.644
4983,4.334,654.608,654.644
4984,4.334,654.608,654.644
4985,4.334,654.608,654.644
4986,4.334,654.608,654.644
4987,4.334,654.608,654.644
4988,4.334,654.608,654.644
4989,4.334,654.608,654.644
4990,4.334,654.608,654.644
4991,4.334,654.608,654.644
4992,4.334,654.608,654.644
4993,4.334,654.608,654.644
4994,4.334,654.608,654.644
4995,4.334,654.608,654.644
4996,4.334,654.608,654.644
4997,4.334,654.608,654.644
4998,4.334,654.608,654.644
4999,4.334,654.608,654.644
