# Time (s),Mass (g),T Back (K),T Front (K)
0,68.400,293.000,293.000
1,68.400,293.000,324.859
2,68.400,293.000,337.690
3,68.400,293.000,347.287
4,68.400,293.000,355.294
5,68.400,293.000,362.228
6,68.400,293.000,368.449
7,68.400,293.000,374.074
8,68.400,293.000,379.248
9,68.400,293.000,384.033
10,68.400,293.000,388.513
11,68.400,293.000,392.713
12,68.400,293.000,396.690
13,68.400,293.000,400.450
14,68.400,293.000,404.038
15,68.400,293.000,407.451
16,68.400,293.000,410.725
17,68.400,293.000,413.853
18,68.400,293.000,416.869
19,68.400,293.000,419.759
20,68.400,293.000,422.555
21,68.400,293.000,425.241
22,68.400,293.000,427.847
23,68.400,293.000,430.358
24,68.400,293.000,432.799
25,68.400,293.000,435.155
26,68.400,293.000,437.450
27,68.400,293.000,439.668
28,68.400,293.000,441.834
29,68.400,293.000,443.929
30,68.400,293.000,445.978
31,68.400,293.000,447.963
32,68.400,293.000,449.905
33,68.400,293.000,451.790
34,68.400,293.000,453.636
35,68.400,293.000,455.430
36,68.400,293.000,457.182
37,68.400,293.000,458.892
38,68.400,293.000,460.563
39,68.400,293.000,462.195
40,68.400,293.000,463.791
41,68.400,293.000,465.352
42,68.400,293.000,466.880
43,68.400,293.000,468.374
44,68.400,293.000,469.837
45,68.400,293.000,471.272
46,68.400,293.000,472.675
47,68.400,293.001,474.051
48,68.399,293.001,475.400
49,68.399,293.001,476.723
50,68.399,293.001,478.020
51,68.399,293.001,479.292
52,68.399,293.002,480.540
53,68.399,293.002,481.765
54,68.399,293.002,482.967
55,68.399,293.003,484.147
56,68.399,293.003,485.305
57,68.399,293.004,486.443
58,68.399,293.005,487.560
59,68.398,293.006,488.657
60,68.398,293.007,489.736
61,68.398,293.008,490.796
62,68.398,293.009,491.837
63,68.398,293.010,492.861
64,68.398,293.012,493.867
65,68.397,293.014,494.856
66,68.397,293.015,495.828
67,68.397,293.017,496.785
68,68.397,293.020,497.725
69,68.396,293.022,498.651
70,68.396,293.025,499.561
71,68.396,293.029,500.456
72,68.396,293.032,501.338
73,68.395,293.036,502.205
74,68.395,293.040,503.059
75,68.395,293.045,503.899
76,68.394,293.049,504.726
77,68.394,293.055,505.539
78,68.394,293.060,506.342
79,68.393,293.067,507.130
80,68.393,293.073,507.908
81,68.392,293.080,508.674
82,68.392,293.087,509.427
83,68.391,293.095,510.170
84,68.391,293.104,510.902
85,68.390,293.113,511.623
86,68.390,293.123,512.333
87,68.389,293.133,513.033
88,68.389,293.144,513.723
89,68.388,293.155,514.403
90,68.387,293.167,515.072
91,68.387,293.180,515.733
92,68.386,293.194,516.385
93,68.385,293.208,517.027
94,68.385,293.223,517.660
95,68.384,293.239,518.283
96,68.383,293.255,518.899
97,68.383,293.272,519.506
98,68.382,293.291,520.106
99,68.381,293.309,520.697
100,68.380,293.329,521.280
101,68.379,293.350,521.855
102,68.378,293.372,522.422
103,68.377,293.394,522.982
104,68.377,293.418,523.535
105,68.376,293.442,524.081
106,68.375,293.467,524.620
107,68.374,293.493,525.151
108,68.373,293.520,525.677
109,68.372,293.549,526.195
110,68.371,293.578,526.707
111,68.369,293.608,527.213
112,68.368,293.640,527.712
113,68.367,293.672,528.206
114,68.366,293.705,528.693
115,68.365,293.740,529.175
116,68.364,293.776,529.651
117,68.363,293.812,530.122
118,68.361,293.851,530.586
119,68.360,293.890,531.045
120,68.359,293.930,531.499
121,68.357,293.971,531.948
122,68.356,294.014,532.392
123,68.355,294.058,532.832
124,68.353,294.103,533.265
125,68.352,294.149,533.695
126,68.351,294.196,534.119
127,68.349,294.245,534.539
128,68.348,294.294,534.955
129,68.346,294.346,535.365
130,68.345,294.398,535.772
131,68.343,294.452,536.174
132,68.342,294.507,536.571
133,68.340,294.563,536.965
134,68.339,294.620,537.354
135,68.337,294.679,537.741
136,68.335,294.740,538.122
137,68.334,294.800,538.500
138,68.332,294.863,538.874
139,68.330,294.928,539.245
140,68.329,294.993,539.613
141,68.327,295.059,539.976
142,68.325,295.128,540.337
143,68.323,295.197,540.694
144,68.322,295.267,541.047
145,68.320,295.339,541.396
146,68.318,295.412,541.743
147,68.316,295.487,542.086
148,68.314,295.563,542.427
149,68.312,295.640,542.764
150,68.311,295.719,543.099
151,68.309,295.799,543.430
152,68.307,295.881,543.758
153,68.305,295.963,544.083
154,68.303,296.047,544.406
155,68.301,296.132,544.725
156,68.299,296.219,545.044
157,68.297,296.307,545.358
158,68.295,296.397,545.669
159,68.293,296.487,545.978
160,68.291,296.580,546.284
161,68.289,296.673,546.588
162,68.287,296.768,546.890
163,68.284,296.864,547.189
164,68.282,296.962,547.485
165,68.280,297.061,547.778
166,68.278,297.161,548.071
167,68.276,297.262,548.360
168,68.274,297.365,548.647
169,68.271,297.469,548.932
170,68.269,297.575,549.214
171,68.267,297.681,549.495
172,68.265,297.790,549.773
173,68.262,297.899,550.049
174,68.260,298.010,550.323
175,68.258,298.122,550.596
176,68.255,298.235,550.865
177,68.253,298.350,551.132
178,68.251,298.466,551.398
179,68.248,298.583,551.662
180,68.246,298.702,551.925
181,68.244,298.821,552.184
182,68.241,298.943,552.442
183,68.239,299.065,552.699
184,68.236,299.189,552.953
185,68.234,299.313,553.205
186,68.231,299.440,553.457
187,68.229,299.567,553.706
188,68.226,299.695,553.952
189,68.224,299.826,554.198
190,68.221,299.957,554.443
191,68.219,300.089,554.684
192,68.216,300.222,554.924
193,68.214,300.357,555.164
194,68.211,300.493,555.401
195,68.208,300.630,555.636
196,68.206,300.769,555.871
197,68.203,300.909,556.103
198,68.200,301.049,556.333
199,68.198,301.191,556.564
200,68.195,301.334,556.791
201,68.192,301.478,557.018
202,68.190,301.624,557.243
203,68.187,301.770,557.466
204,68.184,301.918,557.688
205,68.181,302.067,557.910
206,68.179,302.217,558.128
207,68.176,302.368,558.345
208,68.173,302.520,558.563
209,68.170,302.673,558.777
210,68.167,302.827,558.991
211,68.164,302.983,559.204
212,68.162,303.140,559.414
213,68.159,303.297,559.624
214,68.156,303.456,559.833
215,68.153,303.616,560.040
216,68.150,303.776,560.246
217,68.147,303.938,560.450
218,68.144,304.101,560.654
219,68.141,304.265,560.857
220,68.138,304.430,561.057
221,68.135,304.596,561.257
222,68.132,304.763,561.456
223,68.129,304.931,561.653
224,68.126,305.100,561.851
225,68.123,305.270,562.044
226,68.120,305.442,562.239
227,68.117,305.614,562.432
228,68.114,305.787,562.623
229,68.111,305.960,562.815
230,68.107,306.135,563.004
231,68.104,306.311,563.193
232,68.101,306.487,563.381
233,68.098,306.665,563.566
234,68.095,306.843,563.754
235,68.092,307.023,563.936
236,68.088,307.204,564.120
237,68.085,307.385,564.302
238,68.082,307.567,564.483
239,68.079,307.750,564.664
240,68.075,307.934,564.842
241,68.072,308.119,565.023
242,68.069,308.305,565.199
243,68.065,308.491,565.375
244,68.062,308.679,565.551
245,68.059,308.867,565.725
246,68.055,309.056,565.900
247,68.052,309.245,566.071
248,68.049,309.436,566.245
249,68.045,309.628,566.414
250,68.042,309.820,566.586
251,68.038,310.013,566.754
252,68.035,310.207,566.923
253,68.031,310.402,567.090
254,68.028,310.597,567.256
255,68.024,310.794,567.423
256,68.021,310.990,567.587
257,68.017,311.188,567.752
258,68.014,311.386,567.914
259,68.010,311.586,568.078
260,68.007,311.786,568.237
261,68.003,311.987,568.400
262,67.999,312.188,568.559
263,67.996,312.390,568.719
264,67.992,312.593,568.877
265,67.989,312.796,569.035
266,67.985,313.001,569.191
267,67.981,313.205,569.348
268,67.978,313.411,569.504
269,67.974,313.617,569.658
270,67.970,313.824,569.812
271,67.966,314.031,569.964
272,67.963,314.240,570.118
273,67.959,314.449,570.268
274,67.955,314.658,570.421
275,67.951,314.868,570.570
276,67.947,315.079,570.721
277,67.944,315.290,570.868
278,67.940,315.502,571.018
279,67.936,315.715,571.164
280,67.932,315.928,571.312
281,67.928,316.141,571.457
282,67.924,316.356,571.604
283,67.920,316.571,571.748
284,67.916,316.786,571.893
285,67.912,317.003,572.035
286,67.908,317.219,572.180
287,67.904,317.436,572.320
288,67.900,317.654,572.464
289,67.896,317.872,572.604
290,67.892,318.091,572.745
291,67.888,318.310,572.884
292,67.884,318.530,573.024
293,67.880,318.750,573.162
294,67.876,318.971,573.301
295,67.872,319.192,573.437
296,67.868,319.414,573.576
297,67.864,319.636,573.710
298,67.860,319.859,573.848
299,67.855,320.082,573.981
300,67.851,320.306,574.117
301,67.847,320.530,574.249
302,67.843,320.755,574.385
303,67.839,320.980,574.515
304,67.834,321.206,574.650
305,67.830,321.432,574.779
306,67.826,321.659,574.913
307,67.822,321.886,575.042
308,67.817,322.113,575.174
309,67.813,322.341,575.302
310,67.809,322.569,575.432
311,67.804,322.798,575.560
312,67.800,323.027,575.689
313,67.796,323.257,575.816
314,67.791,323.487,575.944
315,67.787,323.717,576.069
316,67.782,323.948,576.197
317,67.778,324.179,576.321
318,67.773,324.410,576.448
319,67.769,324.641,576.571
320,67.765,324.873,576.697
321,67.760,325.106,576.818
322,67.756,325.339,576.943
323,67.751,325.572,577.064
324,67.746,325.806,577.189
325,67.742,326.040,577.308
326,67.737,326.274,577.432
327,67.733,326.509,577.551
328,67.728,326.744,577.673
329,67.724,326.979,577.792
330,67.719,327.215,577.913
331,67.714,327.451,578.031
332,67.710,327.687,578.150
333,67.705,327.923,578.268
334,67.700,328.160,578.387
335,67.696,328.397,578.503
336,67.691,328.635,578.621
337,67.686,328.873,578.737
338,67.681,329.111,578.855
339,67.677,329.349,578.969
340,67.672,329.588,579.086
341,67.667,329.826,579.199
342,67.662,330.066,579.315
343,67.657,330.305,579.428
344,67.653,330.545,579.543
345,67.648,330.785,579.655
346,67.643,331.025,579.770
347,67.638,331.265,579.881
348,67.633,331.506,579.994
349,67.628,331.747,580.105
350,67.623,331.988,580.218
351,67.618,332.229,580.327
352,67.613,332.471,580.440
353,67.608,332.713,580.549
354,67.603,332.955,580.660
355,67.598,333.197,580.769
356,67.593,333.439,580.879
357,67.588,333.682,580.987
358,67.583,333.924,581.096
359,67.578,334.167,581.204
360,67.573,334.411,581.312
361,67.568,334.654,581.419
362,67.563,334.898,581.527
363,67.558,335.142,581.633
364,67.553,335.386,581.741
365,67.548,335.630,581.845
366,67.543,335.874,581.953
367,67.537,336.119,582.056
368,67.532,336.364,582.163
369,67.527,336.609,582.266
370,67.522,336.854,582.372
371,67.517,337.099,582.475
372,67.511,337.344,582.580
373,67.506,337.590,582.682
374,67.501,337.836,582.787
375,67.496,338.081,582.888
376,67.490,338.327,582.992
377,67.485,338.574,583.093
378,67.480,338.820,583.196
379,67.474,339.066,583.296
380,67.469,339.313,583.399
381,67.464,339.560,583.498
382,67.458,339.806,583.600
383,67.453,340.053,583.699
384,67.448,340.300,583.801
385,67.442,340.547,583.899
386,67.437,340.795,584.000
387,67.431,341.042,584.098
388,67.426,341.290,584.198
389,67.420,341.537,584.296
390,67.415,341.785,584.395
391,67.409,342.033,584.492
392,67.404,342.280,584.590
393,67.398,342.528,584.687
394,67.393,342.777,584.785
395,67.387,343.025,584.881
396,67.382,343.273,584.978
397,67.376,343.521,585.074
398,67.371,343.770,585.171
399,67.365,344.018,585.266
400,67.359,344.267,585.362
401,67.354,344.515,585.456
402,67.348,344.764,585.552
403,67.343,345.013,585.646
404,67.337,345.262,585.741
405,67.331,345.510,585.834
406,67.326,345.759,585.929
407,67.320,346.008,586.022
408,67.314,346.257,586.116
409,67.308,346.507,586.208
410,67.303,346.756,586.302
411,67.297,347.005,586.393
412,67.291,347.254,586.487
413,67.285,347.503,586.577
414,67.280,347.753,586.670
415,67.274,348.002,586.761
416,67.268,348.251,586.853
417,67.262,348.501,586.943
418,67.256,348.750,587.035
419,67.250,349.000,587.124
420,67.245,349.249,587.215
421,67.239,349.499,587.304
422,67.233,349.748,587.395
423,67.227,349.998,587.483
424,67.221,350.248,587.574
425,67.215,350.497,587.662
426,67.209,350.747,587.751
427,67.203,350.997,587.839
428,67.197,351.246,587.928
429,67.191,351.496,588.016
430,67.185,351.745,588.104
431,67.179,351.995,588.191
432,67.173,352.245,588.279
433,67.167,352.494,588.366
434,67.161,352.744,588.453
435,67.155,352.994,588.539
436,67.149,353.243,588.626
437,67.143,353.493,588.711
438,67.137,353.743,588.798
439,67.131,353.992,588.883
440,67.125,354.242,588.969
441,67.119,354.492,589.054
442,67.112,354.741,589.140
443,67.106,354.991,589.223
444,67.100,355.240,589.309
445,67.094,355.490,589.392
446,67.088,355.739,589.477
447,67.082,355.989,589.560
448,67.075,356.238,589.645
449,67.069,356.487,589.727
450,67.063,356.737,589.811
451,67.057,356.986,589.893
452,67.050,357.235,589.977
453,67.044,357.485,590.058
454,67.038,357.734,590.142
455,67.032,357.983,590.223
456,67.025,358.232,590.305
457,67.019,358.481,590.386
458,67.013,358.730,590.469
459,67.006,358.979,590.549
460,67.000,359.228,590.631
461,66.994,359.477,590.711
462,66.987,359.726,590.792
463,66.981,359.975,590.872
464,66.974,360.224,590.953
465,66.968,360.472,591.032
466,66.962,360.721,591.112
467,66.955,360.970,591.191
468,66.949,361.218,591.271
469,66.942,361.467,591.349
470,66.936,361.715,591.429
471,66.929,361.963,591.507
472,66.923,362.212,591.586
473,66.916,362.460,591.664
474,66.910,362.708,591.743
475,66.903,362.956,591.821
476,66.897,363.204,591.898
477,66.890,363.452,591.976
478,66.884,363.700,592.053
479,66.877,363.948,592.130
480,66.871,364.195,592.207
481,66.864,364.443,592.284
482,66.857,364.690,592.361
483,66.851,364.938,592.436
484,66.844,365.185,592.513
485,66.837,365.433,592.588
486,66.831,365.680,592.665
487,66.824,365.927,592.739
488,66.817,366.174,592.815
489,66.811,366.421,592.890
490,66.804,366.668,592.965
491,66.797,366.915,593.039
492,66.791,367.161,593.114
493,66.784,367.408,593.188
494,66.777,367.654,593.263
495,66.771,367.901,593.336
496,66.764,368.147,593.410
497,66.757,368.393,593.483
498,66.750,368.639,593.557
499,66.743,368.886,593.630
500,66.737,369.131,593.703
501,66.730,369.377,593.776
502,66.723,369.623,593.849
503,66.716,369.869,593.921
504,66.709,370.114,593.993
505,66.703,370.360,594.065
506,66.696,370.605,594.137
507,66.689,370.850,594.208
508,66.682,371.095,594.280
509,66.675,371.340,594.351
510,66.668,371.585,594.423
511,66.661,371.830,594.493
512,66.654,372.074,594.564
513,66.647,372.319,594.634
514,66.640,372.563,594.705
515,66.633,372.808,594.775
516,66.626,373.052,594.845
517,66.619,373.296,594.915
518,66.612,373.540,594.985
519,66.605,373.784,595.054
520,66.598,374.027,595.124
521,66.591,374.271,595.192
522,66.584,374.515,595.262
523,66.577,374.758,595.330
524,66.570,375.001,595.399
525,66.563,375.244,595.467
526,66.556,375.487,595.536
527,66.549,375.730,595.604
528,66.542,375.973,595.671
529,66.535,376.216,595.739
530,66.528,376.458,595.807
531,66.521,376.701,595.875
532,66.514,376.943,595.942
533,66.506,377.186,596.009
534,66.499,377.428,596.076
535,66.492,377.669,596.142
536,66.485,377.911,596.209
537,66.478,378.153,596.275
538,66.471,378.394,596.342
539,66.463,378.635,596.407
540,66.456,378.877,596.474
541,66.449,379.118,596.539
542,66.442,379.358,596.605
543,66.434,379.599,596.670
544,66.427,379.840,596.735
545,66.420,380.080,596.800
546,66.413,380.321,596.865
547,66.405,380.561,596.929
548,66.398,380.801,596.994
549,66.391,381.041,597.058
550,66.383,381.281,597.123
551,66.376,381.520,597.186
552,66.369,381.760,597.250
553,66.361,381.999,597.314
554,66.354,382.238,597.378
555,66.347,382.477,597.441
556,66.339,382.716,597.504
557,66.332,382.955,597.567
558,66.324,383.193,597.630
559,66.317,383.432,597.693
560,66.310,383.670,597.755
561,66.302,383.908,597.818
562,66.295,384.146,597.880
563,66.287,384.384,597.942
564,66.280,384.622,598.004
565,66.272,384.859,598.066
566,66.265,385.097,598.127
567,66.257,385.334,598.189
568,66.250,385.571,598.250
569,66.242,385.808,598.311
570,66.235,386.045,598.372
571,66.227,386.281,598.433
572,66.220,386.518,598.494
573,66.212,386.754,598.554
574,66.205,386.990,598.615
575,66.197,387.226,598.675
576,66.190,387.462,598.735
577,66.182,387.698,598.795
578,66.174,387.933,598.855
579,66.167,388.168,598.915
580,66.159,388.404,598.974
581,66.151,388.639,599.033
582,66.144,388.873,599.093
583,66.136,389.108,599.152
584,66.129,389.343,599.211
585,66.121,389.577,599.269
586,66.113,389.811,599.328
587,66.106,390.045,599.386
588,66.098,390.279,599.445
589,66.090,390.513,599.503
590,66.082,390.746,599.561
591,66.075,390.979,599.619
592,66.067,391.213,599.677
593,66.059,391.446,599.734
594,66.051,391.679,599.792
595,66.044,391.911,599.849
596,66.036,392.144,599.907
597,66.028,392.376,599.964
598,66.020,392.608,600.020
599,66.012,392.840,600.077
600,66.005,393.072,600.134
601,65.997,393.304,600.191
602,65.989,393.536,600.247
603,65.981,393.767,600.304
604,65.973,393.998,600.360
605,65.965,394.229,600.416
606,65.958,394.460,600.472
607,65.950,394.691,600.527
608,65.942,394.921,600.583
609,65.934,395.151,600.638
610,65.926,395.382,600.694
611,65.918,395.611,600.749
612,65.910,395.841,600.804
613,65.902,396.071,600.859
614,65.894,396.300,600.914
615,65.886,396.529,600.968
616,65.878,396.758,601.023
617,65.870,396.987,601.077
618,65.862,397.216,601.131
619,65.854,397.444,601.185
620,65.846,397.672,601.239
621,65.838,397.900,601.293
622,65.830,398.128,601.347
623,65.822,398.356,601.400
624,65.814,398.584,601.454
625,65.806,398.811,601.507
626,65.798,399.038,601.561
627,65.790,399.265,601.614
628,65.782,399.492,601.667
629,65.774,399.719,601.719
630,65.766,399.945,601.772
631,65.758,400.171,601.825
632,65.749,400.397,601.877
633,65.741,400.623,601.929
634,65.733,400.849,601.982
635,65.725,401.074,602.034
636,65.717,401.300,602.086
637,65.709,401.525,602.138
638,65.700,401.750,602.189
639,65.692,401.975,602.241
640,65.684,402.199,602.293
641,65.676,402.423,602.344
642,65.668,402.648,602.395
643,65.659,402.872,602.446
644,65.651,403.095,602.497
645,65.643,403.319,602.548
646,65.635,403.542,602.599
647,65.626,403.766,602.650
648,65.618,403.989,602.700
649,65.610,404.212,602.751
650,65.601,404.434,602.801
651,65.593,404.657,602.851
652,65.585,404.879,602.901
653,65.576,405.101,602.951
654,65.568,405.323,603.001
655,65.560,405.545,603.051
656,65.551,405.766,603.100
657,65.543,405.988,603.150
658,65.535,406.209,603.199
659,65.526,406.430,603.249
660,65.518,406.651,603.298
661,65.509,406.871,603.347
662,65.501,407.092,603.396
663,65.493,407.312,603.445
664,65.484,407.532,603.494
665,65.476,407.751,603.542
666,65.467,407.971,603.591
667,65.459,408.190,603.639
668,65.450,408.409,603.687
669,65.442,408.628,603.735
670,65.433,408.847,603.784
671,65.425,409.065,603.832
672,65.416,409.284,603.880
673,65.408,409.502,603.927
674,65.399,409.720,603.975
675,65.391,409.937,604.022
676,65.382,410.155,604.070
677,65.373,410.372,604.117
678,65.365,410.589,604.165
679,65.356,410.806,604.212
680,65.348,411.023,604.259
681,65.339,411.239,604.306
682,65.330,411.455,604.353
683,65.322,411.671,604.400
684,65.313,411.887,604.446
685,65.304,412.103,604.493
686,65.296,412.318,604.539
687,65.287,412.534,604.586
688,65.278,412.749,604.632
689,65.270,412.963,604.679
690,65.261,413.178,604.725
691,65.252,413.392,604.771
692,65.244,413.607,604.817
693,65.235,413.821,604.862
694,65.226,414.034,604.908
695,65.217,414.248,604.953
696,65.209,414.461,604.999
697,65.200,414.674,605.044
698,65.191,414.887,605.090
699,65.182,415.100,605.135
700,65.173,415.313,605.180
701,65.165,415.525,605.225
702,65.156,415.737,605.270
703,65.147,415.949,605.314
704,65.138,416.161,605.359
705,65.129,416.373,605.404
706,65.120,416.584,605.448
707,65.112,416.795,605.492
708,65.103,417.006,605.537
709,65.094,417.217,605.581
710,65.085,417.427,605.625
711,65.076,417.637,605.669
712,65.067,417.847,605.713
713,65.058,418.057,605.757
714,65.049,418.266,605.801
715,65.040,418.476,605.844
716,65.031,418.685,605.888
717,65.022,418.894,605.932
718,65.013,419.102,605.975
719,65.004,419.311,606.018
720,64.995,419.519,606.062
721,64.986,419.727,606.105
722,64.977,419.935,606.148
723,64.968,420.142,606.191
724,64.959,420.350,606.234
725,64.950,420.557,606.276
726,64.941,420.764,606.319
727,64.932,420.971,606.362
728,64.923,421.177,606.405
729,64.914,421.383,606.447
730,64.905,421.589,606.489
731,64.895,421.795,606.531
732,64.886,422.001,606.574
733,64.877,422.206,606.616
734,64.868,422.411,606.658
735,64.859,422.616,606.700
736,64.850,422.821,606.742
737,64.841,423.025,606.783
738,64.831,423.230,606.825
739,64.822,423.434,606.867
740,64.813,423.637,606.908
741,64.804,423.841,606.950
742,64.794,424.044,606.991
743,64.785,424.247,607.032
744,64.776,424.450,607.074
745,64.767,424.653,607.115
746,64.757,424.855,607.156
747,64.748,425.058,607.197
748,64.739,425.260,607.238
749,64.729,425.462,607.278
750,64.720,425.663,607.319
751,64.711,425.865,607.360
752,64.701,426.066,607.401
753,64.692,426.267,607.441
754,64.683,426.468,607.481
755,64.673,426.668,607.521
756,64.664,426.868,607.562
757,64.655,427.068,607.602
758,64.645,427.268,607.642
759,64.636,427.467,607.682
760,64.626,427.667,607.722
761,64.617,427.866,607.762
762,64.607,428.064,607.802
763,64.598,428.263,607.841
764,64.588,428.461,607.881
765,64.579,428.659,607.921
766,64.569,428.857,607.960
767,64.560,429.055,607.999
768,64.550,429.252,608.039
769,64.541,429.449,608.078
770,64.531,429.646,608.118
771,64.522,429.843,608.156
772,64.512,430.039,608.196
773,64.503,430.235,608.234
774,64.493,430.431,608.274
775,64.483,430.627,608.312
776,64.474,430.823,608.351
777,64.464,431.018,608.390
778,64.455,431.213,608.429
779,64.445,431.408,608.467
780,64.435,431.602,608.506
781,64.426,431.797,608.544
782,64.416,431.991,608.583
783,64.406,432.184,608.620
784,64.396,432.378,608.659
785,64.387,432.571,608.697
786,64.377,432.764,608.735
787,64.367,432.957,608.773
788,64.358,433.150,608.811
789,64.348,433.342,608.848
790,64.338,433.534,608.887
791,64.328,433.726,608.924
792,64.318,433.918,608.962
793,64.309,434.109,608.999
794,64.299,434.300,609.037
795,64.289,434.491,609.074
796,64.279,434.682,609.112
797,64.269,434.873,609.149
798,64.259,435.063,609.186
799,64.250,435.254,609.223
800,64.240,435.443,609.261
801,64.230,435.633,609.298
802,64.220,435.822,609.335
803,64.210,436.011,609.372
804,64.200,436.200,609.409
805,64.190,436.388,609.446
806,64.180,436.576,609.482
807,64.170,436.764,609.519
808,64.160,436.952,609.555
809,64.150,437.139,609.592
810,64.140,437.327,609.628
811,64.130,437.514,609.665
812,64.120,437.700,609.701
813,64.110,437.887,609.738
814,64.100,438.073,609.774
815,64.090,438.259,609.810
816,64.080,438.445,609.846
817,64.070,438.630,609.882
818,64.060,438.815,609.918
819,64.050,439.000,609.954
820,64.040,439.185,609.990
821,64.030,439.369,610.025
822,64.019,439.554,610.061
823,64.009,439.738,610.097
824,63.999,439.921,610.133
825,63.989,440.105,610.168
826,63.979,440.288,610.204
827,63.968,440.471,610.239
828,63.958,440.654,610.274
829,63.948,440.836,610.309
830,63.938,441.018,610.345
831,63.928,441.200,610.379
832,63.917,441.382,610.415
833,63.907,441.563,610.450
834,63.897,441.744,610.485
835,63.886,441.925,610.519
836,63.876,442.106,610.555
837,63.866,442.287,610.589
838,63.856,442.467,610.624
839,63.845,442.647,610.658
840,63.835,442.826,610.694
841,63.824,443.006,610.728
842,63.814,443.185,610.763
843,63.804,443.364,610.796
844,63.793,443.542,610.831
845,63.783,443.720,610.865
846,63.772,443.898,610.900
847,63.762,444.076,610.934
848,63.752,444.254,610.968
849,63.741,444.431,611.002
850,63.731,444.608,611.036
851,63.720,444.785,611.070
852,63.710,444.961,611.104
853,63.699,445.137,611.137
854,63.689,445.313,611.172
855,63.678,445.489,611.205
856,63.668,445.664,611.239
857,63.657,445.839,611.272
858,63.646,446.014,611.307
859,63.636,446.189,611.339
860,63.625,446.363,611.374
861,63.615,446.537,611.406
862,63.604,446.711,611.440
863,63.593,446.884,611.473
864,63.583,447.057,611.507
865,63.572,447.230,611.539
866,63.561,447.403,611.573
867,63.551,447.576,611.605
868,63.540,447.748,611.639
869,63.529,447.920,611.671
870,63.519,448.091,611.705
871,63.508,448.263,611.737
872,63.497,448.434,611.771
873,63.486,448.605,611.803
874,63.476,448.775,611.836
875,63.465,448.946,611.868
876,63.454,449.116,611.901
877,63.443,449.286,611.933
878,63.432,449.455,611.966
879,63.421,449.625,611.998
880,63.411,449.794,612.031
881,63.400,449.962,612.063
882,63.389,450.131,612.096
883,63.378,450.299,612.127
884,63.367,450.466,612.160
885,63.356,450.634,612.192
886,63.345,450.801,612.224
887,63.334,450.968,612.256
888,63.323,451.135,612.288
889,63.312,451.301,612.319
890,63.301,451.468,612.352
891,63.290,451.634,612.383
892,63.279,451.799,612.416
893,63.268,451.964,612.447
894,63.257,452.130,612.479
895,63.246,452.294,612.510
896,63.235,452.459,612.542
897,63.224,452.623,612.573
898,63.213,452.787,612.605
899,63.202,452.951,612.636
900,63.191,453.114,612.668
901,63.180,453.277,612.698
902,63.169,453.440,612.730
903,63.158,453.603,612.761
904,63.147,453.765,612.793
905,63.135,453.927,612.823
906,63.124,454.089,612.855
907,63.113,454.250,612.885
908,63.102,454.411,612.917
909,63.091,454.572,612.947
910,63.079,454.733,612.979
911,63.068,454.893,613.009
912,63.057,455.053,613.040
913,63.046,455.213,613.070
914,63.034,455.373,613.101
915,63.023,455.532,613.131
916,63.012,455.692,613.163
917,63.000,455.850,613.192
918,62.989,456.009,613.224
919,62.978,456.167,613.253
920,62.966,456.324,613.284
921,62.955,456.482,613.314
922,62.944,456.639,613.345
923,62.932,456.796,613.374
924,62.921,456.953,613.405
925,62.909,457.109,613.435
926,62.898,457.265,613.466
927,62.887,457.421,613.495
928,62.875,457.577,613.526
929,62.864,457.732,613.555
930,62.852,457.887,613.585
931,62.841,458.042,613.614
932,62.829,458.196,613.645
933,62.818,458.350,613.674
934,62.806,458.504,613.705
935,62.795,458.658,613.733
936,62.783,458.811,613.764
937,62.771,458.964,613.793
938,62.760,459.117,613.823
939,62.748,459.269,613.852
940,62.737,459.421,613.882
941,62.725,459.573,613.910
942,62.713,459.725,613.941
943,62.702,459.876,613.969
944,62.690,460.027,613.999
945,62.678,460.178,614.028
946,62.667,460.328,614.058
947,62.655,460.478,614.086
948,62.643,460.628,614.116
949,62.631,460.778,614.144
950,62.620,460.928,614.174
951,62.608,461.077,614.202
952,62.596,461.226,614.232
953,62.584,461.374,614.260
954,62.573,461.523,614.289
955,62.561,461.671,614.317
956,62.549,461.818,614.347
957,62.537,461.966,614.375
958,62.525,462.113,614.404
959,62.514,462.259,614.432
960,62.502,462.406,614.461
961,62.490,462.552,614.489
962,62.478,462.698,614.518
963,62.466,462.844,614.546
964,62.454,462.989,614.575
965,62.442,463.134,614.603
966,62.430,463.279,614.632
967,62.418,463.423,614.659
968,62.406,463.568,614.688
969,62.394,463.711,614.715
970,62.382,463.855,614.745
971,62.370,463.998,614.772
972,62.358,464.142,614.801
973,62.346,464.284,614.828
974,62.334,464.427,614.857
975,62.322,464.569,614.884
976,62.310,464.711,614.912
977,62.298,464.853,614.939
978,62.286,464.994,614.968
979,62.274,465.135,614.995
980,62.262,465.276,615.023
981,62.249,465.417,615.050
982,62.237,465.557,615.079
983,62.225,465.697,615.105
984,62.213,465.837,615.134
985,62.201,465.977,615.160
986,62.189,466.116,615.189
987,62.176,466.255,615.215
988,62.164,466.394,615.244
989,62.152,466.532,615.270
990,62.140,466.670,615.298
991,62.127,466.808,615.325
992,62.115,466.946,615.353
993,62.103,467.083,615.379
994,62.091,467.220,615.407
995,62.078,467.357,615.433
996,62.066,467.493,615.461
997,62.054,467.629,615.487
998,62.041,467.765,615.515
999,62.029,467.901,615.541
1000,62.017,468.036,615.569
1001,62.004,468.171,615.595
1002,61.992,468.305,615.623
1003,61.979,468.440,615.649
1004,61.967,468.574,615.676
1005,61.955,468.708,615.702
1006,61.942,468.842,615.730
1007,61.930,468.975,615.755
1008,61.917,469.108,615.783
1009,61.905,469.241,615.809
1010,61.892,469.374,615.836
1011,61.880,469.506,615.862
1012,61.867,469.638,615.889
1013,61.855,469.770,615.914
1014,61.842,469.902,615.942
1015,61.829,470.033,615.967
1016,61.817,470.164,615.994
1017,61.804,470.294,616.020
1018,61.792,470.425,616.047
1019,61.779,470.555,616.072
1020,61.767,470.685,616.099
1021,61.754,470.815,616.124
1022,61.741,470.944,616.151
1023,61.729,471.073,616.176
1024,61.716,471.202,616.203
1025,61.703,471.331,616.229
1026,61.691,471.459,616.255
1027,61.678,471.587,616.281
1028,61.665,471.715,616.307
1029,61.652,471.842,616.332
1030,61.640,471.970,616.359
1031,61.627,472.097,616.384
1032,61.614,472.223,616.410
1033,61.601,472.350,616.436
1034,61.589,472.476,616.461
1035,61.576,472.602,616.487
1036,61.563,472.728,616.512
1037,61.550,472.853,616.538
1038,61.537,472.979,616.563
1039,61.525,473.105,616.589
1040,61.512,473.229,616.614
1041,61.499,473.353,616.639
1042,61.486,473.478,616.665
1043,61.473,473.602,616.690
1044,61.460,473.726,616.716
1045,61.447,473.849,616.741
1046,61.434,473.972,616.766
1047,61.421,474.095,616.791
1048,61.408,474.218,616.816
1049,61.395,474.340,616.841
1050,61.382,474.463,616.866
1051,61.369,474.585,616.891
1052,61.356,474.706,616.917
1053,61.343,474.828,616.941
1054,61.330,474.949,616.966
1055,61.317,475.070,616.991
1056,61.304,475.191,617.016
1057,61.291,475.311,617.041
1058,61.278,475.431,617.066
1059,61.265,475.551,617.090
1060,61.252,475.671,617.115
1061,61.239,475.791,617.140
1062,61.226,475.910,617.165
1063,61.213,476.029,617.189
1064,61.200,476.148,617.214
1065,61.187,476.267,617.238
1066,61.173,476.385,617.263
1067,61.160,476.503,617.287
1068,61.147,476.621,617.312
1069,61.134,476.739,617.336
1070,61.121,476.856,617.361
1071,61.107,476.973,617.385
1072,61.094,477.090,617.409
1073,61.081,477.207,617.433
1074,61.068,477.323,617.458
1075,61.055,477.440,617.482
1076,61.041,477.556,617.507
1077,61.028,477.672,617.530
1078,61.015,477.787,617.555
1079,61.001,477.903,617.579
1080,60.988,478.018,617.604
1081,60.975,478.133,617.627
1082,60.961,478.248,617.652
1083,60.948,478.363,617.675
1084,60.935,478.477,617.700
1085,60.921,478.591,617.722
1086,60.908,478.705,617.747
1087,60.895,478.819,617.770
1088,60.881,478.932,617.795
1089,60.868,479.045,617.818
1090,60.855,479.158,617.843
1091,60.841,479.271,617.865
1092,60.828,479.383,617.889
1093,60.814,479.496,617.913
1094,60.801,479.608,617.937
1095,60.787,479.720,617.960
1096,60.774,479.831,617.984
1097,60.760,479.943,618.007
1098,60.747,480.054,618.031
1099,60.733,480.165,618.054
1100,60.720,480.276,618.078
1101,60.706,480.387,618.101
1102,60.693,480.497,618.125
1103,60.679,480.608,618.147
1104,60.666,480.718,618.172
1105,60.652,480.828,618.194
1106,60.639,480.937,618.218
1107,60.625,481.047,618.240
1108,60.611,481.156,618.264
1109,60.598,481.265,618.287
1110,60.584,481.374,618.311
1111,60.571,481.483,618.333
1112,60.557,481.591,618.357
1113,60.543,481.699,618.379
1114,60.530,481.807,618.403
1115,60.516,481.915,618.425
1116,60.502,482.023,618.449
1117,60.489,482.131,618.471
1118,60.475,482.238,618.495
1119,60.461,482.345,618.517
1120,60.448,482.452,618.541
1121,60.434,482.559,618.563
1122,60.420,482.665,618.587
1123,60.406,482.772,618.608
1124,60.393,482.878,618.632
1125,60.379,482.984,618.654
1126,60.365,483.090,618.677
1127,60.351,483.196,618.699
1128,60.338,483.302,618.723
1129,60.324,483.407,618.744
1130,60.310,483.513,618.768
1131,60.296,483.618,618.789
1132,60.282,483.723,618.813
1133,60.269,483.827,618.834
1134,60.255,483.932,618.858
1135,60.241,484.036,618.879
1136,60.227,484.140,618.903
1137,60.213,484.244,618.924
1138,60.199,484.348,618.947
1139,60.185,484.452,618.969
1140,60.172,484.555,618.992
1141,60.158,484.658,619.013
1142,60.144,484.761,619.036
1143,60.130,484.864,619.058
1144,60.116,484.967,619.081
1145,60.102,485.070,619.102
1146,60.088,485.172,619.125
1147,60.074,485.275,619.146
1148,60.060,485.377,619.169
1149,60.046,485.479,619.190
1150,60.032,485.581,619.213
1151,60.018,485.682,619.234
1152,60.004,485.784,619.257
1153,59.990,485.885,619.278
1154,59.976,485.986,619.301
1155,59.962,486.088,619.322
1156,59.948,486.188,619.345
1157,59.934,486.289,619.366
1158,59.920,486.390,619.389
1159,59.906,486.490,619.409
1160,59.892,486.591,619.432
1161,59.878,486.691,619.453
1162,59.864,486.791,619.476
1163,59.850,486.891,619.496
1164,59.836,486.991,619.519
1165,59.821,487.090,619.539
1166,59.807,487.190,619.562
1167,59.793,487.289,619.583
1168,59.779,487.388,619.605
1169,59.765,487.487,619.626
1170,59.751,487.586,619.648
1171,59.737,487.685,619.669
1172,59.723,487.784,619.691
1173,59.708,487.882,619.712
1174,59.694,487.981,619.734
1175,59.680,488.079,619.754
1176,59.666,488.177,619.777
1177,59.652,488.275,619.797
1178,59.637,488.373,619.819
1179,59.623,488.471,619.840
1180,59.609,488.568,619.862
1181,59.595,488.666,619.882
1182,59.580,488.763,619.904
1183,59.566,488.860,619.925
1184,59.552,488.957,619.947
1185,59.538,489.054,619.967
1186,59.523,489.151,619.989
1187,59.509,489.248,620.009
1188,59.495,489.345,620.031
1189,59.481,489.441,620.051
1190,59.466,489.538,620.073
1191,59.452,489.634,620.093
1192,59.438,489.730,620.115
1193,59.423,489.826,620.135
1194,59.409,489.922,620.157
1195,59.395,490.018,620.177
1196,59.380,490.113,620.199
1197,59.366,490.209,620.219
1198,59.352,490.305,620.241
1199,59.337,490.400,620.260
1200,59.323,490.495,620.282
1201,59.309,490.591,620.302
1202,59.294,490.685,620.324
1203,59.280,490.781,620.343
1204,59.265,490.875,620.365
1205,59.251,490.971,620.385
1206,59.237,491.065,620.406
1207,59.222,491.159,620.426
1208,59.208,491.254,620.448
1209,59.193,491.348,620.467
1210,59.179,491.442,620.489
1211,59.164,491.537,620.508
1212,59.150,491.631,620.530
1213,59.135,491.725,620.549
1214,59.121,491.818,620.571
1215,59.106,491.912,620.590
1216,59.092,492.006,620.612
1217,59.078,492.099,620.631
1218,59.063,492.193,620.652
1219,59.049,492.286,620.672
1220,59.034,492.379,620.693
1221,59.019,492.472,620.712
1222,59.005,492.565,620.734
1223,58.990,492.658,620.753
1224,58.976,492.751,620.774
1225,58.961,492.844,620.793
1226,58.947,492.937,620.815
1227,58.932,493.029,620.834
1228,58.918,493.122,620.855
1229,58.903,493.214,620.874
1230,58.889,493.307,620.895
1231,58.874,493.399,620.914
1232,58.859,493.491,620.936
1233,58.845,493.583,620.954
1234,58.830,493.675,620.976
1235,58.816,493.767,620.994
1236,58.801,493.859,621.016
1237,58.786,493.951,621.034
1238,58.772,494.042,621.056
1239,58.757,494.134,621.074
1240,58.742,494.226,621.095
1241,58.728,494.317,621.114
1242,58.713,494.408,621.135
1243,58.698,494.500,621.154
1244,58.684,494.591,621.175
1245,58.669,494.682,621.194
1246,58.654,494.773,621.214
1247,58.640,494.864,621.233
1248,58.625,494.955,621.254
1249,58.610,495.046,621.273
1250,58.596,495.137,621.293
1251,58.581,495.227,621.312
1252,58.566,495.318,621.333
1253,58.551,495.409,621.351
1254,58.537,495.499,621.372
1255,58.522,495.590,621.391
1256,58.507,495.680,621.411
1257,58.492,495.770,621.430
1258,58.478,495.860,621.450
1259,58.463,495.951,621.469
1260,58.448,496.041,621.489
1261,58.433,496.131,621.508
1262,58.419,496.221,621.528
1263,58.404,496.311,621.547
1264,58.389,496.401,621.567
1265,58.374,496.490,621.586
1266,58.359,496.580,621.606
1267,58.345,496.670,621.624
1268,58.330,496.759,621.645
1269,58.315,496.849,621.663
1270,58.300,496.938,621.684
1271,58.285,497.028,621.702
1272,58.271,497.117,621.722
1273,58.256,497.206,621.740
1274,58.241,497.296,621.761
1275,58.226,497.385,621.779
1276,58.211,497.474,621.799
1277,58.196,497.563,621.817
1278,58.181,497.652,621.838
1279,58.166,497.741,621.855
1280,58.152,497.830,621.876
1281,58.137,497.919,621.894
1282,58.122,498.008,621.914
1283,58.107,498.097,621.932
1284,58.092,498.185,621.952
1285,58.077,498.274,621.970
1286,58.062,498.363,621.990
1287,58.047,498.451,622.008
1288,58.032,498.540,622.028
1289,58.017,498.628,622.046
1290,58.002,498.717,622.066
1291,57.987,498.805,622.084
1292,57.972,498.893,622.104
1293,57.958,498.982,622.122
1294,57.943,499.070,622.142
1295,57.928,499.158,622.160
1296,57.913,499.246,622.180
1297,57.898,499.334,622.197
1298,57.883,499.422,622.217
1299,57.868,499.510,622.235
1300,57.853,499.598,622.255
1301,57.838,499.686,622.272
1302,57.823,499.774,622.292
1303,57.808,499.862,622.310
1304,57.793,499.950,622.330
1305,57.778,500.038,622.347
1306,57.763,500.125,622.367
1307,57.747,500.213,622.385
1308,57.732,500.301,622.404
1309,57.717,500.388,622.422
1310,57.702,500.476,622.442
1311,57.687,500.563,622.459
1312,57.672,500.651,622.479
1313,57.657,500.738,622.496
1314,57.642,500.826,622.516
1315,57.627,500.913,622.533
1316,57.612,501.000,622.553
1317,57.597,501.088,622.570
1318,57.582,501.175,622.590
1319,57.567,501.262,622.607
1320,57.551,501.349,622.627
1321,57.536,501.436,622.644
1322,57.521,501.523,622.664
1323,57.506,501.611,622.681
1324,57.491,501.698,622.701
1325,57.476,501.785,622.718
1326,57.461,501.872,622.737
1327,57.446,501.959,622.754
1328,57.430,502.045,622.774
1329,57.415,502.132,622.791
1330,57.400,502.219,622.810
1331,57.385,502.306,622.828
1332,57.370,502.393,622.847
1333,57.355,502.480,622.864
1334,57.339,502.566,622.883
1335,57.324,502.653,622.900
1336,57.309,502.740,622.920
1337,57.294,502.826,622.937
1338,57.279,502.913,622.956
1339,57.263,502.999,622.973
1340,57.248,503.086,622.992
1341,57.233,503.172,623.009
1342,57.218,503.259,623.029
1343,57.202,503.345,623.046
1344,57.187,503.432,623.065
1345,57.172,503.518,623.082
1346,57.157,503.605,623.101
1347,57.141,503.691,623.118
1348,57.126,503.777,623.137
1349,57.111,503.864,623.154
1350,57.096,503.950,623.173
1351,57.080,504.036,623.190
1352,57.065,504.122,623.209
1353,57.050,504.208,623.226
1354,57.034,504.295,623.245
1355,57.019,504.381,623.261
1356,57.004,504.467,623.281
1357,56.988,504.553,623.297
1358,56.973,504.639,623.316
1359,56.958,504.725,623.333
1360,56.943,504.811,623.352
1361,56.927,504.897,623.369
1362,56.912,504.983,623.388
1363,56.896,505.069,623.404
1364,56.881,505.155,623.423
1365,56.866,505.241,623.440
1366,56.850,505.327,623.459
1367,56.835,505.413,623.475
1368,56.820,505.499,623.494
1369,56.804,505.584,623.511
1370,56.789,505.670,623.529
1371,56.774,505.756,623.546
1372,56.758,505.842,623.565
1373,56.743,505.928,623.581
1374,56.727,506.013,623.600
1375,56.712,506.099,623.616
1376,56.696,506.185,623.635
1377,56.681,506.270,623.652
1378,56.666,506.356,623.670
1379,56.650,506.442,623.687
1380,56.635,506.527,623.706
1381,56.619,506.613,623.722
1382,56.604,506.698,623.741
1383,56.588,506.784,623.757
1384,56.573,506.870,623.776
1385,56.557,506.955,623.792
1386,56.542,507.041,623.811
1387,56.527,507.126,623.827
1388,56.511,507.211,623.845
1389,56.496,507.297,623.862
1390,56.480,507.382,623.880
1391,56.465,507.468,623.896
1392,56.449,507.553,623.915
1393,56.434,507.638,623.931
1394,56.418,507.724,623.950
1395,56.402,507.809,623.966
1396,56.387,507.894,623.984
1397,56.371,507.980,624.001
1398,56.356,508.065,624.019
1399,56.340,508.150,624.035
1400,56.325,508.235,624.054
1401,56.309,508.321,624.070
1402,56.294,508.406,624.088
1403,56.278,508.491,624.104
1404,56.263,508.576,624.123
1405,56.247,508.661,624.139
1406,56.231,508.747,624.157
1407,56.216,508.832,624.173
1408,56.200,508.917,624.191
1409,56.185,509.002,624.207
1410,56.169,509.087,624.226
1411,56.153,509.172,624.242
1412,56.138,509.257,624.260
1413,56.122,509.342,624.276
1414,56.106,509.427,624.294
1415,56.091,509.512,624.310
1416,56.075,509.597,624.328
1417,56.060,509.682,624.344
1418,56.044,509.767,624.363
1419,56.028,509.852,624.379
1420,56.013,509.937,624.397
1421,55.997,510.022,624.413
1422,55.981,510.107,624.431
1423,55.966,510.191,624.447
1424,55.950,510.276,624.465
1425,55.934,510.361,624.481
1426,55.918,510.446,624.499
1427,55.903,510.531,624.514
1428,55.887,510.615,624.532
1429,55.871,510.700,624.548
1430,55.856,510.785,624.566
1431,55.840,510.870,624.582
1432,55.824,510.954,624.600
1433,55.808,511.039,624.616
1434,55.793,511.124,624.634
1435,55.777,511.209,624.649
1436,55.761,511.293,624.667
1437,55.745,511.378,624.683
1438,55.730,511.463,624.701
1439,55.714,511.547,624.717
1440,55.698,511.632,624.735
1441,55.682,511.716,624.750
1442,55.666,511.801,624.768
1443,55.651,511.886,624.784
1444,55.635,511.970,624.802
1445,55.619,512.054,624.817
1446,55.603,512.139,624.835
1447,55.587,512.223,624.851
1448,55.571,512.308,624.869
1449,55.556,512.392,624.885
1450,55.540,512.477,624.902
1451,55.524,512.562,624.918
1452,55.508,512.646,624.935
1453,55.492,512.731,624.951
1454,55.476,512.815,624.968
1455,55.460,512.899,624.984
1456,55.445,512.983,625.002
1457,55.429,513.068,625.018
1458,55.413,513.152,625.035
1459,55.397,513.237,625.051
1460,55.381,513.321,625.068
1461,55.365,513.405,625.084
1462,55.349,513.490,625.101
1463,55.333,513.574,625.117
1464,55.317,513.658,625.134
1465,55.301,513.742,625.149
1466,55.285,513.827,625.167
1467,55.269,513.911,625.183
1468,55.254,513.995,625.200
1469,55.238,514.079,625.216
1470,55.222,514.164,625.233
1471,55.206,514.248,625.249
1472,55.190,514.332,625.266
1473,55.174,514.416,625.282
1474,55.158,514.500,625.299
1475,55.142,514.585,625.315
1476,55.126,514.669,625.331
1477,55.110,514.753,625.347
1478,55.094,514.837,625.364
1479,55.078,514.921,625.380
1480,55.062,515.005,625.397
1481,55.045,515.089,625.413
1482,55.029,515.173,625.430
1483,55.013,515.257,625.446
1484,54.997,515.341,625.462
1485,54.981,515.425,625.478
1486,54.965,515.509,625.495
1487,54.949,515.593,625.510
1488,54.933,515.677,625.527
1489,54.917,515.761,625.543
1490,54.901,515.845,625.560
1491,54.885,515.929,625.576
1492,54.869,516.013,625.592
1493,54.852,516.097,625.608
1494,54.836,516.181,625.625
1495,54.820,516.265,625.641
1496,54.804,516.348,625.657
1497,54.788,516.432,625.673
1498,54.772,516.516,625.689
1499,54.756,516.600,625.705
1500,54.739,516.684,625.722
1501,54.723,516.767,625.737
1502,54.707,516.851,625.754
1503,54.691,516.935,625.769
1504,54.675,517.019,625.786
1505,54.658,517.102,625.802
1506,54.642,517.186,625.818
1507,54.626,517.270,625.834
1508,54.610,517.353,625.850
1509,54.594,517.437,625.865
1510,54.577,517.521,625.882
1511,54.561,517.604,625.898
1512,54.545,517.688,625.914
1513,54.528,517.772,625.930
1514,54.512,517.855,625.946
1515,54.496,517.939,625.962
1516,54.480,518.022,625.978
1517,54.463,518.106,625.994
1518,54.447,518.189,626.010
1519,54.431,518.273,626.026
1520,54.414,518.356,626.042
1521,54.398,518.440,626.058
1522,54.382,518.523,626.074
1523,54.365,518.607,626.090
1524,54.349,518.690,626.106
1525,54.333,518.774,626.121
1526,54.316,518.857,626.138
1527,54.300,518.940,626.153
1528,54.284,519.024,626.169
1529,54.267,519.107,626.185
1530,54.251,519.190,626.201
1531,54.235,519.274,626.216
1532,54.218,519.357,626.233
1533,54.202,519.440,626.248
1534,54.185,519.523,626.264
1535,54.169,519.607,626.279
1536,54.152,519.690,626.296
1537,54.136,519.773,626.311
1538,54.120,519.856,626.327
1539,54.103,519.940,626.343
1540,54.087,520.023,626.359
1541,54.070,520.106,626.374
1542,54.054,520.189,626.390
1543,54.037,520.272,626.406
1544,54.021,520.355,626.422
1545,54.004,520.438,626.437
1546,53.988,520.521,626.453
1547,53.971,520.604,626.468
1548,53.955,520.687,626.484
1549,53.938,520.770,626.500
1550,53.922,520.853,626.516
1551,53.905,520.936,626.531
1552,53.889,521.019,626.547
1553,53.872,521.102,626.562
1554,53.855,521.185,626.578
1555,53.839,521.268,626.594
1556,53.822,521.351,626.609
1557,53.806,521.434,626.625
1558,53.789,521.517,626.641
1559,53.772,521.599,626.656
1560,53.756,521.682,626.672
1561,53.739,521.765,626.687
1562,53.723,521.848,626.703
1563,53.706,521.931,626.718
1564,53.689,522.013,626.734
1565,53.673,522.096,626.749
1566,53.656,522.179,626.765
1567,53.639,522.261,626.780
1568,53.623,522.344,626.796
1569,53.606,522.427,626.811
1570,53.589,522.509,626.827
1571,53.573,522.592,626.842
1572,53.556,522.674,626.858
1573,53.539,522.757,626.873
1574,53.522,522.840,626.889
1575,53.506,522.922,626.904
1576,53.489,523.005,626.919
1577,53.472,523.087,626.935
1578,53.455,523.169,626.950
1579,53.439,523.252,626.965
1580,53.422,523.334,626.981
1581,53.405,523.417,626.996
1582,53.388,523.499,627.012
1583,53.371,523.581,627.027
1584,53.355,523.664,627.043
1585,53.338,523.746,627.058
1586,53.321,523.828,627.073
1587,53.304,523.911,627.088
1588,53.287,523.993,627.104
1589,53.270,524.075,627.119
1590,53.254,524.157,627.134
1591,53.237,524.239,627.149
1592,53.220,524.322,627.165
1593,53.203,524.404,627.180
1594,53.186,524.486,627.196
1595,53.169,524.568,627.211
1596,53.152,524.650,627.226
1597,53.135,524.732,627.241
1598,53.118,524.814,627.257
1599,53.101,524.896,627.272
1600,53.084,524.978,627.287
1601,53.068,525.060,627.302
1602,53.051,525.142,627.317
1603,53.034,525.224,627.332
1604,53.017,525.306,627.348
1605,53.000,525.388,627.363
1606,52.983,525.469,627.378
1607,52.966,525.551,627.393
1608,52.949,525.633,627.408
1609,52.932,525.715,627.423
1610,52.915,525.797,627.439
1611,52.897,525.878,627.454
1612,52.880,525.960,627.469
1613,52.863,526.042,627.484
1614,52.846,526.123,627.499
1615,52.829,526.205,627.514
1616,52.812,526.287,627.529
1617,52.795,526.368,627.544
1618,52.778,526.450,627.559
1619,52.761,526.531,627.574
1620,52.744,526.613,627.589
1621,52.727,526.694,627.604
1622,52.709,526.776,627.620
1623,52.692,526.857,627.634
1624,52.675,526.938,627.650
1625,52.658,527.020,627.664
1626,52.641,527.101,627.680
1627,52.624,527.183,627.694
1628,52.606,527.264,627.710
1629,52.589,527.345,627.724
1630,52.572,527.426,627.739
1631,52.555,527.508,627.754
1632,52.537,527.589,627.769
1633,52.520,527.670,627.784
1634,52.503,527.751,627.799
1635,52.486,527.832,627.814
1636,52.468,527.913,627.829
1637,52.451,527.994,627.844
1638,52.434,528.075,627.859
1639,52.417,528.156,627.874
1640,52.399,528.237,627.889
1641,52.382,528.318,627.903
1642,52.365,528.399,627.918
1643,52.347,528.480,627.933
1644,52.330,528.561,627.948
1645,52.313,528.642,627.963
1646,52.295,528.723,627.978
1647,52.278,528.804,627.992
1648,52.260,528.884,628.008
1649,52.243,528.965,628.022
1650,52.226,529.046,628.037
1651,52.208,529.126,628.052
1652,52.191,529.207,628.067
1653,52.173,529.288,628.081
1654,52.156,529.368,628.096
1655,52.139,529.449,628.111
1656,52.121,529.529,628.126
1657,52.104,529.610,628.140
1658,52.086,529.690,628.155
1659,52.069,529.771,628.170
1660,52.051,529.851,628.185
1661,52.034,529.932,628.199
1662,52.016,530.012,628.214
1663,51.999,530.092,628.229
1664,51.981,530.173,628.244
1665,51.964,530.253,628.258
1666,51.946,530.333,628.273
1667,51.928,530.413,628.287
1668,51.911,530.494,628.302
1669,51.893,530.574,628.317
1670,51.876,530.654,628.332
1671,51.858,530.734,628.346
1672,51.840,530.814,628.361
1673,51.823,530.894,628.375
1674,51.805,530.974,628.390
1675,51.788,531.054,628.405
1676,51.770,531.134,628.420
1677,51.752,531.214,628.434
1678,51.735,531.294,628.449
1679,51.717,531.373,628.463
1680,51.699,531.453,628.478
1681,51.682,531.533,628.492
1682,51.664,531.613,628.507
1683,51.646,531.693,628.521
1684,51.628,531.772,628.536
1685,51.611,531.852,628.550
1686,51.593,531.931,628.565
1687,51.575,532.011,628.579
1688,51.557,532.091,628.594
1689,51.540,532.170,628.609
1690,51.522,532.250,628.624
1691,51.504,532.329,628.638
1692,51.486,532.408,628.653
1693,51.468,532.488,628.666
1694,51.451,532.567,628.681
1695,51.433,532.647,628.695
1696,51.415,532.726,628.710
1697,51.397,532.805,628.724
1698,51.379,532.884,628.739
1699,51.361,532.964,628.753
1700,51.343,533.043,628.768
1701,51.325,533.122,628.782
1702,51.308,533.201,628.797
1703,51.290,533.280,628.811
1704,51.272,533.359,628.826
1705,51.254,533.438,628.840
1706,51.236,533.517,628.855
1707,51.218,533.596,628.869
1708,51.200,533.675,628.884
1709,51.182,533.753,628.897
1710,51.164,533.832,628.912
1711,51.146,533.911,628.926
1712,51.128,533.990,628.941
1713,51.110,534.068,628.955
1714,51.092,534.147,628.970
1715,51.074,534.226,628.983
1716,51.056,534.304,628.998
1717,51.038,534.383,629.012
1718,51.020,534.461,629.027
1719,51.002,534.540,629.041
1720,50.983,534.618,629.056
1721,50.965,534.697,629.069
1722,50.947,534.775,629.084
1723,50.929,534.853,629.098
1724,50.911,534.932,629.113
1725,50.893,535.010,629.126
1726,50.875,535.088,629.141
1727,50.857,535.166,629.155
1728,50.838,535.245,629.170
1729,50.820,535.323,629.183
1730,50.802,535.401,629.198
1731,50.784,535.479,629.212
1732,50.766,535.557,629.226
1733,50.747,535.635,629.240
1734,50.729,535.713,629.255
1735,50.711,535.791,629.268
1736,50.693,535.869,629.283
1737,50.674,535.946,629.297
1738,50.656,536.024,629.312
1739,50.638,536.102,629.325
1740,50.620,536.180,629.340
1741,50.601,536.257,629.353
1742,50.583,536.335,629.368
1743,50.565,536.412,629.382
1744,50.546,536.490,629.397
1745,50.528,536.567,629.410
1746,50.510,536.645,629.425
1747,50.491,536.722,629.438
1748,50.473,536.800,629.452
1749,50.454,536.877,629.466
1750,50.436,536.954,629.481
1751,50.418,537.032,629.495
1752,50.399,537.109,629.510
1753,50.381,537.186,629.523
1754,50.362,537.263,629.538
1755,50.344,537.340,629.551
1756,50.325,537.417,629.566
1757,50.307,537.494,629.579
1758,50.288,537.571,629.594
1759,50.270,537.648,629.607
1760,50.252,537.725,629.622
1761,50.233,537.802,629.635
1762,50.214,537.879,629.649
1763,50.196,537.956,629.663
1764,50.177,538.032,629.678
1765,50.159,538.109,629.691
1766,50.140,538.186,629.706
1767,50.122,538.262,629.719
1768,50.103,538.339,629.734
1769,50.085,538.416,629.747
1770,50.066,538.492,629.762
1771,50.047,538.568,629.775
1772,50.029,538.645,629.790
1773,50.010,538.721,629.803
1774,49.991,538.798,629.817
1775,49.973,538.874,629.830
1776,49.954,538.950,629.845
1777,49.935,539.026,629.858
1778,49.917,539.102,629.873
1779,49.898,539.179,629.886
1780,49.879,539.255,629.901
1781,49.861,539.331,629.914
1782,49.842,539.407,629.928
1783,49.823,539.483,629.942
1784,49.804,539.558,629.957
1785,49.786,539.634,629.969
1786,49.767,539.710,629.984
1787,49.748,539.786,629.997
1788,49.729,539.862,630.012
1789,49.711,539.938,630.025
1790,49.692,540.013,630.040
1791,49.673,540.088,630.052
1792,49.654,540.164,630.067
1793,49.635,540.240,630.080
1794,49.616,540.316,630.095
1795,49.598,540.390,630.108
1796,49.579,540.466,630.122
1797,49.560,540.542,630.135
1798,49.541,540.616,630.149
1799,49.522,540.692,630.163
1800,49.503,540.768,630.178
1801,49.484,540.842,630.190
1802,49.465,540.918,630.205
1803,49.446,540.992,630.218
1804,49.427,541.067,630.233
1805,49.408,541.143,630.245
1806,49.389,541.217,630.260
1807,49.371,541.293,630.273
1808,49.352,541.367,630.287
1809,49.333,541.442,630.300
1810,49.314,541.516,630.315
1811,49.295,541.591,630.327
1812,49.275,541.666,630.341
1813,49.256,541.740,630.355
1814,49.237,541.816,630.370
1815,49.218,541.890,630.382
1816,49.199,541.964,630.397
1817,49.180,542.038,630.409
1818,49.161,542.113,630.423
1819,49.142,542.188,630.437
1820,49.123,542.262,630.452
1821,49.104,542.336,630.464
1822,49.085,542.410,630.479
1823,49.066,542.484,630.491
1824,49.046,542.558,630.505
1825,49.027,542.632,630.519
1826,49.008,542.706,630.533
1827,48.989,542.780,630.546
1828,48.970,542.854,630.560
1829,48.951,542.928,630.573
1830,48.931,543.002,630.588
1831,48.912,543.076,630.600
1832,48.893,543.149,630.615
1833,48.874,543.223,630.627
1834,48.854,543.296,630.642
1835,48.835,543.370,630.654
1836,48.816,543.443,630.668
1837,48.797,543.517,630.681
1838,48.777,543.590,630.696
1839,48.758,543.664,630.708
1840,48.739,543.737,630.723
1841,48.719,543.810,630.736
1842,48.700,543.883,630.750
1843,48.681,543.957,630.763
1844,48.661,544.030,630.777
1845,48.642,544.103,630.790
1846,48.623,544.176,630.804
1847,48.603,544.249,630.817
1848,48.584,544.322,630.831
1849,48.565,544.394,630.843
1850,48.545,544.467,630.858
1851,48.526,544.540,630.870
1852,48.506,544.613,630.885
1853,48.487,544.685,630.897
1854,48.468,544.758,630.912
1855,48.448,544.830,630.924
1856,48.429,544.903,630.939
1857,48.409,544.975,630.951
1858,48.390,545.048,630.965
1859,48.370,545.120,630.978
1860,48.351,545.192,630.992
1861,48.331,545.265,631.005
1862,48.312,545.337,631.019
1863,48.292,545.409,631.031
1864,48.273,545.481,631.046
1865,48.253,545.553,631.058
1866,48.234,545.625,631.072
1867,48.214,545.697,631.085
1868,48.195,545.769,631.099
1869,48.175,545.841,631.112
1870,48.155,545.912,631.126
1871,48.136,545.984,631.138
1872,48.116,546.056,631.153
1873,48.097,546.127,631.165
1874,48.077,546.199,631.179
1875,48.057,546.270,631.192
1876,48.038,546.342,631.206
1877,48.018,546.413,631.218
1878,47.999,546.485,631.233
1879,47.979,546.556,631.245
1880,47.959,546.627,631.259
1881,47.940,546.698,631.272
1882,47.920,546.770,631.286
1883,47.900,546.841,631.298
1884,47.881,546.912,631.312
1885,47.861,546.983,631.325
1886,47.841,547.054,631.339
1887,47.821,547.124,631.351
1888,47.802,547.195,631.365
1889,47.782,547.266,631.378
1890,47.762,547.337,631.392
1891,47.742,547.407,631.404
1892,47.723,547.478,631.418
1893,47.703,547.549,631.431
1894,47.683,547.619,631.445
1895,47.663,547.689,631.457
1896,47.644,547.760,631.471
1897,47.624,547.830,631.483
1898,47.604,547.900,631.498
1899,47.584,547.971,631.510
1900,47.564,548.041,631.524
1901,47.544,548.111,631.536
1902,47.525,548.181,631.550
1903,47.505,548.251,631.563
1904,47.485,548.321,631.577
1905,47.465,548.391,631.589
1906,47.445,548.461,631.603
1907,47.425,548.530,631.615
1908,47.405,548.600,631.629
1909,47.385,548.670,631.641
1910,47.366,548.739,631.656
1911,47.346,548.809,631.668
1912,47.326,548.878,631.682
1913,47.306,548.948,631.694
1914,47.286,549.017,631.708
1915,47.266,549.087,631.720
1916,47.246,549.156,631.734
1917,47.226,549.225,631.746
1918,47.206,549.294,631.760
1919,47.186,549.363,631.773
1920,47.166,549.432,631.787
1921,47.146,549.501,631.799
1922,47.126,549.570,631.813
1923,47.106,549.639,631.825
1924,47.086,549.708,631.839
1925,47.066,549.777,631.851
1926,47.046,549.845,631.865
1927,47.026,549.914,631.877
1928,47.006,549.983,631.891
1929,46.986,550.051,631.903
1930,46.966,550.120,631.917
1931,46.946,550.188,631.929
1932,46.926,550.256,631.943
1933,46.906,550.325,631.955
1934,46.886,550.393,631.969
1935,46.866,550.461,631.981
1936,46.845,550.529,631.995
1937,46.825,550.597,632.007
1938,46.805,550.665,632.021
1939,46.785,550.733,632.033
1940,46.765,550.801,632.047
1941,46.745,550.869,632.059
1942,46.725,550.937,632.073
1943,46.705,551.004,632.085
1944,46.685,551.072,632.099
1945,46.664,551.140,632.111
1946,46.644,551.207,632.125
1947,46.624,551.275,632.137
1948,46.604,551.342,632.151
1949,46.584,551.409,632.163
1950,46.564,551.477,632.176
1951,46.543,551.544,632.188
1952,46.523,551.611,632.202
1953,46.503,551.678,632.214
1954,46.483,551.745,632.228
1955,46.463,551.812,632.240
1956,46.442,551.879,632.254
1957,46.422,551.946,632.266
1958,46.402,552.013,632.280
1959,46.382,552.080,632.292
1960,46.361,552.146,632.305
1961,46.341,552.213,632.317
1962,46.321,552.279,632.331
1963,46.301,552.346,632.343
1964,46.280,552.412,632.357
1965,46.260,552.479,632.369
1966,46.240,552.545,632.382
1967,46.220,552.611,632.394
1968,46.199,552.678,632.408
1969,46.179,552.744,632.420
1970,46.159,552.810,632.434
1971,46.138,552.876,632.446
1972,46.118,552.942,632.459
1973,46.098,553.008,632.471
1974,46.078,553.074,632.485
1975,46.057,553.139,632.497
1976,46.037,553.205,632.511
1977,46.017,553.271,632.522
1978,45.996,553.337,632.536
1979,45.976,553.402,632.548
1980,45.956,553.468,632.562
1981,45.935,553.533,632.573
1982,45.915,553.599,632.587
1983,45.895,553.663,632.599
1984,45.874,553.729,632.613
1985,45.854,553.794,632.624
1986,45.833,553.860,632.638
1987,45.813,553.925,632.650
1988,45.793,553.990,632.664
1989,45.772,554.054,632.675
1990,45.752,554.119,632.689
1991,45.731,554.184,632.701
1992,45.711,554.249,632.714
1993,45.691,554.313,632.726
1994,45.670,554.378,632.740
1995,45.650,554.442,632.752
1996,45.629,554.507,632.765
1997,45.609,554.571,632.777
1998,45.589,554.636,632.790
1999,45.568,554.700,632.802
2000,45.548,554.764,632.816
2001,45.527,554.828,632.828
2002,45.507,554.892,632.841
2003,45.487,554.956,632.853
2004,45.466,555.020,632.866
2005,45.446,555.084,632.878
2006,45.425,555.148,632.892
2007,45.405,555.212,632.903
2008,45.384,555.275,632.917
2009,45.364,555.339,632.929
2010,45.343,555.402,632.942
2011,45.323,555.466,632.954
2012,45.302,555.529,632.967
2013,45.282,555.593,632.979
2014,45.261,555.656,632.992
2015,45.241,555.719,633.004
2016,45.221,555.782,633.018
2017,45.200,555.845,633.029
2018,45.180,555.909,633.043
2019,45.159,555.971,633.054
2020,45.139,556.034,633.068
2021,45.118,556.097,633.080
2022,45.098,556.160,633.093
2023,45.077,556.223,633.105
2024,45.057,556.285,633.118
2025,45.036,556.348,633.130
2026,45.016,556.410,633.143
2027,44.995,556.473,633.155
2028,44.975,556.535,633.168
2029,44.954,556.597,633.180
2030,44.934,556.660,633.193
2031,44.913,556.722,633.205
2032,44.893,556.784,633.218
2033,44.872,556.846,633.230
2034,44.851,556.908,633.243
2035,44.831,556.970,633.255
2036,44.810,557.032,633.268
2037,44.790,557.093,633.280
2038,44.769,557.155,633.293
2039,44.749,557.217,633.305
2040,44.728,557.278,633.318
2041,44.708,557.340,633.329
2042,44.687,557.401,633.343
2043,44.667,557.462,633.354
2044,44.646,557.524,633.368
2045,44.626,557.585,633.379
2046,44.605,557.646,633.392
2047,44.585,557.707,633.404
2048,44.564,557.768,633.417
2049,44.543,557.829,633.429
2050,44.523,557.890,633.442
2051,44.502,557.951,633.454
2052,44.482,558.012,633.467
2053,44.461,558.072,633.478
2054,44.441,558.133,633.491
2055,44.420,558.193,633.503
2056,44.400,558.254,633.516
2057,44.379,558.314,633.528
2058,44.358,558.374,633.541
2059,44.338,558.435,633.553
2060,44.317,558.495,633.566
2061,44.297,558.555,633.577
2062,44.276,558.615,633.590
2063,44.256,558.675,633.602
2064,44.235,558.735,633.615
2065,44.215,558.795,633.626
2066,44.194,558.855,633.639
2067,44.173,558.914,633.651
2068,44.153,558.974,633.664
2069,44.132,559.033,633.676
2070,44.112,559.093,633.689
2071,44.091,559.152,633.700
2072,44.071,559.212,633.713
2073,44.050,559.271,633.725
2074,44.030,559.330,633.738
2075,44.009,559.389,633.749
2076,43.988,559.448,633.762
2077,43.968,559.507,633.774
2078,43.947,559.566,633.787
2079,43.927,559.625,633.798
2080,43.906,559.684,633.811
2081,43.886,559.743,633.823
2082,43.865,559.801,633.836
2083,43.845,559.860,633.847
2084,43.824,559.918,633.860
2085,43.803,559.977,633.871
2086,43.783,560.035,633.884
2087,43.762,560.093,633.896
2088,43.742,560.151,633.909
2089,43.721,560.210,633.920
2090,43.701,560.268,633.933
2091,43.680,560.326,633.945
2092,43.660,560.384,633.957
2093,43.639,560.441,633.969
2094,43.619,560.499,633.982
2095,43.598,560.557,633.993
2096,43.578,560.615,634.006
2097,43.557,560.672,634.017
2098,43.536,560.730,634.030
2099,43.516,560.787,634.042
2100,43.495,560.844,634.054
2101,43.475,560.902,634.066
2102,43.454,560.959,634.079
2103,43.434,561.016,634.090
2104,43.413,561.073,634.103
2105,43.393,561.130,634.114
2106,43.372,561.187,634.127
2107,43.352,561.244,634.138
2108,43.331,561.300,634.151
2109,43.311,561.357,634.162
2110,43.290,561.414,634.175
2111,43.270,561.470,634.186
2112,43.249,561.527,634.199
2113,43.229,561.583,634.211
2114,43.208,561.639,634.223
2115,43.188,561.696,634.235
2116,43.167,561.752,634.247
2117,43.147,561.808,634.259
2118,43.126,561.864,634.271
2119,43.106,561.920,634.283
2120,43.085,561.976,634.295
2121,43.065,562.032,634.306
2122,43.044,562.087,634.319
2123,43.024,562.143,634.330
2124,43.003,562.198,634.343
2125,42.983,562.254,634.354
2126,42.962,562.310,634.367
2127,42.942,562.365,634.378
2128,42.921,562.421,634.391
2129,42.901,562.476,634.402
2130,42.880,562.530,634.415
2131,42.860,562.586,634.426
2132,42.839,562.640,634.438
2133,42.819,562.696,634.450
2134,42.799,562.750,634.462
2135,42.778,562.806,634.474
2136,42.758,562.860,634.486
2137,42.737,562.914,634.497
2138,42.717,562.970,634.510
2139,42.696,563.024,634.521
2140,42.676,563.078,634.533
2141,42.656,563.133,634.545
2142,42.635,563.187,634.557
2143,42.615,563.241,634.568
2144,42.594,563.295,634.581
2145,42.574,563.349,634.592
2146,42.554,563.403,634.604
2147,42.533,563.457,634.616
2148,42.513,563.511,634.628
2149,42.492,563.564,634.639
2150,42.472,563.618,634.652
2151,42.452,563.672,634.663
2152,42.431,563.725,634.675
2153,42.411,563.778,634.686
2154,42.390,563.832,634.699
2155,42.370,563.885,634.710
2156,42.350,563.938,634.722
2157,42.329,563.991,634.733
2158,42.309,564.044,634.746
2159,42.289,564.097,634.757
2160,42.268,564.150,634.769
2161,42.248,564.203,634.780
2162,42.228,564.255,634.792
2163,42.207,564.308,634.804
2164,42.187,564.361,634.816
2165,42.167,564.413,634.827
2166,42.146,564.465,634.839
2167,42.126,564.518,634.850
2168,42.106,564.570,634.863
2169,42.085,564.622,634.874
2170,42.065,564.674,634.886
2171,42.045,564.726,634.897
2172,42.025,564.778,634.909
2173,42.004,564.830,634.920
2174,41.984,564.882,634.932
2175,41.964,564.933,634.943
2176,41.944,564.985,634.956
2177,41.923,565.036,634.967
2178,41.903,565.088,634.979
2179,41.883,565.139,634.990
2180,41.863,565.191,635.002
2181,41.842,565.242,635.013
2182,41.822,565.293,635.025
2183,41.802,565.344,635.036
2184,41.782,565.395,635.048
2185,41.761,565.446,635.059
2186,41.741,565.497,635.071
2187,41.721,565.548,635.082
2188,41.701,565.598,635.094
2189,41.681,565.649,635.105
2190,41.660,565.699,635.117
2191,41.640,565.750,635.128
2192,41.620,565.800,635.140
2193,41.600,565.850,635.151
2194,41.580,565.901,635.163
2195,41.560,565.951,635.174
2196,41.539,566.001,635.186
2197,41.519,566.051,635.197
2198,41.499,566.101,635.209
2199,41.479,566.150,635.220
2200,41.459,566.200,635.232
2201,41.439,566.250,635.243
2202,41.419,566.299,635.255
2203,41.399,566.349,635.266
2204,41.379,566.398,635.278
2205,41.358,566.448,635.288
2206,41.338,566.497,635.300
2207,41.318,566.546,635.311
2208,41.298,566.595,635.323
2209,41.278,566.644,635.334
2210,41.258,566.693,635.346
2211,41.238,566.742,635.357
2212,41.218,566.791,635.368
2213,41.198,566.840,635.379
2214,41.178,566.888,635.391
2215,41.158,566.937,635.402
2216,41.138,566.985,635.414
2217,41.118,567.034,635.425
2218,41.098,567.082,635.436
2219,41.078,567.130,635.447
2220,41.058,567.178,635.459
2221,41.038,567.226,635.470
2222,41.018,567.274,635.481
2223,40.998,567.322,635.492
2224,40.978,567.370,635.504
2225,40.958,567.418,635.515
2226,40.938,567.466,635.526
2227,40.918,567.513,635.537
2228,40.898,567.561,635.549
2229,40.878,567.608,635.560
2230,40.859,567.655,635.571
2231,40.839,567.703,635.582
2232,40.819,567.750,635.593
2233,40.799,567.797,635.604
2234,40.779,567.844,635.616
2235,40.759,567.891,635.627
2236,40.739,567.938,635.638
2237,40.719,567.985,635.649
2238,40.700,568.031,635.660
2239,40.680,568.078,635.671
2240,40.660,568.125,635.683
2241,40.640,568.171,635.693
2242,40.620,568.217,635.705
2243,40.600,568.264,635.716
2244,40.581,568.310,635.727
2245,40.561,568.356,635.738
2246,40.541,568.402,635.749
2247,40.521,568.448,635.760
2248,40.501,568.494,635.771
2249,40.482,568.540,635.782
2250,40.462,568.586,635.793
2251,40.442,568.631,635.804
2252,40.422,568.677,635.815
2253,40.403,568.723,635.826
2254,40.383,568.769,635.837
2255,40.363,568.813,635.848
2256,40.344,568.859,635.859
2257,40.324,568.904,635.870
2258,40.304,568.949,635.881
2259,40.285,568.995,635.892
2260,40.265,569.039,635.903
2261,40.245,569.085,635.914
2262,40.226,569.130,635.925
2263,40.206,569.174,635.936
2264,40.186,569.218,635.947
2265,40.167,569.264,635.957
2266,40.147,569.308,635.969
2267,40.127,569.352,635.979
2268,40.108,569.397,635.990
2269,40.088,569.441,636.001
2270,40.069,569.485,636.012
2271,40.049,569.529,636.023
2272,40.030,569.573,636.034
2273,40.010,569.617,636.044
2274,39.990,569.661,636.055
2275,39.971,569.705,636.066
2276,39.951,569.749,636.077
2277,39.932,569.792,636.088
2278,39.912,569.836,636.099
2279,39.893,569.879,636.109
2280,39.873,569.923,636.120
2281,39.854,569.966,636.131
2282,39.834,570.009,636.142
2283,39.815,570.052,636.152
2284,39.795,570.095,636.163
2285,39.776,570.138,636.174
2286,39.757,570.181,636.185
2287,39.737,570.224,636.195
2288,39.718,570.267,636.206
2289,39.698,570.309,636.216
2290,39.679,570.352,636.227
2291,39.659,570.395,636.238
2292,39.640,570.437,636.249
2293,39.621,570.479,636.259
2294,39.601,570.522,636.270
2295,39.582,570.564,636.280
2296,39.563,570.606,636.291
2297,39.543,570.648,636.302
2298,39.524,570.690,636.313
2299,39.505,570.732,636.323
2300,39.485,570.774,636.334
2301,39.466,570.815,636.344
2302,39.447,570.857,636.355
2303,39.427,570.898,636.365
2304,39.408,570.940,636.376
2305,39.389,570.981,636.386
2306,39.370,571.023,636.397
2307,39.350,571.064,636.408
2308,39.331,571.105,636.418
2309,39.312,571.146,636.429
2310,39.293,571.187,636.439
2311,39.274,571.228,636.450
2312,39.254,571.269,636.460
2313,39.235,571.310,636.471
2314,39.216,571.350,636.481
2315,39.197,571.391,636.491
2316,39.178,571.432,636.502
2317,39.158,571.472,636.512
2318,39.139,571.512,636.523
2319,39.120,571.553,636.533
2320,39.101,571.593,636.544
2321,39.082,571.633,636.554
2322,39.063,571.673,636.565
2323,39.044,571.713,636.575
2324,39.025,571.753,636.585
2325,39.006,571.793,636.596
2326,38.987,571.833,636.606
2327,38.968,571.872,636.616
2328,38.949,571.912,636.627
2329,38.929,571.952,636.637
2330,38.910,571.991,636.648
2331,38.891,572.030,636.658
2332,38.872,572.070,636.668
2333,38.853,572.109,636.678
2334,38.834,572.148,636.689
2335,38.816,572.187,636.699
2336,38.797,572.226,636.709
2337,38.778,572.265,636.719
2338,38.759,572.304,636.730
2339,38.740,572.343,636.740
2340,38.721,572.381,636.750
2341,38.702,572.420,636.760
2342,38.683,572.458,636.771
2343,38.664,572.497,636.781
2344,38.645,572.535,636.791
2345,38.626,572.574,636.801
2346,38.608,572.612,636.811
2347,38.589,572.650,636.821
2348,38.570,572.688,636.832
2349,38.551,572.726,636.842
2350,38.532,572.764,636.852
2351,38.513,572.802,636.862
2352,38.495,572.840,636.872
2353,38.476,572.877,636.882
2354,38.457,572.915,636.893
2355,38.438,572.952,636.902
2356,38.420,572.990,636.913
2357,38.401,573.027,636.923
2358,38.382,573.065,636.933
2359,38.363,573.102,636.943
2360,38.345,573.139,636.953
2361,38.326,573.176,636.963
2362,38.307,573.213,636.973
2363,38.289,573.250,636.983
2364,38.270,573.287,636.993
2365,38.251,573.324,637.003
2366,38.233,573.361,637.013
2367,38.214,573.397,637.023
2368,38.195,573.434,637.033
2369,38.177,573.470,637.043
2370,38.158,573.507,637.053
2371,38.140,573.543,637.063
2372,38.121,573.579,637.073
2373,38.102,573.616,637.083
2374,38.084,573.652,637.093
2375,38.065,573.688,637.102
2376,38.047,573.724,637.112
2377,38.028,573.760,637.122
2378,38.010,573.796,637.132
2379,37.991,573.832,637.142
2380,37.973,573.867,637.152
2381,37.954,573.903,637.162
2382,37.936,573.938,637.172
2383,37.917,573.974,637.181
2384,37.899,574.010,637.191
2385,37.880,574.045,637.201
2386,37.862,574.080,637.211
2387,37.843,574.115,637.221
2388,37.825,574.150,637.230
2389,37.807,574.185,637.240
2390,37.788,574.221,637.250
2391,37.770,574.255,637.260
2392,37.751,574.290,637.269
2393,37.733,574.325,637.279
2394,37.715,574.361,637.289
2395,37.696,574.395,637.299
2396,37.678,574.429,637.308
2397,37.660,574.464,637.318
2398,37.641,574.498,637.328
2399,37.623,574.533,637.337
2400,37.605,574.567,637.347
2401,37.587,574.601,637.357
2402,37.568,574.635,637.366
2403,37.550,574.670,637.376
2404,37.532,574.704,637.386
2405,37.514,574.738,637.395
2406,37.495,574.771,637.405
2407,37.477,574.805,637.415
2408,37.459,574.839,637.424
2409,37.441,574.873,637.434
2410,37.423,574.906,637.443
2411,37.405,574.940,637.453
2412,37.386,574.973,637.462
2413,37.368,575.007,637.472
2414,37.350,575.040,637.482
2415,37.332,575.073,637.491
2416,37.314,575.106,637.501
2417,37.296,575.139,637.510
2418,37.278,575.172,637.520
2419,37.260,575.205,637.529
2420,37.242,575.238,637.539
2421,37.223,575.271,637.548
2422,37.205,575.304,637.558
2423,37.187,575.337,637.567
2424,37.169,575.369,637.576
2425,37.151,575.402,637.586
2426,37.133,575.434,637.595
2427,37.115,575.467,637.605
2428,37.097,575.499,637.614
2429,37.079,575.531,637.624
2430,37.061,575.564,637.633
2431,37.044,575.596,637.642
2432,37.026,575.628,637.652
2433,37.008,575.660,637.661
2434,36.990,575.692,637.670
2435,36.972,575.724,637.680
2436,36.954,575.756,637.689
2437,36.936,575.787,637.698
2438,36.918,575.819,637.708
2439,36.900,575.851,637.717
2440,36.883,575.882,637.726
2441,36.865,575.914,637.736
2442,36.847,575.945,637.745
2443,36.829,575.977,637.754
2444,36.811,576.008,637.763
2445,36.793,576.039,637.773
2446,36.776,576.070,637.782
2447,36.758,576.101,637.791
2448,36.740,576.132,637.800
2449,36.722,576.163,637.810
2450,36.705,576.194,637.819
2451,36.687,576.225,637.828
2452,36.669,576.256,637.837
2453,36.652,576.287,637.846
2454,36.634,576.317,637.855
2455,36.616,576.348,637.865
2456,36.599,576.379,637.874
2457,36.581,576.409,637.883
2458,36.563,576.440,637.892
2459,36.546,576.470,637.901
2460,36.528,576.500,637.910
2461,36.510,576.531,637.919
2462,36.493,576.561,637.928
2463,36.475,576.591,637.938
2464,36.458,576.621,637.947
2465,36.440,576.651,637.956
2466,36.422,576.681,637.965
2467,36.405,576.711,637.974
2468,36.387,576.741,637.983
2469,36.370,576.770,637.992
2470,36.352,576.800,638.001
2471,36.335,576.830,638.010
2472,36.317,576.859,638.019
2473,36.300,576.889,638.028
2474,36.282,576.918,638.037
2475,36.265,576.948,638.046
2476,36.248,576.977,638.055
2477,36.230,577.006,638.064
2478,36.213,577.035,638.073
2479,36.195,577.065,638.082
2480,36.178,577.094,638.091
2481,36.160,577.123,638.100
2482,36.143,577.152,638.108
2483,36.126,577.181,638.117
2484,36.108,577.209,638.126
2485,36.091,577.238,638.135
2486,36.074,577.267,638.144
2487,36.056,577.296,638.153
2488,36.039,577.324,638.162
2489,36.022,577.353,638.171
2490,36.004,577.381,638.179
2491,35.987,577.410,638.188
2492,35.970,577.438,638.197
2493,35.953,577.467,638.206
2494,35.935,577.495,638.215
2495,35.918,577.523,638.224
2496,35.901,577.551,638.232
2497,35.884,577.580,638.241
2498,35.867,577.608,638.250
2499,35.849,577.636,638.259
2500,35.832,577.664,638.267
2501,35.815,577.692,638.276
2502,35.798,577.719,638.285
2503,35.781,577.747,638.294
2504,35.764,577.775,638.302
2505,35.746,577.803,638.311
2506,35.729,577.830,638.320
2507,35.712,577.858,638.329
2508,35.695,577.885,638.337
2509,35.678,577.913,638.346
2510,35.661,577.940,638.354
2511,35.644,577.968,638.363
2512,35.627,577.995,638.372
2513,35.610,578.022,638.380
2514,35.593,578.049,638.389
2515,35.576,578.077,638.398
2516,35.559,578.104,638.406
2517,35.542,578.131,638.415
2518,35.525,578.158,638.423
2519,35.508,578.185,638.432
2520,35.491,578.211,638.441
2521,35.474,578.238,638.449
2522,35.457,578.265,638.458
2523,35.440,578.292,638.466
2524,35.423,578.319,638.475
2525,35.406,578.345,638.483
2526,35.389,578.372,638.492
2527,35.373,578.398,638.500
2528,35.356,578.425,638.509
2529,35.339,578.451,638.518
2530,35.322,578.478,638.526
2531,35.305,578.504,638.534
2532,35.288,578.530,638.543
2533,35.272,578.556,638.551
2534,35.255,578.583,638.560
2535,35.238,578.609,638.568
2536,35.221,578.635,638.577
2537,35.204,578.661,638.585
2538,35.188,578.687,638.593
2539,35.171,578.713,638.602
2540,35.154,578.739,638.610
2541,35.137,578.764,638.619
2542,35.121,578.790,638.627
2543,35.104,578.816,638.636
2544,35.087,578.842,638.644
2545,35.071,578.868,638.652
2546,35.054,578.893,638.661
2547,35.037,578.918,638.669
2548,35.021,578.944,638.677
2549,35.004,578.970,638.686
2550,34.987,578.995,638.694
2551,34.971,579.021,638.702
2552,34.954,579.046,638.710
2553,34.938,579.071,638.719
2554,34.921,579.096,638.727
2555,34.905,579.122,638.736
2556,34.888,579.147,638.744
2557,34.871,579.172,638.752
2558,34.855,579.197,638.760
2559,34.838,579.221,638.769
2560,34.822,579.247,638.777
2561,34.805,579.272,638.785
2562,34.789,579.297,638.793
2563,34.772,579.322,638.801
2564,34.756,579.346,638.809
2565,34.739,579.370,638.818
2566,34.723,579.396,638.826
2567,34.707,579.420,638.834
2568,34.690,579.445,638.842
2569,34.674,579.469,638.851
2570,34.657,579.494,638.858
2571,34.641,579.518,638.867
2572,34.624,579.543,638.875
2573,34.608,579.567,638.883
2574,34.592,579.591,638.891
2575,34.575,579.615,638.899
2576,34.559,579.640,638.907
2577,34.543,579.664,638.916
2578,34.526,579.688,638.923
2579,34.510,579.712,638.932
2580,34.494,579.736,638.940
2581,34.477,579.760,638.948
2582,34.461,579.784,638.956
2583,34.445,579.808,638.964
2584,34.429,579.832,638.972
2585,34.412,579.856,638.980
2586,34.396,579.880,638.988
2587,34.380,579.904,638.996
2588,34.364,579.927,639.004
2589,34.348,579.951,639.012
2590,34.331,579.975,639.020
2591,34.315,579.998,639.028
2592,34.299,580.022,639.036
2593,34.283,580.045,639.044
2594,34.267,580.069,639.052
2595,34.251,580.092,639.060
2596,34.234,580.116,639.068
2597,34.218,580.139,639.076
2598,34.202,580.162,639.084
2599,34.186,580.186,639.092
2600,34.170,580.209,639.099
2601,34.154,580.232,639.108
2602,34.138,580.255,639.115
2603,34.122,580.278,639.123
2604,34.106,580.302,639.131
2605,34.090,580.325,639.139
2606,34.074,580.348,639.147
2607,34.058,580.371,639.155
2608,34.042,580.394,639.162
2609,34.026,580.416,639.171
2610,34.010,580.439,639.178
2611,33.994,580.462,639.186
2612,33.978,580.485,639.194
2613,33.962,580.508,639.202
2614,33.946,580.530,639.209
2615,33.930,580.553,639.217
2616,33.914,580.576,639.225
2617,33.898,580.598,639.233
2618,33.882,580.621,639.241
2619,33.866,580.643,639.249
2620,33.850,580.666,639.256
2621,33.835,580.688,639.264
2622,33.819,580.711,639.272
2623,33.803,580.733,639.280
2624,33.787,580.756,639.287
2625,33.771,580.778,639.295
2626,33.755,580.800,639.302
2627,33.740,580.822,639.310
2628,33.724,580.845,639.318
2629,33.708,580.867,639.326
2630,33.692,580.889,639.333
2631,33.676,580.911,639.341
2632,33.661,580.933,639.349
2633,33.645,580.955,639.357
2634,33.629,580.977,639.364
2635,33.614,580.999,639.372
2636,33.598,581.021,639.379
2637,33.582,581.043,639.387
2638,33.566,581.065,639.395
2639,33.551,581.087,639.402
2640,33.535,581.108,639.410
2641,33.519,581.130,639.418
2642,33.504,581.152,639.425
2643,33.488,581.174,639.433
2644,33.472,581.195,639.440
2645,33.457,581.217,639.448
2646,33.441,581.239,639.455
2647,33.426,581.260,639.463
2648,33.410,581.282,639.470
2649,33.394,581.303,639.478
2650,33.379,581.325,639.485
2651,33.363,581.346,639.493
2652,33.348,581.368,639.501
2653,33.332,581.389,639.508
2654,33.317,581.410,639.516
2655,33.301,581.432,639.523
2656,33.286,581.453,639.531
2657,33.270,581.474,639.538
2658,33.255,581.495,639.546
2659,33.239,581.517,639.553
2660,33.224,581.538,639.561
2661,33.208,581.559,639.568
2662,33.193,581.580,639.575
2663,33.177,581.601,639.583
2664,33.162,581.622,639.590
2665,33.147,581.643,639.598
2666,33.131,581.664,639.605
2667,33.116,581.685,639.613
2668,33.100,581.706,639.620
2669,33.085,581.727,639.628
2670,33.070,581.748,639.635
2671,33.054,581.769,639.643
2672,33.039,581.789,639.650
2673,33.024,581.810,639.657
2674,33.008,581.831,639.664
2675,32.993,581.852,639.672
2676,32.978,581.872,639.679
2677,32.962,581.893,639.687
2678,32.947,581.914,639.694
2679,32.932,581.934,639.701
2680,32.916,581.955,639.708
2681,32.901,581.976,639.716
2682,32.886,581.996,639.723
2683,32.871,582.017,639.731
2684,32.855,582.037,639.738
2685,32.840,582.057,639.745
2686,32.825,582.078,639.752
2687,32.810,582.098,639.760
2688,32.795,582.119,639.767
2689,32.779,582.139,639.775
2690,32.764,582.159,639.781
2691,32.749,582.180,639.789
2692,32.734,582.200,639.796
2693,32.719,582.220,639.804
2694,32.704,582.240,639.810
2695,32.688,582.261,639.818
2696,32.673,582.281,639.825
2697,32.658,582.301,639.832
2698,32.643,582.321,639.839
2699,32.628,582.341,639.847
2700,32.613,582.361,639.854
2701,32.598,582.381,639.861
2702,32.583,582.401,639.868
2703,32.568,582.421,639.876
2704,32.553,582.441,639.882
2705,32.538,582.461,639.890
2706,32.523,582.481,639.897
2707,32.508,582.501,639.904
2708,32.493,582.521,639.911
2709,32.478,582.541,639.919
2710,32.463,582.560,639.925
2711,32.448,582.580,639.933
2712,32.433,582.600,639.940
2713,32.418,582.620,639.947
2714,32.403,582.639,639.954
2715,32.388,582.659,639.961
2716,32.373,582.679,639.968
2717,32.358,582.698,639.976
2718,32.343,582.718,639.982
2719,32.328,582.738,639.990
2720,32.313,582.757,639.996
2721,32.298,582.777,640.004
2722,32.283,582.796,640.011
2723,32.269,582.816,640.018
2724,32.254,582.835,640.025
2725,32.239,582.855,640.032
2726,32.224,582.874,640.039
2727,32.209,582.894,640.046
2728,32.194,582.913,640.053
2729,32.180,582.933,640.060
2730,32.165,582.952,640.067
2731,32.150,582.971,640.074
2732,32.135,582.991,640.081
2733,32.120,583.010,640.088
2734,32.106,583.029,640.095
2735,32.091,583.048,640.102
2736,32.076,583.068,640.109
2737,32.061,583.087,640.116
2738,32.047,583.106,640.123
2739,32.032,583.125,640.130
2740,32.017,583.144,640.137
2741,32.003,583.164,640.144
2742,31.988,583.183,640.151
2743,31.973,583.202,640.158
2744,31.958,583.221,640.164
2745,31.944,583.240,640.172
2746,31.929,583.259,640.178
2747,31.914,583.278,640.186
2748,31.900,583.297,640.192
2749,31.885,583.316,640.199
2750,31.871,583.335,640.206
2751,31.856,583.354,640.213
2752,31.841,583.373,640.220
2753,31.827,583.392,640.227
2754,31.812,583.410,640.233
2755,31.798,583.429,640.241
2756,31.783,583.448,640.247
2757,31.768,583.467,640.254
2758,31.754,583.486,640.261
2759,31.739,583.505,640.268
2760,31.725,583.523,640.274
2761,31.710,583.542,640.282
2762,31.696,583.561,640.288
2763,31.681,583.579,640.295
2764,31.667,583.598,640.302
2765,31.652,583.617,640.309
2766,31.638,583.636,640.315
2767,31.623,583.654,640.323
2768,31.609,583.673,640.329
2769,31.594,583.691,640.336
2770,31.580,583.710,640.343
2771,31.566,583.729,640.350
2772,31.551,583.747,640.356
2773,31.537,583.766,640.363
2774,31.522,583.784,640.370
2775,31.508,583.803,640.377
2776,31.493,583.821,640.383
2777,31.479,583.840,640.390
2778,31.465,583.858,640.397
2779,31.450,583.876,640.404
2780,31.436,583.895,640.410
2781,31.422,583.913,640.417
2782,31.407,583.932,640.424
2783,31.393,583.950,640.431
2784,31.379,583.968,640.437
2785,31.364,583.987,640.444
2786,31.350,584.005,640.450
2787,31.336,584.023,640.457
2788,31.321,584.042,640.464
2789,31.307,584.060,640.471
2790,31.293,584.078,640.477
2791,31.279,584.096,640.484
2792,31.264,584.115,640.490
2793,31.250,584.133,640.497
2794,31.236,584.151,640.504
2795,31.222,584.169,640.511
2796,31.207,584.187,640.517
2797,31.193,584.206,640.524
2798,31.179,584.224,640.530
2799,31.165,584.242,640.537
2800,31.150,584.260,640.543
2801,31.136,584.278,640.551
2802,31.122,584.296,640.557
2803,31.108,584.314,640.564
2804,31.094,584.332,640.570
2805,31.080,584.350,640.577
2806,31.065,584.368,640.583
2807,31.051,584.386,640.590
2808,31.037,584.404,640.596
2809,31.023,584.422,640.603
2810,31.009,584.440,640.609
2811,30.995,584.458,640.616
2812,30.981,584.476,640.623
2813,30.967,584.494,640.630
2814,30.953,584.512,640.636
2815,30.939,584.530,640.643
2816,30.924,584.548,640.649
2817,30.910,584.566,640.656
2818,30.896,584.583,640.662
2819,30.882,584.601,640.669
2820,30.868,584.619,640.675
2821,30.854,584.637,640.682
2822,30.840,584.655,640.688
2823,30.826,584.672,640.695
2824,30.812,584.690,640.701
2825,30.798,584.708,640.708
2826,30.784,584.726,640.714
2827,30.770,584.744,640.721
2828,30.756,584.761,640.727
2829,30.742,584.779,640.734
2830,30.728,584.797,640.740
2831,30.715,584.814,640.747
2832,30.701,584.832,640.753
2833,30.687,584.850,640.760
2834,30.673,584.867,640.766
2835,30.659,584.885,640.773
2836,30.645,584.903,640.779
2837,30.631,584.920,640.785
2838,30.617,584.938,640.791
2839,30.603,584.955,640.798
2840,30.589,584.973,640.804
2841,30.576,584.991,640.811
2842,30.562,585.008,640.817
2843,30.548,585.026,640.824
2844,30.534,585.043,640.830
2845,30.520,585.061,640.837
2846,30.506,585.078,640.843
2847,30.493,585.096,640.850
2848,30.479,585.113,640.856
2849,30.465,585.131,640.862
2850,30.451,585.148,640.868
2851,30.437,585.166,640.875
2852,30.424,585.183,640.881
2853,30.410,585.201,640.888
2854,30.396,585.218,640.894
2855,30.382,585.236,640.901
2856,30.369,585.253,640.907
2857,30.355,585.270,640.913
2858,30.341,585.288,640.919
2859,30.327,585.305,640.926
2860,30.314,585.323,640.932
2861,30.300,585.340,640.939
2862,30.286,585.357,640.945
2863,30.273,585.375,640.951
2864,30.259,585.392,640.957
2865,30.245,585.409,640.964
2866,30.232,585.427,640.970
2867,30.218,585.444,640.976
2868,30.204,585.461,640.982
2869,30.191,585.478,640.989
2870,30.177,585.496,640.995
2871,30.163,585.513,641.002
2872,30.150,585.530,641.008
2873,30.136,585.548,641.014
2874,30.123,585.565,641.020
2875,30.109,585.582,641.027
2876,30.095,585.599,641.033
2877,30.082,585.616,641.039
2878,30.068,585.634,641.045
2879,30.055,585.651,641.052
2880,30.041,585.668,641.058
2881,30.027,585.685,641.064
2882,30.014,585.702,641.070
2883,30.000,585.720,641.077
2884,29.987,585.737,641.082
2885,29.973,585.754,641.089
2886,29.960,585.771,641.095
2887,29.946,585.788,641.102
2888,29.933,585.805,641.107
2889,29.919,585.822,641.114
2890,29.906,585.840,641.120
2891,29.892,585.857,641.126
2892,29.879,585.874,641.132
2893,29.865,585.891,641.139
2894,29.852,585.908,641.145
2895,29.839,585.925,641.151
2896,29.825,585.942,641.157
2897,29.812,585.959,641.164
2898,29.798,585.976,641.169
2899,29.785,585.993,641.176
2900,29.771,586.010,641.182
2901,29.758,586.027,641.188
2902,29.745,586.044,641.194
2903,29.731,586.061,641.200
2904,29.718,586.078,641.206
2905,29.704,586.095,641.213
2906,29.691,586.112,641.219
2907,29.678,586.129,641.225
2908,29.664,586.146,641.231
2909,29.651,586.163,641.237
2910,29.638,586.180,641.243
2911,29.624,586.197,641.250
2912,29.611,586.214,641.255
2913,29.598,586.231,641.262
2914,29.584,586.248,641.268
2915,29.571,586.265,641.274
2916,29.558,586.282,641.280
2917,29.544,586.299,641.286
2918,29.531,586.316,641.292
2919,29.518,586.333,641.298
2920,29.505,586.349,641.304
2921,29.491,586.366,641.311
2922,29.478,586.383,641.317
2923,29.465,586.400,641.323
2924,29.452,586.417,641.328
2925,29.438,586.434,641.335
2926,29.425,586.451,641.341
2927,29.412,586.468,641.347
2928,29.399,586.484,641.353
2929,29.386,586.501,641.359
2930,29.372,586.518,641.365
2931,29.359,586.535,641.371
2932,29.346,586.552,641.377
2933,29.333,586.569,641.383
2934,29.320,586.585,641.389
2935,29.306,586.602,641.395
2936,29.293,586.619,641.401
2937,29.280,586.636,641.407
2938,29.267,586.653,641.413
2939,29.254,586.669,641.419
2940,29.241,586.686,641.425
2941,29.228,586.703,641.431
2942,29.215,586.720,641.437
2943,29.201,586.737,641.443
2944,29.188,586.753,641.449
2945,29.175,586.770,641.455
2946,29.162,586.787,641.461
2947,29.149,586.804,641.467
2948,29.136,586.820,641.473
2949,29.123,586.837,641.479
2950,29.110,586.854,641.485
2951,29.097,586.871,641.491
2952,29.084,586.887,641.497
2953,29.071,586.904,641.503
2954,29.058,586.921,641.509
2955,29.045,586.937,641.515
2956,29.032,586.954,641.521
2957,29.019,586.971,641.527
2958,29.006,586.988,641.533
2959,28.993,587.004,641.539
2960,28.980,587.021,641.544
2961,28.967,587.038,641.551
2962,28.954,587.054,641.557
2963,28.941,587.071,641.563
2964,28.928,587.088,641.568
2965,28.915,587.104,641.575
2966,28.902,587.121,641.581
2967,28.889,587.138,641.586
2968,28.876,587.154,641.592
2969,28.863,587.171,641.598
2970,28.850,587.188,641.604
2971,28.837,587.204,641.610
2972,28.824,587.221,641.615
2973,28.811,587.238,641.622
2974,28.799,587.254,641.628
2975,28.786,587.271,641.634
2976,28.773,587.288,641.639
2977,28.760,587.304,641.645
2978,28.747,587.321,641.651
2979,28.734,587.338,641.657
2980,28.721,587.354,641.663
2981,28.709,587.371,641.669
2982,28.696,587.387,641.674
2983,28.683,587.404,641.681
2984,28.670,587.421,641.687
2985,28.657,587.437,641.692
2986,28.644,587.454,641.698
2987,28.632,587.471,641.704
2988,28.619,587.487,641.710
2989,28.606,587.504,641.716
2990,28.593,587.520,641.721
2991,28.580,587.537,641.727
2992,28.568,587.554,641.733
2993,28.555,587.570,641.739
2994,28.542,587.587,641.745
2995,28.529,587.603,641.751
2996,28.517,587.620,641.756
2997,28.504,587.636,641.762
2998,28.491,587.653,641.768
2999,28.478,587.670,641.774
3000,28.466,587.686,641.779
3001,28.453,587.703,641.786
3002,28.440,587.719,641.792
3003,28.428,587.736,641.797
3004,28.415,587.752,641.803
3005,28.402,587.769,641.809
3006,28.390,587.786,641.815
3007,28.377,587.802,641.820
3008,28.364,587.819,641.826
3009,28.352,587.835,641.832
3010,28.339,587.852,641.837
3011,28.326,587.868,641.843
3012,28.314,587.885,641.849
3013,28.301,587.901,641.855
3014,28.288,587.918,641.861
3015,28.276,587.935,641.867
3016,28.263,587.951,641.873
3017,28.251,587.968,641.878
3018,28.238,587.984,641.884
3019,28.225,588.001,641.890
3020,28.213,588.017,641.895
3021,28.200,588.034,641.901
3022,28.188,588.050,641.907
3023,28.175,588.067,641.913
3024,28.162,588.083,641.918
3025,28.150,588.100,641.924
3026,28.137,588.117,641.929
3027,28.125,588.133,641.935
3028,28.112,588.150,641.941
3029,28.100,588.166,641.947
3030,28.087,588.183,641.952
3031,28.075,588.199,641.958
3032,28.062,588.216,641.964
3033,28.050,588.232,641.970
3034,28.037,588.249,641.976
3035,28.025,588.265,641.981
3036,28.012,588.282,641.986
3037,28.000,588.298,641.993
3038,27.987,588.315,641.999
3039,27.975,588.331,642.004
3040,27.962,588.348,642.010
3041,27.950,588.364,642.015
3042,27.937,588.381,642.021
3043,27.925,588.397,642.027
3044,27.913,588.414,642.033
3045,27.900,588.430,642.038
3046,27.888,588.447,642.043
3047,27.875,588.463,642.049
3048,27.863,588.480,642.055
3049,27.850,588.497,642.061
3050,27.838,588.513,642.067
3051,27.826,588.530,642.072
3052,27.813,588.546,642.077
3053,27.801,588.563,642.083
3054,27.789,588.579,642.089
3055,27.776,588.596,642.095
3056,27.764,588.612,642.101
3057,27.751,588.629,642.106
3058,27.739,588.645,642.111
3059,27.727,588.662,642.117
3060,27.714,588.678,642.123
3061,27.702,588.695,642.129
3062,27.690,588.711,642.135
3063,27.678,588.728,642.140
3064,27.665,588.744,642.145
3065,27.653,588.761,642.151
3066,27.641,588.777,642.157
3067,27.628,588.794,642.162
3068,27.616,588.810,642.168
3069,27.604,588.827,642.174
3070,27.591,588.843,642.179
3071,27.579,588.860,642.185
3072,27.567,588.876,642.191
3073,27.555,588.893,642.196
3074,27.542,588.909,642.202
3075,27.530,588.926,642.207
3076,27.518,588.942,642.212
3077,27.506,588.959,642.218
3078,27.494,588.975,642.224
3079,27.481,588.992,642.230
3080,27.469,589.008,642.236
3081,27.457,589.025,642.241
3082,27.445,589.042,642.246
3083,27.432,589.058,642.252
3084,27.420,589.075,642.258
3085,27.408,589.091,642.263
3086,27.396,589.108,642.269
3087,27.384,589.124,642.274
3088,27.372,589.141,642.279
3089,27.359,589.157,642.285
3090,27.347,589.174,642.291
3091,27.335,589.190,642.296
3092,27.323,589.207,642.302
3093,27.311,589.223,642.307
3094,27.299,589.240,642.313
3095,27.287,589.256,642.319
3096,27.275,589.273,642.325
3097,27.262,589.289,642.330
3098,27.250,589.306,642.336
3099,27.238,589.323,642.341
3100,27.226,589.339,642.346
3101,27.214,589.356,642.352
3102,27.202,589.372,642.357
3103,27.190,589.389,642.363
3104,27.178,589.405,642.369
3105,27.166,589.422,642.374
3106,27.154,589.438,642.380
3107,27.142,589.455,642.385
3108,27.130,589.472,642.390
3109,27.118,589.488,642.396
3110,27.106,589.505,642.402
3111,27.094,589.521,642.407
3112,27.082,589.538,642.413
3113,27.070,589.554,642.418
3114,27.058,589.571,642.423
3115,27.046,589.587,642.429
3116,27.034,589.604,642.434
3117,27.022,589.621,642.440
3118,27.010,589.637,642.446
3119,26.998,589.654,642.451
3120,26.986,589.670,642.457
3121,26.974,589.687,642.462
3122,26.962,589.703,642.467
3123,26.950,589.720,642.473
3124,26.938,589.737,642.479
3125,26.926,589.753,642.484
3126,26.914,589.770,642.490
3127,26.902,589.786,642.495
3128,26.890,589.803,642.500
3129,26.878,589.820,642.506
3130,26.866,589.836,642.511
3131,26.854,589.853,642.517
3132,26.843,589.869,642.523
3133,26.831,589.886,642.528
3134,26.819,589.903,642.534
3135,26.807,589.919,642.539
3136,26.795,589.936,642.544
3137,26.783,589.952,642.550
3138,26.771,589.969,642.555
3139,26.759,589.986,642.560
3140,26.748,590.002,642.566
3141,26.736,590.019,642.571
3142,26.724,590.035,642.577
3143,26.712,590.052,642.582
3144,26.700,590.069,642.587
3145,26.688,590.085,642.593
3146,26.677,590.102,642.599
3147,26.665,590.119,642.604
3148,26.653,590.135,642.610
3149,26.641,590.152,642.615
3150,26.629,590.169,642.620
3151,26.618,590.185,642.626
3152,26.606,590.202,642.631
3153,26.594,590.218,642.636
3154,26.582,590.235,642.642
3155,26.571,590.252,642.647
3156,26.559,590.268,642.653
3157,26.547,590.285,642.658
3158,26.535,590.302,642.663
3159,26.524,590.318,642.669
3160,26.512,590.335,642.674
3161,26.500,590.352,642.680
3162,26.488,590.368,642.686
3163,26.477,590.385,642.691
3164,26.465,590.402,642.696
3165,26.453,590.419,642.701
3166,26.442,590.435,642.707
3167,26.430,590.452,642.712
3168,26.418,590.469,642.717
3169,26.407,590.485,642.723
3170,26.395,590.502,642.729
3171,26.383,590.519,642.734
3172,26.372,590.535,642.740
3173,26.360,590.552,642.745
3174,26.348,590.569,642.750
3175,26.337,590.586,642.755
3176,26.325,590.602,642.760
3177,26.313,590.619,642.766
3178,26.302,590.636,642.772
3179,26.290,590.652,642.777
3180,26.278,590.669,642.783
3181,26.267,590.686,642.788
3182,26.255,590.703,642.793
3183,26.244,590.719,642.798
3184,26.232,590.736,642.803
3185,26.220,590.753,642.809
3186,26.209,590.770,642.815
3187,26.197,590.786,642.820
3188,26.186,590.803,642.825
3189,26.174,590.820,642.830
3190,26.163,590.837,642.836
3191,26.151,590.854,642.841
3192,26.140,590.870,642.846
3193,26.128,590.887,642.852
3194,26.116,590.904,642.857
3195,26.105,590.921,642.862
3196,26.093,590.937,642.868
3197,26.082,590.954,642.873
3198,26.070,590.971,642.879
3199,26.059,590.988,642.884
3200,26.047,591.005,642.889
3201,26.036,591.022,642.894
3202,26.024,591.038,642.899
3203,26.013,591.055,642.905
3204,26.001,591.072,642.910
3205,25.990,591.089,642.916
3206,25.978,591.106,642.921
3207,25.967,591.122,642.926
3208,25.956,591.139,642.932
3209,25.944,591.156,642.937
3210,25.933,591.173,642.942
3211,25.921,591.190,642.947
3212,25.910,591.207,642.952
3213,25.898,591.224,642.958
3214,25.887,591.240,642.964
3215,25.876,591.257,642.969
3216,25.864,591.274,642.974
3217,25.853,591.291,642.979
3218,25.841,591.308,642.985
3219,25.830,591.325,642.990
3220,25.819,591.342,642.995
3221,25.807,591.359,643.000
3222,25.796,591.376,643.005
3223,25.784,591.392,643.011
3224,25.773,591.409,643.017
3225,25.762,591.426,643.022
3226,25.750,591.443,643.027
3227,25.739,591.460,643.032
3228,25.728,591.477,643.038
3229,25.716,591.494,643.043
3230,25.705,591.511,643.048
3231,25.694,591.528,643.053
3232,25.682,591.545,643.058
3233,25.671,591.562,643.064
3234,25.660,591.579,643.070
3235,25.648,591.596,643.075
3236,25.637,591.613,643.080
3237,25.626,591.630,643.085
3238,25.615,591.647,643.091
3239,25.603,591.664,643.096
3240,25.592,591.681,643.101
3241,25.581,591.698,643.106
3242,25.569,591.715,643.111
3243,25.558,591.732,643.116
3244,25.547,591.749,643.121
3245,25.536,591.766,643.127
3246,25.524,591.783,643.133
3247,25.513,591.800,643.138
3248,25.502,591.817,643.143
3249,25.491,591.834,643.148
3250,25.480,591.851,643.154
3251,25.468,591.868,643.159
3252,25.457,591.885,643.163
3253,25.446,591.902,643.169
3254,25.435,591.919,643.174
3255,25.424,591.936,643.179
3256,25.412,591.953,643.184
3257,25.401,591.970,643.190
3258,25.390,591.987,643.196
3259,25.379,592.004,643.201
3260,25.368,592.021,643.206
3261,25.357,592.038,643.211
3262,25.345,592.055,643.216
3263,25.334,592.073,643.221
3264,25.323,592.090,643.226
3265,25.312,592.107,643.232
3266,25.301,592.124,643.237
3267,25.290,592.141,643.242
3268,25.279,592.158,643.248
3269,25.267,592.175,643.253
3270,25.256,592.192,643.258
3271,25.245,592.209,643.263
3272,25.234,592.227,643.269
3273,25.223,592.244,643.274
3274,25.212,592.261,643.279
3275,25.201,592.278,643.284
3276,25.190,592.295,643.289
3277,25.179,592.312,643.294
3278,25.168,592.330,643.299
3279,25.157,592.347,643.305
3280,25.145,592.364,643.310
3281,25.134,592.381,643.315
3282,25.123,592.398,643.321
3283,25.112,592.415,643.326
3284,25.101,592.433,643.331
3285,25.090,592.450,643.336
3286,25.079,592.467,643.341
3287,25.068,592.484,643.346
3288,25.057,592.502,643.352
3289,25.046,592.519,643.357
3290,25.035,592.537,643.362
3291,25.024,592.554,643.368
3292,25.013,592.571,643.372
3293,25.002,592.589,643.378
3294,24.991,592.606,643.383
3295,24.980,592.623,643.388
3296,24.969,592.640,643.393
3297,24.958,592.658,643.399
3298,24.947,592.675,643.404
3299,24.937,592.692,643.409
3300,24.926,592.709,643.414
3301,24.915,592.727,643.419
3302,24.904,592.744,643.424
3303,24.893,592.761,643.430
3304,24.882,592.779,643.434
3305,24.871,592.796,643.440
3306,24.860,592.813,643.445
3307,24.849,592.830,643.450
3308,24.838,592.848,643.455
3309,24.827,592.865,643.461
3310,24.817,592.882,643.465
3311,24.806,592.900,643.471
3312,24.795,592.917,643.476
3313,24.784,592.934,643.481
3314,24.773,592.952,643.486
3315,24.762,592.969,643.491
3316,24.751,592.986,643.496
3317,24.740,593.004,643.502
3318,24.730,593.022,643.506
3319,24.719,593.039,643.512
3320,24.708,593.057,643.517
3321,24.697,593.074,643.522
3322,24.686,593.092,643.527
3323,24.675,593.109,643.533
3324,24.665,593.126,643.537
3325,24.654,593.144,643.543
3326,24.643,593.161,643.547
3327,24.632,593.178,643.553
3328,24.621,593.196,643.558
3329,24.611,593.213,643.563
3330,24.600,593.231,643.568
3331,24.589,593.248,643.573
3332,24.578,593.267,643.578
3333,24.568,593.284,643.584
3334,24.557,593.301,643.588
3335,24.546,593.319,643.594
3336,24.535,593.336,643.599
3337,24.525,593.354,643.604
3338,24.514,593.371,643.609
3339,24.503,593.389,643.614
3340,24.492,593.406,643.619
3341,24.482,593.424,643.624
3342,24.471,593.441,643.629
3343,24.460,593.459,643.635
3344,24.450,593.476,643.639
3345,24.439,593.495,643.645
3346,24.428,593.512,643.650
3347,24.417,593.530,643.655
3348,24.407,593.547,643.661
3349,24.396,593.565,643.666
3350,24.385,593.582,643.671
3351,24.375,593.600,643.676
3352,24.364,593.617,643.681
3353,24.353,593.635,643.686
3354,24.343,593.652,643.691
3355,24.332,593.670,643.697
3356,24.321,593.688,643.701
3357,24.311,593.706,643.707
3358,24.300,593.723,643.711
3359,24.290,593.741,643.717
3360,24.279,593.759,643.722
3361,24.268,593.776,643.727
3362,24.258,593.794,643.732
3363,24.247,593.811,643.737
3364,24.237,593.829,643.742
3365,24.226,593.847,643.747
3366,24.215,593.865,643.752
3367,24.205,593.883,643.757
3368,24.194,593.900,643.762
3369,24.184,593.918,643.768
3370,24.173,593.936,643.772
3371,24.162,593.953,643.778
3372,24.152,593.971,643.782
3373,24.141,593.989,643.788
3374,24.131,594.007,643.793
3375,24.120,594.025,643.798
3376,24.110,594.043,643.803
3377,24.099,594.060,643.808
3378,24.089,594.078,643.813
3379,24.078,594.096,643.818
3380,24.068,594.113,643.824
3381,24.057,594.132,643.829
3382,24.047,594.150,643.834
3383,24.036,594.167,643.839
3384,24.026,594.185,643.844
3385,24.015,594.203,643.849
3386,24.005,594.221,643.854
3387,23.994,594.238,643.859
3388,23.984,594.257,643.864
3389,23.973,594.275,643.869
3390,23.963,594.292,643.874
3391,23.952,594.310,643.879
3392,23.942,594.328,643.884
3393,23.931,594.346,643.889
3394,23.921,594.364,643.894
3395,23.911,594.382,643.899
3396,23.900,594.400,643.904
3397,23.890,594.418,643.909
3398,23.879,594.436,643.915
3399,23.869,594.454,643.920
3400,23.859,594.472,643.925
3401,23.848,594.489,643.930
3402,23.838,594.508,643.935
3403,23.827,594.526,643.940
3404,23.817,594.544,643.945
3405,23.807,594.562,643.950
3406,23.796,594.580,643.955
3407,23.786,594.597,643.960
3408,23.775,594.616,643.965
3409,23.765,594.634,643.970
3410,23.755,594.652,643.975
3411,23.744,594.670,643.980
3412,23.734,594.688,643.985
3413,23.724,594.706,643.990
3414,23.713,594.725,643.996
3415,23.703,594.742,644.000
3416,23.693,594.760,644.006
3417,23.682,594.778,644.010
3418,23.672,594.796,644.016
3419,23.662,594.814,644.021
3420,23.652,594.833,644.026
3421,23.641,594.851,644.031
3422,23.631,594.869,644.035
3423,23.621,594.887,644.040
3424,23.610,594.905,644.045
3425,23.600,594.924,644.050
3426,23.590,594.942,644.056
3427,23.580,594.960,644.061
3428,23.569,594.978,644.066
3429,23.559,594.996,644.071
3430,23.549,595.014,644.076
3431,23.539,595.033,644.081
3432,23.528,595.051,644.086
3433,23.518,595.069,644.091
3434,23.508,595.087,644.096
3435,23.498,595.105,644.101
3436,23.487,595.124,644.106
3437,23.477,595.142,644.111
3438,23.467,595.160,644.116
3439,23.457,595.179,644.121
3440,23.447,595.197,644.126
3441,23.436,595.215,644.131
3442,23.426,595.234,644.136
3443,23.416,595.252,644.141
3444,23.406,595.270,644.146
3445,23.396,595.288,644.151
3446,23.386,595.307,644.157
3447,23.375,595.325,644.161
3448,23.365,595.344,644.167
3449,23.355,595.362,644.171
3450,23.345,595.380,644.177
3451,23.335,595.399,644.181
3452,23.325,595.417,644.187
3453,23.315,595.435,644.191
3454,23.304,595.454,644.196
3455,23.294,595.473,644.201
3456,23.284,595.491,644.206
3457,23.274,595.509,644.211
3458,23.264,595.527,644.216
3459,23.254,595.546,644.221
3460,23.244,595.565,644.226
3461,23.234,595.583,644.232
3462,23.224,595.601,644.237
3463,23.214,595.620,644.242
3464,23.204,595.638,644.247
3465,23.193,595.657,644.251
3466,23.183,595.675,644.257
3467,23.173,595.694,644.261
3468,23.163,595.712,644.267
3469,23.153,595.731,644.271
3470,23.143,595.749,644.276
3471,23.133,595.768,644.281
3472,23.123,595.786,644.286
3473,23.113,595.805,644.291
3474,23.103,595.824,644.296
3475,23.093,595.842,644.301
3476,23.083,595.861,644.306
3477,23.073,595.879,644.312
3478,23.063,595.898,644.316
3479,23.053,595.917,644.321
3480,23.043,595.935,644.326
3481,23.033,595.954,644.331
3482,23.023,595.973,644.336
3483,23.013,595.991,644.341
3484,23.003,596.010,644.346
3485,22.993,596.028,644.351
3486,22.983,596.047,644.356
3487,22.973,596.066,644.361
3488,22.963,596.085,644.366
3489,22.953,596.103,644.371
3490,22.944,596.122,644.376
3491,22.934,596.140,644.381
3492,22.924,596.159,644.386
3493,22.914,596.178,644.391
3494,22.904,596.197,644.396
3495,22.894,596.216,644.401
3496,22.884,596.234,644.406
3497,22.874,596.253,644.411
3498,22.864,596.272,644.416
3499,22.854,596.291,644.421
3500,22.844,596.309,644.426
3501,22.835,596.328,644.431
3502,22.825,596.347,644.436
3503,22.815,596.366,644.441
3504,22.805,596.385,644.446
3505,22.795,596.404,644.451
3506,22.785,596.423,644.456
3507,22.775,596.441,644.461
3508,22.766,596.460,644.466
3509,22.756,596.480,644.471
3510,22.746,596.498,644.476
3511,22.736,596.517,644.481
3512,22.726,596.536,644.485
3513,22.716,596.555,644.491
3514,22.707,596.574,644.495
3515,22.697,596.592,644.500
3516,22.687,596.612,644.505
3517,22.677,596.631,644.510
3518,22.668,596.649,644.515
3519,22.658,596.668,644.521
3520,22.648,596.688,644.525
3521,22.638,596.706,644.531
3522,22.628,596.725,644.535
3523,22.619,596.745,644.541
3524,22.609,596.764,644.545
3525,22.599,596.782,644.550
3526,22.589,596.802,644.555
3527,22.580,596.821,644.560
3528,22.570,596.840,644.565
3529,22.560,596.859,644.570
3530,22.550,596.878,644.575
3531,22.541,596.897,644.580
3532,22.531,596.916,644.585
3533,22.521,596.935,644.590
3534,22.512,596.954,644.595
3535,22.502,596.973,644.600
3536,22.492,596.993,644.605
3537,22.482,597.012,644.610
3538,22.473,597.031,644.614
3539,22.463,597.050,644.620
3540,22.453,597.069,644.624
3541,22.444,597.088,644.629
3542,22.434,597.108,644.635
3543,22.424,597.127,644.640
3544,22.415,597.146,644.645
3545,22.405,597.166,644.649
3546,22.396,597.185,644.654
3547,22.386,597.204,644.660
3548,22.376,597.223,644.664
3549,22.367,597.242,644.669
3550,22.357,597.261,644.674
3551,22.347,597.281,644.679
3552,22.338,597.300,644.684
3553,22.328,597.319,644.689
3554,22.319,597.339,644.694
3555,22.309,597.358,644.699
3556,22.299,597.377,644.704
3557,22.290,597.397,644.709
3558,22.280,597.416,644.714
3559,22.271,597.435,644.718
3560,22.261,597.455,644.724
3561,22.251,597.474,644.729
3562,22.242,597.493,644.733
3563,22.232,597.513,644.738
3564,22.223,597.532,644.743
3565,22.213,597.552,644.748
3566,22.204,597.572,644.753
3567,22.194,597.591,644.758
3568,22.185,597.611,644.763
3569,22.175,597.630,644.768
3570,22.166,597.649,644.773
3571,22.156,597.669,644.778
3572,22.147,597.688,644.783
3573,22.137,597.707,644.787
3574,22.128,597.728,644.792
3575,22.118,597.747,644.798
3576,22.109,597.766,644.803
3577,22.099,597.786,644.808
3578,22.090,597.805,644.813
3579,22.080,597.825,644.817
3580,22.071,597.845,644.823
3581,22.061,597.864,644.827
3582,22.052,597.884,644.832
3583,22.042,597.903,644.837
3584,22.033,597.924,644.842
3585,22.023,597.943,644.847
3586,22.014,597.962,644.852
3587,22.005,597.982,644.857
3588,21.995,598.002,644.862
3589,21.986,598.021,644.867
3590,21.976,598.041,644.872
3591,21.967,598.060,644.876
3592,21.957,598.080,644.882
3593,21.948,598.100,644.886
3594,21.939,598.120,644.891
3595,21.929,598.140,644.896
3596,21.920,598.159,644.901
3597,21.911,598.179,644.906
3598,21.901,598.199,644.911
3599,21.892,598.219,644.916
3600,21.882,598.239,644.921
3601,21.873,598.258,644.926
3602,21.864,598.278,644.931
3603,21.854,598.298,644.936
3604,21.845,598.318,644.941
3605,21.836,598.338,644.946
3606,21.826,598.358,644.951
3607,21.817,598.377,644.956
3608,21.808,598.397,644.960
3609,21.798,598.417,644.966
3610,21.789,598.437,644.970
3611,21.780,598.457,644.975
3612,21.770,598.476,644.980
3613,21.761,598.496,644.985
3614,21.752,598.516,644.990
3615,21.743,598.536,644.995
3616,21.733,598.557,645.000
3617,21.724,598.577,645.005
3618,21.715,598.597,645.010
3619,21.705,598.616,645.015
3620,21.696,598.637,645.019
3621,21.687,598.656,645.024
3622,21.678,598.676,645.029
3623,21.668,598.697,645.034
3624,21.659,598.716,645.040
3625,21.650,598.737,645.045
3626,21.641,598.756,645.049
3627,21.631,598.777,645.054
3628,21.622,598.797,645.059
3629,21.613,598.816,645.064
3630,21.604,598.837,645.069
3631,21.595,598.857,645.074
3632,21.585,598.878,645.078
3633,21.576,598.897,645.084
3634,21.567,598.918,645.089
3635,21.558,598.938,645.094
3636,21.549,598.958,645.098
3637,21.540,598.978,645.104
3638,21.530,598.999,645.108
3639,21.521,599.019,645.113
3640,21.512,599.039,645.118
3641,21.503,599.059,645.123
3642,21.494,599.079,645.128
3643,21.485,599.100,645.133
3644,21.475,599.120,645.138
3645,21.466,599.140,645.143
3646,21.457,599.160,645.148
3647,21.448,599.181,645.153
3648,21.439,599.201,645.157
3649,21.430,599.222,645.162
3650,21.421,599.242,645.168
3651,21.412,599.262,645.172
3652,21.403,599.282,645.177
3653,21.393,599.303,645.182
3654,21.384,599.323,645.187
3655,21.375,599.343,645.192
3656,21.366,599.364,645.197
3657,21.357,599.384,645.202
3658,21.348,599.405,645.206
3659,21.339,599.425,645.212
3660,21.330,599.446,645.217
3661,21.321,599.466,645.221
3662,21.312,599.487,645.227
3663,21.303,599.507,645.231
3664,21.294,599.528,645.236
3665,21.285,599.548,645.241
3666,21.276,599.569,645.246
3667,21.267,599.589,645.251
3668,21.258,599.610,645.256
3669,21.249,599.630,645.261
3670,21.240,599.651,645.266
3671,21.231,599.671,645.270
3672,21.222,599.692,645.276
3673,21.213,599.712,645.280
3674,21.204,599.734,645.285
3675,21.195,599.754,645.291
3676,21.186,599.775,645.296
3677,21.177,599.795,645.300
3678,21.168,599.816,645.305
3679,21.159,599.837,645.310
3680,21.150,599.858,645.315
3681,21.141,599.878,645.320
3682,21.132,599.899,645.325
3683,21.123,599.919,645.330
3684,21.114,599.940,645.335
3685,21.105,599.961,645.340
3686,21.096,599.982,645.345
3687,21.087,600.002,645.349
3688,21.078,600.023,645.354
3689,21.070,600.044,645.359
3690,21.061,600.065,645.364
3691,21.052,600.085,645.369
3692,21.043,600.106,645.374
3693,21.034,600.127,645.379
3694,21.025,600.148,645.384
3695,21.016,600.169,645.389
3696,21.007,600.190,645.394
3697,20.998,600.211,645.398
3698,20.990,600.232,645.404
3699,20.981,600.252,645.409
3700,20.972,600.274,645.413
3701,20.963,600.295,645.418
3702,20.954,600.316,645.423
3703,20.945,600.337,645.428
3704,20.936,600.357,645.432
3705,20.928,600.379,645.438
3706,20.919,600.399,645.443
3707,20.910,600.421,645.448
3708,20.901,600.441,645.453
3709,20.892,600.463,645.458
3710,20.884,600.483,645.462
3711,20.875,600.505,645.467
3712,20.866,600.526,645.472
3713,20.857,600.547,645.477
3714,20.848,600.568,645.482
3715,20.840,600.589,645.487
3716,20.831,600.611,645.492
3717,20.822,600.631,645.497
3718,20.813,600.653,645.502
3719,20.805,600.673,645.507
3720,20.796,600.695,645.511
3721,20.787,600.716,645.517
3722,20.778,600.737,645.522
3723,20.770,600.758,645.526
3724,20.761,600.779,645.531
3725,20.752,600.801,645.536
3726,20.744,600.823,645.541
3727,20.735,600.844,645.546
3728,20.726,600.865,645.551
3729,20.717,600.886,645.556
3730,20.709,600.907,645.561
3731,20.700,600.928,645.566
3732,20.691,600.950,645.571
3733,20.683,600.972,645.576
3734,20.674,600.993,645.580
3735,20.665,601.014,645.586
3736,20.657,601.035,645.591
3737,20.648,601.057,645.595
3738,20.639,601.079,645.600
3739,20.631,601.099,645.605
3740,20.622,601.121,645.610
3741,20.613,601.142,645.615
3742,20.605,601.164,645.620
3743,20.596,601.186,645.625
3744,20.588,601.207,645.630
3745,20.579,601.229,645.635
3746,20.570,601.250,645.640
3747,20.562,601.272,645.644
3748,20.553,601.293,645.649
3749,20.544,601.314,645.655
3750,20.536,601.336,645.660
3751,20.527,601.357,645.664
3752,20.519,601.379,645.669
3753,20.510,601.401,645.674
3754,20.502,601.422,645.679
3755,20.493,601.444,645.683
3756,20.484,601.465,645.689
3757,20.476,601.487,645.694
3758,20.467,601.509,645.698
3759,20.459,601.531,645.703
3760,20.450,601.553,645.709
3761,20.442,601.575,645.713
3762,20.433,601.596,645.718
3763,20.425,601.618,645.724
3764,20.416,601.639,645.728
3765,20.408,601.661,645.733
3766,20.399,601.683,645.738
3767,20.391,601.705,645.743
3768,20.382,601.727,645.748
3769,20.374,601.749,645.752
3770,20.365,601.770,645.758
3771,20.357,601.792,645.763
3772,20.348,601.814,645.767
3773,20.340,601.836,645.772
3774,20.331,601.858,645.777
3775,20.323,601.879,645.782
3776,20.314,601.902,645.788
3777,20.306,601.924,645.793
3778,20.297,601.945,645.797
3779,20.289,601.967,645.802
3780,20.281,601.990,645.807
3781,20.272,602.011,645.812
3782,20.264,602.033,645.816
3783,20.255,602.056,645.822
3784,20.247,602.077,645.827
3785,20.238,602.099,645.832
3786,20.230,602.122,645.836
3787,20.222,602.143,645.841
3788,20.213,602.166,645.846
3789,20.205,602.187,645.851
3790,20.196,602.209,645.856
3791,20.188,602.232,645.861
3792,20.180,602.254,645.866
3793,20.171,602.276,645.871
3794,20.163,602.298,645.876
3795,20.155,602.320,645.881
3796,20.146,602.343,645.886
3797,20.138,602.365,645.891
3798,20.130,602.387,645.896
3799,20.121,602.409,645.900
3800,20.113,602.431,645.905
3801,20.105,602.454,645.910
3802,20.096,602.476,645.916
3803,20.088,602.499,645.920
3804,20.080,602.520,645.925
3805,20.071,602.543,645.930
3806,20.063,602.566,645.935
3807,20.055,602.587,645.940
3808,20.046,602.610,645.946
3809,20.038,602.633,645.950
3810,20.030,602.654,645.955
3811,20.022,602.677,645.960
3812,20.013,602.700,645.965
3813,20.005,602.722,645.969
3814,19.997,602.744,645.975
3815,19.988,602.767,645.980
3816,19.980,602.789,645.985
3817,19.972,602.811,645.989
3818,19.964,602.834,645.994
3819,19.956,602.857,645.999
3820,19.947,602.880,646.004
3821,19.939,602.902,646.009
3822,19.931,602.925,646.014
3823,19.923,602.947,646.019
3824,19.914,602.969,646.024
3825,19.906,602.992,646.029
3826,19.898,603.015,646.034
3827,19.890,603.038,646.039
3828,19.882,603.060,646.044
3829,19.873,603.083,646.049
3830,19.865,603.106,646.054
3831,19.857,603.129,646.058
3832,19.849,603.151,646.063
3833,19.841,603.173,646.069
3834,19.833,603.196,646.073
3835,19.824,603.218,646.078
3836,19.816,603.241,646.083
3837,19.808,603.265,646.088
3838,19.800,603.288,646.093
3839,19.792,603.310,646.099
3840,19.784,603.333,646.103
3841,19.776,603.356,646.108
3842,19.768,603.379,646.113
3843,19.759,603.401,646.118
3844,19.751,603.424,646.122
3845,19.743,603.447,646.128
3846,19.735,603.470,646.133
3847,19.727,603.493,646.138
3848,19.719,603.516,646.142
3849,19.711,603.539,646.147
3850,19.703,603.562,646.152
3851,19.695,603.585,646.158
3852,19.687,603.608,646.163
3853,19.679,603.631,646.168
3854,19.671,603.654,646.172
3855,19.663,603.677,646.177
3856,19.655,603.700,646.183
3857,19.647,603.723,646.187
3858,19.638,603.746,646.192
3859,19.630,603.769,646.197
3860,19.622,603.792,646.202
3861,19.614,603.815,646.207
3862,19.606,603.838,646.213
3863,19.598,603.861,646.217
3864,19.590,603.885,646.222
3865,19.582,603.908,646.227
3866,19.574,603.931,646.232
3867,19.566,603.954,646.237
3868,19.558,603.977,646.242
3869,19.551,604.001,646.247
3870,19.543,604.024,646.252
3871,19.535,604.048,646.256
3872,19.527,604.070,646.261
3873,19.519,604.094,646.267
3874,19.511,604.117,646.272
3875,19.503,604.141,646.277
3876,19.495,604.164,646.282
3877,19.487,604.187,646.286
3878,19.479,604.210,646.291
3879,19.471,604.234,646.297
3880,19.463,604.258,646.301
3881,19.455,604.281,646.306
3882,19.447,604.305,646.311
3883,19.439,604.328,646.316
3884,19.432,604.351,646.321
3885,19.424,604.375,646.327
3886,19.416,604.398,646.331
3887,19.408,604.422,646.336
3888,19.400,604.446,646.341
3889,19.392,604.469,646.346
3890,19.384,604.492,646.351
3891,19.376,604.516,646.356
3892,19.369,604.540,646.361
3893,19.361,604.564,646.366
3894,19.353,604.587,646.371
3895,19.345,604.611,646.376
3896,19.337,604.634,646.381
3897,19.329,604.658,646.386
3898,19.322,604.682,646.391
3899,19.314,604.706,646.396
3900,19.306,604.729,646.400
3901,19.298,604.753,646.406
3902,19.290,604.776,646.411
3903,19.283,604.800,646.416
3904,19.275,604.824,646.421
3905,19.267,604.848,646.426
3906,19.259,604.872,646.430
3907,19.252,604.896,646.436
3908,19.244,604.920,646.441
3909,19.236,604.943,646.446
3910,19.228,604.967,646.450
3911,19.220,604.991,646.455
3912,19.213,605.015,646.461
3913,19.205,605.039,646.466
3914,19.197,605.063,646.471
3915,19.190,605.087,646.476
3916,19.182,605.111,646.480
3917,19.174,605.135,646.486
3918,19.166,605.159,646.491
3919,19.159,605.183,646.495
3920,19.151,605.207,646.500
3921,19.143,605.231,646.505
3922,19.136,605.256,646.510
3923,19.128,605.280,646.516
3924,19.120,605.303,646.521
3925,19.113,605.327,646.525
3926,19.105,605.352,646.530
3927,19.097,605.376,646.535
3928,19.090,605.400,646.540
3929,19.082,605.424,646.545
3930,19.074,605.449,646.551
3931,19.067,605.473,646.555
3932,19.059,605.497,646.560
3933,19.051,605.521,646.566
3934,19.044,605.546,646.570
3935,19.036,605.570,646.575
3936,19.029,605.594,646.580
3937,19.021,605.618,646.585
3938,19.013,605.643,646.591
3939,19.006,605.667,646.596
3940,18.998,605.692,646.600
3941,18.991,605.716,646.605
3942,18.983,605.740,646.610
3943,18.975,605.765,646.616
3944,18.968,605.789,646.621
3945,18.960,605.814,646.626
3946,18.953,605.838,646.630
3947,18.945,605.863,646.635
3948,18.938,605.887,646.640
3949,18.930,605.912,646.646
3950,18.922,605.937,646.650
3951,18.915,605.960,646.655
3952,18.907,605.985,646.660
3953,18.900,606.010,646.665
3954,18.892,606.034,646.671
3955,18.885,606.059,646.676
3956,18.877,606.084,646.680
3957,18.870,606.108,646.685
3958,18.862,606.133,646.690
3959,18.855,606.158,646.696
3960,18.847,606.183,646.701
3961,18.840,606.207,646.706
3962,18.832,606.232,646.710
3963,18.825,606.257,646.715
3964,18.817,606.282,646.721
3965,18.810,606.306,646.726
3966,18.803,606.331,646.731
3967,18.795,606.356,646.736
3968,18.788,606.381,646.740
3969,18.780,606.406,646.746
3970,18.773,606.431,646.751
3971,18.765,606.456,646.756
3972,18.758,606.481,646.761
3973,18.751,606.506,646.766
3974,18.743,606.531,646.771
3975,18.736,606.556,646.776
3976,18.728,606.580,646.781
3977,18.721,606.605,646.786
3978,18.714,606.630,646.791
3979,18.706,606.655,646.796
3980,18.699,606.680,646.801
3981,18.691,606.705,646.806
3982,18.684,606.730,646.811
3983,18.677,606.755,646.817
3984,18.669,606.781,646.821
3985,18.662,606.806,646.826
3986,18.655,606.831,646.831
3987,18.647,606.856,646.836
3988,18.640,606.881,646.842
3989,18.633,606.906,646.847
3990,18.625,606.932,646.851
3991,18.618,606.957,646.856
3992,18.611,606.982,646.861
3993,18.603,607.007,646.867
3994,18.596,607.033,646.872
3995,18.589,607.058,646.877
3996,18.581,607.083,646.881
3997,18.574,607.109,646.886
3998,18.567,607.134,646.892
3999,18.560,607.159,646.897
4000,18.552,607.185,646.902
4001,18.545,607.210,646.907
4002,18.538,607.236,646.911
4003,18.531,607.261,646.918
4004,18.523,607.287,646.922
4005,18.516,607.312,646.927
4006,18.509,607.338,646.932
4007,18.502,607.363,646.937
4008,18.494,607.389,646.943
4009,18.487,607.414,646.947
4010,18.480,607.440,646.952
4011,18.473,607.466,646.957
4012,18.466,607.491,646.963
4013,18.458,607.517,646.968
4014,18.451,607.542,646.973
4015,18.444,607.568,646.978
4016,18.437,607.594,646.982
4017,18.430,607.619,646.988
4018,18.422,607.645,646.993
4019,18.415,607.671,646.998
4020,18.408,607.697,647.003
4021,18.401,607.722,647.008
4022,18.394,607.748,647.014
4023,18.387,607.774,647.018
4024,18.380,607.800,647.023
4025,18.372,607.826,647.028
4026,18.365,607.852,647.034
4027,18.358,607.878,647.039
4028,18.351,607.904,647.044
4029,18.344,607.929,647.048
4030,18.337,607.955,647.054
4031,18.330,607.981,647.059
4032,18.323,608.007,647.064
4033,18.316,608.033,647.069
4034,18.308,608.059,647.074
4035,18.301,608.085,647.079
4036,18.294,608.111,647.084
4037,18.287,608.137,647.089
4038,18.280,608.164,647.094
4039,18.273,608.190,647.099
4040,18.266,608.216,647.105
4041,18.259,608.242,647.110
4042,18.252,608.268,647.115
4043,18.245,608.294,647.120
4044,18.238,608.320,647.125
4045,18.231,608.346,647.130
4046,18.224,608.373,647.135
4047,18.217,608.399,647.140
4048,18.210,608.426,647.145
4049,18.203,608.452,647.151
4050,18.196,608.478,647.156
4051,18.189,608.505,647.161
4052,18.182,608.531,647.165
4053,18.175,608.557,647.171
4054,18.168,608.583,647.176
4055,18.161,608.610,647.181
4056,18.154,608.636,647.186
4057,18.147,608.662,647.191
4058,18.140,608.689,647.196
4059,18.133,608.716,647.202
4060,18.126,608.742,647.207
4061,18.119,608.769,647.212
4062,18.112,608.795,647.216
4063,18.106,608.822,647.222
4064,18.099,608.848,647.227
4065,18.092,608.875,647.232
4066,18.085,608.901,647.237
4067,18.078,608.929,647.243
4068,18.071,608.955,647.248
4069,18.064,608.982,647.252
4070,18.057,609.008,647.258
4071,18.050,609.035,647.262
4072,18.044,609.061,647.268
4073,18.037,609.088,647.273
4074,18.030,609.115,647.278
4075,18.023,609.142,647.283
4076,18.016,609.169,647.289
4077,18.009,609.195,647.294
4078,18.002,609.222,647.299
4079,17.996,609.249,647.303
4080,17.989,609.276,647.308
4081,17.982,609.303,647.314
4082,17.975,609.330,647.319
4083,17.968,609.357,647.324
4084,17.962,609.384,647.329
4085,17.955,609.411,647.335
4086,17.948,609.438,647.340
4087,17.941,609.465,647.345
4088,17.934,609.492,647.350
4089,17.928,609.519,647.356
4090,17.921,609.546,647.360
4091,17.914,609.573,647.365
4092,17.907,609.600,647.370
4093,17.901,609.627,647.375
4094,17.894,609.655,647.381
4095,17.887,609.682,647.386
4096,17.880,609.709,647.391
4097,17.874,609.736,647.396
4098,17.867,609.763,647.402
4099,17.860,609.790,647.406
4100,17.853,609.818,647.411
4101,17.847,609.845,647.417
4102,17.840,609.872,647.421
4103,17.833,609.899,647.427
4104,17.827,609.927,647.432
4105,17.820,609.955,647.437
4106,17.813,609.982,647.442
4107,17.807,610.009,647.448
4108,17.800,610.036,647.453
4109,17.793,610.064,647.458
4110,17.787,610.092,647.463
4111,17.780,610.119,647.469
4112,17.773,610.146,647.474
4113,17.767,610.175,647.478
4114,17.760,610.202,647.484
4115,17.753,610.229,647.489
4116,17.747,610.256,647.494
4117,17.740,610.284,647.499
4118,17.734,610.312,647.504
4119,17.727,610.340,647.510
4120,17.720,610.367,647.515
4121,17.714,610.395,647.520
4122,17.707,610.422,647.525
4123,17.701,610.450,647.530
4124,17.694,610.478,647.536
4125,17.687,610.506,647.541
4126,17.681,610.533,647.546
4127,17.674,610.561,647.551
4128,17.668,610.589,647.556
4129,17.661,610.617,647.562
4130,17.655,610.645,647.566
4131,17.648,610.673,647.571
4132,17.642,610.701,647.577
4133,17.635,610.728,647.582
4134,17.629,610.756,647.587
4135,17.622,610.785,647.592
4136,17.616,610.813,647.598
4137,17.609,610.840,647.603
4138,17.603,610.869,647.608
4139,17.596,610.897,647.613
4140,17.590,610.924,647.619
4141,17.583,610.953,647.624
4142,17.577,610.981,647.629
4143,17.570,611.009,647.634
4144,17.564,611.037,647.639
4145,17.557,611.065,647.645
4146,17.551,611.093,647.650
4147,17.544,611.121,647.655
4148,17.538,611.150,647.660
4149,17.532,611.178,647.665
4150,17.525,611.206,647.671
4151,17.519,611.235,647.675
4152,17.512,611.263,647.680
4153,17.506,611.291,647.686
4154,17.499,611.319,647.691
4155,17.493,611.348,647.696
4156,17.487,611.376,647.701
4157,17.480,611.404,647.707
4158,17.474,611.433,647.712
4159,17.467,611.461,647.717
4160,17.461,611.490,647.722
4161,17.455,611.519,647.728
4162,17.448,611.547,647.733
4163,17.442,611.576,647.738
4164,17.436,611.604,647.743
4165,17.429,611.633,647.749
4166,17.423,611.661,647.754
4167,17.417,611.690,647.759
4168,17.410,611.719,647.764
4169,17.404,611.747,647.770
4170,17.398,611.776,647.775
4171,17.391,611.805,647.780
4172,17.385,611.834,647.785
4173,17.379,611.862,647.791
4174,17.373,611.891,647.796
4175,17.366,611.920,647.801
4176,17.360,611.949,647.806
4177,17.354,611.977,647.812
4178,17.348,612.006,647.817
4179,17.341,612.035,647.822
4180,17.335,612.064,647.827
4181,17.329,612.093,647.833
4182,17.323,612.122,647.838
4183,17.316,612.151,647.843
4184,17.310,612.180,647.848
4185,17.304,612.209,647.854
4186,17.298,612.237,647.859
4187,17.291,612.266,647.864
4188,17.285,612.296,647.869
4189,17.279,612.325,647.875
4190,17.273,612.354,647.880
4191,17.267,612.383,647.885
4192,17.260,612.412,647.890
4193,17.254,612.441,647.896
4194,17.248,612.470,647.901
4195,17.242,612.500,647.906
4196,17.236,612.529,647.911
4197,17.230,612.558,647.917
4198,17.223,612.587,647.922
4199,17.217,612.616,647.927
4200,17.211,612.646,647.932
4201,17.205,612.675,647.938
4202,17.199,612.705,647.943
4203,17.193,612.734,647.948
4204,17.187,612.764,647.953
4205,17.181,612.793,647.959
4206,17.174,612.823,647.964
4207,17.168,612.852,647.969
4208,17.162,612.881,647.974
4209,17.156,612.911,647.980
4210,17.150,612.940,647.985
4211,17.144,612.970,647.990
4212,17.138,612.999,647.995
4213,17.132,613.029,648.001
4214,17.126,613.059,648.006
4215,17.120,613.088,648.011
4216,17.114,613.118,648.017
4217,17.108,613.147,648.022
4218,17.102,613.177,648.027
4219,17.096,613.207,648.032
4220,17.090,613.237,648.038
4221,17.084,613.266,648.043
4222,17.078,613.296,648.048
4223,17.072,613.326,648.054
4224,17.066,613.355,648.060
4225,17.060,613.385,648.065
4226,17.054,613.415,648.070
4227,17.048,613.446,648.075
4228,17.042,613.475,648.081
4229,17.036,613.506,648.086
4230,17.030,613.535,648.091
4231,17.024,613.565,648.096
4232,17.018,613.595,648.102
4233,17.012,613.625,648.107
4234,17.006,613.655,648.112
4235,17.000,613.686,648.117
4236,16.994,613.715,648.123
4237,16.988,613.746,648.128
4238,16.982,613.775,648.133
4239,16.977,613.806,648.139
4240,16.971,613.836,648.144
4241,16.965,613.866,648.149
4242,16.959,613.896,648.155
4243,16.953,613.926,648.161
4244,16.947,613.956,648.166
4245,16.941,613.987,648.171
4246,16.935,614.018,648.176
4247,16.930,614.047,648.182
4248,16.924,614.078,648.187
4249,16.918,614.108,648.192
4250,16.912,614.139,648.197
4251,16.906,614.169,648.203
4252,16.900,614.200,648.208
4253,16.895,614.230,648.213
4254,16.889,614.261,648.219
4255,16.883,614.290,648.225
4256,16.877,614.321,648.230
4257,16.871,614.351,648.235
4258,16.866,614.382,648.241
4259,16.860,614.413,648.246
4260,16.854,614.444,648.251
4261,16.848,614.475,648.256
4262,16.842,614.505,648.262
4263,16.837,614.536,648.267
4264,16.831,614.566,648.272
4265,16.825,614.597,648.277
4266,16.820,614.627,648.283
4267,16.814,614.658,648.289
4268,16.808,614.690,648.294
4269,16.802,614.720,648.300
4270,16.797,614.751,648.305
4271,16.791,614.781,648.310
4272,16.785,614.813,648.315
4273,16.780,614.843,648.321
4274,16.774,614.874,648.326
4275,16.768,614.905,648.331
4276,16.762,614.936,648.336
4277,16.757,614.967,648.342
4278,16.751,614.998,648.348
4279,16.745,615.029,648.353
4280,16.740,615.060,648.358
4281,16.734,615.091,648.364
4282,16.728,615.122,648.369
4283,16.723,615.153,648.374
4284,16.717,615.184,648.380
4285,16.712,615.215,648.385
4286,16.706,615.247,648.390
4287,16.700,615.278,648.396
4288,16.695,615.309,648.402
4289,16.689,615.341,648.407
4290,16.684,615.371,648.412
4291,16.678,615.403,648.417
4292,16.672,615.435,648.423
4293,16.667,615.465,648.428
4294,16.661,615.497,648.434
4295,16.656,615.529,648.440
4296,16.650,615.560,648.445
4297,16.645,615.591,648.450
4298,16.639,615.623,648.455
4299,16.634,615.654,648.461
4300,16.628,615.686,648.466
4301,16.622,615.717,648.471
4302,16.617,615.748,648.477
4303,16.611,615.780,648.483
4304,16.606,615.812,648.488
4305,16.600,615.843,648.493
4306,16.595,615.875,648.499
4307,16.589,615.907,648.504
4308,16.584,615.938,648.509
4309,16.579,615.970,648.515
4310,16.573,616.001,648.521
4311,16.568,616.033,648.526
4312,16.562,616.065,648.531
4313,16.557,616.097,648.537
4314,16.551,616.128,648.542
4315,16.546,616.160,648.547
4316,16.540,616.192,648.553
4317,16.535,616.224,648.559
4318,16.529,616.256,648.564
4319,16.524,616.288,648.569
4320,16.519,616.319,648.575
4321,16.513,616.352,648.580
4322,16.508,616.384,648.585
4323,16.502,616.415,648.591
4324,16.497,616.447,648.597
4325,16.492,616.480,648.602
4326,16.486,616.512,648.607
4327,16.481,616.543,648.613
4328,16.476,616.576,648.618
4329,16.470,616.608,648.624
4330,16.465,616.640,648.629
4331,16.460,616.672,648.635
4332,16.454,616.705,648.640
4333,16.449,616.737,648.645
4334,16.444,616.769,648.651
4335,16.438,616.801,648.657
4336,16.433,616.834,648.662
4337,16.428,616.866,648.667
4338,16.422,616.898,648.673
4339,16.417,616.930,648.678
4340,16.412,616.962,648.684
4341,16.407,616.995,648.690
4342,16.401,617.028,648.695
4343,16.396,617.059,648.700
4344,16.391,617.092,648.705
4345,16.386,617.125,648.711
4346,16.380,617.158,648.717
4347,16.375,617.190,648.722
4348,16.370,617.222,648.728
4349,16.365,617.255,648.733
4350,16.359,617.287,648.738
4351,16.354,617.320,648.744
4352,16.349,617.352,648.750
4353,16.344,617.385,648.755
4354,16.339,617.418,648.760
4355,16.333,617.451,648.766
4356,16.328,617.484,648.772
4357,16.323,617.516,648.777
4358,16.318,617.549,648.782
4359,16.313,617.582,648.788
4360,16.308,617.615,648.793
4361,16.302,617.648,648.799
4362,16.297,617.680,648.805
4363,16.292,617.713,648.810
4364,16.287,617.746,648.815
4365,16.282,617.779,648.821
4366,16.277,617.812,648.827
4367,16.272,617.844,648.832
4368,16.266,617.878,648.837
4369,16.261,617.911,648.843
4370,16.256,617.944,648.848
4371,16.251,617.977,648.854
4372,16.246,618.009,648.859
4373,16.241,618.043,648.865
4374,16.236,618.076,648.870
4375,16.231,618.109,648.876
4376,16.226,618.143,648.882
4377,16.221,618.175,648.887
4378,16.216,618.208,648.892
4379,16.211,618.242,648.899
4380,16.206,618.275,648.904
4381,16.201,618.309,648.909
4382,16.196,618.342,648.914
4383,16.191,618.375,648.920
4384,16.186,618.408,648.926
4385,16.181,618.441,648.931
4386,16.176,618.475,648.937
4387,16.171,618.508,648.942
4388,16.166,618.542,648.948
4389,16.161,618.575,648.953
4390,16.156,618.609,648.959
4391,16.151,618.642,648.964
4392,16.146,618.676,648.970
4393,16.141,618.710,648.976
4394,16.136,618.743,648.981
4395,16.131,618.776,648.986
4396,16.126,618.810,648.993
4397,16.121,618.843,648.998
4398,16.116,618.877,649.003
4399,16.111,618.911,649.009
4400,16.106,618.945,649.015
4401,16.101,618.978,649.020
4402,16.097,619.012,649.025
4403,16.092,619.046,649.031
4404,16.087,619.080,649.037
4405,16.082,619.113,649.042
4406,16.077,619.147,649.048
4407,16.072,619.180,649.053
4408,16.067,619.214,649.059
4409,16.063,619.248,649.064
4410,16.058,619.282,649.070
4411,16.053,619.316,649.075
4412,16.048,619.350,649.081
4413,16.043,619.384,649.087
4414,16.038,619.418,649.092
4415,16.034,619.452,649.098
4416,16.029,619.487,649.103
4417,16.024,619.521,649.109
4418,16.019,619.554,649.115
4419,16.014,619.588,649.120
4420,16.010,619.622,649.126
4421,16.005,619.656,649.131
4422,16.000,619.691,649.137
4423,15.995,619.725,649.143
4424,15.991,619.759,649.148
4425,15.986,619.793,649.153
4426,15.981,619.828,649.159
4427,15.976,619.862,649.165
4428,15.972,619.896,649.170
4429,15.967,619.931,649.176
4430,15.962,619.965,649.182
4431,15.958,619.999,649.187
4432,15.953,620.034,649.193
4433,15.948,620.068,649.199
4434,15.943,620.102,649.204
4435,15.939,620.136,649.209
4436,15.934,620.171,649.215
4437,15.929,620.205,649.221
4438,15.925,620.240,649.226
4439,15.920,620.274,649.232
4440,15.916,620.309,649.238
4441,15.911,620.343,649.243
4442,15.906,620.378,649.248
4443,15.902,620.413,649.255
4444,15.897,620.447,649.260
4445,15.892,620.482,649.265
4446,15.888,620.516,649.272
4447,15.883,620.551,649.277
4448,15.879,620.586,649.282
4449,15.874,620.620,649.288
4450,15.869,620.655,649.294
4451,15.865,620.690,649.299
4452,15.860,620.725,649.305
4453,15.856,620.759,649.311
4454,15.851,620.794,649.316
4455,15.847,620.829,649.322
4456,15.842,620.865,649.328
4457,15.838,620.899,649.333
4458,15.833,620.933,649.338
4459,15.828,620.969,649.345
4460,15.824,621.004,649.350
4461,15.819,621.039,649.355
4462,15.815,621.074,649.362
4463,15.810,621.109,649.367
4464,15.806,621.144,649.372
4465,15.801,621.179,649.378
4466,15.797,621.214,649.384
4467,15.793,621.249,649.389
4468,15.788,621.284,649.395
4469,15.784,621.319,649.401
4470,15.779,621.354,649.406
4471,15.775,621.389,649.412
4472,15.770,621.424,649.418
4473,15.766,621.459,649.423
4474,15.761,621.494,649.429
4475,15.757,621.530,649.435
4476,15.753,621.566,649.440
4477,15.748,621.601,649.446
4478,15.744,621.636,649.452
4479,15.739,621.671,649.457
4480,15.735,621.706,649.463
4481,15.731,621.742,649.468
4482,15.726,621.777,649.474
4483,15.722,621.812,649.480
4484,15.718,621.848,649.485
4485,15.713,621.883,649.491
4486,15.709,621.919,649.497
4487,15.704,621.954,649.502
4488,15.700,621.990,649.508
4489,15.696,622.025,649.514
4490,15.691,622.061,649.519
4491,15.687,622.097,649.526
4492,15.683,622.132,649.531
4493,15.679,622.167,649.536
4494,15.674,622.203,649.543
4495,15.670,622.239,649.548
4496,15.666,622.274,649.554
4497,15.661,622.310,649.560
4498,15.657,622.346,649.565
4499,15.653,622.381,649.571
4500,15.649,622.417,649.577
4501,15.644,622.453,649.582
4502,15.640,622.488,649.588
4503,15.636,622.524,649.593
4504,15.632,622.560,649.599
4505,15.628,622.596,649.605
4506,15.623,622.631,649.610
4507,15.619,622.667,649.616
4508,15.615,622.703,649.622
4509,15.611,622.739,649.627
4510,15.606,622.775,649.633
4511,15.602,622.811,649.639
4512,15.598,622.847,649.644
4513,15.594,622.883,649.650
4514,15.590,622.919,649.656
4515,15.586,622.955,649.661
4516,15.581,622.991,649.667
4517,15.577,623.027,649.673
4518,15.573,623.063,649.679
4519,15.569,623.099,649.685
4520,15.565,623.135,649.690
4521,15.561,623.171,649.696
4522,15.557,623.207,649.702
4523,15.553,623.243,649.707
4524,15.549,623.279,649.713
4525,15.544,623.316,649.719
4526,15.540,623.352,649.724
4527,15.536,623.388,649.730
4528,15.532,623.424,649.736
4529,15.528,623.461,649.742
4530,15.524,623.497,649.747
4531,15.520,623.533,649.753
4532,15.516,623.569,649.759
4533,15.512,623.605,649.764
4534,15.508,623.642,649.770
4535,15.504,623.678,649.776
4536,15.500,623.714,649.781
4537,15.496,623.751,649.787
4538,15.492,623.788,649.793
4539,15.488,623.824,649.799
4540,15.484,623.860,649.804
4541,15.480,623.896,649.810
4542,15.476,623.933,649.816
4543,15.472,623.969,649.821
4544,15.468,624.006,649.827
4545,15.464,624.042,649.833
4546,15.460,624.079,649.839
4547,15.456,624.115,649.845
4548,15.452,624.152,649.850
4549,15.448,624.188,649.856
4550,15.444,624.225,649.862
4551,15.440,624.261,649.867
4552,15.436,624.299,649.873
4553,15.433,624.335,649.879
4554,15.429,624.371,649.885
4555,15.425,624.408,649.890
4556,15.421,624.445,649.896
4557,15.417,624.482,649.902
4558,15.413,624.518,649.907
4559,15.409,624.555,649.913
4560,15.405,624.591,649.919
4561,15.402,624.628,649.925
4562,15.398,624.665,649.931
4563,15.394,624.702,649.936
4564,15.390,624.738,649.942
4565,15.386,624.775,649.948
4566,15.382,624.812,649.953
4567,15.379,624.849,649.959
4568,15.375,624.885,649.965
4569,15.371,624.923,649.971
4570,15.367,624.959,649.976
4571,15.363,624.996,649.982
4572,15.360,625.034,649.988
4573,15.356,625.070,649.994
4574,15.352,625.107,650.000
4575,15.348,625.144,650.005
4576,15.345,625.181,650.011
4577,15.341,625.218,650.017
4578,15.337,625.255,650.023
4579,15.333,625.292,650.028
4580,15.330,625.329,650.034
4581,15.326,625.366,650.040
4582,15.322,625.403,650.045
4583,15.318,625.440,650.051
4584,15.315,625.477,650.057
4585,15.311,625.514,650.062
4586,15.307,625.551,650.069
4587,15.304,625.589,650.074
4588,15.300,625.625,650.080
4589,15.296,625.663,650.086
4590,15.293,625.700,650.091
4591,15.289,625.737,650.097
4592,15.285,625.774,650.103
4593,15.282,625.811,650.109
4594,15.278,625.848,650.114
4595,15.274,625.886,650.120
4596,15.271,625.923,650.126
4597,15.267,625.960,650.131
4598,15.264,625.998,650.138
4599,15.260,626.035,650.143
4600,15.256,626.072,650.149
4601,15.253,626.109,650.155
4602,15.249,626.146,650.160
4603,15.246,626.184,650.166
4604,15.242,626.221,650.172
4605,15.238,626.258,650.178
4606,15.235,626.296,650.183
4607,15.231,626.333,650.189
4608,15.228,626.370,650.195
4609,15.224,626.408,650.201
4610,15.221,626.445,650.207
4611,15.217,626.483,650.212
4612,15.214,626.520,650.218
4613,15.210,626.557,650.224
4614,15.207,626.595,650.230
4615,15.203,626.632,650.235
4616,15.200,626.670,650.241
4617,15.196,626.707,650.247
4618,15.193,626.744,650.253
4619,15.189,626.782,650.259
4620,15.186,626.819,650.264
4621,15.182,626.856,650.270
4622,15.179,626.895,650.276
4623,15.175,626.932,650.282
4624,15.172,626.970,650.288
4625,15.169,627.007,650.293
4626,15.165,627.044,650.299
4627,15.162,627.082,650.305
4628,15.158,627.119,650.311
4629,15.155,627.157,650.316
4630,15.151,627.195,650.322
4631,15.148,627.232,650.328
4632,15.145,627.270,650.334
4633,15.141,627.307,650.340
4634,15.138,627.345,650.345
4635,15.135,627.383,650.351
4636,15.131,627.421,650.357
4637,15.128,627.458,650.362
4638,15.124,627.495,650.368
4639,15.121,627.533,650.374
4640,15.118,627.571,650.380
4641,15.114,627.609,650.385
4642,15.111,627.646,650.391
4643,15.108,627.683,650.397
4644,15.105,627.722,650.403
4645,15.101,627.759,650.409
4646,15.098,627.797,650.414
4647,15.095,627.834,650.420
4648,15.091,627.873,650.426
4649,15.088,627.910,650.432
4650,15.085,627.947,650.438
4651,15.082,627.986,650.443
4652,15.078,628.023,650.449
4653,15.075,628.061,650.455
4654,15.072,628.098,650.461
4655,15.069,628.137,650.466
4656,15.065,628.174,650.472
4657,15.062,628.212,650.478
4658,15.059,628.250,650.483
4659,15.056,628.287,650.490
4660,15.052,628.325,650.495
4661,15.049,628.363,650.501
4662,15.046,628.401,650.507
4663,15.043,628.439,650.512
4664,15.040,628.477,650.518
4665,15.036,628.514,650.524
4666,15.033,628.552,650.530
4667,15.030,628.590,650.535
4668,15.027,628.627,650.541
4669,15.024,628.666,650.547
4670,15.021,628.704,650.553
4671,15.018,628.741,650.559
4672,15.014,628.779,650.564
4673,15.011,628.817,650.570
4674,15.008,628.855,650.576
4675,15.005,628.893,650.581
4676,15.002,628.930,650.588
4677,14.999,628.968,650.593
4678,14.996,629.006,650.599
4679,14.993,629.044,650.605
4680,14.990,629.082,650.610
4681,14.987,629.120,650.616
4682,14.983,629.158,650.622
4683,14.980,629.196,650.628
4684,14.977,629.233,650.633
4685,14.974,629.271,650.639
4686,14.971,629.309,650.645
4687,14.968,629.346,650.650
4688,14.965,629.385,650.656
4689,14.962,629.423,650.662
4690,14.959,629.460,650.668
4691,14.956,629.499,650.674
4692,14.953,629.536,650.679
4693,14.950,629.574,650.685
4694,14.947,629.612,650.691
4695,14.944,629.650,650.696
4696,14.941,629.688,650.702
4697,14.938,629.725,650.708
4698,14.935,629.764,650.714
4699,14.932,629.801,650.720
4700,14.929,629.840,650.725
4701,14.926,629.877,650.731
4702,14.923,629.915,650.737
4703,14.921,629.953,650.742
4704,14.918,629.991,650.749
4705,14.915,630.029,650.754
4706,14.912,630.067,650.760
4707,14.909,630.104,650.766
4708,14.906,630.143,650.771
4709,14.903,630.180,650.777
4710,14.900,630.218,650.783
4711,14.897,630.256,650.789
4712,14.894,630.294,650.794
4713,14.891,630.331,650.800
4714,14.889,630.370,650.806
4715,14.886,630.408,650.812
4716,14.883,630.445,650.817
4717,14.880,630.484,650.823
4718,14.877,630.521,650.829
4719,14.874,630.559,650.834
4720,14.872,630.597,650.840
4721,14.869,630.635,650.846
4722,14.866,630.673,650.852
4723,14.863,630.711,650.857
4724,14.860,630.748,650.863
4725,14.857,630.786,650.869
4726,14.855,630.824,650.874
4727,14.852,630.862,650.880
4728,14.849,630.900,650.886
4729,14.846,630.937,650.892
4730,14.844,630.975,650.897
4731,14.841,631.013,650.903
4732,14.838,631.051,650.909
4733,14.835,631.089,650.914
4734,14.833,631.127,650.920
4735,14.830,631.164,650.926
4736,14.827,631.202,650.932
4737,14.824,631.240,650.937
4738,14.822,631.278,650.943
4739,14.819,631.315,650.949
4740,14.816,631.353,650.955
4741,14.814,631.391,650.960
4742,14.811,631.429,650.966
4743,14.808,631.467,650.972
4744,14.805,631.504,650.977
4745,14.803,631.542,650.983
4746,14.800,631.579,650.989
4747,14.797,631.617,650.994
4748,14.795,631.655,651.000
4749,14.792,631.693,651.006
4750,14.790,631.731,651.011
4751,14.787,631.768,651.017
4752,14.784,631.806,651.023
4753,14.782,631.843,651.028
4754,14.779,631.881,651.034
4755,14.776,631.918,651.040
4756,14.774,631.956,651.045
4757,14.771,631.995,651.051
4758,14.769,632.032,651.057
4759,14.766,632.070,651.063
4760,14.763,632.108,651.068
4761,14.761,632.145,651.074
4762,14.758,632.182,651.080
4763,14.756,632.220,651.085
4764,14.753,632.258,651.091
4765,14.751,632.295,651.097
4766,14.748,632.333,651.102
4767,14.745,632.371,651.108
4768,14.743,632.407,651.114
4769,14.740,632.445,651.119
4770,14.738,632.482,651.125
4771,14.735,632.520,651.130
4772,14.733,632.557,651.136
4773,14.730,632.595,651.142
4774,14.728,632.633,651.147
4775,14.725,632.670,651.153
4776,14.723,632.707,651.159
4777,14.720,632.745,651.164
4778,14.718,632.782,651.170
4779,14.715,632.820,651.176
4780,14.713,632.857,651.181
4781,14.710,632.894,651.187
4782,14.708,632.931,651.192
4783,14.706,632.969,651.198
4784,14.703,633.006,651.204
4785,14.701,633.043,651.209
4786,14.698,633.081,651.215
4787,14.696,633.119,651.221
4788,14.693,633.156,651.226
4789,14.691,633.193,651.232
4790,14.688,633.230,651.237
4791,14.686,633.267,651.243
4792,14.684,633.305,651.249
4793,14.681,633.342,651.254
4794,14.679,633.379,651.260
4795,14.677,633.417,651.266
4796,14.674,633.453,651.271
4797,14.672,633.491,651.277
4798,14.669,633.528,651.282
4799,14.667,633.565,651.287
4800,14.665,633.602,651.293
4801,14.662,633.639,651.299
4802,14.660,633.676,651.305
4803,14.658,633.713,651.310
4804,14.655,633.750,651.315
4805,14.653,633.787,651.321
4806,14.651,633.824,651.327
4807,14.648,633.861,651.332
4808,14.646,633.898,651.338
4809,14.644,633.935,651.343
4810,14.641,633.972,651.349
4811,14.639,634.009,651.355
4812,14.637,634.045,651.360
4813,14.635,634.083,651.366
4814,14.632,634.119,651.371
4815,14.630,634.156,651.376
4816,14.628,634.192,651.382
4817,14.626,634.230,651.388
4818,14.623,634.266,651.394
4819,14.621,634.303,651.399
4820,14.619,634.340,651.404
4821,14.617,634.376,651.410
4822,14.614,634.413,651.415
4823,14.612,634.449,651.421
4824,14.610,634.486,651.427
4825,14.608,634.523,651.432
4826,14.605,634.559,651.438
4827,14.603,634.596,651.443
4828,14.601,634.632,651.448
4829,14.599,634.669,651.454
4830,14.597,634.706,651.459
4831,14.594,634.742,651.465
4832,14.592,634.779,651.471
4833,14.590,634.815,651.476
4834,14.588,634.852,651.482
4835,14.586,634.888,651.487
4836,14.584,634.924,651.492
4837,14.581,634.961,651.498
4838,14.579,634.997,651.503
4839,14.577,635.033,651.509
4840,14.575,635.070,651.514
4841,14.573,635.106,651.520
4842,14.571,635.142,651.526
4843,14.569,635.179,651.531
4844,14.567,635.214,651.537
4845,14.564,635.251,651.542
4846,14.562,635.286,651.547
4847,14.560,635.323,651.553
4848,14.558,635.359,651.558
4849,14.556,635.395,651.563
4850,14.554,635.431,651.569
4851,14.552,635.467,651.574
4852,14.550,635.503,651.580
4853,14.548,635.539,651.585
4854,14.546,635.575,651.590
4855,14.544,635.611,651.596
4856,14.542,635.647,651.601
4857,14.540,635.682,651.607
4858,14.537,635.719,651.612
4859,14.535,635.754,651.617
4860,14.533,635.790,651.623
4861,14.531,635.826,651.628
4862,14.529,635.861,651.633
4863,14.527,635.897,651.639
4864,14.525,635.933,651.644
4865,14.523,635.969,651.650
4866,14.521,636.004,651.655
4867,14.519,636.040,651.660
4868,14.517,636.075,651.666
4869,14.515,636.111,651.671
4870,14.513,636.146,651.677
4871,14.511,636.181,651.682
4872,14.509,636.217,651.687
4873,14.507,636.252,651.693
4874,14.505,636.288,651.698
4875,14.504,636.323,651.704
4876,14.502,636.358,651.709
4877,14.500,636.394,651.714
4878,14.498,636.429,651.720
4879,14.496,636.464,651.725
4880,14.494,636.499,651.730
4881,14.492,636.534,651.735
4882,14.490,636.570,651.740
4883,14.488,636.604,651.746
4884,14.486,636.640,651.751
4885,14.484,636.675,651.756
4886,14.482,636.710,651.762
4887,14.480,636.744,651.767
4888,14.479,636.780,651.773
4889,14.477,636.815,651.778
4890,14.475,636.849,651.783
4891,14.473,636.884,651.788
4892,14.471,636.919,651.793
4893,14.469,636.954,651.799
4894,14.467,636.988,651.804
4895,14.465,637.023,651.809
4896,14.464,637.058,651.815
4897,14.462,637.092,651.820
4898,14.460,637.127,651.825
4899,14.458,637.162,651.830
4900,14.456,637.196,651.835
4901,14.454,637.231,651.841
4902,14.453,637.265,651.846
4903,14.451,637.300,651.851
4904,14.449,637.334,651.856
4905,14.447,637.368,651.861
4906,14.445,637.402,651.867
4907,14.443,637.437,651.872
4908,14.442,637.471,651.877
4909,14.440,637.505,651.882
4910,14.438,637.539,651.887
4911,14.436,637.573,651.893
4912,14.435,637.607,651.898
4913,14.433,637.642,651.902
4914,14.431,637.676,651.908
4915,14.429,637.710,651.913
4916,14.427,637.743,651.918
4917,14.426,637.777,651.923
4918,14.424,637.811,651.928
4919,14.422,637.845,651.934
4920,14.420,637.879,651.939
4921,14.419,637.913,651.944
4922,14.417,637.946,651.949
4923,14.415,637.981,651.954
4924,14.413,638.014,651.959
4925,14.412,638.048,651.964
4926,14.410,638.081,651.970
4927,14.408,638.114,651.975
4928,14.407,638.148,651.979
4929,14.405,638.181,651.985
4930,14.403,638.215,651.990
4931,14.402,638.248,651.995
4932,14.400,638.281,652.000
4933,14.398,638.314,652.005
4934,14.396,638.348,652.010
4935,14.395,638.381,652.015
4936,14.393,638.415,652.020
4937,14.391,638.447,652.025
4938,14.390,638.481,652.030
4939,14.388,638.513,652.035
4940,14.386,638.546,652.040
4941,14.385,638.579,652.045
4942,14.383,638.612,652.050
4943,14.381,638.645,652.055
4944,14.380,638.678,652.060
4945,14.378,638.711,652.065
4946,14.377,638.744,652.071
4947,14.375,638.776,652.075
4948,14.373,638.809,652.080
4949,14.372,638.841,652.085
4950,14.370,638.875,652.090
4951,14.368,638.907,652.096
4952,14.367,638.939,652.100
4953,14.365,638.972,652.105
4954,14.364,639.004,652.110
4955,14.362,639.037,652.115
4956,14.360,639.069,652.120
4957,14.359,639.101,652.125
4958,14.357,639.133,652.130
4959,14.356,639.165,652.135
4960,14.354,639.198,652.139
4961,14.353,639.229,652.145
4962,14.351,639.262,652.149
4963,14.349,639.294,652.154
4964,14.348,639.326,652.159
4965,14.346,639.358,652.164
4966,14.345,639.389,652.169
4967,14.343,639.421,652.174
4968,14.342,639.453,652.179
4969,14.340,639.485,652.183
4970,14.339,639.517,652.188
4971,14.337,639.549,652.193
4972,14.336,639.580,652.198
4973,14.334,639.612,652.203
4974,14.333,639.643,652.208
4975,14.331,639.674,652.212
4976,14.329,639.706,652.217
4977,14.328,639.737,652.222
4978,14.326,639.768,652.227
4979,14.325,639.800,652.232
4980,14.323,639.831,652.236
4981,14.322,639.863,652.241
4982,14.320,639.894,652.246
4983,14.319,639.925,652.251
4984,14.318,639.956,652.255
4985,14.316,639.987,652.261
4986,14.315,640.017,652.265
4987,14.313,640.049,652.269
4988,14.312,640.079,652.275
4989,14.310,640.110,652.279
4990,14.309,640.141,652.284
4991,14.307,640.172,652.289
4992,14.306,640.202,652.293
4993,14.304,640.233,652.298
4994,14.303,640.264,652.303
4995,14.301,640.294,652.308
4996,14.300,640.325,652.312
4997,14.299,640.355,652.317
4998,14.297,640.385,652.322
4999,14.296,640.416,652.326
