# Time (s),Mass (g),T Back (K),T Front (K)
0,68.400,293.000,293.000
1,68.400,293.000,319.121
2,68.400,293.000,329.729
3,68.400,293.000,337.694
4,68.400,293.000,344.363
5,68.400,293.000,350.162
6,68.400,293.000,355.380
7,68.400,293.000,360.117
8,68.400,293.000,364.487
9,68.400,293.000,368.545
10,68.400,293.000,372.355
11,68.400,293.000,375.942
12,68.400,293.000,379.347
13,68.400,293.000,382.579
14,68.400,293.000,385.672
15,68.400,293.000,388.625
16,68.400,293.000,391.466
17,68.400,293.000,394.191
18,68.400,293.000,396.823
19,68.400,293.000,399.356
20,68.400,293.000,401.812
21,68.400,293.000,404.181
22,68.400,293.000,406.485
23,68.400,293.000,408.713
24,68.400,293.000,410.883
25,68.400,293.000,412.987
26,68.400,293.000,415.040
27,68.400,293.000,417.033
28,68.400,293.000,418.981
29,68.400,293.000,420.875
30,68.400,293.000,422.729
31,68.400,293.000,424.532
32,68.400,293.000,426.302
33,68.400,293.001,428.024
34,68.400,293.001,429.715
35,68.400,293.001,431.362
36,68.400,293.002,432.982
37,68.400,293.002,434.562
38,68.400,293.003,436.115
39,68.400,293.004,437.631
40,68.400,293.005,439.125
41,68.400,293.006,440.582
42,68.399,293.008,442.019
43,68.399,293.010,443.423
44,68.399,293.012,444.806
45,68.399,293.014,446.159
46,68.399,293.017,447.494
47,68.399,293.020,448.799
48,68.399,293.023,450.085
49,68.399,293.027,451.349
50,68.399,293.032,452.589
51,68.399,293.037,453.810
52,68.399,293.043,455.011
53,68.399,293.050,456.190
54,68.398,293.057,457.352
55,68.398,293.065,458.496
56,68.398,293.074,459.621
57,68.398,293.084,460.730
58,68.398,293.094,461.821
59,68.398,293.106,462.896
60,68.397,293.119,463.954
61,68.397,293.132,464.997
62,68.397,293.148,466.026
63,68.397,293.164,467.040
64,68.397,293.182,468.038
65,68.396,293.200,469.022
66,68.396,293.220,469.993
67,68.396,293.242,470.950
68,68.396,293.264,471.895
69,68.395,293.289,472.827
70,68.395,293.315,473.747
71,68.395,293.342,474.654
72,68.394,293.371,475.548
73,68.394,293.401,476.432
74,68.394,293.433,477.303
75,68.393,293.468,478.163
76,68.393,293.503,479.013
77,68.392,293.541,479.851
78,68.392,293.580,480.680
79,68.392,293.621,481.498
80,68.391,293.665,482.306
81,68.391,293.710,483.104
82,68.390,293.757,483.892
83,68.390,293.806,484.671
84,68.389,293.858,485.441
85,68.389,293.910,486.202
86,68.388,293.966,486.954
87,68.388,294.023,487.696
88,68.387,294.083,488.429
89,68.387,294.145,489.155
90,68.386,294.208,489.872
91,68.385,294.275,490.582
92,68.385,294.342,491.283
93,68.384,294.413,491.978
94,68.383,294.485,492.664
95,68.383,294.561,493.343
96,68.382,294.638,494.014
97,68.381,294.717,494.678
98,68.381,294.799,495.334
99,68.380,294.883,495.984
100,68.379,294.969,496.628
101,68.378,295.058,497.266
102,68.377,295.149,497.896
103,68.377,295.242,498.518
104,68.376,295.338,499.134
105,68.375,295.436,499.746
106,68.374,295.537,500.352
107,68.373,295.639,500.951
108,68.372,295.745,501.543
109,68.371,295.852,502.129
110,68.370,295.962,502.711
111,68.370,296.074,503.287
112,68.369,296.188,503.856
113,68.368,296.305,504.420
114,68.367,296.424,504.979
115,68.366,296.545,505.534
116,68.365,296.670,506.082
117,68.363,296.796,506.625
118,68.362,296.925,507.164
119,68.361,297.055,507.699
120,68.360,297.189,508.227
121,68.359,297.324,508.750
122,68.358,297.462,509.270
123,68.357,297.602,509.784
124,68.356,297.744,510.293
125,68.355,297.889,510.799
126,68.353,298.036,511.301
127,68.352,298.185,511.796
128,68.351,298.337,512.288
129,68.350,298.490,512.778
130,68.348,298.646,513.260
131,68.347,298.804,513.739
132,68.346,298.964,514.216
133,68.345,299.127,514.686
134,68.343,299.292,515.153
135,68.342,299.458,515.619
136,68.341,299.627,516.077
137,68.339,299.798,516.534
138,68.338,299.972,516.987
139,68.337,300.147,517.433
140,68.335,300.324,517.879
141,68.334,300.503,518.321
142,68.332,300.686,518.757
143,68.331,300.869,519.193
144,68.329,301.055,519.623
145,68.328,301.242,520.050
146,68.326,301.432,520.476
147,68.325,301.624,520.894
148,68.323,301.817,521.312
149,68.322,302.013,521.727
150,68.320,302.211,522.137
151,68.319,302.409,522.547
152,68.317,302.612,522.950
153,68.316,302.815,523.352
154,68.314,303.019,523.751
155,68.312,303.227,524.146
156,68.311,303.435,524.540
157,68.309,303.646,524.927
158,68.307,303.859,525.317
159,68.306,304.073,525.699
160,68.304,304.289,526.081
161,68.302,304.507,526.459
162,68.301,304.726,526.834
163,68.299,304.947,527.208
164,68.297,305.171,527.577
165,68.296,305.395,527.947
166,68.294,305.621,528.310
167,68.292,305.850,528.674
168,68.290,306.079,529.033
169,68.288,306.310,529.390
170,68.287,306.544,529.745
171,68.285,306.778,530.097
172,68.283,307.014,530.448
173,68.281,307.252,530.794
174,68.279,307.491,531.141
175,68.277,307.731,531.482
176,68.275,307.973,531.824
177,68.273,308.217,532.160
178,68.272,308.462,532.498
179,68.270,308.709,532.829
180,68.268,308.957,533.163
181,68.266,309.206,533.490
182,68.264,309.457,533.819
183,68.262,309.710,534.142
184,68.260,309.963,534.466
185,68.258,310.218,534.785
186,68.256,310.475,535.105
187,68.254,310.733,535.420
188,68.252,310.992,535.736
189,68.249,311.252,536.047
190,68.247,311.513,536.359
191,68.245,311.776,536.665
192,68.243,312.041,536.974
193,68.241,312.306,537.276
194,68.239,312.572,537.581
195,68.237,312.840,537.880
196,68.235,313.109,538.180
197,68.232,313.378,538.476
198,68.230,313.650,538.772
199,68.228,313.922,539.064
200,68.226,314.196,539.357
201,68.224,314.470,539.645
202,68.221,314.746,539.935
203,68.219,315.023,540.219
204,68.217,315.301,540.505
205,68.215,315.580,540.786
206,68.212,315.859,541.069
207,68.210,316.140,541.347
208,68.208,316.422,541.626
209,68.205,316.705,541.901
210,68.203,316.989,542.177
211,68.201,317.274,542.448
212,68.198,317.560,542.721
213,68.196,317.847,542.990
214,68.193,318.134,543.259
215,68.191,318.423,543.525
216,68.189,318.713,543.791
217,68.186,319.003,544.053
218,68.184,319.294,544.317
219,68.181,319.586,544.576
220,68.179,319.880,544.837
221,68.176,320.174,545.093
222,68.174,320.468,545.350
223,68.171,320.763,545.604
224,68.169,321.060,545.858
225,68.166,321.357,546.110
226,68.163,321.655,546.362
227,68.161,321.953,546.610
228,68.158,322.252,546.859
229,68.156,322.552,547.104
230,68.153,322.853,547.350
231,68.150,323.155,547.593
232,68.148,323.457,547.837
233,68.145,323.760,548.078
234,68.142,324.064,548.319
235,68.140,324.368,548.556
236,68.137,324.673,548.795
237,68.134,324.978,549.030
238,68.132,325.284,549.266
239,68.129,325.591,549.499
240,68.126,325.898,549.733
241,68.123,326.206,549.963
242,68.121,326.515,550.194
243,68.118,326.824,550.422
244,68.115,327.133,550.651
245,68.112,327.443,550.877
246,68.109,327.754,551.104
247,68.107,328.066,551.327
248,68.104,328.378,551.551
249,68.101,328.690,551.772
250,68.098,329.003,551.995
251,68.095,329.316,552.214
252,68.092,329.630,552.434
253,68.089,329.945,552.650
254,68.086,330.260,552.868
255,68.083,330.575,553.083
256,68.080,330.890,553.299
257,68.077,331.206,553.511
258,68.074,331.523,553.724
259,68.071,331.840,553.935
260,68.068,332.157,554.147
261,68.065,332.475,554.355
262,68.062,332.793,554.565
263,68.059,333.112,554.771
264,68.056,333.431,554.979
265,68.053,333.750,555.184
266,68.050,334.070,555.389
267,68.047,334.390,555.591
268,68.044,334.710,555.796
269,68.041,335.031,555.996
270,68.038,335.352,556.198
271,68.034,335.674,556.397
272,68.031,335.996,556.597
273,68.028,336.318,556.795
274,68.025,336.640,556.993
275,68.022,336.962,557.188
276,68.018,337.285,557.384
277,68.015,337.608,557.578
278,68.012,337.931,557.773
279,68.009,338.255,557.964
280,68.005,338.579,558.158
281,68.002,338.903,558.348
282,67.999,339.227,558.539
283,67.995,339.552,558.727
284,67.992,339.876,558.917
285,67.989,340.201,559.104
286,67.985,340.527,559.292
287,67.982,340.852,559.476
288,67.979,341.178,559.663
289,67.975,341.504,559.847
290,67.972,341.830,560.031
291,67.968,342.156,560.213
292,67.965,342.483,560.397
293,67.962,342.809,560.577
294,67.958,343.136,560.759
295,67.955,343.462,560.938
296,67.951,343.789,561.118
297,67.948,344.116,561.295
298,67.944,344.443,561.474
299,67.941,344.771,561.650
300,67.937,345.098,561.827
301,67.933,345.426,562.001
302,67.930,345.753,562.178
303,67.926,346.081,562.351
304,67.923,346.409,562.525
305,67.919,346.737,562.696
306,67.915,347.065,562.869
307,67.912,347.393,563.040
308,67.908,347.721,563.211
309,67.904,348.049,563.380
310,67.901,348.377,563.550
311,67.897,348.706,563.718
312,67.893,349.034,563.887
313,67.890,349.363,564.053
314,67.886,349.691,564.221
315,67.882,350.020,564.385
316,67.878,350.348,564.551
317,67.875,350.677,564.715
318,67.871,351.005,564.880
319,67.867,351.334,565.043
320,67.863,351.663,565.206
321,67.859,351.991,565.367
322,67.855,352.320,565.529
323,67.852,352.649,565.689
324,67.848,352.977,565.851
325,67.844,353.306,566.009
326,67.840,353.634,566.169
327,67.836,353.963,566.326
328,67.832,354.292,566.485
329,67.828,354.620,566.641
330,67.824,354.949,566.799
331,67.820,355.277,566.954
332,67.816,355.606,567.111
333,67.812,355.934,567.265
334,67.808,356.262,567.420
335,67.804,356.591,567.572
336,67.800,356.919,567.727
337,67.796,357.247,567.879
338,67.792,357.575,568.031
339,67.788,357.903,568.182
340,67.784,358.231,568.334
341,67.780,358.559,568.483
342,67.776,358.887,568.634
343,67.771,359.214,568.783
344,67.767,359.542,568.933
345,67.763,359.870,569.080
346,67.759,360.197,569.228
347,67.755,360.524,569.374
348,67.751,360.852,569.522
349,67.746,361.179,569.667
350,67.742,361.506,569.814
351,67.738,361.833,569.958
352,67.734,362.159,570.103
353,67.729,362.486,570.247
354,67.725,362.813,570.391
355,67.721,363.139,570.533
356,67.716,363.465,570.677
357,67.712,363.791,570.818
358,67.708,364.117,570.961
359,67.703,364.443,571.101
360,67.699,364.769,571.243
361,67.694,365.094,571.382
362,67.690,365.419,571.522
363,67.686,365.745,571.661
364,67.681,366.070,571.801
365,67.677,366.395,571.938
366,67.672,366.719,572.077
367,67.668,367.044,572.214
368,67.663,367.369,572.351
369,67.659,367.693,572.486
370,67.654,368.017,572.623
371,67.650,368.341,572.758
372,67.645,368.665,572.894
373,67.641,368.988,573.028
374,67.636,369.312,573.163
375,67.631,369.635,573.296
376,67.627,369.958,573.430
377,67.622,370.281,573.562
378,67.617,370.604,573.695
379,67.613,370.926,573.826
380,67.608,371.248,573.959
381,67.603,371.570,574.089
382,67.599,371.892,574.221
383,67.594,372.213,574.351
384,67.589,372.535,574.481
385,67.585,372.856,574.609
386,67.580,373.177,574.739
387,67.575,373.498,574.867
388,67.570,373.818,574.997
389,67.565,374.139,575.124
390,67.561,374.459,575.252
391,67.556,374.779,575.378
392,67.551,375.098,575.505
393,67.546,375.418,575.631
394,67.541,375.737,575.757
395,67.536,376.056,575.882
396,67.531,376.375,576.008
397,67.526,376.693,576.132
398,67.521,377.011,576.257
399,67.516,377.329,576.380
400,67.511,377.647,576.505
401,67.506,377.964,576.627
402,67.501,378.282,576.750
403,67.496,378.599,576.871
404,67.491,378.916,576.994
405,67.486,379.232,577.115
406,67.481,379.548,577.237
407,67.476,379.864,577.357
408,67.471,380.180,577.479
409,67.466,380.496,577.598
410,67.461,380.811,577.719
411,67.456,381.126,577.837
412,67.450,381.440,577.957
413,67.445,381.755,578.074
414,67.440,382.069,578.194
415,67.435,382.383,578.311
416,67.430,382.696,578.429
417,67.424,383.010,578.546
418,67.419,383.323,578.664
419,67.414,383.635,578.779
420,67.408,383.948,578.896
421,67.403,384.260,579.012
422,67.398,384.572,579.128
423,67.392,384.883,579.242
424,67.387,385.195,579.357
425,67.382,385.506,579.471
426,67.376,385.816,579.586
427,67.371,386.127,579.699
428,67.365,386.437,579.813
429,67.360,386.747,579.926
430,67.354,387.057,580.040
431,67.349,387.366,580.151
432,67.343,387.675,580.264
433,67.338,387.984,580.375
434,67.332,388.292,580.487
435,67.327,388.600,580.597
436,67.321,388.908,580.709
437,67.316,389.215,580.819
438,67.310,389.522,580.930
439,67.304,389.829,581.039
440,67.299,390.136,581.150
441,67.293,390.442,581.258
442,67.287,390.748,581.368
443,67.282,391.053,581.476
444,67.276,391.359,581.585
445,67.270,391.664,581.692
446,67.265,391.968,581.800
447,67.259,392.273,581.907
448,67.253,392.577,582.015
449,67.247,392.880,582.121
450,67.241,393.183,582.228
451,67.236,393.486,582.334
452,67.230,393.789,582.440
453,67.224,394.091,582.545
454,67.218,394.393,582.651
455,67.212,394.695,582.755
456,67.206,394.996,582.861
457,67.200,395.297,582.964
458,67.194,395.598,583.069
459,67.188,395.898,583.172
460,67.182,396.198,583.276
461,67.176,396.498,583.379
462,67.170,396.797,583.483
463,67.164,397.096,583.585
464,67.158,397.395,583.688
465,67.152,397.693,583.790
466,67.146,397.991,583.892
467,67.140,398.289,583.993
468,67.134,398.586,584.095
469,67.127,398.883,584.195
470,67.121,399.179,584.297
471,67.115,399.475,584.396
472,67.109,399.771,584.497
473,67.103,400.066,584.596
474,67.096,400.362,584.696
475,67.090,400.657,584.795
476,67.084,400.951,584.894
477,67.077,401.245,584.993
478,67.071,401.538,585.092
479,67.065,401.831,585.190
480,67.058,402.124,585.288
481,67.052,402.417,585.385
482,67.046,402.710,585.483
483,67.039,403.001,585.580
484,67.033,403.293,585.677
485,67.026,403.584,585.773
486,67.020,403.875,585.870
487,67.013,404.166,585.965
488,67.007,404.456,586.062
489,67.000,404.745,586.157
490,66.994,405.034,586.253
491,66.987,405.323,586.347
492,66.980,405.612,586.443
493,66.974,405.900,586.537
494,66.967,406.188,586.632
495,66.960,406.475,586.725
496,66.954,406.763,586.820
497,66.947,407.049,586.912
498,66.940,407.336,587.006
499,66.934,407.622,587.098
500,66.927,407.907,587.192
501,66.920,408.192,587.284
502,66.913,408.477,587.377
503,66.906,408.761,587.468
504,66.899,409.045,587.561
505,66.893,409.329,587.652
506,66.886,409.612,587.744
507,66.879,409.895,587.834
508,66.872,410.177,587.926
509,66.865,410.459,588.016
510,66.858,410.741,588.107
511,66.851,411.022,588.196
512,66.844,411.303,588.286
513,66.837,411.584,588.375
514,66.830,411.864,588.465
515,66.823,412.144,588.554
516,66.816,412.423,588.643
517,66.808,412.702,588.732
518,66.801,412.980,588.821
519,66.794,413.258,588.908
520,66.787,413.536,588.997
521,66.780,413.814,589.084
522,66.772,414.091,589.172
523,66.765,414.368,589.259
524,66.758,414.644,589.347
525,66.751,414.919,589.432
526,66.743,415.194,589.520
527,66.736,415.469,589.605
528,66.729,415.744,589.693
529,66.721,416.018,589.778
530,66.714,416.292,589.864
531,66.706,416.565,589.949
532,66.699,416.839,590.035
533,66.691,417.111,590.119
534,66.684,417.383,590.205
535,66.676,417.655,590.289
536,66.669,417.926,590.374
537,66.661,418.197,590.458
538,66.654,418.467,590.542
539,66.646,418.738,590.625
540,66.639,419.007,590.709
541,66.631,419.277,590.792
542,66.623,419.546,590.876
543,66.615,419.814,590.957
544,66.608,420.082,591.041
545,66.600,420.349,591.122
546,66.592,420.616,591.206
547,66.584,420.883,591.287
548,66.577,421.150,591.369
549,66.569,421.416,591.450
550,66.561,421.682,591.532
551,66.553,421.947,591.613
552,66.545,422.211,591.694
553,66.537,422.475,591.775
554,66.529,422.739,591.856
555,66.521,423.003,591.936
556,66.513,423.266,592.016
557,66.505,423.529,592.096
558,66.497,423.791,592.176
559,66.489,424.053,592.255
560,66.481,424.315,592.335
561,66.473,424.575,592.413
562,66.465,424.836,592.492
563,66.457,425.096,592.570
564,66.448,425.355,592.649
565,66.440,425.615,592.727
566,66.432,425.874,592.806
567,66.424,426.132,592.883
568,66.415,426.390,592.961
569,66.407,426.647,593.038
570,66.399,426.904,593.116
571,66.390,427.161,593.193
572,66.382,427.418,593.270
573,66.374,427.674,593.347
574,66.365,427.930,593.424
575,66.357,428.185,593.499
576,66.348,428.439,593.576
577,66.340,428.694,593.651
578,66.331,428.947,593.728
579,66.323,429.200,593.802
580,66.314,429.453,593.879
581,66.306,429.706,593.953
582,66.297,429.958,594.028
583,66.288,430.210,594.102
584,66.280,430.461,594.177
585,66.271,430.712,594.251
586,66.262,430.962,594.326
587,66.254,431.212,594.400
588,66.245,431.462,594.474
589,66.236,431.711,594.547
590,66.227,431.960,594.621
591,66.218,432.208,594.694
592,66.209,432.456,594.768
593,66.201,432.704,594.840
594,66.192,432.951,594.913
595,66.183,433.197,594.985
596,66.174,433.443,595.058
597,66.165,433.689,595.129
598,66.156,433.935,595.202
599,66.147,434.180,595.273
600,66.138,434.424,595.345
601,66.129,434.668,595.416
602,66.119,434.912,595.488
603,66.110,435.156,595.558
604,66.101,435.398,595.630
605,66.092,435.640,595.700
606,66.083,435.882,595.771
607,66.073,436.124,595.841
608,66.064,436.365,595.912
609,66.055,436.606,595.981
610,66.046,436.847,596.052
611,66.036,437.086,596.121
612,66.027,437.325,596.191
613,66.017,437.564,596.259
614,66.008,437.803,596.329
615,65.999,438.042,596.397
616,65.989,438.280,596.467
617,65.980,438.517,596.534
618,65.970,438.754,596.604
619,65.961,438.991,596.671
620,65.951,439.227,596.740
621,65.941,439.463,596.807
622,65.932,439.698,596.876
623,65.922,439.933,596.943
624,65.912,440.167,597.011
625,65.903,440.401,597.078
626,65.893,440.635,597.145
627,65.883,440.869,597.212
628,65.873,441.101,597.279
629,65.864,441.334,597.345
630,65.854,441.566,597.412
631,65.844,441.797,597.478
632,65.834,442.029,597.544
633,65.824,442.260,597.610
634,65.814,442.490,597.676
635,65.804,442.721,597.741
636,65.794,442.950,597.807
637,65.784,443.180,597.872
638,65.774,443.408,597.938
639,65.764,443.637,598.001
640,65.754,443.865,598.067
641,65.744,444.092,598.131
642,65.734,444.320,598.197
643,65.724,444.547,598.260
644,65.714,444.773,598.325
645,65.703,445.000,598.388
646,65.693,445.225,598.452
647,65.683,445.451,598.515
648,65.673,445.676,598.579
649,65.662,445.900,598.642
650,65.652,446.124,598.706
651,65.641,446.348,598.769
652,65.631,446.571,598.832
653,65.621,446.794,598.894
654,65.610,447.017,598.957
655,65.600,447.239,599.019
656,65.589,447.461,599.082
657,65.579,447.682,599.144
658,65.568,447.903,599.206
659,65.558,448.124,599.268
660,65.547,448.345,599.330
661,65.536,448.565,599.391
662,65.526,448.784,599.453
663,65.515,449.004,599.513
664,65.504,449.223,599.575
665,65.494,449.441,599.635
666,65.483,449.659,599.696
667,65.472,449.877,599.756
668,65.461,450.094,599.817
669,65.450,450.311,599.877
670,65.440,450.528,599.938
671,65.429,450.744,599.997
672,65.418,450.960,600.058
673,65.407,451.176,600.117
674,65.396,451.391,600.177
675,65.385,451.606,600.236
676,65.374,451.820,600.296
677,65.363,452.034,600.355
678,65.352,452.248,600.414
679,65.341,452.462,600.473
680,65.329,452.675,600.532
681,65.318,452.888,600.590
682,65.307,453.100,600.649
683,65.296,453.313,600.706
684,65.285,453.524,600.765
685,65.273,453.736,600.822
686,65.262,453.947,600.881
687,65.251,454.157,600.938
688,65.240,454.368,600.997
689,65.228,454.578,601.053
690,65.217,454.787,601.111
691,65.205,454.997,601.167
692,65.194,455.206,601.225
693,65.183,455.415,601.281
694,65.171,455.623,601.339
695,65.160,455.832,601.395
696,65.148,456.040,601.452
697,65.136,456.247,601.508
698,65.125,456.454,601.564
699,65.113,456.661,601.620
700,65.102,456.867,601.676
701,65.090,457.073,601.732
702,65.078,457.279,601.788
703,65.067,457.485,601.843
704,65.055,457.690,601.899
705,65.043,457.895,601.954
706,65.031,458.100,602.009
707,65.019,458.304,602.064
708,65.008,458.508,602.119
709,64.996,458.711,602.174
710,64.984,458.914,602.229
711,64.972,459.117,602.283
712,64.960,459.320,602.338
713,64.948,459.523,602.391
714,64.936,459.725,602.446
715,64.924,459.927,602.499
716,64.912,460.129,602.554
717,64.900,460.330,602.607
718,64.888,460.531,602.661
719,64.876,460.732,602.714
720,64.864,460.933,602.767
721,64.851,461.133,602.820
722,64.839,461.333,602.874
723,64.827,461.532,602.926
724,64.815,461.731,602.980
725,64.802,461.930,603.032
726,64.790,462.129,603.085
727,64.778,462.327,603.137
728,64.766,462.526,603.190
729,64.753,462.724,603.242
730,64.741,462.921,603.294
731,64.728,463.119,603.346
732,64.716,463.316,603.398
733,64.703,463.513,603.450
734,64.691,463.709,603.502
735,64.678,463.905,603.552
736,64.666,464.101,603.604
737,64.653,464.297,603.655
738,64.641,464.493,603.707
739,64.628,464.688,603.757
740,64.615,464.883,603.809
741,64.603,465.078,603.858
742,64.590,465.273,603.910
743,64.577,465.467,603.959
744,64.565,465.661,604.011
745,64.552,465.855,604.060
746,64.539,466.049,604.112
747,64.526,466.242,604.161
748,64.513,466.435,604.211
749,64.500,466.627,604.260
750,64.488,466.820,604.311
751,64.475,467.012,604.360
752,64.462,467.204,604.410
753,64.449,467.396,604.459
754,64.436,467.588,604.508
755,64.423,467.779,604.557
756,64.410,467.970,604.607
757,64.397,468.161,604.655
758,64.383,468.352,604.704
759,64.370,468.542,604.753
760,64.357,468.733,604.802
761,64.344,468.923,604.850
762,64.331,469.112,604.899
763,64.318,469.302,604.946
764,64.304,469.491,604.995
765,64.291,469.680,605.043
766,64.278,469.869,605.091
767,64.265,470.058,605.138
768,64.251,470.246,605.186
769,64.238,470.434,605.234
770,64.224,470.622,605.282
771,64.211,470.810,605.328
772,64.198,470.997,605.376
773,64.184,471.185,605.423
774,64.171,471.372,605.471
775,64.157,471.559,605.516
776,64.144,471.746,605.564
777,64.130,471.932,605.610
778,64.116,472.118,605.658
779,64.103,472.305,605.703
780,64.089,472.490,605.751
781,64.075,472.676,605.796
782,64.062,472.861,605.843
783,64.048,473.046,605.888
784,64.034,473.231,605.935
785,64.021,473.416,605.980
786,64.007,473.601,606.026
787,63.993,473.785,606.071
788,63.979,473.970,606.118
789,63.965,474.154,606.163
790,63.951,474.338,606.208
791,63.937,474.522,606.253
792,63.924,474.705,606.299
793,63.910,474.888,606.343
794,63.896,475.072,606.389
795,63.882,475.255,606.433
796,63.868,475.437,606.479
797,63.854,475.620,606.523
798,63.839,475.802,606.568
799,63.825,475.985,606.612
800,63.811,476.166,606.657
801,63.797,476.348,606.701
802,63.783,476.530,606.745
803,63.769,476.711,606.789
804,63.754,476.892,606.833
805,63.740,477.073,606.877
806,63.726,477.254,606.921
807,63.712,477.435,606.964
808,63.697,477.615,607.008
809,63.683,477.796,607.051
810,63.669,477.976,607.095
811,63.654,478.156,607.138
812,63.640,478.336,607.182
813,63.625,478.516,607.224
814,63.611,478.695,607.268
815,63.596,478.874,607.310
816,63.582,479.054,607.353
817,63.567,479.232,607.395
818,63.553,479.411,607.438
819,63.538,479.590,607.480
820,63.523,479.768,607.523
821,63.509,479.946,607.565
822,63.494,480.124,607.608
823,63.479,480.302,607.650
824,63.465,480.480,607.692
825,63.450,480.657,607.734
826,63.435,480.835,607.776
827,63.420,481.012,607.818
828,63.406,481.189,607.860
829,63.391,481.366,607.901
830,63.376,481.543,607.943
831,63.361,481.720,607.984
832,63.346,481.896,608.026
833,63.331,482.073,608.067
834,63.316,482.249,608.108
835,63.301,482.425,608.149
836,63.286,482.601,608.190
837,63.271,482.776,608.231
838,63.256,482.952,608.272
839,63.241,483.127,608.313
840,63.226,483.302,608.354
841,63.211,483.477,608.394
842,63.196,483.652,608.435
843,63.180,483.827,608.474
844,63.165,484.001,608.515
845,63.150,484.175,608.555
846,63.135,484.349,608.596
847,63.119,484.523,608.635
848,63.104,484.697,608.676
849,63.089,484.871,608.715
850,63.073,485.045,608.756
851,63.058,485.218,608.794
852,63.043,485.392,608.835
853,63.027,485.565,608.873
854,63.012,485.738,608.914
855,62.996,485.911,608.952
856,62.981,486.083,608.993
857,62.965,486.256,609.031
858,62.950,486.428,609.071
859,62.934,486.601,609.109
860,62.919,486.773,609.149
861,62.903,486.945,609.187
862,62.887,487.116,609.226
863,62.872,487.288,609.264
864,62.856,487.460,609.304
865,62.840,487.631,609.342
866,62.824,487.802,609.380
867,62.809,487.973,609.418
868,62.793,488.144,609.457
869,62.777,488.315,609.495
870,62.761,488.485,609.534
871,62.745,488.655,609.571
872,62.729,488.825,609.610
873,62.713,488.996,609.647
874,62.698,489.166,609.686
875,62.682,489.335,609.723
876,62.666,489.505,609.761
877,62.650,489.675,609.798
878,62.633,489.844,609.836
879,62.617,490.013,609.873
880,62.601,490.183,609.911
881,62.585,490.352,609.948
882,62.569,490.520,609.986
883,62.553,490.689,610.022
884,62.537,490.858,610.060
885,62.520,491.026,610.097
886,62.504,491.194,610.134
887,62.488,491.362,610.170
888,62.472,491.530,610.208
889,62.455,491.698,610.244
890,62.439,491.866,610.281
891,62.423,492.033,610.317
892,62.406,492.200,610.354
893,62.390,492.367,610.390
894,62.373,492.534,610.427
895,62.357,492.701,610.462
896,62.340,492.868,610.499
897,62.324,493.035,610.535
898,62.307,493.201,610.571
899,62.291,493.368,610.606
900,62.274,493.534,610.643
901,62.257,493.700,610.678
902,62.241,493.866,610.714
903,62.224,494.032,610.749
904,62.207,494.198,610.786
905,62.191,494.363,610.821
906,62.174,494.528,610.856
907,62.157,494.694,610.891
908,62.140,494.859,610.927
909,62.124,495.024,610.962
910,62.107,495.189,610.998
911,62.090,495.353,611.032
912,62.073,495.518,611.068
913,62.056,495.682,611.102
914,62.039,495.847,611.138
915,62.022,496.011,611.172
916,62.005,496.174,611.208
917,61.988,496.338,611.242
918,61.971,496.502,611.277
919,61.954,496.665,611.311
920,61.937,496.828,611.346
921,61.920,496.991,611.380
922,61.903,497.154,611.415
923,61.885,497.317,611.449
924,61.868,497.480,611.483
925,61.851,497.643,611.517
926,61.834,497.806,611.552
927,61.816,497.968,611.585
928,61.799,498.130,611.620
929,61.782,498.292,611.653
930,61.764,498.454,611.688
931,61.747,498.616,611.721
932,61.730,498.778,611.755
933,61.712,498.939,611.788
934,61.695,499.101,611.822
935,61.677,499.262,611.855
936,61.660,499.423,611.889
937,61.642,499.584,611.922
938,61.625,499.745,611.956
939,61.607,499.905,611.989
940,61.589,500.066,612.023
941,61.572,500.226,612.055
942,61.554,500.386,612.089
943,61.536,500.546,612.121
944,61.519,500.706,612.155
945,61.501,500.866,612.186
946,61.483,501.026,612.220
947,61.465,501.185,612.252
948,61.448,501.345,612.286
949,61.430,501.504,612.317
950,61.412,501.663,612.351
951,61.394,501.822,612.382
952,61.376,501.981,612.416
953,61.358,502.140,612.447
954,61.340,502.298,612.481
955,61.322,502.457,612.512
956,61.304,502.615,612.545
957,61.286,502.773,612.576
958,61.268,502.931,612.609
959,61.250,503.089,612.640
960,61.232,503.247,612.673
961,61.214,503.404,612.704
962,61.195,503.562,612.737
963,61.177,503.719,612.768
964,61.159,503.876,612.800
965,61.141,504.033,612.831
966,61.122,504.189,612.863
967,61.104,504.346,612.894
968,61.086,504.502,612.926
969,61.067,504.659,612.957
970,61.049,504.815,612.989
971,61.031,504.971,613.020
972,61.012,505.127,613.052
973,60.994,505.283,613.083
974,60.975,505.438,613.114
975,60.957,505.594,613.145
976,60.938,505.749,613.176
977,60.920,505.905,613.207
978,60.901,506.060,613.238
979,60.883,506.215,613.269
980,60.864,506.369,613.300
981,60.845,506.524,613.330
982,60.827,506.679,613.361
983,60.808,506.833,613.392
984,60.789,506.987,613.423
985,60.770,507.141,613.453
986,60.752,507.295,613.484
987,60.733,507.449,613.514
988,60.714,507.603,613.545
989,60.695,507.756,613.574
990,60.676,507.910,613.605
991,60.657,508.063,613.635
992,60.638,508.216,613.665
993,60.619,508.369,613.695
994,60.600,508.521,613.726
995,60.581,508.674,613.755
996,60.562,508.826,613.786
997,60.543,508.978,613.815
998,60.524,509.130,613.845
999,60.505,509.282,613.875
1000,60.486,509.434,613.905
1001,60.466,509.587,613.934
1002,60.447,509.738,613.964
1003,60.428,509.889,613.993
1004,60.409,510.041,614.023
1005,60.390,510.192,614.052
1006,60.370,510.343,614.082
1007,60.351,510.493,614.111
1008,60.332,510.644,614.141
1009,60.312,510.795,614.169
1010,60.293,510.945,614.199
1011,60.273,511.095,614.228
1012,60.254,511.245,614.258
1013,60.234,511.395,614.286
1014,60.215,511.545,614.316
1015,60.195,511.695,614.343
1016,60.176,511.845,614.373
1017,60.156,511.994,614.401
1018,60.137,512.143,614.431
1019,60.117,512.292,614.459
1020,60.097,512.441,614.489
1021,60.078,512.590,614.516
1022,60.058,512.738,614.546
1023,60.038,512.886,614.573
1024,60.018,513.035,614.603
1025,59.998,513.183,614.630
1026,59.979,513.331,614.660
1027,59.959,513.478,614.687
1028,59.939,513.626,614.716
1029,59.919,513.774,614.743
1030,59.899,513.921,614.773
1031,59.879,514.068,614.800
1032,59.859,514.216,614.829
1033,59.839,514.363,614.856
1034,59.819,514.509,614.885
1035,59.799,514.656,614.912
1036,59.779,514.803,614.941
1037,59.759,514.949,614.968
1038,59.739,515.095,614.996
1039,59.719,515.241,615.023
1040,59.698,515.387,615.052
1041,59.678,515.533,615.079
1042,59.658,515.679,615.107
1043,59.638,515.824,615.134
1044,59.618,515.969,615.162
1045,59.597,516.114,615.189
1046,59.577,516.259,615.217
1047,59.557,516.404,615.244
1048,59.536,516.549,615.272
1049,59.516,516.693,615.299
1050,59.495,516.837,615.326
1051,59.475,516.981,615.353
1052,59.454,517.125,615.381
1053,59.434,517.269,615.407
1054,59.413,517.413,615.435
1055,59.393,517.557,615.462
1056,59.372,517.700,615.489
1057,59.352,517.843,615.516
1058,59.331,517.986,615.543
1059,59.310,518.129,615.569
1060,59.290,518.272,615.597
1061,59.269,518.415,615.623
1062,59.248,518.558,615.650
1063,59.227,518.700,615.676
1064,59.207,518.842,615.703
1065,59.186,518.984,615.730
1066,59.165,519.126,615.757
1067,59.144,519.267,615.783
1068,59.123,519.409,615.810
1069,59.102,519.550,615.836
1070,59.081,519.691,615.863
1071,59.060,519.832,615.888
1072,59.040,519.973,615.915
1073,59.019,520.114,615.941
1074,58.997,520.255,615.968
1075,58.976,520.395,615.993
1076,58.955,520.536,616.020
1077,58.934,520.676,616.046
1078,58.913,520.816,616.072
1079,58.892,520.956,616.098
1080,58.871,521.096,616.124
1081,58.850,521.235,616.150
1082,58.828,521.374,616.176
1083,58.807,521.514,616.201
1084,58.786,521.653,616.228
1085,58.765,521.792,616.253
1086,58.743,521.931,616.279
1087,58.722,522.069,616.304
1088,58.700,522.208,616.331
1089,58.679,522.346,616.356
1090,58.658,522.484,616.382
1091,58.636,522.622,616.407
1092,58.615,522.760,616.433
1093,58.593,522.897,616.458
1094,58.572,523.034,616.484
1095,58.550,523.172,616.508
1096,58.529,523.309,616.534
1097,58.507,523.446,616.559
1098,58.485,523.582,616.585
1099,58.464,523.719,616.609
1100,58.442,523.856,616.635
1101,58.420,523.992,616.660
1102,58.399,524.128,616.685
1103,58.377,524.264,616.710
1104,58.355,524.400,616.735
1105,58.333,524.536,616.760
1106,58.312,524.672,616.785
1107,58.290,524.807,616.809
1108,58.268,524.942,616.835
1109,58.246,525.077,616.859
1110,58.224,525.212,616.884
1111,58.202,525.347,616.908
1112,58.180,525.482,616.934
1113,58.158,525.616,616.958
1114,58.136,525.751,616.983
1115,58.114,525.885,617.007
1116,58.092,526.018,617.032
1117,58.070,526.152,617.056
1118,58.048,526.286,617.081
1119,58.026,526.419,617.105
1120,58.004,526.552,617.130
1121,57.982,526.685,617.154
1122,57.959,526.818,617.179
1123,57.937,526.951,617.202
1124,57.915,527.083,617.227
1125,57.893,527.216,617.251
1126,57.871,527.348,617.276
1127,57.848,527.480,617.299
1128,57.826,527.613,617.324
1129,57.804,527.744,617.348
1130,57.781,527.876,617.372
1131,57.759,528.008,617.396
1132,57.736,528.139,617.420
1133,57.714,528.270,617.444
1134,57.691,528.401,617.468
1135,57.669,528.532,617.492
1136,57.646,528.662,617.516
1137,57.624,528.793,617.539
1138,57.601,528.923,617.563
1139,57.579,529.053,617.587
1140,57.556,529.183,617.611
1141,57.534,529.313,617.634
1142,57.511,529.442,617.658
1143,57.488,529.572,617.681
1144,57.466,529.701,617.706
1145,57.443,529.830,617.729
1146,57.420,529.960,617.753
1147,57.397,530.088,617.776
1148,57.375,530.217,617.800
1149,57.352,530.346,617.823
1150,57.329,530.474,617.846
1151,57.306,530.602,617.869
1152,57.283,530.730,617.893
1153,57.260,530.858,617.916
1154,57.238,530.986,617.940
1155,57.215,531.113,617.962
1156,57.192,531.241,617.986
1157,57.169,531.368,618.009
1158,57.146,531.495,618.032
1159,57.123,531.621,618.055
1160,57.100,531.748,618.078
1161,57.077,531.874,618.101
1162,57.054,532.001,618.124
1163,57.030,532.127,618.147
1164,57.007,532.253,618.170
1165,56.984,532.378,618.193
1166,56.961,532.504,618.216
1167,56.938,532.630,618.239
1168,56.915,532.755,618.262
1169,56.891,532.880,618.284
1170,56.868,533.005,618.307
1171,56.845,533.130,618.330
1172,56.822,533.255,618.353
1173,56.798,533.379,618.375
1174,56.775,533.503,618.398
1175,56.752,533.628,618.420
1176,56.728,533.751,618.443
1177,56.705,533.875,618.465
1178,56.681,533.999,618.488
1179,56.658,534.122,618.510
1180,56.634,534.245,618.533
1181,56.611,534.368,618.555
1182,56.587,534.491,618.578
1183,56.564,534.614,618.600
1184,56.540,534.736,618.623
1185,56.517,534.859,618.644
1186,56.493,534.981,618.667
1187,56.470,535.103,618.689
1188,56.446,535.225,618.712
1189,56.422,535.347,618.733
1190,56.399,535.468,618.756
1191,56.375,535.590,618.777
1192,56.351,535.711,618.800
1193,56.328,535.832,618.822
1194,56.304,535.953,618.845
1195,56.280,536.074,618.866
1196,56.256,536.194,618.889
1197,56.232,536.315,618.909
1198,56.209,536.435,618.932
1199,56.185,536.555,618.953
1200,56.161,536.675,618.976
1201,56.137,536.794,618.997
1202,56.113,536.913,619.020
1203,56.089,537.032,619.040
1204,56.065,537.152,619.063
1205,56.041,537.271,619.085
1206,56.017,537.389,619.107
1207,55.993,537.508,619.128
1208,55.969,537.627,619.149
1209,55.945,537.745,619.170
1210,55.921,537.863,619.193
1211,55.897,537.980,619.214
1212,55.873,538.099,619.236
1213,55.849,538.216,619.257
1214,55.825,538.333,619.279
1215,55.801,538.450,619.300
1216,55.776,538.568,619.321
1217,55.752,538.685,619.343
1218,55.728,538.801,619.364
1219,55.704,538.917,619.385
1220,55.679,539.034,619.406
1221,55.655,539.150,619.428
1222,55.631,539.266,619.449
1223,55.607,539.382,619.470
1224,55.582,539.497,619.491
1225,55.558,539.613,619.513
1226,55.533,539.728,619.533
1227,55.509,539.843,619.555
1228,55.485,539.958,619.576
1229,55.460,540.072,619.597
1230,55.436,540.187,619.617
1231,55.411,540.302,619.640
1232,55.387,540.416,619.659
1233,55.362,540.531,619.682
1234,55.338,540.643,619.701
1235,55.313,540.757,619.724
1236,55.289,540.871,619.743
1237,55.264,540.984,619.765
1238,55.240,541.097,619.785
1239,55.215,541.210,619.807
1240,55.190,541.323,619.827
1241,55.166,541.436,619.848
1242,55.141,541.548,619.868
1243,55.117,541.660,619.889
1244,55.092,541.772,619.910
1245,55.067,541.884,619.930
1246,55.042,541.996,619.951
1247,55.017,542.108,619.972
1248,54.993,542.218,619.993
1249,54.968,542.330,620.012
1250,54.943,542.441,620.034
1251,54.918,542.552,620.053
1252,54.894,542.662,620.074
1253,54.869,542.773,620.094
1254,54.844,542.883,620.115
1255,54.819,542.993,620.136
1256,54.794,543.103,620.156
1257,54.769,543.213,620.177
1258,54.744,543.323,620.197
1259,54.719,543.432,620.218
1260,54.694,543.540,620.237
1261,54.669,543.649,620.259
1262,54.644,543.759,620.278
1263,54.619,543.867,620.299
1264,54.594,543.976,620.319
1265,54.569,544.084,620.339
1266,54.544,544.192,620.359
1267,54.519,544.300,620.379
1268,54.494,544.408,620.400
1269,54.469,544.515,620.419
1270,54.444,544.622,620.440
1271,54.418,544.730,620.459
1272,54.393,544.837,620.481
1273,54.368,544.943,620.500
1274,54.343,545.051,620.520
1275,54.318,545.157,620.540
1276,54.292,545.263,620.560
1277,54.267,545.369,620.580
1278,54.242,545.476,620.599
1279,54.217,545.581,620.620
1280,54.191,545.687,620.639
1281,54.166,545.792,620.660
1282,54.141,545.897,620.678
1283,54.115,546.002,620.699
1284,54.090,546.107,620.719
1285,54.065,546.211,620.738
1286,54.039,546.315,620.759
1287,54.014,546.420,620.778
1288,53.988,546.524,620.799
1289,53.963,546.628,620.817
1290,53.937,546.732,620.837
1291,53.912,546.835,620.857
1292,53.887,546.939,620.876
1293,53.861,547.041,620.897
1294,53.836,547.144,620.916
1295,53.810,547.248,620.936
1296,53.784,547.350,620.954
1297,53.759,547.453,620.975
1298,53.733,547.555,620.994
1299,53.708,547.657,621.013
1300,53.682,547.759,621.033
1301,53.657,547.860,621.052
1302,53.631,547.962,621.072
1303,53.605,548.063,621.091
1304,53.579,548.165,621.111
1305,53.554,548.265,621.130
1306,53.528,548.366,621.150
1307,53.503,548.466,621.169
1308,53.477,548.567,621.188
1309,53.451,548.668,621.208
1310,53.425,548.768,621.227
1311,53.399,548.868,621.247
1312,53.374,548.967,621.266
1313,53.348,549.066,621.284
1314,53.322,549.165,621.304
1315,53.296,549.265,621.323
1316,53.270,549.364,621.343
1317,53.245,549.463,621.361
1318,53.219,549.561,621.381
1319,53.193,549.659,621.400
1320,53.167,549.758,621.418
1321,53.141,549.856,621.439
1322,53.115,549.954,621.457
1323,53.089,550.051,621.476
1324,53.063,550.148,621.495
1325,53.037,550.245,621.514
1326,53.011,550.343,621.534
1327,52.985,550.440,621.553
1328,52.959,550.536,621.572
1329,52.933,550.633,621.591
1330,52.907,550.730,621.609
1331,52.881,550.825,621.628
1332,52.855,550.922,621.647
1333,52.829,551.017,621.666
1334,52.803,551.112,621.685
1335,52.777,551.208,621.704
1336,52.751,551.304,621.723
1337,52.725,551.399,621.741
1338,52.699,551.493,621.761
1339,52.672,551.588,621.779
1340,52.646,551.682,621.798
1341,52.620,551.777,621.817
1342,52.594,551.871,621.835
1343,52.568,551.964,621.854
1344,52.541,552.058,621.873
1345,52.515,552.152,621.891
1346,52.489,552.245,621.910
1347,52.463,552.338,621.929
1348,52.436,552.431,621.948
1349,52.410,552.524,621.967
1350,52.384,552.616,621.985
1351,52.358,552.709,622.005
1352,52.331,552.802,622.022
1353,52.305,552.893,622.041
1354,52.279,552.985,622.060
1355,52.252,553.077,622.078
1356,52.226,553.168,622.097
1357,52.200,553.260,622.115
1358,52.173,553.351,622.133
1359,52.147,553.442,622.152
1360,52.120,553.533,622.170
1361,52.094,553.623,622.189
1362,52.068,553.714,622.207
1363,52.041,553.804,622.225
1364,52.014,553.894,622.244
1365,51.988,553.983,622.262
1366,51.962,554.074,622.281
1367,51.935,554.163,622.300
1368,51.909,554.252,622.318
1369,51.882,554.341,622.336
1370,51.856,554.430,622.354
1371,51.829,554.518,622.373
1372,51.803,554.607,622.391
1373,51.776,554.696,622.409
1374,51.749,554.783,622.428
1375,51.723,554.872,622.446
1376,51.696,554.960,622.464
1377,51.670,555.047,622.482
1378,51.643,555.134,622.500
1379,51.616,555.222,622.518
1380,51.590,555.309,622.537
1381,51.563,555.396,622.555
1382,51.536,555.482,622.573
1383,51.510,555.569,622.591
1384,51.483,555.654,622.609
1385,51.456,555.741,622.628
1386,51.430,555.827,622.646
1387,51.403,555.913,622.664
1388,51.376,555.999,622.683
1389,51.350,556.083,622.700
1390,51.323,556.169,622.718
1391,51.296,556.253,622.736
1392,51.269,556.338,622.754
1393,51.243,556.423,622.772
1394,51.216,556.508,622.790
1395,51.189,556.592,622.807
1396,51.162,556.675,622.827
1397,51.135,556.760,622.844
1398,51.108,556.844,622.862
1399,51.082,556.927,622.880
1400,51.055,557.011,622.897
1401,51.028,557.093,622.915
1402,51.001,557.177,622.933
1403,50.974,557.259,622.951
1404,50.947,557.342,622.970
1405,50.920,557.424,622.987
1406,50.893,557.507,623.005
1407,50.866,557.588,623.023
1408,50.839,557.671,623.040
1409,50.813,557.752,623.058
1410,50.786,557.834,623.076
1411,50.759,557.915,623.094
1412,50.732,557.996,623.111
1413,50.705,558.077,623.129
1414,50.678,558.158,623.147
1415,50.651,558.238,623.164
1416,50.624,558.318,623.183
1417,50.597,558.399,623.199
1418,50.570,558.479,623.218
1419,50.543,558.559,623.235
1420,50.516,558.639,623.253
1421,50.489,558.718,623.271
1422,50.462,558.797,623.288
1423,50.435,558.877,623.305
1424,50.407,558.956,623.324
1425,50.380,559.034,623.341
1426,50.353,559.113,623.358
1427,50.326,559.191,623.376
1428,50.299,559.269,623.393
1429,50.272,559.348,623.411
1430,50.245,559.425,623.429
1431,50.217,559.503,623.446
1432,50.190,559.581,623.464
1433,50.163,559.658,623.481
1434,50.136,559.735,623.498
1435,50.109,559.812,623.516
1436,50.082,559.889,623.534
1437,50.055,559.965,623.551
1438,50.027,560.042,623.568
1439,50.000,560.118,623.586
1440,49.973,560.194,623.603
1441,49.946,560.270,623.621
1442,49.919,560.346,623.638
1443,49.891,560.422,623.655
1444,49.864,560.497,623.673
1445,49.837,560.572,623.690
1446,49.809,560.647,623.707
1447,49.782,560.721,623.725
1448,49.755,560.796,623.742
1449,49.728,560.871,623.759
1450,49.700,560.945,623.777
1451,49.673,561.019,623.794
1452,49.646,561.093,623.811
1453,49.618,561.166,623.829
1454,49.591,561.240,623.846
1455,49.564,561.314,623.863
1456,49.536,561.386,623.881
1457,49.509,561.460,623.897
1458,49.482,561.532,623.914
1459,49.454,561.606,623.932
1460,49.427,561.678,623.949
1461,49.400,561.750,623.966
1462,49.372,561.823,623.983
1463,49.345,561.895,624.000
1464,49.317,561.966,624.017
1465,49.290,562.038,624.034
1466,49.263,562.109,624.052
1467,49.235,562.180,624.069
1468,49.208,562.251,624.086
1469,49.180,562.323,624.103
1470,49.153,562.393,624.119
1471,49.125,562.464,624.137
1472,49.098,562.535,624.154
1473,49.071,562.605,624.171
1474,49.043,562.675,624.188
1475,49.016,562.745,624.206
1476,48.988,562.815,624.222
1477,48.961,562.884,624.239
1478,48.933,562.953,624.256
1479,48.906,563.023,624.272
1480,48.878,563.092,624.290
1481,48.851,563.160,624.307
1482,48.823,563.229,624.323
1483,48.796,563.298,624.341
1484,48.768,563.366,624.358
1485,48.740,563.434,624.375
1486,48.713,563.502,624.392
1487,48.686,563.570,624.408
1488,48.658,563.638,624.425
1489,48.630,563.706,624.441
1490,48.603,563.773,624.460
1491,48.575,563.840,624.476
1492,48.548,563.906,624.492
1493,48.520,563.973,624.510
1494,48.492,564.041,624.526
1495,48.465,564.107,624.543
1496,48.437,564.173,624.560
1497,48.410,564.239,624.577
1498,48.382,564.305,624.593
1499,48.355,564.371,624.610
1500,48.327,564.437,624.627
1501,48.299,564.503,624.644
1502,48.272,564.568,624.660
1503,48.244,564.633,624.677
1504,48.216,564.698,624.693
1505,48.189,564.763,624.711
1506,48.161,564.828,624.728
1507,48.133,564.892,624.744
1508,48.106,564.956,624.760
1509,48.078,565.020,624.777
1510,48.050,565.085,624.794
1511,48.023,565.148,624.810
1512,47.995,565.212,624.827
1513,47.967,565.275,624.844
1514,47.940,565.339,624.860
1515,47.912,565.402,624.877
1516,47.884,565.466,624.894
1517,47.857,565.528,624.910
1518,47.829,565.591,624.926
1519,47.801,565.653,624.944
1520,47.773,565.716,624.960
1521,47.746,565.778,624.976
1522,47.718,565.840,624.993
1523,47.690,565.902,625.009
1524,47.663,565.964,625.025
1525,47.635,566.025,625.042
1526,47.607,566.087,625.059
1527,47.579,566.149,625.075
1528,47.552,566.209,625.091
1529,47.524,566.270,625.109
1530,47.496,566.331,625.125
1531,47.468,566.392,625.141
1532,47.441,566.452,625.158
1533,47.413,566.512,625.174
1534,47.385,566.573,625.190
1535,47.357,566.633,625.207
1536,47.330,566.693,625.223
1537,47.302,566.752,625.239
1538,47.274,566.812,625.256
1539,47.246,566.872,625.273
1540,47.218,566.931,625.288
1541,47.191,566.990,625.305
1542,47.163,567.049,625.322
1543,47.135,567.107,625.338
1544,47.107,567.166,625.353
1545,47.079,567.225,625.370
1546,47.052,567.283,625.387
1547,47.024,567.341,625.403
1548,46.996,567.399,625.419
1549,46.968,567.457,625.435
1550,46.940,567.515,625.452
1551,46.912,567.573,625.467
1552,46.885,567.629,625.485
1553,46.857,567.687,625.501
1554,46.829,567.744,625.516
1555,46.801,567.801,625.532
1556,46.773,567.858,625.549
1557,46.745,567.915,625.565
1558,46.718,567.971,625.581
1559,46.690,568.028,625.598
1560,46.662,568.084,625.614
1561,46.634,568.140,625.629
1562,46.606,568.196,625.646
1563,46.578,568.252,625.663
1564,46.551,568.307,625.678
1565,46.523,568.363,625.694
1566,46.495,568.419,625.711
1567,46.467,568.474,625.726
1568,46.439,568.529,625.742
1569,46.411,568.583,625.759
1570,46.383,568.639,625.775
1571,46.356,568.693,625.790
1572,46.328,568.748,625.807
1573,46.300,568.802,625.823
1574,46.272,568.856,625.838
1575,46.244,568.910,625.855
1576,46.216,568.964,625.871
1577,46.188,569.018,625.887
1578,46.161,569.071,625.903
1579,46.133,569.125,625.919
1580,46.105,569.178,625.935
1581,46.077,569.232,625.951
1582,46.049,569.285,625.967
1583,46.021,569.338,625.983
1584,45.993,569.390,625.999
1585,45.965,569.443,626.014
1586,45.937,569.496,626.030
1587,45.909,569.549,626.047
1588,45.882,569.600,626.062
1589,45.854,569.652,626.078
1590,45.826,569.705,626.094
1591,45.798,569.757,626.110
1592,45.770,569.808,626.125
1593,45.742,569.860,626.141
1594,45.714,569.912,626.157
1595,45.686,569.963,626.173
1596,45.659,570.014,626.188
1597,45.631,570.065,626.205
1598,45.603,570.115,626.220
1599,45.575,570.167,626.236
1600,45.547,570.217,626.252
1601,45.519,570.268,626.268
1602,45.491,570.318,626.284
1603,45.463,570.368,626.299
1604,45.435,570.419,626.315
1605,45.407,570.469,626.331
1606,45.380,570.519,626.347
1607,45.352,570.569,626.363
1608,45.324,570.618,626.379
1609,45.296,570.668,626.394
1610,45.268,570.716,626.409
1611,45.240,570.766,626.425
1612,45.212,570.815,626.442
1613,45.184,570.864,626.456
1614,45.156,570.913,626.472
1615,45.128,570.962,626.488
1616,45.101,571.010,626.504
1617,45.073,571.058,626.519
1618,45.045,571.107,626.534
1619,45.017,571.155,626.551
1620,44.989,571.204,626.566
1621,44.961,571.252,626.581
1622,44.933,571.299,626.597
1623,44.905,571.347,626.613
1624,44.877,571.395,626.628
1625,44.850,571.442,626.644
1626,44.822,571.489,626.659
1627,44.794,571.536,626.675
1628,44.766,571.583,626.690
1629,44.738,571.631,626.706
1630,44.710,571.677,626.722
1631,44.682,571.725,626.737
1632,44.654,571.771,626.752
1633,44.627,571.818,626.768
1634,44.599,571.864,626.783
1635,44.571,571.910,626.799
1636,44.543,571.956,626.814
1637,44.515,572.003,626.830
1638,44.487,572.049,626.845
1639,44.459,572.094,626.860
1640,44.431,572.140,626.876
1641,44.404,572.185,626.891
1642,44.376,572.231,626.907
1643,44.348,572.277,626.922
1644,44.320,572.322,626.938
1645,44.292,572.367,626.954
1646,44.264,572.411,626.968
1647,44.236,572.457,626.983
1648,44.208,572.502,626.999
1649,44.181,572.546,627.015
1650,44.153,572.590,627.029
1651,44.125,572.635,627.045
1652,44.097,572.679,627.061
1653,44.069,572.724,627.076
1654,44.041,572.768,627.090
1655,44.014,572.812,627.106
1656,43.986,572.856,627.122
1657,43.958,572.899,627.137
1658,43.930,572.943,627.152
1659,43.902,572.987,627.167
1660,43.874,573.030,627.183
1661,43.847,573.073,627.197
1662,43.819,573.116,627.213
1663,43.791,573.160,627.228
1664,43.763,573.203,627.243
1665,43.735,573.246,627.258
1666,43.708,573.288,627.273
1667,43.680,573.331,627.290
1668,43.652,573.374,627.304
1669,43.624,573.416,627.319
1670,43.596,573.459,627.334
1671,43.569,573.501,627.349
1672,43.541,573.544,627.365
1673,43.513,573.586,627.379
1674,43.485,573.627,627.395
1675,43.457,573.669,627.410
1676,43.430,573.711,627.425
1677,43.402,573.752,627.440
1678,43.374,573.795,627.455
1679,43.346,573.836,627.470
1680,43.319,573.877,627.485
1681,43.291,573.918,627.500
1682,43.263,573.959,627.515
1683,43.235,574.000,627.530
1684,43.207,574.042,627.545
1685,43.180,574.083,627.560
1686,43.152,574.123,627.576
1687,43.124,574.164,627.590
1688,43.096,574.205,627.605
1689,43.069,574.245,627.620
1690,43.041,574.286,627.635
1691,43.013,574.326,627.650
1692,42.986,574.366,627.665
1693,42.958,574.406,627.680
1694,42.930,574.446,627.695
1695,42.903,574.486,627.709
1696,42.875,574.526,627.725
1697,42.847,574.566,627.740
1698,42.819,574.606,627.755
1699,42.792,574.645,627.769
1700,42.764,574.685,627.784
1701,42.736,574.723,627.799
1702,42.709,574.763,627.814
1703,42.681,574.802,627.828
1704,42.653,574.842,627.843
1705,42.626,574.880,627.859
1706,42.598,574.920,627.873
1707,42.570,574.958,627.887
1708,42.543,574.997,627.903
1709,42.515,575.035,627.918
1710,42.487,575.074,627.932
1711,42.460,575.112,627.947
1712,42.432,575.151,627.962
1713,42.404,575.189,627.977
1714,42.377,575.228,627.992
1715,42.349,575.265,628.006
1716,42.321,575.304,628.021
1717,42.294,575.342,628.036
1718,42.266,575.380,628.050
1719,42.239,575.418,628.065
1720,42.211,575.455,628.080
1721,42.184,575.493,628.095
1722,42.156,575.530,628.109
1723,42.128,575.567,628.123
1724,42.101,575.605,628.138
1725,42.073,575.643,628.153
1726,42.046,575.680,628.167
1727,42.018,575.717,628.182
1728,41.991,575.754,628.197
1729,41.963,575.790,628.212
1730,41.935,575.827,628.226
1731,41.908,575.864,628.240
1732,41.880,575.901,628.255
1733,41.853,575.938,628.270
1734,41.825,575.974,628.284
1735,41.798,576.011,628.299
1736,41.770,576.048,628.314
1737,41.743,576.083,628.328
1738,41.715,576.120,628.342
1739,41.688,576.156,628.357
1740,41.660,576.191,628.372
1741,41.633,576.228,628.386
1742,41.605,576.264,628.400
1743,41.578,576.300,628.415
1744,41.550,576.335,628.429
1745,41.523,576.371,628.444
1746,41.495,576.407,628.458
1747,41.468,576.442,628.472
1748,41.440,576.478,628.488
1749,41.413,576.513,628.501
1750,41.386,576.548,628.516
1751,41.358,576.584,628.530
1752,41.331,576.619,628.545
1753,41.303,576.654,628.559
1754,41.276,576.690,628.573
1755,41.249,576.724,628.588
1756,41.221,576.759,628.602
1757,41.194,576.794,628.616
1758,41.166,576.829,628.630
1759,41.139,576.863,628.645
1760,41.112,576.898,628.660
1761,41.084,576.933,628.674
1762,41.057,576.968,628.688
1763,41.030,577.002,628.702
1764,41.002,577.036,628.717
1765,40.975,577.070,628.731
1766,40.947,577.104,628.745
1767,40.920,577.139,628.759
1768,40.893,577.173,628.774
1769,40.866,577.206,628.788
1770,40.838,577.241,628.802
1771,40.811,577.274,628.816
1772,40.784,577.309,628.831
1773,40.756,577.342,628.845
1774,40.729,577.376,628.859
1775,40.702,577.410,628.873
1776,40.674,577.443,628.888
1777,40.647,577.477,628.901
1778,40.620,577.510,628.916
1779,40.593,577.544,628.930
1780,40.566,577.576,628.944
1781,40.538,577.610,628.958
1782,40.511,577.643,628.972
1783,40.484,577.677,628.986
1784,40.457,577.709,629.000
1785,40.429,577.743,629.014
1786,40.402,577.775,629.029
1787,40.375,577.808,629.043
1788,40.348,577.841,629.056
1789,40.321,577.874,629.070
1790,40.294,577.907,629.085
1791,40.266,577.939,629.099
1792,40.239,577.972,629.113
1793,40.212,578.004,629.126
1794,40.185,578.037,629.141
1795,40.158,578.069,629.155
1796,40.131,578.101,629.170
1797,40.104,578.134,629.183
1798,40.076,578.166,629.197
1799,40.049,578.198,629.211
1800,40.022,578.230,629.225
1801,39.995,578.262,629.239
1802,39.968,578.294,629.253
1803,39.941,578.326,629.266
1804,39.914,578.358,629.281
1805,39.887,578.390,629.294
1806,39.860,578.422,629.308
1807,39.833,578.453,629.323
1808,39.806,578.485,629.336
1809,39.779,578.517,629.350
1810,39.752,578.548,629.363
1811,39.725,578.580,629.378
1812,39.698,578.611,629.392
1813,39.671,578.643,629.405
1814,39.644,578.674,629.419
1815,39.617,578.705,629.434
1816,39.590,578.737,629.448
1817,39.563,578.768,629.461
1818,39.536,578.799,629.475
1819,39.509,578.830,629.489
1820,39.482,578.861,629.503
1821,39.455,578.892,629.516
1822,39.428,578.923,629.530
1823,39.401,578.954,629.543
1824,39.375,578.985,629.558
1825,39.348,579.016,629.571
1826,39.320,579.047,629.584
1827,39.294,579.077,629.599
1828,39.267,579.108,629.612
1829,39.240,579.138,629.626
1830,39.213,579.169,629.640
1831,39.186,579.199,629.654
1832,39.159,579.231,629.668
1833,39.133,579.261,629.681
1834,39.106,579.291,629.694
1835,39.079,579.321,629.708
1836,39.052,579.351,629.722
1837,39.025,579.382,629.736
1838,38.999,579.412,629.749
1839,38.972,579.442,629.763
1840,38.945,579.472,629.776
1841,38.918,579.502,629.790
1842,38.892,579.533,629.804
1843,38.865,579.562,629.817
1844,38.838,579.592,629.831
1845,38.811,579.622,629.844
1846,38.785,579.652,629.858
1847,38.758,579.682,629.872
1848,38.731,579.712,629.885
1849,38.705,579.741,629.899
1850,38.678,579.771,629.912
1851,38.651,579.801,629.925
1852,38.625,579.830,629.939
1853,38.598,579.860,629.953
1854,38.571,579.889,629.966
1855,38.544,579.919,629.980
1856,38.518,579.948,629.993
1857,38.491,579.978,630.007
1858,38.465,580.007,630.020
1859,38.438,580.036,630.033
1860,38.412,580.066,630.047
1861,38.385,580.095,630.061
1862,38.358,580.124,630.074
1863,38.332,580.153,630.088
1864,38.305,580.182,630.101
1865,38.279,580.212,630.115
1866,38.252,580.240,630.128
1867,38.226,580.269,630.141
1868,38.199,580.299,630.154
1869,38.173,580.328,630.168
1870,38.146,580.357,630.182
1871,38.119,580.386,630.195
1872,38.093,580.415,630.208
1873,38.067,580.443,630.222
1874,38.040,580.472,630.235
1875,38.014,580.501,630.248
1876,37.987,580.529,630.261
1877,37.961,580.557,630.275
1878,37.934,580.586,630.288
1879,37.908,580.615,630.301
1880,37.881,580.644,630.315
1881,37.855,580.672,630.328
1882,37.829,580.701,630.342
1883,37.802,580.729,630.355
1884,37.776,580.757,630.368
1885,37.750,580.786,630.382
1886,37.723,580.814,630.395
1887,37.697,580.843,630.408
1888,37.671,580.871,630.421
1889,37.644,580.899,630.434
1890,37.618,580.928,630.448
1891,37.592,580.955,630.461
1892,37.565,580.983,630.474
1893,37.539,581.012,630.487
1894,37.513,581.040,630.501
1895,37.486,581.068,630.514
1896,37.460,581.096,630.526
1897,37.434,581.124,630.540
1898,37.408,581.152,630.554
1899,37.381,581.180,630.566
1900,37.355,581.208,630.579
1901,37.329,581.236,630.593
1902,37.303,581.264,630.606
1903,37.277,581.291,630.619
1904,37.250,581.319,630.632
1905,37.224,581.347,630.645
1906,37.198,581.375,630.658
1907,37.172,581.403,630.672
1908,37.146,581.430,630.685
1909,37.120,581.458,630.698
1910,37.094,581.485,630.711
1911,37.068,581.513,630.724
1912,37.041,581.541,630.737
1913,37.015,581.568,630.750
1914,36.989,581.596,630.764
1915,36.963,581.623,630.777
1916,36.937,581.651,630.789
1917,36.911,581.678,630.802
1918,36.885,581.706,630.815
1919,36.859,581.733,630.828
1920,36.833,581.760,630.841
1921,36.807,581.788,630.854
1922,36.781,581.815,630.867
1923,36.755,581.843,630.880
1924,36.729,581.869,630.893
1925,36.703,581.897,630.906
1926,36.677,581.924,630.919
1927,36.651,581.952,630.932
1928,36.625,581.978,630.945
1929,36.599,582.005,630.958
1930,36.573,582.033,630.971
1931,36.547,582.060,630.984
1932,36.521,582.087,630.997
1933,36.495,582.114,631.010
1934,36.469,582.141,631.023
1935,36.444,582.168,631.036
1936,36.418,582.195,631.049
1937,36.392,582.222,631.062
1938,36.366,582.249,631.074
1939,36.340,582.276,631.088
1940,36.314,582.303,631.101
1941,36.289,582.330,631.114
1942,36.263,582.357,631.126
1943,36.237,582.383,631.139
1944,36.211,582.410,631.152
1945,36.186,582.437,631.165
1946,36.160,582.464,631.177
1947,36.134,582.490,631.190
1948,36.108,582.517,631.204
1949,36.082,582.544,631.217
1950,36.057,582.571,631.229
1951,36.031,582.597,631.241
1952,36.005,582.624,631.254
1953,35.980,582.650,631.268
1954,35.954,582.677,631.280
1955,35.928,582.704,631.293
1956,35.903,582.730,631.305
1957,35.877,582.757,631.319
1958,35.851,582.783,631.331
1959,35.826,582.810,631.344
1960,35.800,582.836,631.357
1961,35.775,582.863,631.370
1962,35.749,582.889,631.383
1963,35.723,582.916,631.395
1964,35.698,582.942,631.408
1965,35.672,582.969,631.421
1966,35.647,582.995,631.434
1967,35.621,583.022,631.446
1968,35.596,583.048,631.458
1969,35.570,583.075,631.472
1970,35.545,583.100,631.485
1971,35.519,583.127,631.497
1972,35.494,583.154,631.509
1973,35.468,583.180,631.523
1974,35.443,583.206,631.535
1975,35.417,583.232,631.548
1976,35.392,583.259,631.561
1977,35.366,583.285,631.573
1978,35.341,583.311,631.586
1979,35.315,583.337,631.599
1980,35.290,583.363,631.611
1981,35.265,583.389,631.624
1982,35.239,583.416,631.637
1983,35.214,583.442,631.649
1984,35.189,583.468,631.662
1985,35.163,583.494,631.674
1986,35.138,583.521,631.687
1987,35.113,583.547,631.699
1988,35.087,583.573,631.712
1989,35.062,583.599,631.725
1990,35.037,583.625,631.737
1991,35.011,583.651,631.750
1992,34.986,583.677,631.763
1993,34.961,583.703,631.775
1994,34.935,583.728,631.787
1995,34.910,583.754,631.800
1996,34.885,583.780,631.813
1997,34.860,583.807,631.825
1998,34.835,583.833,631.837
1999,34.809,583.859,631.851
2000,34.784,583.885,631.863
2001,34.759,583.910,631.876
2002,34.734,583.936,631.888
2003,34.709,583.962,631.901
2004,34.684,583.988,631.913
2005,34.658,584.014,631.926
2006,34.633,584.040,631.938
2007,34.608,584.066,631.951
2008,34.583,584.092,631.963
2009,34.558,584.117,631.976
2010,34.533,584.143,631.988
2011,34.508,584.169,632.000
2012,34.483,584.194,632.013
2013,34.458,584.220,632.026
2014,34.433,584.247,632.038
2015,34.408,584.272,632.050
2016,34.383,584.298,632.063
2017,34.358,584.324,632.076
2018,34.333,584.349,632.088
2019,34.308,584.375,632.101
2020,34.283,584.401,632.113
2021,34.258,584.427,632.125
2022,34.233,584.452,632.138
2023,34.208,584.478,632.150
2024,34.183,584.503,632.162
2025,34.158,584.529,632.175
2026,34.133,584.555,632.188
2027,34.108,584.581,632.200
2028,34.083,584.606,632.212
2029,34.058,584.632,632.225
2030,34.034,584.657,632.237
2031,34.009,584.684,632.249
2032,33.984,584.709,632.262
2033,33.959,584.735,632.274
2034,33.934,584.760,632.286
2035,33.910,584.785,632.299
2036,33.885,584.812,632.311
2037,33.860,584.837,632.323
2038,33.835,584.862,632.336
2039,33.810,584.888,632.349
2040,33.786,584.914,632.361
2041,33.761,584.939,632.373
2042,33.736,584.965,632.385
2043,33.712,584.991,632.398
2044,33.687,585.016,632.410
2045,33.662,585.041,632.422
2046,33.637,585.067,632.435
2047,33.613,585.092,632.447
2048,33.588,585.118,632.460
2049,33.564,585.144,632.472
2050,33.539,585.169,632.484
2051,33.514,585.195,632.497
2052,33.490,585.220,632.509
2053,33.465,585.246,632.521
2054,33.440,585.271,632.533
2055,33.416,585.297,632.546
2056,33.391,585.322,632.558
2057,33.367,585.347,632.570
2058,33.342,585.373,632.582
2059,33.318,585.399,632.595
2060,33.293,585.424,632.607
2061,33.268,585.449,632.620
2062,33.244,585.475,632.632
2063,33.220,585.500,632.644
2064,33.195,585.526,632.657
2065,33.171,585.551,632.669
2066,33.146,585.577,632.681
2067,33.122,585.602,632.693
2068,33.097,585.628,632.705
2069,33.073,585.653,632.717
2070,33.048,585.679,632.730
2071,33.024,585.704,632.742
2072,33.000,585.729,632.755
2073,32.975,585.755,632.766
2074,32.951,585.780,632.779
2075,32.927,585.806,632.791
2076,32.902,585.831,632.803
2077,32.878,585.857,632.815
2078,32.853,585.882,632.828
2079,32.829,585.907,632.840
2080,32.805,585.933,632.852
2081,32.781,585.958,632.864
2082,32.756,585.984,632.876
2083,32.732,586.009,632.889
2084,32.708,586.035,632.901
2085,32.684,586.060,632.913
2086,32.659,586.085,632.925
2087,32.635,586.111,632.937
2088,32.611,586.136,632.950
2089,32.587,586.161,632.962
2090,32.563,586.187,632.974
2091,32.538,586.212,632.986
2092,32.514,586.237,632.998
2093,32.490,586.263,633.011
2094,32.466,586.289,633.023
2095,32.442,586.314,633.035
2096,32.418,586.339,633.047
2097,32.394,586.365,633.059
2098,32.370,586.390,633.072
2099,32.345,586.416,633.083
2100,32.321,586.441,633.095
2101,32.297,586.466,633.108
2102,32.273,586.492,633.120
2103,32.249,586.517,633.132
2104,32.225,586.543,633.144
2105,32.201,586.568,633.156
2106,32.177,586.593,633.169
2107,32.153,586.618,633.180
2108,32.129,586.644,633.192
2109,32.105,586.670,633.205
2110,32.081,586.695,633.216
2111,32.057,586.721,633.229
2112,32.034,586.745,633.241
2113,32.010,586.771,633.253
2114,31.986,586.797,633.265
2115,31.962,586.822,633.277
2116,31.938,586.848,633.289
2117,31.914,586.873,633.301
2118,31.890,586.898,633.314
2119,31.866,586.924,633.326
2120,31.842,586.949,633.337
2121,31.819,586.975,633.350
2122,31.795,587.000,633.362
2123,31.771,587.025,633.374
2124,31.747,587.051,633.386
2125,31.723,587.076,633.398
2126,31.700,587.102,633.410
2127,31.676,587.127,633.422
2128,31.652,587.153,633.434
2129,31.629,587.178,633.446
2130,31.605,587.204,633.458
2131,31.581,587.229,633.470
2132,31.557,587.254,633.483
2133,31.534,587.280,633.495
2134,31.510,587.305,633.506
2135,31.486,587.331,633.519
2136,31.463,587.356,633.531
2137,31.439,587.381,633.543
2138,31.415,587.407,633.554
2139,31.392,587.432,633.567
2140,31.368,587.458,633.579
2141,31.345,587.484,633.591
2142,31.321,587.509,633.603
2143,31.297,587.535,633.614
2144,31.274,587.560,633.627
2145,31.250,587.586,633.639
2146,31.227,587.611,633.651
2147,31.203,587.636,633.663
2148,31.180,587.662,633.675
2149,31.156,587.688,633.687
2150,31.133,587.713,633.700
2151,31.109,587.738,633.711
2152,31.086,587.764,633.722
2153,31.062,587.790,633.735
2154,31.039,587.815,633.747
2155,31.015,587.841,633.759
2156,30.992,587.866,633.771
2157,30.969,587.892,633.783
2158,30.945,587.917,633.795
2159,30.922,587.943,633.808
2160,30.898,587.969,633.819
2161,30.875,587.994,633.831
2162,30.852,588.020,633.843
2163,30.828,588.045,633.855
2164,30.805,588.071,633.867
2165,30.782,588.096,633.879
2166,30.759,588.122,633.891
2167,30.735,588.148,633.903
2168,30.712,588.174,633.915
2169,30.689,588.199,633.927
2170,30.665,588.224,633.939
2171,30.642,588.250,633.951
2172,30.619,588.276,633.963
2173,30.596,588.301,633.975
2174,30.573,588.327,633.987
2175,30.549,588.352,633.998
2176,30.526,588.378,634.011
2177,30.503,588.404,634.023
2178,30.480,588.430,634.035
2179,30.457,588.455,634.046
2180,30.434,588.481,634.058
2181,30.410,588.507,634.071
2182,30.387,588.533,634.082
2183,30.364,588.558,634.094
2184,30.341,588.584,634.106
2185,30.318,588.610,634.118
2186,30.295,588.635,634.130
2187,30.272,588.661,634.142
2188,30.249,588.687,634.154
2189,30.226,588.712,634.166
2190,30.203,588.738,634.178
2191,30.180,588.764,634.190
2192,30.157,588.790,634.201
2193,30.134,588.816,634.214
2194,30.111,588.841,634.226
2195,30.088,588.868,634.238
2196,30.065,588.893,634.249
2197,30.042,588.919,634.262
2198,30.019,588.945,634.273
2199,29.996,588.971,634.286
2200,29.973,588.997,634.297
2201,29.950,589.022,634.309
2202,29.927,589.048,634.321
2203,29.905,589.074,634.333
2204,29.882,589.100,634.345
2205,29.859,589.126,634.357
2206,29.836,589.152,634.368
2207,29.813,589.178,634.381
2208,29.791,589.203,634.393
2209,29.768,589.230,634.405
2210,29.745,589.255,634.416
2211,29.722,589.281,634.428
2212,29.699,589.307,634.440
2213,29.677,589.333,634.452
2214,29.654,589.359,634.465
2215,29.631,589.385,634.476
2216,29.609,589.411,634.488
2217,29.586,589.437,634.500
2218,29.563,589.463,634.512
2219,29.540,589.489,634.524
2220,29.518,589.515,634.536
2221,29.495,589.541,634.547
2222,29.473,589.567,634.559
2223,29.450,589.593,634.571
2224,29.427,589.620,634.583
2225,29.405,589.645,634.595
2226,29.382,589.671,634.607
2227,29.360,589.697,634.619
2228,29.337,589.723,634.631
2229,29.314,589.750,634.642
2230,29.292,589.776,634.655
2231,29.269,589.802,634.666
2232,29.247,589.828,634.679
2233,29.224,589.855,634.691
2234,29.202,589.880,634.702
2235,29.179,589.907,634.714
2236,29.157,589.933,634.726
2237,29.134,589.959,634.738
2238,29.112,589.985,634.750
2239,29.089,590.011,634.762
2240,29.067,590.038,634.774
2241,29.045,590.064,634.786
2242,29.022,590.090,634.797
2243,29.000,590.116,634.809
2244,28.978,590.143,634.821
2245,28.955,590.169,634.833
2246,28.933,590.195,634.845
2247,28.910,590.222,634.857
2248,28.888,590.248,634.869
2249,28.866,590.274,634.880
2250,28.843,590.301,634.893
2251,28.821,590.327,634.904
2252,28.799,590.353,634.916
2253,28.777,590.380,634.928
2254,28.754,590.406,634.940
2255,28.732,590.432,634.952
2256,28.710,590.459,634.964
2257,28.688,590.485,634.976
2258,28.666,590.512,634.987
2259,28.643,590.538,634.999
2260,28.621,590.564,635.011
2261,28.599,590.591,635.023
2262,28.577,590.618,635.035
2263,28.555,590.644,635.047
2264,28.533,590.670,635.059
2265,28.510,590.697,635.071
2266,28.488,590.724,635.083
2267,28.466,590.750,635.094
2268,28.444,590.777,635.106
2269,28.422,590.803,635.118
2270,28.400,590.830,635.130
2271,28.378,590.856,635.142
2272,28.356,590.883,635.154
2273,28.334,590.910,635.166
2274,28.312,590.936,635.177
2275,28.290,590.963,635.190
2276,28.268,590.990,635.201
2277,28.246,591.017,635.213
2278,28.224,591.043,635.225
2279,28.202,591.070,635.237
2280,28.180,591.097,635.249
2281,28.158,591.123,635.260
2282,28.136,591.150,635.272
2283,28.114,591.177,635.284
2284,28.092,591.204,635.296
2285,28.070,591.230,635.308
2286,28.049,591.257,635.320
2287,28.027,591.284,635.332
2288,28.005,591.311,635.344
2289,27.983,591.337,635.356
2290,27.961,591.364,635.368
2291,27.940,591.391,635.379
2292,27.918,591.418,635.392
2293,27.896,591.445,635.403
2294,27.874,591.472,635.415
2295,27.852,591.499,635.427
2296,27.831,591.526,635.439
2297,27.809,591.553,635.451
2298,27.787,591.580,635.463
2299,27.765,591.607,635.475
2300,27.744,591.634,635.487
2301,27.722,591.661,635.499
2302,27.700,591.687,635.511
2303,27.679,591.715,635.522
2304,27.657,591.742,635.534
2305,27.636,591.769,635.546
2306,27.614,591.797,635.558
2307,27.592,591.823,635.570
2308,27.571,591.850,635.581
2309,27.549,591.878,635.593
2310,27.527,591.905,635.606
2311,27.506,591.932,635.617
2312,27.484,591.959,635.629
2313,27.463,591.986,635.641
2314,27.441,592.014,635.653
2315,27.420,592.041,635.665
2316,27.398,592.068,635.677
2317,27.377,592.095,635.689
2318,27.355,592.122,635.700
2319,27.334,592.150,635.712
2320,27.312,592.177,635.724
2321,27.291,592.205,635.736
2322,27.270,592.232,635.748
2323,27.248,592.259,635.760
2324,27.227,592.287,635.772
2325,27.205,592.314,635.784
2326,27.184,592.342,635.796
2327,27.163,592.368,635.808
2328,27.141,592.396,635.820
2329,27.120,592.424,635.831
2330,27.099,592.451,635.844
2331,27.077,592.479,635.856
2332,27.056,592.506,635.867
2333,27.035,592.534,635.879
2334,27.013,592.561,635.891
2335,26.992,592.589,635.903
2336,26.971,592.616,635.915
2337,26.950,592.644,635.926
2338,26.928,592.672,635.938
2339,26.907,592.699,635.951
2340,26.886,592.726,635.962
2341,26.865,592.754,635.974
2342,26.844,592.782,635.987
2343,26.822,592.810,635.998
2344,26.801,592.838,636.011
2345,26.780,592.866,636.022
2346,26.759,592.893,636.034
2347,26.738,592.920,636.046
2348,26.717,592.949,636.058
2349,26.696,592.976,636.070
2350,26.675,593.004,636.082
2351,26.654,593.032,636.093
2352,26.633,593.060,636.105
2353,26.611,593.088,636.117
2354,26.590,593.116,636.129
2355,26.569,593.144,636.141
2356,26.548,593.172,636.153
2357,26.528,593.199,636.165
2358,26.506,593.228,636.178
2359,26.485,593.256,636.190
2360,26.465,593.283,636.201
2361,26.444,593.312,636.213
2362,26.423,593.340,636.225
2363,26.402,593.368,636.237
2364,26.381,593.396,636.249
2365,26.360,593.424,636.261
2366,26.339,593.453,636.272
2367,26.318,593.480,636.285
2368,26.297,593.508,636.297
2369,26.276,593.537,636.308
2370,26.256,593.564,636.321
2371,26.235,593.593,636.332
2372,26.214,593.621,636.345
2373,26.193,593.650,636.357
2374,26.173,593.677,636.369
2375,26.152,593.706,636.380
2376,26.131,593.734,636.392
2377,26.110,593.763,636.404
2378,26.089,593.792,636.416
2379,26.069,593.819,636.428
2380,26.048,593.847,636.440
2381,26.027,593.876,636.452
2382,26.007,593.905,636.464
2383,25.986,593.933,636.477
2384,25.965,593.962,636.488
2385,25.945,593.990,636.500
2386,25.924,594.019,636.512
2387,25.904,594.047,636.524
2388,25.883,594.076,636.536
2389,25.862,594.104,636.548
2390,25.842,594.133,636.560
2391,25.821,594.161,636.572
2392,25.801,594.190,636.584
2393,25.780,594.219,636.596
2394,25.760,594.248,636.608
2395,25.739,594.276,636.620
2396,25.719,594.305,636.632
2397,25.698,594.334,636.644
2398,25.678,594.362,636.656
2399,25.657,594.392,636.668
2400,25.637,594.420,636.680
2401,25.616,594.449,636.692
2402,25.596,594.478,636.705
2403,25.575,594.507,636.716
2404,25.555,594.536,636.728
2405,25.535,594.564,636.740
2406,25.514,594.594,636.752
2407,25.494,594.622,636.764
2408,25.474,594.651,636.776
2409,25.453,594.680,636.788
2410,25.433,594.710,636.800
2411,25.413,594.739,636.813
2412,25.392,594.767,636.825
2413,25.372,594.797,636.836
2414,25.352,594.825,636.848
2415,25.332,594.855,636.860
2416,25.311,594.884,636.872
2417,25.291,594.913,636.884
2418,25.271,594.943,636.897
2419,25.251,594.972,636.909
2420,25.230,595.001,636.921
2421,25.210,595.031,636.933
2422,25.190,595.060,636.945
2423,25.170,595.089,636.956
2424,25.150,595.118,636.969
2425,25.130,595.147,636.981
2426,25.110,595.177,636.993
2427,25.089,595.206,637.005
2428,25.069,595.236,637.017
2429,25.049,595.265,637.029
2430,25.029,595.295,637.041
2431,25.009,595.325,637.053
2432,24.989,595.354,637.066
2433,24.969,595.383,637.078
2434,24.949,595.413,637.089
2435,24.929,595.443,637.102
2436,24.909,595.472,637.114
2437,24.889,595.502,637.126
2438,24.869,595.531,637.138
2439,24.849,595.562,637.150
2440,24.829,595.591,637.162
2441,24.809,595.621,637.174
2442,24.789,595.650,637.187
2443,24.769,595.681,637.199
2444,24.750,595.710,637.211
2445,24.730,595.740,637.223
2446,24.710,595.770,637.235
2447,24.690,595.799,637.247
2448,24.670,595.830,637.259
2449,24.650,595.860,637.271
2450,24.631,595.889,637.284
2451,24.611,595.919,637.296
2452,24.591,595.950,637.308
2453,24.571,595.980,637.320
2454,24.552,596.009,637.332
2455,24.532,596.039,637.344
2456,24.512,596.070,637.356
2457,24.492,596.100,637.368
2458,24.473,596.130,637.381
2459,24.453,596.161,637.393
2460,24.433,596.191,637.405
2461,24.414,596.221,637.417
2462,24.394,596.251,637.429
2463,24.374,596.282,637.442
2464,24.355,596.312,637.454
2465,24.335,596.342,637.466
2466,24.315,596.373,637.478
2467,24.296,596.403,637.491
2468,24.276,596.433,637.503
2469,24.257,596.463,637.515
2470,24.237,596.495,637.527
2471,24.218,596.525,637.539
2472,24.198,596.555,637.551
2473,24.179,596.586,637.563
2474,24.159,596.616,637.575
2475,24.140,596.647,637.588
2476,24.120,596.677,637.600
2477,24.101,596.708,637.612
2478,24.081,596.739,637.624
2479,24.062,596.769,637.637
2480,24.043,596.801,637.649
2481,24.023,596.831,637.661
2482,24.004,596.862,637.673
2483,23.984,596.893,637.686
2484,23.965,596.924,637.698
2485,23.946,596.954,637.710
2486,23.926,596.986,637.722
2487,23.907,597.016,637.735
2488,23.888,597.047,637.747
2489,23.868,597.079,637.759
2490,23.849,597.109,637.771
2491,23.830,597.140,637.784
2492,23.811,597.172,637.796
2493,23.791,597.203,637.809
2494,23.772,597.234,637.821
2495,23.753,597.265,637.833
2496,23.734,597.296,637.845
2497,23.715,597.327,637.858
2498,23.695,597.359,637.870
2499,23.676,597.390,637.882
2500,23.657,597.421,637.895
2501,23.638,597.453,637.907
2502,23.619,597.484,637.919
2503,23.600,597.515,637.931
2504,23.581,597.547,637.944
2505,23.562,597.578,637.956
2506,23.543,597.610,637.969
2507,23.523,597.641,637.981
2508,23.504,597.673,637.993
2509,23.485,597.704,638.006
2510,23.466,597.736,638.018
2511,23.447,597.767,638.030
2512,23.428,597.799,638.042
2513,23.409,597.831,638.054
2514,23.390,597.863,638.067
2515,23.371,597.894,638.080
2516,23.353,597.926,638.092
2517,23.334,597.958,638.104
2518,23.315,597.990,638.116
2519,23.296,598.022,638.129
2520,23.277,598.054,638.142
2521,23.258,598.085,638.154
2522,23.239,598.117,638.166
2523,23.220,598.149,638.178
2524,23.202,598.181,638.191
2525,23.183,598.214,638.204
2526,23.164,598.246,638.216
2527,23.145,598.278,638.228
2528,23.127,598.310,638.240
2529,23.108,598.342,638.253
2530,23.089,598.374,638.266
2531,23.070,598.406,638.278
2532,23.052,598.439,638.290
2533,23.033,598.471,638.303
2534,23.014,598.503,638.316
2535,22.996,598.536,638.328
2536,22.977,598.568,638.341
2537,22.958,598.601,638.353
2538,22.940,598.633,638.365
2539,22.921,598.665,638.378
2540,22.902,598.699,638.390
2541,22.884,598.731,638.403
2542,22.865,598.763,638.416
2543,22.847,598.796,638.428
2544,22.828,598.829,638.440
2545,22.810,598.862,638.453
2546,22.791,598.895,638.465
2547,22.773,598.927,638.478
2548,22.754,598.960,638.490
2549,22.736,598.993,638.503
2550,22.717,599.025,638.515
2551,22.699,599.058,638.528
2552,22.680,599.091,638.541
2553,22.662,599.124,638.553
2554,22.643,599.157,638.566
2555,22.625,599.190,638.578
2556,22.607,599.223,638.590
2557,22.588,599.256,638.603
2558,22.570,599.290,638.616
2559,22.552,599.323,638.628
2560,22.533,599.356,638.641
2561,22.515,599.389,638.653
2562,22.497,599.422,638.666
2563,22.478,599.456,638.679
2564,22.460,599.489,638.691
2565,22.442,599.522,638.704
2566,22.424,599.556,638.716
2567,22.405,599.589,638.729
2568,22.387,599.622,638.741
2569,22.369,599.656,638.754
2570,22.351,599.690,638.767
2571,22.333,599.724,638.780
2572,22.315,599.757,638.793
2573,22.296,599.791,638.804
2574,22.278,599.824,638.817
2575,22.260,599.857,638.830
2576,22.242,599.892,638.843
2577,22.224,599.926,638.856
2578,22.206,599.960,638.868
2579,22.188,599.993,638.881
2580,22.170,600.027,638.893
2581,22.152,600.061,638.906
2582,22.134,600.095,638.919
2583,22.116,600.129,638.932
2584,22.098,600.163,638.945
2585,22.080,600.197,638.957
2586,22.062,600.232,638.969
2587,22.044,600.265,638.982
2588,22.026,600.300,638.995
2589,22.008,600.334,639.008
2590,21.990,600.368,639.021
2591,21.972,600.402,639.034
2592,21.954,600.437,639.047
2593,21.937,600.471,639.059
2594,21.919,600.506,639.072
2595,21.901,600.540,639.085
2596,21.883,600.574,639.097
2597,21.865,600.609,639.110
2598,21.848,600.644,639.123
2599,21.830,600.678,639.136
2600,21.812,600.713,639.148
2601,21.794,600.748,639.161
2602,21.777,600.782,639.174
2603,21.759,600.817,639.187
2604,21.741,600.852,639.200
2605,21.723,600.887,639.213
2606,21.706,600.922,639.226
2607,21.688,600.956,639.239
2608,21.671,600.991,639.251
2609,21.653,601.026,639.264
2610,21.635,601.061,639.277
2611,21.618,601.097,639.290
2612,21.600,601.131,639.303
2613,21.583,601.167,639.316
2614,21.565,601.202,639.329
2615,21.548,601.237,639.342
2616,21.530,601.272,639.354
2617,21.512,601.307,639.367
2618,21.495,601.343,639.380
2619,21.477,601.378,639.393
2620,21.460,601.414,639.406
2621,21.443,601.449,639.419
2622,21.425,601.484,639.432
2623,21.408,601.520,639.445
2624,21.390,601.556,639.458
2625,21.373,601.592,639.470
2626,21.356,601.627,639.483
2627,21.338,601.663,639.497
2628,21.321,601.699,639.510
2629,21.304,601.734,639.522
2630,21.286,601.770,639.536
2631,21.269,601.806,639.549
2632,21.252,601.842,639.562
2633,21.234,601.878,639.575
2634,21.217,601.914,639.587
2635,21.200,601.950,639.600
2636,21.183,601.986,639.614
2637,21.165,602.022,639.627
2638,21.148,602.059,639.640
2639,21.131,602.095,639.653
2640,21.114,602.132,639.666
2641,21.097,602.168,639.679
2642,21.080,602.204,639.693
2643,21.063,602.240,639.705
2644,21.045,602.277,639.718
2645,21.028,602.313,639.731
2646,21.011,602.350,639.744
2647,20.994,602.386,639.757
2648,20.977,602.423,639.771
2649,20.960,602.460,639.784
2650,20.943,602.497,639.797
2651,20.926,602.533,639.810
2652,20.909,602.570,639.824
2653,20.892,602.607,639.837
2654,20.875,602.644,639.849
2655,20.858,602.680,639.862
2656,20.841,602.717,639.876
2657,20.825,602.754,639.889
2658,20.808,602.791,639.902
2659,20.791,602.828,639.915
2660,20.774,602.866,639.929
2661,20.757,602.903,639.942
2662,20.740,602.940,639.955
2663,20.723,602.977,639.969
2664,20.707,603.015,639.982
2665,20.690,603.052,639.995
2666,20.673,603.090,640.008
2667,20.656,603.127,640.021
2668,20.640,603.165,640.034
2669,20.623,603.202,640.048
2670,20.606,603.240,640.061
2671,20.589,603.277,640.074
2672,20.573,603.315,640.088
2673,20.556,603.353,640.101
2674,20.540,603.390,640.115
2675,20.523,603.428,640.128
2676,20.506,603.466,640.141
2677,20.490,603.504,640.155
2678,20.473,603.542,640.168
2679,20.457,603.580,640.181
2680,20.440,603.618,640.194
2681,20.423,603.656,640.207
2682,20.407,603.695,640.221
2683,20.390,603.733,640.234
2684,20.374,603.772,640.248
2685,20.357,603.809,640.262
2686,20.341,603.848,640.275
2687,20.325,603.886,640.288
2688,20.308,603.925,640.302
2689,20.292,603.964,640.315
2690,20.275,604.002,640.328
2691,20.259,604.040,640.342
2692,20.243,604.079,640.356
2693,20.226,604.118,640.369
2694,20.210,604.157,640.383
2695,20.194,604.196,640.396
2696,20.177,604.234,640.409
2697,20.161,604.273,640.422
2698,20.145,604.312,640.436
2699,20.128,604.351,640.450
2700,20.112,604.390,640.464
2701,20.096,604.429,640.477
2702,20.080,604.468,640.490
2703,20.064,604.508,640.504
2704,20.047,604.547,640.518
2705,20.031,604.586,640.532
2706,20.015,604.626,640.545
2707,19.999,604.665,640.558
2708,19.983,604.704,640.572
2709,19.967,604.745,640.586
2710,19.951,604.784,640.600
2711,19.935,604.823,640.613
2712,19.919,604.863,640.627
2713,19.903,604.903,640.640
2714,19.887,604.943,640.654
2715,19.871,604.983,640.668
2716,19.855,605.022,640.681
2717,19.839,605.062,640.695
2718,19.823,605.102,640.708
2719,19.807,605.143,640.722
2720,19.791,605.182,640.736
2721,19.775,605.223,640.750
2722,19.759,605.263,640.764
2723,19.743,605.303,640.777
2724,19.728,605.343,640.791
2725,19.712,605.384,640.805
2726,19.696,605.424,640.819
2727,19.680,605.465,640.833
2728,19.664,605.505,640.846
2729,19.648,605.546,640.860
2730,19.633,605.586,640.874
2731,19.617,605.627,640.888
2732,19.601,605.668,640.902
2733,19.586,605.709,640.915
2734,19.570,605.750,640.929
2735,19.554,605.791,640.943
2736,19.539,605.832,640.957
2737,19.523,605.873,640.971
2738,19.507,605.914,640.984
2739,19.492,605.955,640.998
2740,19.476,605.996,641.012
2741,19.461,606.038,641.026
2742,19.445,606.079,641.041
2743,19.430,606.120,641.054
2744,19.414,606.161,641.068
2745,19.399,606.203,641.082
2746,19.383,606.245,641.096
2747,19.368,606.286,641.110
2748,19.352,606.328,641.124
2749,19.337,606.370,641.138
2750,19.321,606.411,641.152
2751,19.306,606.454,641.166
2752,19.291,606.495,641.180
2753,19.275,606.537,641.194
2754,19.260,606.579,641.208
2755,19.245,606.622,641.222
2756,19.229,606.664,641.236
2757,19.214,606.706,641.251
2758,19.199,606.748,641.264
2759,19.183,606.791,641.278
2760,19.168,606.833,641.293
2761,19.153,606.875,641.307
2762,19.138,606.917,641.320
2763,19.123,606.960,641.334
2764,19.107,607.003,641.349
2765,19.092,607.046,641.363
2766,19.077,607.088,641.377
2767,19.062,607.131,641.391
2768,19.047,607.174,641.406
2769,19.032,607.217,641.420
2770,19.017,607.260,641.434
2771,19.002,607.303,641.448
2772,18.987,607.346,641.463
2773,18.972,607.389,641.477
2774,18.957,607.432,641.491
2775,18.942,607.476,641.505
2776,18.927,607.519,641.520
2777,18.912,607.563,641.534
2778,18.897,607.606,641.548
2779,18.882,607.650,641.563
2780,18.867,607.693,641.577
2781,18.852,607.737,641.591
2782,18.837,607.781,641.605
2783,18.823,607.824,641.620
2784,18.808,607.868,641.635
2785,18.793,607.912,641.648
2786,18.778,607.957,641.663
2787,18.763,608.001,641.677
2788,18.749,608.045,641.692
2789,18.734,608.089,641.706
2790,18.719,608.133,641.721
2791,18.704,608.178,641.735
2792,18.690,608.222,641.749
2793,18.675,608.266,641.764
2794,18.660,608.311,641.778
2795,18.646,608.356,641.793
2796,18.631,608.400,641.807
2797,18.617,608.445,641.822
2798,18.602,608.490,641.836
2799,18.588,608.535,641.851
2800,18.573,608.579,641.866
2801,18.559,608.625,641.880
2802,18.544,608.670,641.894
2803,18.530,608.715,641.909
2804,18.515,608.760,641.924
2805,18.501,608.805,641.938
2806,18.486,608.851,641.953
2807,18.472,608.896,641.968
2808,18.457,608.941,641.982
2809,18.443,608.987,641.997
2810,18.429,609.032,642.012
2811,18.414,609.078,642.026
2812,18.400,609.125,642.041
2813,18.386,609.170,642.056
2814,18.372,609.216,642.070
2815,18.357,609.262,642.085
2816,18.343,609.308,642.100
2817,18.329,609.354,642.114
2818,18.315,609.400,642.129
2819,18.300,609.446,642.144
2820,18.286,609.493,642.159
2821,18.272,609.539,642.174
2822,18.258,609.586,642.189
2823,18.244,609.632,642.203
2824,18.230,609.679,642.218
2825,18.216,609.726,642.233
2826,18.202,609.772,642.248
2827,18.188,609.819,642.263
2828,18.174,609.866,642.278
2829,18.160,609.913,642.292
2830,18.146,609.960,642.307
2831,18.132,610.008,642.323
2832,18.118,610.055,642.337
2833,18.104,610.101,642.352
2834,18.090,610.149,642.367
2835,18.076,610.197,642.382
2836,18.062,610.244,642.397
2837,18.048,610.291,642.412
2838,18.035,610.339,642.428
2839,18.021,610.387,642.442
2840,18.007,610.435,642.457
2841,17.993,610.483,642.473
2842,17.979,610.531,642.487
2843,17.966,610.579,642.503
2844,17.952,610.627,642.518
2845,17.938,610.675,642.533
2846,17.925,610.722,642.548
2847,17.911,610.772,642.563
2848,17.897,610.820,642.578
2849,17.884,610.868,642.593
2850,17.870,610.917,642.609
2851,17.857,610.966,642.624
2852,17.843,611.015,642.639
2853,17.829,611.063,642.654
2854,17.816,611.111,642.670
2855,17.803,611.161,642.685
2856,17.789,611.210,642.700
2857,17.776,611.258,642.715
2858,17.762,611.308,642.730
2859,17.749,611.358,642.746
2860,17.735,611.407,642.761
2861,17.722,611.456,642.777
2862,17.709,611.506,642.792
2863,17.695,611.555,642.807
2864,17.682,611.605,642.823
2865,17.669,611.655,642.838
2866,17.655,611.704,642.853
2867,17.642,611.754,642.869
2868,17.629,611.805,642.885
2869,17.616,611.855,642.899
2870,17.603,611.905,642.915
2871,17.589,611.955,642.931
2872,17.576,612.006,642.946
2873,17.563,612.056,642.961
2874,17.550,612.106,642.977
2875,17.537,612.157,642.993
2876,17.524,612.208,643.008
2877,17.511,612.258,643.024
2878,17.498,612.309,643.039
2879,17.485,612.360,643.054
2880,17.472,612.411,643.070
2881,17.459,612.462,643.086
2882,17.446,612.513,643.102
2883,17.433,612.564,643.117
2884,17.420,612.615,643.133
2885,17.407,612.667,643.149
2886,17.394,612.719,643.165
2887,17.381,612.771,643.180
2888,17.369,612.822,643.196
2889,17.356,612.873,643.211
2890,17.343,612.926,643.227
2891,17.330,612.977,643.243
2892,17.318,613.029,643.259
2893,17.305,613.082,643.275
2894,17.292,613.134,643.291
2895,17.280,613.185,643.306
2896,17.267,613.238,643.322
2897,17.254,613.290,643.338
2898,17.242,613.344,643.354
2899,17.229,613.396,643.370
2900,17.216,613.449,643.385
2901,17.204,613.501,643.402
2902,17.191,613.555,643.417
2903,17.179,613.607,643.433
2904,17.166,613.660,643.450
2905,17.154,613.714,643.465
2906,17.142,613.767,643.481
2907,17.129,613.820,643.497
2908,17.117,613.873,643.513
2909,17.104,613.927,643.530
2910,17.092,613.981,643.546
2911,17.080,614.035,643.561
2912,17.067,614.088,643.578
2913,17.055,614.142,643.593
2914,17.043,614.196,643.610
2915,17.030,614.250,643.626
2916,17.018,614.304,643.642
2917,17.006,614.358,643.659
2918,16.994,614.413,643.674
2919,16.982,614.467,643.691
2920,16.970,614.522,643.707
2921,16.957,614.577,643.723
2922,16.945,614.631,643.740
2923,16.933,614.686,643.755
2924,16.921,614.741,643.772
2925,16.909,614.796,643.789
2926,16.897,614.851,643.804
2927,16.885,614.906,643.821
2928,16.873,614.962,643.837
2929,16.861,615.017,643.854
2930,16.849,615.073,643.870
2931,16.837,615.128,643.886
2932,16.826,615.184,643.903
2933,16.814,615.240,643.919
2934,16.802,615.296,643.936
2935,16.790,615.351,643.952
2936,16.778,615.407,643.968
2937,16.767,615.464,643.986
2938,16.755,615.520,644.002
2939,16.743,615.576,644.018
2940,16.731,615.633,644.035
2941,16.720,615.689,644.052
2942,16.708,615.746,644.068
2943,16.697,615.803,644.084
2944,16.685,615.860,644.101
2945,16.673,615.916,644.117
2946,16.662,615.973,644.135
2947,16.650,616.031,644.151
2948,16.639,616.088,644.168
2949,16.627,616.146,644.185
2950,16.616,616.203,644.201
2951,16.605,616.260,644.218
2952,16.593,616.318,644.234
2953,16.582,616.376,644.252
2954,16.570,616.434,644.268
2955,16.559,616.491,644.285
2956,16.548,616.549,644.302
2957,16.536,616.608,644.318
2958,16.525,616.666,644.336
2959,16.514,616.724,644.352
2960,16.503,616.783,644.369
2961,16.491,616.841,644.387
2962,16.480,616.900,644.403
2963,16.469,616.959,644.420
2964,16.458,617.018,644.437
2965,16.447,617.077,644.454
2966,16.436,617.136,644.471
2967,16.425,617.195,644.488
2968,16.414,617.255,644.505
2969,16.403,617.314,644.523
2970,16.392,617.373,644.539
2971,16.381,617.433,644.556
2972,16.370,617.492,644.573
2973,16.359,617.552,644.591
2974,16.348,617.612,644.608
2975,16.337,617.672,644.625
2976,16.326,617.732,644.642
2977,16.315,617.793,644.659
2978,16.305,617.853,644.676
2979,16.294,617.914,644.693
2980,16.283,617.973,644.710
2981,16.272,618.035,644.728
2982,16.262,618.095,644.745
2983,16.251,618.156,644.763
2984,16.240,618.217,644.780
2985,16.230,618.278,644.797
2986,16.219,618.340,644.815
2987,16.209,618.401,644.832
2988,16.198,618.462,644.850
2989,16.187,618.524,644.867
2990,16.177,618.585,644.884
2991,16.167,618.647,644.902
2992,16.156,618.709,644.919
2993,16.146,618.771,644.936
2994,16.135,618.833,644.955
2995,16.125,618.895,644.972
2996,16.115,618.957,644.989
2997,16.104,619.019,645.006
2998,16.094,619.082,645.024
2999,16.084,619.145,645.042
3000,16.073,619.207,645.059
3001,16.063,619.271,645.077
3002,16.053,619.334,645.095
3003,16.043,619.397,645.112
3004,16.033,619.460,645.131
3005,16.023,619.523,645.148
3006,16.012,619.586,645.166
3007,16.002,619.650,645.183
3008,15.992,619.713,645.201
3009,15.982,619.777,645.219
3010,15.972,619.842,645.237
3011,15.962,619.905,645.255
3012,15.952,619.969,645.272
3013,15.943,620.033,645.290
3014,15.933,620.098,645.308
3015,15.923,620.162,645.326
3016,15.913,620.226,645.344
3017,15.903,620.291,645.362
3018,15.893,620.356,645.380
3019,15.884,620.421,645.398
3020,15.874,620.485,645.415
3021,15.864,620.551,645.434
3022,15.854,620.616,645.452
3023,15.845,620.681,645.469
3024,15.835,620.747,645.487
3025,15.826,620.812,645.506
3026,15.816,620.878,645.524
3027,15.806,620.944,645.542
3028,15.797,621.010,645.560
3029,15.787,621.076,645.578
3030,15.778,621.142,645.596
3031,15.769,621.208,645.614
3032,15.759,621.274,645.633
3033,15.750,621.341,645.651
3034,15.740,621.408,645.670
3035,15.731,621.474,645.687
3036,15.722,621.541,645.705
3037,15.712,621.608,645.724
3038,15.703,621.675,645.742
3039,15.694,621.742,645.761
3040,15.685,621.810,645.779
3041,15.676,621.876,645.797
3042,15.666,621.944,645.816
3043,15.657,622.012,645.834
3044,15.648,622.079,645.853
3045,15.639,622.147,645.871
3046,15.630,622.215,645.890
3047,15.621,622.283,645.908
3048,15.612,622.352,645.926
3049,15.603,622.420,645.945
3050,15.594,622.488,645.963
3051,15.585,622.557,645.982
3052,15.576,622.625,646.001
3053,15.568,622.694,646.019
3054,15.559,622.763,646.038
3055,15.550,622.832,646.056
3056,15.541,622.901,646.076
3057,15.533,622.970,646.094
3058,15.524,623.040,646.113
3059,15.515,623.109,646.131
3060,15.507,623.178,646.150
3061,15.498,623.249,646.169
3062,15.489,623.318,646.187
3063,15.481,623.388,646.206
3064,15.472,623.458,646.225
3065,15.464,623.529,646.244
3066,15.455,623.599,646.263
3067,15.447,623.669,646.282
3068,15.438,623.739,646.301
3069,15.430,623.810,646.319
3070,15.422,623.881,646.338
3071,15.413,623.952,646.357
3072,15.405,624.023,646.376
3073,15.397,624.094,646.396
3074,15.388,624.165,646.415
3075,15.380,624.236,646.433
3076,15.372,624.307,646.452
3077,15.364,624.379,646.471
3078,15.356,624.451,646.491
3079,15.347,624.523,646.510
3080,15.339,624.595,646.529
3081,15.331,624.667,646.548
3082,15.323,624.739,646.567
3083,15.315,624.811,646.586
3084,15.307,624.883,646.606
3085,15.299,624.956,646.625
3086,15.291,625.029,646.644
3087,15.284,625.101,646.663
3088,15.276,625.174,646.682
3089,15.268,625.247,646.702
3090,15.260,625.320,646.721
3091,15.252,625.392,646.740
3092,15.245,625.466,646.759
3093,15.237,625.539,646.779
3094,15.229,625.613,646.798
3095,15.222,625.686,646.817
3096,15.214,625.760,646.837
3097,15.206,625.834,646.856
3098,15.199,625.908,646.876
3099,15.191,625.981,646.895
3100,15.184,626.056,646.914
3101,15.176,626.131,646.934
3102,15.169,626.205,646.954
3103,15.161,626.278,646.973
3104,15.154,626.354,646.992
3105,15.147,626.428,647.012
3106,15.139,626.504,647.031
3107,15.132,626.578,647.052
3108,15.125,626.654,647.071
3109,15.118,626.728,647.091
3110,15.110,626.803,647.110
3111,15.103,626.879,647.130
3112,15.096,626.954,647.149
3113,15.089,627.030,647.169
3114,15.082,627.105,647.189
3115,15.075,627.181,647.209
3116,15.068,627.257,647.228
3117,15.061,627.332,647.248
3118,15.054,627.409,647.268
3119,15.047,627.485,647.288
3120,15.040,627.561,647.308
3121,15.033,627.637,647.327
3122,15.026,627.714,647.347
3123,15.019,627.790,647.366
3124,15.013,627.868,647.387
3125,15.006,627.943,647.407
3126,14.999,628.021,647.427
3127,14.992,628.098,647.446
3128,14.986,628.175,647.466
3129,14.979,628.252,647.486
3130,14.972,628.329,647.506
3131,14.966,628.406,647.526
3132,14.959,628.484,647.546
3133,14.953,628.562,647.566
3134,14.946,628.639,647.585
3135,14.940,628.716,647.606
3136,14.933,628.794,647.626
3137,14.927,628.873,647.646
3138,14.921,628.950,647.666
3139,14.914,629.029,647.686
3140,14.908,629.106,647.706
3141,14.902,629.185,647.726
3142,14.895,629.264,647.747
3143,14.889,629.341,647.766
3144,14.883,629.421,647.786
3145,14.877,629.498,647.807
3146,14.871,629.578,647.826
3147,14.865,629.656,647.847
3148,14.859,629.735,647.867
3149,14.852,629.814,647.888
3150,14.846,629.893,647.908
3151,14.840,629.972,647.928
3152,14.835,630.051,647.948
3153,14.829,630.130,647.968
3154,14.823,630.209,647.989
3155,14.817,630.289,648.009
3156,14.811,630.369,648.029
3157,14.805,630.448,648.049
3158,14.799,630.528,648.069
3159,14.794,630.607,648.090
3160,14.788,630.687,648.110
3161,14.782,630.767,648.131
3162,14.777,630.847,648.151
3163,14.771,630.927,648.171
3164,14.765,631.007,648.191
3165,14.760,631.086,648.212
3166,14.754,631.167,648.232
3167,14.749,631.247,648.253
3168,14.743,631.328,648.273
3169,14.738,631.407,648.293
3170,14.733,631.488,648.314
3171,14.727,631.569,648.335
3172,14.722,631.649,648.355
3173,14.716,631.730,648.375
3174,14.711,631.810,648.395
3175,14.706,631.891,648.416
3176,14.701,631.973,648.436
3177,14.695,632.053,648.457
3178,14.690,632.133,648.477
3179,14.685,632.215,648.498
3180,14.680,632.295,648.518
3181,14.675,632.376,648.538
3182,14.670,632.457,648.559
3183,14.665,632.538,648.580
3184,14.660,632.619,648.600
3185,14.655,632.701,648.621
3186,14.650,632.782,648.642
3187,14.645,632.863,648.662
3188,14.640,632.944,648.682
3189,14.635,633.025,648.703
3190,14.631,633.106,648.724
3191,14.626,633.188,648.744
3192,14.621,633.270,648.764
3193,14.616,633.351,648.785
3194,14.612,633.431,648.806
3195,14.607,633.513,648.826
3196,14.602,633.595,648.847
3197,14.598,633.676,648.867
3198,14.593,633.758,648.888
3199,14.588,633.840,648.908
3200,14.584,633.921,648.929
3201,14.579,634.003,648.950
3202,14.575,634.084,648.970
3203,14.570,634.165,648.990
3204,14.566,634.246,649.011
3205,14.562,634.328,649.031
3206,14.557,634.409,649.051
3207,14.553,634.491,649.072
3208,14.549,634.573,649.093
3209,14.544,634.654,649.113
3210,14.540,634.736,649.134
3211,14.536,634.818,649.155
3212,14.532,634.899,649.175
3213,14.528,634.981,649.195
3214,14.523,635.062,649.216
3215,14.519,635.143,649.236
3216,14.515,635.225,649.257
3217,14.511,635.307,649.278
3218,14.507,635.388,649.298
3219,14.503,635.469,649.318
3220,14.499,635.551,649.339
3221,14.495,635.632,649.359
3222,14.491,635.713,649.380
3223,14.487,635.795,649.401
3224,14.484,635.876,649.421
3225,14.480,635.957,649.441
3226,14.476,636.038,649.462
3227,14.472,636.119,649.482
3228,14.468,636.200,649.503
3229,14.465,636.282,649.523
3230,14.461,636.362,649.543
3231,14.457,636.443,649.563
3232,14.454,636.524,649.584
3233,14.450,636.605,649.604
3234,14.446,636.686,649.625
3235,14.443,636.767,649.646
3236,14.439,636.847,649.666
3237,14.436,636.928,649.686
3238,14.432,637.008,649.707
3239,14.429,637.088,649.727
3240,14.425,637.169,649.747
3241,14.422,637.249,649.767
3242,14.418,637.329,649.788
3243,14.415,637.409,649.808
3244,14.412,637.490,649.828
3245,14.408,637.569,649.849
3246,14.405,637.649,649.868
3247,14.402,637.729,649.888
3248,14.399,637.808,649.909
3249,14.395,637.888,649.929
3250,14.392,637.967,649.949
3251,14.389,638.047,649.969
3252,14.386,638.126,649.989
3253,14.383,638.206,650.009
3254,14.379,638.284,650.029
3255,14.376,638.363,650.049
3256,14.373,638.443,650.069
3257,14.370,638.521,650.089
3258,14.367,638.600,650.109
3259,14.364,638.678,650.129
3260,14.361,638.756,650.148
3261,14.358,638.835,650.169
3262,14.355,638.913,650.188
3263,14.352,638.991,650.208
3264,14.350,639.068,650.228
3265,14.347,639.147,650.248
3266,14.344,639.223,650.268
3267,14.341,639.301,650.288
3268,14.338,639.378,650.307
3269,14.335,639.456,650.327
3270,14.333,639.533,650.347
3271,14.330,639.609,650.366
3272,14.327,639.685,650.386
3273,14.325,639.763,650.405
3274,14.322,639.838,650.425
3275,14.319,639.915,650.445
3276,14.317,639.991,650.464
3277,14.314,640.067,650.483
3278,14.311,640.142,650.502
3279,14.309,640.217,650.522
3280,14.306,640.293,650.541
3281,14.304,640.367,650.561
3282,14.301,640.443,650.581
3283,14.299,640.518,650.600
3284,14.296,640.592,650.619
3285,14.294,640.667,650.638
3286,14.291,640.741,650.656
3287,14.289,640.814,650.676
3288,14.286,640.889,650.695
3289,14.284,640.961,650.714
3290,14.282,641.035,650.733
3291,14.279,641.109,650.751
3292,14.277,641.181,650.771
3293,14.275,641.253,650.790
3294,14.272,641.326,650.809
3295,14.270,641.398,650.827
3296,14.268,641.471,650.846
3297,14.265,641.542,650.865
3298,14.263,641.614,650.883
3299,14.261,641.685,650.902
3300,14.259,641.756,650.921
3301,14.257,641.827,650.939
3302,14.254,641.898,650.958
3303,14.252,641.969,650.976
3304,14.250,642.039,650.995
3305,14.248,642.109,651.013
3306,14.246,642.178,651.031
3307,14.244,642.248,651.050
3308,14.242,642.317,651.067
3309,14.239,642.386,651.086
3310,14.237,642.455,651.104
3311,14.235,642.523,651.122
3312,14.233,642.592,651.140
3313,14.231,642.659,651.158
3314,14.229,642.727,651.176
3315,14.227,642.794,651.193
3316,14.225,642.862,651.211
3317,14.223,642.929,651.229
3318,14.221,642.995,651.247
3319,14.219,643.062,651.265
3320,14.217,643.127,651.282
3321,14.216,643.194,651.300
3322,14.214,643.259,651.317
3323,14.212,643.325,651.335
3324,14.210,643.389,651.352
3325,14.208,643.454,651.370
3326,14.206,643.518,651.387
3327,14.204,643.582,651.404
3328,14.202,643.647,651.421
3329,14.201,643.710,651.438
3330,14.199,643.773,651.456
3331,14.197,643.836,651.472
3332,14.195,643.899,651.489
3333,14.193,643.961,651.506
3334,14.192,644.023,651.523
3335,14.190,644.085,651.540
3336,14.188,644.146,651.556
3337,14.186,644.207,651.573
3338,14.185,644.269,651.589
3339,14.183,644.329,651.606
3340,14.181,644.390,651.622
3341,14.179,644.449,651.639
3342,14.178,644.509,651.655
3343,14.176,644.569,651.672
3344,14.174,644.628,651.688
3345,14.173,644.686,651.703
3346,14.171,644.745,651.719
3347,14.169,644.803,651.736
3348,14.168,644.861,651.752
3349,14.166,644.918,651.768
3350,14.164,644.975,651.783
3351,14.163,645.032,651.799
3352,14.161,645.089,651.815
3353,14.159,645.145,651.830
3354,14.158,645.201,651.846
3355,14.156,645.258,651.861
3356,14.155,645.312,651.877
3357,14.153,645.367,651.892
3358,14.151,645.423,651.907
3359,14.150,645.476,651.923
3360,14.148,645.531,651.938
3361,14.147,645.585,651.953
3362,14.145,645.638,651.968
3363,14.144,645.691,651.983
3364,14.142,645.744,651.997
3365,14.140,645.797,652.012
3366,14.139,645.849,652.027
3367,14.137,645.901,652.042
3368,14.136,645.952,652.057
3369,14.134,646.004,652.071
3370,14.133,646.054,652.086
3371,14.131,646.106,652.100
3372,14.130,646.156,652.115
3373,14.128,646.206,652.128
3374,14.127,646.256,652.142
3375,14.125,646.305,652.157
3376,14.124,646.354,652.171
3377,14.122,646.403,652.185
3378,14.121,646.451,652.198
3379,14.119,646.499,652.213
3380,14.118,646.547,652.226
3381,14.116,646.595,652.239
3382,14.115,646.642,652.253
3383,14.113,646.689,652.266
3384,14.112,646.736,652.280
3385,14.111,646.782,652.294
3386,14.109,646.828,652.307
3387,14.108,646.874,652.320
3388,14.106,646.919,652.334
3389,14.105,646.965,652.346
3390,14.103,647.009,652.360
3391,14.102,647.053,652.373
3392,14.100,647.098,652.385
3393,14.099,647.141,652.398
3394,14.098,647.185,652.411
3395,14.096,647.229,652.424
3396,14.095,647.272,652.436
3397,14.093,647.314,652.449
3398,14.092,647.357,652.461
3399,14.090,647.399,652.474
3400,14.089,647.441,652.486
3401,14.088,647.483,652.498
3402,14.086,647.524,652.510
3403,14.085,647.564,652.522
3404,14.083,647.606,652.535
3405,14.082,647.646,652.546
3406,14.081,647.686,652.558
3407,14.079,647.726,652.570
3408,14.078,647.765,652.582
3409,14.077,647.805,652.593
3410,14.075,647.844,652.605
3411,14.074,647.883,652.617
3412,14.072,647.921,652.628
3413,14.071,647.960,652.640
3414,14.070,647.997,652.650
3415,14.068,648.035,652.662
3416,14.067,648.073,652.673
3417,14.066,648.110,652.685
3418,14.064,648.147,652.696
3419,14.063,648.184,652.706
3420,14.061,648.220,652.717
3421,14.060,648.256,652.728
3422,14.059,648.292,652.739
3423,14.057,648.327,652.749
3424,14.056,648.363,652.760
3425,14.055,648.398,652.770
3426,14.053,648.433,652.781
3427,14.052,648.467,652.792
3428,14.051,648.502,652.802
3429,14.049,648.536,652.812
3430,14.048,648.570,652.822
3431,14.047,648.604,652.832
3432,14.045,648.637,652.842
3433,14.044,648.670,652.852
3434,14.043,648.703,652.862
3435,14.041,648.736,652.872
3436,14.040,648.768,652.882
3437,14.039,648.800,652.892
3438,14.037,648.832,652.902
3439,14.036,648.864,652.911
3440,14.035,648.895,652.921
3441,14.033,648.927,652.930
3442,14.032,648.958,652.940
3443,14.031,648.989,652.949
3444,14.029,649.019,652.958
3445,14.028,649.050,652.968
3446,14.027,649.080,652.977
3447,14.025,649.110,652.986
3448,14.024,649.140,652.995
3449,14.023,649.169,653.004
3450,14.021,649.199,653.013
3451,14.020,649.228,653.022
3452,14.019,649.257,653.030
3453,14.017,649.286,653.040
3454,14.016,649.314,653.048
3455,14.015,649.342,653.057
3456,14.013,649.371,653.065
3457,14.012,649.399,653.074
3458,14.011,649.426,653.082
3459,14.010,649.454,653.090
3460,14.008,649.481,653.099
3461,14.007,649.508,653.107
3462,14.006,649.535,653.116
3463,14.004,649.562,653.124
3464,14.003,649.588,653.131
3465,14.002,649.615,653.140
3466,14.000,649.641,653.148
3467,13.999,649.667,653.156
3468,13.998,649.693,653.164
3469,13.997,649.718,653.172
3470,13.995,649.743,653.180
3471,13.994,649.769,653.187
3472,13.993,649.794,653.195
3473,13.991,649.819,653.202
3474,13.990,649.844,653.210
3475,13.989,649.869,653.217
3476,13.988,649.892,653.225
3477,13.986,649.917,653.233
3478,13.985,649.941,653.240
3479,13.984,649.965,653.247
3480,13.983,649.989,653.255
3481,13.981,650.013,653.262
3482,13.980,650.035,653.269
3483,13.979,650.059,653.276
3484,13.977,650.082,653.283
3485,13.976,650.105,653.290
3486,13.975,650.128,653.297
3487,13.974,650.150,653.304
3488,13.972,650.172,653.311
3489,13.971,650.195,653.318
3490,13.970,650.217,653.325
3491,13.969,650.239,653.331
3492,13.967,650.261,653.338
3493,13.966,650.283,653.344
3494,13.965,650.304,653.351
3495,13.964,650.325,653.357
3496,13.962,650.347,653.364
3497,13.961,650.368,653.371
3498,13.960,650.389,653.377
3499,13.959,650.410,653.384
3500,13.957,650.431,653.390
3501,13.956,650.451,653.396
3502,13.955,650.471,653.402
3503,13.954,650.492,653.409
3504,13.953,650.512,653.414
3505,13.951,650.531,653.420
3506,13.950,650.551,653.427
3507,13.949,650.571,653.433
3508,13.948,650.590,653.439
3509,13.946,650.610,653.445
3510,13.945,650.629,653.451
3511,13.944,650.648,653.457
3512,13.943,650.667,653.462
3513,13.941,650.686,653.468
3514,13.940,650.705,653.474
3515,13.939,650.723,653.480
3516,13.938,650.742,653.485
3517,13.937,650.761,653.490
3518,13.935,650.778,653.496
3519,13.934,650.797,653.502
3520,13.933,650.815,653.507
3521,13.932,650.832,653.512
3522,13.931,650.850,653.519
3523,13.929,650.868,653.524
3524,13.928,650.885,653.529
3525,13.927,650.903,653.534
3526,13.926,650.920,653.540
3527,13.925,650.937,653.545
3528,13.923,650.954,653.550
3529,13.922,650.971,653.555
3530,13.921,650.988,653.560
3531,13.920,651.005,653.565
3532,13.919,651.022,653.570
3533,13.917,651.038,653.575
3534,13.916,651.054,653.581
3535,13.915,651.070,653.586
3536,13.914,651.086,653.591
3537,13.913,651.102,653.596
3538,13.911,651.119,653.600
3539,13.910,651.134,653.605
3540,13.909,651.150,653.610
3541,13.908,651.165,653.614
3542,13.907,651.181,653.619
3543,13.906,651.197,653.624
3544,13.904,651.212,653.629
3545,13.903,651.227,653.633
3546,13.902,651.242,653.638
3547,13.901,651.257,653.643
3548,13.900,651.272,653.647
3549,13.898,651.286,653.652
3550,13.897,651.302,653.656
3551,13.896,651.316,653.661
3552,13.895,651.330,653.665
3553,13.894,651.344,653.669
3554,13.893,651.359,653.673
3555,13.892,651.373,653.678
3556,13.890,651.387,653.682
3557,13.889,651.402,653.687
3558,13.888,651.415,653.691
3559,13.887,651.429,653.695
3560,13.886,651.443,653.700
3561,13.885,651.457,653.703
3562,13.883,651.470,653.708
3563,13.882,651.483,653.712
3564,13.881,651.497,653.716
3565,13.880,651.510,653.720
3566,13.879,651.524,653.724
3567,13.878,651.536,653.728
3568,13.877,651.549,653.732
3569,13.875,651.562,653.736
3570,13.874,651.575,653.740
3571,13.873,651.588,653.744
3572,13.872,651.601,653.748
3573,13.871,651.613,653.751
3574,13.870,651.626,653.755
3575,13.869,651.638,653.759
3576,13.867,651.650,653.763
3577,13.866,651.662,653.766
3578,13.865,651.675,653.770
3579,13.864,651.687,653.774
3580,13.863,651.699,653.778
3581,13.862,651.711,653.781
3582,13.861,651.723,653.784
3583,13.860,651.735,653.789
3584,13.859,651.746,653.792
3585,13.857,651.758,653.796
3586,13.856,651.769,653.799
3587,13.855,651.781,653.802
3588,13.854,651.793,653.806
3589,13.853,651.804,653.809
3590,13.852,651.815,653.813
3591,13.851,651.826,653.816
3592,13.850,651.837,653.819
3593,13.849,651.848,653.823
3594,13.847,651.859,653.826
3595,13.846,651.870,653.830
3596,13.845,651.881,653.833
3597,13.844,651.892,653.836
3598,13.843,651.902,653.840
3599,13.842,651.913,653.843
3600,13.841,651.924,653.846
3601,13.840,651.934,653.849
3602,13.839,651.944,653.852
3603,13.838,651.954,653.856
3604,13.836,651.965,653.859
3605,13.835,651.975,653.862
3606,13.834,651.985,653.865
3607,13.833,651.995,653.868
3608,13.832,652.005,653.871
3609,13.831,652.016,653.874
3610,13.830,652.026,653.877
3611,13.829,652.035,653.880
3612,13.828,652.045,653.883
3613,13.827,652.054,653.886
3614,13.826,652.065,653.889
3615,13.825,652.074,653.892
3616,13.824,652.083,653.895
3617,13.822,652.092,653.897
3618,13.821,652.102,653.900
3619,13.820,652.111,653.903
3620,13.819,652.121,653.906
3621,13.818,652.130,653.909
3622,13.817,652.139,653.911
3623,13.816,652.148,653.915
3624,13.815,652.157,653.917
3625,13.814,652.166,653.920
3626,13.813,652.175,653.923
3627,13.812,652.184,653.925
3628,13.811,652.193,653.928
3629,13.810,652.202,653.931
3630,13.809,652.210,653.934
3631,13.808,652.219,653.936
3632,13.807,652.227,653.938
3633,13.805,652.236,653.941
3634,13.804,652.244,653.944
3635,13.803,652.253,653.946
3636,13.802,652.261,653.949
3637,13.801,652.270,653.951
3638,13.800,652.278,653.954
3639,13.799,652.286,653.956
3640,13.798,652.294,653.959
3641,13.797,652.303,653.962
3642,13.796,652.310,653.964
3643,13.795,652.319,653.966
3644,13.794,652.327,653.969
3645,13.793,652.335,653.971
3646,13.792,652.342,653.973
3647,13.791,652.350,653.976
3648,13.790,652.358,653.978
3649,13.789,652.366,653.980
3650,13.788,652.373,653.983
3651,13.787,652.381,653.985
3652,13.786,652.388,653.987
3653,13.785,652.396,653.990
3654,13.784,652.404,653.992
3655,13.783,652.411,653.994
3656,13.782,652.418,653.997
3657,13.781,652.426,653.999
3658,13.780,652.433,654.001
3659,13.779,652.441,654.003
3660,13.778,652.447,654.006
3661,13.777,652.454,654.008
3662,13.776,652.462,654.010
3663,13.775,652.469,654.012
3664,13.774,652.476,654.014
3665,13.773,652.483,654.016
3666,13.772,652.489,654.018
3667,13.771,652.497,654.021
3668,13.770,652.504,654.022
3669,13.769,652.511,654.024
3670,13.768,652.518,654.027
3671,13.767,652.524,654.029
3672,13.766,652.530,654.031
3673,13.765,652.537,654.033
3674,13.764,652.544,654.035
3675,13.763,652.551,654.036
3676,13.762,652.557,654.039
3677,13.761,652.563,654.041
3678,13.760,652.570,654.043
3679,13.759,652.577,654.044
3680,13.758,652.583,654.047
3681,13.757,652.590,654.049
3682,13.756,652.595,654.050
3683,13.755,652.602,654.052
3684,13.754,652.608,654.055
3685,13.753,652.614,654.056
3686,13.752,652.621,654.058
3687,13.751,652.627,654.060
3688,13.750,652.633,654.062
3689,13.749,652.639,654.063
3690,13.748,652.645,654.065
3691,13.747,652.651,654.067
3692,13.746,652.657,654.069
3693,13.745,652.662,654.071
3694,13.744,652.668,654.073
3695,13.743,652.675,654.075
3696,13.742,652.680,654.076
3697,13.741,652.686,654.078
3698,13.740,652.692,654.080
3699,13.739,652.697,654.081
3700,13.738,652.703,654.083
3701,13.737,652.708,654.085
3702,13.736,652.714,654.086
3703,13.735,652.720,654.088
3704,13.734,652.726,654.090
3705,13.733,652.731,654.092
3706,13.732,652.736,654.093
3707,13.731,652.742,654.095
3708,13.730,652.747,654.097
3709,13.729,652.752,654.098
3710,13.728,652.758,654.100
3711,13.728,652.763,654.102
3712,13.727,652.769,654.103
3713,13.726,652.774,654.104
3714,13.725,652.779,654.106
3715,13.724,652.784,654.108
3716,13.723,652.789,654.109
3717,13.722,652.794,654.111
3718,13.721,652.799,654.113
3719,13.720,652.805,654.114
3720,13.719,652.810,654.115
3721,13.718,652.815,654.117
3722,13.717,652.820,654.119
3723,13.716,652.825,654.120
3724,13.715,652.830,654.122
3725,13.714,652.834,654.123
3726,13.713,652.839,654.124
3727,13.712,652.844,654.126
3728,13.712,652.850,654.127
3729,13.711,652.854,654.129
3730,13.710,652.859,654.130
3731,13.709,652.864,654.132
3732,13.708,652.868,654.133
3733,13.707,652.873,654.134
3734,13.706,652.877,654.136
3735,13.705,652.882,654.138
3736,13.704,652.887,654.139
3737,13.703,652.892,654.140
3738,13.702,652.896,654.142
3739,13.701,652.901,654.143
3740,13.700,652.905,654.144
3741,13.700,652.909,654.146
3742,13.699,652.914,654.147
3743,13.698,652.919,654.149
3744,13.697,652.923,654.150
3745,13.696,652.928,654.151
3746,13.695,652.932,654.153
3747,13.694,652.936,654.153
3748,13.693,652.940,654.155
3749,13.692,652.945,654.156
3750,13.691,652.949,654.157
3751,13.690,652.953,654.159
3752,13.689,652.958,654.160
3753,13.689,652.962,654.162
3754,13.688,652.966,654.162
3755,13.687,652.970,654.164
3756,13.686,652.974,654.165
3757,13.685,652.978,654.166
3758,13.684,652.982,654.168
3759,13.683,652.987,654.169
3760,13.682,652.991,654.171
3761,13.681,652.995,654.171
3762,13.680,652.999,654.173
3763,13.680,653.002,654.174
3764,13.679,653.007,654.175
3765,13.678,653.010,654.176
3766,13.677,653.015,654.178
3767,13.676,653.018,654.179
3768,13.675,653.023,654.180
3769,13.674,653.026,654.181
3770,13.673,653.030,654.182
3771,13.672,653.034,654.183
3772,13.672,653.037,654.184
3773,13.671,653.041,654.186
3774,13.670,653.045,654.187
3775,13.669,653.048,654.188
3776,13.668,653.053,654.189
3777,13.667,653.056,654.190
3778,13.666,653.060,654.191
3779,13.665,653.063,654.192
3780,13.665,653.067,654.194
3781,13.664,653.071,654.195
3782,13.663,653.074,654.195
3783,13.662,653.078,654.197
3784,13.661,653.081,654.198
3785,13.660,653.085,654.199
3786,13.659,653.088,654.200
3787,13.658,653.092,654.201
3788,13.658,653.096,654.202
3789,13.657,653.099,654.203
3790,13.656,653.103,654.204
3791,13.655,653.106,654.205
3792,13.654,653.110,654.206
3793,13.653,653.113,654.207
3794,13.652,653.117,654.208
3795,13.652,653.120,654.210
3796,13.651,653.122,654.210
3797,13.650,653.126,654.211
3798,13.649,653.129,654.212
3799,13.648,653.133,654.213
3800,13.647,653.136,654.214
3801,13.646,653.140,654.215
3802,13.646,653.143,654.216
3803,13.645,653.146,654.217
3804,13.644,653.149,654.218
3805,13.643,653.152,654.219
3806,13.642,653.156,654.220
3807,13.641,653.159,654.221
3808,13.640,653.162,654.222
3809,13.640,653.165,654.223
3810,13.639,653.168,654.224
3811,13.638,653.171,654.225
3812,13.637,653.174,654.226
3813,13.636,653.178,654.227
3814,13.635,653.180,654.228
3815,13.635,653.184,654.229
3816,13.634,653.186,654.229
3817,13.633,653.189,654.230
3818,13.632,653.193,654.231
3819,13.631,653.195,654.232
3820,13.630,653.199,654.233
3821,13.630,653.201,654.234
3822,13.629,653.205,654.235
3823,13.628,653.207,654.235
3824,13.627,653.210,654.236
3825,13.626,653.213,654.238
3826,13.625,653.216,654.239
3827,13.625,653.219,654.239
3828,13.624,653.222,654.240
3829,13.623,653.225,654.241
3830,13.622,653.227,654.242
3831,13.621,653.230,654.243
3832,13.620,653.233,654.244
3833,13.620,653.236,654.245
3834,13.619,653.239,654.245
3835,13.618,653.241,654.246
3836,13.617,653.245,654.247
3837,13.616,653.247,654.248
3838,13.615,653.249,654.248
3839,13.615,653.253,654.249
3840,13.614,653.255,654.250
3841,13.613,653.258,654.251
3842,13.612,653.260,654.252
3843,13.611,653.263,654.253
3844,13.611,653.266,654.254
3845,13.610,653.268,654.254
3846,13.609,653.271,654.255
3847,13.608,653.274,654.256
3848,13.607,653.276,654.256
3849,13.607,653.279,654.257
3850,13.606,653.282,654.258
3851,13.605,653.284,654.259
3852,13.604,653.287,654.260
3853,13.603,653.289,654.260
3854,13.602,653.292,654.261
3855,13.602,653.294,654.262
3856,13.601,653.297,654.263
3857,13.600,653.299,654.264
3858,13.599,653.302,654.264
3859,13.598,653.304,654.265
3860,13.598,653.307,654.266
3861,13.597,653.309,654.267
3862,13.596,653.311,654.267
3863,13.595,653.314,654.268
3864,13.594,653.317,654.269
3865,13.594,653.319,654.270
3866,13.593,653.321,654.270
3867,13.592,653.324,654.271
3868,13.591,653.326,654.272
3869,13.591,653.328,654.272
3870,13.590,653.331,654.273
3871,13.589,653.333,654.274
3872,13.588,653.336,654.275
3873,13.587,653.338,654.275
3874,13.587,653.340,654.276
3875,13.586,653.343,654.277
3876,13.585,653.344,654.277
3877,13.584,653.347,654.278
3878,13.583,653.349,654.279
3879,13.583,653.352,654.279
3880,13.582,653.354,654.280
3881,13.581,653.356,654.281
3882,13.580,653.359,654.281
3883,13.580,653.361,654.282
3884,13.579,653.362,654.283
3885,13.578,653.365,654.283
3886,13.577,653.367,654.284
3887,13.576,653.369,654.284
3888,13.576,653.371,654.285
3889,13.575,653.374,654.286
3890,13.574,653.376,654.287
3891,13.573,653.378,654.287
3892,13.573,653.380,654.288
3893,13.572,653.382,654.289
3894,13.571,653.384,654.289
3895,13.570,653.386,654.290
3896,13.569,653.389,654.290
3897,13.569,653.391,654.291
3898,13.568,653.393,654.292
3899,13.567,653.395,654.292
3900,13.566,653.397,654.293
3901,13.566,653.399,654.293
3902,13.565,653.401,654.294
3903,13.564,653.403,654.295
3904,13.563,653.406,654.296
3905,13.563,653.407,654.296
3906,13.562,653.409,654.297
3907,13.561,653.412,654.297
3908,13.560,653.414,654.298
3909,13.560,653.415,654.298
3910,13.559,653.417,654.299
3911,13.558,653.420,654.300
3912,13.557,653.421,654.300
3913,13.557,653.423,654.301
3914,13.556,653.425,654.302
3915,13.555,653.428,654.302
3916,13.554,653.429,654.303
3917,13.554,653.431,654.303
3918,13.553,653.433,654.304
3919,13.552,653.435,654.304
3920,13.551,653.437,654.305
3921,13.551,653.439,654.306
3922,13.550,653.441,654.306
3923,13.549,653.442,654.307
3924,13.548,653.444,654.307
3925,13.548,653.447,654.308
3926,13.547,653.448,654.308
3927,13.546,653.450,654.309
3928,13.545,653.452,654.310
3929,13.545,653.454,654.310
3930,13.544,653.455,654.310
3931,13.543,653.457,654.311
3932,13.542,653.459,654.312
3933,13.542,653.461,654.312
3934,13.541,653.463,654.313
3935,13.540,653.465,654.313
3936,13.539,653.467,654.314
3937,13.539,653.468,654.314
3938,13.538,653.470,654.315
3939,13.537,653.472,654.316
3940,13.536,653.474,654.316
3941,13.536,653.475,654.317
3942,13.535,653.477,654.317
3943,13.534,653.479,654.318
3944,13.534,653.481,654.318
3945,13.533,653.482,654.319
3946,13.532,653.484,654.319
3947,13.531,653.486,654.320
3948,13.531,653.487,654.320
3949,13.530,653.489,654.321
3950,13.529,653.491,654.321
3951,13.528,653.493,654.322
3952,13.528,653.494,654.322
3953,13.527,653.496,654.323
3954,13.526,653.498,654.323
3955,13.526,653.499,654.324
3956,13.525,653.501,654.324
3957,13.524,653.503,654.325
3958,13.523,653.505,654.326
3959,13.523,653.506,654.326
3960,13.522,653.508,654.326
3961,13.521,653.510,654.327
3962,13.521,653.511,654.327
3963,13.520,653.512,654.328
3964,13.519,653.514,654.328
3965,13.518,653.516,654.329
3966,13.518,653.517,654.329
3967,13.517,653.519,654.330
3968,13.516,653.521,654.330
3969,13.516,653.523,654.331
3970,13.515,653.524,654.331
3971,13.514,653.525,654.332
3972,13.513,653.527,654.332
3973,13.513,653.529,654.333
3974,13.512,653.530,654.333
3975,13.511,653.532,654.334
3976,13.511,653.534,654.334
3977,13.510,653.534,654.334
3978,13.509,653.536,654.335
3979,13.508,653.538,654.336
3980,13.508,653.540,654.336
3981,13.507,653.541,654.336
3982,13.506,653.542,654.337
3983,13.506,653.544,654.337
3984,13.505,653.545,654.338
3985,13.504,653.547,654.338
3986,13.504,653.549,654.339
3987,13.503,653.550,654.339
3988,13.502,653.551,654.339
3989,13.502,653.553,654.340
3990,13.501,653.555,654.340
3991,13.500,653.556,654.341
3992,13.499,653.557,654.341
3993,13.499,653.559,654.342
3994,13.498,653.561,654.342
3995,13.497,653.561,654.343
3996,13.497,653.563,654.343
3997,13.496,653.565,654.344
3998,13.495,653.566,654.344
3999,13.495,653.567,654.344
4000,13.494,653.569,654.345
4001,13.493,653.571,654.345
4002,13.493,653.572,654.346
4003,13.492,653.573,654.346
4004,13.491,653.575,654.347
4005,13.490,653.576,654.347
4006,13.490,653.577,654.347
4007,13.489,653.579,654.348
4008,13.488,653.580,654.348
4009,13.488,653.582,654.349
4010,13.487,653.583,654.349
4011,13.486,653.584,654.349
4012,13.486,653.586,654.350
4013,13.485,653.588,654.350
4014,13.484,653.588,654.351
4015,13.484,653.590,654.351
4016,13.483,653.592,654.352
4017,13.482,653.592,654.352
4018,13.482,653.594,654.352
4019,13.481,653.595,654.353
4020,13.480,653.597,654.353
4021,13.480,653.598,654.354
4022,13.479,653.599,654.354
4023,13.478,653.601,654.355
4024,13.478,653.602,654.355
4025,13.477,653.603,654.355
4026,13.476,653.605,654.356
4027,13.476,653.606,654.356
4028,13.475,653.607,654.356
4029,13.474,653.609,654.357
4030,13.474,653.610,654.357
4031,13.473,653.612,654.358
4032,13.472,653.612,654.358
4033,13.472,653.614,654.358
4034,13.471,653.615,654.359
4035,13.470,653.617,654.359
4036,13.470,653.617,654.360
4037,13.469,653.619,654.360
4038,13.468,653.620,654.360
4039,13.468,653.621,654.361
4040,13.467,653.623,654.361
4041,13.466,653.624,654.361
4042,13.466,653.626,654.362
4043,13.465,653.626,654.362
4044,13.464,653.628,654.363
4045,13.464,653.629,654.363
4046,13.463,653.631,654.363
4047,13.462,653.631,654.364
4048,13.462,653.633,654.364
4049,13.461,653.634,654.364
4050,13.460,653.636,654.365
4051,13.460,653.636,654.365
4052,13.459,653.638,654.366
4053,13.458,653.639,654.366
4054,13.458,653.640,654.366
4055,13.457,653.641,654.367
4056,13.456,653.643,654.367
4057,13.456,653.644,654.367
4058,13.455,653.645,654.368
4059,13.454,653.646,654.368
4060,13.454,653.647,654.369
4061,13.453,653.649,654.369
4062,13.452,653.649,654.369
4063,13.452,653.651,654.370
4064,13.451,653.652,654.370
4065,13.451,653.653,654.370
4066,13.450,653.654,654.371
4067,13.449,653.656,654.371
4068,13.449,653.657,654.371
4069,13.448,653.658,654.372
4070,13.447,653.659,654.372
4071,13.447,653.660,654.372
4072,13.446,653.662,654.373
4073,13.445,653.662,654.373
4074,13.445,653.664,654.373
4075,13.444,653.665,654.374
4076,13.443,653.666,654.374
4077,13.443,653.667,654.374
4078,13.442,653.668,654.375
4079,13.442,653.670,654.375
4080,13.441,653.670,654.375
4081,13.440,653.671,654.376
4082,13.440,653.673,654.376
4083,13.439,653.674,654.377
4084,13.438,653.675,654.377
4085,13.438,653.676,654.377
4086,13.437,653.677,654.377
4087,13.436,653.679,654.378
4088,13.436,653.679,654.378
4089,13.435,653.680,654.379
4090,13.435,653.682,654.379
4091,13.434,653.682,654.379
4092,13.433,653.684,654.379
4093,13.433,653.685,654.380
4094,13.432,653.686,654.380
4095,13.431,653.687,654.380
4096,13.431,653.688,654.381
4097,13.430,653.689,654.381
4098,13.430,653.690,654.382
4099,13.429,653.691,654.382
4100,13.428,653.692,654.382
4101,13.428,653.694,654.382
4102,13.427,653.695,654.383
4103,13.426,653.695,654.383
4104,13.426,653.697,654.383
4105,13.425,653.698,654.384
4106,13.425,653.698,654.384
4107,13.424,653.700,654.384
4108,13.423,653.701,654.385
4109,13.423,653.702,654.385
4110,13.422,653.703,654.385
4111,13.421,653.704,654.386
4112,13.421,653.705,654.386
4113,13.420,653.706,654.386
4114,13.420,653.707,654.386
4115,13.419,653.708,654.387
4116,13.418,653.709,654.387
4117,13.418,653.710,654.388
4118,13.417,653.711,654.388
4119,13.416,653.712,654.388
4120,13.416,653.713,654.388
4121,13.415,653.714,654.389
4122,13.415,653.715,654.389
4123,13.414,653.716,654.389
4124,13.413,653.717,654.390
4125,13.413,653.718,654.390
4126,13.412,653.719,654.390
4127,13.412,653.720,654.391
4128,13.411,653.721,654.391
4129,13.410,653.722,654.391
4130,13.410,653.723,654.391
4131,13.409,653.724,654.392
4132,13.409,653.725,654.392
4133,13.408,653.726,654.392
4134,13.407,653.727,654.393
4135,13.407,653.728,654.393
4136,13.406,653.729,654.393
4137,13.406,653.730,654.393
4138,13.405,653.731,654.394
4139,13.404,653.732,654.394
4140,13.404,653.733,654.394
4141,13.403,653.734,654.395
4142,13.402,653.735,654.395
4143,13.402,653.736,654.395
4144,13.401,653.737,654.395
4145,13.401,653.738,654.396
4146,13.400,653.739,654.396
4147,13.399,653.740,654.396
4148,13.399,653.740,654.397
4149,13.398,653.742,654.397
4150,13.398,653.743,654.397
4151,13.397,653.744,654.398
4152,13.397,653.744,654.398
4153,13.396,653.745,654.398
4154,13.395,653.746,654.398
4155,13.395,653.747,654.399
4156,13.394,653.748,654.399
4157,13.394,653.749,654.399
4158,13.393,653.750,654.400
4159,13.392,653.751,654.400
4160,13.392,653.752,654.400
4161,13.391,653.753,654.400
4162,13.391,653.754,654.401
4163,13.390,653.754,654.401
4164,13.389,653.755,654.401
4165,13.389,653.757,654.402
4166,13.388,653.758,654.402
4167,13.388,653.758,654.402
4168,13.387,653.759,654.402
4169,13.386,653.760,654.403
4170,13.386,653.761,654.403
4171,13.385,653.762,654.403
4172,13.385,653.763,654.403
4173,13.384,653.764,654.404
4174,13.384,653.764,654.404
4175,13.383,653.765,654.404
4176,13.382,653.766,654.404
4177,13.382,653.767,654.405
4178,13.381,653.768,654.405
4179,13.381,653.769,654.405
4180,13.380,653.770,654.406
4181,13.379,653.771,654.406
4182,13.379,653.771,654.406
4183,13.378,653.772,654.406
4184,13.378,653.773,654.407
4185,13.377,653.774,654.407
4186,13.377,653.775,654.407
4187,13.376,653.776,654.407
4188,13.375,653.777,654.408
4189,13.375,653.778,654.408
4190,13.374,653.778,654.408
4191,13.374,653.779,654.408
4192,13.373,653.780,654.409
4193,13.372,653.781,654.409
4194,13.372,653.782,654.409
4195,13.371,653.783,654.410
4196,13.371,653.784,654.410
4197,13.370,653.784,654.410
4198,13.370,653.785,654.410
4199,13.369,653.786,654.410
4200,13.368,653.787,654.411
4201,13.368,653.788,654.411
4202,13.367,653.789,654.411
4203,13.367,653.790,654.412
4204,13.366,653.791,654.412
4205,13.366,653.791,654.412
4206,13.365,653.792,654.412
4207,13.364,653.793,654.413
4208,13.364,653.794,654.413
4209,13.363,653.794,654.413
4210,13.363,653.795,654.413
4211,13.362,653.796,654.414
4212,13.362,653.797,654.414
4213,13.361,653.798,654.414
4214,13.361,653.799,654.414
4215,13.360,653.800,654.415
4216,13.359,653.800,654.415
4217,13.359,653.801,654.415
4218,13.358,653.802,654.415
4219,13.358,653.803,654.416
4220,13.357,653.803,654.416
4221,13.357,653.804,654.416
4222,13.356,653.805,654.416
4223,13.355,653.806,654.417
4224,13.355,653.807,654.417
4225,13.354,653.808,654.417
4226,13.354,653.809,654.417
4227,13.353,653.809,654.418
4228,13.353,653.810,654.418
4229,13.352,653.811,654.418
4230,13.352,653.812,654.418
4231,13.351,653.813,654.418
4232,13.350,653.813,654.419
4233,13.350,653.814,654.419
4234,13.349,653.815,654.419
4235,13.349,653.816,654.420
4236,13.348,653.816,654.420
4237,13.348,653.817,654.420
4238,13.347,653.818,654.420
4239,13.347,653.819,654.420
4240,13.346,653.819,654.421
4241,13.345,653.820,654.421
4242,13.345,653.821,654.421
4243,13.344,653.822,654.421
4244,13.344,653.823,654.421
4245,13.343,653.823,654.422
4246,13.343,653.824,654.422
4247,13.342,653.825,654.422
4248,13.342,653.826,654.422
4249,13.341,653.826,654.423
4250,13.340,653.827,654.423
4251,13.340,653.828,654.423
4252,13.339,653.829,654.423
4253,13.339,653.830,654.424
4254,13.338,653.830,654.424
4255,13.338,653.831,654.424
4256,13.337,653.832,654.424
4257,13.337,653.833,654.425
4258,13.336,653.833,654.425
4259,13.336,653.834,654.425
4260,13.335,653.835,654.425
4261,13.334,653.836,654.425
4262,13.334,653.836,654.426
4263,13.333,653.837,654.426
4264,13.333,653.838,654.426
4265,13.332,653.839,654.426
4266,13.332,653.839,654.427
4267,13.331,653.840,654.427
4268,13.331,653.841,654.427
4269,13.330,653.842,654.427
4270,13.330,653.842,654.427
4271,13.329,653.843,654.428
4272,13.329,653.844,654.428
4273,13.328,653.844,654.428
4274,13.327,653.845,654.428
4275,13.327,653.846,654.429
4276,13.326,653.847,654.429
4277,13.326,653.847,654.429
4278,13.325,653.848,654.429
4279,13.325,653.849,654.429
4280,13.324,653.849,654.430
4281,13.324,653.850,654.430
4282,13.323,653.851,654.430
4283,13.323,653.852,654.430
4284,13.322,653.852,654.431
4285,13.322,653.853,654.431
4286,13.321,653.854,654.431
4287,13.321,653.854,654.431
4288,13.320,653.855,654.431
4289,13.319,653.856,654.432
4290,13.319,653.856,654.432
4291,13.318,653.857,654.432
4292,13.318,653.858,654.432
4293,13.317,653.859,654.433
4294,13.317,653.859,654.433
4295,13.316,653.860,654.433
4296,13.316,653.861,654.433
4297,13.315,653.862,654.433
4298,13.315,653.862,654.434
4299,13.314,653.863,654.434
4300,13.314,653.864,654.434
4301,13.313,653.864,654.434
4302,13.313,653.865,654.434
4303,13.312,653.866,654.435
4304,13.312,653.866,654.435
4305,13.311,653.867,654.435
4306,13.311,653.868,654.435
4307,13.310,653.868,654.435
4308,13.309,653.869,654.436
4309,13.309,653.870,654.436
4310,13.308,653.870,654.436
4311,13.308,653.871,654.436
4312,13.307,653.872,654.437
4313,13.307,653.872,654.437
4314,13.306,653.873,654.437
4315,13.306,653.874,654.437
4316,13.305,653.875,654.437
4317,13.305,653.875,654.438
4318,13.304,653.876,654.438
4319,13.304,653.877,654.438
4320,13.303,653.877,654.438
4321,13.303,653.878,654.438
4322,13.302,653.879,654.439
4323,13.302,653.879,654.439
4324,13.301,653.880,654.439
4325,13.301,653.880,654.439
4326,13.300,653.881,654.439
4327,13.300,653.882,654.440
4328,13.299,653.883,654.440
4329,13.299,653.883,654.440
4330,13.298,653.884,654.440
4331,13.298,653.885,654.440
4332,13.297,653.885,654.441
4333,13.297,653.886,654.441
4334,13.296,653.887,654.441
4335,13.296,653.887,654.441
4336,13.295,653.888,654.441
4337,13.294,653.888,654.442
4338,13.294,653.889,654.442
4339,13.293,653.890,654.442
4340,13.293,653.891,654.442
4341,13.292,653.891,654.442
4342,13.292,653.892,654.443
4343,13.291,653.892,654.443
4344,13.291,653.893,654.443
4345,13.290,653.894,654.443
4346,13.290,653.894,654.443
4347,13.289,653.895,654.444
4348,13.289,653.896,654.444
4349,13.288,653.896,654.444
4350,13.288,653.897,654.444
4351,13.287,653.898,654.444
4352,13.287,653.898,654.445
4353,13.286,653.899,654.445
4354,13.286,653.899,654.445
4355,13.285,653.900,654.445
4356,13.285,653.901,654.445
4357,13.284,653.901,654.445
4358,13.284,653.902,654.446
4359,13.283,653.903,654.446
4360,13.283,653.903,654.446
4361,13.282,653.904,654.446
4362,13.282,653.904,654.446
4363,13.281,653.905,654.447
4364,13.281,653.906,654.447
4365,13.280,653.906,654.447
4366,13.280,653.907,654.447
4367,13.279,653.908,654.447
4368,13.279,653.908,654.448
4369,13.278,653.909,654.448
4370,13.278,653.909,654.448
4371,13.277,653.910,654.448
4372,13.277,653.911,654.448
4373,13.276,653.911,654.449
4374,13.276,653.912,654.449
4375,13.275,653.913,654.449
4376,13.275,653.913,654.449
4377,13.274,653.914,654.449
4378,13.274,653.914,654.449
4379,13.273,653.915,654.450
4380,13.273,653.915,654.450
4381,13.272,653.916,654.450
4382,13.272,653.917,654.450
4383,13.271,653.917,654.450
4384,13.271,653.918,654.450
4385,13.270,653.919,654.451
4386,13.270,653.919,654.451
4387,13.269,653.920,654.451
4388,13.269,653.920,654.451
4389,13.268,653.921,654.452
4390,13.268,653.922,654.452
4391,13.268,653.922,654.452
4392,13.267,653.923,654.452
4393,13.267,653.923,654.452
4394,13.266,653.924,654.452
4395,13.266,653.925,654.453
4396,13.265,653.925,654.453
4397,13.265,653.926,654.453
4398,13.264,653.926,654.453
4399,13.264,653.927,654.453
4400,13.263,653.927,654.453
4401,13.263,653.928,654.454
4402,13.262,653.929,654.454
4403,13.262,653.929,654.454
4404,13.261,653.930,654.454
4405,13.261,653.930,654.454
4406,13.260,653.931,654.455
4407,13.260,653.932,654.455
4408,13.259,653.932,654.455
4409,13.259,653.933,654.455
4410,13.258,653.933,654.455
4411,13.258,653.934,654.455
4412,13.257,653.934,654.456
4413,13.257,653.935,654.456
4414,13.256,653.936,654.456
4415,13.256,653.936,654.456
4416,13.255,653.937,654.456
4417,13.255,653.937,654.456
4418,13.254,653.938,654.457
4419,13.254,653.939,654.457
4420,13.253,653.939,654.457
4421,13.253,653.940,654.457
4422,13.253,653.940,654.457
4423,13.252,653.941,654.458
4424,13.252,653.941,654.458
4425,13.251,653.942,654.458
4426,13.251,653.943,654.458
4427,13.250,653.943,654.458
4428,13.250,653.944,654.458
4429,13.249,653.944,654.459
4430,13.249,653.945,654.459
4431,13.248,653.945,654.459
4432,13.248,653.946,654.459
4433,13.247,653.946,654.459
4434,13.247,653.947,654.459
4435,13.246,653.948,654.460
4436,13.246,653.948,654.460
4437,13.245,653.949,654.460
4438,13.245,653.949,654.460
4439,13.244,653.950,654.460
4440,13.244,653.950,654.460
4441,13.243,653.951,654.461
4442,13.243,653.951,654.461
4443,13.243,653.952,654.461
4444,13.242,653.952,654.461
4445,13.242,653.953,654.461
4446,13.241,653.954,654.462
4447,13.241,653.954,654.462
4448,13.240,653.955,654.462
4449,13.240,653.955,654.462
4450,13.239,653.956,654.462
4451,13.239,653.956,654.462
4452,13.238,653.957,654.462
4453,13.238,653.957,654.463
4454,13.237,653.958,654.463
4455,13.237,653.959,654.463
4456,13.236,653.959,654.463
4457,13.236,653.960,654.463
4458,13.236,653.960,654.463
4459,13.235,653.961,654.464
4460,13.235,653.961,654.464
4461,13.234,653.962,654.464
4462,13.234,653.962,654.464
4463,13.233,653.963,654.464
4464,13.233,653.964,654.465
4465,13.232,653.964,654.465
4466,13.232,653.964,654.465
4467,13.231,653.965,654.465
4468,13.231,653.966,654.465
4469,13.230,653.966,654.465
4470,13.230,653.967,654.465
4471,13.230,653.967,654.466
4472,13.229,653.968,654.466
4473,13.229,653.968,654.466
4474,13.228,653.969,654.466
4475,13.228,653.969,654.466
4476,13.227,653.970,654.466
4477,13.227,653.970,654.467
4478,13.226,653.971,654.467
4479,13.226,653.971,654.467
4480,13.225,653.972,654.467
4481,13.225,653.972,654.467
4482,13.224,653.973,654.467
4483,13.224,653.974,654.468
4484,13.224,653.974,654.468
4485,13.223,653.974,654.468
4486,13.223,653.975,654.468
4487,13.222,653.976,654.468
4488,13.222,653.976,654.468
4489,13.221,653.976,654.468
4490,13.221,653.977,654.469
4491,13.220,653.978,654.469
4492,13.220,653.978,654.469
4493,13.219,653.979,654.469
4494,13.219,653.979,654.469
4495,13.219,653.980,654.469
4496,13.218,653.980,654.470
4497,13.218,653.981,654.470
4498,13.217,653.981,654.470
4499,13.217,653.982,654.470
4500,13.216,653.982,654.470
4501,13.216,653.983,654.470
4502,13.215,653.983,654.471
4503,13.215,653.984,654.471
4504,13.214,653.984,654.471
4505,13.214,653.985,654.471
4506,13.214,653.985,654.471
4507,13.213,653.986,654.471
4508,13.213,653.986,654.471
4509,13.212,653.987,654.472
4510,13.212,653.987,654.472
4511,13.211,653.988,654.472
4512,13.211,653.988,654.472
4513,13.210,653.989,654.472
4514,13.210,653.989,654.472
4515,13.210,653.990,654.473
4516,13.209,653.990,654.473
4517,13.209,653.991,654.473
4518,13.208,653.991,654.473
4519,13.208,653.992,654.473
4520,13.207,653.992,654.473
4521,13.207,653.993,654.473
4522,13.206,653.993,654.474
4523,13.206,653.994,654.474
4524,13.206,653.994,654.474
4525,13.205,653.995,654.474
4526,13.205,653.995,654.474
4527,13.204,653.996,654.474
4528,13.204,653.996,654.475
4529,13.203,653.997,654.475
4530,13.203,653.997,654.475
4531,13.202,653.998,654.475
4532,13.202,653.998,654.475
4533,13.202,653.999,654.475
4534,13.201,653.999,654.475
4535,13.201,654.000,654.476
4536,13.200,654.000,654.476
4537,13.200,654.001,654.476
4538,13.199,654.001,654.476
4539,13.199,654.001,654.476
4540,13.198,654.002,654.476
4541,13.198,654.003,654.476
4542,13.198,654.003,654.477
4543,13.197,654.003,654.477
4544,13.197,654.004,654.477
4545,13.196,654.004,654.477
4546,13.196,654.005,654.477
4547,13.195,654.005,654.477
4548,13.195,654.006,654.477
4549,13.195,654.006,654.478
4550,13.194,654.007,654.478
4551,13.194,654.007,654.478
4552,13.193,654.008,654.478
4553,13.193,654.008,654.478
4554,13.192,654.009,654.478
4555,13.192,654.009,654.478
4556,13.192,654.010,654.479
4557,13.191,654.010,654.479
4558,13.191,654.010,654.479
4559,13.190,654.011,654.479
4560,13.190,654.011,654.479
4561,13.189,654.012,654.479
4562,13.189,654.013,654.480
4563,13.188,654.013,654.480
4564,13.188,654.013,654.480
4565,13.188,654.014,654.480
4566,13.187,654.014,654.480
4567,13.187,654.015,654.480
4568,13.186,654.015,654.480
4569,13.186,654.016,654.481
4570,13.185,654.016,654.481
4571,13.185,654.016,654.481
4572,13.185,654.017,654.481
4573,13.184,654.018,654.481
4574,13.184,654.018,654.481
4575,13.183,654.018,654.481
4576,13.183,654.019,654.482
4577,13.182,654.019,654.482
4578,13.182,654.020,654.482
4579,13.182,654.020,654.482
4580,13.181,654.021,654.482
4581,13.181,654.021,654.482
4582,13.180,654.022,654.482
4583,13.180,654.022,654.482
4584,13.179,654.022,654.483
4585,13.179,654.023,654.483
4586,13.179,654.024,654.483
4587,13.178,654.024,654.483
4588,13.178,654.024,654.483
4589,13.177,654.025,654.483
4590,13.177,654.025,654.483
4591,13.177,654.026,654.484
4592,13.176,654.026,654.484
4593,13.176,654.027,654.484
4594,13.175,654.027,654.484
4595,13.175,654.028,654.484
4596,13.174,654.028,654.484
4597,13.174,654.028,654.484
4598,13.174,654.029,654.485
4599,13.173,654.029,654.485
4600,13.173,654.030,654.485
4601,13.172,654.030,654.485
4602,13.172,654.031,654.485
4603,13.171,654.031,654.485
4604,13.171,654.031,654.485
4605,13.171,654.032,654.485
4606,13.170,654.032,654.486
4607,13.170,654.033,654.486
4608,13.169,654.033,654.486
4609,13.169,654.034,654.486
4610,13.169,654.034,654.486
4611,13.168,654.035,654.486
4612,13.168,654.035,654.486
4613,13.167,654.035,654.487
4614,13.167,654.036,654.487
4615,13.166,654.036,654.487
4616,13.166,654.037,654.487
4617,13.166,654.037,654.487
4618,13.165,654.038,654.487
4619,13.165,654.038,654.487
4620,13.164,654.039,654.488
4621,13.164,654.039,654.488
4622,13.164,654.039,654.488
4623,13.163,654.040,654.488
4624,13.163,654.040,654.488
4625,13.162,654.041,654.488
4626,13.162,654.041,654.488
4627,13.161,654.042,654.489
4628,13.161,654.042,654.489
4629,13.161,654.042,654.489
4630,13.160,654.043,654.489
4631,13.160,654.043,654.489
4632,13.159,654.044,654.489
4633,13.159,654.044,654.489
4634,13.159,654.044,654.489
4635,13.158,654.045,654.490
4636,13.158,654.045,654.490
4637,13.157,654.046,654.490
4638,13.157,654.046,654.490
4639,13.157,654.047,654.490
4640,13.156,654.047,654.490
4641,13.156,654.047,654.490
4642,13.155,654.048,654.490
4643,13.155,654.048,654.491
4644,13.154,654.049,654.491
4645,13.154,654.049,654.491
4646,13.154,654.050,654.491
4647,13.153,654.050,654.491
4648,13.153,654.050,654.491
4649,13.152,654.051,654.491
4650,13.152,654.051,654.491
4651,13.152,654.052,654.492
4652,13.151,654.052,654.492
4653,13.151,654.053,654.492
4654,13.150,654.053,654.492
4655,13.150,654.053,654.492
4656,13.150,654.054,654.492
4657,13.149,654.054,654.492
4658,13.149,654.054,654.492
4659,13.148,654.055,654.493
4660,13.148,654.055,654.493
4661,13.148,654.056,654.493
4662,13.147,654.056,654.493
4663,13.147,654.057,654.493
4664,13.146,654.057,654.493
4665,13.146,654.058,654.493
4666,13.146,654.058,654.494
4667,13.145,654.058,654.494
4668,13.145,654.059,654.494
4669,13.144,654.059,654.494
4670,13.144,654.060,654.494
4671,13.144,654.060,654.494
4672,13.143,654.060,654.494
4673,13.143,654.061,654.494
4674,13.142,654.061,654.495
4675,13.142,654.061,654.495
4676,13.142,654.062,654.495
4677,13.141,654.062,654.495
4678,13.141,654.063,654.495
4679,13.140,654.063,654.495
4680,13.140,654.064,654.495
4681,13.140,654.064,654.495
4682,13.139,654.064,654.495
4683,13.139,654.065,654.496
4684,13.138,654.065,654.496
4685,13.138,654.066,654.496
4686,13.138,654.066,654.496
4687,13.137,654.066,654.496
4688,13.137,654.067,654.496
4689,13.136,654.067,654.496
4690,13.136,654.068,654.496
4691,13.136,654.068,654.497
4692,13.135,654.068,654.497
4693,13.135,654.069,654.497
4694,13.134,654.069,654.497
4695,13.134,654.070,654.497
4696,13.134,654.070,654.497
4697,13.133,654.070,654.497
4698,13.133,654.071,654.497
4699,13.132,654.071,654.498
4700,13.132,654.071,654.498
4701,13.132,654.072,654.498
4702,13.131,654.072,654.498
4703,13.131,654.073,654.498
4704,13.130,654.073,654.498
4705,13.130,654.073,654.498
4706,13.130,654.074,654.498
4707,13.129,654.074,654.499
4708,13.129,654.075,654.499
4709,13.128,654.075,654.499
4710,13.128,654.075,654.499
4711,13.128,654.076,654.499
4712,13.127,654.076,654.499
4713,13.127,654.076,654.499
4714,13.127,654.077,654.499
4715,13.126,654.077,654.499
4716,13.126,654.078,654.500
4717,13.125,654.078,654.500
4718,13.125,654.078,654.500
4719,13.125,654.079,654.500
4720,13.124,654.079,654.500
4721,13.124,654.080,654.500
4722,13.123,654.080,654.500
4723,13.123,654.080,654.500
4724,13.123,654.081,654.501
4725,13.122,654.081,654.501
4726,13.122,654.081,654.501
4727,13.121,654.082,654.501
4728,13.121,654.082,654.501
4729,13.121,654.083,654.501
4730,13.120,654.083,654.501
4731,13.120,654.083,654.501
4732,13.120,654.084,654.502
4733,13.119,654.084,654.502
4734,13.119,654.085,654.502
4735,13.118,654.085,654.502
4736,13.118,654.085,654.502
4737,13.118,654.086,654.502
4738,13.117,654.086,654.502
4739,13.117,654.086,654.502
4740,13.116,654.087,654.502
4741,13.116,654.087,654.503
4742,13.116,654.088,654.503
4743,13.115,654.088,654.503
4744,13.115,654.088,654.503
4745,13.115,654.089,654.503
4746,13.114,654.089,654.503
4747,13.114,654.089,654.503
4748,13.113,654.090,654.503
4749,13.113,654.090,654.503
4750,13.113,654.091,654.504
4751,13.112,654.091,654.504
4752,13.112,654.091,654.504
4753,13.111,654.092,654.504
4754,13.111,654.092,654.504
4755,13.111,654.093,654.504
4756,13.110,654.093,654.504
4757,13.110,654.093,654.504
4758,13.110,654.094,654.505
4759,13.109,654.094,654.505
4760,13.109,654.094,654.505
4761,13.108,654.095,654.505
4762,13.108,654.095,654.505
4763,13.108,654.095,654.505
4764,13.107,654.096,654.505
4765,13.107,654.096,654.505
4766,13.107,654.096,654.505
4767,13.106,654.097,654.506
4768,13.106,654.097,654.506
4769,13.105,654.097,654.506
4770,13.105,654.098,654.506
4771,13.105,654.098,654.506
4772,13.104,654.099,654.506
4773,13.104,654.099,654.506
4774,13.104,654.099,654.506
4775,13.103,654.100,654.506
4776,13.103,654.100,654.507
4777,13.102,654.100,654.507
4778,13.102,654.101,654.507
4779,13.102,654.101,654.507
4780,13.101,654.102,654.507
4781,13.101,654.102,654.507
4782,13.101,654.102,654.507
4783,13.100,654.103,654.507
4784,13.100,654.103,654.507
4785,13.099,654.103,654.508
4786,13.099,654.104,654.508
4787,13.099,654.104,654.508
4788,13.098,654.104,654.508
4789,13.098,654.105,654.508
4790,13.098,654.105,654.508
4791,13.097,654.105,654.508
4792,13.097,654.106,654.508
4793,13.096,654.106,654.508
4794,13.096,654.106,654.509
4795,13.096,654.107,654.509
4796,13.095,654.107,654.509
4797,13.095,654.108,654.509
4798,13.095,654.108,654.509
4799,13.094,654.108,654.509
4800,13.094,654.109,654.509
4801,13.093,654.109,654.509
4802,13.093,654.109,654.509
4803,13.093,654.110,654.510
4804,13.092,654.110,654.510
4805,13.092,654.110,654.510
4806,13.092,654.111,654.510
4807,13.091,654.111,654.510
4808,13.091,654.111,654.510
4809,13.091,654.112,654.510
4810,13.090,654.112,654.510
4811,13.090,654.113,654.510
4812,13.089,654.113,654.510
4813,13.089,654.113,654.511
4814,13.089,654.113,654.511
4815,13.088,654.114,654.511
4816,13.088,654.114,654.511
4817,13.088,654.114,654.511
4818,13.087,654.115,654.511
4819,13.087,654.115,654.511
4820,13.086,654.115,654.511
4821,13.086,654.116,654.511
4822,13.086,654.116,654.512
4823,13.085,654.117,654.512
4824,13.085,654.117,654.512
4825,13.085,654.117,654.512
4826,13.084,654.118,654.512
4827,13.084,654.118,654.512
4828,13.084,654.118,654.512
4829,13.083,654.119,654.512
4830,13.083,654.119,654.512
4831,13.082,654.119,654.513
4832,13.082,654.120,654.513
4833,13.082,654.120,654.513
4834,13.081,654.120,654.513
4835,13.081,654.121,654.513
4836,13.081,654.121,654.513
4837,13.080,654.121,654.513
4838,13.080,654.122,654.513
4839,13.080,654.122,654.513
4840,13.079,654.122,654.513
4841,13.079,654.123,654.514
4842,13.078,654.123,654.514
4843,13.078,654.123,654.514
4844,13.078,654.124,654.514
4845,13.077,654.124,654.514
4846,13.077,654.124,654.514
4847,13.077,654.125,654.514
4848,13.076,654.125,654.514
4849,13.076,654.125,654.514
4850,13.076,654.126,654.515
4851,13.075,654.126,654.515
4852,13.075,654.126,654.515
4853,13.075,654.127,654.515
4854,13.074,654.127,654.515
4855,13.074,654.127,654.515
4856,13.073,654.128,654.515
4857,13.073,654.128,654.515
4858,13.073,654.128,654.515
4859,13.072,654.129,654.515
4860,13.072,654.129,654.515
4861,13.072,654.129,654.516
4862,13.071,654.130,654.516
4863,13.071,654.130,654.516
4864,13.071,654.130,654.516
4865,13.070,654.131,654.516
4866,13.070,654.131,654.516
4867,13.070,654.131,654.516
4868,13.069,654.131,654.516
4869,13.069,654.132,654.516
4870,13.068,654.132,654.516
4871,13.068,654.133,654.517
4872,13.068,654.133,654.517
4873,13.067,654.133,654.517
4874,13.067,654.133,654.517
4875,13.067,654.134,654.517
4876,13.066,654.134,654.517
4877,13.066,654.134,654.517
4878,13.066,654.135,654.517
4879,13.065,654.135,654.517
4880,13.065,654.135,654.517
4881,13.065,654.136,654.518
4882,13.064,654.136,654.518
4883,13.064,654.136,654.518
4884,13.064,654.137,654.518
4885,13.063,654.137,654.518
4886,13.063,654.137,654.518
4887,13.062,654.138,654.518
4888,13.062,654.138,654.518
4889,13.062,654.138,654.518
4890,13.061,654.139,654.519
4891,13.061,654.139,654.519
4892,13.061,654.139,654.519
4893,13.060,654.140,654.519
4894,13.060,654.140,654.519
4895,13.060,654.140,654.519
4896,13.059,654.140,654.519
4897,13.059,654.141,654.519
4898,13.059,654.141,654.519
4899,13.058,654.141,654.519
4900,13.058,654.142,654.519
4901,13.058,654.142,654.520
4902,13.057,654.142,654.520
4903,13.057,654.143,654.520
4904,13.057,654.143,654.520
4905,13.056,654.143,654.520
4906,13.056,654.144,654.520
4907,13.056,654.144,654.520
4908,13.055,654.144,654.520
4909,13.055,654.145,654.520
4910,13.054,654.145,654.520
4911,13.054,654.145,654.521
4912,13.054,654.145,654.521
4913,13.053,654.146,654.521
4914,13.053,654.146,654.521
4915,13.053,654.146,654.521
4916,13.052,654.147,654.521
4917,13.052,654.147,654.521
4918,13.052,654.147,654.521
4919,13.051,654.148,654.521
4920,13.051,654.148,654.521
4921,13.051,654.148,654.521
4922,13.050,654.149,654.522
4923,13.050,654.149,654.522
4924,13.050,654.149,654.522
4925,13.049,654.149,654.522
4926,13.049,654.150,654.522
4927,13.049,654.150,654.522
4928,13.048,654.150,654.522
4929,13.048,654.151,654.522
4930,13.048,654.151,654.522
4931,13.047,654.151,654.522
4932,13.047,654.152,654.523
4933,13.047,654.152,654.523
4934,13.046,654.152,654.523
4935,13.046,654.152,654.523
4936,13.046,654.153,654.523
4937,13.045,654.153,654.523
4938,13.045,654.154,654.523
4939,13.045,654.154,654.523
4940,13.044,654.154,654.523
4941,13.044,654.154,654.523
4942,13.043,654.155,654.523
4943,13.043,654.155,654.524
4944,13.043,654.155,654.524
4945,13.042,654.156,654.524
4946,13.042,654.156,654.524
4947,13.042,654.156,654.524
4948,13.041,654.156,654.524
4949,13.041,654.157,654.524
4950,13.041,654.157,654.524
4951,13.040,654.157,654.524
4952,13.040,654.158,654.524
4953,13.040,654.158,654.525
4954,13.039,654.158,654.525
4955,13.039,654.159,654.525
4956,13.039,654.159,654.525
4957,13.038,654.159,654.525
4958,13.038,654.159,654.525
4959,13.038,654.160,654.525
4960,13.037,654.160,654.525
4961,13.037,654.160,654.525
4962,13.037,654.161,654.525
4963,13.036,654.161,654.525
4964,13.036,654.161,654.526
4965,13.036,654.161,654.526
4966,13.035,654.162,654.526
4967,13.035,654.162,654.526
4968,13.035,654.162,654.526
4969,13.034,654.163,654.526
4970,13.034,654.163,654.526
4971,13.034,654.163,654.526
4972,13.033,654.164,654.526
4973,13.033,654.164,654.526
4974,13.033,654.164,654.526
4975,13.032,654.164,654.526
4976,13.032,654.165,654.527
4977,13.032,654.165,654.527
4978,13.031,654.165,654.527
4979,13.031,654.165,654.527
4980,13.031,654.166,654.527
4981,13.030,654.166,654.527
4982,13.030,654.166,654.527
4983,13.030,654.167,654.527
4984,13.029,654.167,654.527
4985,13.029,654.167,654.527
4986,13.029,654.168,654.528
4987,13.028,654.168,654.528
4988,13.028,654.168,654.528
4989,13.028,654.168,654.528
4990,13.027,654.169,654.528
4991,13.027,654.169,654.528
4992,13.027,654.169,654.528
4993,13.026,654.170,654.528
4994,13.026,654.170,654.528
4995,13.026,654.170,654.528
4996,13.025,654.170,654.528
4997,13.025,654.171,654.529
4998,13.025,654.171,654.529
4999,13.024,654.171,654.529
