# Time (s),Mass (g),T Back (K),T Front (K)
0,22.800,293.000,293.000
1,22.800,293.000,325.199
2,22.800,293.000,338.160
3,22.800,293.000,347.852
4,22.800,293.000,355.936
5,22.800,293.000,362.936
6,22.800,293.002,369.215
7,22.800,293.007,374.890
8,22.800,293.016,380.108
9,22.800,293.035,384.934
10,22.800,293.066,389.452
11,22.800,293.116,393.685
12,22.800,293.189,397.694
13,22.800,293.290,401.483
14,22.800,293.423,405.098
15,22.800,293.594,408.535
16,22.800,293.805,411.832
17,22.800,294.058,414.981
18,22.800,294.355,418.016
19,22.800,294.698,420.925
20,22.800,295.087,423.738
21,22.800,295.524,426.441
22,22.800,296.006,429.063
23,22.800,296.535,431.587
24,22.800,297.109,434.042
25,22.800,297.727,436.410
26,22.800,298.387,438.718
27,22.800,299.089,440.947
28,22.800,299.831,443.124
29,22.800,300.612,445.230
30,22.800,301.430,447.290
31,22.800,302.283,449.286
32,22.800,303.171,451.240
33,22.800,304.091,453.135
34,22.800,305.041,454.991
35,22.800,306.021,456.799
36,22.800,307.029,458.560
37,22.800,308.065,460.284
38,22.800,309.125,461.969
39,22.800,310.209,463.616
40,22.800,311.316,465.228
41,22.800,312.444,466.807
42,22.800,313.592,468.353
43,22.800,314.759,469.868
44,22.800,315.944,471.354
45,22.800,317.146,472.811
46,22.800,318.362,474.241
47,22.799,319.595,475.644
48,22.799,320.841,477.023
49,22.799,322.098,478.377
50,22.799,323.369,479.707
51,22.799,324.650,481.016
52,22.799,325.942,482.302
53,22.799,327.244,483.567
54,22.799,328.554,484.812
55,22.799,329.872,486.037
56,22.799,331.198,487.243
57,22.799,332.531,488.430
58,22.798,333.870,489.600
59,22.798,335.215,490.752
60,22.798,336.565,491.888
61,22.798,337.919,493.006
62,22.798,339.278,494.110
63,22.798,340.641,495.199
64,22.797,342.007,496.271
65,22.797,343.376,497.329
66,22.797,344.747,498.374
67,22.797,346.120,499.404
68,22.796,347.495,500.422
69,22.796,348.871,501.425
70,22.796,350.248,502.415
71,22.795,351.626,503.394
72,22.795,353.004,504.360
73,22.795,354.383,505.315
74,22.794,355.761,506.257
75,22.794,357.139,507.188
76,22.793,358.516,508.107
77,22.793,359.892,509.016
78,22.792,361.268,509.914
79,22.792,362.641,510.802
80,22.791,364.013,511.678
81,22.791,365.384,512.545
82,22.790,366.753,513.401
83,22.790,368.120,514.249
84,22.789,369.483,515.086
85,22.788,370.845,515.914
86,22.788,372.204,516.732
87,22.787,373.561,517.541
88,22.786,374.914,518.341
89,22.785,376.265,519.132
90,22.785,377.612,519.916
91,22.784,378.957,520.690
92,22.783,380.298,521.455
93,22.782,381.635,522.213
94,22.781,382.969,522.962
95,22.780,384.300,523.704
96,22.779,385.626,524.437
97,22.778,386.949,525.163
98,22.777,388.268,525.881
99,22.776,389.584,526.591
100,22.774,390.894,527.296
101,22.773,392.200,527.991
102,22.772,393.503,528.680
103,22.771,394.802,529.363
104,22.769,396.096,530.039
105,22.768,397.385,530.706
106,22.766,398.671,531.369
107,22.765,399.952,532.024
108,22.763,401.227,532.673
109,22.762,402.499,533.316
110,22.760,403.766,533.952
111,22.759,405.028,534.583
112,22.757,406.286,535.208
113,22.755,407.538,535.826
114,22.753,408.786,536.439
115,22.751,410.030,537.047
116,22.749,411.269,537.649
117,22.747,412.501,538.246
118,22.745,413.730,538.837
119,22.743,414.954,539.422
120,22.741,416.172,540.004
121,22.739,417.385,540.579
122,22.737,418.595,541.149
123,22.734,419.798,541.715
124,22.732,420.996,542.276
125,22.730,422.190,542.833
126,22.727,423.378,543.384
127,22.725,424.561,543.932
128,22.722,425.739,544.474
129,22.719,426.912,545.012
130,22.717,428.079,545.547
131,22.714,429.241,546.076
132,22.711,430.399,546.601
133,22.708,431.551,547.123
134,22.705,432.697,547.640
135,22.702,433.838,548.153
136,22.699,434.974,548.663
137,22.696,436.106,549.168
138,22.692,437.230,549.669
139,22.689,438.351,550.168
140,22.686,439.465,550.663
141,22.682,440.574,551.153
142,22.679,441.678,551.640
143,22.675,442.777,552.125
144,22.672,443.869,552.604
145,22.668,444.957,553.080
146,22.664,446.039,553.554
147,22.660,447.115,554.024
148,22.656,448.186,554.490
149,22.652,449.252,554.954
150,22.648,450.312,555.414
151,22.644,451.366,555.872
152,22.640,452.415,556.326
153,22.635,453.457,556.777
154,22.631,454.496,557.224
155,22.626,455.527,557.670
156,22.622,456.554,558.112
157,22.617,457.574,558.551
158,22.612,458.589,558.987
159,22.607,459.598,559.421
160,22.602,460.601,559.851
161,22.597,461.599,560.278
162,22.592,462.591,560.703
163,22.587,463.577,561.126
164,22.582,464.556,561.544
165,22.576,465.531,561.962
166,22.571,466.499,562.377
167,22.565,467.461,562.788
168,22.560,468.418,563.196
169,22.554,469.368,563.603
170,22.548,470.312,564.007
171,22.542,471.251,564.409
172,22.536,472.183,564.808
173,22.530,473.110,565.204
174,22.523,474.030,565.598
175,22.517,474.943,565.990
176,22.510,475.851,566.379
177,22.504,476.753,566.766
178,22.497,477.648,567.151
179,22.490,478.537,567.532
180,22.483,479.421,567.911
181,22.476,480.297,568.289
182,22.469,481.168,568.664
183,22.462,482.032,569.037
184,22.454,482.889,569.407
185,22.447,483.741,569.776
186,22.439,484.586,570.141
187,22.431,485.425,570.505
188,22.424,486.256,570.866
189,22.416,487.083,571.226
190,22.407,487.902,571.582
191,22.399,488.715,571.938
192,22.391,489.522,572.291
193,22.382,490.323,572.642
194,22.374,491.116,572.990
195,22.365,491.904,573.337
196,22.356,492.685,573.680
197,22.347,493.460,574.023
198,22.338,494.228,574.364
199,22.329,494.991,574.702
200,22.319,495.746,575.038
201,22.310,496.496,575.373
202,22.300,497.239,575.705
203,22.291,497.976,576.036
204,22.281,498.707,576.364
205,22.271,499.432,576.691
206,22.261,500.151,577.015
207,22.250,500.863,577.337
208,22.240,501.570,577.658
209,22.229,502.272,577.977
210,22.219,502.966,578.294
211,22.208,503.655,578.610
212,22.197,504.339,578.923
213,22.186,505.017,579.235
214,22.175,505.689,579.545
215,22.164,506.356,579.853
216,22.152,507.017,580.159
217,22.141,507.672,580.463
218,22.129,508.322,580.766
219,22.117,508.969,581.067
220,22.105,509.608,581.367
221,22.093,510.244,581.665
222,22.081,510.874,581.961
223,22.069,511.500,582.255
224,22.056,512.120,582.549
225,22.044,512.737,582.840
226,22.031,513.349,583.130
227,22.018,513.956,583.418
228,22.005,514.559,583.704
229,21.992,515.158,583.989
230,21.979,515.752,584.272
231,21.966,516.344,584.554
232,21.953,516.930,584.834
233,21.939,517.513,585.113
234,21.925,518.092,585.392
235,21.912,518.668,585.668
236,21.898,519.240,585.943
237,21.884,519.809,586.216
238,21.870,520.375,586.489
239,21.856,520.937,586.760
240,21.841,521.497,587.029
241,21.827,522.052,587.297
242,21.812,522.606,587.564
243,21.798,523.156,587.830
244,21.783,523.704,588.095
245,21.768,524.250,588.357
246,21.753,524.793,588.620
247,21.738,525.333,588.880
248,21.723,525.870,589.140
249,21.707,526.406,589.398
250,21.692,526.939,589.656
251,21.676,527.471,589.912
252,21.661,528.000,590.167
253,21.645,528.526,590.421
254,21.629,529.051,590.674
255,21.613,529.575,590.926
256,21.597,530.097,591.177
257,21.581,530.616,591.427
258,21.564,531.134,591.675
259,21.548,531.651,591.924
260,21.531,532.166,592.170
261,21.515,532.679,592.417
262,21.498,533.191,592.662
263,21.481,533.700,592.906
264,21.464,534.210,593.150
265,21.447,534.717,593.393
266,21.430,535.224,593.634
267,21.412,535.729,593.875
268,21.395,536.233,594.115
269,21.377,536.736,594.355
270,21.360,537.237,594.594
271,21.342,537.737,594.831
272,21.324,538.236,595.068
273,21.306,538.735,595.305
274,21.288,539.231,595.540
275,21.269,539.728,595.775
276,21.251,540.223,596.008
277,21.233,540.716,596.242
278,21.214,541.209,596.475
279,21.195,541.701,596.707
280,21.176,542.192,596.939
281,21.157,542.682,597.170
282,21.138,543.171,597.399
283,21.119,543.659,597.629
284,21.100,544.146,597.857
285,21.080,544.632,598.086
286,21.061,545.118,598.314
287,21.041,545.602,598.541
288,21.021,546.085,598.766
289,21.001,546.567,598.993
290,20.981,547.049,599.219
291,20.961,547.530,599.443
292,20.940,548.010,599.667
293,20.920,548.488,599.890
294,20.899,548.966,600.113
295,20.878,549.443,600.336
296,20.857,549.919,600.558
297,20.836,550.393,600.779
298,20.815,550.867,600.999
299,20.793,551.340,601.220
300,20.772,551.812,601.440
301,20.750,552.283,601.658
302,20.728,552.753,601.877
303,20.706,553.222,602.095
304,20.684,553.691,602.312
305,20.662,554.158,602.529
306,20.639,554.624,602.745
307,20.617,555.089,602.961
308,20.594,555.553,603.176
309,20.571,556.016,603.392
310,20.548,556.478,603.606
311,20.525,556.939,603.818
312,20.501,557.399,604.031
313,20.478,557.857,604.245
314,20.454,558.316,604.456
315,20.430,558.772,604.667
316,20.406,559.227,604.878
317,20.382,559.681,605.088
318,20.357,560.135,605.298
319,20.333,560.587,605.508
320,20.308,561.037,605.716
321,20.283,561.487,605.923
322,20.258,561.936,606.130
323,20.233,562.383,606.337
324,20.207,562.829,606.544
325,20.182,563.274,606.750
326,20.156,563.718,606.954
327,20.130,564.160,607.158
328,20.104,564.601,607.362
329,20.077,565.041,607.566
330,20.051,565.479,607.768
331,20.024,565.917,607.970
332,19.997,566.352,608.170
333,19.970,566.787,608.371
334,19.943,567.221,608.571
335,19.915,567.652,608.770
336,19.887,568.082,608.969
337,19.860,568.511,609.166
338,19.832,568.940,609.363
339,19.803,569.366,609.560
340,19.775,569.791,609.756
341,19.746,570.214,609.951
342,19.717,570.636,610.145
343,19.688,571.057,610.339
344,19.659,571.475,610.531
345,19.630,571.892,610.723
346,19.600,572.309,610.915
347,19.571,572.724,611.105
348,19.541,573.137,611.295
349,19.510,573.548,611.484
350,19.480,573.958,611.672
351,19.450,574.366,611.860
352,19.419,574.773,612.046
353,19.388,575.178,612.233
354,19.357,575.581,612.417
355,19.326,575.983,612.602
356,19.294,576.383,612.785
357,19.263,576.782,612.968
358,19.231,577.179,613.150
359,19.199,577.574,613.331
360,19.167,577.968,613.511
361,19.134,578.359,613.689
362,19.102,578.749,613.868
363,19.069,579.138,614.046
364,19.036,579.525,614.223
365,19.003,579.909,614.398
366,18.970,580.293,614.573
367,18.937,580.673,614.748
368,18.903,581.053,614.921
369,18.869,581.431,615.093
370,18.835,581.807,615.264
371,18.801,582.181,615.435
372,18.767,582.554,615.604
373,18.733,582.924,615.773
374,18.698,583.293,615.940
375,18.664,583.660,616.107
376,18.629,584.024,616.273
377,18.594,584.388,616.437
378,18.559,584.749,616.601
379,18.524,585.107,616.764
380,18.488,585.465,616.926
381,18.453,585.820,617.086
382,18.417,586.173,617.247
383,18.382,586.524,617.406
384,18.346,586.874,617.563
385,18.310,587.221,617.721
386,18.273,587.566,617.876
387,18.237,587.909,618.031
388,18.201,588.251,618.185
389,18.164,588.590,618.337
390,18.128,588.927,618.490
391,18.091,589.262,618.640
392,18.054,589.595,618.790
393,18.018,589.926,618.939
394,17.981,590.254,619.086
395,17.943,590.582,619.234
396,17.906,590.906,619.378
397,17.869,591.229,619.524
398,17.832,591.549,619.667
399,17.794,591.867,619.810
400,17.757,592.183,619.951
401,17.719,592.496,620.091
402,17.682,592.808,620.231
403,17.644,593.118,620.368
404,17.606,593.425,620.506
405,17.569,593.729,620.641
406,17.531,594.032,620.776
407,17.493,594.332,620.909
408,17.455,594.630,621.042
409,17.417,594.926,621.173
410,17.379,595.219,621.303
411,17.341,595.510,621.433
412,17.303,595.799,621.561
413,17.265,596.086,621.688
414,17.227,596.370,621.813
415,17.188,596.652,621.938
416,17.150,596.931,622.061
417,17.112,597.208,622.185
418,17.074,597.483,622.305
419,17.036,597.755,622.426
420,16.997,598.025,622.545
421,16.959,598.293,622.664
422,16.921,598.558,622.781
423,16.883,598.821,622.896
424,16.845,599.081,623.012
425,16.806,599.340,623.125
426,16.768,599.595,623.238
427,16.730,599.848,623.349
428,16.692,600.099,623.461
429,16.654,600.347,623.570
430,16.616,600.594,623.679
431,16.578,600.837,623.787
432,16.540,601.079,623.892
433,16.502,601.317,623.999
434,16.464,601.554,624.102
435,16.426,601.788,624.206
436,16.388,602.019,624.308
437,16.351,602.248,624.409
438,16.313,602.475,624.510
439,16.275,602.700,624.609
440,16.238,602.922,624.708
441,16.200,603.142,624.804
442,16.163,603.359,624.901
443,16.125,603.575,624.996
444,16.088,603.787,625.090
445,16.051,603.998,625.184
446,16.013,604.205,625.276
447,15.976,604.411,625.367
448,15.939,604.614,625.458
449,15.902,604.816,625.547
450,15.865,605.014,625.635
451,15.829,605.211,625.724
452,15.792,605.406,625.809
453,15.755,605.598,625.897
454,15.719,605.788,625.980
455,15.682,605.976,626.065
456,15.646,606.161,626.147
457,15.609,606.344,626.230
458,15.573,606.526,626.311
459,15.537,606.704,626.391
460,15.501,606.881,626.471
461,15.465,607.056,626.549
462,15.429,607.229,626.628
463,15.394,607.399,626.703
464,15.358,607.568,626.782
465,15.322,607.735,626.856
466,15.287,607.899,626.932
467,15.252,608.062,627.005
468,15.216,608.222,627.078
469,15.181,608.381,627.151
470,15.146,608.538,627.222
471,15.111,608.693,627.294
472,15.077,608.846,627.364
473,15.042,608.997,627.433
474,15.007,609.147,627.502
475,14.973,609.294,627.570
476,14.938,609.440,627.637
477,14.904,609.585,627.705
478,14.870,609.727,627.771
479,14.836,609.868,627.837
480,14.802,610.007,627.901
481,14.768,610.144,627.964
482,14.734,610.280,628.027
483,14.701,610.414,628.090
484,14.667,610.546,628.151
485,14.634,610.677,628.213
486,14.600,610.807,628.273
487,14.567,610.934,628.334
488,14.534,611.060,628.392
489,14.501,611.185,628.451
490,14.468,611.309,628.509
491,14.435,611.430,628.567
492,14.403,611.551,628.623
493,14.370,611.670,628.680
494,14.338,611.788,628.735
495,14.305,611.904,628.791
496,14.273,612.019,628.845
497,14.241,612.132,628.900
498,14.209,612.245,628.953
499,14.177,612.356,629.006
500,14.145,612.466,629.058
501,14.113,612.574,629.111
502,14.082,612.682,629.163
503,14.050,612.788,629.214
504,14.019,612.893,629.264
505,13.988,612.997,629.315
506,13.956,613.100,629.364
507,13.925,613.202,629.415
508,13.894,613.303,629.463
509,13.863,613.402,629.512
510,13.833,613.501,629.560
511,13.802,613.599,629.608
512,13.771,613.695,629.655
513,13.741,613.791,629.703
514,13.711,613.886,629.749
515,13.680,613.980,629.796
516,13.650,614.073,629.841
517,13.620,614.165,629.887
518,13.590,614.256,629.931
519,13.560,614.347,629.977
520,13.530,614.437,630.021
521,13.501,614.525,630.066
522,13.471,614.613,630.109
523,13.442,614.701,630.154
524,13.412,614.787,630.196
525,13.383,614.873,630.240
526,13.354,614.958,630.282
527,13.325,615.042,630.325
528,13.296,615.126,630.367
529,13.267,615.209,630.410
530,13.238,615.291,630.451
531,13.209,615.373,630.493
532,13.181,615.454,630.534
533,13.152,615.534,630.575
534,13.124,615.614,630.615
535,13.095,615.694,630.656
536,13.067,615.772,630.696
537,13.039,615.850,630.737
538,13.011,615.928,630.776
539,12.983,616.005,630.816
540,12.955,616.082,630.855
541,12.927,616.158,630.895
542,12.899,616.233,630.934
543,12.872,616.308,630.973
544,12.844,616.383,631.012
545,12.817,616.458,631.051
546,12.789,616.531,631.089
547,12.762,616.604,631.128
548,12.735,616.677,631.165
549,12.708,616.750,631.204
550,12.681,616.822,631.241
551,12.654,616.894,631.280
552,12.627,616.965,631.317
553,12.600,617.036,631.354
554,12.573,617.106,631.391
555,12.546,617.176,631.429
556,12.520,617.246,631.466
557,12.493,617.316,631.503
558,12.467,617.385,631.540
559,12.440,617.454,631.577
560,12.414,617.523,631.613
561,12.388,617.591,631.650
562,12.362,617.659,631.686
563,12.336,617.727,631.723
564,12.310,617.795,631.759
565,12.284,617.862,631.796
566,12.258,617.929,631.831
567,12.232,617.995,631.868
568,12.206,618.062,631.903
569,12.181,618.128,631.940
570,12.155,618.194,631.975
571,12.130,618.259,632.011
572,12.104,618.325,632.046
573,12.079,618.390,632.082
574,12.053,618.455,632.117
575,12.028,618.520,632.153
576,12.003,618.585,632.188
577,11.978,618.649,632.224
578,11.953,618.714,632.259
579,11.928,618.778,632.295
580,11.903,618.842,632.329
581,11.878,618.905,632.365
582,11.853,618.969,632.399
583,11.829,619.032,632.435
584,11.804,619.095,632.469
585,11.780,619.158,632.505
586,11.755,619.221,632.539
587,11.731,619.284,632.575
588,11.706,619.347,632.609
589,11.682,619.410,632.645
590,11.658,619.472,632.679
591,11.633,619.535,632.715
592,11.609,619.597,632.749
593,11.585,619.659,632.785
594,11.561,619.721,632.819
595,11.537,619.782,632.854
596,11.513,619.844,632.888
597,11.489,619.906,632.924
598,11.466,619.967,632.958
599,11.442,620.028,632.993
600,11.418,620.090,633.027
601,11.395,620.151,633.062
602,11.371,620.212,633.096
603,11.348,620.272,633.131
604,11.324,620.333,633.165
605,11.301,620.394,633.201
606,11.277,620.455,633.234
607,11.254,620.515,633.270
608,11.231,620.575,633.302
609,11.208,620.636,633.339
610,11.185,620.696,633.371
611,11.162,620.756,633.408
612,11.139,620.817,633.440
613,11.116,620.877,633.477
614,11.093,620.936,633.510
615,11.070,620.996,633.545
616,11.047,621.056,633.579
617,11.025,621.116,633.614
618,11.002,621.175,633.648
619,10.979,621.235,633.682
620,10.957,621.295,633.717
621,10.934,621.354,633.751
622,10.912,621.414,633.786
623,10.889,621.473,633.819
624,10.867,621.533,633.856
625,10.845,621.593,633.888
626,10.823,621.651,633.926
627,10.800,621.711,633.958
628,10.778,621.770,633.994
629,10.756,621.829,634.027
630,10.734,621.889,634.063
631,10.712,621.948,634.097
632,10.690,622.007,634.132
633,10.668,622.066,634.167
634,10.646,622.125,634.201
635,10.625,622.184,634.238
636,10.603,622.243,634.271
637,10.581,622.303,634.307
638,10.560,622.362,634.341
639,10.538,622.421,634.376
640,10.517,622.480,634.411
641,10.495,622.539,634.445
642,10.474,622.598,634.481
643,10.452,622.657,634.515
644,10.431,622.716,634.552
645,10.410,622.775,634.586
646,10.389,622.834,634.621
647,10.367,622.893,634.656
648,10.346,622.953,634.691
649,10.325,623.011,634.727
650,10.304,623.070,634.761
651,10.283,623.129,634.798
652,10.262,623.188,634.832
653,10.241,623.247,634.868
654,10.221,623.307,634.903
655,10.200,623.366,634.937
656,10.179,623.425,634.975
657,10.158,623.484,635.008
658,10.138,623.543,635.046
659,10.117,623.603,635.081
660,10.097,623.662,635.116
661,10.076,623.721,635.152
662,10.056,623.780,635.186
663,10.035,623.839,635.224
664,10.015,623.898,635.258
665,9.995,623.957,635.295
666,9.975,624.017,635.331
667,9.954,624.076,635.365
668,9.934,624.136,635.403
669,9.914,624.195,635.438
670,9.894,624.254,635.474
671,9.874,624.314,635.511
672,9.854,624.373,635.546
673,9.834,624.433,635.583
674,9.814,624.492,635.618
675,9.795,624.551,635.655
676,9.775,624.611,635.692
677,9.755,624.671,635.726
678,9.735,624.730,635.764
679,9.716,624.790,635.800
680,9.696,624.849,635.836
681,9.677,624.909,635.874
682,9.657,624.968,635.909
683,9.638,625.028,635.946
684,9.618,625.088,635.983
685,9.599,625.148,636.018
686,9.580,625.208,636.057
687,9.561,625.267,636.093
688,9.541,625.327,636.129
689,9.522,625.387,636.167
690,9.503,625.447,636.202
691,9.484,625.507,636.240
692,9.465,625.567,636.277
693,9.446,625.628,636.313
694,9.427,625.687,636.352
695,9.408,625.748,636.388
696,9.389,625.808,636.424
697,9.371,625.868,636.463
698,9.352,625.928,636.499
699,9.333,625.988,636.536
700,9.315,626.049,636.575
701,9.296,626.109,636.611
702,9.278,626.170,636.649
703,9.259,626.230,636.687
704,9.241,626.290,636.723
705,9.222,626.351,636.761
706,9.204,626.412,636.799
707,9.186,626.473,636.835
708,9.167,626.533,636.875
709,9.149,626.594,636.912
710,9.131,626.655,636.948
711,9.113,626.715,636.988
712,9.095,626.776,637.025
713,9.077,626.837,637.063
714,9.059,626.898,637.101
715,9.041,626.959,637.139
716,9.023,627.020,637.176
717,9.005,627.081,637.216
718,8.987,627.142,637.253
719,8.969,627.203,637.291
720,8.952,627.264,637.330
721,8.934,627.326,637.368
722,8.916,627.386,637.405
723,8.899,627.448,637.445
724,8.881,627.510,637.483
725,8.864,627.571,637.520
726,8.846,627.632,637.560
727,8.829,627.693,637.598
728,8.812,627.755,637.636
729,8.794,627.817,637.675
730,8.777,627.878,637.714
731,8.760,627.940,637.751
732,8.743,628.002,637.791
733,8.726,628.064,637.830
734,8.709,628.125,637.868
735,8.692,628.187,637.907
736,8.675,628.249,637.947
737,8.658,628.311,637.985
738,8.641,628.373,638.024
739,8.624,628.434,638.064
740,8.607,628.497,638.102
741,8.590,628.559,638.141
742,8.574,628.621,638.181
743,8.557,628.683,638.220
744,8.540,628.745,638.258
745,8.524,628.807,638.298
746,8.507,628.870,638.338
747,8.491,628.932,638.376
748,8.474,628.994,638.415
749,8.458,629.057,638.456
750,8.442,629.119,638.494
751,8.425,629.182,638.534
752,8.409,629.245,638.574
753,8.393,629.307,638.613
754,8.377,629.370,638.652
755,8.361,629.432,638.692
756,8.345,629.495,638.733
757,8.329,629.558,638.771
758,8.313,629.621,638.810
759,8.297,629.684,638.852
760,8.281,629.747,638.891
761,8.265,629.809,638.930
762,8.249,629.872,638.971
763,8.233,629.936,639.011
764,8.218,629.998,639.050
765,8.202,630.061,639.090
766,8.186,630.125,639.131
767,8.171,630.188,639.171
768,8.155,630.252,639.210
769,8.140,630.314,639.251
770,8.124,630.378,639.292
771,8.109,630.441,639.331
772,8.094,630.505,639.371
773,8.078,630.568,639.412
774,8.063,630.632,639.453
775,8.048,630.695,639.493
776,8.033,630.759,639.532
777,8.018,630.822,639.573
778,8.003,630.886,639.614
779,7.988,630.949,639.654
780,7.973,631.013,639.693
781,7.958,631.077,639.735
782,7.943,631.141,639.776
783,7.928,631.205,639.815
784,7.913,631.268,639.856
785,7.898,631.332,639.898
786,7.884,631.396,639.938
787,7.869,631.460,639.979
788,7.854,631.524,640.019
789,7.840,631.588,640.060
790,7.825,631.652,640.102
791,7.811,631.716,640.141
792,7.796,631.780,640.182
793,7.782,631.845,640.224
794,7.768,631.909,640.265
795,7.753,631.973,640.305
796,7.739,632.037,640.345
797,7.725,632.102,640.387
798,7.711,632.166,640.429
799,7.697,632.230,640.469
800,7.683,632.294,640.509
801,7.668,632.359,640.551
802,7.655,632.424,640.593
803,7.641,632.488,640.633
804,7.627,632.553,640.674
805,7.613,632.617,640.715
806,7.599,632.681,640.757
807,7.585,632.746,640.798
808,7.572,632.811,640.839
809,7.558,632.875,640.880
810,7.544,632.940,640.921
811,7.531,633.005,640.963
812,7.517,633.069,641.004
813,7.504,633.134,641.044
814,7.490,633.199,641.086
815,7.477,633.264,641.128
816,7.463,633.329,641.170
817,7.450,633.393,641.210
818,7.437,633.458,641.252
819,7.424,633.523,641.293
820,7.411,633.588,641.335
821,7.397,633.653,641.376
822,7.384,633.717,641.417
823,7.371,633.783,641.459
824,7.358,633.848,641.501
825,7.345,633.913,641.543
826,7.332,633.978,641.583
827,7.320,634.043,641.624
828,7.307,634.108,641.666
829,7.294,634.173,641.708
830,7.281,634.238,641.750
831,7.269,634.303,641.791
832,7.256,634.368,641.832
833,7.243,634.433,641.874
834,7.231,634.498,641.916
835,7.218,634.563,641.958
836,7.206,634.628,641.999
837,7.194,634.693,642.040
838,7.181,634.759,642.082
839,7.169,634.824,642.124
840,7.157,634.889,642.166
841,7.144,634.954,642.207
842,7.132,635.019,642.248
843,7.120,635.084,642.290
844,7.108,635.150,642.332
845,7.096,635.215,642.374
846,7.084,635.280,642.415
847,7.072,635.346,642.456
848,7.060,635.411,642.497
849,7.048,635.476,642.540
850,7.036,635.541,642.582
851,7.025,635.606,642.624
852,7.013,635.671,642.665
853,7.001,635.737,642.706
854,6.989,635.802,642.747
855,6.978,635.867,642.790
856,6.966,635.932,642.832
857,6.955,635.997,642.873
858,6.943,636.062,642.914
859,6.932,636.128,642.956
860,6.920,636.193,642.997
861,6.909,636.258,643.039
862,6.898,636.323,643.081
863,6.887,636.388,643.122
864,6.875,636.453,643.164
865,6.864,636.518,643.205
866,6.853,636.583,643.246
867,6.842,636.649,643.288
868,6.831,636.713,643.330
869,6.820,636.778,643.371
870,6.809,636.844,643.412
871,6.798,636.908,643.454
872,6.787,636.974,643.495
873,6.777,637.038,643.537
874,6.766,637.103,643.579
875,6.755,637.168,643.620
876,6.744,637.233,643.661
877,6.734,637.298,643.702
878,6.723,637.363,643.743
879,6.713,637.428,643.785
880,6.702,637.492,643.827
881,6.692,637.557,643.868
882,6.681,637.621,643.909
883,6.671,637.686,643.950
884,6.661,637.751,643.991
885,6.650,637.816,644.032
886,6.640,637.881,644.073
887,6.630,637.944,644.115
888,6.620,638.009,644.156
889,6.610,638.074,644.197
890,6.599,638.138,644.237
891,6.589,638.203,644.278
892,6.579,638.267,644.320
893,6.570,638.331,644.361
894,6.560,638.396,644.402
895,6.550,638.460,644.443
896,6.540,638.524,644.484
897,6.530,638.588,644.524
898,6.520,638.652,644.565
899,6.511,638.716,644.606
900,6.501,638.781,644.646
901,6.492,638.845,644.687
902,6.482,638.908,644.728
903,6.472,638.972,644.769
904,6.463,639.036,644.809
905,6.454,639.100,644.850
906,6.444,639.164,644.890
907,6.435,639.227,644.931
908,6.426,639.290,644.971
909,6.416,639.354,645.012
910,6.407,639.417,645.052
911,6.398,639.481,645.092
912,6.389,639.545,645.132
913,6.380,639.608,645.173
914,6.371,639.671,645.213
915,6.362,639.734,645.252
916,6.353,639.797,645.293
917,6.344,639.860,645.333
918,6.335,639.923,645.374
919,6.326,639.986,645.413
920,6.317,640.048,645.453
921,6.309,640.111,645.493
922,6.300,640.174,645.533
923,6.291,640.237,645.572
924,6.283,640.299,645.611
925,6.274,640.362,645.652
926,6.265,640.424,645.691
927,6.257,640.486,645.731
928,6.248,640.549,645.770
929,6.240,640.610,645.809
930,6.232,640.673,645.849
931,6.223,640.734,645.888
932,6.215,640.796,645.927
933,6.207,640.858,645.966
934,6.199,640.919,646.005
935,6.190,640.981,646.044
936,6.182,641.042,646.084
937,6.174,641.104,646.122
938,6.166,641.165,646.161
939,6.158,641.226,646.200
940,6.150,641.287,646.238
941,6.142,641.348,646.277
942,6.134,641.409,646.316
943,6.126,641.470,646.355
944,6.119,641.531,646.393
945,6.111,641.591,646.431
946,6.103,641.652,646.470
947,6.095,641.712,646.508
948,6.088,641.772,646.546
949,6.080,641.833,646.584
950,6.073,641.893,646.622
951,6.065,641.952,646.659
952,6.057,642.012,646.697
953,6.050,642.072,646.736
954,6.043,642.132,646.773
955,6.035,642.191,646.811
956,6.028,642.251,646.848
957,6.021,642.310,646.886
958,6.013,642.369,646.923
959,6.006,642.428,646.961
960,5.999,642.487,646.998
961,5.992,642.545,647.035
962,5.985,642.604,647.072
963,5.978,642.663,647.109
964,5.971,642.721,647.146
965,5.964,642.780,647.182
966,5.957,642.838,647.219
967,5.950,642.896,647.256
968,5.943,642.953,647.293
969,5.936,643.012,647.329
970,5.929,643.069,647.366
971,5.922,643.126,647.402
972,5.916,643.183,647.438
973,5.909,643.241,647.474
974,5.902,643.298,647.510
975,5.896,643.355,647.546
976,5.889,643.411,647.582
977,5.882,643.468,647.617
978,5.876,643.525,647.653
979,5.869,643.581,647.689
980,5.863,643.637,647.724
981,5.857,643.693,647.760
982,5.850,643.749,647.795
983,5.844,643.805,647.830
984,5.838,643.860,647.865
985,5.831,643.916,647.900
986,5.825,643.971,647.935
987,5.819,644.027,647.970
988,5.813,644.081,648.004
989,5.807,644.137,648.038
990,5.801,644.191,648.073
991,5.794,644.245,648.107
992,5.788,644.300,648.142
993,5.782,644.354,648.176
994,5.777,644.408,648.209
995,5.771,644.462,648.243
996,5.765,644.516,648.277
997,5.759,644.569,648.311
998,5.753,644.622,648.345
999,5.747,644.676,648.378
1000,5.742,644.729,648.412
1001,5.736,644.782,648.445
1002,5.730,644.834,648.478
1003,5.725,644.887,648.511
1004,5.719,644.939,648.545
1005,5.713,644.991,648.577
1006,5.708,645.044,648.610
1007,5.702,645.095,648.643
1008,5.697,645.147,648.675
1009,5.691,645.199,648.707
1010,5.686,645.250,648.740
1011,5.681,645.302,648.772
1012,5.675,645.352,648.804
1013,5.670,645.403,648.836
1014,5.665,645.454,648.867
1015,5.659,645.504,648.900
1016,5.654,645.555,648.931
1017,5.649,645.604,648.963
1018,5.644,645.654,648.994
1019,5.639,645.704,649.025
1020,5.634,645.753,649.056
1021,5.628,645.803,649.088
1022,5.623,645.852,649.118
1023,5.618,645.901,649.149
1024,5.613,645.950,649.180
1025,5.609,645.998,649.210
1026,5.604,646.047,649.240
1027,5.599,646.095,649.271
1028,5.594,646.143,649.301
1029,5.589,646.191,649.331
1030,5.584,646.239,649.361
1031,5.580,646.286,649.390
1032,5.575,646.333,649.420
1033,5.570,646.380,649.450
1034,5.565,646.427,649.479
1035,5.561,646.474,649.509
1036,5.556,646.521,649.538
1037,5.552,646.567,649.567
1038,5.547,646.613,649.596
1039,5.542,646.658,649.624
1040,5.538,646.705,649.653
1041,5.533,646.750,649.682
1042,5.529,646.795,649.711
1043,5.525,646.840,649.739
1044,5.520,646.886,649.767
1045,5.516,646.930,649.795
1046,5.512,646.974,649.823
1047,5.507,647.019,649.851
1048,5.503,647.063,649.878
1049,5.499,647.107,649.906
1050,5.494,647.150,649.933
1051,5.490,647.195,649.961
1052,5.486,647.237,649.988
1053,5.482,647.280,650.014
1054,5.478,647.324,650.042
1055,5.474,647.367,650.068
1056,5.470,647.409,650.095
1057,5.466,647.451,650.121
1058,5.462,647.493,650.147
1059,5.458,647.535,650.174
1060,5.454,647.577,650.200
1061,5.450,647.619,650.226
1062,5.446,647.660,650.252
1063,5.442,647.700,650.278
1064,5.438,647.742,650.304
1065,5.434,647.782,650.328
1066,5.430,647.823,650.354
1067,5.427,647.863,650.379
1068,5.423,647.903,650.405
1069,5.419,647.943,650.429
1070,5.415,647.982,650.454
1071,5.412,648.022,650.479
1072,5.408,648.062,650.503
1073,5.404,648.100,650.528
1074,5.401,648.139,650.553
1075,5.397,648.178,650.577
1076,5.394,648.216,650.600
1077,5.390,648.254,650.625
1078,5.387,648.293,650.649
1079,5.383,648.330,650.672
1080,5.380,648.368,650.696
1081,5.376,648.405,650.719
1082,5.373,648.442,650.742
1083,5.369,648.479,650.766
1084,5.366,648.516,650.789
1085,5.362,648.553,650.812
1086,5.359,648.589,650.834
1087,5.356,648.625,650.857
1088,5.352,648.661,650.879
1089,5.349,648.697,650.902
1090,5.346,648.732,650.924
1091,5.343,648.768,650.946
1092,5.339,648.803,650.968
1093,5.336,648.838,650.990
1094,5.333,648.873,651.012
1095,5.330,648.908,651.034
1096,5.327,648.942,651.055
1097,5.324,648.976,651.077
1098,5.321,649.010,651.098
1099,5.318,649.044,651.119
1100,5.314,649.077,651.140
1101,5.311,649.110,651.161
1102,5.308,649.143,651.181
1103,5.305,649.176,651.202
1104,5.302,649.209,651.222
1105,5.299,649.242,651.243
1106,5.297,649.275,651.263
1107,5.294,649.307,651.283
1108,5.291,649.338,651.303
1109,5.288,649.370,651.323
1110,5.285,649.401,651.343
1111,5.282,649.433,651.363
1112,5.279,649.465,651.382
1113,5.276,649.495,651.401
1114,5.274,649.526,651.421
1115,5.271,649.556,651.439
1116,5.268,649.587,651.459
1117,5.265,649.617,651.478
1118,5.263,649.647,651.496
1119,5.260,649.677,651.515
1120,5.257,649.707,651.534
1121,5.255,649.736,651.552
1122,5.252,649.765,651.570
1123,5.249,649.795,651.589
1124,5.247,649.824,651.607
1125,5.244,649.853,651.625
1126,5.242,649.881,651.642
1127,5.239,649.909,651.661
1128,5.236,649.937,651.678
1129,5.234,649.965,651.695
1130,5.231,649.993,651.713
1131,5.229,650.020,651.730
1132,5.226,650.048,651.747
1133,5.224,650.075,651.764
1134,5.221,650.103,651.781
1135,5.219,650.129,651.798
1136,5.217,650.156,651.815
1137,5.214,650.182,651.831
1138,5.212,650.209,651.848
1139,5.209,650.235,651.864
1140,5.207,650.261,651.880
1141,5.205,650.287,651.897
1142,5.202,650.312,651.913
1143,5.200,650.338,651.928
1144,5.198,650.363,651.945
1145,5.195,650.388,651.960
1146,5.193,650.413,651.976
1147,5.191,650.438,651.992
1148,5.189,650.462,652.007
1149,5.186,650.487,652.022
1150,5.184,650.511,652.037
1151,5.182,650.535,652.053
1152,5.180,650.559,652.067
1153,5.178,650.582,652.083
1154,5.175,650.606,652.097
1155,5.173,650.630,652.112
1156,5.171,650.653,652.127
1157,5.169,650.676,652.141
1158,5.167,650.699,652.155
1159,5.165,650.722,652.170
1160,5.163,650.744,652.183
1161,5.161,650.766,652.197
1162,5.159,650.789,652.212
1163,5.157,650.811,652.225
1164,5.155,650.833,652.239
1165,5.152,650.855,652.253
1166,5.150,650.876,652.266
1167,5.148,650.898,652.280
1168,5.147,650.920,652.293
1169,5.145,650.940,652.307
1170,5.143,650.962,652.319
1171,5.141,650.983,652.332
1172,5.139,651.003,652.346
1173,5.137,651.024,652.358
1174,5.135,651.045,652.371
1175,5.133,651.065,652.384
1176,5.131,651.085,652.397
1177,5.129,651.105,652.409
1178,5.127,651.125,652.422
1179,5.125,651.145,652.434
1180,5.124,651.164,652.446
1181,5.122,651.183,652.459
1182,5.120,651.203,652.470
1183,5.118,651.222,652.483
1184,5.116,651.240,652.494
1185,5.114,651.259,652.507
1186,5.113,651.278,652.518
1187,5.111,651.297,652.529
1188,5.109,651.315,652.541
1189,5.107,651.333,652.552
1190,5.106,651.352,652.564
1191,5.104,651.370,652.575
1192,5.102,651.388,652.587
1193,5.100,651.405,652.597
1194,5.099,651.423,652.608
1195,5.097,651.441,652.620
1196,5.095,651.458,652.630
1197,5.094,651.475,652.641
1198,5.092,651.492,652.652
1199,5.090,651.509,652.663
1200,5.089,651.526,652.674
1201,5.087,651.543,652.684
1202,5.085,651.559,652.695
1203,5.084,651.576,652.705
1204,5.082,651.593,652.715
1205,5.081,651.608,652.726
1206,5.079,651.624,652.736
1207,5.077,651.641,652.745
1208,5.076,651.656,652.756
1209,5.074,651.672,652.765
1210,5.073,651.688,652.775
1211,5.071,651.704,652.785
1212,5.070,651.719,652.794
1213,5.068,651.734,652.804
1214,5.067,651.750,652.813
1215,5.065,651.764,652.823
1216,5.064,651.779,652.832
1217,5.062,651.794,652.842
1218,5.061,651.809,652.851
1219,5.059,651.823,652.860
1220,5.058,651.838,652.869
1221,5.056,651.852,652.878
1222,5.055,651.867,652.887
1223,5.053,651.880,652.896
1224,5.052,651.895,652.905
1225,5.050,651.909,652.914
1226,5.049,651.923,652.922
1227,5.048,651.936,652.932
1228,5.046,651.950,652.940
1229,5.045,651.964,652.948
1230,5.043,651.977,652.957
1231,5.042,651.990,652.965
1232,5.041,652.004,652.973
1233,5.039,652.016,652.982
1234,5.038,652.030,652.989
1235,5.036,652.043,652.998
1236,5.035,652.056,653.006
1237,5.034,652.068,653.014
1238,5.032,652.081,653.022
1239,5.031,652.094,653.030
1240,5.030,652.106,653.038
1241,5.028,652.118,653.045
1242,5.027,652.131,653.054
1243,5.026,652.143,653.061
1244,5.024,652.155,653.069
1245,5.023,652.167,653.076
1246,5.022,652.179,653.083
1247,5.021,652.191,653.091
1248,5.019,652.202,653.098
1249,5.018,652.214,653.106
1250,5.017,652.226,653.113
1251,5.016,652.237,653.121
1252,5.014,652.248,653.127
1253,5.013,652.260,653.135
1254,5.012,652.271,653.142
1255,5.011,652.282,653.149
1256,5.009,652.293,653.156
1257,5.008,652.305,653.163
1258,5.007,652.315,653.170
1259,5.006,652.326,653.176
1260,5.004,652.337,653.183
1261,5.003,652.347,653.190
1262,5.002,652.358,653.196
1263,5.001,652.369,653.202
1264,5.000,652.378,653.210
1265,4.998,652.389,653.216
1266,4.997,652.400,653.222
1267,4.996,652.409,653.229
1268,4.995,652.420,653.235
1269,4.994,652.430,653.242
1270,4.993,652.440,653.248
1271,4.992,652.449,653.254
1272,4.990,652.459,653.261
1273,4.989,652.469,653.266
1274,4.988,652.478,653.273
1275,4.987,652.488,653.279
1276,4.986,652.498,653.285
1277,4.985,652.508,653.290
1278,4.984,652.516,653.297
1279,4.983,652.526,653.302
1280,4.981,652.536,653.309
1281,4.980,652.544,653.314
1282,4.979,652.554,653.320
1283,4.978,652.563,653.326
1284,4.977,652.572,653.331
1285,4.976,652.581,653.337
1286,4.975,652.589,653.343
1287,4.974,652.598,653.348
1288,4.973,652.607,653.354
1289,4.972,652.616,653.359
1290,4.971,652.625,653.364
1291,4.970,652.633,653.370
1292,4.969,652.641,653.375
1293,4.968,652.650,653.381
1294,4.967,652.658,653.386
1295,4.966,652.666,653.391
1296,4.965,652.675,653.397
1297,4.963,652.683,653.401
1298,4.962,652.691,653.407
1299,4.961,652.699,653.412
1300,4.960,652.707,653.417
1301,4.959,652.715,653.422
1302,4.958,652.723,653.427
1303,4.957,652.731,653.432
1304,4.956,652.739,653.437
1305,4.955,652.746,653.441
1306,4.954,652.754,653.447
1307,4.954,652.762,653.451
1308,4.953,652.769,653.456
1309,4.952,652.777,653.461
1310,4.951,652.785,653.466
1311,4.950,652.791,653.470
1312,4.949,652.799,653.475
1313,4.948,652.806,653.480
1314,4.947,652.814,653.484
1315,4.946,652.821,653.489
1316,4.945,652.828,653.493
1317,4.944,652.835,653.497
1318,4.943,652.842,653.502
1319,4.942,652.849,653.507
1320,4.941,652.856,653.511
1321,4.940,652.863,653.516
1322,4.939,652.870,653.520
1323,4.938,652.877,653.524
1324,4.937,652.884,653.529
1325,4.937,652.891,653.533
1326,4.936,652.897,653.537
1327,4.935,652.904,653.541
1328,4.934,652.910,653.545
1329,4.933,652.917,653.549
1330,4.932,652.923,653.554
1331,4.931,652.930,653.558
1332,4.930,652.936,653.562
1333,4.929,652.943,653.566
1334,4.928,652.949,653.570
1335,4.928,652.956,653.574
1336,4.927,652.961,653.578
1337,4.926,652.968,653.582
1338,4.925,652.975,653.586
1339,4.924,652.980,653.589
1340,4.923,652.987,653.593
1341,4.922,652.992,653.597
1342,4.921,652.999,653.601
1343,4.921,653.004,653.605
1344,4.920,653.010,653.609
1345,4.919,653.016,653.613
1346,4.918,653.022,653.616
1347,4.917,653.028,653.620
1348,4.916,653.033,653.624
1349,4.916,653.040,653.627
1350,4.915,653.045,653.630
1351,4.914,653.051,653.635
1352,4.913,653.056,653.638
1353,4.912,653.062,653.642
1354,4.911,653.068,653.646
1355,4.911,653.073,653.649
1356,4.910,653.079,653.652
1357,4.909,653.084,653.655
1358,4.908,653.090,653.659
1359,4.907,653.095,653.663
1360,4.907,653.100,653.666
1361,4.906,653.106,653.669
1362,4.905,653.111,653.673
1363,4.904,653.116,653.676
1364,4.903,653.122,653.680
1365,4.903,653.127,653.683
1366,4.902,653.132,653.686
1367,4.901,653.137,653.689
1368,4.900,653.142,653.693
1369,4.899,653.147,653.696
1370,4.899,653.152,653.699
1371,4.898,653.157,653.702
1372,4.897,653.162,653.705
1373,4.896,653.167,653.708
1374,4.896,653.172,653.712
1375,4.895,653.177,653.715
1376,4.894,653.182,653.718
1377,4.893,653.187,653.721
1378,4.893,653.191,653.724
1379,4.892,653.197,653.727
1380,4.891,653.201,653.730
1381,4.890,653.206,653.733
1382,4.890,653.210,653.736
1383,4.889,653.215,653.739
1384,4.888,653.220,653.742
1385,4.887,653.224,653.745
1386,4.887,653.229,653.748
1387,4.886,653.233,653.751
1388,4.885,653.238,653.754
1389,4.884,653.243,653.756
1390,4.884,653.247,653.759
1391,4.883,653.252,653.762
1392,4.882,653.256,653.765
1393,4.881,653.261,653.768
1394,4.881,653.265,653.771
1395,4.880,653.268,653.773
1396,4.879,653.273,653.776
1397,4.879,653.277,653.779
1398,4.878,653.282,653.781
1399,4.877,653.286,653.784
1400,4.876,653.291,653.787
1401,4.876,653.295,653.790
1402,4.875,653.299,653.793
1403,4.874,653.303,653.795
1404,4.874,653.307,653.798
1405,4.873,653.311,653.800
1406,4.872,653.315,653.803
1407,4.872,653.319,653.805
1408,4.871,653.323,653.808
1409,4.870,653.328,653.811
1410,4.869,653.331,653.813
1411,4.869,653.335,653.815
1412,4.868,653.339,653.818
1413,4.867,653.343,653.821
1414,4.867,653.347,653.823
1415,4.866,653.351,653.826
1416,4.865,653.355,653.828
1417,4.865,653.358,653.830
1418,4.864,653.363,653.833
1419,4.863,653.366,653.835
1420,4.863,653.370,653.838
1421,4.862,653.374,653.840
1422,4.861,653.377,653.843
1423,4.861,653.381,653.845
1424,4.860,653.385,653.847
1425,4.859,653.389,653.849
1426,4.859,653.392,653.852
1427,4.858,653.396,653.854
1428,4.857,653.400,653.857
1429,4.857,653.403,653.859
1430,4.856,653.407,653.861
1431,4.855,653.410,653.863
1432,4.855,653.414,653.866
1433,4.854,653.418,653.868
1434,4.853,653.421,653.870
1435,4.853,653.424,653.872
1436,4.852,653.428,653.874
1437,4.852,653.431,653.877
1438,4.851,653.435,653.879
1439,4.850,653.438,653.881
1440,4.850,653.441,653.883
1441,4.849,653.445,653.886
1442,4.848,653.449,653.888
1443,4.848,653.452,653.890
1444,4.847,653.455,653.892
1445,4.847,653.458,653.894
1446,4.846,653.462,653.897
1447,4.845,653.465,653.899
1448,4.845,653.468,653.900
1449,4.844,653.472,653.903
1450,4.843,653.475,653.905
1451,4.843,653.478,653.906
1452,4.842,653.481,653.909
1453,4.842,653.485,653.911
1454,4.841,653.488,653.913
1455,4.840,653.491,653.915
1456,4.840,653.494,653.917
1457,4.839,653.497,653.919
1458,4.839,653.500,653.921
1459,4.838,653.503,653.923
1460,4.837,653.506,653.925
1461,4.837,653.510,653.927
1462,4.836,653.513,653.929
1463,4.836,653.515,653.931
1464,4.835,653.518,653.933
1465,4.834,653.522,653.935
1466,4.834,653.525,653.936
1467,4.833,653.527,653.938
1468,4.833,653.530,653.940
1469,4.832,653.534,653.943
1470,4.831,653.537,653.945
1471,4.831,653.539,653.946
1472,4.830,653.542,653.948
1473,4.830,653.545,653.950
1474,4.829,653.548,653.951
1475,4.828,653.551,653.953
1476,4.828,653.554,653.955
1477,4.827,653.557,653.957
1478,4.827,653.560,653.959
1479,4.826,653.562,653.961
1480,4.826,653.565,653.962
1481,4.825,653.568,653.964
1482,4.824,653.571,653.966
1483,4.824,653.573,653.967
1484,4.823,653.576,653.969
1485,4.823,653.579,653.972
1486,4.822,653.582,653.973
1487,4.822,653.584,653.975
1488,4.821,653.587,653.977
1489,4.821,653.590,653.978
1490,4.820,653.592,653.980
1491,4.819,653.595,653.981
1492,4.819,653.597,653.983
1493,4.818,653.600,653.985
1494,4.818,653.603,653.987
1495,4.817,653.605,653.989
1496,4.817,653.608,653.990
1497,4.816,653.611,653.992
1498,4.816,653.613,653.993
1499,4.815,653.616,653.995
1500,4.814,653.619,653.997
1501,4.814,653.621,653.999
1502,4.813,653.624,654.000
1503,4.813,653.626,654.002
1504,4.812,653.629,654.003
1505,4.812,653.631,654.005
1506,4.811,653.634,654.006
1507,4.811,653.636,654.008
1508,4.810,653.639,654.010
1509,4.810,653.641,654.012
1510,4.809,653.643,654.013
1511,4.809,653.646,654.014
1512,4.808,653.649,654.016
1513,4.807,653.651,654.017
1514,4.807,653.653,654.019
1515,4.806,653.656,654.021
1516,4.806,653.658,654.023
1517,4.805,653.660,654.024
1518,4.805,653.663,654.025
1519,4.804,653.666,654.027
1520,4.804,653.668,654.028
1521,4.803,653.670,654.030
1522,4.803,653.672,654.031
1523,4.802,653.675,654.033
1524,4.802,653.677,654.035
1525,4.801,653.679,654.036
1526,4.801,653.682,654.037
1527,4.800,653.684,654.039
1528,4.800,653.686,654.040
1529,4.799,653.688,654.041
1530,4.799,653.691,654.044
1531,4.798,653.693,654.045
1532,4.798,653.695,654.046
1533,4.797,653.698,654.048
1534,4.797,653.700,654.049
1535,4.796,653.702,654.050
1536,4.796,653.704,654.051
1537,4.795,653.707,654.054
1538,4.795,653.709,654.055
1539,4.794,653.710,654.056
1540,4.794,653.712,654.057
1541,4.793,653.715,654.059
1542,4.793,653.717,654.060
1543,4.792,653.719,654.061
1544,4.792,653.722,654.063
1545,4.791,653.724,654.065
1546,4.791,653.726,654.066
1547,4.790,653.727,654.067
1548,4.790,653.730,654.068
1549,4.789,653.732,654.070
1550,4.789,653.734,654.071
1551,4.788,653.737,654.073
1552,4.788,653.738,654.074
1553,4.787,653.740,654.075
1554,4.787,653.742,654.076
1555,4.786,653.745,654.078
1556,4.786,653.746,654.079
1557,4.785,653.748,654.080
1558,4.785,653.751,654.082
1559,4.784,653.753,654.083
1560,4.784,653.754,654.084
1561,4.783,653.756,654.086
1562,4.783,653.759,654.087
1563,4.782,653.761,654.088
1564,4.782,653.762,654.089
1565,4.781,653.765,654.091
1566,4.781,653.767,654.092
1567,4.780,653.768,654.093
1568,4.780,653.771,654.095
1569,4.779,653.773,654.096
1570,4.779,653.774,654.097
1571,4.779,653.776,654.098
1572,4.778,653.778,654.100
1573,4.778,653.780,654.101
1574,4.777,653.782,654.102
1575,4.777,653.784,654.103
1576,4.776,653.786,654.104
1577,4.776,653.788,654.105
1578,4.775,653.790,654.107
1579,4.775,653.792,654.108
1580,4.774,653.793,654.109
1581,4.774,653.795,654.110
1582,4.773,653.797,654.112
1583,4.773,653.799,654.113
1584,4.773,653.801,654.114
1585,4.772,653.803,654.116
1586,4.772,653.805,654.117
1587,4.771,653.806,654.118
1588,4.771,653.808,654.119
1589,4.770,653.810,654.120
1590,4.770,653.812,654.121
1591,4.769,653.813,654.122
1592,4.769,653.816,654.124
1593,4.768,653.817,654.125
1594,4.768,653.819,654.126
1595,4.768,653.821,654.127
1596,4.767,653.822,654.128
1597,4.767,653.824,654.129
1598,4.766,653.826,654.131
1599,4.766,653.828,654.132
1600,4.765,653.829,654.133
1601,4.765,653.831,654.134
1602,4.764,653.833,654.135
1603,4.764,653.835,654.136
1604,4.764,653.836,654.137
1605,4.763,653.838,654.138
1606,4.763,653.840,654.139
1607,4.762,653.841,654.140
1608,4.762,653.843,654.141
1609,4.761,653.845,654.142
1610,4.761,653.846,654.143
1611,4.760,653.849,654.145
1612,4.760,653.850,654.146
1613,4.760,653.851,654.147
1614,4.759,653.853,654.148
1615,4.759,653.855,654.149
1616,4.758,653.856,654.150
1617,4.758,653.858,654.151
1618,4.757,653.860,654.152
1619,4.757,653.861,654.153
1620,4.757,653.863,654.154
1621,4.756,653.865,654.155
1622,4.756,653.866,654.156
1623,4.755,653.868,654.157
1624,4.755,653.870,654.159
1625,4.754,653.871,654.160
1626,4.754,653.873,654.161
1627,4.754,653.875,654.162
1628,4.753,653.876,654.162
1629,4.753,653.877,654.163
1630,4.752,653.879,654.165
1631,4.752,653.881,654.166
1632,4.751,653.882,654.167
1633,4.751,653.883,654.168
1634,4.751,653.885,654.169
1635,4.750,653.887,654.169
1636,4.750,653.888,654.170
1637,4.749,653.890,654.172
1638,4.749,653.891,654.173
1639,4.749,653.893,654.174
1640,4.748,653.895,654.175
1641,4.748,653.896,654.175
1642,4.747,653.897,654.176
1643,4.747,653.899,654.178
1644,4.747,653.901,654.179
1645,4.746,653.902,654.180
1646,4.746,653.904,654.180
1647,4.745,653.905,654.181
1648,4.745,653.906,654.182
1649,4.744,653.908,654.184
1650,4.744,653.910,654.185
1651,4.744,653.911,654.185
1652,4.743,653.913,654.186
1653,4.743,653.914,654.187
1654,4.742,653.915,654.188
1655,4.742,653.917,654.189
1656,4.742,653.918,654.190
1657,4.741,653.920,654.191
1658,4.741,653.921,654.192
1659,4.740,653.923,654.193
1660,4.740,653.924,654.193
1661,4.740,653.926,654.195
1662,4.739,653.927,654.196
1663,4.739,653.928,654.197
1664,4.738,653.930,654.197
1665,4.738,653.931,654.198
1666,4.738,653.932,654.199
1667,4.737,653.934,654.200
1668,4.737,653.935,654.201
1669,4.736,653.937,654.202
1670,4.736,653.938,654.203
1671,4.736,653.940,654.204
1672,4.735,653.941,654.204
1673,4.735,653.943,654.206
1674,4.735,653.944,654.207
1675,4.734,653.945,654.207
1676,4.734,653.947,654.208
1677,4.733,653.948,654.209
1678,4.733,653.949,654.210
1679,4.733,653.951,654.211
1680,4.732,653.952,654.212
1681,4.732,653.953,654.213
1682,4.731,653.955,654.213
1683,4.731,653.956,654.214
1684,4.731,653.957,654.215
1685,4.730,653.959,654.216
1686,4.730,653.960,654.217
1687,4.730,653.961,654.218
1688,4.729,653.963,654.219
1689,4.729,653.964,654.219
1690,4.728,653.965,654.220
1691,4.728,653.967,654.221
1692,4.728,653.968,654.222
1693,4.727,653.969,654.223
1694,4.727,653.971,654.224
1695,4.727,653.972,654.224
1696,4.726,653.973,654.225
1697,4.726,653.974,654.226
1698,4.725,653.975,654.227
1699,4.725,653.977,654.228
1700,4.725,653.978,654.229
1701,4.724,653.979,654.229
1702,4.724,653.980,654.230
1703,4.724,653.982,654.231
1704,4.723,653.983,654.232
1705,4.723,653.984,654.233
1706,4.722,653.986,654.233
1707,4.722,653.987,654.234
1708,4.722,653.988,654.235
1709,4.721,653.989,654.236
1710,4.721,653.990,654.237
1711,4.721,653.992,654.238
1712,4.720,653.993,654.238
1713,4.720,653.994,654.239
1714,4.719,653.995,654.240
1715,4.719,653.997,654.241
1716,4.719,653.998,654.242
1717,4.718,653.999,654.242
1718,4.718,654.000,654.243
1719,4.718,654.001,654.244
1720,4.717,654.003,654.245
1721,4.717,654.004,654.246
1722,4.717,654.005,654.246
1723,4.716,654.006,654.247
1724,4.716,654.007,654.247
1725,4.715,654.008,654.248
1726,4.715,654.010,654.249
1727,4.715,654.011,654.250
1728,4.714,654.012,654.251
1729,4.714,654.013,654.251
1730,4.714,654.014,654.252
1731,4.713,654.015,654.253
1732,4.713,654.017,654.254
1733,4.713,654.018,654.255
1734,4.712,654.019,654.255
1735,4.712,654.020,654.256
1736,4.712,654.021,654.256
1737,4.711,654.023,654.258
1738,4.711,654.024,654.258
1739,4.711,654.025,654.259
1740,4.710,654.026,654.260
1741,4.710,654.027,654.260
1742,4.709,654.028,654.261
1743,4.709,654.030,654.262
1744,4.709,654.030,654.263
1745,4.708,654.031,654.263
1746,4.708,654.033,654.264
1747,4.708,654.034,654.265
1748,4.707,654.035,654.265
1749,4.707,654.036,654.266
1750,4.707,654.037,654.267
1751,4.706,654.038,654.268
1752,4.706,654.039,654.268
1753,4.706,654.040,654.269
1754,4.705,654.042,654.270
1755,4.705,654.043,654.271
1756,4.705,654.044,654.271
1757,4.704,654.045,654.272
1758,4.704,654.046,654.272
1759,4.704,654.047,654.273
1760,4.703,654.048,654.274
1761,4.703,654.049,654.275
1762,4.703,654.050,654.275
1763,4.702,654.051,654.276
1764,4.702,654.052,654.276
1765,4.702,654.054,654.278
1766,4.701,654.054,654.278
1767,4.701,654.055,654.279
1768,4.701,654.057,654.279
1769,4.700,654.058,654.280
1770,4.700,654.058,654.281
1771,4.700,654.060,654.282
1772,4.699,654.061,654.282
1773,4.699,654.062,654.283
1774,4.699,654.063,654.283
1775,4.698,654.064,654.284
1776,4.698,654.065,654.285
1777,4.698,654.066,654.286
1778,4.697,654.067,654.286
1779,4.697,654.068,654.287
1780,4.697,654.069,654.287
1781,4.696,654.070,654.288
1782,4.696,654.071,654.289
1783,4.696,654.072,654.290
1784,4.695,654.073,654.290
1785,4.695,654.074,654.291
1786,4.695,654.075,654.291
1787,4.694,654.076,654.292
1788,4.694,654.077,654.293
1789,4.694,654.078,654.293
1790,4.693,654.079,654.294
1791,4.693,654.080,654.294
1792,4.693,654.081,654.295
1793,4.692,654.082,654.296
1794,4.692,654.083,654.297
1795,4.692,654.084,654.297
1796,4.691,654.085,654.298
1797,4.691,654.086,654.298
1798,4.691,654.087,654.299
1799,4.690,654.088,654.300
1800,4.690,654.089,654.300
1801,4.690,654.090,654.301
1802,4.689,654.091,654.301
1803,4.689,654.092,654.302
1804,4.689,654.093,654.303
1805,4.688,654.093,654.304
1806,4.688,654.095,654.304
1807,4.688,654.095,654.305
1808,4.688,654.096,654.305
1809,4.687,654.097,654.306
1810,4.687,654.098,654.307
1811,4.687,654.099,654.307
1812,4.686,654.100,654.308
1813,4.686,654.101,654.308
1814,4.686,654.102,654.309
1815,4.685,654.103,654.310
1816,4.685,654.104,654.310
1817,4.685,654.105,654.311
1818,4.684,654.106,654.311
1819,4.684,654.107,654.312
1820,4.684,654.108,654.313
1821,4.683,654.108,654.313
1822,4.683,654.110,654.314
1823,4.683,654.110,654.314
1824,4.683,654.111,654.315
1825,4.682,654.112,654.316
1826,4.682,654.113,654.316
1827,4.682,654.114,654.317
1828,4.681,654.115,654.317
1829,4.681,654.116,654.318
1830,4.681,654.117,654.319
1831,4.680,654.117,654.319
1832,4.680,654.119,654.320
1833,4.680,654.119,654.320
1834,4.679,654.120,654.321
1835,4.679,654.121,654.322
1836,4.679,654.122,654.322
1837,4.679,654.123,654.322
1838,4.678,654.124,654.323
1839,4.678,654.125,654.323
1840,4.678,654.126,654.324
1841,4.677,654.126,654.325
1842,4.677,654.127,654.325
1843,4.677,654.128,654.326
1844,4.676,654.129,654.326
1845,4.676,654.130,654.327
1846,4.676,654.131,654.328
1847,4.676,654.131,654.328
1848,4.675,654.133,654.329
1849,4.675,654.133,654.329
1850,4.675,654.134,654.330
1851,4.674,654.135,654.331
1852,4.674,654.136,654.331
1853,4.674,654.137,654.331
1854,4.673,654.138,654.332
1855,4.673,654.139,654.333
1856,4.673,654.139,654.333
1857,4.673,654.140,654.334
1858,4.672,654.141,654.334
1859,4.672,654.142,654.335
1860,4.672,654.142,654.335
1861,4.671,654.143,654.336
1862,4.671,654.144,654.336
1863,4.671,654.145,654.337
1864,4.670,654.146,654.337
1865,4.670,654.147,654.338
1866,4.670,654.148,654.339
1867,4.670,654.148,654.339
1868,4.669,654.149,654.340
1869,4.669,654.150,654.340
1870,4.669,654.151,654.340
1871,4.668,654.152,654.341
1872,4.668,654.152,654.342
1873,4.668,654.153,654.342
1874,4.668,654.154,654.343
1875,4.667,654.155,654.343
1876,4.667,654.156,654.344
1877,4.667,654.156,654.344
1878,4.666,654.157,654.345
1879,4.666,654.158,654.345
1880,4.666,654.159,654.346
1881,4.666,654.160,654.347
1882,4.665,654.160,654.347
1883,4.665,654.161,654.347
1884,4.665,654.162,654.348
1885,4.664,654.163,654.348
1886,4.664,654.164,654.349
1887,4.664,654.164,654.349
1888,4.664,654.165,654.350
1889,4.663,654.166,654.350
1890,4.663,654.167,654.351
1891,4.663,654.168,654.352
1892,4.662,654.168,654.352
1893,4.662,654.169,654.352
1894,4.662,654.170,654.353
1895,4.662,654.170,654.353
1896,4.661,654.171,654.354
1897,4.661,654.172,654.354
1898,4.661,654.173,654.355
1899,4.660,654.174,654.355
1900,4.660,654.174,654.356
1901,4.660,654.175,654.357
1902,4.660,654.176,654.357
1903,4.659,654.177,654.357
1904,4.659,654.177,654.358
1905,4.659,654.178,654.358
1906,4.659,654.179,654.359
1907,4.658,654.180,654.359
1908,4.658,654.180,654.360
1909,4.658,654.181,654.360
1910,4.657,654.182,654.361
1911,4.657,654.183,654.361
1912,4.657,654.183,654.362
1913,4.657,654.184,654.362
1914,4.656,654.185,654.363
1915,4.656,654.185,654.363
1916,4.656,654.186,654.364
1917,4.656,654.187,654.364
1918,4.655,654.188,654.364
1919,4.655,654.188,654.365
1920,4.655,654.189,654.365
1921,4.654,654.190,654.366
1922,4.654,654.190,654.366
1923,4.654,654.191,654.367
1924,4.654,654.192,654.367
1925,4.653,654.193,654.368
1926,4.653,654.193,654.368
1927,4.653,654.194,654.369
1928,4.653,654.195,654.369
1929,4.652,654.196,654.370
1930,4.652,654.196,654.370
1931,4.652,654.197,654.371
1932,4.651,654.198,654.371
1933,4.651,654.198,654.371
1934,4.651,654.199,654.372
1935,4.651,654.200,654.373
1936,4.650,654.200,654.373
1937,4.650,654.201,654.373
1938,4.650,654.202,654.374
1939,4.650,654.202,654.374
1940,4.649,654.203,654.375
1941,4.649,654.204,654.375
1942,4.649,654.205,654.376
1943,4.649,654.205,654.376
1944,4.648,654.206,654.376
1945,4.648,654.207,654.377
1946,4.648,654.207,654.377
1947,4.647,654.208,654.378
1948,4.647,654.209,654.378
1949,4.647,654.209,654.378
1950,4.647,654.210,654.379
1951,4.646,654.211,654.380
1952,4.646,654.212,654.380
1953,4.646,654.212,654.380
1954,4.646,654.213,654.381
1955,4.645,654.213,654.381
1956,4.645,654.214,654.382
1957,4.645,654.215,654.382
1958,4.645,654.215,654.382
1959,4.644,654.216,654.383
1960,4.644,654.217,654.384
1961,4.644,654.217,654.384
1962,4.644,654.218,654.384
1963,4.643,654.219,654.385
1964,4.643,654.219,654.385
1965,4.643,654.220,654.386
1966,4.643,654.221,654.386
1967,4.642,654.221,654.386
1968,4.642,654.222,654.387
1969,4.642,654.223,654.387
1970,4.642,654.223,654.388
1971,4.641,654.224,654.388
1972,4.641,654.225,654.388
1973,4.641,654.225,654.389
1974,4.641,654.226,654.389
1975,4.640,654.226,654.390
1976,4.640,654.227,654.390
1977,4.640,654.228,654.390
1978,4.639,654.229,654.391
1979,4.639,654.229,654.392
1980,4.639,654.230,654.392
1981,4.639,654.230,654.392
1982,4.638,654.231,654.392
1983,4.638,654.232,654.393
1984,4.638,654.232,654.394
1985,4.638,654.233,654.394
1986,4.637,654.233,654.394
1987,4.637,654.234,654.395
1988,4.637,654.235,654.395
1989,4.637,654.235,654.396
1990,4.636,654.236,654.396
1991,4.636,654.236,654.396
1992,4.636,654.237,654.397
1993,4.636,654.238,654.397
1994,4.635,654.238,654.398
1995,4.635,654.239,654.398
1996,4.635,654.240,654.398
1997,4.635,654.240,654.399
1998,4.635,654.241,654.399
1999,4.634,654.242,654.399
2000,4.634,654.242,654.400
2001,4.634,654.243,654.400
2002,4.634,654.243,654.401
2003,4.633,654.244,654.401
2004,4.633,654.245,654.401
2005,4.633,654.245,654.402
2006,4.633,654.246,654.402
2007,4.632,654.246,654.403
2008,4.632,654.247,654.403
2009,4.632,654.247,654.403
2010,4.632,654.248,654.404
2011,4.631,654.249,654.404
2012,4.631,654.249,654.405
2013,4.631,654.250,654.405
2014,4.631,654.250,654.405
2015,4.630,654.251,654.406
2016,4.630,654.252,654.406
2017,4.630,654.252,654.407
2018,4.630,654.253,654.407
2019,4.629,654.253,654.407
2020,4.629,654.254,654.408
2021,4.629,654.254,654.408
2022,4.629,654.255,654.408
2023,4.628,654.256,654.409
2024,4.628,654.256,654.409
2025,4.628,654.257,654.410
2026,4.628,654.257,654.410
2027,4.627,654.258,654.410
2028,4.627,654.258,654.410
2029,4.627,654.259,654.411
2030,4.627,654.260,654.411
2031,4.627,654.260,654.412
2032,4.626,654.261,654.412
2033,4.626,654.261,654.412
2034,4.626,654.262,654.413
2035,4.626,654.262,654.413
2036,4.625,654.263,654.413
2037,4.625,654.264,654.414
2038,4.625,654.264,654.414
2039,4.625,654.265,654.415
2040,4.624,654.265,654.415
2041,4.624,654.266,654.415
2042,4.624,654.266,654.416
2043,4.624,654.267,654.416
2044,4.623,654.267,654.417
2045,4.623,654.268,654.417
2046,4.623,654.269,654.417
2047,4.623,654.269,654.417
2048,4.623,654.270,654.418
2049,4.622,654.270,654.418
2050,4.622,654.271,654.418
2051,4.622,654.271,654.419
2052,4.622,654.272,654.419
2053,4.621,654.272,654.420
2054,4.621,654.273,654.420
2055,4.621,654.273,654.420
2056,4.621,654.274,654.420
2057,4.620,654.275,654.421
2058,4.620,654.275,654.421
2059,4.620,654.276,654.422
2060,4.620,654.276,654.422
2061,4.620,654.277,654.423
2062,4.619,654.277,654.423
2063,4.619,654.278,654.423
2064,4.619,654.278,654.423
2065,4.619,654.279,654.424
2066,4.618,654.279,654.424
2067,4.618,654.280,654.425
2068,4.618,654.280,654.425
2069,4.618,654.281,654.425
2070,4.617,654.281,654.426
2071,4.617,654.282,654.426
2072,4.617,654.282,654.426
2073,4.617,654.283,654.426
2074,4.617,654.283,654.427
2075,4.616,654.284,654.427
2076,4.616,654.284,654.428
2077,4.616,654.285,654.428
2078,4.616,654.285,654.428
2079,4.615,654.286,654.429
2080,4.615,654.287,654.429
2081,4.615,654.287,654.429
2082,4.615,654.288,654.429
2083,4.615,654.288,654.430
2084,4.614,654.289,654.430
2085,4.614,654.289,654.431
2086,4.614,654.290,654.431
2087,4.614,654.290,654.431
2088,4.613,654.291,654.432
2089,4.613,654.291,654.432
2090,4.613,654.291,654.432
2091,4.613,654.292,654.432
2092,4.613,654.293,654.433
2093,4.612,654.293,654.433
2094,4.612,654.294,654.433
2095,4.612,654.294,654.434
2096,4.612,654.295,654.434
2097,4.611,654.295,654.435
2098,4.611,654.296,654.435
2099,4.611,654.296,654.435
2100,4.611,654.297,654.435
2101,4.611,654.297,654.436
2102,4.610,654.298,654.436
2103,4.610,654.298,654.436
2104,4.610,654.299,654.437
2105,4.610,654.299,654.437
2106,4.609,654.300,654.437
2107,4.609,654.300,654.438
2108,4.609,654.301,654.438
2109,4.609,654.301,654.438
2110,4.609,654.301,654.438
2111,4.608,654.302,654.439
2112,4.608,654.302,654.439
2113,4.608,654.303,654.439
2114,4.608,654.303,654.440
2115,4.608,654.304,654.440
2116,4.607,654.304,654.440
2117,4.607,654.305,654.441
2118,4.607,654.305,654.441
2119,4.607,654.306,654.441
2120,4.606,654.306,654.442
2121,4.606,654.307,654.442
2122,4.606,654.307,654.442
2123,4.606,654.308,654.442
2124,4.606,654.308,654.443
2125,4.605,654.308,654.443
2126,4.605,654.309,654.443
2127,4.605,654.309,654.444
2128,4.605,654.310,654.444
2129,4.605,654.310,654.444
2130,4.604,654.311,654.445
2131,4.604,654.311,654.445
2132,4.604,654.312,654.445
2133,4.604,654.312,654.446
2134,4.603,654.313,654.446
2135,4.603,654.313,654.446
2136,4.603,654.314,654.446
2137,4.603,654.314,654.447
2138,4.603,654.314,654.447
2139,4.602,654.315,654.447
2140,4.602,654.315,654.448
2141,4.602,654.316,654.448
2142,4.602,654.316,654.448
2143,4.602,654.317,654.448
2144,4.601,654.317,654.449
2145,4.601,654.318,654.449
2146,4.601,654.318,654.450
2147,4.601,654.319,654.450
2148,4.601,654.319,654.450
2149,4.600,654.319,654.450
2150,4.600,654.320,654.451
2151,4.600,654.320,654.451
2152,4.600,654.321,654.451
2153,4.599,654.321,654.451
2154,4.599,654.322,654.452
2155,4.599,654.322,654.452
2156,4.599,654.323,654.452
2157,4.599,654.323,654.453
2158,4.598,654.324,654.453
2159,4.598,654.324,654.453
2160,4.598,654.324,654.454
2161,4.598,654.325,654.454
2162,4.598,654.325,654.454
2163,4.597,654.326,654.454
2164,4.597,654.326,654.455
2165,4.597,654.327,654.455
2166,4.597,654.327,654.455
2167,4.597,654.327,654.456
2168,4.596,654.328,654.456
2169,4.596,654.328,654.456
2170,4.596,654.329,654.456
2171,4.596,654.329,654.457
2172,4.596,654.330,654.457
2173,4.595,654.330,654.457
2174,4.595,654.330,654.457
2175,4.595,654.331,654.458
2176,4.595,654.331,654.458
2177,4.595,654.332,654.458
2178,4.594,654.332,654.458
2179,4.594,654.332,654.459
2180,4.594,654.333,654.459
2181,4.594,654.333,654.459
2182,4.594,654.334,654.460
2183,4.593,654.334,654.460
2184,4.593,654.335,654.460
2185,4.593,654.335,654.460
2186,4.593,654.335,654.461
2187,4.593,654.336,654.461
2188,4.592,654.336,654.461
2189,4.592,654.337,654.462
2190,4.592,654.337,654.462
2191,4.592,654.337,654.462
2192,4.592,654.338,654.462
2193,4.591,654.338,654.463
2194,4.591,654.339,654.463
2195,4.591,654.339,654.463
2196,4.591,654.339,654.463
2197,4.591,654.340,654.464
2198,4.590,654.340,654.464
2199,4.590,654.341,654.464
2200,4.590,654.341,654.464
2201,4.590,654.342,654.465
2202,4.590,654.342,654.465
2203,4.589,654.342,654.465
2204,4.589,654.343,654.465
2205,4.589,654.343,654.466
2206,4.589,654.344,654.466
2207,4.589,654.344,654.466
2208,4.588,654.344,654.466
2209,4.588,654.345,654.467
2210,4.588,654.345,654.467
2211,4.588,654.345,654.467
2212,4.588,654.346,654.467
2213,4.587,654.346,654.468
2214,4.587,654.347,654.468
2215,4.587,654.347,654.468
2216,4.587,654.348,654.468
2217,4.587,654.348,654.469
2218,4.586,654.348,654.469
2219,4.586,654.349,654.469
2220,4.586,654.349,654.470
2221,4.586,654.349,654.470
2222,4.586,654.350,654.470
2223,4.585,654.350,654.470
2224,4.585,654.351,654.471
2225,4.585,654.351,654.471
2226,4.585,654.351,654.471
2227,4.585,654.352,654.471
2228,4.585,654.352,654.472
2229,4.584,654.353,654.472
2230,4.584,654.353,654.472
2231,4.584,654.353,654.472
2232,4.584,654.354,654.473
2233,4.584,654.354,654.473
2234,4.583,654.354,654.473
2235,4.583,654.355,654.473
2236,4.583,654.355,654.474
2237,4.583,654.356,654.474
2238,4.583,654.356,654.474
2239,4.582,654.356,654.474
2240,4.582,654.357,654.475
2241,4.582,654.357,654.475
2242,4.582,654.357,654.475
2243,4.582,654.358,654.475
2244,4.581,654.358,654.476
2245,4.581,654.359,654.476
2246,4.581,654.359,654.476
2247,4.581,654.359,654.476
2248,4.581,654.360,654.477
2249,4.581,654.360,654.477
2250,4.580,654.360,654.477
2251,4.580,654.361,654.477
2252,4.580,654.361,654.478
2253,4.580,654.362,654.478
2254,4.580,654.362,654.478
2255,4.579,654.362,654.478
2256,4.579,654.363,654.479
2257,4.579,654.363,654.479
2258,4.579,654.363,654.479
2259,4.579,654.364,654.479
2260,4.578,654.364,654.479
2261,4.578,654.364,654.480
2262,4.578,654.365,654.480
2263,4.578,654.365,654.480
2264,4.578,654.366,654.480
2265,4.578,654.366,654.481
2266,4.577,654.366,654.481
2267,4.577,654.367,654.481
2268,4.577,654.367,654.481
2269,4.577,654.367,654.482
2270,4.577,654.368,654.482
2271,4.576,654.368,654.482
2272,4.576,654.368,654.482
2273,4.576,654.369,654.482
2274,4.576,654.369,654.483
2275,4.576,654.369,654.483
2276,4.576,654.370,654.483
2277,4.575,654.370,654.483
2278,4.575,654.371,654.483
2279,4.575,654.371,654.484
2280,4.575,654.371,654.484
2281,4.575,654.372,654.484
2282,4.574,654.372,654.484
2283,4.574,654.372,654.485
2284,4.574,654.373,654.485
2285,4.574,654.373,654.485
2286,4.574,654.373,654.485
2287,4.574,654.374,654.486
2288,4.573,654.374,654.486
2289,4.573,654.374,654.486
2290,4.573,654.375,654.486
2291,4.573,654.375,654.486
2292,4.573,654.375,654.487
2293,4.572,654.376,654.487
2294,4.572,654.376,654.487
2295,4.572,654.376,654.487
2296,4.572,654.377,654.488
2297,4.572,654.377,654.488
2298,4.572,654.377,654.488
2299,4.571,654.378,654.488
2300,4.571,654.378,654.489
2301,4.571,654.378,654.489
2302,4.571,654.379,654.489
2303,4.571,654.379,654.489
2304,4.570,654.379,654.489
2305,4.570,654.380,654.490
2306,4.570,654.380,654.490
2307,4.570,654.380,654.490
2308,4.570,654.381,654.490
2309,4.570,654.381,654.491
2310,4.569,654.381,654.491
2311,4.569,654.382,654.491
2312,4.569,654.382,654.491
2313,4.569,654.382,654.491
2314,4.569,654.383,654.492
2315,4.569,654.383,654.492
2316,4.568,654.383,654.492
2317,4.568,654.384,654.492
2318,4.568,654.384,654.492
2319,4.568,654.384,654.493
2320,4.568,654.385,654.493
2321,4.567,654.385,654.493
2322,4.567,654.385,654.493
2323,4.567,654.386,654.493
2324,4.567,654.386,654.494
2325,4.567,654.386,654.494
2326,4.567,654.387,654.494
2327,4.566,654.387,654.494
2328,4.566,654.387,654.494
2329,4.566,654.388,654.495
2330,4.566,654.388,654.495
2331,4.566,654.388,654.495
2332,4.566,654.389,654.495
2333,4.565,654.389,654.496
2334,4.565,654.389,654.496
2335,4.565,654.390,654.496
2336,4.565,654.390,654.496
2337,4.565,654.390,654.496
2338,4.565,654.390,654.497
2339,4.564,654.391,654.497
2340,4.564,654.391,654.497
2341,4.564,654.391,654.497
2342,4.564,654.392,654.497
2343,4.564,654.392,654.498
2344,4.563,654.392,654.498
2345,4.563,654.393,654.498
2346,4.563,654.393,654.498
2347,4.563,654.393,654.498
2348,4.563,654.394,654.498
2349,4.563,654.394,654.499
2350,4.562,654.394,654.499
2351,4.562,654.395,654.499
2352,4.562,654.395,654.499
2353,4.562,654.395,654.500
2354,4.562,654.395,654.500
2355,4.562,654.396,654.500
2356,4.561,654.396,654.500
2357,4.561,654.396,654.500
2358,4.561,654.397,654.501
2359,4.561,654.397,654.501
2360,4.561,654.397,654.501
2361,4.561,654.398,654.501
2362,4.560,654.398,654.501
2363,4.560,654.398,654.502
2364,4.560,654.398,654.502
2365,4.560,654.399,654.502
2366,4.560,654.399,654.502
2367,4.560,654.399,654.502
2368,4.559,654.400,654.502
2369,4.559,654.400,654.503
2370,4.559,654.400,654.503
2371,4.559,654.401,654.503
2372,4.559,654.401,654.503
2373,4.559,654.401,654.504
2374,4.558,654.401,654.504
2375,4.558,654.402,654.504
2376,4.558,654.402,654.504
2377,4.558,654.402,654.504
2378,4.558,654.403,654.505
2379,4.558,654.403,654.505
2380,4.557,654.403,654.505
2381,4.557,654.404,654.505
2382,4.557,654.404,654.505
2383,4.557,654.404,654.505
2384,4.557,654.404,654.506
2385,4.557,654.405,654.506
2386,4.556,654.405,654.506
2387,4.556,654.405,654.506
2388,4.556,654.406,654.507
2389,4.556,654.406,654.507
2390,4.556,654.406,654.507
2391,4.556,654.406,654.507
2392,4.555,654.407,654.507
2393,4.555,654.407,654.507
2394,4.555,654.407,654.508
2395,4.555,654.408,654.508
2396,4.555,654.408,654.508
2397,4.555,654.408,654.508
2398,4.554,654.408,654.508
2399,4.554,654.409,654.508
2400,4.554,654.409,654.509
2401,4.554,654.409,654.509
2402,4.554,654.410,654.509
2403,4.554,654.410,654.509
2404,4.553,654.410,654.509
2405,4.553,654.410,654.510
2406,4.553,654.411,654.510
2407,4.553,654.411,654.510
2408,4.553,654.411,654.510
2409,4.553,654.412,654.510
2410,4.553,654.412,654.510
2411,4.552,654.412,654.511
2412,4.552,654.412,654.511
2413,4.552,654.413,654.511
2414,4.552,654.413,654.511
2415,4.552,654.413,654.511
2416,4.552,654.414,654.512
2417,4.551,654.414,654.512
2418,4.551,654.414,654.512
2419,4.551,654.414,654.512
2420,4.551,654.415,654.512
2421,4.551,654.415,654.513
2422,4.551,654.415,654.513
2423,4.550,654.415,654.513
2424,4.550,654.416,654.513
2425,4.550,654.416,654.513
2426,4.550,654.416,654.513
2427,4.550,654.417,654.514
2428,4.550,654.417,654.514
2429,4.549,654.417,654.514
2430,4.549,654.417,654.514
2431,4.549,654.418,654.514
2432,4.549,654.418,654.514
2433,4.549,654.418,654.515
2434,4.549,654.418,654.515
2435,4.549,654.419,654.515
2436,4.548,654.419,654.515
2437,4.548,654.419,654.515
2438,4.548,654.419,654.515
2439,4.548,654.420,654.516
2440,4.548,654.420,654.516
2441,4.548,654.420,654.516
2442,4.547,654.420,654.516
2443,4.547,654.421,654.516
2444,4.547,654.421,654.517
2445,4.547,654.421,654.517
2446,4.547,654.422,654.517
2447,4.547,654.422,654.517
2448,4.546,654.422,654.517
2449,4.546,654.422,654.517
2450,4.546,654.423,654.517
2451,4.546,654.423,654.518
2452,4.546,654.423,654.518
2453,4.546,654.423,654.518
2454,4.546,654.424,654.518
2455,4.545,654.424,654.518
2456,4.545,654.424,654.519
2457,4.545,654.424,654.519
2458,4.545,654.425,654.519
2459,4.545,654.425,654.519
2460,4.545,654.425,654.519
2461,4.544,654.425,654.519
2462,4.544,654.426,654.520
2463,4.544,654.426,654.520
2464,4.544,654.426,654.520
2465,4.544,654.426,654.520
2466,4.544,654.427,654.520
2467,4.544,654.427,654.520
2468,4.543,654.427,654.521
2469,4.543,654.427,654.521
2470,4.543,654.428,654.521
2471,4.543,654.428,654.521
2472,4.543,654.428,654.521
2473,4.543,654.428,654.521
2474,4.542,654.429,654.522
2475,4.542,654.429,654.522
2476,4.542,654.429,654.522
2477,4.542,654.430,654.522
2478,4.542,654.430,654.522
2479,4.542,654.430,654.522
2480,4.542,654.430,654.522
2481,4.541,654.431,654.523
2482,4.541,654.431,654.523
2483,4.541,654.431,654.523
2484,4.541,654.431,654.523
2485,4.541,654.432,654.523
2486,4.541,654.432,654.524
2487,4.540,654.432,654.524
2488,4.540,654.432,654.524
2489,4.540,654.433,654.524
2490,4.540,654.433,654.524
2491,4.540,654.433,654.524
2492,4.540,654.433,654.524
2493,4.540,654.433,654.525
2494,4.539,654.434,654.525
2495,4.539,654.434,654.525
2496,4.539,654.434,654.525
2497,4.539,654.434,654.525
2498,4.539,654.435,654.525
2499,4.539,654.435,654.526
2500,4.539,654.435,654.526
2501,4.538,654.435,654.526
2502,4.538,654.436,654.526
2503,4.538,654.436,654.526
2504,4.538,654.436,654.526
2505,4.538,654.436,654.527
2506,4.538,654.437,654.527
2507,4.537,654.437,654.527
2508,4.537,654.437,654.527
2509,4.537,654.437,654.527
2510,4.537,654.438,654.527
2511,4.537,654.438,654.527
2512,4.537,654.438,654.528
2513,4.537,654.438,654.528
2514,4.536,654.439,654.528
2515,4.536,654.439,654.528
2516,4.536,654.439,654.528
2517,4.536,654.439,654.528
2518,4.536,654.439,654.528
2519,4.536,654.440,654.529
2520,4.536,654.440,654.529
2521,4.535,654.440,654.529
2522,4.535,654.440,654.529
2523,4.535,654.441,654.529
2524,4.535,654.441,654.530
2525,4.535,654.441,654.530
2526,4.535,654.441,654.530
2527,4.535,654.442,654.530
2528,4.534,654.442,654.530
2529,4.534,654.442,654.530
2530,4.534,654.442,654.530
2531,4.534,654.442,654.531
2532,4.534,654.443,654.531
2533,4.534,654.443,654.531
2534,4.534,654.443,654.531
2535,4.533,654.443,654.531
2536,4.533,654.444,654.531
2537,4.533,654.444,654.531
2538,4.533,654.444,654.532
2539,4.533,654.444,654.532
2540,4.533,654.445,654.532
2541,4.532,654.445,654.532
2542,4.532,654.445,654.532
2543,4.532,654.445,654.532
2544,4.532,654.445,654.532
2545,4.532,654.446,654.533
2546,4.532,654.446,654.533
2547,4.532,654.446,654.533
2548,4.531,654.446,654.533
2549,4.531,654.447,654.533
2550,4.531,654.447,654.533
2551,4.531,654.447,654.533
2552,4.531,654.447,654.534
2553,4.531,654.447,654.534
2554,4.531,654.448,654.534
2555,4.530,654.448,654.534
2556,4.530,654.448,654.534
2557,4.530,654.448,654.534
2558,4.530,654.449,654.535
2559,4.530,654.449,654.535
2560,4.530,654.449,654.535
2561,4.530,654.449,654.535
2562,4.529,654.449,654.535
2563,4.529,654.450,654.535
2564,4.529,654.450,654.535
2565,4.529,654.450,654.536
2566,4.529,654.450,654.536
2567,4.529,654.450,654.536
2568,4.529,654.451,654.536
2569,4.528,654.451,654.536
2570,4.528,654.451,654.536
2571,4.528,654.451,654.536
2572,4.528,654.452,654.537
2573,4.528,654.452,654.537
2574,4.528,654.452,654.537
2575,4.528,654.452,654.537
2576,4.527,654.452,654.537
2577,4.527,654.453,654.537
2578,4.527,654.453,654.537
2579,4.527,654.453,654.538
2580,4.527,654.453,654.538
2581,4.527,654.454,654.538
2582,4.527,654.454,654.538
2583,4.527,654.454,654.538
2584,4.526,654.454,654.538
2585,4.526,654.454,654.538
2586,4.526,654.455,654.539
2587,4.526,654.455,654.539
2588,4.526,654.455,654.539
2589,4.526,654.455,654.539
2590,4.526,654.455,654.539
2591,4.525,654.456,654.539
2592,4.525,654.456,654.539
2593,4.525,654.456,654.539
2594,4.525,654.456,654.540
2595,4.525,654.456,654.540
2596,4.525,654.457,654.540
2597,4.525,654.457,654.540
2598,4.524,654.457,654.540
2599,4.524,654.457,654.540
2600,4.524,654.457,654.540
2601,4.524,654.458,654.541
2602,4.524,654.458,654.541
2603,4.524,654.458,654.541
2604,4.524,654.458,654.541
2605,4.523,654.459,654.541
2606,4.523,654.459,654.541
2607,4.523,654.459,654.541
2608,4.523,654.459,654.542
2609,4.523,654.459,654.542
2610,4.523,654.460,654.542
2611,4.523,654.460,654.542
2612,4.523,654.460,654.542
2613,4.522,654.460,654.542
2614,4.522,654.460,654.542
2615,4.522,654.461,654.542
2616,4.522,654.461,654.543
2617,4.522,654.461,654.543
2618,4.522,654.461,654.543
2619,4.522,654.461,654.543
2620,4.521,654.462,654.543
2621,4.521,654.462,654.543
2622,4.521,654.462,654.543
2623,4.521,654.462,654.543
2624,4.521,654.462,654.544
2625,4.521,654.463,654.544
2626,4.521,654.463,654.544
2627,4.520,654.463,654.544
2628,4.520,654.463,654.544
2629,4.520,654.463,654.544
2630,4.520,654.464,654.544
2631,4.520,654.464,654.544
2632,4.520,654.464,654.545
2633,4.520,654.464,654.545
2634,4.520,654.464,654.545
2635,4.519,654.465,654.545
2636,4.519,654.465,654.545
2637,4.519,654.465,654.545
2638,4.519,654.465,654.545
2639,4.519,654.465,654.545
2640,4.519,654.466,654.546
2641,4.519,654.466,654.546
2642,4.518,654.466,654.546
2643,4.518,654.466,654.546
2644,4.518,654.466,654.546
2645,4.518,654.467,654.546
2646,4.518,654.467,654.546
2647,4.518,654.467,654.546
2648,4.518,654.467,654.547
2649,4.518,654.467,654.547
2650,4.517,654.468,654.547
2651,4.517,654.468,654.547
2652,4.517,654.468,654.547
2653,4.517,654.468,654.547
2654,4.517,654.468,654.547
2655,4.517,654.468,654.547
2656,4.517,654.469,654.548
2657,4.516,654.469,654.548
2658,4.516,654.469,654.548
2659,4.516,654.469,654.548
2660,4.516,654.469,654.548
2661,4.516,654.470,654.548
2662,4.516,654.470,654.548
2663,4.516,654.470,654.549
2664,4.516,654.470,654.549
2665,4.515,654.470,654.549
2666,4.515,654.470,654.549
2667,4.515,654.471,654.549
2668,4.515,654.471,654.549
2669,4.515,654.471,654.549
2670,4.515,654.471,654.549
2671,4.515,654.471,654.550
2672,4.514,654.472,654.550
2673,4.514,654.472,654.550
2674,4.514,654.472,654.550
2675,4.514,654.472,654.550
2676,4.514,654.472,654.550
2677,4.514,654.473,654.550
2678,4.514,654.473,654.550
2679,4.514,654.473,654.550
2680,4.513,654.473,654.550
2681,4.513,654.473,654.551
2682,4.513,654.473,654.551
2683,4.513,654.474,654.551
2684,4.513,654.474,654.551
2685,4.513,654.474,654.551
2686,4.513,654.474,654.551
2687,4.513,654.474,654.551
2688,4.512,654.475,654.552
2689,4.512,654.475,654.552
2690,4.512,654.475,654.552
2691,4.512,654.475,654.552
2692,4.512,654.475,654.552
2693,4.512,654.475,654.552
2694,4.512,654.476,654.552
2695,4.512,654.476,654.552
2696,4.511,654.476,654.552
2697,4.511,654.476,654.553
2698,4.511,654.476,654.553
2699,4.511,654.477,654.553
2700,4.511,654.477,654.553
2701,4.511,654.477,654.553
2702,4.511,654.477,654.553
2703,4.510,654.477,654.553
2704,4.510,654.477,654.553
2705,4.510,654.478,654.553
2706,4.510,654.478,654.554
2707,4.510,654.478,654.554
2708,4.510,654.478,654.554
2709,4.510,654.478,654.554
2710,4.510,654.479,654.554
2711,4.509,654.479,654.554
2712,4.509,654.479,654.554
2713,4.509,654.479,654.554
2714,4.509,654.479,654.555
2715,4.509,654.479,654.555
2716,4.509,654.480,654.555
2717,4.509,654.480,654.555
2718,4.509,654.480,654.555
2719,4.508,654.480,654.555
2720,4.508,654.480,654.555
2721,4.508,654.480,654.555
2722,4.508,654.481,654.555
2723,4.508,654.481,654.555
2724,4.508,654.481,654.556
2725,4.508,654.481,654.556
2726,4.508,654.481,654.556
2727,4.507,654.481,654.556
2728,4.507,654.482,654.556
2729,4.507,654.482,654.556
2730,4.507,654.482,654.556
2731,4.507,654.482,654.557
2732,4.507,654.482,654.557
2733,4.507,654.483,654.557
2734,4.507,654.483,654.557
2735,4.506,654.483,654.557
2736,4.506,654.483,654.557
2737,4.506,654.483,654.557
2738,4.506,654.483,654.557
2739,4.506,654.484,654.557
2740,4.506,654.484,654.557
2741,4.506,654.484,654.558
2742,4.506,654.484,654.558
2743,4.505,654.484,654.558
2744,4.505,654.484,654.558
2745,4.505,654.485,654.558
2746,4.505,654.485,654.558
2747,4.505,654.485,654.558
2748,4.505,654.485,654.558
2749,4.505,654.485,654.559
2750,4.505,654.485,654.559
2751,4.504,654.486,654.559
2752,4.504,654.486,654.559
2753,4.504,654.486,654.559
2754,4.504,654.486,654.559
2755,4.504,654.486,654.559
2756,4.504,654.486,654.559
2757,4.504,654.487,654.559
2758,4.504,654.487,654.559
2759,4.503,654.487,654.559
2760,4.503,654.487,654.560
2761,4.503,654.487,654.560
2762,4.503,654.487,654.560
2763,4.503,654.488,654.560
2764,4.503,654.488,654.560
2765,4.503,654.488,654.560
2766,4.503,654.488,654.560
2767,4.503,654.488,654.560
2768,4.502,654.488,654.560
2769,4.502,654.488,654.561
2770,4.502,654.489,654.561
2771,4.502,654.489,654.561
2772,4.502,654.489,654.561
2773,4.502,654.489,654.561
2774,4.502,654.489,654.561
2775,4.502,654.489,654.561
2776,4.501,654.490,654.561
2777,4.501,654.490,654.562
2778,4.501,654.490,654.562
2779,4.501,654.490,654.562
2780,4.501,654.490,654.562
2781,4.501,654.490,654.562
2782,4.501,654.491,654.562
2783,4.501,654.491,654.562
2784,4.500,654.491,654.562
2785,4.500,654.491,654.562
2786,4.500,654.491,654.562
2787,4.500,654.491,654.562
2788,4.500,654.492,654.563
2789,4.500,654.492,654.563
2790,4.500,654.492,654.563
2791,4.500,654.492,654.563
2792,4.499,654.492,654.563
2793,4.499,654.492,654.563
2794,4.499,654.492,654.563
2795,4.499,654.493,654.563
2796,4.499,654.493,654.563
2797,4.499,654.493,654.563
2798,4.499,654.493,654.564
2799,4.499,654.493,654.564
2800,4.499,654.493,654.564
2801,4.498,654.494,654.564
2802,4.498,654.494,654.564
2803,4.498,654.494,654.564
2804,4.498,654.494,654.564
2805,4.498,654.494,654.564
2806,4.498,654.494,654.564
2807,4.498,654.495,654.564
2808,4.498,654.495,654.565
2809,4.497,654.495,654.565
2810,4.497,654.495,654.565
2811,4.497,654.495,654.565
2812,4.497,654.495,654.565
2813,4.497,654.495,654.565
2814,4.497,654.496,654.565
2815,4.497,654.496,654.565
2816,4.497,654.496,654.565
2817,4.497,654.496,654.566
2818,4.496,654.496,654.566
2819,4.496,654.496,654.566
2820,4.496,654.496,654.566
2821,4.496,654.497,654.566
2822,4.496,654.497,654.566
2823,4.496,654.497,654.566
2824,4.496,654.497,654.566
2825,4.496,654.497,654.566
2826,4.495,654.497,654.566
2827,4.495,654.498,654.567
2828,4.495,654.498,654.567
2829,4.495,654.498,654.567
2830,4.495,654.498,654.567
2831,4.495,654.498,654.567
2832,4.495,654.498,654.567
2833,4.495,654.498,654.567
2834,4.495,654.499,654.567
2835,4.494,654.499,654.567
2836,4.494,654.499,654.567
2837,4.494,654.499,654.568
2838,4.494,654.499,654.568
2839,4.494,654.499,654.568
2840,4.494,654.500,654.568
2841,4.494,654.500,654.568
2842,4.494,654.500,654.568
2843,4.494,654.500,654.568
2844,4.493,654.500,654.568
2845,4.493,654.500,654.568
2846,4.493,654.500,654.568
2847,4.493,654.501,654.569
2848,4.493,654.501,654.569
2849,4.493,654.501,654.569
2850,4.493,654.501,654.569
2851,4.493,654.501,654.569
2852,4.492,654.501,654.569
2853,4.492,654.501,654.569
2854,4.492,654.502,654.569
2855,4.492,654.502,654.569
2856,4.492,654.502,654.569
2857,4.492,654.502,654.569
2858,4.492,654.502,654.570
2859,4.492,654.502,654.570
2860,4.492,654.502,654.570
2861,4.491,654.503,654.570
2862,4.491,654.503,654.570
2863,4.491,654.503,654.570
2864,4.491,654.503,654.570
2865,4.491,654.503,654.570
2866,4.491,654.503,654.570
2867,4.491,654.503,654.570
2868,4.491,654.504,654.570
2869,4.491,654.504,654.571
2870,4.490,654.504,654.571
2871,4.490,654.504,654.571
2872,4.490,654.504,654.571
2873,4.490,654.504,654.571
2874,4.490,654.504,654.571
2875,4.490,654.505,654.571
2876,4.490,654.505,654.571
2877,4.490,654.505,654.571
2878,4.490,654.505,654.571
2879,4.489,654.505,654.572
2880,4.489,654.505,654.572
2881,4.489,654.505,654.572
2882,4.489,654.506,654.572
2883,4.489,654.506,654.572
2884,4.489,654.506,654.572
2885,4.489,654.506,654.572
2886,4.489,654.506,654.572
2887,4.488,654.506,654.572
2888,4.488,654.506,654.572
2889,4.488,654.506,654.572
2890,4.488,654.507,654.572
2891,4.488,654.507,654.572
2892,4.488,654.507,654.573
2893,4.488,654.507,654.573
2894,4.488,654.507,654.573
2895,4.488,654.507,654.573
2896,4.487,654.507,654.573
2897,4.487,654.508,654.573
2898,4.487,654.508,654.573
2899,4.487,654.508,654.573
2900,4.487,654.508,654.573
2901,4.487,654.508,654.573
2902,4.487,654.508,654.574
2903,4.487,654.508,654.574
2904,4.487,654.509,654.574
2905,4.486,654.509,654.574
2906,4.486,654.509,654.574
2907,4.486,654.509,654.574
2908,4.486,654.509,654.574
2909,4.486,654.509,654.574
2910,4.486,654.509,654.574
2911,4.486,654.509,654.574
2912,4.486,654.510,654.574
2913,4.486,654.510,654.575
2914,4.485,654.510,654.575
2915,4.485,654.510,654.575
2916,4.485,654.510,654.575
2917,4.485,654.510,654.575
2918,4.485,654.510,654.575
2919,4.485,654.511,654.575
2920,4.485,654.511,654.575
2921,4.485,654.511,654.575
2922,4.485,654.511,654.575
2923,4.485,654.511,654.575
2924,4.484,654.511,654.575
2925,4.484,654.511,654.576
2926,4.484,654.512,654.576
2927,4.484,654.512,654.576
2928,4.484,654.512,654.576
2929,4.484,654.512,654.576
2930,4.484,654.512,654.576
2931,4.484,654.512,654.576
2932,4.484,654.512,654.576
2933,4.483,654.512,654.576
2934,4.483,654.513,654.576
2935,4.483,654.513,654.576
2936,4.483,654.513,654.577
2937,4.483,654.513,654.577
2938,4.483,654.513,654.577
2939,4.483,654.513,654.577
2940,4.483,654.513,654.577
2941,4.483,654.513,654.577
2942,4.482,654.514,654.577
2943,4.482,654.514,654.577
2944,4.482,654.514,654.577
2945,4.482,654.514,654.577
2946,4.482,654.514,654.577
2947,4.482,654.514,654.577
2948,4.482,654.514,654.577
2949,4.482,654.514,654.578
2950,4.482,654.515,654.578
2951,4.481,654.515,654.578
2952,4.481,654.515,654.578
2953,4.481,654.515,654.578
2954,4.481,654.515,654.578
2955,4.481,654.515,654.578
2956,4.481,654.515,654.578
2957,4.481,654.515,654.578
2958,4.481,654.516,654.578
2959,4.481,654.516,654.578
2960,4.480,654.516,654.579
2961,4.480,654.516,654.579
2962,4.480,654.516,654.579
2963,4.480,654.516,654.579
2964,4.480,654.516,654.579
2965,4.480,654.517,654.579
2966,4.480,654.517,654.579
2967,4.480,654.517,654.579
2968,4.480,654.517,654.579
2969,4.480,654.517,654.579
2970,4.479,654.517,654.579
2971,4.479,654.517,654.579
2972,4.479,654.517,654.579
2973,4.479,654.518,654.580
2974,4.479,654.518,654.580
2975,4.479,654.518,654.580
2976,4.479,654.518,654.580
2977,4.479,654.518,654.580
2978,4.479,654.518,654.580
2979,4.478,654.518,654.580
2980,4.478,654.518,654.580
2981,4.478,654.518,654.580
2982,4.478,654.519,654.580
2983,4.478,654.519,654.580
2984,4.478,654.519,654.581
2985,4.478,654.519,654.581
2986,4.478,654.519,654.581
2987,4.478,654.519,654.581
2988,4.478,654.519,654.581
2989,4.477,654.519,654.581
2990,4.477,654.520,654.581
2991,4.477,654.520,654.581
2992,4.477,654.520,654.581
2993,4.477,654.520,654.581
2994,4.477,654.520,654.581
2995,4.477,654.520,654.581
2996,4.477,654.520,654.581
2997,4.477,654.520,654.582
2998,4.476,654.521,654.582
2999,4.476,654.521,654.582
3000,4.476,654.521,654.582
3001,4.476,654.521,654.582
3002,4.476,654.521,654.582
3003,4.476,654.521,654.582
3004,4.476,654.521,654.582
3005,4.476,654.521,654.582
3006,4.476,654.521,654.582
3007,4.476,654.521,654.582
3008,4.476,654.521,654.582
3009,4.476,654.521,654.582
3010,4.476,654.521,654.582
3011,4.476,654.521,654.582
3012,4.476,654.521,654.582
3013,4.476,654.521,654.582
3014,4.476,654.521,654.582
3015,4.476,654.521,654.582
3016,4.476,654.521,654.582
3017,4.476,654.521,654.582
3018,4.476,654.521,654.582
3019,4.476,654.521,654.582
3020,4.476,654.521,654.582
3021,4.476,654.521,654.582
3022,4.476,654.521,654.582
3023,4.476,654.521,654.582
3024,4.476,654.521,654.582
3025,4.476,654.521,654.582
3026,4.476,654.521,654.582
3027,4.476,654.521,654.582
3028,4.476,654.521,654.582
3029,4.476,654.521,654.582
3030,4.476,654.521,654.582
3031,4.476,654.521,654.582
3032,4.476,654.521,654.582
3033,4.476,654.521,654.582
3034,4.476,654.521,654.582
3035,4.476,654.521,654.582
3036,4.476,654.521,654.582
3037,4.476,654.521,654.582
3038,4.476,654.521,654.582
3039,4.476,654.521,654.582
3040,4.476,654.521,654.582
3041,4.476,654.521,654.582
3042,4.476,654.521,654.582
3043,4.476,654.521,654.582
3044,4.476,654.521,654.582
3045,4.476,654.521,654.582
3046,4.476,654.521,654.582
3047,4.476,654.521,654.582
3048,4.476,654.521,654.582
3049,4.476,654.521,654.582
3050,4.476,654.521,654.582
3051,4.476,654.521,654.582
3052,4.476,654.521,654.582
3053,4.476,654.521,654.582
3054,4.476,654.521,654.582
3055,4.476,654.521,654.582
3056,4.476,654.521,654.582
3057,4.476,654.521,654.582
3058,4.476,654.521,654.582
3059,4.476,654.521,654.582
3060,4.476,654.521,654.582
3061,4.476,654.521,654.582
3062,4.476,654.521,654.582
3063,4.476,654.521,654.582
3064,4.476,654.521,654.582
3065,4.476,654.521,654.582
3066,4.476,654.521,654.582
3067,4.476,654.521,654.582
3068,4.476,654.521,654.582
3069,4.476,654.521,654.582
3070,4.476,654.521,654.582
3071,4.476,654.521,654.582
3072,4.476,654.521,654.582
3073,4.476,654.521,654.582
3074,4.476,654.521,654.582
3075,4.476,654.521,654.582
3076,4.476,654.521,654.582
3077,4.476,654.521,654.582
3078,4.476,654.521,654.582
3079,4.476,654.521,654.582
3080,4.476,654.521,654.582
3081,4.476,654.521,654.582
3082,4.476,654.521,654.582
3083,4.476,654.521,654.582
3084,4.476,654.521,654.582
3085,4.476,654.521,654.582
3086,4.476,654.521,654.582
3087,4.476,654.521,654.582
3088,4.476,654.521,654.582
3089,4.476,654.521,654.582
3090,4.476,654.521,654.582
3091,4.476,654.521,654.582
3092,4.476,654.521,654.582
3093,4.476,654.521,654.582
3094,4.476,654.521,654.582
3095,4.476,654.521,654.582
3096,4.476,654.521,654.582
3097,4.476,654.521,654.582
3098,4.476,654.521,654.582
3099,4.476,654.521,654.582
3100,4.476,654.521,654.582
3101,4.476,654.521,654.582
3102,4.476,654.521,654.582
3103,4.476,654.521,654.582
3104,4.476,654.521,654.582
3105,4.476,654.521,654.582
3106,4.476,654.521,654.582
3107,4.476,654.521,654.582
3108,4.476,654.521,654.582
3109,4.476,654.521,654.582
3110,4.476,654.521,654.582
3111,4.476,654.521,654.582
3112,4.476,654.521,654.582
3113,4.476,654.521,654.582
3114,4.476,654.521,654.582
3115,4.476,654.521,654.582
3116,4.476,654.521,654.582
3117,4.476,654.521,654.582
3118,4.476,654.521,654.582
3119,4.476,654.521,654.582
3120,4.476,654.521,654.582
3121,4.476,654.521,654.582
3122,4.476,654.521,654.582
3123,4.476,654.521,654.582
3124,4.476,654.521,654.582
3125,4.476,654.521,654.582
3126,4.476,654.521,654.582
3127,4.476,654.521,654.582
3128,4.476,654.521,654.582
3129,4.476,654.521,654.582
3130,4.476,654.521,654.582
3131,4.476,654.521,654.582
3132,4.476,654.521,654.582
3133,4.476,654.521,654.582
3134,4.476,654.521,654.582
3135,4.476,654.521,654.582
3136,4.476,654.521,654.582
3137,4.476,654.521,654.582
3138,4.476,654.521,654.582
3139,4.476,654.521,654.582
3140,4.476,654.521,654.582
3141,4.476,654.521,654.582
3142,4.476,654.521,654.582
3143,4.476,654.521,654.582
3144,4.476,654.521,654.582
3145,4.476,654.521,654.582
3146,4.476,654.521,654.582
3147,4.476,654.521,654.582
3148,4.476,654.521,654.582
3149,4.476,654.521,654.582
3150,4.476,654.521,654.582
3151,4.476,654.521,654.582
3152,4.476,654.521,654.582
3153,4.476,654.521,654.582
3154,4.476,654.521,654.582
3155,4.476,654.521,654.582
3156,4.476,654.521,654.582
3157,4.476,654.521,654.582
3158,4.476,654.521,654.582
3159,4.476,654.521,654.582
3160,4.476,654.521,654.582
3161,4.476,654.521,654.582
3162,4.476,654.521,654.582
3163,4.476,654.521,654.582
3164,4.476,654.521,654.582
3165,4.476,654.521,654.582
3166,4.476,654.521,654.582
3167,4.476,654.521,654.582
3168,4.476,654.521,654.582
3169,4.476,654.521,654.582
3170,4.476,654.521,654.582
3171,4.476,654.521,654.582
3172,4.476,654.521,654.582
3173,4.476,654.521,654.582
3174,4.476,654.521,654.582
3175,4.476,654.521,654.582
3176,4.476,654.521,654.582
3177,4.476,654.521,654.582
3178,4.476,654.521,654.582
3179,4.476,654.521,654.582
3180,4.476,654.521,654.582
3181,4.476,654.521,654.582
3182,4.476,654.521,654.582
3183,4.476,654.521,654.582
3184,4.476,654.521,654.582
3185,4.476,654.521,654.582
3186,4.476,654.521,654.582
3187,4.476,654.521,654.582
3188,4.476,654.521,654.582
3189,4.476,654.521,654.582
3190,4.476,654.521,654.582
3191,4.476,654.521,654.582
3192,4.476,654.521,654.582
3193,4.476,654.521,654.582
3194,4.476,654.521,654.582
3195,4.476,654.521,654.582
3196,4.476,654.521,654.582
3197,4.476,654.521,654.582
3198,4.476,654.521,654.582
3199,4.476,654.521,654.582
3200,4.476,654.521,654.582
3201,4.476,654.521,654.582
3202,4.476,654.521,654.582
3203,4.476,654.521,654.582
3204,4.476,654.521,654.582
3205,4.476,654.521,654.582
3206,4.476,654.521,654.582
3207,4.476,654.521,654.582
3208,4.476,654.521,654.582
3209,4.476,654.521,654.582
3210,4.476,654.521,654.582
3211,4.476,654.521,654.582
3212,4.476,654.521,654.582
3213,4.476,654.521,654.582
3214,4.476,654.521,654.582
3215,4.476,654.521,654.582
3216,4.476,654.521,654.582
3217,4.476,654.521,654.582
3218,4.476,654.521,654.582
3219,4.476,654.521,654.582
3220,4.476,654.521,654.582
3221,4.476,654.521,654.582
3222,4.476,654.521,654.582
3223,4.476,654.521,654.582
3224,4.476,654.521,654.582
3225,4.476,654.521,654.582
3226,4.476,654.521,654.582
3227,4.476,654.521,654.582
3228,4.476,654.521,654.582
3229,4.476,654.521,654.582
3230,4.476,654.521,654.582
3231,4.476,654.521,654.582
3232,4.476,654.521,654.582
3233,4.476,654.521,654.582
3234,4.476,654.521,654.582
3235,4.476,654.521,654.582
3236,4.476,654.521,654.582
3237,4.476,654.521,654.582
3238,4.476,654.521,654.582
3239,4.476,654.521,654.582
3240,4.476,654.521,654.582
3241,4.476,654.521,654.582
3242,4.476,654.521,654.582
3243,4.476,654.521,654.582
3244,4.476,654.521,654.582
3245,4.476,654.521,654.582
3246,4.476,654.521,654.582
3247,4.476,654.521,654.582
3248,4.476,654.521,654.582
3249,4.476,654.521,654.582
3250,4.476,654.521,654.582
3251,4.476,654.521,654.582
3252,4.476,654.521,654.582
3253,4.476,654.521,654.582
3254,4.476,654.521,654.582
3255,4.476,654.521,654.582
3256,4.476,654.521,654.582
3257,4.476,654.521,654.582
3258,4.476,654.521,654.582
3259,4.476,654.521,654.582
3260,4.476,654.521,654.582
3261,4.476,654.521,654.582
3262,4.476,654.521,654.582
3263,4.476,654.521,654.582
3264,4.476,654.521,654.582
3265,4.476,654.521,654.582
3266,4.476,654.521,654.582
3267,4.476,654.521,654.582
3268,4.476,654.521,654.582
3269,4.476,654.521,654.582
3270,4.476,654.521,654.582
3271,4.476,654.521,654.582
3272,4.476,654.521,654.582
3273,4.476,654.521,654.582
3274,4.476,654.521,654.582
3275,4.476,654.521,654.582
3276,4.476,654.521,654.582
3277,4.476,654.521,654.582
3278,4.476,654.521,654.582
3279,4.476,654.521,654.582
3280,4.476,654.521,654.582
3281,4.476,654.521,654.582
3282,4.476,654.521,654.582
3283,4.476,654.521,654.582
3284,4.476,654.521,654.582
3285,4.476,654.521,654.582
3286,4.476,654.521,654.582
3287,4.476,654.521,654.582
3288,4.476,654.521,654.582
3289,4.476,654.521,654.582
3290,4.476,654.521,654.582
3291,4.476,654.521,654.582
3292,4.476,654.521,654.582
3293,4.476,654.521,654.582
3294,4.476,654.521,654.582
3295,4.476,654.521,654.582
3296,4.476,654.521,654.582
3297,4.476,654.521,654.582
3298,4.476,654.521,654.582
3299,4.476,654.521,654.582
3300,4.476,654.521,654.582
3301,4.476,654.521,654.582
3302,4.476,654.521,654.582
3303,4.476,654.521,654.582
3304,4.476,654.521,654.582
3305,4.476,654.521,654.582
3306,4.476,654.521,654.582
3307,4.476,654.521,654.582
3308,4.476,654.521,654.582
3309,4.476,654.521,654.582
3310,4.476,654.521,654.582
3311,4.476,654.521,654.582
3312,4.476,654.521,654.582
3313,4.476,654.521,654.582
3314,4.476,654.521,654.582
3315,4.476,654.521,654.582
3316,4.476,654.521,654.582
3317,4.476,654.521,654.582
3318,4.476,654.521,654.582
3319,4.476,654.521,654.582
3320,4.476,654.521,654.582
3321,4.476,654.521,654.582
3322,4.476,654.521,654.582
3323,4.476,654.521,654.582
3324,4.476,654.521,654.582
3325,4.476,654.521,654.582
3326,4.476,654.521,654.582
3327,4.476,654.521,654.582
3328,4.476,654.521,654.582
3329,4.476,654.521,654.582
3330,4.476,654.521,654.582
3331,4.476,654.521,654.582
3332,4.476,654.521,654.582
3333,4.476,654.521,654.582
3334,4.476,654.521,654.582
3335,4.476,654.521,654.582
3336,4.476,654.521,654.582
3337,4.476,654.521,654.582
3338,4.476,654.521,654.582
3339,4.476,654.521,654.582
3340,4.476,654.521,654.582
3341,4.476,654.521,654.582
3342,4.476,654.521,654.582
3343,4.476,654.521,654.582
3344,4.476,654.521,654.582
3345,4.476,654.521,654.582
3346,4.476,654.521,654.582
3347,4.476,654.521,654.582
3348,4.476,654.521,654.582
3349,4.476,654.521,654.582
3350,4.476,654.521,654.582
3351,4.476,654.521,654.582
3352,4.476,654.521,654.582
3353,4.476,654.521,654.582
3354,4.476,654.521,654.582
3355,4.476,654.521,654.582
3356,4.476,654.521,654.582
3357,4.476,654.521,654.582
3358,4.476,654.521,654.582
3359,4.476,654.521,654.582
3360,4.476,654.521,654.582
3361,4.476,654.521,654.582
3362,4.476,654.521,654.582
3363,4.476,654.521,654.582
3364,4.476,654.521,654.582
3365,4.476,654.521,654.582
3366,4.476,654.521,654.582
3367,4.476,654.521,654.582
3368,4.476,654.521,654.582
3369,4.476,654.521,654.582
3370,4.476,654.521,654.582
3371,4.476,654.521,654.582
3372,4.476,654.521,654.582
3373,4.476,654.521,654.582
3374,4.476,654.521,654.582
3375,4.476,654.521,654.582
3376,4.476,654.521,654.582
3377,4.476,654.521,654.582
3378,4.476,654.521,654.582
3379,4.476,654.521,654.582
3380,4.476,654.521,654.582
3381,4.476,654.521,654.582
3382,4.476,654.521,654.582
3383,4.476,654.521,654.582
3384,4.476,654.521,654.582
3385,4.476,654.521,654.582
3386,4.476,654.521,654.582
3387,4.476,654.521,654.582
3388,4.476,654.521,654.582
3389,4.476,654.521,654.582
3390,4.476,654.521,654.582
3391,4.476,654.521,654.582
3392,4.476,654.521,654.582
3393,4.476,654.521,654.582
3394,4.476,654.521,654.582
3395,4.476,654.521,654.582
3396,4.476,654.521,654.582
3397,4.476,654.521,654.582
3398,4.476,654.521,654.582
3399,4.476,654.521,654.582
3400,4.476,654.521,654.582
3401,4.476,654.521,654.582
3402,4.476,654.521,654.582
3403,4.476,654.521,654.582
3404,4.476,654.521,654.582
3405,4.476,654.521,654.582
3406,4.476,654.521,654.582
3407,4.476,654.521,654.582
3408,4.476,654.521,654.582
3409,4.476,654.521,654.582
3410,4.476,654.521,654.582
3411,4.476,654.521,654.582
3412,4.476,654.521,654.582
3413,4.476,654.521,654.582
3414,4.476,654.521,654.582
3415,4.476,654.521,654.582
3416,4.476,654.521,654.582
3417,4.476,654.521,654.582
3418,4.476,654.521,654.582
3419,4.476,654.521,654.582
3420,4.476,654.521,654.582
3421,4.476,654.521,654.582
3422,4.476,654.521,654.582
3423,4.476,654.521,654.582
3424,4.476,654.521,654.582
3425,4.476,654.521,654.582
3426,4.476,654.521,654.582
3427,4.476,654.521,654.582
3428,4.476,654.521,654.582
3429,4.476,654.521,654.582
3430,4.476,654.521,654.582
3431,4.476,654.521,654.582
3432,4.476,654.521,654.582
3433,4.476,654.521,654.582
3434,4.476,654.521,654.582
3435,4.476,654.521,654.582
3436,4.476,654.521,654.582
3437,4.476,654.521,654.582
3438,4.476,654.521,654.582
3439,4.476,654.521,654.582
3440,4.476,654.521,654.582
3441,4.476,654.521,654.582
3442,4.476,654.521,654.582
3443,4.476,654.521,654.582
3444,4.476,654.521,654.582
3445,4.476,654.521,654.582
3446,4.476,654.521,654.582
3447,4.476,654.521,654.582
3448,4.476,654.521,654.582
3449,4.476,654.521,654.582
3450,4.476,654.521,654.582
3451,4.476,654.521,654.582
3452,4.476,654.521,654.582
3453,4.476,654.521,654.582
3454,4.476,654.521,654.582
3455,4.476,654.521,654.582
3456,4.476,654.521,654.582
3457,4.476,654.521,654.582
3458,4.476,654.521,654.582
3459,4.476,654.521,654.582
3460,4.476,654.521,654.582
3461,4.476,654.521,654.582
3462,4.476,654.521,654.582
3463,4.476,654.521,654.582
3464,4.476,654.521,654.582
3465,4.476,654.521,654.582
3466,4.476,654.521,654.582
3467,4.476,654.521,654.582
3468,4.476,654.521,654.582
3469,4.476,654.521,654.582
3470,4.476,654.521,654.582
3471,4.476,654.521,654.582
3472,4.476,654.521,654.582
3473,4.476,654.521,654.582
3474,4.476,654.521,654.582
3475,4.476,654.521,654.582
3476,4.476,654.521,654.582
3477,4.476,654.521,654.582
3478,4.476,654.521,654.582
3479,4.476,654.521,654.582
3480,4.476,654.521,654.582
3481,4.476,654.521,654.582
3482,4.476,654.521,654.582
3483,4.476,654.521,654.582
3484,4.476,654.521,654.582
3485,4.476,654.521,654.582
3486,4.476,654.521,654.582
3487,4.476,654.521,654.582
3488,4.476,654.521,654.582
3489,4.476,654.521,654.582
3490,4.476,654.521,654.582
3491,4.476,654.521,654.582
3492,4.476,654.521,654.582
3493,4.476,654.521,654.582
3494,4.476,654.521,654.582
3495,4.476,654.521,654.582
3496,4.476,654.521,654.582
3497,4.476,654.521,654.582
3498,4.476,654.521,654.582
3499,4.476,654.521,654.582
3500,4.476,654.521,654.582
3501,4.476,654.521,654.582
3502,4.476,654.521,654.582
3503,4.476,654.521,654.582
3504,4.476,654.521,654.582
3505,4.476,654.521,654.582
3506,4.476,654.521,654.582
3507,4.476,654.521,654.582
3508,4.476,654.521,654.582
3509,4.476,654.521,654.582
3510,4.476,654.521,654.582
3511,4.476,654.521,654.582
3512,4.476,654.521,654.582
3513,4.476,654.521,654.582
3514,4.476,654.521,654.582
3515,4.476,654.521,654.582
3516,4.476,654.521,654.582
3517,4.476,654.521,654.582
3518,4.476,654.521,654.582
3519,4.476,654.521,654.582
3520,4.476,654.521,654.582
3521,4.476,654.521,654.582
3522,4.476,654.521,654.582
3523,4.476,654.521,654.582
3524,4.476,654.521,654.582
3525,4.476,654.521,654.582
3526,4.476,654.521,654.582
3527,4.476,654.521,654.582
3528,4.476,654.521,654.582
3529,4.476,654.521,654.582
3530,4.476,654.521,654.582
3531,4.476,654.521,654.582
3532,4.476,654.521,654.582
3533,4.476,654.521,654.582
3534,4.476,654.521,654.582
3535,4.476,654.521,654.582
3536,4.476,654.521,654.582
3537,4.476,654.521,654.582
3538,4.476,654.521,654.582
3539,4.476,654.521,654.582
3540,4.476,654.521,654.582
3541,4.476,654.521,654.582
3542,4.476,654.521,654.582
3543,4.476,654.521,654.582
3544,4.476,654.521,654.582
3545,4.476,654.521,654.582
3546,4.476,654.521,654.582
3547,4.476,654.521,654.582
3548,4.476,654.521,654.582
3549,4.476,654.521,654.582
3550,4.476,654.521,654.582
3551,4.476,654.521,654.582
3552,4.476,654.521,654.582
3553,4.476,654.521,654.582
3554,4.476,654.521,654.582
3555,4.476,654.521,654.582
3556,4.476,654.521,654.582
3557,4.476,654.521,654.582
3558,4.476,654.521,654.582
3559,4.476,654.521,654.582
3560,4.476,654.521,654.582
3561,4.476,654.521,654.582
3562,4.476,654.521,654.582
3563,4.476,654.521,654.582
3564,4.476,654.521,654.582
3565,4.476,654.521,654.582
3566,4.476,654.521,654.582
3567,4.476,654.521,654.582
3568,4.476,654.521,654.582
3569,4.476,654.521,654.582
3570,4.476,654.521,654.582
3571,4.476,654.521,654.582
3572,4.476,654.521,654.582
3573,4.476,654.521,654.582
3574,4.476,654.521,654.582
3575,4.476,654.521,654.582
3576,4.476,654.521,654.582
3577,4.476,654.521,654.582
3578,4.476,654.521,654.582
3579,4.476,654.521,654.582
3580,4.476,654.521,654.582
3581,4.476,654.521,654.582
3582,4.476,654.521,654.582
3583,4.476,654.521,654.582
3584,4.476,654.521,654.582
3585,4.476,654.521,654.582
3586,4.476,654.521,654.582
3587,4.476,654.521,654.582
3588,4.476,654.521,654.582
3589,4.476,654.521,654.582
3590,4.476,654.521,654.582
3591,4.476,654.521,654.582
3592,4.476,654.521,654.582
3593,4.476,654.521,654.582
3594,4.476,654.521,654.582
3595,4.476,654.521,654.582
3596,4.476,654.521,654.582
3597,4.476,654.521,654.582
3598,4.476,654.521,654.582
3599,4.476,654.521,654.582
3600,4.476,654.521,654.582
3601,4.476,654.521,654.582
3602,4.476,654.521,654.582
3603,4.476,654.521,654.582
3604,4.476,654.521,654.582
3605,4.476,654.521,654.582
3606,4.476,654.521,654.582
3607,4.476,654.521,654.582
3608,4.476,654.521,654.582
3609,4.476,654.521,654.582
3610,4.476,654.521,654.582
3611,4.476,654.521,654.582
3612,4.476,654.521,654.582
3613,4.476,654.521,654.582
3614,4.476,654.521,654.582
3615,4.476,654.521,654.582
3616,4.476,654.521,654.582
3617,4.476,654.521,654.582
3618,4.476,654.521,654.582
3619,4.476,654.521,654.582
3620,4.476,654.521,654.582
3621,4.476,654.521,654.582
3622,4.476,654.521,654.582
3623,4.476,654.521,654.582
3624,4.476,654.521,654.582
3625,4.476,654.521,654.582
3626,4.476,654.521,654.582
3627,4.476,654.521,654.582
3628,4.476,654.521,654.582
3629,4.476,654.521,654.582
3630,4.476,654.521,654.582
3631,4.476,654.521,654.582
3632,4.476,654.521,654.582
3633,4.476,654.521,654.582
3634,4.476,654.521,654.582
3635,4.476,654.521,654.582
3636,4.476,654.521,654.582
3637,4.476,654.521,654.582
3638,4.476,654.521,654.582
3639,4.476,654.521,654.582
3640,4.476,654.521,654.582
3641,4.476,654.521,654.582
3642,4.476,654.521,654.582
3643,4.476,654.521,654.582
3644,4.476,654.521,654.582
3645,4.476,654.521,654.582
3646,4.476,654.521,654.582
3647,4.476,654.521,654.582
3648,4.476,654.521,654.582
3649,4.476,654.521,654.582
3650,4.476,654.521,654.582
3651,4.476,654.521,654.582
3652,4.476,654.521,654.582
3653,4.476,654.521,654.582
3654,4.476,654.521,654.582
3655,4.476,654.521,654.582
3656,4.476,654.521,654.582
3657,4.476,654.521,654.582
3658,4.476,654.521,654.582
3659,4.476,654.521,654.582
3660,4.476,654.521,654.582
3661,4.476,654.521,654.582
3662,4.476,654.521,654.582
3663,4.476,654.521,654.582
3664,4.476,654.521,654.582
3665,4.476,654.521,654.582
3666,4.476,654.521,654.582
3667,4.476,654.521,654.582
3668,4.476,654.521,654.582
3669,4.476,654.521,654.582
3670,4.476,654.521,654.582
3671,4.476,654.521,654.582
3672,4.476,654.521,654.582
3673,4.476,654.521,654.582
3674,4.476,654.521,654.582
3675,4.476,654.521,654.582
3676,4.476,654.521,654.582
3677,4.476,654.521,654.582
3678,4.476,654.521,654.582
3679,4.476,654.521,654.582
3680,4.476,654.521,654.582
3681,4.476,654.521,654.582
3682,4.476,654.521,654.582
3683,4.476,654.521,654.582
3684,4.476,654.521,654.582
3685,4.476,654.521,654.582
3686,4.476,654.521,654.582
3687,4.476,654.521,654.582
3688,4.476,654.521,654.582
3689,4.476,654.521,654.582
3690,4.476,654.521,654.582
3691,4.476,654.521,654.582
3692,4.476,654.521,654.582
3693,4.476,654.521,654.582
3694,4.476,654.521,654.582
3695,4.476,654.521,654.582
3696,4.476,654.521,654.582
3697,4.476,654.521,654.582
3698,4.476,654.521,654.582
3699,4.476,654.521,654.582
3700,4.476,654.521,654.582
3701,4.476,654.521,654.582
3702,4.476,654.521,654.582
3703,4.476,654.521,654.582
3704,4.476,654.521,654.582
3705,4.476,654.521,654.582
3706,4.476,654.521,654.582
3707,4.476,654.521,654.582
3708,4.476,654.521,654.582
3709,4.476,654.521,654.582
3710,4.476,654.521,654.582
3711,4.476,654.521,654.582
3712,4.476,654.521,654.582
3713,4.476,654.521,654.582
3714,4.476,654.521,654.582
3715,4.476,654.521,654.582
3716,4.476,654.521,654.582
3717,4.476,654.521,654.582
3718,4.476,654.521,654.582
3719,4.476,654.521,654.582
3720,4.476,654.521,654.582
3721,4.476,654.521,654.582
3722,4.476,654.521,654.582
3723,4.476,654.521,654.582
3724,4.476,654.521,654.582
3725,4.476,654.521,654.582
3726,4.476,654.521,654.582
3727,4.476,654.521,654.582
3728,4.476,654.521,654.582
3729,4.476,654.521,654.582
3730,4.476,654.521,654.582
3731,4.476,654.521,654.582
3732,4.476,654.521,654.582
3733,4.476,654.521,654.582
3734,4.476,654.521,654.582
3735,4.476,654.521,654.582
3736,4.476,654.521,654.582
3737,4.476,654.521,654.582
3738,4.476,654.521,654.582
3739,4.476,654.521,654.582
3740,4.476,654.521,654.582
3741,4.476,654.521,654.582
3742,4.476,654.521,654.582
3743,4.476,654.521,654.582
3744,4.476,654.521,654.582
3745,4.476,654.521,654.582
3746,4.476,654.521,654.582
3747,4.476,654.521,654.582
3748,4.476,654.521,654.582
3749,4.476,654.521,654.582
3750,4.476,654.521,654.582
3751,4.476,654.521,654.582
3752,4.476,654.521,654.582
3753,4.476,654.521,654.582
3754,4.476,654.521,654.582
3755,4.476,654.521,654.582
3756,4.476,654.521,654.582
3757,4.476,654.521,654.582
3758,4.476,654.521,654.582
3759,4.476,654.521,654.582
3760,4.476,654.521,654.582
3761,4.476,654.521,654.582
3762,4.476,654.521,654.582
3763,4.476,654.521,654.582
3764,4.476,654.521,654.582
3765,4.476,654.521,654.582
3766,4.476,654.521,654.582
3767,4.476,654.521,654.582
3768,4.476,654.521,654.582
3769,4.476,654.521,654.582
3770,4.476,654.521,654.582
3771,4.476,654.521,654.582
3772,4.476,654.521,654.582
3773,4.476,654.521,654.582
3774,4.476,654.521,654.582
3775,4.476,654.521,654.582
3776,4.476,654.521,654.582
3777,4.476,654.521,654.582
3778,4.476,654.521,654.582
3779,4.476,654.521,654.582
3780,4.476,654.521,654.582
3781,4.476,654.521,654.582
3782,4.476,654.521,654.582
3783,4.476,654.521,654.582
3784,4.476,654.521,654.582
3785,4.476,654.521,654.582
3786,4.476,654.521,654.582
3787,4.476,654.521,654.582
3788,4.476,654.521,654.582
3789,4.476,654.521,654.582
3790,4.476,654.521,654.582
3791,4.476,654.521,654.582
3792,4.476,654.521,654.582
3793,4.476,654.521,654.582
3794,4.476,654.521,654.582
3795,4.476,654.521,654.582
3796,4.476,654.521,654.582
3797,4.476,654.521,654.582
3798,4.476,654.521,654.582
3799,4.476,654.521,654.582
3800,4.476,654.521,654.582
3801,4.476,654.521,654.582
3802,4.476,654.521,654.582
3803,4.476,654.521,654.582
3804,4.476,654.521,654.582
3805,4.476,654.521,654.582
3806,4.476,654.521,654.582
3807,4.476,654.521,654.582
3808,4.476,654.521,654.582
3809,4.476,654.521,654.582
3810,4.476,654.521,654.582
3811,4.476,654.521,654.582
3812,4.476,654.521,654.582
3813,4.476,654.521,654.582
3814,4.476,654.521,654.582
3815,4.476,654.521,654.582
3816,4.476,654.521,654.582
3817,4.476,654.521,654.582
3818,4.476,654.521,654.582
3819,4.476,654.521,654.582
3820,4.476,654.521,654.582
3821,4.476,654.521,654.582
3822,4.476,654.521,654.582
3823,4.476,654.521,654.582
3824,4.476,654.521,654.582
3825,4.476,654.521,654.582
3826,4.476,654.521,654.582
3827,4.476,654.521,654.582
3828,4.476,654.521,654.582
3829,4.476,654.521,654.582
3830,4.476,654.521,654.582
3831,4.476,654.521,654.582
3832,4.476,654.521,654.582
3833,4.476,654.521,654.582
3834,4.476,654.521,654.582
3835,4.476,654.521,654.582
3836,4.476,654.521,654.582
3837,4.476,654.521,654.582
3838,4.476,654.521,654.582
3839,4.476,654.521,654.582
3840,4.476,654.521,654.582
3841,4.476,654.521,654.582
3842,4.476,654.521,654.582
3843,4.476,654.521,654.582
3844,4.476,654.521,654.582
3845,4.476,654.521,654.582
3846,4.476,654.521,654.582
3847,4.476,654.521,654.582
3848,4.476,654.521,654.582
3849,4.476,654.521,654.582
3850,4.476,654.521,654.582
3851,4.476,654.521,654.582
3852,4.476,654.521,654.582
3853,4.476,654.521,654.582
3854,4.476,654.521,654.582
3855,4.476,654.521,654.582
3856,4.476,654.521,654.582
3857,4.476,654.521,654.582
3858,4.476,654.521,654.582
3859,4.476,654.521,654.582
3860,4.476,654.521,654.582
3861,4.476,654.521,654.582
3862,4.476,654.521,654.582
3863,4.476,654.521,654.582
3864,4.476,654.521,654.582
3865,4.476,654.521,654.582
3866,4.476,654.521,654.582
3867,4.476,654.521,654.582
3868,4.476,654.521,654.582
3869,4.476,654.521,654.582
3870,4.476,654.521,654.582
3871,4.476,654.521,654.582
3872,4.476,654.521,654.582
3873,4.476,654.521,654.582
3874,4.476,654.521,654.582
3875,4.476,654.521,654.582
3876,4.476,654.521,654.582
3877,4.476,654.521,654.582
3878,4.476,654.521,654.582
3879,4.476,654.521,654.582
3880,4.476,654.521,654.582
3881,4.476,654.521,654.582
3882,4.476,654.521,654.582
3883,4.476,654.521,654.582
3884,4.476,654.521,654.582
3885,4.476,654.521,654.582
3886,4.476,654.521,654.582
3887,4.476,654.521,654.582
3888,4.476,654.521,654.582
3889,4.476,654.521,654.582
3890,4.476,654.521,654.582
3891,4.476,654.521,654.582
3892,4.476,654.521,654.582
3893,4.476,654.521,654.582
3894,4.476,654.521,654.582
3895,4.476,654.521,654.582
3896,4.476,654.521,654.582
3897,4.476,654.521,654.582
3898,4.476,654.521,654.582
3899,4.476,654.521,654.582
3900,4.476,654.521,654.582
3901,4.476,654.521,654.582
3902,4.476,654.521,654.582
3903,4.476,654.521,654.582
3904,4.476,654.521,654.582
3905,4.476,654.521,654.582
3906,4.476,654.521,654.582
3907,4.476,654.521,654.582
3908,4.476,654.521,654.582
3909,4.476,654.521,654.582
3910,4.476,654.521,654.582
3911,4.476,654.521,654.582
3912,4.476,654.521,654.582
3913,4.476,654.521,654.582
3914,4.476,654.521,654.582
3915,4.476,654.521,654.582
3916,4.476,654.521,654.582
3917,4.476,654.521,654.582
3918,4.476,654.521,654.582
3919,4.476,654.521,654.582
3920,4.476,654.521,654.582
3921,4.476,654.521,654.582
3922,4.476,654.521,654.582
3923,4.476,654.521,654.582
3924,4.476,654.521,654.582
3925,4.476,654.521,654.582
3926,4.476,654.521,654.582
3927,4.476,654.521,654.582
3928,4.476,654.521,654.582
3929,4.476,654.521,654.582
3930,4.476,654.521,654.582
3931,4.476,654.521,654.582
3932,4.476,654.521,654.582
3933,4.476,654.521,654.582
3934,4.476,654.521,654.582
3935,4.476,654.521,654.582
3936,4.476,654.521,654.582
3937,4.476,654.521,654.582
3938,4.476,654.521,654.582
3939,4.476,654.521,654.582
3940,4.476,654.521,654.582
3941,4.476,654.521,654.582
3942,4.476,654.521,654.582
3943,4.476,654.521,654.582
3944,4.476,654.521,654.582
3945,4.476,654.521,654.582
3946,4.476,654.521,654.582
3947,4.476,654.521,654.582
3948,4.476,654.521,654.582
3949,4.476,654.521,654.582
3950,4.476,654.521,654.582
3951,4.476,654.521,654.582
3952,4.476,654.521,654.582
3953,4.476,654.521,654.582
3954,4.476,654.521,654.582
3955,4.476,654.521,654.582
3956,4.476,654.521,654.582
3957,4.476,654.521,654.582
3958,4.476,654.521,654.582
3959,4.476,654.521,654.582
3960,4.476,654.521,654.582
3961,4.476,654.521,654.582
3962,4.476,654.521,654.582
3963,4.476,654.521,654.582
3964,4.476,654.521,654.582
3965,4.476,654.521,654.582
3966,4.476,654.521,654.582
3967,4.476,654.521,654.582
3968,4.476,654.521,654.582
3969,4.476,654.521,654.582
3970,4.476,654.521,654.582
3971,4.476,654.521,654.582
3972,4.476,654.521,654.582
3973,4.476,654.521,654.582
3974,4.476,654.521,654.582
3975,4.476,654.521,654.582
3976,4.476,654.521,654.582
3977,4.476,654.521,654.582
3978,4.476,654.521,654.582
3979,4.476,654.521,654.582
3980,4.476,654.521,654.582
3981,4.476,654.521,654.582
3982,4.476,654.521,654.582
3983,4.476,654.521,654.582
3984,4.476,654.521,654.582
3985,4.476,654.521,654.582
3986,4.476,654.521,654.582
3987,4.476,654.521,654.582
3988,4.476,654.521,654.582
3989,4.476,654.521,654.582
3990,4.476,654.521,654.582
3991,4.476,654.521,654.582
3992,4.476,654.521,654.582
3993,4.476,654.521,654.582
3994,4.476,654.521,654.582
3995,4.476,654.521,654.582
3996,4.476,654.521,654.582
3997,4.476,654.521,654.582
3998,4.476,654.521,654.582
3999,4.476,654.521,654.582
4000,4.476,654.521,654.582
4001,4.476,654.521,654.582
4002,4.476,654.521,654.582
4003,4.476,654.521,654.582
4004,4.476,654.521,654.582
4005,4.476,654.521,654.582
4006,4.476,654.521,654.582
4007,4.476,654.521,654.582
4008,4.476,654.521,654.582
4009,4.476,654.521,654.582
4010,4.476,654.521,654.582
4011,4.476,654.521,654.582
4012,4.476,654.521,654.582
4013,4.476,654.521,654.582
4014,4.476,654.521,654.582
4015,4.476,654.521,654.582
4016,4.476,654.521,654.582
4017,4.476,654.521,654.582
4018,4.476,654.521,654.582
4019,4.476,654.521,654.582
4020,4.476,654.521,654.582
4021,4.476,654.521,654.582
4022,4.476,654.521,654.582
4023,4.476,654.521,654.582
4024,4.476,654.521,654.582
4025,4.476,654.521,654.582
4026,4.476,654.521,654.582
4027,4.476,654.521,654.582
4028,4.476,654.521,654.582
4029,4.476,654.521,654.582
4030,4.476,654.521,654.582
4031,4.476,654.521,654.582
4032,4.476,654.521,654.582
4033,4.476,654.521,654.582
4034,4.476,654.521,654.582
4035,4.476,654.521,654.582
4036,4.476,654.521,654.582
4037,4.476,654.521,654.582
4038,4.476,654.521,654.582
4039,4.476,654.521,654.582
4040,4.476,654.521,654.582
4041,4.476,654.521,654.582
4042,4.476,654.521,654.582
4043,4.476,654.521,654.582
4044,4.476,654.521,654.582
4045,4.476,654.521,654.582
4046,4.476,654.521,654.582
4047,4.476,654.521,654.582
4048,4.476,654.521,654.582
4049,4.476,654.521,654.582
4050,4.476,654.521,654.582
4051,4.476,654.521,654.582
4052,4.476,654.521,654.582
4053,4.476,654.521,654.582
4054,4.476,654.521,654.582
4055,4.476,654.521,654.582
4056,4.476,654.521,654.582
4057,4.476,654.521,654.582
4058,4.476,654.521,654.582
4059,4.476,654.521,654.582
4060,4.476,654.521,654.582
4061,4.476,654.521,654.582
4062,4.476,654.521,654.582
4063,4.476,654.521,654.582
4064,4.476,654.521,654.582
4065,4.476,654.521,654.582
4066,4.476,654.521,654.582
4067,4.476,654.521,654.582
4068,4.476,654.521,654.582
4069,4.476,654.521,654.582
4070,4.476,654.521,654.582
4071,4.476,654.521,654.582
4072,4.476,654.521,654.582
4073,4.476,654.521,654.582
4074,4.476,654.521,654.582
4075,4.476,654.521,654.582
4076,4.476,654.521,654.582
4077,4.476,654.521,654.582
4078,4.476,654.521,654.582
4079,4.476,654.521,654.582
4080,4.476,654.521,654.582
4081,4.476,654.521,654.582
4082,4.476,654.521,654.582
4083,4.476,654.521,654.582
4084,4.476,654.521,654.582
4085,4.476,654.521,654.582
4086,4.476,654.521,654.582
4087,4.476,654.521,654.582
4088,4.476,654.521,654.582
4089,4.476,654.521,654.582
4090,4.476,654.521,654.582
4091,4.476,654.521,654.582
4092,4.476,654.521,654.582
4093,4.476,654.521,654.582
4094,4.476,654.521,654.582
4095,4.476,654.521,654.582
4096,4.476,654.521,654.582
4097,4.476,654.521,654.582
4098,4.476,654.521,654.582
4099,4.476,654.521,654.582
4100,4.476,654.521,654.582
4101,4.476,654.521,654.582
4102,4.476,654.521,654.582
4103,4.476,654.521,654.582
4104,4.476,654.521,654.582
4105,4.476,654.521,654.582
4106,4.476,654.521,654.582
4107,4.476,654.521,654.582
4108,4.476,654.521,654.582
4109,4.476,654.521,654.582
4110,4.476,654.521,654.582
4111,4.476,654.521,654.582
4112,4.476,654.521,654.582
4113,4.476,654.521,654.582
4114,4.476,654.521,654.582
4115,4.476,654.521,654.582
4116,4.476,654.521,654.582
4117,4.476,654.521,654.582
4118,4.476,654.521,654.582
4119,4.476,654.521,654.582
4120,4.476,654.521,654.582
4121,4.476,654.521,654.582
4122,4.476,654.521,654.582
4123,4.476,654.521,654.582
4124,4.476,654.521,654.582
4125,4.476,654.521,654.582
4126,4.476,654.521,654.582
4127,4.476,654.521,654.582
4128,4.476,654.521,654.582
4129,4.476,654.521,654.582
4130,4.476,654.521,654.582
4131,4.476,654.521,654.582
4132,4.476,654.521,654.582
4133,4.476,654.521,654.582
4134,4.476,654.521,654.582
4135,4.476,654.521,654.582
4136,4.476,654.521,654.582
4137,4.476,654.521,654.582
4138,4.476,654.521,654.582
4139,4.476,654.521,654.582
4140,4.476,654.521,654.582
4141,4.476,654.521,654.582
4142,4.476,654.521,654.582
4143,4.476,654.521,654.582
4144,4.476,654.521,654.582
4145,4.476,654.521,654.582
4146,4.476,654.521,654.582
4147,4.476,654.521,654.582
4148,4.476,654.521,654.582
4149,4.476,654.521,654.582
4150,4.476,654.521,654.582
4151,4.476,654.521,654.582
4152,4.476,654.521,654.582
4153,4.476,654.521,654.582
4154,4.476,654.521,654.582
4155,4.476,654.521,654.582
4156,4.476,654.521,654.582
4157,4.476,654.521,654.582
4158,4.476,654.521,654.582
4159,4.476,654.521,654.582
4160,4.476,654.521,654.582
4161,4.476,654.521,654.582
4162,4.476,654.521,654.582
4163,4.476,654.521,654.582
4164,4.476,654.521,654.582
4165,4.476,654.521,654.582
4166,4.476,654.521,654.582
4167,4.476,654.521,654.582
4168,4.476,654.521,654.582
4169,4.476,654.521,654.582
4170,4.476,654.521,654.582
4171,4.476,654.521,654.582
4172,4.476,654.521,654.582
4173,4.476,654.521,654.582
4174,4.476,654.521,654.582
4175,4.476,654.521,654.582
4176,4.476,654.521,654.582
4177,4.476,654.521,654.582
4178,4.476,654.521,654.582
4179,4.476,654.521,654.582
4180,4.476,654.521,654.582
4181,4.476,654.521,654.582
4182,4.476,654.521,654.582
4183,4.476,654.521,654.582
4184,4.476,654.521,654.582
4185,4.476,654.521,654.582
4186,4.476,654.521,654.582
4187,4.476,654.521,654.582
4188,4.476,654.521,654.582
4189,4.476,654.521,654.582
4190,4.476,654.521,654.582
4191,4.476,654.521,654.582
4192,4.476,654.521,654.582
4193,4.476,654.521,654.582
4194,4.476,654.521,654.582
4195,4.476,654.521,654.582
4196,4.476,654.521,654.582
4197,4.476,654.521,654.582
4198,4.476,654.521,654.582
4199,4.476,654.521,654.582
4200,4.476,654.521,654.582
4201,4.476,654.521,654.582
4202,4.476,654.521,654.582
4203,4.476,654.521,654.582
4204,4.476,654.521,654.582
4205,4.476,654.521,654.582
4206,4.476,654.521,654.582
4207,4.476,654.521,654.582
4208,4.476,654.521,654.582
4209,4.476,654.521,654.582
4210,4.476,654.521,654.582
4211,4.476,654.521,654.582
4212,4.476,654.521,654.582
4213,4.476,654.521,654.582
4214,4.476,654.521,654.582
4215,4.476,654.521,654.582
4216,4.476,654.521,654.582
4217,4.476,654.521,654.582
4218,4.476,654.521,654.582
4219,4.476,654.521,654.582
4220,4.476,654.521,654.582
4221,4.476,654.521,654.582
4222,4.476,654.521,654.582
4223,4.476,654.521,654.582
4224,4.476,654.521,654.582
4225,4.476,654.521,654.582
4226,4.476,654.521,654.582
4227,4.476,654.521,654.582
4228,4.476,654.521,654.582
4229,4.476,654.521,654.582
4230,4.476,654.521,654.582
4231,4.476,654.521,654.582
4232,4.476,654.521,654.582
4233,4.476,654.521,654.582
4234,4.476,654.521,654.582
4235,4.476,654.521,654.582
4236,4.476,654.521,654.582
4237,4.476,654.521,654.582
4238,4.476,654.521,654.582
4239,4.476,654.521,654.582
4240,4.476,654.521,654.582
4241,4.476,654.521,654.582
4242,4.476,654.521,654.582
4243,4.476,654.521,654.582
4244,4.476,654.521,654.582
4245,4.476,654.521,654.582
4246,4.476,654.521,654.582
4247,4.476,654.521,654.582
4248,4.476,654.521,654.582
4249,4.476,654.521,654.582
4250,4.476,654.521,654.582
4251,4.476,654.521,654.582
4252,4.476,654.521,654.582
4253,4.476,654.521,654.582
4254,4.476,654.521,654.582
4255,4.476,654.521,654.582
4256,4.476,654.521,654.582
4257,4.476,654.521,654.582
4258,4.476,654.521,654.582
4259,4.476,654.521,654.582
4260,4.476,654.521,654.582
4261,4.476,654.521,654.582
4262,4.476,654.521,654.582
4263,4.476,654.521,654.582
4264,4.476,654.521,654.582
4265,4.476,654.521,654.582
4266,4.476,654.521,654.582
4267,4.476,654.521,654.582
4268,4.476,654.521,654.582
4269,4.476,654.521,654.582
4270,4.476,654.521,654.582
4271,4.476,654.521,654.582
4272,4.476,654.521,654.582
4273,4.476,654.521,654.582
4274,4.476,654.521,654.582
4275,4.476,654.521,654.582
4276,4.476,654.521,654.582
4277,4.476,654.521,654.582
4278,4.476,654.521,654.582
4279,4.476,654.521,654.582
4280,4.476,654.521,654.582
4281,4.476,654.521,654.582
4282,4.476,654.521,654.582
4283,4.476,654.521,654.582
4284,4.476,654.521,654.582
4285,4.476,654.521,654.582
4286,4.476,654.521,654.582
4287,4.476,654.521,654.582
4288,4.476,654.521,654.582
4289,4.476,654.521,654.582
4290,4.476,654.521,654.582
4291,4.476,654.521,654.582
4292,4.476,654.521,654.582
4293,4.476,654.521,654.582
4294,4.476,654.521,654.582
4295,4.476,654.521,654.582
4296,4.476,654.521,654.582
4297,4.476,654.521,654.582
4298,4.476,654.521,654.582
4299,4.476,654.521,654.582
4300,4.476,654.521,654.582
4301,4.476,654.521,654.582
4302,4.476,654.521,654.582
4303,4.476,654.521,654.582
4304,4.476,654.521,654.582
4305,4.476,654.521,654.582
4306,4.476,654.521,654.582
4307,4.476,654.521,654.582
4308,4.476,654.521,654.582
4309,4.476,654.521,654.582
4310,4.476,654.521,654.582
4311,4.476,654.521,654.582
4312,4.476,654.521,654.582
4313,4.476,654.521,654.582
4314,4.476,654.521,654.582
4315,4.476,654.521,654.582
4316,4.476,654.521,654.582
4317,4.476,654.521,654.582
4318,4.476,654.521,654.582
4319,4.476,654.521,654.582
4320,4.476,654.521,654.582
4321,4.476,654.521,654.582
4322,4.476,654.521,654.582
4323,4.476,654.521,654.582
4324,4.476,654.521,654.582
4325,4.476,654.521,654.582
4326,4.476,654.521,654.582
4327,4.476,654.521,654.582
4328,4.476,654.521,654.582
4329,4.476,654.521,654.582
4330,4.476,654.521,654.582
4331,4.476,654.521,654.582
4332,4.476,654.521,654.582
4333,4.476,654.521,654.582
4334,4.476,654.521,654.582
4335,4.476,654.521,654.582
4336,4.476,654.521,654.582
4337,4.476,654.521,654.582
4338,4.476,654.521,654.582
4339,4.476,654.521,654.582
4340,4.476,654.521,654.582
4341,4.476,654.521,654.582
4342,4.476,654.521,654.582
4343,4.476,654.521,654.582
4344,4.476,654.521,654.582
4345,4.476,654.521,654.582
4346,4.476,654.521,654.582
4347,4.476,654.521,654.582
4348,4.476,654.521,654.582
4349,4.476,654.521,654.582
4350,4.476,654.521,654.582
4351,4.476,654.521,654.582
4352,4.476,654.521,654.582
4353,4.476,654.521,654.582
4354,4.476,654.521,654.582
4355,4.476,654.521,654.582
4356,4.476,654.521,654.582
4357,4.476,654.521,654.582
4358,4.476,654.521,654.582
4359,4.476,654.521,654.582
4360,4.476,654.521,654.582
4361,4.476,654.521,654.582
4362,4.476,654.521,654.582
4363,4.476,654.521,654.582
4364,4.476,654.521,654.582
4365,4.476,654.521,654.582
4366,4.476,654.521,654.582
4367,4.476,654.521,654.582
4368,4.476,654.521,654.582
4369,4.476,654.521,654.582
4370,4.476,654.521,654.582
4371,4.476,654.521,654.582
4372,4.476,654.521,654.582
4373,4.476,654.521,654.582
4374,4.476,654.521,654.582
4375,4.476,654.521,654.582
4376,4.476,654.521,654.582
4377,4.476,654.521,654.582
4378,4.476,654.521,654.582
4379,4.476,654.521,654.582
4380,4.476,654.521,654.582
4381,4.476,654.521,654.582
4382,4.476,654.521,654.582
4383,4.476,654.521,654.582
4384,4.476,654.521,654.582
4385,4.476,654.521,654.582
4386,4.476,654.521,654.582
4387,4.476,654.521,654.582
4388,4.476,654.521,654.582
4389,4.476,654.521,654.582
4390,4.476,654.521,654.582
4391,4.476,654.521,654.582
4392,4.476,654.521,654.582
4393,4.476,654.521,654.582
4394,4.476,654.521,654.582
4395,4.476,654.521,654.582
4396,4.476,654.521,654.582
4397,4.476,654.521,654.582
4398,4.476,654.521,654.582
4399,4.476,654.521,654.582
4400,4.476,654.521,654.582
4401,4.476,654.521,654.582
4402,4.476,654.521,654.582
4403,4.476,654.521,654.582
4404,4.476,654.521,654.582
4405,4.476,654.521,654.582
4406,4.476,654.521,654.582
4407,4.476,654.521,654.582
4408,4.476,654.521,654.582
4409,4.476,654.521,654.582
4410,4.476,654.521,654.582
4411,4.476,654.521,654.582
4412,4.476,654.521,654.582
4413,4.476,654.521,654.582
4414,4.476,654.521,654.582
4415,4.476,654.521,654.582
4416,4.476,654.521,654.582
4417,4.476,654.521,654.582
4418,4.476,654.521,654.582
4419,4.476,654.521,654.582
4420,4.476,654.521,654.582
4421,4.476,654.521,654.582
4422,4.476,654.521,654.582
4423,4.476,654.521,654.582
4424,4.476,654.521,654.582
4425,4.476,654.521,654.582
4426,4.476,654.521,654.582
4427,4.476,654.521,654.582
4428,4.476,654.521,654.582
4429,4.476,654.521,654.582
4430,4.476,654.521,654.582
4431,4.476,654.521,654.582
4432,4.476,654.521,654.582
4433,4.476,654.521,654.582
4434,4.476,654.521,654.582
4435,4.476,654.521,654.582
4436,4.476,654.521,654.582
4437,4.476,654.521,654.582
4438,4.476,654.521,654.582
4439,4.476,654.521,654.582
4440,4.476,654.521,654.582
4441,4.476,654.521,654.582
4442,4.476,654.521,654.582
4443,4.476,654.521,654.582
4444,4.476,654.521,654.582
4445,4.476,654.521,654.582
4446,4.476,654.521,654.582
4447,4.476,654.521,654.582
4448,4.476,654.521,654.582
4449,4.476,654.521,654.582
4450,4.476,654.521,654.582
4451,4.476,654.521,654.582
4452,4.476,654.521,654.582
4453,4.476,654.521,654.582
4454,4.476,654.521,654.582
4455,4.476,654.521,654.582
4456,4.476,654.521,654.582
4457,4.476,654.521,654.582
4458,4.476,654.521,654.582
4459,4.476,654.521,654.582
4460,4.476,654.521,654.582
4461,4.476,654.521,654.582
4462,4.476,654.521,654.582
4463,4.476,654.521,654.582
4464,4.476,654.521,654.582
4465,4.476,654.521,654.582
4466,4.476,654.521,654.582
4467,4.476,654.521,654.582
4468,4.476,654.521,654.582
4469,4.476,654.521,654.582
4470,4.476,654.521,654.582
4471,4.476,654.521,654.582
4472,4.476,654.521,654.582
4473,4.476,654.521,654.582
4474,4.476,654.521,654.582
4475,4.476,654.521,654.582
4476,4.476,654.521,654.582
4477,4.476,654.521,654.582
4478,4.476,654.521,654.582
4479,4.476,654.521,654.582
4480,4.476,654.521,654.582
4481,4.476,654.521,654.582
4482,4.476,654.521,654.582
4483,4.476,654.521,654.582
4484,4.476,654.521,654.582
4485,4.476,654.521,654.582
4486,4.476,654.521,654.582
4487,4.476,654.521,654.582
4488,4.476,654.521,654.582
4489,4.476,654.521,654.582
4490,4.476,654.521,654.582
4491,4.476,654.521,654.582
4492,4.476,654.521,654.582
4493,4.476,654.521,654.582
4494,4.476,654.521,654.582
4495,4.476,654.521,654.582
4496,4.476,654.521,654.582
4497,4.476,654.521,654.582
4498,4.476,654.521,654.582
4499,4.476,654.521,654.582
4500,4.476,654.521,654.582
4501,4.476,654.521,654.582
4502,4.476,654.521,654.582
4503,4.476,654.521,654.582
4504,4.476,654.521,654.582
4505,4.476,654.521,654.582
4506,4.476,654.521,654.582
4507,4.476,654.521,654.582
4508,4.476,654.521,654.582
4509,4.476,654.521,654.582
4510,4.476,654.521,654.582
4511,4.476,654.521,654.582
4512,4.476,654.521,654.582
4513,4.476,654.521,654.582
4514,4.476,654.521,654.582
4515,4.476,654.521,654.582
4516,4.476,654.521,654.582
4517,4.476,654.521,654.582
4518,4.476,654.521,654.582
4519,4.476,654.521,654.582
4520,4.476,654.521,654.582
4521,4.476,654.521,654.582
4522,4.476,654.521,654.582
4523,4.476,654.521,654.582
4524,4.476,654.521,654.582
4525,4.476,654.521,654.582
4526,4.476,654.521,654.582
4527,4.476,654.521,654.582
4528,4.476,654.521,654.582
4529,4.476,654.521,654.582
4530,4.476,654.521,654.582
4531,4.476,654.521,654.582
4532,4.476,654.521,654.582
4533,4.476,654.521,654.582
4534,4.476,654.521,654.582
4535,4.476,654.521,654.582
4536,4.476,654.521,654.582
4537,4.476,654.521,654.582
4538,4.476,654.521,654.582
4539,4.476,654.521,654.582
4540,4.476,654.521,654.582
4541,4.476,654.521,654.582
4542,4.476,654.521,654.582
4543,4.476,654.521,654.582
4544,4.476,654.521,654.582
4545,4.476,654.521,654.582
4546,4.476,654.521,654.582
4547,4.476,654.521,654.582
4548,4.476,654.521,654.582
4549,4.476,654.521,654.582
4550,4.476,654.521,654.582
4551,4.476,654.521,654.582
4552,4.476,654.521,654.582
4553,4.476,654.521,654.582
4554,4.476,654.521,654.582
4555,4.476,654.521,654.582
4556,4.476,654.521,654.582
4557,4.476,654.521,654.582
4558,4.476,654.521,654.582
4559,4.476,654.521,654.582
4560,4.476,654.521,654.582
4561,4.476,654.521,654.582
4562,4.476,654.521,654.582
4563,4.476,654.521,654.582
4564,4.476,654.521,654.582
4565,4.476,654.521,654.582
4566,4.476,654.521,654.582
4567,4.476,654.521,654.582
4568,4.476,654.521,654.582
4569,4.476,654.521,654.582
4570,4.476,654.521,654.582
4571,4.476,654.521,654.582
4572,4.476,654.521,654.582
4573,4.476,654.521,654.582
4574,4.476,654.521,654.582
4575,4.476,654.521,654.582
4576,4.476,654.521,654.582
4577,4.476,654.521,654.582
4578,4.476,654.521,654.582
4579,4.476,654.521,654.582
4580,4.476,654.521,654.582
4581,4.476,654.521,654.582
4582,4.476,654.521,654.582
4583,4.476,654.521,654.582
4584,4.476,654.521,654.582
4585,4.476,654.521,654.582
4586,4.476,654.521,654.582
4587,4.476,654.521,654.582
4588,4.476,654.521,654.582
4589,4.476,654.521,654.582
4590,4.476,654.521,654.582
4591,4.476,654.521,654.582
4592,4.476,654.521,654.582
4593,4.476,654.521,654.582
4594,4.476,654.521,654.582
4595,4.476,654.521,654.582
4596,4.476,654.521,654.582
4597,4.476,654.521,654.582
4598,4.476,654.521,654.582
4599,4.476,654.521,654.582
4600,4.476,654.521,654.582
4601,4.476,654.521,654.582
4602,4.476,654.521,654.582
4603,4.476,654.521,654.582
4604,4.476,654.521,654.582
4605,4.476,654.521,654.582
4606,4.476,654.521,654.582
4607,4.476,654.521,654.582
4608,4.476,654.521,654.582
4609,4.476,654.521,654.582
4610,4.476,654.521,654.582
4611,4.476,654.521,654.582
4612,4.476,654.521,654.582
4613,4.476,654.521,654.582
4614,4.476,654.521,654.582
4615,4.476,654.521,654.582
4616,4.476,654.521,654.582
4617,4.476,654.521,654.582
4618,4.476,654.521,654.582
4619,4.476,654.521,654.582
4620,4.476,654.521,654.582
4621,4.476,654.521,654.582
4622,4.476,654.521,654.582
4623,4.476,654.521,654.582
4624,4.476,654.521,654.582
4625,4.476,654.521,654.582
4626,4.476,654.521,654.582
4627,4.476,654.521,654.582
4628,4.476,654.521,654.582
4629,4.476,654.521,654.582
4630,4.476,654.521,654.582
4631,4.476,654.521,654.582
4632,4.476,654.521,654.582
4633,4.476,654.521,654.582
4634,4.476,654.521,654.582
4635,4.476,654.521,654.582
4636,4.476,654.521,654.582
4637,4.476,654.521,654.582
4638,4.476,654.521,654.582
4639,4.476,654.521,654.582
4640,4.476,654.521,654.582
4641,4.476,654.521,654.582
4642,4.476,654.521,654.582
4643,4.476,654.521,654.582
4644,4.476,654.521,654.582
4645,4.476,654.521,654.582
4646,4.476,654.521,654.582
4647,4.476,654.521,654.582
4648,4.476,654.521,654.582
4649,4.476,654.521,654.582
4650,4.476,654.521,654.582
4651,4.476,654.521,654.582
4652,4.476,654.521,654.582
4653,4.476,654.521,654.582
4654,4.476,654.521,654.582
4655,4.476,654.521,654.582
4656,4.476,654.521,654.582
4657,4.476,654.521,654.582
4658,4.476,654.521,654.582
4659,4.476,654.521,654.582
4660,4.476,654.521,654.582
4661,4.476,654.521,654.582
4662,4.476,654.521,654.582
4663,4.476,654.521,654.582
4664,4.476,654.521,654.582
4665,4.476,654.521,654.582
4666,4.476,654.521,654.582
4667,4.476,654.521,654.582
4668,4.476,654.521,654.582
4669,4.476,654.521,654.582
4670,4.476,654.521,654.582
4671,4.476,654.521,654.582
4672,4.476,654.521,654.582
4673,4.476,654.521,654.582
4674,4.476,654.521,654.582
4675,4.476,654.521,654.582
4676,4.476,654.521,654.582
4677,4.476,654.521,654.582
4678,4.476,654.521,654.582
4679,4.476,654.521,654.582
4680,4.476,654.521,654.582
4681,4.476,654.521,654.582
4682,4.476,654.521,654.582
4683,4.476,654.521,654.582
4684,4.476,654.521,654.582
4685,4.476,654.521,654.582
4686,4.476,654.521,654.582
4687,4.476,654.521,654.582
4688,4.476,654.521,654.582
4689,4.476,654.521,654.582
4690,4.476,654.521,654.582
4691,4.476,654.521,654.582
4692,4.476,654.521,654.582
4693,4.476,654.521,654.582
4694,4.476,654.521,654.582
4695,4.476,654.521,654.582
4696,4.476,654.521,654.582
4697,4.476,654.521,654.582
4698,4.476,654.521,654.582
4699,4.476,654.521,654.582
4700,4.476,654.521,654.582
4701,4.476,654.521,654.582
4702,4.476,654.521,654.582
4703,4.476,654.521,654.582
4704,4.476,654.521,654.582
4705,4.476,654.521,654.582
4706,4.476,654.521,654.582
4707,4.476,654.521,654.582
4708,4.476,654.521,654.582
4709,4.476,654.521,654.582
4710,4.476,654.521,654.582
4711,4.476,654.521,654.582
4712,4.476,654.521,654.582
4713,4.476,654.521,654.582
4714,4.476,654.521,654.582
4715,4.476,654.521,654.582
4716,4.476,654.521,654.582
4717,4.476,654.521,654.582
4718,4.476,654.521,654.582
4719,4.476,654.521,654.582
4720,4.476,654.521,654.582
4721,4.476,654.521,654.582
4722,4.476,654.521,654.582
4723,4.476,654.521,654.582
4724,4.476,654.521,654.582
4725,4.476,654.521,654.582
4726,4.476,654.521,654.582
4727,4.476,654.521,654.582
4728,4.476,654.521,654.582
4729,4.476,654.521,654.582
4730,4.476,654.521,654.582
4731,4.476,654.521,654.582
4732,4.476,654.521,654.582
4733,4.476,654.521,654.582
4734,4.476,654.521,654.582
4735,4.476,654.521,654.582
4736,4.476,654.521,654.582
4737,4.476,654.521,654.582
4738,4.476,654.521,654.582
4739,4.476,654.521,654.582
4740,4.476,654.521,654.582
4741,4.476,654.521,654.582
4742,4.476,654.521,654.582
4743,4.476,654.521,654.582
4744,4.476,654.521,654.582
4745,4.476,654.521,654.582
4746,4.476,654.521,654.582
4747,4.476,654.521,654.582
4748,4.476,654.521,654.582
4749,4.476,654.521,654.582
4750,4.476,654.521,654.582
4751,4.476,654.521,654.582
4752,4.476,654.521,654.582
4753,4.476,654.521,654.582
4754,4.476,654.521,654.582
4755,4.476,654.521,654.582
4756,4.476,654.521,654.582
4757,4.476,654.521,654.582
4758,4.476,654.521,654.582
4759,4.476,654.521,654.582
4760,4.476,654.521,654.582
4761,4.476,654.521,654.582
4762,4.476,654.521,654.582
4763,4.476,654.521,654.582
4764,4.476,654.521,654.582
4765,4.476,654.521,654.582
4766,4.476,654.521,654.582
4767,4.476,654.521,654.582
4768,4.476,654.521,654.582
4769,4.476,654.521,654.582
4770,4.476,654.521,654.582
4771,4.476,654.521,654.582
4772,4.476,654.521,654.582
4773,4.476,654.521,654.582
4774,4.476,654.521,654.582
4775,4.476,654.521,654.582
4776,4.476,654.521,654.582
4777,4.476,654.521,654.582
4778,4.476,654.521,654.582
4779,4.476,654.521,654.582
4780,4.476,654.521,654.582
4781,4.476,654.521,654.582
4782,4.476,654.521,654.582
4783,4.476,654.521,654.582
4784,4.476,654.521,654.582
4785,4.476,654.521,654.582
4786,4.476,654.521,654.582
4787,4.476,654.521,654.582
4788,4.476,654.521,654.582
4789,4.476,654.521,654.582
4790,4.476,654.521,654.582
4791,4.476,654.521,654.582
4792,4.476,654.521,654.582
4793,4.476,654.521,654.582
4794,4.476,654.521,654.582
4795,4.476,654.521,654.582
4796,4.476,654.521,654.582
4797,4.476,654.521,654.582
4798,4.476,654.521,654.582
4799,4.476,654.521,654.582
4800,4.476,654.521,654.582
4801,4.476,654.521,654.582
4802,4.476,654.521,654.582
4803,4.476,654.521,654.582
4804,4.476,654.521,654.582
4805,4.476,654.521,654.582
4806,4.476,654.521,654.582
4807,4.476,654.521,654.582
4808,4.476,654.521,654.582
4809,4.476,654.521,654.582
4810,4.476,654.521,654.582
4811,4.476,654.521,654.582
4812,4.476,654.521,654.582
4813,4.476,654.521,654.582
4814,4.476,654.521,654.582
4815,4.476,654.521,654.582
4816,4.476,654.521,654.582
4817,4.476,654.521,654.582
4818,4.476,654.521,654.582
4819,4.476,654.521,654.582
4820,4.476,654.521,654.582
4821,4.476,654.521,654.582
4822,4.476,654.521,654.582
4823,4.476,654.521,654.582
4824,4.476,654.521,654.582
4825,4.476,654.521,654.582
4826,4.476,654.521,654.582
4827,4.476,654.521,654.582
4828,4.476,654.521,654.582
4829,4.476,654.521,654.582
4830,4.476,654.521,654.582
4831,4.476,654.521,654.582
4832,4.476,654.521,654.582
4833,4.476,654.521,654.582
4834,4.476,654.521,654.582
4835,4.476,654.521,654.582
4836,4.476,654.521,654.582
4837,4.476,654.521,654.582
4838,4.476,654.521,654.582
4839,4.476,654.521,654.582
4840,4.476,654.521,654.582
4841,4.476,654.521,654.582
4842,4.476,654.521,654.582
4843,4.476,654.521,654.582
4844,4.476,654.521,654.582
4845,4.476,654.521,654.582
4846,4.476,654.521,654.582
4847,4.476,654.521,654.582
4848,4.476,654.521,654.582
4849,4.476,654.521,654.582
4850,4.476,654.521,654.582
4851,4.476,654.521,654.582
4852,4.476,654.521,654.582
4853,4.476,654.521,654.582
4854,4.476,654.521,654.582
4855,4.476,654.521,654.582
4856,4.476,654.521,654.582
4857,4.476,654.521,654.582
4858,4.476,654.521,654.582
4859,4.476,654.521,654.582
4860,4.476,654.521,654.582
4861,4.476,654.521,654.582
4862,4.476,654.521,654.582
4863,4.476,654.521,654.582
4864,4.476,654.521,654.582
4865,4.476,654.521,654.582
4866,4.476,654.521,654.582
4867,4.476,654.521,654.582
4868,4.476,654.521,654.582
4869,4.476,654.521,654.582
4870,4.476,654.521,654.582
4871,4.476,654.521,654.582
4872,4.476,654.521,654.582
4873,4.476,654.521,654.582
4874,4.476,654.521,654.582
4875,4.476,654.521,654.582
4876,4.476,654.521,654.582
4877,4.476,654.521,654.582
4878,4.476,654.521,654.582
4879,4.476,654.521,654.582
4880,4.476,654.521,654.582
4881,4.476,654.521,654.582
4882,4.476,654.521,654.582
4883,4.476,654.521,654.582
4884,4.476,654.521,654.582
4885,4.476,654.521,654.582
4886,4.476,654.521,654.582
4887,4.476,654.521,654.582
4888,4.476,654.521,654.582
4889,4.476,654.521,654.582
4890,4.476,654.521,654.582
4891,4.476,654.521,654.582
4892,4.476,654.521,654.582
4893,4.476,654.521,654.582
4894,4.476,654.521,654.582
4895,4.476,654.521,654.582
4896,4.476,654.521,654.582
4897,4.476,654.521,654.582
4898,4.476,654.521,654.582
4899,4.476,654.521,654.582
4900,4.476,654.521,654.582
4901,4.476,654.521,654.582
4902,4.476,654.521,654.582
4903,4.476,654.521,654.582
4904,4.476,654.521,654.582
4905,4.476,654.521,654.582
4906,4.476,654.521,654.582
4907,4.476,654.521,654.582
4908,4.476,654.521,654.582
4909,4.476,654.521,654.582
4910,4.476,654.521,654.582
4911,4.476,654.521,654.582
4912,4.476,654.521,654.582
4913,4.476,654.521,654.582
4914,4.476,654.521,654.582
4915,4.476,654.521,654.582
4916,4.476,654.521,654.582
4917,4.476,654.521,654.582
4918,4.476,654.521,654.582
4919,4.476,654.521,654.582
4920,4.476,654.521,654.582
4921,4.476,654.521,654.582
4922,4.476,654.521,654.582
4923,4.476,654.521,654.582
4924,4.476,654.521,654.582
4925,4.476,654.521,654.582
4926,4.476,654.521,654.582
4927,4.476,654.521,654.582
4928,4.476,654.521,654.582
4929,4.476,654.521,654.582
4930,4.476,654.521,654.582
4931,4.476,654.521,654.582
4932,4.476,654.521,654.582
4933,4.476,654.521,654.582
4934,4.476,654.521,654.582
4935,4.476,654.521,654.582
4936,4.476,654.521,654.582
4937,4.476,654.521,654.582
4938,4.476,654.521,654.582
4939,4.476,654.521,654.582
4940,4.476,654.521,654.582
4941,4.476,654.521,654.582
4942,4.476,654.521,654.582
4943,4.476,654.521,654.582
4944,4.476,654.521,654.582
4945,4.476,654.521,654.582
4946,4.476,654.521,654.582
4947,4.476,654.521,654.582
4948,4.476,654.521,654.582
4949,4.476,654.521,654.582
4950,4.476,654.521,654.582
4951,4.476,654.521,654.582
4952,4.476,654.521,654.582
4953,4.476,654.521,654.582
4954,4.476,654.521,654.582
4955,4.476,654.521,654.582
4956,4.476,654.521,654.582
4957,4.476,654.521,654.582
4958,4.476,654.521,654.582
4959,4.476,654.521,654.582
4960,4.476,654.521,654.582
4961,4.476,654.521,654.582
4962,4.476,654.521,654.582
4963,4.476,654.521,654.582
4964,4.476,654.521,654.582
4965,4.476,654.521,654.582
4966,4.476,654.521,654.582
4967,4.476,654.521,654.582
4968,4.476,654.521,654.582
4969,4.476,654.521,654.582
4970,4.476,654.521,654.582
4971,4.476,654.521,654.582
4972,4.476,654.521,654.582
4973,4.476,654.521,654.582
4974,4.476,654.521,654.582
4975,4.476,654.521,654.582
4976,4.476,654.521,654.582
4977,4.476,654.521,654.582
4978,4.476,654.521,654.582
4979,4.476,654.521,654.582
4980,4.476,654.521,654.582
4981,4.476,654.521,654.582
4982,4.476,654.521,654.582
4983,4.476,654.521,654.582
4984,4.476,654.521,654.582
4985,4.476,654.521,654.582
4986,4.476,654.521,654.582
4987,4.476,654.521,654.582
4988,4.476,654.521,654.582
4989,4.476,654.521,654.582
4990,4.476,654.521,654.582
4991,4.476,654.521,654.582
4992,4.476,654.521,654.582
4993,4.476,654.521,654.582
4994,4.476,654.521,654.582
4995,4.476,654.521,654.582
4996,4.476,654.521,654.582
4997,4.476,654.521,654.582
4998,4.476,654.521,654.582
4999,4.476,654.521,654.582
