# Time (s),Mass (g),T Back (K),T Front (K)
0,68.400,293.000,293.000
1,68.400,293.000,338.165
2,68.400,293.000,351.848
3,68.400,293.000,361.924
4,68.400,293.000,370.198
5,68.400,293.000,377.360
6,68.400,293.000,383.669
7,68.400,293.000,389.401
8,68.400,293.000,394.581
9,68.400,293.000,399.394
10,68.400,293.000,403.829
11,68.400,293.000,408.003
12,68.400,293.000,411.898
13,68.400,293.000,415.596
14,68.400,293.000,419.076
15,68.400,293.000,422.400
16,68.400,293.000,425.549
17,68.400,293.000,428.571
18,68.400,293.000,431.449
19,68.400,293.000,434.219
20,68.400,293.000,436.869
21,68.400,293.000,439.427
22,68.400,293.000,441.881
23,68.400,293.000,444.256
24,68.400,293.000,446.542
25,68.400,293.000,448.758
26,68.400,293.000,450.895
27,68.400,293.000,452.970
28,68.400,293.000,454.977
29,68.400,293.000,456.929
30,68.400,293.000,458.819
31,68.399,293.000,460.659
32,68.399,293.000,462.447
33,68.399,293.000,464.184
34,68.399,293.000,465.874
35,68.399,293.000,467.520
36,68.399,293.000,469.124
37,68.399,293.000,470.687
38,68.399,293.000,472.212
39,68.399,293.000,473.698
40,68.398,293.000,475.151
41,68.398,293.000,476.568
42,68.398,293.000,477.952
43,68.398,293.000,479.306
44,68.398,293.001,480.628
45,68.397,293.001,481.922
46,68.397,293.001,483.189
47,68.397,293.001,484.427
48,68.397,293.001,485.640
49,68.396,293.002,486.827
50,68.396,293.002,487.990
51,68.396,293.002,489.130
52,68.395,293.003,490.248
53,68.395,293.004,491.344
54,68.394,293.005,492.417
55,68.394,293.005,493.471
56,68.394,293.006,494.505
57,68.393,293.007,495.519
58,68.393,293.009,496.515
59,68.392,293.010,497.493
60,68.392,293.012,498.453
61,68.391,293.014,499.396
62,68.391,293.015,500.323
63,68.390,293.018,501.233
64,68.390,293.021,502.129
65,68.389,293.024,503.008
66,68.388,293.027,503.874
67,68.388,293.031,504.725
68,68.387,293.034,505.562
69,68.386,293.039,506.385
70,68.386,293.043,507.196
71,68.385,293.048,507.993
72,68.384,293.053,508.778
73,68.383,293.059,509.552
74,68.383,293.066,510.313
75,68.382,293.073,511.063
76,68.381,293.081,511.801
77,68.380,293.089,512.529
78,68.379,293.097,513.245
79,68.378,293.106,513.951
80,68.377,293.116,514.648
81,68.377,293.126,515.334
82,68.376,293.137,516.011
83,68.375,293.149,516.678
84,68.374,293.162,517.336
85,68.373,293.175,517.985
86,68.372,293.189,518.624
87,68.371,293.204,519.256
88,68.369,293.220,519.879
89,68.368,293.236,520.493
90,68.367,293.253,521.100
91,68.366,293.271,521.699
92,68.365,293.290,522.290
93,68.364,293.310,522.873
94,68.363,293.331,523.450
95,68.361,293.353,524.019
96,68.360,293.376,524.581
97,68.359,293.399,525.135
98,68.358,293.425,525.683
99,68.356,293.451,526.224
100,68.355,293.477,526.759
101,68.354,293.505,527.288
102,68.352,293.535,527.809
103,68.351,293.565,528.325
104,68.349,293.596,528.835
105,68.348,293.629,529.339
106,68.347,293.663,529.837
107,68.345,293.697,530.330
108,68.344,293.733,530.816
109,68.342,293.771,531.298
110,68.341,293.809,531.774
111,68.339,293.849,532.244
112,68.337,293.890,532.709
113,68.336,293.932,533.170
114,68.334,293.975,533.624
115,68.333,294.021,534.075
116,68.331,294.066,534.520
117,68.329,294.113,534.961
118,68.328,294.162,535.397
119,68.326,294.212,535.828
120,68.324,294.264,536.255
121,68.322,294.316,536.677
122,68.321,294.370,537.095
123,68.319,294.425,537.508
124,68.317,294.482,537.918
125,68.315,294.540,538.323
126,68.313,294.599,538.724
127,68.311,294.660,539.121
128,68.310,294.722,539.514
129,68.308,294.786,539.902
130,68.306,294.850,540.289
131,68.304,294.917,540.669
132,68.302,294.985,541.047
133,68.300,295.054,541.421
134,68.298,295.124,541.791
135,68.296,295.196,542.158
136,68.294,295.270,542.521
137,68.291,295.345,542.880
138,68.289,295.420,543.238
139,68.287,295.498,543.590
140,68.285,295.577,543.940
141,68.283,295.657,544.287
142,68.281,295.739,544.629
143,68.278,295.822,544.969
144,68.276,295.906,545.306
145,68.274,295.992,545.639
146,68.272,296.080,545.971
147,68.269,296.169,546.298
148,68.267,296.259,546.623
149,68.265,296.351,546.945
150,68.262,296.444,547.264
151,68.260,296.538,547.581
152,68.257,296.635,547.893
153,68.255,296.731,548.205
154,68.253,296.830,548.512
155,68.250,296.930,548.817
156,68.248,297.031,549.120
157,68.245,297.134,549.420
158,68.243,297.238,549.717
159,68.240,297.343,550.011
160,68.237,297.451,550.304
161,68.235,297.559,550.594
162,68.232,297.668,550.882
163,68.230,297.779,551.166
164,68.227,297.891,551.448
165,68.224,298.005,551.728
166,68.221,298.120,552.007
167,68.219,298.236,552.282
168,68.216,298.354,552.555
169,68.213,298.472,552.827
170,68.210,298.593,553.095
171,68.208,298.714,553.362
172,68.205,298.837,553.626
173,68.202,298.960,553.889
174,68.199,299.086,554.149
175,68.196,299.213,554.408
176,68.193,299.340,554.663
177,68.190,299.469,554.918
178,68.187,299.599,555.169
179,68.184,299.732,555.420
180,68.181,299.865,555.668
181,68.178,299.999,555.916
182,68.175,300.134,556.159
183,68.172,300.270,556.403
184,68.169,300.408,556.642
185,68.166,300.547,556.882
186,68.163,300.687,557.118
187,68.160,300.828,557.354
188,68.157,300.971,557.586
189,68.154,301.114,557.819
190,68.150,301.259,558.048
191,68.147,301.405,558.277
192,68.144,301.552,558.502
193,68.141,301.700,558.729
194,68.137,301.849,558.950
195,68.134,301.999,559.173
196,68.131,302.150,559.392
197,68.127,302.303,559.611
198,68.124,302.457,559.827
199,68.121,302.611,560.043
200,68.117,302.767,560.255
201,68.114,302.924,560.469
202,68.110,303.082,560.678
203,68.107,303.241,560.888
204,68.103,303.401,561.095
205,68.100,303.562,561.302
206,68.096,303.724,561.505
207,68.093,303.887,561.710
208,68.089,304.051,561.910
209,68.086,304.216,562.112
210,68.082,304.382,562.310
211,68.079,304.549,562.509
212,68.075,304.717,562.704
213,68.071,304.886,562.900
214,68.068,305.056,563.092
215,68.064,305.227,563.286
216,68.060,305.399,563.476
217,68.057,305.572,563.667
218,68.053,305.745,563.854
219,68.049,305.920,564.043
220,68.045,306.095,564.227
221,68.042,306.271,564.413
222,68.038,306.448,564.596
223,68.034,306.627,564.779
224,68.030,306.805,564.959
225,68.026,306.985,565.140
226,68.022,307.166,565.318
227,68.018,307.347,565.497
228,68.014,307.529,565.672
229,68.011,307.713,565.849
230,68.007,307.896,566.021
231,68.003,308.081,566.196
232,67.999,308.267,566.367
233,67.995,308.453,566.539
234,67.991,308.640,566.707
235,67.987,308.828,566.877
236,67.983,309.016,567.044
237,67.978,309.206,567.212
238,67.974,309.396,567.376
239,67.970,309.587,567.542
240,67.966,309.778,567.704
241,67.962,309.970,567.868
242,67.958,310.163,568.029
243,67.954,310.357,568.191
244,67.949,310.552,568.349
245,67.945,310.747,568.509
246,67.941,310.942,568.665
247,67.937,311.139,568.823
248,67.933,311.336,568.978
249,67.928,311.534,569.134
250,67.924,311.732,569.287
251,67.920,311.931,569.441
252,67.915,312.131,569.592
253,67.911,312.331,569.745
254,67.907,312.532,569.895
255,67.902,312.734,570.045
256,67.898,312.936,570.193
257,67.894,313.139,570.342
258,67.889,313.342,570.488
259,67.885,313.546,570.635
260,67.880,313.751,570.779
261,67.876,313.956,570.925
262,67.871,314.161,571.067
263,67.867,314.368,571.211
264,67.862,314.574,571.352
265,67.858,314.782,571.494
266,67.853,314.990,571.633
267,67.849,315.198,571.774
268,67.844,315.407,571.912
269,67.840,315.616,572.051
270,67.835,315.826,572.187
271,67.830,316.037,572.325
272,67.826,316.248,572.459
273,67.821,316.459,572.595
274,67.816,316.671,572.729
275,67.812,316.883,572.863
276,67.807,317.096,572.995
277,67.802,317.310,573.128
278,67.798,317.523,573.258
279,67.793,317.738,573.390
280,67.788,317.952,573.519
281,67.783,318.168,573.650
282,67.779,318.383,573.777
283,67.774,318.599,573.906
284,67.769,318.816,574.032
285,67.764,319.032,574.160
286,67.759,319.250,574.285
287,67.755,319.467,574.411
288,67.750,319.685,574.535
289,67.745,319.904,574.660
290,67.740,320.123,574.782
291,67.735,320.342,574.906
292,67.730,320.561,575.027
293,67.725,320.781,575.149
294,67.720,321.002,575.269
295,67.715,321.222,575.390
296,67.710,321.443,575.509
297,67.706,321.665,575.629
298,67.701,321.886,575.746
299,67.696,322.108,575.865
300,67.691,322.331,575.981
301,67.685,322.553,576.099
302,67.680,322.776,576.214
303,67.675,323.000,576.330
304,67.670,323.223,576.444
305,67.665,323.447,576.559
306,67.660,323.672,576.672
307,67.655,323.896,576.786
308,67.650,324.121,576.898
309,67.645,324.346,577.011
310,67.640,324.572,577.122
311,67.634,324.797,577.234
312,67.629,325.023,577.343
313,67.624,325.250,577.454
314,67.619,325.476,577.562
315,67.614,325.703,577.672
316,67.609,325.930,577.780
317,67.603,326.157,577.889
318,67.598,326.385,577.995
319,67.593,326.612,578.103
320,67.588,326.840,578.208
321,67.582,327.069,578.315
322,67.577,327.297,578.419
323,67.572,327.526,578.525
324,67.566,327.754,578.629
325,67.561,327.984,578.734
326,67.556,328.213,578.836
327,67.550,328.442,578.940
328,67.545,328.672,579.041
329,67.540,328.902,579.144
330,67.534,329.132,579.245
331,67.529,329.362,579.347
332,67.523,329.593,579.447
333,67.518,329.823,579.548
334,67.512,330.054,579.647
335,67.507,330.285,579.747
336,67.502,330.516,579.845
337,67.496,330.748,579.944
338,67.491,330.979,580.041
339,67.485,331.211,580.140
340,67.480,331.443,580.236
341,67.474,331.675,580.333
342,67.469,331.907,580.429
343,67.463,332.139,580.525
344,67.457,332.371,580.620
345,67.452,332.604,580.716
346,67.446,332.837,580.810
347,67.441,333.069,580.905
348,67.435,333.302,580.997
349,67.429,333.535,581.092
350,67.424,333.768,581.184
351,67.418,334.002,581.277
352,67.413,334.235,581.369
353,67.407,334.469,581.461
354,67.401,334.702,581.552
355,67.396,334.936,581.644
356,67.390,335.170,581.733
357,67.384,335.404,581.825
358,67.378,335.638,581.914
359,67.373,335.872,582.004
360,67.367,336.106,582.092
361,67.361,336.340,582.182
362,67.355,336.574,582.269
363,67.350,336.809,582.358
364,67.344,337.043,582.445
365,67.338,337.278,582.533
366,67.332,337.513,582.619
367,67.327,337.747,582.707
368,67.321,337.982,582.792
369,67.315,338.217,582.879
370,67.309,338.452,582.964
371,67.303,338.687,583.050
372,67.297,338.922,583.134
373,67.291,339.157,583.219
374,67.286,339.392,583.302
375,67.280,339.627,583.387
376,67.274,339.862,583.470
377,67.268,340.097,583.554
378,67.262,340.333,583.636
379,67.256,340.568,583.719
380,67.250,340.803,583.801
381,67.244,341.038,583.883
382,67.238,341.274,583.964
383,67.232,341.509,584.046
384,67.226,341.745,584.126
385,67.220,341.980,584.208
386,67.214,342.216,584.287
387,67.208,342.451,584.368
388,67.202,342.687,584.447
389,67.196,342.922,584.527
390,67.190,343.158,584.606
391,67.184,343.393,584.685
392,67.178,343.629,584.763
393,67.172,343.864,584.842
394,67.165,344.100,584.919
395,67.159,344.335,584.998
396,67.153,344.571,585.074
397,67.147,344.806,585.152
398,67.141,345.042,585.228
399,67.135,345.277,585.305
400,67.129,345.513,585.381
401,67.122,345.748,585.457
402,67.116,345.983,585.532
403,67.110,346.219,585.608
404,67.104,346.454,585.683
405,67.098,346.690,585.758
406,67.091,346.925,585.832
407,67.085,347.160,585.907
408,67.079,347.396,585.980
409,67.073,347.631,586.055
410,67.066,347.866,586.128
411,67.060,348.101,586.202
412,67.054,348.336,586.274
413,67.047,348.572,586.347
414,67.041,348.807,586.419
415,67.035,349.042,586.492
416,67.029,349.277,586.563
417,67.022,349.512,586.635
418,67.016,349.747,586.706
419,67.009,349.981,586.778
420,67.003,350.216,586.848
421,66.997,350.451,586.920
422,66.990,350.686,586.989
423,66.984,350.920,587.060
424,66.977,351.155,587.129
425,66.971,351.390,587.200
426,66.965,351.624,587.268
427,66.958,351.858,587.338
428,66.952,352.093,587.407
429,66.945,352.327,587.476
430,66.939,352.561,587.544
431,66.932,352.795,587.613
432,66.926,353.029,587.680
433,66.919,353.263,587.749
434,66.913,353.497,587.816
435,66.906,353.731,587.884
436,66.900,353.965,587.950
437,66.893,354.199,588.018
438,66.887,354.432,588.084
439,66.880,354.666,588.151
440,66.873,354.899,588.217
441,66.867,355.133,588.283
442,66.860,355.366,588.348
443,66.854,355.599,588.415
444,66.847,355.833,588.479
445,66.840,356.066,588.545
446,66.834,356.299,588.610
447,66.827,356.532,588.675
448,66.820,356.764,588.739
449,66.814,356.997,588.804
450,66.807,357.230,588.867
451,66.800,357.462,588.932
452,66.794,357.695,588.995
453,66.787,357.927,589.059
454,66.780,358.159,589.122
455,66.774,358.391,589.186
456,66.767,358.623,589.248
457,66.760,358.855,589.311
458,66.753,359.087,589.373
459,66.747,359.319,589.436
460,66.740,359.550,589.497
461,66.733,359.782,589.560
462,66.726,360.013,589.621
463,66.719,360.245,589.683
464,66.713,360.476,589.744
465,66.706,360.707,589.806
466,66.699,360.938,589.866
467,66.692,361.169,589.928
468,66.685,361.400,589.987
469,66.678,361.630,590.049
470,66.671,361.861,590.108
471,66.664,362.091,590.169
472,66.658,362.321,590.228
473,66.651,362.552,590.288
474,66.644,362.782,590.347
475,66.637,363.012,590.407
476,66.630,363.241,590.466
477,66.623,363.471,590.525
478,66.616,363.701,590.583
479,66.609,363.930,590.643
480,66.602,364.159,590.700
481,66.595,364.389,590.759
482,66.588,364.618,590.817
483,66.581,364.847,590.875
484,66.574,365.075,590.932
485,66.567,365.304,590.991
486,66.560,365.533,591.047
487,66.553,365.761,591.105
488,66.546,365.989,591.162
489,66.539,366.218,591.219
490,66.532,366.446,591.275
491,66.524,366.674,591.332
492,66.517,366.901,591.388
493,66.510,367.129,591.445
494,66.503,367.356,591.500
495,66.496,367.584,591.557
496,66.489,367.811,591.612
497,66.482,368.038,591.668
498,66.474,368.265,591.723
499,66.467,368.492,591.779
500,66.460,368.719,591.834
501,66.453,368.945,591.889
502,66.446,369.172,591.943
503,66.438,369.398,591.999
504,66.431,369.624,592.053
505,66.424,369.850,592.108
506,66.417,370.076,592.161
507,66.409,370.301,592.216
508,66.402,370.527,592.269
509,66.395,370.752,592.323
510,66.388,370.978,592.376
511,66.380,371.203,592.431
512,66.373,371.428,592.483
513,66.366,371.653,592.537
514,66.358,371.877,592.589
515,66.351,372.102,592.643
516,66.344,372.326,592.695
517,66.336,372.550,592.748
518,66.329,372.774,592.800
519,66.322,372.998,592.853
520,66.314,373.222,592.904
521,66.307,373.446,592.957
522,66.299,373.669,593.008
523,66.292,373.892,593.061
524,66.284,374.115,593.112
525,66.277,374.338,593.164
526,66.270,374.561,593.215
527,66.262,374.784,593.266
528,66.255,375.006,593.317
529,66.247,375.229,593.368
530,66.240,375.451,593.418
531,66.232,375.673,593.470
532,66.225,375.895,593.520
533,66.217,376.117,593.570
534,66.209,376.338,593.620
535,66.202,376.560,593.671
536,66.194,376.781,593.721
537,66.187,377.002,593.771
538,66.179,377.223,593.821
539,66.172,377.444,593.870
540,66.164,377.664,593.920
541,66.156,377.885,593.970
542,66.149,378.105,594.018
543,66.141,378.325,594.067
544,66.133,378.545,594.116
545,66.126,378.765,594.166
546,66.118,378.985,594.214
547,66.110,379.204,594.263
548,66.103,379.423,594.311
549,66.095,379.642,594.360
550,66.087,379.861,594.407
551,66.080,380.080,594.456
552,66.072,380.299,594.504
553,66.064,380.517,594.552
554,66.056,380.736,594.599
555,66.049,380.954,594.647
556,66.041,381.172,594.694
557,66.033,381.389,594.742
558,66.025,381.607,594.789
559,66.017,381.825,594.837
560,66.010,382.042,594.883
561,66.002,382.259,594.931
562,65.994,382.476,594.977
563,65.986,382.693,595.024
564,65.978,382.909,595.070
565,65.970,383.126,595.117
566,65.962,383.342,595.163
567,65.954,383.558,595.210
568,65.947,383.774,595.255
569,65.939,383.990,595.302
570,65.931,384.205,595.347
571,65.923,384.421,595.393
572,65.915,384.636,595.438
573,65.907,384.851,595.485
574,65.899,385.066,595.529
575,65.891,385.280,595.575
576,65.883,385.495,595.620
577,65.875,385.709,595.666
578,65.867,385.923,595.710
579,65.859,386.137,595.756
580,65.851,386.351,595.800
581,65.843,386.565,595.845
582,65.835,386.778,595.889
583,65.827,386.991,595.934
584,65.819,387.205,595.978
585,65.810,387.417,596.023
586,65.802,387.630,596.067
587,65.794,387.843,596.111
588,65.786,388.055,596.155
589,65.778,388.267,596.199
590,65.770,388.479,596.242
591,65.762,388.691,596.287
592,65.753,388.903,596.329
593,65.745,389.114,596.374
594,65.737,389.326,596.416
595,65.729,389.537,596.460
596,65.721,389.748,596.503
597,65.712,389.959,596.546
598,65.704,390.169,596.589
599,65.696,390.380,596.632
600,65.688,390.590,596.674
601,65.679,390.800,596.718
602,65.671,391.010,596.760
603,65.663,391.219,596.803
604,65.655,391.429,596.845
605,65.646,391.638,596.887
606,65.638,391.847,596.929
607,65.630,392.056,596.972
608,65.621,392.265,597.013
609,65.613,392.474,597.056
610,65.604,392.682,597.097
611,65.596,392.890,597.139
612,65.588,393.098,597.180
613,65.579,393.306,597.222
614,65.571,393.514,597.263
615,65.562,393.721,597.305
616,65.554,393.928,597.346
617,65.546,394.136,597.388
618,65.537,394.342,597.428
619,65.529,394.549,597.470
620,65.520,394.756,597.510
621,65.512,394.962,597.551
622,65.503,395.168,597.592
623,65.495,395.374,597.633
624,65.486,395.580,597.673
625,65.477,395.786,597.714
626,65.469,395.991,597.754
627,65.460,396.196,597.795
628,65.452,396.401,597.834
629,65.443,396.606,597.875
630,65.435,396.811,597.914
631,65.426,397.015,597.955
632,65.417,397.220,597.994
633,65.409,397.424,598.035
634,65.400,397.628,598.074
635,65.391,397.832,598.114
636,65.383,398.035,598.153
637,65.374,398.238,598.193
638,65.365,398.442,598.232
639,65.357,398.645,598.271
640,65.348,398.847,598.310
641,65.339,399.050,598.350
642,65.330,399.252,598.388
643,65.322,399.455,598.428
644,65.313,399.657,598.466
645,65.304,399.859,598.505
646,65.295,400.060,598.544
647,65.286,400.262,598.583
648,65.278,400.463,598.621
649,65.269,400.664,598.660
650,65.260,400.865,598.698
651,65.251,401.066,598.736
652,65.242,401.266,598.774
653,65.233,401.467,598.813
654,65.225,401.667,598.850
655,65.216,401.867,598.889
656,65.207,402.066,598.926
657,65.198,402.266,598.965
658,65.189,402.465,599.002
659,65.180,402.665,599.040
660,65.171,402.864,599.077
661,65.162,403.062,599.115
662,65.153,403.261,599.152
663,65.144,403.459,599.190
664,65.135,403.658,599.227
665,65.126,403.856,599.265
666,65.117,404.053,599.301
667,65.108,404.251,599.339
668,65.099,404.449,599.375
669,65.090,404.646,599.413
670,65.081,404.843,599.449
671,65.072,405.040,599.487
672,65.062,405.237,599.523
673,65.053,405.433,599.560
674,65.044,405.629,599.596
675,65.035,405.826,599.633
676,65.026,406.021,599.669
677,65.017,406.217,599.706
678,65.008,406.413,599.742
679,64.998,406.608,599.778
680,64.989,406.803,599.814
681,64.980,406.998,599.851
682,64.971,407.193,599.886
683,64.962,407.388,599.922
684,64.952,407.582,599.958
685,64.943,407.776,599.994
686,64.934,407.970,600.029
687,64.924,408.164,600.066
688,64.915,408.358,600.101
689,64.906,408.551,600.137
690,64.897,408.744,600.172
691,64.887,408.937,600.207
692,64.878,409.130,600.242
693,64.868,409.323,600.278
694,64.859,409.515,600.313
695,64.850,409.707,600.348
696,64.840,409.899,600.383
697,64.831,410.091,600.418
698,64.821,410.283,600.453
699,64.812,410.475,600.488
700,64.803,410.666,600.522
701,64.793,410.857,600.558
702,64.784,411.048,600.592
703,64.774,411.239,600.627
704,64.765,411.429,600.661
705,64.755,411.619,600.696
706,64.746,411.809,600.730
707,64.736,411.999,600.765
708,64.727,412.189,600.798
709,64.717,412.379,600.833
710,64.707,412.568,600.867
711,64.698,412.757,600.901
712,64.688,412.946,600.935
713,64.679,413.135,600.969
714,64.669,413.324,601.003
715,64.659,413.512,601.037
716,64.650,413.700,601.070
717,64.640,413.888,601.104
718,64.630,414.076,601.138
719,64.621,414.263,601.172
720,64.611,414.451,601.205
721,64.601,414.638,601.239
722,64.591,414.825,601.272
723,64.582,415.012,601.305
724,64.572,415.199,601.338
725,64.562,415.385,601.372
726,64.552,415.571,601.405
727,64.543,415.757,601.438
728,64.533,415.943,601.471
729,64.523,416.129,601.504
730,64.513,416.314,601.537
731,64.503,416.500,601.570
732,64.493,416.685,601.602
733,64.484,416.870,601.635
734,64.474,417.054,601.668
735,64.464,417.239,601.701
736,64.454,417.423,601.733
737,64.444,417.607,601.766
738,64.434,417.791,601.798
739,64.424,417.975,601.831
740,64.414,418.158,601.863
741,64.404,418.342,601.895
742,64.394,418.525,601.927
743,64.384,418.708,601.960
744,64.374,418.891,601.991
745,64.364,419.073,602.024
746,64.354,419.256,602.055
747,64.344,419.438,602.088
748,64.334,419.620,602.119
749,64.324,419.802,602.152
750,64.314,419.983,602.183
751,64.304,420.165,602.215
752,64.294,420.346,602.246
753,64.283,420.527,602.278
754,64.273,420.708,602.309
755,64.263,420.888,602.341
756,64.253,421.069,602.372
757,64.243,421.249,602.404
758,64.233,421.429,602.435
759,64.222,421.609,602.467
760,64.212,421.789,602.498
761,64.202,421.968,602.529
762,64.192,422.147,602.560
763,64.181,422.326,602.592
764,64.171,422.505,602.622
765,64.161,422.684,602.654
766,64.151,422.863,602.684
767,64.140,423.041,602.715
768,64.130,423.219,602.746
769,64.120,423.397,602.777
770,64.109,423.575,602.807
771,64.099,423.752,602.838
772,64.089,423.930,602.868
773,64.078,424.107,602.899
774,64.068,424.284,602.929
775,64.057,424.461,602.960
776,64.047,424.637,602.990
777,64.036,424.814,603.021
778,64.026,424.990,603.051
779,64.015,425.166,603.082
780,64.005,425.342,603.111
781,63.994,425.518,603.142
782,63.984,425.693,603.172
783,63.973,425.868,603.202
784,63.963,426.044,603.232
785,63.952,426.218,603.262
786,63.942,426.393,603.292
787,63.931,426.568,603.322
788,63.921,426.742,603.351
789,63.910,426.916,603.381
790,63.899,427.090,603.411
791,63.889,427.264,603.441
792,63.878,427.438,603.470
793,63.867,427.611,603.500
794,63.857,427.784,603.529
795,63.846,427.957,603.559
796,63.835,428.130,603.588
797,63.825,428.303,603.618
798,63.814,428.475,603.647
799,63.803,428.648,603.676
800,63.792,428.820,603.705
801,63.782,428.992,603.735
802,63.771,429.163,603.763
803,63.760,429.335,603.793
804,63.749,429.506,603.822
805,63.738,429.677,603.851
806,63.728,429.848,603.880
807,63.717,430.019,603.909
808,63.706,430.190,603.937
809,63.695,430.360,603.967
810,63.684,430.531,603.995
811,63.673,430.701,604.024
812,63.662,430.871,604.052
813,63.651,431.040,604.082
814,63.640,431.210,604.110
815,63.629,431.379,604.139
816,63.618,431.548,604.167
817,63.607,431.717,604.196
818,63.596,431.886,604.224
819,63.585,432.055,604.252
820,63.574,432.223,604.280
821,63.563,432.391,604.309
822,63.552,432.559,604.337
823,63.541,432.727,604.365
824,63.530,432.895,604.393
825,63.519,433.062,604.422
826,63.508,433.230,604.449
827,63.497,433.397,604.478
828,63.486,433.564,604.505
829,63.475,433.731,604.534
830,63.463,433.897,604.561
831,63.452,434.064,604.589
832,63.441,434.230,604.617
833,63.430,434.396,604.645
834,63.419,434.562,604.672
835,63.407,434.728,604.700
836,63.396,434.893,604.728
837,63.385,435.059,604.756
838,63.374,435.224,604.783
839,63.362,435.389,604.811
840,63.351,435.554,604.838
841,63.340,435.719,604.866
842,63.328,435.883,604.893
843,63.317,436.048,604.920
844,63.306,436.212,604.947
845,63.294,436.376,604.975
846,63.283,436.539,605.002
847,63.272,436.703,605.029
848,63.260,436.867,605.056
849,63.249,437.030,605.084
850,63.237,437.193,605.110
851,63.226,437.356,605.138
852,63.214,437.519,605.164
853,63.203,437.681,605.192
854,63.191,437.844,605.218
855,63.180,438.006,605.245
856,63.168,438.168,605.272
857,63.157,438.330,605.299
858,63.145,438.492,605.325
859,63.134,438.653,605.353
860,63.122,438.815,605.379
861,63.111,438.976,605.406
862,63.099,439.137,605.432
863,63.087,439.298,605.459
864,63.076,439.459,605.485
865,63.064,439.619,605.512
866,63.052,439.780,605.538
867,63.041,439.940,605.565
868,63.029,440.100,605.591
869,63.017,440.260,605.618
870,63.006,440.420,605.643
871,62.994,440.579,605.670
872,62.982,440.739,605.696
873,62.971,440.898,605.722
874,62.959,441.057,605.748
875,62.947,441.216,605.775
876,62.935,441.375,605.800
877,62.923,441.534,605.827
878,62.912,441.692,605.852
879,62.900,441.850,605.879
880,62.888,442.009,605.904
881,62.876,442.167,605.931
882,62.864,442.324,605.956
883,62.852,442.482,605.982
884,62.840,442.639,606.007
885,62.828,442.797,606.034
886,62.816,442.954,606.059
887,62.805,443.111,606.085
888,62.793,443.268,606.110
889,62.781,443.425,606.136
890,62.769,443.581,606.161
891,62.757,443.738,606.187
892,62.745,443.894,606.212
893,62.733,444.050,606.238
894,62.721,444.206,606.263
895,62.709,444.362,606.289
896,62.696,444.517,606.314
897,62.684,444.673,606.340
898,62.672,444.828,606.365
899,62.660,444.983,606.390
900,62.648,445.138,606.415
901,62.636,445.293,606.441
902,62.624,445.448,606.465
903,62.612,445.602,606.491
904,62.599,445.757,606.516
905,62.587,445.911,606.541
906,62.575,446.065,606.566
907,62.563,446.219,606.591
908,62.551,446.373,606.616
909,62.538,446.527,606.641
910,62.526,446.680,606.665
911,62.514,446.834,606.691
912,62.502,446.987,606.715
913,62.489,447.140,606.740
914,62.477,447.293,606.764
915,62.465,447.446,606.790
916,62.452,447.598,606.814
917,62.440,447.751,606.839
918,62.428,447.903,606.863
919,62.415,448.056,606.888
920,62.403,448.208,606.912
921,62.390,448.360,606.937
922,62.378,448.511,606.961
923,62.366,448.663,606.986
924,62.353,448.815,607.010
925,62.341,448.966,607.035
926,62.328,449.117,607.059
927,62.316,449.268,607.084
928,62.303,449.419,607.107
929,62.291,449.570,607.132
930,62.278,449.721,607.156
931,62.266,449.871,607.181
932,62.253,450.022,607.204
933,62.240,450.172,607.229
934,62.228,450.322,607.252
935,62.215,450.472,607.277
936,62.203,450.623,607.301
937,62.190,450.772,607.325
938,62.177,450.922,607.349
939,62.165,451.072,607.373
940,62.152,451.221,607.396
941,62.139,451.370,607.421
942,62.127,451.520,607.444
943,62.114,451.669,607.468
944,62.101,451.818,607.492
945,62.089,451.966,607.516
946,62.076,452.115,607.539
947,62.063,452.263,607.563
948,62.050,452.412,607.587
949,62.037,452.560,607.611
950,62.025,452.708,607.634
951,62.012,452.856,607.658
952,61.999,453.004,607.681
953,61.986,453.151,607.705
954,61.973,453.299,607.728
955,61.960,453.446,607.752
956,61.948,453.594,607.775
957,61.935,453.741,607.799
958,61.922,453.888,607.822
959,61.909,454.035,607.845
960,61.896,454.182,607.868
961,61.883,454.328,607.892
962,61.870,454.475,607.915
963,61.857,454.621,607.939
964,61.844,454.768,607.961
965,61.831,454.914,607.985
966,61.818,455.060,608.008
967,61.805,455.206,608.031
968,61.792,455.352,608.054
969,61.779,455.498,608.077
970,61.766,455.643,608.100
971,61.753,455.789,608.123
972,61.740,455.934,608.146
973,61.727,456.080,608.169
974,61.713,456.225,608.192
975,61.700,456.370,608.215
976,61.687,456.515,608.238
977,61.674,456.660,608.261
978,61.661,456.804,608.283
979,61.648,456.949,608.307
980,61.634,457.093,608.329
981,61.621,457.238,608.352
982,61.608,457.382,608.374
983,61.595,457.526,608.397
984,61.581,457.670,608.420
985,61.568,457.814,608.443
986,61.555,457.958,608.465
987,61.542,458.102,608.488
988,61.528,458.245,608.510
989,61.515,458.389,608.533
990,61.502,458.532,608.555
991,61.488,458.675,608.578
992,61.475,458.819,608.600
993,61.462,458.962,608.623
994,61.448,459.105,608.645
995,61.435,459.248,608.668
996,61.421,459.390,608.689
997,61.408,459.533,608.712
998,61.394,459.675,608.734
999,61.381,459.818,608.757
1000,61.368,459.960,608.779
1001,61.354,460.103,608.801
1002,61.341,460.245,608.823
1003,61.327,460.387,608.845
1004,61.314,460.529,608.867
1005,61.300,460.670,608.890
1006,61.286,460.812,608.911
1007,61.273,460.954,608.934
1008,61.259,461.095,608.955
1009,61.246,461.237,608.978
1010,61.232,461.378,608.999
1011,61.218,461.519,609.022
1012,61.205,461.660,609.043
1013,61.191,461.801,609.066
1014,61.178,461.942,609.087
1015,61.164,462.083,609.109
1016,61.150,462.224,609.131
1017,61.136,462.365,609.153
1018,61.123,462.505,609.174
1019,61.109,462.646,609.197
1020,61.095,462.786,609.218
1021,61.082,462.926,609.240
1022,61.068,463.066,609.261
1023,61.054,463.207,609.283
1024,61.040,463.347,609.305
1025,61.026,463.486,609.327
1026,61.013,463.626,609.348
1027,60.999,463.766,609.370
1028,60.985,463.906,609.391
1029,60.971,464.045,609.413
1030,60.957,464.184,609.434
1031,60.943,464.324,609.456
1032,60.929,464.463,609.477
1033,60.916,464.602,609.499
1034,60.902,464.741,609.520
1035,60.888,464.880,609.542
1036,60.874,465.019,609.563
1037,60.860,465.158,609.584
1038,60.846,465.297,609.605
1039,60.832,465.435,609.627
1040,60.818,465.574,609.648
1041,60.804,465.712,609.669
1042,60.790,465.851,609.690
1043,60.776,465.989,609.712
1044,60.762,466.127,609.733
1045,60.748,466.265,609.754
1046,60.734,466.403,609.775
1047,60.719,466.541,609.796
1048,60.705,466.679,609.817
1049,60.691,466.817,609.839
1050,60.677,466.955,609.859
1051,60.663,467.092,609.881
1052,60.649,467.230,609.901
1053,60.635,467.367,609.923
1054,60.620,467.505,609.943
1055,60.606,467.642,609.964
1056,60.592,467.779,609.985
1057,60.578,467.916,610.006
1058,60.564,468.053,610.027
1059,60.549,468.190,610.048
1060,60.535,468.327,610.068
1061,60.521,468.464,610.090
1062,60.506,468.601,610.110
1063,60.492,468.737,610.131
1064,60.478,468.874,610.152
1065,60.463,469.010,610.173
1066,60.449,469.147,610.193
1067,60.435,469.283,610.214
1068,60.420,469.419,610.234
1069,60.406,469.555,610.255
1070,60.392,469.691,610.275
1071,60.377,469.827,610.296
1072,60.363,469.963,610.317
1073,60.348,470.099,610.338
1074,60.334,470.235,610.358
1075,60.319,470.371,610.379
1076,60.305,470.506,610.399
1077,60.290,470.642,610.420
1078,60.276,470.777,610.440
1079,60.261,470.913,610.460
1080,60.247,471.048,610.480
1081,60.232,471.183,610.501
1082,60.218,471.318,610.521
1083,60.203,471.454,610.542
1084,60.189,471.589,610.562
1085,60.174,471.724,610.583
1086,60.159,471.858,610.603
1087,60.145,471.993,610.623
1088,60.130,472.128,610.643
1089,60.115,472.263,610.664
1090,60.101,472.397,610.683
1091,60.086,472.532,610.704
1092,60.071,472.666,610.724
1093,60.057,472.800,610.744
1094,60.042,472.935,610.764
1095,60.027,473.069,610.785
1096,60.012,473.203,610.804
1097,59.998,473.337,610.825
1098,59.983,473.471,610.844
1099,59.968,473.605,610.865
1100,59.953,473.739,610.884
1101,59.939,473.873,610.905
1102,59.924,474.007,610.924
1103,59.909,474.140,610.945
1104,59.894,474.274,610.964
1105,59.879,474.407,610.985
1106,59.864,474.541,611.004
1107,59.849,474.674,611.024
1108,59.834,474.807,611.044
1109,59.820,474.941,611.064
1110,59.805,475.074,611.084
1111,59.790,475.207,611.104
1112,59.775,475.340,611.123
1113,59.760,475.473,611.143
1114,59.745,475.606,611.163
1115,59.730,475.739,611.183
1116,59.715,475.872,611.202
1117,59.700,476.004,611.222
1118,59.685,476.137,611.241
1119,59.670,476.269,611.261
1120,59.655,476.402,611.281
1121,59.639,476.534,611.301
1122,59.624,476.667,611.320
1123,59.609,476.799,611.340
1124,59.594,476.931,611.359
1125,59.579,477.064,611.379
1126,59.564,477.196,611.398
1127,59.549,477.328,611.418
1128,59.534,477.460,611.437
1129,59.518,477.592,611.457
1130,59.503,477.723,611.476
1131,59.488,477.855,611.496
1132,59.473,477.987,611.515
1133,59.457,478.119,611.535
1134,59.442,478.250,611.554
1135,59.427,478.382,611.574
1136,59.412,478.513,611.593
1137,59.396,478.645,611.612
1138,59.381,478.776,611.631
1139,59.366,478.907,611.651
1140,59.350,479.038,611.670
1141,59.335,479.169,611.690
1142,59.320,479.301,611.708
1143,59.304,479.432,611.728
1144,59.289,479.563,611.747
1145,59.273,479.693,611.766
1146,59.258,479.824,611.785
1147,59.243,479.955,611.805
1148,59.227,480.086,611.824
1149,59.212,480.216,611.843
1150,59.196,480.347,611.862
1151,59.181,480.477,611.881
1152,59.165,480.608,611.900
1153,59.150,480.738,611.920
1154,59.134,480.869,611.938
1155,59.119,480.999,611.958
1156,59.103,481.129,611.976
1157,59.088,481.259,611.996
1158,59.072,481.389,612.014
1159,59.056,481.519,612.034
1160,59.041,481.649,612.052
1161,59.025,481.779,612.072
1162,59.010,481.909,612.090
1163,58.994,482.039,612.109
1164,58.978,482.169,612.128
1165,58.963,482.298,612.147
1166,58.947,482.428,612.166
1167,58.931,482.557,612.185
1168,58.915,482.687,612.203
1169,58.900,482.816,612.223
1170,58.884,482.946,612.241
1171,58.868,483.075,612.260
1172,58.852,483.204,612.279
1173,58.837,483.333,612.298
1174,58.821,483.463,612.316
1175,58.805,483.592,612.335
1176,58.789,483.721,612.354
1177,58.773,483.850,612.373
1178,58.757,483.978,612.391
1179,58.742,484.107,612.410
1180,58.726,484.236,612.428
1181,58.710,484.365,612.447
1182,58.694,484.493,612.466
1183,58.678,484.622,612.484
1184,58.662,484.750,612.503
1185,58.646,484.879,612.522
1186,58.630,485.007,612.540
1187,58.614,485.136,612.559
1188,58.598,485.264,612.577
1189,58.582,485.392,612.596
1190,58.566,485.520,612.614
1191,58.550,485.648,612.633
1192,58.534,485.777,612.651
1193,58.518,485.905,612.670
1194,58.502,486.032,612.688
1195,58.486,486.160,612.707
1196,58.470,486.288,612.725
1197,58.454,486.416,612.743
1198,58.437,486.544,612.762
1199,58.421,486.671,612.780
1200,58.405,486.799,612.798
1201,58.389,486.926,612.817
1202,58.373,487.054,612.835
1203,58.357,487.181,612.854
1204,58.340,487.309,612.872
1205,58.324,487.436,612.890
1206,58.308,487.563,612.908
1207,58.292,487.690,612.927
1208,58.275,487.817,612.945
1209,58.259,487.945,612.963
1210,58.243,488.072,612.981
1211,58.226,488.199,613.000
1212,58.210,488.325,613.018
1213,58.194,488.452,613.036
1214,58.177,488.579,613.054
1215,58.161,488.706,613.072
1216,58.145,488.832,613.090
1217,58.128,488.959,613.109
1218,58.112,489.086,613.127
1219,58.095,489.212,613.145
1220,58.079,489.339,613.163
1221,58.063,489.465,613.181
1222,58.046,489.591,613.199
1223,58.030,489.717,613.217
1224,58.013,489.844,613.235
1225,57.997,489.970,613.253
1226,57.980,490.096,613.271
1227,57.964,490.222,613.289
1228,57.947,490.348,613.307
1229,57.930,490.474,613.325
1230,57.914,490.600,613.343
1231,57.897,490.726,613.361
1232,57.881,490.851,613.379
1233,57.864,490.977,613.397
1234,57.847,491.103,613.415
1235,57.831,491.228,613.433
1236,57.814,491.354,613.451
1237,57.797,491.479,613.469
1238,57.781,491.605,613.486
1239,57.764,491.730,613.504
1240,57.747,491.855,613.522
1241,57.731,491.981,613.540
1242,57.714,492.106,613.558
1243,57.697,492.231,613.576
1244,57.680,492.356,613.593
1245,57.663,492.481,613.611
1246,57.647,492.606,613.629
1247,57.630,492.731,613.647
1248,57.613,492.856,613.664
1249,57.596,492.980,613.682
1250,57.579,493.105,613.700
1251,57.562,493.230,613.718
1252,57.546,493.354,613.735
1253,57.529,493.479,613.753
1254,57.512,493.603,613.771
1255,57.495,493.728,613.788
1256,57.478,493.852,613.806
1257,57.461,493.977,613.824
1258,57.444,494.101,613.841
1259,57.427,494.225,613.859
1260,57.410,494.349,613.876
1261,57.393,494.473,613.894
1262,57.376,494.597,613.912
1263,57.359,494.721,613.929
1264,57.342,494.845,613.947
1265,57.325,494.969,613.964
1266,57.308,495.093,613.982
1267,57.290,495.217,614.000
1268,57.273,495.341,614.017
1269,57.256,495.464,614.035
1270,57.239,495.588,614.052
1271,57.222,495.711,614.070
1272,57.205,495.835,614.087
1273,57.187,495.958,614.104
1274,57.170,496.082,614.122
1275,57.153,496.205,614.139
1276,57.136,496.328,614.157
1277,57.119,496.451,614.174
1278,57.101,496.575,614.191
1279,57.084,496.698,614.209
1280,57.067,496.821,614.226
1281,57.049,496.944,614.244
1282,57.032,497.067,614.261
1283,57.015,497.190,614.279
1284,56.997,497.312,614.296
1285,56.980,497.435,614.313
1286,56.963,497.558,614.330
1287,56.945,497.680,614.348
1288,56.928,497.803,614.365
1289,56.910,497.926,614.383
1290,56.893,498.048,614.400
1291,56.876,498.170,614.417
1292,56.858,498.293,614.434
1293,56.841,498.415,614.452
1294,56.823,498.537,614.469
1295,56.806,498.659,614.486
1296,56.788,498.782,614.503
1297,56.771,498.904,614.521
1298,56.753,499.026,614.538
1299,56.735,499.148,614.555
1300,56.718,499.270,614.572
1301,56.700,499.391,614.589
1302,56.683,499.513,614.606
1303,56.665,499.635,614.624
1304,56.647,499.757,614.641
1305,56.630,499.878,614.658
1306,56.612,500.000,614.675
1307,56.594,500.121,614.692
1308,56.577,500.243,614.709
1309,56.559,500.364,614.726
1310,56.541,500.485,614.743
1311,56.523,500.607,614.761
1312,56.506,500.728,614.778
1313,56.488,500.849,614.795
1314,56.470,500.970,614.812
1315,56.452,501.091,614.829
1316,56.435,501.212,614.846
1317,56.417,501.333,614.863
1318,56.399,501.454,614.880
1319,56.381,501.575,614.897
1320,56.363,501.696,614.914
1321,56.345,501.816,614.931
1322,56.327,501.937,614.948
1323,56.309,502.058,614.965
1324,56.292,502.178,614.982
1325,56.274,502.299,614.999
1326,56.256,502.419,615.016
1327,56.238,502.539,615.033
1328,56.220,502.660,615.050
1329,56.202,502.780,615.067
1330,56.184,502.900,615.084
1331,56.166,503.020,615.101
1332,56.148,503.140,615.117
1333,56.130,503.260,615.134
1334,56.111,503.380,615.151
1335,56.093,503.500,615.168
1336,56.075,503.620,615.185
1337,56.057,503.740,615.202
1338,56.039,503.860,615.219
1339,56.021,503.979,615.236
1340,56.003,504.099,615.252
1341,55.985,504.219,615.269
1342,55.966,504.338,615.286
1343,55.948,504.458,615.303
1344,55.930,504.577,615.320
1345,55.912,504.696,615.337
1346,55.893,504.816,615.353
1347,55.875,504.935,615.370
1348,55.857,505.054,615.387
1349,55.839,505.173,615.404
1350,55.820,505.292,615.420
1351,55.802,505.411,615.437
1352,55.784,505.530,615.454
1353,55.765,505.649,615.471
1354,55.747,505.768,615.487
1355,55.729,505.886,615.504
1356,55.710,506.005,615.521
1357,55.692,506.124,615.538
1358,55.673,506.242,615.554
1359,55.655,506.361,615.571
1360,55.637,506.479,615.588
1361,55.618,506.598,615.605
1362,55.600,506.716,615.621
1363,55.581,506.834,615.638
1364,55.563,506.953,615.654
1365,55.544,507.071,615.671
1366,55.526,507.189,615.688
1367,55.507,507.307,615.705
1368,55.488,507.425,615.721
1369,55.470,507.543,615.738
1370,55.451,507.661,615.754
1371,55.433,507.779,615.771
1372,55.414,507.896,615.787
1373,55.395,508.014,615.804
1374,55.377,508.132,615.821
1375,55.358,508.249,615.837
1376,55.339,508.367,615.854
1377,55.321,508.484,615.871
1378,55.302,508.602,615.887
1379,55.283,508.719,615.904
1380,55.265,508.836,615.920
1381,55.246,508.954,615.937
1382,55.227,509.071,615.953
1383,55.208,509.188,615.970
1384,55.189,509.305,615.986
1385,55.171,509.422,616.003
1386,55.152,509.539,616.019
1387,55.133,509.656,616.036
1388,55.114,509.773,616.052
1389,55.095,509.889,616.069
1390,55.076,510.006,616.085
1391,55.057,510.123,616.102
1392,55.039,510.239,616.118
1393,55.020,510.356,616.135
1394,55.001,510.472,616.151
1395,54.982,510.589,616.168
1396,54.963,510.705,616.184
1397,54.944,510.821,616.201
1398,54.925,510.938,616.217
1399,54.906,511.054,616.234
1400,54.887,511.170,616.250
1401,54.868,511.286,616.267
1402,54.849,511.402,616.283
1403,54.830,511.518,616.300
1404,54.811,511.634,616.316
1405,54.791,511.750,616.332
1406,54.772,511.865,616.349
1407,54.753,511.981,616.365
1408,54.734,512.097,616.381
1409,54.715,512.212,616.398
1410,54.696,512.328,616.414
1411,54.677,512.443,616.431
1412,54.657,512.559,616.447
1413,54.638,512.674,616.464
1414,54.619,512.789,616.480
1415,54.600,512.905,616.496
1416,54.581,513.020,616.512
1417,54.561,513.135,616.529
1418,54.542,513.250,616.545
1419,54.523,513.365,616.562
1420,54.503,513.480,616.578
1421,54.484,513.595,616.594
1422,54.465,513.710,616.611
1423,54.445,513.824,616.627
1424,54.426,513.939,616.643
1425,54.407,514.054,616.660
1426,54.387,514.168,616.676
1427,54.368,514.283,616.692
1428,54.349,514.397,616.708
1429,54.329,514.512,616.725
1430,54.310,514.626,616.741
1431,54.290,514.740,616.757
1432,54.271,514.854,616.774
1433,54.251,514.968,616.790
1434,54.232,515.083,616.806
1435,54.212,515.197,616.823
1436,54.193,515.311,616.839
1437,54.173,515.424,616.855
1438,54.154,515.538,616.871
1439,54.134,515.652,616.888
1440,54.115,515.766,616.904
1441,54.095,515.879,616.920
1442,54.075,515.993,616.936
1443,54.056,516.107,616.953
1444,54.036,516.220,616.969
1445,54.016,516.333,616.985
1446,53.997,516.447,617.001
1447,53.977,516.560,617.018
1448,53.957,516.673,617.034
1449,53.938,516.786,617.050
1450,53.918,516.900,617.066
1451,53.898,517.013,617.082
1452,53.879,517.126,617.098
1453,53.859,517.238,617.115
1454,53.839,517.351,617.131
1455,53.819,517.464,617.147
1456,53.799,517.577,617.163
1457,53.780,517.690,617.180
1458,53.760,517.802,617.196
1459,53.740,517.915,617.212
1460,53.720,518.027,617.228
1461,53.700,518.140,617.244
1462,53.680,518.252,617.260
1463,53.661,518.364,617.277
1464,53.641,518.477,617.293
1465,53.621,518.589,617.309
1466,53.601,518.701,617.325
1467,53.581,518.813,617.341
1468,53.561,518.925,617.357
1469,53.541,519.037,617.373
1470,53.521,519.149,617.389
1471,53.501,519.260,617.406
1472,53.481,519.372,617.422
1473,53.461,519.484,617.438
1474,53.441,519.595,617.454
1475,53.421,519.707,617.470
1476,53.401,519.819,617.486
1477,53.381,519.930,617.503
1478,53.361,520.041,617.518
1479,53.341,520.153,617.535
1480,53.320,520.264,617.551
1481,53.300,520.375,617.567
1482,53.280,520.486,617.583
1483,53.260,520.597,617.599
1484,53.240,520.708,617.615
1485,53.220,520.819,617.631
1486,53.200,520.930,617.647
1487,53.179,521.041,617.664
1488,53.159,521.152,617.679
1489,53.139,521.262,617.696
1490,53.119,521.373,617.712
1491,53.098,521.483,617.728
1492,53.078,521.594,617.744
1493,53.058,521.704,617.760
1494,53.038,521.815,617.776
1495,53.017,521.925,617.792
1496,52.997,522.035,617.808
1497,52.977,522.145,617.824
1498,52.956,522.255,617.840
1499,52.936,522.365,617.857
1500,52.916,522.475,617.872
1501,52.895,522.585,617.889
1502,52.875,522.695,617.904
1503,52.854,522.805,617.921
1504,52.834,522.915,617.937
1505,52.814,523.024,617.953
1506,52.793,523.134,617.969
1507,52.773,523.243,617.985
1508,52.752,523.353,618.001
1509,52.732,523.462,618.017
1510,52.711,523.572,618.033
1511,52.691,523.681,618.049
1512,52.670,523.790,618.065
1513,52.650,523.899,618.081
1514,52.629,524.008,618.097
1515,52.609,524.117,618.113
1516,52.588,524.226,618.129
1517,52.568,524.335,618.145
1518,52.547,524.444,618.161
1519,52.526,524.553,618.177
1520,52.506,524.661,618.193
1521,52.485,524.770,618.209
1522,52.464,524.878,618.225
1523,52.444,524.987,618.241
1524,52.423,525.095,618.257
1525,52.402,525.204,618.273
1526,52.382,525.312,618.289
1527,52.361,525.420,618.305
1528,52.340,525.528,618.321
1529,52.320,525.636,618.337
1530,52.299,525.744,618.353
1531,52.278,525.852,618.369
1532,52.257,525.960,618.385
1533,52.237,526.068,618.401
1534,52.216,526.176,618.417
1535,52.195,526.284,618.433
1536,52.174,526.391,618.449
1537,52.154,526.499,618.465
1538,52.133,526.606,618.481
1539,52.112,526.714,618.497
1540,52.091,526.821,618.513
1541,52.070,526.928,618.529
1542,52.049,527.036,618.545
1543,52.028,527.143,618.561
1544,52.008,527.250,618.577
1545,51.987,527.357,618.593
1546,51.966,527.464,618.609
1547,51.945,527.571,618.625
1548,51.924,527.677,618.641
1549,51.903,527.784,618.657
1550,51.882,527.891,618.673
1551,51.861,527.998,618.689
1552,51.840,528.104,618.705
1553,51.819,528.211,618.721
1554,51.798,528.317,618.737
1555,51.777,528.423,618.753
1556,51.756,528.530,618.769
1557,51.735,528.636,618.785
1558,51.714,528.742,618.801
1559,51.693,528.848,618.817
1560,51.672,528.954,618.833
1561,51.651,529.060,618.849
1562,51.630,529.166,618.865
1563,51.609,529.272,618.881
1564,51.587,529.378,618.897
1565,51.566,529.483,618.913
1566,51.545,529.589,618.929
1567,51.524,529.694,618.945
1568,51.503,529.800,618.960
1569,51.482,529.905,618.977
1570,51.461,530.011,618.992
1571,51.439,530.116,619.009
1572,51.418,530.221,619.024
1573,51.397,530.326,619.041
1574,51.376,530.431,619.056
1575,51.354,530.536,619.072
1576,51.333,530.641,619.088
1577,51.312,530.746,619.104
1578,51.291,530.851,619.120
1579,51.269,530.955,619.136
1580,51.248,531.060,619.152
1581,51.227,531.165,619.168
1582,51.206,531.269,619.184
1583,51.184,531.374,619.200
1584,51.163,531.478,619.216
1585,51.142,531.582,619.232
1586,51.120,531.686,619.248
1587,51.099,531.791,619.264
1588,51.078,531.895,619.280
1589,51.056,531.999,619.296
1590,51.035,532.103,619.311
1591,51.013,532.207,619.328
1592,50.992,532.310,619.343
1593,50.971,532.414,619.360
1594,50.949,532.518,619.375
1595,50.928,532.621,619.391
1596,50.906,532.725,619.407
1597,50.885,532.828,619.423
1598,50.863,532.932,619.439
1599,50.842,533.035,619.455
1600,50.820,533.138,619.471
1601,50.799,533.241,619.487
1602,50.777,533.344,619.503
1603,50.756,533.447,619.519
1604,50.734,533.550,619.535
1605,50.713,533.653,619.551
1606,50.691,533.756,619.567
1607,50.670,533.859,619.583
1608,50.648,533.961,619.598
1609,50.627,534.064,619.615
1610,50.605,534.167,619.630
1611,50.583,534.269,619.647
1612,50.562,534.371,619.662
1613,50.540,534.474,619.678
1614,50.519,534.576,619.694
1615,50.497,534.678,619.710
1616,50.475,534.780,619.726
1617,50.454,534.882,619.742
1618,50.432,534.984,619.758
1619,50.410,535.086,619.774
1620,50.389,535.188,619.790
1621,50.367,535.290,619.806
1622,50.345,535.391,619.822
1623,50.324,535.493,619.838
1624,50.302,535.594,619.853
1625,50.280,535.696,619.870
1626,50.259,535.797,619.885
1627,50.237,535.898,619.902
1628,50.215,536.000,619.917
1629,50.193,536.101,619.933
1630,50.172,536.202,619.949
1631,50.150,536.303,619.965
1632,50.128,536.404,619.981
1633,50.106,536.505,619.997
1634,50.084,536.605,620.013
1635,50.063,536.706,620.029
1636,50.041,536.807,620.045
1637,50.019,536.907,620.061
1638,49.997,537.008,620.076
1639,49.975,537.108,620.093
1640,49.953,537.208,620.108
1641,49.932,537.309,620.125
1642,49.910,537.409,620.140
1643,49.888,537.509,620.156
1644,49.866,537.609,620.172
1645,49.844,537.709,620.188
1646,49.822,537.809,620.204
1647,49.800,537.908,620.220
1648,49.778,538.008,620.236
1649,49.756,538.108,620.252
1650,49.734,538.207,620.268
1651,49.712,538.307,620.284
1652,49.691,538.406,620.299
1653,49.669,538.506,620.316
1654,49.647,538.605,620.331
1655,49.625,538.704,620.348
1656,49.603,538.803,620.363
1657,49.581,538.902,620.379
1658,49.559,539.001,620.395
1659,49.537,539.100,620.411
1660,49.515,539.199,620.427
1661,49.493,539.298,620.443
1662,49.471,539.396,620.459
1663,49.449,539.495,620.475
1664,49.426,539.593,620.491
1665,49.404,539.692,620.507
1666,49.382,539.790,620.522
1667,49.360,539.888,620.539
1668,49.338,539.987,620.554
1669,49.316,540.085,620.571
1670,49.294,540.183,620.586
1671,49.272,540.281,620.602
1672,49.250,540.379,620.618
1673,49.228,540.476,620.634
1674,49.206,540.574,620.650
1675,49.183,540.672,620.666
1676,49.161,540.769,620.682
1677,49.139,540.867,620.698
1678,49.117,540.964,620.713
1679,49.095,541.062,620.730
1680,49.073,541.159,620.745
1681,49.050,541.256,620.762
1682,49.028,541.353,620.777
1683,49.006,541.450,620.793
1684,48.984,541.547,620.809
1685,48.962,541.644,620.825
1686,48.939,541.741,620.841
1687,48.917,541.837,620.857
1688,48.895,541.934,620.873
1689,48.873,542.031,620.889
1690,48.850,542.127,620.905
1691,48.828,542.223,620.921
1692,48.806,542.320,620.936
1693,48.784,542.416,620.953
1694,48.761,542.512,620.968
1695,48.739,542.608,620.984
1696,48.717,542.704,621.000
1697,48.695,542.800,621.016
1698,48.672,542.896,621.032
1699,48.650,542.992,621.048
1700,48.628,543.087,621.064
1701,48.605,543.183,621.080
1702,48.583,543.278,621.095
1703,48.561,543.374,621.112
1704,48.538,543.469,621.127
1705,48.516,543.564,621.144
1706,48.494,543.660,621.159
1707,48.471,543.755,621.175
1708,48.449,543.850,621.191
1709,48.426,543.945,621.207
1710,48.404,544.039,621.223
1711,48.382,544.134,621.239
1712,48.359,544.229,621.255
1713,48.337,544.323,621.271
1714,48.314,544.418,621.286
1715,48.292,544.512,621.303
1716,48.270,544.607,621.318
1717,48.247,544.701,621.334
1718,48.225,544.795,621.350
1719,48.202,544.889,621.366
1720,48.180,544.983,621.382
1721,48.157,545.077,621.398
1722,48.135,545.171,621.414
1723,48.112,545.265,621.430
1724,48.090,545.359,621.445
1725,48.067,545.452,621.462
1726,48.045,545.546,621.477
1727,48.022,545.639,621.493
1728,48.000,545.733,621.509
1729,47.977,545.826,621.525
1730,47.955,545.919,621.541
1731,47.932,546.012,621.557
1732,47.910,546.105,621.572
1733,47.887,546.198,621.589
1734,47.865,546.291,621.604
1735,47.842,546.384,621.620
1736,47.820,546.477,621.636
1737,47.797,546.569,621.652
1738,47.774,546.662,621.668
1739,47.752,546.754,621.684
1740,47.729,546.846,621.699
1741,47.707,546.939,621.716
1742,47.684,547.031,621.731
1743,47.662,547.123,621.748
1744,47.639,547.215,621.763
1745,47.616,547.307,621.779
1746,47.594,547.399,621.795
1747,47.571,547.491,621.811
1748,47.548,547.582,621.826
1749,47.526,547.674,621.843
1750,47.503,547.765,621.858
1751,47.481,547.857,621.874
1752,47.458,547.948,621.890
1753,47.435,548.039,621.906
1754,47.413,548.130,621.922
1755,47.390,548.222,621.938
1756,47.367,548.312,621.953
1757,47.345,548.403,621.970
1758,47.322,548.494,621.985
1759,47.299,548.585,622.001
1760,47.276,548.676,622.017
1761,47.254,548.766,622.033
1762,47.231,548.857,622.048
1763,47.208,548.947,622.065
1764,47.186,549.037,622.080
1765,47.163,549.127,622.096
1766,47.140,549.218,622.112
1767,47.117,549.308,622.128
1768,47.095,549.397,622.144
1769,47.072,549.487,622.160
1770,47.049,549.577,622.175
1771,47.026,549.667,622.191
1772,47.004,549.756,622.207
1773,46.981,549.846,622.223
1774,46.958,549.935,622.239
1775,46.935,550.025,622.255
1776,46.913,550.114,622.270
1777,46.890,550.203,622.286
1778,46.867,550.292,622.302
1779,46.844,550.381,622.318
1780,46.821,550.470,622.333
1781,46.799,550.559,622.350
1782,46.776,550.647,622.365
1783,46.753,550.736,622.381
1784,46.730,550.824,622.397
1785,46.707,550.913,622.413
1786,46.684,551.001,622.428
1787,46.662,551.090,622.445
1788,46.639,551.178,622.460
1789,46.616,551.266,622.476
1790,46.593,551.354,622.491
1791,46.570,551.442,622.508
1792,46.547,551.529,622.523
1793,46.524,551.617,622.539
1794,46.501,551.705,622.555
1795,46.479,551.792,622.571
1796,46.456,551.880,622.586
1797,46.433,551.967,622.602
1798,46.410,552.054,622.618
1799,46.387,552.142,622.634
1800,46.364,552.229,622.649
1801,46.341,552.316,622.666
1802,46.318,552.402,622.681
1803,46.295,552.489,622.697
1804,46.272,552.576,622.712
1805,46.249,552.663,622.729
1806,46.226,552.749,622.744
1807,46.204,552.836,622.760
1808,46.181,552.922,622.775
1809,46.158,553.008,622.792
1810,46.135,553.094,622.807
1811,46.112,553.180,622.823
1812,46.089,553.266,622.838
1813,46.066,553.352,622.855
1814,46.043,553.438,622.870
1815,46.020,553.524,622.886
1816,45.997,553.609,622.901
1817,45.974,553.695,622.918
1818,45.951,553.780,622.933
1819,45.928,553.866,622.949
1820,45.905,553.951,622.964
1821,45.882,554.036,622.980
1822,45.859,554.121,622.996
1823,45.836,554.206,623.012
1824,45.813,554.291,623.027
1825,45.790,554.376,623.043
1826,45.767,554.460,623.059
1827,45.744,554.545,623.075
1828,45.721,554.630,623.090
1829,45.698,554.714,623.106
1830,45.674,554.798,623.121
1831,45.651,554.882,623.138
1832,45.628,554.967,623.153
1833,45.605,555.051,623.169
1834,45.582,555.135,623.184
1835,45.559,555.218,623.200
1836,45.536,555.302,623.215
1837,45.513,555.386,623.232
1838,45.490,555.469,623.247
1839,45.467,555.553,623.263
1840,45.444,555.636,623.278
1841,45.421,555.719,623.294
1842,45.397,555.803,623.309
1843,45.374,555.886,623.326
1844,45.351,555.969,623.341
1845,45.328,556.052,623.357
1846,45.305,556.134,623.372
1847,45.282,556.217,623.388
1848,45.259,556.300,623.403
1849,45.236,556.382,623.419
1850,45.212,556.465,623.435
1851,45.189,556.547,623.451
1852,45.166,556.629,623.466
1853,45.143,556.711,623.482
1854,45.120,556.793,623.497
1855,45.097,556.875,623.513
1856,45.074,556.957,623.528
1857,45.050,557.039,623.544
1858,45.027,557.121,623.559
1859,45.004,557.202,623.575
1860,44.981,557.284,623.591
1861,44.958,557.365,623.607
1862,44.934,557.446,623.622
1863,44.911,557.527,623.638
1864,44.888,557.609,623.653
1865,44.865,557.690,623.669
1866,44.842,557.770,623.684
1867,44.818,557.851,623.700
1868,44.795,557.932,623.715
1869,44.772,558.013,623.731
1870,44.749,558.093,623.746
1871,44.726,558.173,623.762
1872,44.702,558.254,623.777
1873,44.679,558.334,623.793
1874,44.656,558.414,623.808
1875,44.633,558.494,623.824
1876,44.609,558.574,623.839
1877,44.586,558.654,623.855
1878,44.563,558.734,623.870
1879,44.540,558.813,623.887
1880,44.516,558.893,623.902
1881,44.493,558.972,623.918
1882,44.470,559.052,623.933
1883,44.447,559.131,623.948
1884,44.423,559.210,623.963
1885,44.400,559.289,623.979
1886,44.377,559.368,623.994
1887,44.353,559.446,624.010
1888,44.330,559.526,624.025
1889,44.307,559.605,624.041
1890,44.283,559.683,624.056
1891,44.260,559.761,624.072
1892,44.237,559.840,624.087
1893,44.213,559.919,624.103
1894,44.190,559.997,624.118
1895,44.167,560.074,624.134
1896,44.144,560.152,624.149
1897,44.120,560.231,624.165
1898,44.097,560.308,624.179
1899,44.074,560.386,624.195
1900,44.050,560.463,624.210
1901,44.027,560.540,624.226
1902,44.004,560.617,624.241
1903,43.980,560.695,624.258
1904,43.957,560.772,624.273
1905,43.933,560.850,624.288
1906,43.910,560.927,624.303
1907,43.887,561.004,624.319
1908,43.863,561.081,624.334
1909,43.840,561.157,624.350
1910,43.817,561.233,624.364
1911,43.793,561.310,624.380
1912,43.770,561.386,624.395
1913,43.747,561.463,624.411
1914,43.723,561.539,624.425
1915,43.700,561.615,624.442
1916,43.676,561.691,624.457
1917,43.653,561.766,624.473
1918,43.630,561.843,624.487
1919,43.606,561.919,624.503
1920,43.583,561.994,624.518
1921,43.559,562.070,624.534
1922,43.536,562.145,624.548
1923,43.513,562.221,624.564
1924,43.489,562.295,624.579
1925,43.466,562.371,624.595
1926,43.442,562.445,624.610
1927,43.419,562.520,624.626
1928,43.395,562.596,624.640
1929,43.372,562.671,624.656
1930,43.349,562.745,624.670
1931,43.325,562.819,624.686
1932,43.302,562.893,624.701
1933,43.278,562.968,624.717
1934,43.255,563.042,624.732
1935,43.231,563.116,624.748
1936,43.208,563.190,624.762
1937,43.184,563.265,624.778
1938,43.161,563.338,624.793
1939,43.137,563.412,624.808
1940,43.114,563.486,624.823
1941,43.090,563.559,624.839
1942,43.067,563.632,624.853
1943,43.044,563.706,624.869
1944,43.020,563.778,624.884
1945,42.997,563.852,624.900
1946,42.973,563.926,624.915
1947,42.949,563.998,624.930
1948,42.926,564.071,624.944
1949,42.903,564.143,624.960
1950,42.879,564.216,624.975
1951,42.856,564.289,624.990
1952,42.832,564.361,625.005
1953,42.809,564.433,625.021
1954,42.785,564.506,625.036
1955,42.761,564.578,625.051
1956,42.738,564.650,625.066
1957,42.714,564.722,625.081
1958,42.691,564.794,625.096
1959,42.667,564.866,625.111
1960,42.644,564.937,625.126
1961,42.620,565.009,625.141
1962,42.597,565.080,625.156
1963,42.573,565.151,625.171
1964,42.550,565.222,625.187
1965,42.526,565.294,625.202
1966,42.503,565.365,625.217
1967,42.479,565.435,625.232
1968,42.455,565.506,625.247
1969,42.432,565.577,625.262
1970,42.408,565.648,625.277
1971,42.385,565.718,625.292
1972,42.361,565.789,625.307
1973,42.338,565.859,625.321
1974,42.314,565.930,625.337
1975,42.291,566.000,625.352
1976,42.267,566.069,625.367
1977,42.243,566.139,625.381
1978,42.220,566.209,625.397
1979,42.196,566.279,625.412
1980,42.172,566.349,625.427
1981,42.149,566.418,625.441
1982,42.125,566.488,625.456
1983,42.102,566.557,625.472
1984,42.078,566.626,625.487
1985,42.055,566.696,625.501
1986,42.031,566.765,625.517
1987,42.007,566.833,625.531
1988,41.984,566.902,625.547
1989,41.960,566.970,625.561
1990,41.936,567.040,625.577
1991,41.913,567.108,625.591
1992,41.889,567.176,625.606
1993,41.866,567.244,625.620
1994,41.842,567.313,625.636
1995,41.818,567.381,625.650
1996,41.795,567.449,625.665
1997,41.771,567.517,625.681
1998,41.747,567.585,625.696
1999,41.724,567.653,625.710
2000,41.700,567.721,625.725
2001,41.677,567.788,625.740
2002,41.653,567.856,625.755
2003,41.629,567.923,625.769
2004,41.606,567.990,625.784
2005,41.582,568.057,625.799
2006,41.558,568.124,625.814
2007,41.535,568.191,625.829
2008,41.511,568.258,625.843
2009,41.487,568.325,625.858
2010,41.464,568.392,625.873
2011,41.440,568.458,625.888
2012,41.416,568.525,625.903
2013,41.393,568.591,625.918
2014,41.369,568.657,625.932
2015,41.345,568.723,625.947
2016,41.322,568.789,625.961
2017,41.298,568.856,625.976
2018,41.274,568.922,625.991
2019,41.251,568.987,626.005
2020,41.227,569.053,626.020
2021,41.203,569.118,626.035
2022,41.180,569.184,626.050
2023,41.156,569.249,626.064
2024,41.132,569.315,626.078
2025,41.109,569.380,626.093
2026,41.085,569.445,626.108
2027,41.061,569.510,626.123
2028,41.038,569.575,626.138
2029,41.014,569.640,626.152
2030,40.990,569.704,626.166
2031,40.966,569.769,626.182
2032,40.943,569.834,626.196
2033,40.919,569.897,626.210
2034,40.895,569.962,626.225
2035,40.872,570.027,626.240
2036,40.848,570.090,626.254
2037,40.824,570.155,626.269
2038,40.800,570.218,626.283
2039,40.777,570.283,626.299
2040,40.753,570.346,626.313
2041,40.729,570.410,626.327
2042,40.706,570.474,626.342
2043,40.682,570.537,626.357
2044,40.658,570.600,626.371
2045,40.634,570.663,626.386
2046,40.611,570.727,626.400
2047,40.587,570.790,626.414
2048,40.563,570.853,626.429
2049,40.539,570.915,626.443
2050,40.516,570.978,626.458
2051,40.492,571.041,626.472
2052,40.468,571.103,626.487
2053,40.445,571.166,626.502
2054,40.421,571.229,626.516
2055,40.397,571.291,626.530
2056,40.373,571.353,626.545
2057,40.349,571.415,626.559
2058,40.326,571.477,626.574
2059,40.302,571.539,626.588
2060,40.278,571.601,626.602
2061,40.255,571.663,626.617
2062,40.231,571.724,626.631
2063,40.207,571.785,626.646
2064,40.183,571.847,626.660
2065,40.160,571.908,626.674
2066,40.136,571.969,626.689
2067,40.112,572.031,626.703
2068,40.088,572.092,626.718
2069,40.064,572.153,626.732
2070,40.041,572.214,626.746
2071,40.017,572.274,626.761
2072,39.993,572.335,626.775
2073,39.970,572.395,626.789
2074,39.946,572.456,626.804
2075,39.922,572.517,626.818
2076,39.898,572.577,626.833
2077,39.874,572.638,626.846
2078,39.851,572.697,626.861
2079,39.827,572.757,626.875
2080,39.803,572.818,626.889
2081,39.779,572.878,626.903
2082,39.756,572.938,626.918
2083,39.732,572.997,626.932
2084,39.708,573.056,626.946
2085,39.684,573.116,626.961
2086,39.660,573.175,626.975
2087,39.637,573.235,626.989
2088,39.613,573.294,627.003
2089,39.589,573.353,627.018
2090,39.565,573.411,627.031
2091,39.542,573.470,627.046
2092,39.518,573.529,627.060
2093,39.494,573.588,627.074
2094,39.470,573.647,627.088
2095,39.446,573.706,627.102
2096,39.423,573.764,627.117
2097,39.399,573.822,627.131
2098,39.375,573.880,627.145
2099,39.351,573.939,627.159
2100,39.328,573.997,627.173
2101,39.304,574.055,627.188
2102,39.280,574.113,627.201
2103,39.256,574.170,627.216
2104,39.232,574.229,627.229
2105,39.209,574.286,627.244
2106,39.185,574.343,627.257
2107,39.161,574.401,627.272
2108,39.137,574.459,627.286
2109,39.114,574.516,627.301
2110,39.090,574.573,627.314
2111,39.066,574.630,627.328
2112,39.042,574.687,627.342
2113,39.018,574.744,627.356
2114,38.995,574.801,627.370
2115,38.971,574.858,627.384
2116,38.947,574.914,627.398
2117,38.923,574.971,627.412
2118,38.899,575.028,627.426
2119,38.876,575.084,627.440
2120,38.852,575.140,627.454
2121,38.828,575.196,627.468
2122,38.804,575.252,627.482
2123,38.781,575.309,627.496
2124,38.757,575.365,627.510
2125,38.733,575.420,627.524
2126,38.709,575.476,627.538
2127,38.685,575.532,627.552
2128,38.662,575.588,627.566
2129,38.638,575.643,627.580
2130,38.614,575.699,627.593
2131,38.590,575.754,627.607
2132,38.566,575.809,627.621
2133,38.543,575.865,627.635
2134,38.519,575.920,627.649
2135,38.495,575.975,627.663
2136,38.471,576.030,627.677
2137,38.448,576.085,627.691
2138,38.424,576.139,627.704
2139,38.400,576.194,627.718
2140,38.376,576.249,627.732
2141,38.352,576.303,627.746
2142,38.329,576.358,627.760
2143,38.305,576.412,627.774
2144,38.281,576.466,627.787
2145,38.257,576.521,627.801
2146,38.234,576.575,627.815
2147,38.210,576.629,627.829
2148,38.186,576.683,627.842
2149,38.162,576.736,627.856
2150,38.138,576.790,627.870
2151,38.115,576.844,627.884
2152,38.091,576.897,627.897
2153,38.067,576.951,627.912
2154,38.043,577.004,627.925
2155,38.020,577.057,627.939
2156,37.996,577.111,627.952
2157,37.972,577.164,627.967
2158,37.948,577.218,627.979
2159,37.924,577.271,627.994
2160,37.901,577.323,628.007
2161,37.877,577.375,628.021
2162,37.853,577.429,628.034
2163,37.829,577.481,628.048
2164,37.806,577.534,628.062
2165,37.782,577.587,628.076
2166,37.758,577.639,628.089
2167,37.734,577.692,628.103
2168,37.711,577.744,628.117
2169,37.687,577.796,628.130
2170,37.663,577.848,628.144
2171,37.639,577.900,628.157
2172,37.616,577.952,628.171
2173,37.592,578.004,628.184
2174,37.568,578.056,628.198
2175,37.544,578.107,628.211
2176,37.521,578.160,628.225
2177,37.497,578.211,628.239
2178,37.473,578.262,628.252
2179,37.449,578.314,628.266
2180,37.426,578.365,628.279
2181,37.402,578.416,628.293
2182,37.378,578.468,628.306
2183,37.354,578.519,628.320
2184,37.331,578.570,628.333
2185,37.307,578.621,628.347
2186,37.283,578.672,628.361
2187,37.259,578.722,628.374
2188,37.236,578.773,628.388
2189,37.212,578.824,628.401
2190,37.188,578.875,628.415
2191,37.164,578.925,628.428
2192,37.141,578.976,628.442
2193,37.117,579.025,628.455
2194,37.093,579.076,628.468
2195,37.070,579.126,628.482
2196,37.046,579.176,628.495
2197,37.022,579.226,628.509
2198,36.999,579.276,628.522
2199,36.975,579.327,628.535
2200,36.951,579.376,628.549
2201,36.927,579.426,628.562
2202,36.904,579.476,628.576
2203,36.880,579.525,628.589
2204,36.856,579.574,628.602
2205,36.833,579.624,628.616
2206,36.809,579.674,628.629
2207,36.785,579.723,628.643
2208,36.762,579.772,628.655
2209,36.738,579.821,628.669
2210,36.714,579.870,628.683
2211,36.691,579.920,628.696
2212,36.667,579.968,628.709
2213,36.643,580.017,628.723
2214,36.619,580.066,628.736
2215,36.596,580.115,628.749
2216,36.572,580.164,628.762
2217,36.548,580.212,628.775
2218,36.525,580.261,628.789
2219,36.501,580.309,628.803
2220,36.477,580.358,628.816
2221,36.454,580.406,628.829
2222,36.430,580.454,628.842
2223,36.407,580.502,628.855
2224,36.383,580.551,628.868
2225,36.359,580.599,628.882
2226,36.336,580.646,628.896
2227,36.312,580.694,628.908
2228,36.288,580.742,628.922
2229,36.265,580.790,628.934
2230,36.241,580.838,628.948
2231,36.218,580.885,628.961
2232,36.194,580.933,628.974
2233,36.170,580.980,628.987
2234,36.147,581.027,629.001
2235,36.123,581.075,629.014
2236,36.099,581.122,629.027
2237,36.076,581.169,629.041
2238,36.052,581.216,629.054
2239,36.029,581.264,629.067
2240,36.005,581.311,629.080
2241,35.981,581.358,629.093
2242,35.958,581.405,629.106
2243,35.934,581.452,629.119
2244,35.910,581.498,629.132
2245,35.887,581.545,629.146
2246,35.863,581.591,629.158
2247,35.840,581.639,629.172
2248,35.816,581.685,629.185
2249,35.793,581.731,629.197
2250,35.769,581.778,629.211
2251,35.746,581.824,629.223
2252,35.722,581.870,629.236
2253,35.698,581.916,629.250
2254,35.675,581.962,629.263
2255,35.651,582.009,629.276
2256,35.628,582.055,629.289
2257,35.604,582.101,629.302
2258,35.581,582.147,629.315
2259,35.557,582.192,629.328
2260,35.534,582.238,629.341
2261,35.510,582.284,629.354
2262,35.487,582.330,629.367
2263,35.463,582.375,629.380
2264,35.439,582.421,629.394
2265,35.416,582.466,629.406
2266,35.392,582.511,629.420
2267,35.369,582.556,629.432
2268,35.345,582.602,629.445
2269,35.322,582.647,629.458
2270,35.299,582.692,629.471
2271,35.275,582.737,629.484
2272,35.252,582.783,629.497
2273,35.228,582.828,629.510
2274,35.205,582.872,629.523
2275,35.181,582.917,629.536
2276,35.158,582.962,629.548
2277,35.134,583.007,629.562
2278,35.111,583.052,629.575
2279,35.087,583.096,629.587
2280,35.064,583.140,629.600
2281,35.040,583.185,629.613
2282,35.017,583.230,629.626
2283,34.993,583.275,629.639
2284,34.970,583.319,629.652
2285,34.947,583.363,629.665
2286,34.923,583.407,629.678
2287,34.900,583.450,629.690
2288,34.876,583.495,629.703
2289,34.853,583.539,629.716
2290,34.830,583.583,629.729
2291,34.806,583.627,629.742
2292,34.783,583.671,629.755
2293,34.759,583.715,629.767
2294,34.736,583.758,629.781
2295,34.713,583.802,629.793
2296,34.689,583.846,629.806
2297,34.666,583.889,629.819
2298,34.643,583.933,629.832
2299,34.619,583.977,629.844
2300,34.596,584.020,629.857
2301,34.572,584.064,629.870
2302,34.549,584.107,629.883
2303,34.526,584.150,629.895
2304,34.502,584.194,629.909
2305,34.479,584.237,629.921
2306,34.456,584.280,629.934
2307,34.433,584.323,629.947
2308,34.409,584.366,629.960
2309,34.386,584.409,629.972
2310,34.363,584.452,629.985
2311,34.339,584.495,629.998
2312,34.316,584.537,630.010
2313,34.293,584.580,630.023
2314,34.269,584.623,630.036
2315,34.246,584.666,630.049
2316,34.223,584.708,630.061
2317,34.199,584.752,630.074
2318,34.176,584.794,630.087
2319,34.153,584.836,630.099
2320,34.130,584.878,630.112
2321,34.106,584.921,630.125
2322,34.083,584.963,630.138
2323,34.060,585.006,630.150
2324,34.037,585.048,630.163
2325,34.014,585.090,630.176
2326,33.990,585.132,630.188
2327,33.967,585.174,630.201
2328,33.944,585.217,630.214
2329,33.921,585.258,630.226
2330,33.898,585.300,630.239
2331,33.874,585.342,630.251
2332,33.851,585.384,630.264
2333,33.828,585.426,630.276
2334,33.805,585.468,630.290
2335,33.782,585.510,630.302
2336,33.759,585.551,630.315
2337,33.735,585.593,630.327
2338,33.712,585.635,630.340
2339,33.689,585.676,630.353
2340,33.666,585.717,630.365
2341,33.643,585.759,630.378
2342,33.620,585.800,630.391
2343,33.596,585.841,630.403
2344,33.573,585.883,630.415
2345,33.550,585.924,630.428
2346,33.527,585.966,630.441
2347,33.504,586.007,630.454
2348,33.481,586.048,630.466
2349,33.458,586.089,630.478
2350,33.435,586.130,630.491
2351,33.412,586.171,630.504
2352,33.389,586.212,630.516
2353,33.366,586.254,630.529
2354,33.342,586.294,630.541
2355,33.319,586.335,630.554
2356,33.297,586.376,630.566
2357,33.274,586.416,630.579
2358,33.250,586.457,630.591
2359,33.227,586.498,630.604
2360,33.204,586.538,630.616
2361,33.181,586.579,630.629
2362,33.158,586.620,630.642
2363,33.135,586.660,630.654
2364,33.112,586.701,630.666
2365,33.089,586.741,630.679
2366,33.066,586.782,630.692
2367,33.043,586.822,630.704
2368,33.021,586.863,630.717
2369,32.998,586.903,630.729
2370,32.975,586.943,630.742
2371,32.952,586.983,630.754
2372,32.929,587.023,630.767
2373,32.906,587.064,630.779
2374,32.883,587.104,630.792
2375,32.860,587.144,630.804
2376,32.837,587.184,630.816
2377,32.814,587.224,630.829
2378,32.791,587.264,630.841
2379,32.768,587.304,630.854
2380,32.746,587.343,630.866
2381,32.723,587.384,630.879
2382,32.700,587.423,630.891
2383,32.677,587.464,630.904
2384,32.654,587.503,630.916
2385,32.631,587.543,630.929
2386,32.608,587.582,630.941
2387,32.586,587.622,630.953
2388,32.563,587.662,630.966
2389,32.540,587.701,630.979
2390,32.517,587.741,630.991
2391,32.494,587.780,631.003
2392,32.471,587.820,631.015
2393,32.449,587.859,631.027
2394,32.426,587.899,631.040
2395,32.403,587.938,631.053
2396,32.380,587.978,631.066
2397,32.358,588.017,631.077
2398,32.335,588.055,631.090
2399,32.312,588.095,631.102
2400,32.290,588.135,631.115
2401,32.267,588.174,631.127
2402,32.244,588.213,631.139
2403,32.221,588.252,631.152
2404,32.199,588.291,631.164
2405,32.176,588.330,631.177
2406,32.153,588.369,631.189
2407,32.131,588.408,631.202
2408,32.108,588.447,631.214
2409,32.085,588.486,631.226
2410,32.063,588.525,631.238
2411,32.040,588.564,631.251
2412,32.017,588.603,631.263
2413,31.995,588.642,631.276
2414,31.972,588.680,631.288
2415,31.950,588.719,631.300
2416,31.927,588.758,631.313
2417,31.904,588.796,631.325
2418,31.882,588.835,631.338
2419,31.859,588.874,631.350
2420,31.837,588.913,631.362
2421,31.814,588.951,631.375
2422,31.791,588.990,631.387
2423,31.769,589.028,631.399
2424,31.746,589.067,631.412
2425,31.724,589.105,631.424
2426,31.701,589.144,631.436
2427,31.679,589.182,631.448
2428,31.656,589.220,631.461
2429,31.634,589.258,631.473
2430,31.611,589.297,631.485
2431,31.589,589.336,631.498
2432,31.566,589.374,631.510
2433,31.544,589.412,631.522
2434,31.521,589.450,631.535
2435,31.499,589.489,631.547
2436,31.476,589.527,631.559
2437,31.454,589.565,631.572
2438,31.431,589.603,631.584
2439,31.409,589.641,631.596
2440,31.387,589.680,631.608
2441,31.364,589.717,631.621
2442,31.342,589.756,631.633
2443,31.320,589.793,631.646
2444,31.297,589.831,631.658
2445,31.275,589.869,631.670
2446,31.253,589.907,631.682
2447,31.230,589.945,631.695
2448,31.208,589.983,631.707
2449,31.185,590.021,631.719
2450,31.163,590.059,631.731
2451,31.141,590.097,631.744
2452,31.118,590.135,631.756
2453,31.096,590.173,631.768
2454,31.074,590.210,631.780
2455,31.052,590.248,631.792
2456,31.029,590.285,631.805
2457,31.007,590.323,631.817
2458,30.985,590.362,631.830
2459,30.963,590.399,631.842
2460,30.940,590.437,631.854
2461,30.918,590.474,631.867
2462,30.896,590.512,631.879
2463,30.874,590.549,631.891
2464,30.852,590.587,631.904
2465,30.829,590.625,631.915
2466,30.807,590.662,631.927
2467,30.785,590.700,631.940
2468,30.763,590.737,631.952
2469,30.741,590.774,631.965
2470,30.718,590.812,631.977
2471,30.696,590.850,631.989
2472,30.674,590.887,632.001
2473,30.652,590.924,632.014
2474,30.630,590.961,632.026
2475,30.608,590.999,632.038
2476,30.586,591.037,632.051
2477,30.564,591.074,632.062
2478,30.542,591.111,632.075
2479,30.520,591.149,632.087
2480,30.498,591.185,632.100
2481,30.476,591.223,632.112
2482,30.454,591.260,632.124
2483,30.432,591.297,632.136
2484,30.410,591.335,632.148
2485,30.388,591.371,632.160
2486,30.366,591.409,632.173
2487,30.344,591.446,632.185
2488,30.321,591.483,632.198
2489,30.300,591.520,632.210
2490,30.278,591.557,632.222
2491,30.256,591.595,632.234
2492,30.234,591.631,632.246
2493,30.212,591.669,632.259
2494,30.190,591.706,632.271
2495,30.168,591.743,632.283
2496,30.146,591.780,632.295
2497,30.124,591.817,632.308
2498,30.102,591.854,632.320
2499,30.080,591.891,632.332
2500,30.059,591.928,632.344
2501,30.037,591.965,632.357
2502,30.015,592.002,632.369
2503,29.993,592.039,632.381
2504,29.971,592.076,632.394
2505,29.950,592.113,632.406
2506,29.928,592.150,632.418
2507,29.906,592.186,632.430
2508,29.884,592.223,632.443
2509,29.863,592.260,632.455
2510,29.841,592.297,632.467
2511,29.819,592.334,632.479
2512,29.797,592.371,632.491
2513,29.775,592.407,632.503
2514,29.754,592.444,632.516
2515,29.732,592.481,632.528
2516,29.710,592.518,632.541
2517,29.689,592.555,632.552
2518,29.667,592.592,632.565
2519,29.645,592.628,632.577
2520,29.624,592.665,632.589
2521,29.602,592.702,632.602
2522,29.581,592.739,632.614
2523,29.559,592.775,632.627
2524,29.537,592.812,632.639
2525,29.516,592.849,632.650
2526,29.494,592.886,632.663
2527,29.472,592.922,632.675
2528,29.451,592.958,632.688
2529,29.429,592.995,632.700
2530,29.408,593.032,632.712
2531,29.386,593.068,632.724
2532,29.365,593.105,632.737
2533,29.343,593.142,632.749
2534,29.322,593.179,632.762
2535,29.300,593.215,632.773
2536,29.279,593.251,632.785
2537,29.257,593.288,632.798
2538,29.236,593.325,632.810
2539,29.214,593.361,632.823
2540,29.193,593.398,632.835
2541,29.172,593.434,632.847
2542,29.150,593.471,632.859
2543,29.129,593.508,632.871
2544,29.107,593.545,632.884
2545,29.086,593.580,632.896
2546,29.064,593.617,632.908
2547,29.043,593.654,632.920
2548,29.022,593.690,632.933
2549,29.000,593.727,632.945
2550,28.979,593.763,632.957
2551,28.958,593.800,632.970
2552,28.936,593.836,632.982
2553,28.915,593.873,632.995
2554,28.894,593.910,633.007
2555,28.873,593.946,633.019
2556,28.851,593.982,633.031
2557,28.830,594.019,633.043
2558,28.809,594.055,633.056
2559,28.788,594.092,633.068
2560,28.766,594.128,633.080
2561,28.745,594.165,633.092
2562,28.724,594.201,633.105
2563,28.703,594.237,633.117
2564,28.682,594.274,633.130
2565,28.660,594.310,633.142
2566,28.639,594.347,633.154
2567,28.618,594.384,633.166
2568,28.597,594.420,633.179
2569,28.576,594.456,633.191
2570,28.555,594.492,633.203
2571,28.534,594.529,633.216
2572,28.513,594.565,633.228
2573,28.492,594.602,633.240
2574,28.470,594.638,633.253
2575,28.449,594.675,633.265
2576,28.428,594.711,633.278
2577,28.407,594.748,633.290
2578,28.386,594.784,633.302
2579,28.365,594.821,633.314
2580,28.344,594.856,633.327
2581,28.323,594.893,633.339
2582,28.302,594.930,633.352
2583,28.281,594.966,633.364
2584,28.260,595.003,633.377
2585,28.240,595.039,633.389
2586,28.219,595.075,633.400
2587,28.198,595.112,633.413
2588,28.177,595.148,633.425
2589,28.156,595.185,633.438
2590,28.135,595.221,633.450
2591,28.114,595.258,633.463
2592,28.093,595.294,633.475
2593,28.072,595.331,633.487
2594,28.052,595.367,633.499
2595,28.031,595.403,633.512
2596,28.010,595.440,633.524
2597,27.989,595.476,633.537
2598,27.968,595.512,633.550
2599,27.948,595.549,633.562
2600,27.927,595.585,633.574
2601,27.906,595.622,633.586
2602,27.885,595.658,633.599
2603,27.865,595.695,633.611
2604,27.844,595.731,633.624
2605,27.823,595.767,633.636
2606,27.803,595.803,633.649
2607,27.782,595.840,633.661
2608,27.761,595.876,633.674
2609,27.741,595.913,633.686
2610,27.720,595.950,633.698
2611,27.699,595.986,633.710
2612,27.679,596.023,633.723
2613,27.658,596.059,633.735
2614,27.638,596.096,633.748
2615,27.617,596.131,633.760
2616,27.596,596.169,633.773
2617,27.576,596.205,633.786
2618,27.555,596.241,633.798
2619,27.535,596.278,633.810
2620,27.514,596.314,633.822
2621,27.494,596.351,633.835
2622,27.473,596.387,633.847
2623,27.453,596.424,633.859
2624,27.432,596.460,633.872
2625,27.412,596.497,633.884
2626,27.391,596.533,633.897
2627,27.371,596.570,633.910
2628,27.351,596.606,633.922
2629,27.330,596.643,633.935
2630,27.310,596.680,633.947
2631,27.289,596.716,633.960
2632,27.269,596.753,633.972
2633,27.249,596.789,633.985
2634,27.228,596.826,633.997
2635,27.208,596.862,634.010
2636,27.188,596.899,634.022
2637,27.167,596.935,634.034
2638,27.147,596.972,634.047
2639,27.127,597.008,634.060
2640,27.106,597.045,634.072
2641,27.086,597.082,634.085
2642,27.066,597.118,634.097
2643,27.046,597.155,634.110
2644,27.026,597.191,634.122
2645,27.005,597.228,634.134
2646,26.985,597.265,634.147
2647,26.965,597.302,634.160
2648,26.945,597.338,634.172
2649,26.925,597.375,634.185
2650,26.905,597.412,634.198
2651,26.884,597.448,634.210
2652,26.864,597.485,634.223
2653,26.844,597.522,634.236
2654,26.824,597.559,634.248
2655,26.804,597.595,634.261
2656,26.784,597.632,634.273
2657,26.764,597.669,634.286
2658,26.744,597.705,634.299
2659,26.724,597.742,634.311
2660,26.704,597.779,634.324
2661,26.684,597.816,634.337
2662,26.664,597.853,634.349
2663,26.644,597.889,634.362
2664,26.624,597.926,634.374
2665,26.604,597.963,634.387
2666,26.584,598.000,634.400
2667,26.564,598.037,634.412
2668,26.544,598.073,634.425
2669,26.524,598.110,634.437
2670,26.504,598.148,634.450
2671,26.485,598.184,634.462
2672,26.465,598.221,634.476
2673,26.445,598.258,634.488
2674,26.425,598.294,634.501
2675,26.405,598.332,634.514
2676,26.385,598.369,634.526
2677,26.366,598.405,634.539
2678,26.346,598.443,634.552
2679,26.326,598.480,634.564
2680,26.306,598.517,634.577
2681,26.287,598.553,634.590
2682,26.267,598.590,634.602
2683,26.247,598.628,634.615
2684,26.228,598.665,634.628
2685,26.208,598.702,634.641
2686,26.188,598.738,634.654
2687,26.169,598.776,634.666
2688,26.149,598.813,634.679
2689,26.129,598.850,634.692
2690,26.110,598.887,634.704
2691,26.090,598.924,634.717
2692,26.071,598.961,634.730
2693,26.051,598.998,634.743
2694,26.031,599.036,634.755
2695,26.012,599.073,634.768
2696,25.992,599.110,634.781
2697,25.973,599.148,634.794
2698,25.953,599.185,634.807
2699,25.934,599.222,634.820
2700,25.914,599.259,634.832
2701,25.895,599.296,634.845
2702,25.876,599.333,634.858
2703,25.856,599.370,634.871
2704,25.837,599.408,634.883
2705,25.817,599.445,634.897
2706,25.798,599.482,634.910
2707,25.778,599.520,634.922
2708,25.759,599.557,634.935
2709,25.740,599.595,634.948
2710,25.720,599.633,634.962
2711,25.701,599.670,634.974
2712,25.682,599.708,634.987
2713,25.663,599.745,634.999
2714,25.643,599.782,635.013
2715,25.624,599.819,635.025
2716,25.605,599.857,635.039
2717,25.586,599.894,635.052
2718,25.566,599.931,635.064
2719,25.547,599.970,635.077
2720,25.528,600.007,635.090
2721,25.509,600.045,635.104
2722,25.489,600.082,635.116
2723,25.470,600.120,635.129
2724,25.451,600.158,635.142
2725,25.432,600.195,635.155
2726,25.413,600.233,635.168
2727,25.394,600.271,635.181
2728,25.375,600.308,635.194
2729,25.356,600.346,635.207
2730,25.337,600.383,635.220
2731,25.318,600.421,635.233
2732,25.299,600.459,635.246
2733,25.280,600.497,635.259
2734,25.261,600.535,635.272
2735,25.242,600.573,635.285
2736,25.223,600.611,635.298
2737,25.204,600.648,635.311
2738,25.185,600.686,635.324
2739,25.166,600.724,635.337
2740,25.147,600.762,635.350
2741,25.128,600.800,635.364
2742,25.109,600.838,635.377
2743,25.090,600.876,635.390
2744,25.072,600.914,635.403
2745,25.053,600.952,635.416
2746,25.034,600.990,635.429
2747,25.015,601.028,635.442
2748,24.996,601.066,635.455
2749,24.978,601.104,635.468
2750,24.959,601.142,635.482
2751,24.940,601.181,635.495
2752,24.921,601.219,635.508
2753,24.903,601.257,635.521
2754,24.884,601.295,635.535
2755,24.865,601.333,635.548
2756,24.847,601.371,635.560
2757,24.828,601.410,635.574
2758,24.809,601.448,635.587
2759,24.791,601.486,635.601
2760,24.772,601.525,635.613
2761,24.753,601.563,635.627
2762,24.735,601.601,635.640
2763,24.716,601.640,635.653
2764,24.698,601.678,635.666
2765,24.679,601.717,635.680
2766,24.661,601.755,635.693
2767,24.642,601.793,635.707
2768,24.624,601.832,635.720
2769,24.605,601.870,635.733
2770,24.587,601.909,635.746
2771,24.568,601.948,635.760
2772,24.550,601.986,635.773
2773,24.532,602.025,635.786
2774,24.513,602.064,635.799
2775,24.495,602.102,635.813
2776,24.476,602.141,635.826
2777,24.458,602.180,635.840
2778,24.440,602.218,635.853
2779,24.421,602.257,635.867
2780,24.403,602.295,635.880
2781,24.385,602.334,635.893
2782,24.367,602.373,635.906
2783,24.348,602.412,635.920
2784,24.330,602.451,635.933
2785,24.312,602.490,635.947
2786,24.294,602.529,635.960
2787,24.275,602.567,635.974
2788,24.257,602.607,635.987
2789,24.239,602.646,636.000
2790,24.221,602.684,636.013
2791,24.203,602.724,636.027
2792,24.185,602.763,636.041
2793,24.167,602.802,636.054
2794,24.149,602.841,636.068
2795,24.130,602.880,636.082
2796,24.112,602.919,636.095
2797,24.094,602.958,636.108
2798,24.076,602.998,636.122
2799,24.058,603.037,636.136
2800,24.040,603.076,636.149
2801,24.022,603.115,636.162
2802,24.004,603.154,636.176
2803,23.986,603.194,636.190
2804,23.968,603.233,636.203
2805,23.951,603.273,636.217
2806,23.933,603.312,636.231
2807,23.915,603.352,636.244
2808,23.897,603.392,636.258
2809,23.879,603.430,636.271
2810,23.861,603.470,636.285
2811,23.843,603.510,636.299
2812,23.826,603.549,636.313
2813,23.808,603.589,636.326
2814,23.790,603.629,636.339
2815,23.772,603.668,636.353
2816,23.755,603.707,636.367
2817,23.737,603.747,636.381
2818,23.719,603.787,636.394
2819,23.702,603.827,636.408
2820,23.684,603.867,636.421
2821,23.666,603.907,636.435
2822,23.648,603.947,636.449
2823,23.631,603.987,636.463
2824,23.613,604.027,636.477
2825,23.596,604.067,636.491
2826,23.578,604.107,636.505
2827,23.560,604.147,636.518
2828,23.543,604.187,636.533
2829,23.526,604.226,636.546
2830,23.508,604.266,636.559
2831,23.490,604.306,636.573
2832,23.473,604.346,636.587
2833,23.456,604.387,636.601
2834,23.438,604.427,636.615
2835,23.421,604.467,636.629
2836,23.403,604.507,636.643
2837,23.386,604.548,636.656
2838,23.369,604.588,636.671
2839,23.351,604.628,636.684
2840,23.334,604.669,636.699
2841,23.316,604.709,636.713
2842,23.299,604.750,636.727
2843,23.282,604.790,636.740
2844,23.265,604.831,636.755
2845,23.247,604.871,636.768
2846,23.230,604.912,636.782
2847,23.213,604.952,636.796
2848,23.196,604.993,636.810
2849,23.178,605.034,636.824
2850,23.161,605.074,636.838
2851,23.144,605.115,636.853
2852,23.127,605.156,636.866
2853,23.110,605.197,636.881
2854,23.093,605.238,636.894
2855,23.076,605.278,636.908
2856,23.059,605.319,636.923
2857,23.042,605.360,636.937
2858,23.024,605.401,636.951
2859,23.007,605.441,636.965
2860,22.990,605.483,636.979
2861,22.974,605.524,636.993
2862,22.957,605.565,637.008
2863,22.940,605.606,637.021
2864,22.923,605.647,637.035
2865,22.906,605.688,637.050
2866,22.889,605.729,637.064
2867,22.872,605.771,637.078
2868,22.855,605.812,637.092
2869,22.838,605.853,637.107
2870,22.821,605.894,637.120
2871,22.805,605.936,637.135
2872,22.788,605.977,637.149
2873,22.771,606.019,637.164
2874,22.754,606.060,637.178
2875,22.738,606.102,637.192
2876,22.721,606.143,637.206
2877,22.704,606.184,637.221
2878,22.687,606.226,637.235
2879,22.671,606.268,637.250
2880,22.654,606.310,637.264
2881,22.637,606.351,637.278
2882,22.621,606.394,637.293
2883,22.604,606.435,637.306
2884,22.588,606.477,637.321
2885,22.571,606.519,637.335
2886,22.555,606.560,637.350
2887,22.538,606.602,637.364
2888,22.522,606.645,637.379
2889,22.505,606.686,637.393
2890,22.488,606.728,637.408
2891,22.472,606.770,637.422
2892,22.456,606.812,637.437
2893,22.439,606.855,637.451
2894,22.423,606.897,637.466
2895,22.406,606.939,637.480
2896,22.390,606.982,637.495
2897,22.374,607.023,637.509
2898,22.357,607.066,637.524
2899,22.341,607.108,637.538
2900,22.325,607.150,637.553
2901,22.308,607.193,637.567
2902,22.292,607.235,637.582
2903,22.276,607.278,637.597
2904,22.260,607.321,637.611
2905,22.243,607.363,637.626
2906,22.227,607.406,637.641
2907,22.211,607.448,637.655
2908,22.195,607.491,637.670
2909,22.179,607.534,637.684
2910,22.163,607.576,637.699
2911,22.147,607.619,637.714
2912,22.131,607.662,637.729
2913,22.115,607.704,637.743
2914,22.098,607.748,637.758
2915,22.082,607.790,637.772
2916,22.066,607.834,637.788
2917,22.050,607.877,637.803
2918,22.034,607.920,637.817
2919,22.019,607.963,637.832
2920,22.003,608.006,637.847
2921,21.987,608.049,637.862
2922,21.971,608.092,637.876
2923,21.955,608.136,637.892
2924,21.939,608.179,637.906
2925,21.923,608.222,637.922
2926,21.907,608.266,637.936
2927,21.892,608.309,637.951
2928,21.876,608.353,637.966
2929,21.860,608.397,637.981
2930,21.844,608.439,637.996
2931,21.829,608.483,638.011
2932,21.813,608.526,638.025
2933,21.797,608.570,638.040
2934,21.782,608.615,638.056
2935,21.766,608.658,638.071
2936,21.750,608.702,638.086
2937,21.735,608.746,638.101
2938,21.719,608.789,638.116
2939,21.704,608.834,638.131
2940,21.688,608.878,638.146
2941,21.672,608.921,638.161
2942,21.657,608.965,638.176
2943,21.641,609.009,638.191
2944,21.626,609.053,638.206
2945,21.610,609.098,638.222
2946,21.595,609.142,638.237
2947,21.580,609.186,638.252
2948,21.564,609.231,638.267
2949,21.549,609.274,638.282
2950,21.533,609.319,638.297
2951,21.518,609.364,638.312
2952,21.503,609.408,638.327
2953,21.488,609.453,638.343
2954,21.472,609.497,638.358
2955,21.457,609.541,638.374
2956,21.442,609.586,638.389
2957,21.427,609.631,638.404
2958,21.411,609.676,638.419
2959,21.396,609.721,638.434
2960,21.381,609.765,638.450
2961,21.366,609.810,638.466
2962,21.351,609.855,638.481
2963,21.336,609.900,638.496
2964,21.321,609.945,638.511
2965,21.305,609.990,638.527
2966,21.290,610.035,638.542
2967,21.275,610.080,638.557
2968,21.260,610.125,638.573
2969,21.245,610.170,638.589
2970,21.230,610.215,638.604
2971,21.215,610.261,638.620
2972,21.201,610.307,638.635
2973,21.186,610.352,638.651
2974,21.171,610.397,638.666
2975,21.156,610.442,638.682
2976,21.141,610.488,638.697
2977,21.126,610.533,638.713
2978,21.111,610.579,638.728
2979,21.097,610.625,638.744
2980,21.082,610.671,638.759
2981,21.067,610.717,638.775
2982,21.052,610.762,638.791
2983,21.038,610.808,638.807
2984,21.023,610.853,638.822
2985,21.008,610.900,638.837
2986,20.994,610.946,638.853
2987,20.979,610.992,638.869
2988,20.965,611.038,638.884
2989,20.950,611.084,638.901
2990,20.935,611.130,638.916
2991,20.921,611.176,638.932
2992,20.906,611.222,638.948
2993,20.892,611.268,638.964
2994,20.877,611.315,638.980
2995,20.863,611.361,638.995
2996,20.848,611.408,639.011
2997,20.834,611.454,639.027
2998,20.820,611.500,639.042
2999,20.805,611.547,639.058
3000,20.791,611.594,639.075
3001,20.777,611.641,639.091
3002,20.762,611.688,639.107
3003,20.748,611.735,639.122
3004,20.734,611.781,639.138
3005,20.719,611.828,639.155
3006,20.705,611.875,639.170
3007,20.691,611.922,639.186
3008,20.677,611.969,639.202
3009,20.663,612.016,639.219
3010,20.649,612.063,639.234
3011,20.634,612.111,639.250
3012,20.620,612.158,639.267
3013,20.606,612.205,639.283
3014,20.592,612.252,639.298
3015,20.578,612.300,639.314
3016,20.564,612.347,639.331
3017,20.550,612.394,639.347
3018,20.536,612.442,639.364
3019,20.522,612.490,639.380
3020,20.508,612.537,639.396
3021,20.494,612.584,639.412
3022,20.480,612.633,639.428
3023,20.467,612.680,639.444
3024,20.453,612.728,639.460
3025,20.439,612.776,639.477
3026,20.425,612.824,639.493
3027,20.411,612.872,639.509
3028,20.398,612.920,639.526
3029,20.384,612.968,639.542
3030,20.370,613.016,639.559
3031,20.357,613.065,639.575
3032,20.343,613.112,639.591
3033,20.329,613.161,639.607
3034,20.316,613.209,639.624
3035,20.302,613.257,639.640
3036,20.288,613.306,639.656
3037,20.275,613.355,639.673
3038,20.261,613.403,639.690
3039,20.248,613.452,639.707
3040,20.234,613.500,639.723
3041,20.221,613.549,639.739
3042,20.207,613.598,639.756
3043,20.194,613.646,639.773
3044,20.181,613.695,639.790
3045,20.167,613.745,639.806
3046,20.154,613.793,639.822
3047,20.140,613.843,639.839
3048,20.127,613.891,639.856
3049,20.114,613.941,639.872
3050,20.101,613.990,639.888
3051,20.087,614.039,639.906
3052,20.074,614.088,639.922
3053,20.061,614.138,639.939
3054,20.048,614.187,639.956
3055,20.035,614.236,639.972
3056,20.021,614.286,639.989
3057,20.008,614.336,640.006
3058,19.995,614.385,640.023
3059,19.982,614.435,640.039
3060,19.969,614.485,640.056
3061,19.956,614.534,640.073
3062,19.943,614.584,640.090
3063,19.930,614.634,640.107
3064,19.917,614.684,640.124
3065,19.904,614.734,640.141
3066,19.891,614.784,640.157
3067,19.878,614.834,640.175
3068,19.866,614.884,640.191
3069,19.853,614.935,640.209
3070,19.840,614.985,640.226
3071,19.827,615.035,640.243
3072,19.814,615.085,640.260
3073,19.802,615.136,640.277
3074,19.789,615.186,640.294
3075,19.776,615.237,640.311
3076,19.764,615.287,640.328
3077,19.751,615.338,640.345
3078,19.738,615.389,640.363
3079,19.726,615.440,640.380
3080,19.713,615.490,640.397
3081,19.700,615.542,640.414
3082,19.688,615.592,640.430
3083,19.675,615.643,640.448
3084,19.663,615.694,640.465
3085,19.651,615.745,640.482
3086,19.638,615.796,640.500
3087,19.626,615.848,640.517
3088,19.613,615.899,640.534
3089,19.601,615.951,640.551
3090,19.589,616.002,640.569
3091,19.576,616.054,640.586
3092,19.564,616.105,640.604
3093,19.552,616.157,640.621
3094,19.539,616.208,640.638
3095,19.527,616.259,640.656
3096,19.515,616.311,640.673
3097,19.503,616.363,640.691
3098,19.491,616.415,640.708
3099,19.478,616.468,640.726
3100,19.466,616.519,640.743
3101,19.454,616.571,640.761
3102,19.442,616.623,640.779
3103,19.430,616.675,640.796
3104,19.418,616.727,640.814
3105,19.406,616.780,640.831
3106,19.394,616.832,640.849
3107,19.382,616.885,640.866
3108,19.370,616.936,640.884
3109,19.358,616.989,640.901
3110,19.347,617.042,640.919
3111,19.335,617.095,640.937
3112,19.323,617.147,640.955
3113,19.311,617.200,640.973
3114,19.299,617.253,640.990
3115,19.288,617.306,641.008
3116,19.276,617.358,641.025
3117,19.264,617.411,641.044
3118,19.253,617.465,641.062
3119,19.241,617.517,641.079
3120,19.229,617.570,641.097
3121,19.218,617.624,641.115
3122,19.206,617.677,641.133
3123,19.195,617.730,641.150
3124,19.183,617.784,641.169
3125,19.171,617.837,641.187
3126,19.160,617.890,641.204
3127,19.149,617.945,641.223
3128,19.137,617.998,641.240
3129,19.126,618.052,641.259
3130,19.114,618.105,641.277
3131,19.103,618.159,641.295
3132,19.092,618.213,641.313
3133,19.080,618.267,641.331
3134,19.069,618.321,641.349
3135,19.058,618.375,641.367
3136,19.047,618.429,641.386
3137,19.035,618.483,641.403
3138,19.024,618.537,641.422
3139,19.013,618.592,641.440
3140,19.002,618.646,641.458
3141,18.991,618.701,641.476
3142,18.980,618.755,641.494
3143,18.969,618.810,641.513
3144,18.958,618.864,641.530
3145,18.947,618.919,641.549
3146,18.936,618.973,641.567
3147,18.925,619.028,641.586
3148,18.914,619.082,641.604
3149,18.903,619.138,641.622
3150,18.892,619.193,641.641
3151,18.881,619.247,641.659
3152,18.870,619.303,641.678
3153,18.860,619.358,641.696
3154,18.849,619.413,641.715
3155,18.838,619.468,641.733
3156,18.827,619.523,641.751
3157,18.817,619.579,641.770
3158,18.806,619.634,641.789
3159,18.795,619.690,641.807
3160,18.785,619.745,641.825
3161,18.774,619.801,641.845
3162,18.764,619.857,641.863
3163,18.753,619.912,641.881
3164,18.743,619.968,641.900
3165,18.732,620.024,641.918
3166,18.722,620.080,641.937
3167,18.711,620.136,641.956
3168,18.701,620.192,641.975
3169,18.690,620.248,641.994
3170,18.680,620.304,642.012
3171,18.670,620.360,642.031
3172,18.659,620.417,642.050
3173,18.649,620.473,642.069
3174,18.639,620.529,642.087
3175,18.629,620.586,642.106
3176,18.618,620.642,642.125
3177,18.608,620.699,642.144
3178,18.598,620.755,642.163
3179,18.588,620.812,642.181
3180,18.578,620.869,642.201
3181,18.568,620.926,642.219
3182,18.558,620.982,642.238
3183,18.548,621.039,642.258
3184,18.538,621.096,642.277
3185,18.528,621.153,642.296
3186,18.518,621.210,642.314
3187,18.508,621.268,642.334
3188,18.498,621.325,642.353
3189,18.488,621.382,642.372
3190,18.478,621.440,642.391
3191,18.469,621.497,642.410
3192,18.459,621.554,642.429
3193,18.449,621.612,642.448
3194,18.439,621.669,642.468
3195,18.429,621.727,642.487
3196,18.420,621.784,642.506
3197,18.410,621.843,642.525
3198,18.401,621.900,642.544
3199,18.391,621.958,642.564
3200,18.381,622.016,642.583
3201,18.372,622.074,642.603
3202,18.362,622.132,642.621
3203,18.353,622.190,642.641
3204,18.343,622.248,642.660
3205,18.334,622.306,642.679
3206,18.325,622.365,642.699
3207,18.315,622.423,642.718
3208,18.306,622.482,642.738
3209,18.297,622.540,642.757
3210,18.287,622.599,642.777
3211,18.278,622.657,642.796
3212,18.269,622.716,642.815
3213,18.259,622.774,642.835
3214,18.250,622.834,642.854
3215,18.241,622.892,642.875
3216,18.232,622.951,642.893
3217,18.223,623.010,642.913
3218,18.214,623.069,642.933
3219,18.205,623.128,642.952
3220,18.196,623.187,642.972
3221,18.187,623.247,642.991
3222,18.178,623.305,643.012
3223,18.169,623.364,643.031
3224,18.160,623.424,643.050
3225,18.151,623.483,643.070
3226,18.142,623.543,643.090
3227,18.133,623.602,643.110
3228,18.124,623.662,643.129
3229,18.116,623.721,643.150
3230,18.107,623.781,643.169
3231,18.098,623.841,643.190
3232,18.089,623.901,643.209
3233,18.081,623.960,643.229
3234,18.072,624.020,643.249
3235,18.063,624.080,643.268
3236,18.055,624.139,643.289
3237,18.046,624.200,643.308
3238,18.038,624.260,643.329
3239,18.029,624.320,643.348
3240,18.021,624.380,643.368
3241,18.012,624.441,643.388
3242,18.004,624.501,643.408
3243,17.995,624.562,643.428
3244,17.987,624.622,643.448
3245,17.979,624.683,643.468
3246,17.970,624.742,643.488
3247,17.962,624.803,643.508
3248,17.954,624.864,643.528
3249,17.946,624.924,643.549
3250,17.937,624.985,643.569
3251,17.929,625.046,643.589
3252,17.921,625.106,643.609
3253,17.913,625.167,643.629
3254,17.905,625.228,643.649
3255,17.897,625.289,643.669
3256,17.889,625.351,643.689
3257,17.881,625.411,643.711
3258,17.873,625.473,643.730
3259,17.865,625.534,643.751
3260,17.857,625.595,643.771
3261,17.849,625.657,643.791
3262,17.841,625.718,643.812
3263,17.833,625.779,643.832
3264,17.825,625.841,643.852
3265,17.818,625.902,643.872
3266,17.810,625.963,643.893
3267,17.802,626.024,643.913
3268,17.794,626.086,643.934
3269,17.787,626.148,643.954
3270,17.779,626.210,643.974
3271,17.771,626.272,643.996
3272,17.764,626.333,644.015
3273,17.756,626.395,644.036
3274,17.749,626.456,644.057
3275,17.741,626.518,644.077
3276,17.734,626.580,644.098
3277,17.726,626.642,644.118
3278,17.719,626.704,644.138
3279,17.711,626.766,644.159
3280,17.704,626.828,644.180
3281,17.696,626.891,644.200
3282,17.689,626.953,644.221
3283,17.682,627.015,644.242
3284,17.674,627.077,644.262
3285,17.667,627.139,644.283
3286,17.660,627.202,644.304
3287,17.653,627.264,644.324
3288,17.646,627.327,644.345
3289,17.639,627.389,644.366
3290,17.631,627.451,644.386
3291,17.624,627.514,644.407
3292,17.617,627.576,644.428
3293,17.610,627.639,644.448
3294,17.603,627.702,644.469
3295,17.596,627.764,644.490
3296,17.589,627.827,644.511
3297,17.582,627.890,644.532
3298,17.575,627.953,644.552
3299,17.569,628.016,644.574
3300,17.562,628.078,644.594
3301,17.555,628.141,644.615
3302,17.548,628.204,644.636
3303,17.541,628.267,644.656
3304,17.535,628.330,644.678
3305,17.528,628.392,644.699
3306,17.521,628.456,644.719
3307,17.514,628.519,644.741
3308,17.508,628.583,644.761
3309,17.501,628.646,644.782
3310,17.495,628.708,644.803
3311,17.488,628.771,644.824
3312,17.482,628.834,644.845
3313,17.475,628.898,644.866
3314,17.469,628.961,644.887
3315,17.462,629.024,644.908
3316,17.456,629.088,644.929
3317,17.449,629.151,644.950
3318,17.443,629.214,644.971
3319,17.437,629.278,644.992
3320,17.430,629.341,645.013
3321,17.424,629.404,645.035
3322,17.418,629.468,645.056
3323,17.412,629.531,645.077
3324,17.405,629.594,645.097
3325,17.399,629.658,645.119
3326,17.393,629.722,645.140
3327,17.387,629.786,645.162
3328,17.381,629.849,645.182
3329,17.375,629.912,645.203
3330,17.369,629.975,645.225
3331,17.363,630.039,645.246
3332,17.357,630.103,645.267
3333,17.351,630.166,645.288
3334,17.345,630.230,645.310
3335,17.339,630.293,645.331
3336,17.333,630.358,645.351
3337,17.327,630.421,645.373
3338,17.321,630.484,645.394
3339,17.315,630.548,645.416
3340,17.310,630.612,645.437
3341,17.304,630.676,645.458
3342,17.298,630.739,645.480
3343,17.292,630.803,645.501
3344,17.287,630.867,645.522
3345,17.281,630.931,645.543
3346,17.275,630.994,645.564
3347,17.270,631.057,645.585
3348,17.264,631.122,645.606
3349,17.259,631.185,645.628
3350,17.253,631.249,645.649
3351,17.248,631.312,645.671
3352,17.242,631.376,645.692
3353,17.237,631.440,645.713
3354,17.231,631.504,645.735
3355,17.226,631.567,645.756
3356,17.221,631.631,645.777
3357,17.215,631.695,645.799
3358,17.210,631.759,645.820
3359,17.205,631.822,645.841
3360,17.199,631.886,645.863
3361,17.194,631.949,645.884
3362,17.189,632.013,645.905
3363,17.184,632.077,645.927
3364,17.178,632.141,645.948
3365,17.173,632.204,645.970
3366,17.168,632.268,645.991
3367,17.163,632.332,646.012
3368,17.158,632.395,646.034
3369,17.153,632.458,646.055
3370,17.148,632.522,646.077
3371,17.143,632.585,646.098
3372,17.138,632.649,646.119
3373,17.133,632.713,646.141
3374,17.128,632.776,646.162
3375,17.123,632.840,646.184
3376,17.118,632.902,646.204
3377,17.113,632.966,646.226
3378,17.108,633.030,646.247
3379,17.103,633.093,646.269
3380,17.099,633.156,646.290
3381,17.094,633.219,646.311
3382,17.089,633.283,646.333
3383,17.084,633.347,646.354
3384,17.080,633.409,646.376
3385,17.075,633.473,646.397
3386,17.070,633.536,646.419
3387,17.066,633.599,646.439
3388,17.061,633.662,646.460
3389,17.056,633.725,646.482
3390,17.052,633.788,646.503
3391,17.047,633.851,646.525
3392,17.043,633.914,646.546
3393,17.038,633.977,646.567
3394,17.034,634.040,646.589
3395,17.029,634.103,646.610
3396,17.025,634.166,646.632
3397,17.020,634.229,646.653
3398,17.016,634.291,646.675
3399,17.011,634.354,646.696
3400,17.007,634.416,646.717
3401,17.003,634.479,646.738
3402,16.998,634.541,646.759
3403,16.994,634.603,646.781
3404,16.990,634.666,646.802
3405,16.986,634.729,646.824
3406,16.981,634.791,646.845
3407,16.977,634.854,646.866
3408,16.973,634.916,646.887
3409,16.969,634.978,646.908
3410,16.965,635.040,646.930
3411,16.961,635.102,646.951
3412,16.956,635.164,646.973
3413,16.952,635.226,646.993
3414,16.948,635.288,647.014
3415,16.944,635.349,647.036
3416,16.940,635.412,647.057
3417,16.936,635.474,647.078
3418,16.932,635.535,647.099
3419,16.928,635.596,647.121
3420,16.924,635.658,647.143
3421,16.920,635.719,647.164
3422,16.916,635.781,647.184
3423,16.913,635.842,647.206
3424,16.909,635.904,647.226
3425,16.905,635.965,647.248
3426,16.901,636.026,647.269
3427,16.897,636.087,647.290
3428,16.893,636.148,647.311
3429,16.890,636.209,647.332
3430,16.886,636.270,647.353
3431,16.882,636.331,647.374
3432,16.878,636.391,647.395
3433,16.875,636.451,647.416
3434,16.871,636.511,647.437
3435,16.867,636.572,647.458
3436,16.864,636.632,647.479
3437,16.860,636.693,647.500
3438,16.856,636.753,647.521
3439,16.853,636.813,647.542
3440,16.849,636.873,647.563
3441,16.846,636.933,647.584
3442,16.842,636.993,647.605
3443,16.838,637.052,647.625
3444,16.835,637.113,647.647
3445,16.831,637.172,647.667
3446,16.828,637.231,647.688
3447,16.824,637.291,647.709
3448,16.821,637.350,647.730
3449,16.818,637.409,647.751
3450,16.814,637.468,647.771
3451,16.811,637.526,647.792
3452,16.807,637.586,647.812
3453,16.804,637.645,647.833
3454,16.801,637.703,647.854
3455,16.797,637.761,647.874
3456,16.794,637.820,647.895
3457,16.791,637.878,647.915
3458,16.787,637.936,647.937
3459,16.784,637.994,647.957
3460,16.781,638.053,647.977
3461,16.778,638.111,647.998
3462,16.774,638.168,648.018
3463,16.771,638.226,648.039
3464,16.768,638.283,648.059
3465,16.765,638.342,648.080
3466,16.762,638.399,648.101
3467,16.758,638.455,648.121
3468,16.755,638.512,648.141
3469,16.752,638.569,648.161
3470,16.749,638.626,648.182
3471,16.746,638.683,648.202
3472,16.743,638.740,648.222
3473,16.740,638.796,648.242
3474,16.737,638.853,648.262
3475,16.734,638.909,648.283
3476,16.730,638.966,648.303
3477,16.727,639.022,648.323
3478,16.724,639.077,648.343
3479,16.721,639.133,648.363
3480,16.718,639.188,648.383
3481,16.715,639.244,648.403
3482,16.713,639.300,648.424
3483,16.710,639.355,648.443
3484,16.707,639.410,648.463
3485,16.704,639.465,648.483
3486,16.701,639.520,648.503
3487,16.698,639.575,648.523
3488,16.695,639.630,648.543
3489,16.692,639.683,648.562
3490,16.689,639.738,648.582
3491,16.686,639.792,648.602
3492,16.683,639.846,648.622
3493,16.681,639.900,648.641
3494,16.678,639.954,648.661
3495,16.675,640.008,648.680
3496,16.672,640.061,648.700
3497,16.669,640.114,648.719
3498,16.667,640.168,648.739
3499,16.664,640.221,648.759
3500,16.661,640.274,648.777
3501,16.658,640.326,648.797
3502,16.656,640.379,648.817
3503,16.653,640.432,648.836
3504,16.650,640.484,648.856
3505,16.647,640.537,648.875
3506,16.645,640.588,648.894
3507,16.642,640.640,648.913
3508,16.639,640.692,648.932
3509,16.637,640.743,648.951
3510,16.634,640.795,648.970
3511,16.631,640.846,648.990
3512,16.629,640.897,649.008
3513,16.626,640.949,649.027
3514,16.623,641.000,649.046
3515,16.621,641.050,649.065
3516,16.618,641.101,649.084
3517,16.615,641.151,649.103
3518,16.613,641.202,649.122
3519,16.610,641.252,649.140
3520,16.608,641.301,649.159
3521,16.605,641.351,649.178
3522,16.603,641.401,649.197
3523,16.600,641.451,649.215
3524,16.597,641.499,649.234
3525,16.595,641.549,649.252
3526,16.592,641.598,649.271
3527,16.590,641.647,649.289
3528,16.587,641.695,649.307
3529,16.585,641.744,649.326
3530,16.582,641.792,649.345
3531,16.580,641.841,649.363
3532,16.577,641.889,649.381
3533,16.575,641.937,649.399
3534,16.572,641.984,649.417
3535,16.570,642.032,649.435
3536,16.567,642.080,649.453
3537,16.565,642.127,649.472
3538,16.562,642.174,649.490
3539,16.560,642.221,649.508
3540,16.557,642.268,649.525
3541,16.555,642.315,649.543
3542,16.553,642.360,649.561
3543,16.550,642.407,649.579
3544,16.548,642.454,649.596
3545,16.545,642.499,649.614
3546,16.543,642.545,649.631
3547,16.541,642.590,649.650
3548,16.538,642.636,649.667
3549,16.536,642.682,649.684
3550,16.533,642.727,649.702
3551,16.531,642.772,649.719
3552,16.529,642.817,649.737
3553,16.526,642.861,649.753
3554,16.524,642.906,649.772
3555,16.522,642.950,649.788
3556,16.519,642.995,649.806
3557,16.517,643.039,649.823
3558,16.514,643.083,649.840
3559,16.512,643.126,649.857
3560,16.510,643.170,649.874
3561,16.507,643.213,649.891
3562,16.505,643.256,649.908
3563,16.503,643.300,649.924
3564,16.500,643.342,649.942
3565,16.498,643.385,649.958
3566,16.496,643.428,649.976
3567,16.494,643.470,649.992
3568,16.491,643.513,650.008
3569,16.489,643.554,650.025
3570,16.487,643.596,650.041
3571,16.484,643.639,650.059
3572,16.482,643.680,650.074
3573,16.480,643.722,650.091
3574,16.477,643.763,650.107
3575,16.475,643.804,650.123
3576,16.473,643.845,650.140
3577,16.471,643.886,650.156
3578,16.468,643.926,650.172
3579,16.466,643.967,650.188
3580,16.464,644.007,650.204
3581,16.462,644.048,650.221
3582,16.459,644.088,650.236
3583,16.457,644.128,650.253
3584,16.455,644.167,650.268
3585,16.453,644.207,650.284
3586,16.450,644.247,650.300
3587,16.448,644.286,650.316
3588,16.446,644.324,650.332
3589,16.444,644.364,650.346
3590,16.441,644.403,650.362
3591,16.439,644.441,650.378
3592,16.437,644.479,650.393
3593,16.435,644.518,650.409
3594,16.433,644.556,650.424
3595,16.430,644.594,650.440
3596,16.428,644.632,650.455
3597,16.426,644.669,650.470
3598,16.424,644.707,650.485
3599,16.422,644.745,650.500
3600,16.419,644.782,650.516
3601,16.417,644.819,650.530
3602,16.415,644.856,650.545
3603,16.413,644.893,650.561
3604,16.411,644.930,650.575
3605,16.408,644.966,650.590
3606,16.406,645.003,650.605
3607,16.404,645.039,650.620
3608,16.402,645.075,650.634
3609,16.400,645.111,650.649
3610,16.398,645.146,650.664
3611,16.395,645.182,650.678
3612,16.393,645.218,650.692
3613,16.391,645.253,650.706
3614,16.389,645.289,650.721
3615,16.387,645.323,650.735
3616,16.385,645.358,650.749
3617,16.382,645.393,650.765
3618,16.380,645.427,650.778
3619,16.378,645.462,650.792
3620,16.376,645.497,650.806
3621,16.374,645.531,650.820
3622,16.372,645.565,650.834
3623,16.370,645.599,650.848
3624,16.367,645.632,650.862
3625,16.365,645.666,650.877
3626,16.363,645.700,650.890
3627,16.361,645.733,650.904
3628,16.359,645.767,650.917
3629,16.357,645.800,650.931
3630,16.355,645.833,650.945
3631,16.353,645.865,650.958
3632,16.350,645.898,650.972
3633,16.348,645.930,650.985
3634,16.346,645.962,650.999
3635,16.344,645.995,651.012
3636,16.342,646.027,651.025
3637,16.340,646.059,651.038
3638,16.338,646.091,651.051
3639,16.336,646.123,651.065
3640,16.334,646.155,651.078
3641,16.331,646.186,651.091
3642,16.329,646.217,651.104
3643,16.327,646.249,651.117
3644,16.325,646.279,651.130
3645,16.323,646.311,651.143
3646,16.321,646.342,651.156
3647,16.319,646.372,651.168
3648,16.317,646.403,651.181
3649,16.315,646.433,651.194
3650,16.313,646.464,651.206
3651,16.311,646.494,651.219
3652,16.309,646.524,651.232
3653,16.306,646.554,651.244
3654,16.304,646.584,651.257
3655,16.302,646.613,651.269
3656,16.300,646.643,651.282
3657,16.298,646.673,651.294
3658,16.296,646.702,651.306
3659,16.294,646.731,651.318
3660,16.292,646.761,651.330
3661,16.290,646.790,651.342
3662,16.288,646.819,651.354
3663,16.286,646.847,651.366
3664,16.284,646.876,651.378
3665,16.282,646.905,651.390
3666,16.280,646.933,651.402
3667,16.278,646.961,651.414
3668,16.276,646.990,651.426
3669,16.274,647.018,651.438
3670,16.272,647.046,651.449
3671,16.269,647.074,651.461
3672,16.267,647.101,651.473
3673,16.265,647.129,651.484
3674,16.263,647.157,651.496
3675,16.261,647.184,651.507
3676,16.259,647.212,651.519
3677,16.257,647.239,651.530
3678,16.255,647.266,651.541
3679,16.253,647.293,651.553
3680,16.251,647.319,651.564
3681,16.249,647.346,651.575
3682,16.247,647.373,651.586
3683,16.245,647.400,651.597
3684,16.243,647.426,651.609
3685,16.241,647.453,651.620
3686,16.239,647.479,651.631
3687,16.237,647.505,651.642
3688,16.235,647.531,651.652
3689,16.233,647.557,651.663
3690,16.231,647.583,651.675
3691,16.229,647.608,651.685
3692,16.227,647.634,651.696
3693,16.225,647.659,651.707
3694,16.223,647.685,651.717
3695,16.221,647.710,651.728
3696,16.219,647.736,651.739
3697,16.217,647.760,651.749
3698,16.215,647.785,651.760
3699,16.213,647.810,651.770
3700,16.211,647.835,651.780
3701,16.209,647.860,651.791
3702,16.207,647.885,651.801
3703,16.205,647.909,651.811
3704,16.203,647.933,651.822
3705,16.201,647.958,651.832
3706,16.199,647.982,651.842
3707,16.197,648.007,651.852
3708,16.195,648.030,651.862
3709,16.194,648.054,651.872
3710,16.192,648.078,651.883
3711,16.190,648.101,651.892
3712,16.188,648.125,651.903
3713,16.186,648.148,651.912
3714,16.184,648.172,651.923
3715,16.182,648.196,651.932
3716,16.180,648.219,651.942
3717,16.178,648.242,651.952
3718,16.176,648.265,651.962
3719,16.174,648.288,651.971
3720,16.172,648.311,651.980
3721,16.170,648.334,651.990
3722,16.168,648.357,652.000
3723,16.166,648.379,652.009
3724,16.164,648.402,652.019
3725,16.162,648.424,652.028
3726,16.161,648.447,652.038
3727,16.159,648.469,652.047
3728,16.157,648.491,652.056
3729,16.155,648.513,652.066
3730,16.153,648.535,652.075
3731,16.151,648.557,652.084
3732,16.149,648.579,652.093
3733,16.147,648.601,652.103
3734,16.145,648.622,652.112
3735,16.143,648.644,652.121
3736,16.141,648.665,652.130
3737,16.139,648.686,652.139
3738,16.138,648.708,652.148
3739,16.136,648.729,652.157
3740,16.134,648.750,652.166
3741,16.132,648.772,652.175
3742,16.130,648.793,652.183
3743,16.128,648.813,652.192
3744,16.126,648.835,652.201
3745,16.124,648.855,652.209
3746,16.122,648.875,652.218
3747,16.121,648.896,652.227
3748,16.119,648.916,652.236
3749,16.117,648.938,652.244
3750,16.115,648.958,652.253
3751,16.113,648.978,652.262
3752,16.111,648.998,652.270
3753,16.109,649.018,652.279
3754,16.107,649.038,652.287
3755,16.106,649.058,652.295
3756,16.104,649.078,652.303
3757,16.102,649.097,652.312
3758,16.100,649.117,652.320
3759,16.098,649.136,652.328
3760,16.096,649.156,652.337
3761,16.094,649.176,652.345
3762,16.093,649.195,652.353
3763,16.091,649.214,652.362
3764,16.089,649.233,652.370
3765,16.087,649.253,652.377
3766,16.085,649.272,652.386
3767,16.083,649.291,652.394
3768,16.081,649.310,652.402
3769,16.080,649.328,652.409
3770,16.078,649.347,652.418
3771,16.076,649.366,652.425
3772,16.074,649.385,652.433
3773,16.072,649.403,652.441
3774,16.070,649.422,652.449
3775,16.069,649.440,652.457
3776,16.067,649.458,652.465
3777,16.065,649.477,652.472
3778,16.063,649.495,652.480
3779,16.061,649.513,652.488
3780,16.060,649.531,652.495
3781,16.058,649.549,652.503
3782,16.056,649.567,652.510
3783,16.054,649.585,652.518
3784,16.052,649.603,652.525
3785,16.050,649.621,652.533
3786,16.049,649.638,652.540
3787,16.047,649.655,652.547
3788,16.045,649.673,652.555
3789,16.043,649.690,652.562
3790,16.041,649.708,652.570
3791,16.040,649.725,652.577
3792,16.038,649.742,652.584
3793,16.036,649.759,652.592
3794,16.034,649.776,652.599
3795,16.033,649.793,652.606
3796,16.031,649.810,652.613
3797,16.029,649.827,652.620
3798,16.027,649.844,652.628
3799,16.025,649.861,652.635
3800,16.024,649.878,652.641
3801,16.022,649.894,652.648
3802,16.020,649.911,652.655
3803,16.018,649.927,652.662
3804,16.017,649.943,652.669
3805,16.015,649.960,652.676
3806,16.013,649.976,652.683
3807,16.011,649.992,652.690
3808,16.009,650.008,652.697
3809,16.008,650.024,652.703
3810,16.006,650.040,652.710
3811,16.004,650.056,652.717
3812,16.002,650.073,652.724
3813,16.001,650.088,652.731
3814,15.999,650.104,652.737
3815,15.997,650.120,652.744
3816,15.995,650.136,652.751
3817,15.994,650.151,652.757
3818,15.992,650.167,652.764
3819,15.990,650.182,652.770
3820,15.988,650.198,652.777
3821,15.987,650.213,652.783
3822,15.985,650.228,652.789
3823,15.983,650.243,652.796
3824,15.982,650.259,652.802
3825,15.980,650.273,652.809
3826,15.978,650.289,652.815
3827,15.976,650.303,652.822
3828,15.975,650.319,652.828
3829,15.973,650.333,652.834
3830,15.971,650.348,652.841
3831,15.969,650.363,652.847
3832,15.968,650.378,652.853
3833,15.966,650.392,652.859
3834,15.964,650.407,652.865
3835,15.963,650.421,652.872
3836,15.961,650.436,652.878
3837,15.959,650.450,652.884
3838,15.958,650.465,652.890
3839,15.956,650.479,652.896
3840,15.954,650.493,652.902
3841,15.952,650.507,652.908
3842,15.951,650.521,652.913
3843,15.949,650.535,652.919
3844,15.947,650.550,652.925
3845,15.946,650.563,652.931
3846,15.944,650.577,652.937
3847,15.942,650.591,652.943
3848,15.941,650.605,652.949
3849,15.939,650.618,652.955
3850,15.937,650.633,652.961
3851,15.936,650.646,652.966
3852,15.934,650.660,652.972
3853,15.932,650.673,652.978
3854,15.931,650.687,652.984
3855,15.929,650.700,652.989
3856,15.927,650.713,652.995
3857,15.926,650.726,653.001
3858,15.924,650.739,653.006
3859,15.922,650.753,653.012
3860,15.921,650.767,653.018
3861,15.919,650.780,653.023
3862,15.917,650.792,653.028
3863,15.916,650.805,653.034
3864,15.914,650.818,653.040
3865,15.912,650.831,653.045
3866,15.911,650.844,653.051
3867,15.909,650.857,653.056
3868,15.907,650.870,653.061
3869,15.906,650.882,653.067
3870,15.904,650.895,653.072
3871,15.902,650.907,653.077
3872,15.901,650.920,653.083
3873,15.899,650.933,653.088
3874,15.897,650.945,653.093
3875,15.896,650.958,653.099
3876,15.894,650.970,653.103
3877,15.893,650.982,653.109
3878,15.891,650.995,653.114
3879,15.889,651.007,653.119
3880,15.888,651.019,653.124
3881,15.886,651.031,653.129
3882,15.884,651.043,653.135
3883,15.883,651.055,653.140
3884,15.881,651.067,653.145
3885,15.880,651.079,653.150
3886,15.878,651.090,653.155
3887,15.876,651.102,653.160
3888,15.875,651.114,653.165
3889,15.873,651.126,653.169
3890,15.872,651.138,653.175
3891,15.870,651.149,653.180
3892,15.868,651.161,653.185
3893,15.867,651.173,653.190
3894,15.865,651.184,653.194
3895,15.864,651.196,653.199
3896,15.862,651.207,653.204
3897,15.860,651.219,653.209
3898,15.859,651.230,653.214
3899,15.857,651.241,653.218
3900,15.856,651.252,653.223
3901,15.854,651.264,653.228
3902,15.852,651.274,653.233
3903,15.851,651.286,653.237
3904,15.849,651.297,653.242
3905,15.848,651.308,653.247
3906,15.846,651.319,653.252
3907,15.844,651.330,653.256
3908,15.843,651.341,653.260
3909,15.841,651.352,653.265
3910,15.840,651.363,653.270
3911,15.838,651.373,653.275
3912,15.837,651.384,653.279
3913,15.835,651.395,653.283
3914,15.833,651.405,653.288
3915,15.832,651.416,653.293
3916,15.830,651.426,653.297
3917,15.829,651.437,653.301
3918,15.827,651.448,653.306
3919,15.826,651.458,653.311
3920,15.824,651.468,653.315
3921,15.823,651.478,653.320
3922,15.821,651.489,653.323
3923,15.819,651.499,653.328
3924,15.818,651.510,653.333
3925,15.816,651.520,653.337
3926,15.815,651.530,653.341
3927,15.813,651.540,653.345
3928,15.812,651.550,653.350
3929,15.810,651.560,653.354
3930,15.809,651.570,653.358
3931,15.807,651.580,653.363
3932,15.806,651.590,653.366
3933,15.804,651.600,653.371
3934,15.803,651.610,653.375
3935,15.801,651.619,653.379
3936,15.799,651.629,653.384
3937,15.798,651.639,653.387
3938,15.796,651.648,653.391
3939,15.795,651.658,653.395
3940,15.793,651.667,653.400
3941,15.792,651.677,653.404
3942,15.790,651.687,653.408
3943,15.789,651.696,653.412
3944,15.787,651.706,653.416
3945,15.786,651.715,653.420
3946,15.784,651.725,653.424
3947,15.783,651.735,653.428
3948,15.781,651.743,653.432
3949,15.780,651.753,653.435
3950,15.778,651.762,653.440
3951,15.777,651.771,653.444
3952,15.775,651.781,653.447
3953,15.774,651.790,653.451
3954,15.772,651.799,653.455
3955,15.771,651.808,653.459
3956,15.769,651.817,653.463
3957,15.768,651.826,653.467
3958,15.766,651.835,653.471
3959,15.765,651.844,653.474
3960,15.763,651.853,653.478
3961,15.762,651.861,653.482
3962,15.760,651.871,653.485
3963,15.759,651.879,653.489
3964,15.757,651.888,653.493
3965,15.756,651.897,653.497
3966,15.754,651.905,653.501
3967,15.753,651.914,653.504
3968,15.752,651.923,653.508
3969,15.750,651.931,653.511
3970,15.749,651.940,653.515
3971,15.747,651.948,653.519
3972,15.746,651.957,653.522
3973,15.744,651.965,653.526
3974,15.743,651.973,653.529
3975,15.741,651.982,653.533
3976,15.740,651.990,653.537
3977,15.738,651.999,653.540
3978,15.737,652.007,653.544
3979,15.735,652.015,653.547
3980,15.734,652.024,653.551
3981,15.733,652.032,653.554
3982,15.731,652.040,653.557
3983,15.730,652.048,653.561
3984,15.728,652.056,653.564
3985,15.727,652.064,653.568
3986,15.725,652.072,653.572
3987,15.724,652.081,653.575
3988,15.722,652.088,653.578
3989,15.721,652.097,653.582
3990,15.720,652.104,653.585
3991,15.718,652.112,653.589
3992,15.717,652.120,653.591
3993,15.715,652.128,653.595
3994,15.714,652.136,653.599
3995,15.712,652.143,653.601
3996,15.711,652.151,653.605
3997,15.709,652.159,653.608
3998,15.708,652.166,653.612
3999,15.707,652.174,653.615
4000,15.705,652.182,653.618
4001,15.704,652.190,653.621
4002,15.702,652.197,653.624
4003,15.701,652.204,653.628
4004,15.700,652.212,653.631
4005,15.698,652.220,653.634
4006,15.697,652.227,653.637
4007,15.695,652.234,653.640
4008,15.694,652.242,653.643
4009,15.692,652.249,653.647
4010,15.691,652.257,653.650
4011,15.690,652.264,653.653
4012,15.688,652.271,653.656
4013,15.687,652.278,653.659
4014,15.685,652.285,653.662
4015,15.684,652.293,653.665
4016,15.683,652.300,653.668
4017,15.681,652.307,653.671
4018,15.680,652.314,653.674
4019,15.678,652.322,653.677
4020,15.677,652.329,653.680
4021,15.676,652.335,653.683
4022,15.674,652.342,653.686
4023,15.673,652.350,653.689
4024,15.672,652.357,653.692
4025,15.670,652.363,653.695
4026,15.669,652.370,653.698
4027,15.667,652.377,653.701
4028,15.666,652.384,653.704
4029,15.665,652.391,653.707
4030,15.663,652.397,653.710
4031,15.662,652.404,653.712
4032,15.660,652.411,653.716
4033,15.659,652.418,653.718
4034,15.658,652.424,653.721
4035,15.656,652.431,653.724
4036,15.655,652.438,653.727
4037,15.654,652.444,653.730
4038,15.652,652.451,653.732
4039,15.651,652.457,653.735
4040,15.650,652.464,653.738
4041,15.648,652.471,653.740
4042,15.647,652.477,653.744
4043,15.645,652.484,653.746
4044,15.644,652.490,653.749
4045,15.643,652.497,653.752
4046,15.641,652.503,653.754
4047,15.640,652.509,653.757
4048,15.639,652.516,653.760
4049,15.637,652.522,653.762
4050,15.636,652.528,653.765
4051,15.635,652.535,653.768
4052,15.633,652.541,653.771
4053,15.632,652.547,653.773
4054,15.631,652.553,653.776
4055,15.629,652.559,653.778
4056,15.628,652.565,653.781
4057,15.627,652.571,653.784
4058,15.625,652.578,653.786
4059,15.624,652.584,653.789
4060,15.623,652.590,653.791
4061,15.621,652.596,653.794
4062,15.620,652.602,653.797
4063,15.619,652.608,653.799
4064,15.617,652.614,653.802
4065,15.616,652.619,653.804
4066,15.615,652.625,653.807
4067,15.613,652.631,653.809
4068,15.612,652.637,653.811
4069,15.611,652.643,653.814
4070,15.609,652.649,653.816
4071,15.608,652.655,653.819
4072,15.607,652.661,653.822
4073,15.605,652.667,653.824
4074,15.604,652.673,653.827
4075,15.603,652.678,653.829
4076,15.601,652.684,653.832
4077,15.600,652.690,653.834
4078,15.599,652.695,653.836
4079,15.597,652.701,653.839
4080,15.596,652.707,653.841
4081,15.595,652.712,653.844
4082,15.594,652.717,653.846
4083,15.592,652.723,653.849
4084,15.591,652.729,653.850
4085,15.590,652.734,653.852
4086,15.588,652.740,653.855
4087,15.587,652.745,653.857
4088,15.586,652.750,653.860
4089,15.584,652.756,653.862
4090,15.583,652.761,653.864
4091,15.582,652.767,653.867
4092,15.581,652.772,653.869
4093,15.579,652.777,653.872
4094,15.578,652.782,653.873
4095,15.577,652.788,653.876
4096,15.575,652.793,653.878
4097,15.574,652.799,653.880
4098,15.573,652.804,653.883
4099,15.572,652.809,653.884
4100,15.570,652.814,653.887
4101,15.569,652.819,653.889
4102,15.568,652.825,653.891
4103,15.567,652.830,653.894
4104,15.565,652.835,653.895
4105,15.564,652.840,653.898
4106,15.563,652.845,653.900
4107,15.561,652.850,653.903
4108,15.560,652.855,653.904
4109,15.559,652.860,653.906
4110,15.558,652.866,653.909
4111,15.556,652.871,653.911
4112,15.555,652.875,653.913
4113,15.554,652.880,653.915
4114,15.553,652.885,653.917
4115,15.551,652.890,653.919
4116,15.550,652.895,653.921
4117,15.549,652.900,653.924
4118,15.548,652.904,653.925
4119,15.546,652.909,653.928
4120,15.545,652.914,653.930
4121,15.544,652.919,653.931
4122,15.543,652.924,653.934
4123,15.541,652.929,653.935
4124,15.540,652.933,653.938
4125,15.539,652.938,653.940
4126,15.538,652.943,653.942
4127,15.536,652.948,653.944
4128,15.535,652.953,653.945
4129,15.534,652.957,653.948
4130,15.533,652.962,653.950
4131,15.531,652.966,653.952
4132,15.530,652.971,653.954
4133,15.529,652.976,653.956
4134,15.528,652.980,653.957
4135,15.526,652.985,653.959
4136,15.525,652.990,653.962
4137,15.524,652.993,653.963
4138,15.523,652.998,653.965
4139,15.521,653.003,653.967
4140,15.520,653.007,653.969
4141,15.519,653.012,653.971
4142,15.518,653.016,653.973
4143,15.517,653.020,653.975
4144,15.515,653.025,653.977
4145,15.514,653.029,653.979
4146,15.513,653.034,653.981
4147,15.512,653.039,653.982
4148,15.510,653.043,653.984
4149,15.509,653.047,653.986
4150,15.508,653.051,653.988
4151,15.507,653.055,653.990
4152,15.506,653.060,653.992
4153,15.504,653.064,653.993
4154,15.503,653.068,653.995
4155,15.502,653.073,653.997
4156,15.501,653.077,653.999
4157,15.500,653.081,654.001
4158,15.498,653.085,654.003
4159,15.497,653.089,654.005
4160,15.496,653.094,654.006
4161,15.495,653.098,654.007
4162,15.494,653.102,654.009
4163,15.492,653.106,654.011
4164,15.491,653.110,654.013
4165,15.490,653.114,654.015
4166,15.489,653.118,654.017
4167,15.488,653.122,654.018
4168,15.486,653.126,654.020
4169,15.485,653.131,654.022
4170,15.484,653.134,654.023
4171,15.483,653.138,654.025
4172,15.482,653.143,654.027
4173,15.480,653.146,654.028
4174,15.479,653.150,654.030
4175,15.478,653.155,654.032
4176,15.477,653.158,654.033
4177,15.476,653.162,654.035
4178,15.475,653.166,654.037
4179,15.473,653.170,654.038
4180,15.472,653.174,654.040
4181,15.471,653.177,654.041
4182,15.470,653.182,654.043
4183,15.469,653.186,654.045
4184,15.467,653.189,654.047
4185,15.466,653.193,654.048
4186,15.465,653.197,654.050
4187,15.464,653.200,654.051
4188,15.463,653.204,654.053
4189,15.462,653.208,654.054
4190,15.460,653.212,654.056
4191,15.459,653.216,654.058
4192,15.458,653.219,654.060
4193,15.457,653.223,654.061
4194,15.456,653.227,654.062
4195,15.455,653.230,654.064
4196,15.453,653.234,654.066
4197,15.452,653.238,654.067
4198,15.451,653.241,654.069
4199,15.450,653.245,654.070
4200,15.449,653.249,654.072
4201,15.448,653.252,654.073
4202,15.447,653.256,654.075
4203,15.445,653.259,654.076
4204,15.444,653.262,654.078
4205,15.443,653.266,654.080
4206,15.442,653.269,654.081
4207,15.441,653.273,654.082
4208,15.440,653.277,654.084
4209,15.439,653.280,654.085
4210,15.437,653.283,654.087
4211,15.436,653.287,654.088
4212,15.435,653.290,654.090
4213,15.434,653.294,654.091
4214,15.433,653.298,654.093
4215,15.432,653.301,654.094
4216,15.431,653.304,654.096
4217,15.429,653.308,654.097
4218,15.428,653.311,654.098
4219,15.427,653.314,654.100
4220,15.426,653.317,654.102
4221,15.425,653.321,654.103
4222,15.424,653.324,654.104
4223,15.423,653.327,654.105
4224,15.421,653.331,654.107
4225,15.420,653.334,654.109
4226,15.419,653.337,654.110
4227,15.418,653.341,654.111
4228,15.417,653.344,654.113
4229,15.416,653.347,654.114
4230,15.415,653.350,654.115
4231,15.414,653.353,654.116
4232,15.412,653.356,654.118
4233,15.411,653.360,654.120
4234,15.410,653.363,654.121
4235,15.409,653.366,654.122
4236,15.408,653.370,654.123
4237,15.407,653.373,654.125
4238,15.406,653.375,654.126
4239,15.405,653.379,654.128
4240,15.404,653.381,654.129
4241,15.402,653.385,654.130
4242,15.401,653.388,654.132
4243,15.400,653.391,654.133
4244,15.399,653.394,654.134
4245,15.398,653.397,654.135
4246,15.397,653.400,654.136
4247,15.396,653.403,654.138
4248,15.395,653.407,654.139
4249,15.394,653.409,654.140
4250,15.393,653.412,654.142
4251,15.391,653.415,654.144
4252,15.390,653.418,654.145
4253,15.389,653.421,654.146
4254,15.388,653.424,654.147
4255,15.387,653.427,654.148
4256,15.386,653.430,654.150
4257,15.385,653.433,654.151
4258,15.384,653.436,654.152
4259,15.383,653.439,654.153
4260,15.382,653.442,654.155
4261,15.380,653.444,654.156
4262,15.379,653.448,654.157
4263,15.378,653.450,654.158
4264,15.377,653.453,654.159
4265,15.376,653.456,654.161
4266,15.375,653.459,654.162
4267,15.374,653.462,654.163
4268,15.373,653.465,654.164
4269,15.372,653.467,654.165
4270,15.371,653.470,654.167
4271,15.370,653.473,654.168
4272,15.369,653.475,654.169
4273,15.367,653.479,654.170
4274,15.366,653.481,654.172
4275,15.365,653.484,654.173
4276,15.364,653.487,654.174
4277,15.363,653.489,654.174
4278,15.362,653.492,654.175
4279,15.361,653.495,654.177
4280,15.360,653.498,654.178
4281,15.359,653.500,654.179
4282,15.358,653.503,654.180
4283,15.357,653.506,654.182
4284,15.356,653.509,654.183
4285,15.355,653.511,654.184
4286,15.354,653.513,654.185
4287,15.353,653.516,654.186
4288,15.351,653.519,654.188
4289,15.350,653.522,654.188
4290,15.349,653.524,654.189
4291,15.348,653.527,654.190
4292,15.347,653.529,654.192
4293,15.346,653.531,654.193
4294,15.345,653.534,654.194
4295,15.344,653.537,654.195
4296,15.343,653.540,654.196
4297,15.342,653.542,654.197
4298,15.341,653.545,654.198
4299,15.340,653.547,654.199
4300,15.339,653.550,654.200
4301,15.338,653.552,654.202
4302,15.337,653.554,654.203
4303,15.336,653.557,654.204
4304,15.335,653.559,654.204
4305,15.334,653.562,654.205
4306,15.333,653.564,654.207
4307,15.332,653.567,654.208
4308,15.330,653.569,654.209
4309,15.329,653.572,654.210
4310,15.328,653.574,654.210
4311,15.327,653.576,654.212
4312,15.326,653.579,654.213
4313,15.325,653.581,654.214
4314,15.324,653.584,654.215
4315,15.323,653.586,654.216
4316,15.322,653.589,654.217
4317,15.321,653.591,654.218
4318,15.320,653.594,654.219
4319,15.319,653.596,654.220
4320,15.318,653.598,654.221
4321,15.317,653.600,654.222
4322,15.316,653.602,654.223
4323,15.315,653.605,654.224
4324,15.314,653.607,654.225
4325,15.313,653.610,654.226
4326,15.312,653.612,654.227
4327,15.311,653.614,654.228
4328,15.310,653.616,654.229
4329,15.309,653.618,654.230
4330,15.308,653.621,654.231
4331,15.307,653.623,654.232
4332,15.306,653.626,654.233
4333,15.305,653.628,654.234
4334,15.304,653.630,654.235
4335,15.303,653.632,654.236
4336,15.302,653.634,654.236
4337,15.301,653.637,654.237
4338,15.300,653.639,654.239
4339,15.299,653.641,654.239
4340,15.298,653.643,654.240
4341,15.297,653.645,654.241
4342,15.296,653.647,654.243
4343,15.295,653.650,654.243
4344,15.294,653.652,654.244
4345,15.293,653.654,654.245
4346,15.292,653.656,654.246
4347,15.291,653.658,654.247
4348,15.290,653.661,654.248
4349,15.289,653.662,654.249
4350,15.288,653.665,654.249
4351,15.287,653.667,654.251
4352,15.286,653.669,654.251
4353,15.285,653.671,654.252
4354,15.284,653.673,654.253
4355,15.283,653.675,654.254
4356,15.282,653.677,654.255
4357,15.281,653.679,654.256
4358,15.280,653.681,654.257
4359,15.279,653.683,654.257
4360,15.278,653.685,654.259
4361,15.277,653.688,654.259
4362,15.276,653.689,654.260
4363,15.275,653.692,654.261
4364,15.274,653.693,654.261
4365,15.273,653.695,654.263
4366,15.272,653.698,654.264
4367,15.271,653.699,654.264
4368,15.270,653.701,654.265
4369,15.269,653.703,654.266
4370,15.268,653.706,654.267
4371,15.267,653.707,654.268
4372,15.266,653.710,654.268
4373,15.265,653.712,654.269
4374,15.264,653.713,654.270
4375,15.263,653.715,654.271
4376,15.262,653.717,654.272
4377,15.261,653.719,654.273
4378,15.260,653.721,654.274
4379,15.259,653.723,654.275
4380,15.258,653.725,654.275
4381,15.257,653.727,654.276
4382,15.256,653.729,654.277
4383,15.255,653.730,654.278
4384,15.254,653.732,654.278
4385,15.253,653.734,654.279
4386,15.252,653.736,654.280
4387,15.251,653.738,654.281
4388,15.250,653.740,654.282
4389,15.249,653.742,654.282
4390,15.248,653.744,654.283
4391,15.247,653.746,654.284
4392,15.246,653.748,654.285
4393,15.245,653.749,654.286
4394,15.244,653.751,654.286
4395,15.243,653.753,654.287
4396,15.242,653.755,654.288
4397,15.242,653.757,654.289
4398,15.241,653.758,654.289
4399,15.240,653.760,654.290
4400,15.239,653.762,654.291
4401,15.238,653.764,654.292
4402,15.237,653.765,654.293
4403,15.236,653.767,654.293
4404,15.235,653.769,654.294
4405,15.234,653.771,654.295
4406,15.233,653.772,654.296
4407,15.232,653.774,654.296
4408,15.231,653.776,654.297
4409,15.230,653.778,654.298
4410,15.229,653.780,654.299
4411,15.228,653.781,654.299
4412,15.227,653.783,654.300
4413,15.226,653.785,654.301
4414,15.225,653.786,654.302
4415,15.224,653.788,654.302
4416,15.223,653.789,654.303
4417,15.222,653.791,654.303
4418,15.222,653.793,654.305
4419,15.221,653.795,654.305
4420,15.220,653.796,654.306
4421,15.219,653.798,654.306
4422,15.218,653.800,654.307
4423,15.217,653.802,654.308
4424,15.216,653.803,654.309
4425,15.215,653.804,654.309
4426,15.214,653.806,654.310
4427,15.213,653.808,654.311
4428,15.212,653.810,654.311
4429,15.211,653.811,654.312
4430,15.210,653.813,654.313
4431,15.209,653.815,654.314
4432,15.208,653.816,654.314
4433,15.208,653.817,654.315
4434,15.207,653.819,654.315
4435,15.206,653.820,654.316
4436,15.205,653.822,654.317
4437,15.204,653.824,654.318
4438,15.203,653.825,654.318
4439,15.202,653.827,654.319
4440,15.201,653.829,654.320
4441,15.200,653.830,654.320
4442,15.199,653.832,654.321
4443,15.198,653.833,654.321
4444,15.197,653.835,654.322
4445,15.196,653.837,654.323
4446,15.195,653.838,654.324
4447,15.195,653.839,654.324
4448,15.194,653.841,654.325
4449,15.193,653.843,654.326
4450,15.192,653.844,654.326
4451,15.191,653.845,654.327
4452,15.190,653.847,654.327
4453,15.189,653.849,654.328
4454,15.188,653.850,654.329
4455,15.187,653.851,654.329
4456,15.186,653.853,654.330
4457,15.185,653.855,654.331
4458,15.184,653.856,654.331
4459,15.184,653.857,654.332
4460,15.183,653.859,654.332
4461,15.182,653.860,654.333
4462,15.181,653.862,654.334
4463,15.180,653.863,654.334
4464,15.179,653.865,654.335
4465,15.178,653.866,654.335
4466,15.177,653.868,654.336
4467,15.176,653.869,654.337
4468,15.175,653.870,654.337
4469,15.175,653.872,654.338
4470,15.174,653.873,654.338
4471,15.173,653.875,654.339
4472,15.172,653.876,654.340
4473,15.171,653.877,654.340
4474,15.170,653.879,654.341
4475,15.169,653.881,654.342
4476,15.168,653.882,654.342
4477,15.167,653.883,654.343
4478,15.166,653.884,654.343
4479,15.166,653.886,654.344
4480,15.165,653.888,654.345
4481,15.164,653.889,654.345
4482,15.163,653.890,654.346
4483,15.162,653.891,654.346
4484,15.161,653.893,654.347
4485,15.160,653.894,654.348
4486,15.159,653.895,654.348
4487,15.158,653.896,654.349
4488,15.158,653.898,654.349
4489,15.157,653.900,654.350
4490,15.156,653.901,654.350
4491,15.155,653.902,654.351
4492,15.154,653.904,654.352
4493,15.153,653.905,654.352
4494,15.152,653.906,654.353
4495,15.151,653.907,654.353
4496,15.150,653.908,654.354
4497,15.150,653.910,654.355
4498,15.149,653.911,654.355
4499,15.148,653.913,654.355
4500,15.147,653.914,654.356
4501,15.146,653.916,654.357
4502,15.145,653.917,654.357
4503,15.144,653.918,654.358
4504,15.143,653.919,654.358
4505,15.143,653.921,654.359
4506,15.142,653.922,654.359
4507,15.141,653.923,654.360
4508,15.140,653.924,654.360
4509,15.139,653.925,654.361
4510,15.138,653.927,654.362
4511,15.137,653.928,654.362
4512,15.136,653.929,654.362
4513,15.136,653.930,654.363
4514,15.135,653.932,654.364
4515,15.134,653.933,654.364
4516,15.133,653.934,654.365
4517,15.132,653.935,654.365
4518,15.131,653.937,654.366
4519,15.130,653.938,654.366
4520,15.129,653.939,654.367
4521,15.129,653.940,654.367
4522,15.128,653.941,654.368
4523,15.127,653.943,654.368
4524,15.126,653.944,654.369
4525,15.125,653.945,654.369
4526,15.124,653.946,654.370
4527,15.123,653.948,654.371
4528,15.123,653.949,654.371
4529,15.122,653.950,654.371
4530,15.121,653.951,654.372
4531,15.120,653.953,654.373
4532,15.119,653.954,654.373
4533,15.118,653.955,654.373
4534,15.117,653.955,654.374
4535,15.117,653.956,654.374
4536,15.116,653.958,654.375
4537,15.115,653.959,654.375
4538,15.114,653.960,654.376
4539,15.113,653.961,654.376
4540,15.112,653.963,654.377
4541,15.112,653.964,654.377
4542,15.111,653.965,654.378
4543,15.110,653.966,654.378
4544,15.109,653.968,654.379
4545,15.108,653.968,654.379
4546,15.107,653.969,654.380
4547,15.106,653.970,654.380
4548,15.106,653.971,654.381
4549,15.105,653.973,654.381
4550,15.104,653.974,654.382
4551,15.103,653.975,654.382
4552,15.102,653.976,654.382
4553,15.101,653.978,654.383
4554,15.101,653.978,654.384
4555,15.100,653.979,654.384
4556,15.099,653.980,654.384
4557,15.098,653.982,654.385
4558,15.097,653.983,654.386
4559,15.096,653.984,654.386
4560,15.095,653.985,654.386
4561,15.095,653.986,654.387
4562,15.094,653.987,654.387
4563,15.093,653.988,654.388
4564,15.092,653.989,654.388
4565,15.091,653.990,654.388
4566,15.090,653.991,654.389
4567,15.090,653.992,654.390
4568,15.089,653.993,654.390
4569,15.088,653.994,654.390
4570,15.087,653.996,654.391
4571,15.086,653.997,654.391
4572,15.085,653.997,654.392
4573,15.085,653.998,654.392
4574,15.084,654.000,654.393
4575,15.083,654.001,654.393
4576,15.082,654.002,654.394
4577,15.081,654.002,654.394
4578,15.081,654.003,654.394
4579,15.080,654.005,654.395
4580,15.079,654.006,654.395
4581,15.078,654.007,654.396
4582,15.077,654.007,654.396
4583,15.076,654.009,654.397
4584,15.076,654.010,654.397
4585,15.075,654.011,654.397
4586,15.074,654.011,654.398
4587,15.073,654.013,654.398
4588,15.072,654.014,654.399
4589,15.072,654.015,654.399
4590,15.071,654.016,654.399
4591,15.070,654.017,654.400
4592,15.069,654.018,654.401
4593,15.068,654.019,654.401
4594,15.067,654.019,654.401
4595,15.067,654.020,654.402
4596,15.066,654.022,654.402
4597,15.065,654.023,654.403
4598,15.064,654.023,654.403
4599,15.063,654.024,654.403
4600,15.063,654.026,654.404
4601,15.062,654.027,654.404
4602,15.061,654.027,654.405
4603,15.060,654.028,654.405
4604,15.059,654.030,654.406
4605,15.059,654.030,654.406
4606,15.058,654.031,654.406
4607,15.057,654.032,654.406
4608,15.056,654.033,654.407
4609,15.055,654.034,654.407
4610,15.054,654.035,654.408
4611,15.054,654.036,654.408
4612,15.053,654.036,654.408
4613,15.052,654.038,654.409
4614,15.051,654.039,654.409
4615,15.050,654.039,654.410
4616,15.050,654.040,654.410
4617,15.049,654.042,654.411
4618,15.048,654.042,654.411
4619,15.047,654.043,654.411
4620,15.046,654.044,654.412
4621,15.046,654.045,654.412
4622,15.045,654.046,654.413
4623,15.044,654.047,654.413
4624,15.043,654.047,654.413
4625,15.042,654.049,654.414
4626,15.042,654.050,654.414
4627,15.041,654.050,654.414
4628,15.040,654.051,654.415
4629,15.039,654.052,654.415
4630,15.039,654.053,654.416
4631,15.038,654.054,654.416
4632,15.037,654.055,654.416
4633,15.036,654.055,654.417
4634,15.035,654.057,654.417
4635,15.035,654.057,654.417
4636,15.034,654.058,654.418
4637,15.033,654.059,654.418
4638,15.032,654.060,654.419
4639,15.031,654.061,654.419
4640,15.031,654.062,654.419
4641,15.030,654.062,654.420
4642,15.029,654.064,654.420
4643,15.028,654.064,654.420
4644,15.027,654.065,654.421
4645,15.027,654.066,654.421
4646,15.026,654.067,654.422
4647,15.025,654.068,654.422
4648,15.024,654.068,654.422
4649,15.024,654.069,654.422
4650,15.023,654.070,654.423
4651,15.022,654.071,654.423
4652,15.021,654.072,654.424
4653,15.020,654.073,654.424
4654,15.020,654.073,654.424
4655,15.019,654.075,654.425
4656,15.018,654.075,654.425
4657,15.017,654.076,654.425
4658,15.017,654.076,654.426
4659,15.016,654.078,654.426
4660,15.015,654.078,654.426
4661,15.014,654.079,654.427
4662,15.013,654.080,654.427
4663,15.013,654.081,654.428
4664,15.012,654.082,654.428
4665,15.011,654.082,654.428
4666,15.010,654.083,654.428
4667,15.010,654.084,654.429
4668,15.009,654.085,654.429
4669,15.008,654.086,654.429
4670,15.007,654.086,654.430
4671,15.007,654.087,654.430
4672,15.006,654.088,654.431
4673,15.005,654.089,654.431
4674,15.004,654.089,654.431
4675,15.004,654.090,654.431
4676,15.003,654.091,654.432
4677,15.002,654.092,654.432
4678,15.001,654.093,654.432
4679,15.000,654.093,654.433
4680,15.000,654.094,654.433
4681,14.999,654.095,654.434
4682,14.998,654.096,654.434
4683,14.997,654.096,654.434
4684,14.997,654.097,654.435
4685,14.996,654.098,654.435
4686,14.995,654.099,654.435
4687,14.994,654.099,654.435
4688,14.994,654.100,654.436
4689,14.993,654.101,654.436
4690,14.992,654.102,654.436
4691,14.991,654.102,654.437
4692,14.991,654.103,654.437
4693,14.990,654.104,654.437
4694,14.989,654.105,654.438
4695,14.988,654.105,654.438
4696,14.988,654.106,654.438
4697,14.987,654.107,654.439
4698,14.986,654.108,654.439
4699,14.985,654.108,654.439
4700,14.985,654.109,654.439
4701,14.984,654.110,654.440
4702,14.983,654.111,654.440
4703,14.982,654.111,654.440
4704,14.982,654.112,654.441
4705,14.981,654.113,654.441
4706,14.980,654.114,654.441
4707,14.979,654.114,654.442
4708,14.979,654.115,654.442
4709,14.978,654.116,654.442
4710,14.977,654.116,654.443
4711,14.976,654.117,654.443
4712,14.976,654.118,654.443
4713,14.975,654.119,654.444
4714,14.974,654.119,654.444
4715,14.973,654.120,654.444
4716,14.973,654.120,654.444
4717,14.972,654.121,654.445
4718,14.971,654.122,654.445
4719,14.970,654.123,654.445
4720,14.970,654.123,654.446
4721,14.969,654.124,654.446
4722,14.968,654.125,654.446
4723,14.967,654.125,654.447
4724,14.967,654.126,654.447
4725,14.966,654.126,654.447
4726,14.965,654.128,654.447
4727,14.964,654.128,654.448
4728,14.964,654.129,654.448
4729,14.963,654.129,654.448
4730,14.962,654.130,654.449
4731,14.962,654.131,654.449
4732,14.961,654.131,654.449
4733,14.960,654.132,654.449
4734,14.959,654.133,654.450
4735,14.959,654.134,654.450
4736,14.958,654.134,654.450
4737,14.957,654.135,654.450
4738,14.956,654.136,654.451
4739,14.956,654.136,654.451
4740,14.955,654.137,654.451
4741,14.954,654.137,654.452
4742,14.954,654.138,654.452
4743,14.953,654.139,654.452
4744,14.952,654.139,654.453
4745,14.951,654.140,654.453
4746,14.951,654.140,654.453
4747,14.950,654.141,654.453
4748,14.949,654.142,654.454
4749,14.948,654.142,654.454
4750,14.948,654.143,654.454
4751,14.947,654.144,654.454
4752,14.946,654.145,654.455
4753,14.946,654.145,654.455
4754,14.945,654.146,654.455
4755,14.944,654.147,654.456
4756,14.943,654.147,654.456
4757,14.943,654.148,654.456
4758,14.942,654.148,654.456
4759,14.941,654.149,654.457
4760,14.940,654.150,654.457
4761,14.940,654.150,654.457
4762,14.939,654.151,654.457
4763,14.938,654.152,654.458
4764,14.938,654.152,654.458
4765,14.937,654.153,654.458
4766,14.936,654.153,654.458
4767,14.935,654.154,654.459
4768,14.935,654.155,654.459
4769,14.934,654.155,654.459
4770,14.933,654.156,654.459
4771,14.933,654.157,654.460
4772,14.932,654.157,654.460
4773,14.931,654.158,654.460
4774,14.930,654.158,654.460
4775,14.930,654.159,654.461
4776,14.929,654.159,654.461
4777,14.928,654.160,654.461
4778,14.928,654.160,654.462
4779,14.927,654.161,654.462
4780,14.926,654.162,654.462
4781,14.926,654.162,654.462
4782,14.925,654.163,654.463
4783,14.924,654.163,654.463
4784,14.923,654.164,654.463
4785,14.923,654.165,654.463
4786,14.922,654.165,654.464
4787,14.921,654.166,654.464
4788,14.921,654.167,654.464
4789,14.920,654.167,654.464
4790,14.919,654.168,654.465
4791,14.918,654.168,654.465
4792,14.918,654.169,654.465
4793,14.917,654.169,654.465
4794,14.916,654.170,654.466
4795,14.916,654.170,654.466
4796,14.915,654.171,654.466
4797,14.914,654.172,654.466
4798,14.914,654.172,654.467
4799,14.913,654.173,654.467
4800,14.912,654.174,654.467
4801,14.911,654.174,654.467
4802,14.911,654.174,654.468
4803,14.910,654.175,654.468
4804,14.909,654.176,654.468
4805,14.909,654.176,654.468
4806,14.908,654.177,654.468
4807,14.907,654.177,654.469
4808,14.907,654.178,654.469
4809,14.906,654.178,654.469
4810,14.905,654.179,654.469
4811,14.905,654.179,654.470
4812,14.904,654.180,654.470
4813,14.903,654.181,654.470
4814,14.902,654.181,654.470
4815,14.902,654.182,654.471
4816,14.901,654.182,654.471
4817,14.900,654.183,654.471
4818,14.900,654.183,654.471
4819,14.899,654.184,654.472
4820,14.898,654.184,654.472
4821,14.898,654.185,654.472
4822,14.897,654.186,654.472
4823,14.896,654.186,654.472
4824,14.896,654.186,654.473
4825,14.895,654.187,654.473
4826,14.894,654.188,654.473
4827,14.893,654.188,654.473
4828,14.893,654.189,654.474
4829,14.892,654.189,654.474
4830,14.891,654.190,654.474
4831,14.891,654.190,654.474
4832,14.890,654.191,654.474
4833,14.889,654.191,654.475
4834,14.889,654.192,654.475
4835,14.888,654.192,654.475
4836,14.887,654.193,654.475
4837,14.887,654.194,654.476
4838,14.886,654.194,654.476
4839,14.885,654.194,654.476
4840,14.885,654.195,654.476
4841,14.884,654.196,654.477
4842,14.883,654.196,654.477
4843,14.883,654.196,654.477
4844,14.882,654.197,654.477
4845,14.881,654.198,654.478
4846,14.881,654.198,654.478
4847,14.880,654.199,654.478
4848,14.879,654.199,654.478
4849,14.879,654.200,654.478
4850,14.878,654.200,654.479
4851,14.877,654.201,654.479
4852,14.877,654.201,654.479
4853,14.876,654.202,654.479
4854,14.875,654.202,654.479
4855,14.874,654.203,654.480
4856,14.874,654.203,654.480
4857,14.873,654.204,654.480
4858,14.872,654.204,654.480
4859,14.872,654.205,654.480
4860,14.871,654.205,654.481
4861,14.870,654.206,654.481
4862,14.870,654.206,654.481
4863,14.869,654.207,654.481
4864,14.868,654.207,654.481
4865,14.868,654.208,654.482
4866,14.867,654.208,654.482
4867,14.866,654.208,654.482
4868,14.866,654.209,654.482
4869,14.865,654.210,654.483
4870,14.864,654.210,654.483
4871,14.864,654.210,654.483
4872,14.863,654.211,654.483
4873,14.862,654.212,654.483
4874,14.862,654.212,654.484
4875,14.861,654.212,654.484
4876,14.860,654.213,654.484
4877,14.860,654.214,654.484
4878,14.859,654.214,654.484
4879,14.858,654.214,654.485
4880,14.858,654.215,654.485
4881,14.857,654.215,654.485
4882,14.857,654.216,654.485
4883,14.856,654.216,654.485
4884,14.855,654.217,654.486
4885,14.855,654.217,654.486
4886,14.854,654.218,654.486
4887,14.853,654.218,654.486
4888,14.853,654.218,654.486
4889,14.852,654.219,654.487
4890,14.851,654.220,654.487
4891,14.851,654.220,654.487
4892,14.850,654.220,654.487
4893,14.849,654.221,654.487
4894,14.849,654.221,654.488
4895,14.848,654.222,654.488
4896,14.847,654.222,654.488
4897,14.847,654.222,654.488
4898,14.846,654.223,654.488
4899,14.845,654.224,654.489
4900,14.845,654.224,654.489
4901,14.844,654.224,654.489
4902,14.843,654.225,654.489
4903,14.843,654.225,654.489
4904,14.842,654.226,654.490
4905,14.841,654.226,654.490
4906,14.841,654.227,654.490
4907,14.840,654.227,654.490
4908,14.839,654.228,654.490
4909,14.839,654.228,654.490
4910,14.838,654.229,654.491
4911,14.838,654.229,654.491
4912,14.837,654.229,654.491
4913,14.836,654.230,654.491
4914,14.836,654.230,654.492
4915,14.835,654.231,654.492
4916,14.834,654.231,654.492
4917,14.834,654.231,654.492
4918,14.833,654.232,654.492
4919,14.832,654.232,654.492
4920,14.832,654.233,654.493
4921,14.831,654.233,654.493
4922,14.830,654.234,654.493
4923,14.830,654.234,654.493
4924,14.829,654.235,654.493
4925,14.829,654.235,654.493
4926,14.828,654.236,654.494
4927,14.827,654.236,654.494
4928,14.827,654.236,654.494
4929,14.826,654.237,654.494
4930,14.825,654.237,654.494
4931,14.825,654.238,654.495
4932,14.824,654.238,654.495
4933,14.823,654.238,654.495
4934,14.823,654.239,654.495
4935,14.822,654.239,654.495
4936,14.822,654.240,654.495
4937,14.821,654.240,654.496
4938,14.820,654.241,654.496
4939,14.820,654.241,654.496
4940,14.819,654.241,654.496
4941,14.818,654.242,654.496
4942,14.818,654.242,654.497
4943,14.817,654.243,654.497
4944,14.816,654.243,654.497
4945,14.816,654.243,654.497
4946,14.815,654.244,654.497
4947,14.815,654.244,654.497
4948,14.814,654.245,654.498
4949,14.813,654.245,654.498
4950,14.813,654.246,654.498
4951,14.812,654.246,654.498
4952,14.811,654.246,654.498
4953,14.811,654.247,654.498
4954,14.810,654.247,654.499
4955,14.809,654.248,654.499
4956,14.809,654.248,654.499
4957,14.808,654.248,654.499
4958,14.808,654.249,654.499
4959,14.807,654.249,654.500
4960,14.806,654.249,654.500
4961,14.806,654.250,654.500
4962,14.805,654.250,654.500
4963,14.804,654.251,654.500
4964,14.804,654.251,654.500
4965,14.803,654.251,654.501
4966,14.803,654.252,654.501
4967,14.802,654.252,654.501
4968,14.801,654.253,654.501
4969,14.801,654.253,654.501
4970,14.800,654.254,654.501
4971,14.799,654.254,654.502
4972,14.799,654.254,654.502
4973,14.798,654.254,654.502
4974,14.798,654.255,654.502
4975,14.797,654.255,654.502
4976,14.796,654.256,654.502
4977,14.796,654.256,654.503
4978,14.795,654.257,654.503
4979,14.795,654.257,654.503
4980,14.794,654.257,654.503
4981,14.793,654.258,654.503
4982,14.793,654.258,654.503
4983,14.792,654.259,654.504
4984,14.791,654.259,654.504
4985,14.791,654.259,654.504
4986,14.790,654.260,654.504
4987,14.790,654.260,654.504
4988,14.789,654.260,654.504
4989,14.788,654.261,654.505
4990,14.788,654.261,654.505
4991,14.787,654.262,654.505
4992,14.786,654.262,654.505
4993,14.786,654.262,654.505
4994,14.785,654.263,654.505
4995,14.785,654.263,654.506
4996,14.784,654.263,654.506
4997,14.783,654.264,654.506
4998,14.783,654.264,654.506
4999,14.782,654.265,654.506
