# Time (s),Mass (g),T Back (K),T Front (K)
0,68.400,293.000,293.000
1,68.400,293.000,338.593
2,68.400,293.000,352.347
3,68.400,293.000,362.468
4,68.400,293.000,370.777
5,68.400,293.000,377.962
6,68.400,293.000,384.292
7,68.400,293.000,390.037
8,68.400,293.000,395.230
9,68.400,293.000,400.051
10,68.400,293.000,404.492
11,68.400,293.000,408.670
12,68.400,293.000,412.569
13,68.400,293.000,416.269
14,68.400,293.000,419.751
15,68.400,293.000,423.076
16,68.400,293.000,426.225
17,68.400,293.000,429.246
18,68.400,293.000,432.122
19,68.400,293.000,434.891
20,68.400,293.000,437.539
21,68.400,293.000,440.094
22,68.400,293.000,442.546
23,68.400,293.000,444.917
24,68.400,293.000,447.200
25,68.400,293.000,449.413
26,68.400,293.000,451.546
27,68.400,293.000,453.618
28,68.400,293.000,455.621
29,68.400,293.000,457.568
30,68.400,293.000,459.455
31,68.399,293.000,461.291
32,68.399,293.000,463.072
33,68.399,293.000,464.807
34,68.399,293.000,466.491
35,68.399,293.000,468.132
36,68.399,293.000,469.731
37,68.399,293.000,471.290
38,68.399,293.000,472.808
39,68.398,293.000,474.291
40,68.398,293.000,475.737
41,68.398,293.000,477.149
42,68.398,293.000,478.529
43,68.398,293.000,479.877
44,68.398,293.000,481.195
45,68.397,293.001,482.484
46,68.397,293.001,483.745
47,68.397,293.001,484.978
48,68.396,293.001,486.186
49,68.396,293.001,487.369
50,68.396,293.002,488.527
51,68.395,293.002,489.662
52,68.395,293.003,490.774
53,68.395,293.003,491.865
54,68.394,293.004,492.934
55,68.394,293.004,493.983
56,68.393,293.005,495.012
57,68.393,293.006,496.021
58,68.393,293.008,497.012
59,68.392,293.009,497.986
60,68.392,293.010,498.941
61,68.391,293.012,499.879
62,68.390,293.013,500.802
63,68.390,293.016,501.708
64,68.389,293.018,502.599
65,68.389,293.020,503.474
66,68.388,293.023,504.335
67,68.387,293.026,505.182
68,68.387,293.030,506.015
69,68.386,293.033,506.834
70,68.385,293.037,507.640
71,68.385,293.042,508.434
72,68.384,293.046,509.215
73,68.383,293.052,509.984
74,68.382,293.057,510.741
75,68.382,293.063,511.487
76,68.381,293.070,512.222
77,68.380,293.077,512.946
78,68.379,293.085,513.659
79,68.378,293.093,514.361
80,68.377,293.102,515.054
81,68.376,293.111,515.737
82,68.375,293.121,516.411
83,68.374,293.131,517.074
84,68.373,293.143,517.729
85,68.372,293.155,518.375
86,68.371,293.168,519.012
87,68.370,293.180,519.640
88,68.369,293.195,520.260
89,68.368,293.210,520.872
90,68.367,293.225,521.476
91,68.366,293.242,522.073
92,68.364,293.259,522.661
93,68.363,293.278,523.242
94,68.362,293.297,523.815
95,68.361,293.317,524.382
96,68.360,293.338,524.942
97,68.358,293.360,525.494
98,68.357,293.383,526.041
99,68.356,293.406,526.580
100,68.354,293.431,527.113
101,68.353,293.457,527.639
102,68.352,293.484,528.159
103,68.350,293.512,528.674
104,68.349,293.540,529.182
105,68.347,293.571,529.683
106,68.346,293.602,530.180
107,68.344,293.634,530.672
108,68.343,293.667,531.157
109,68.341,293.702,531.637
110,68.340,293.738,532.112
111,68.338,293.774,532.582
112,68.337,293.813,533.046
113,68.335,293.852,533.505
114,68.333,293.893,533.959
115,68.332,293.934,534.410
116,68.330,293.977,534.854
117,68.328,294.021,535.293
118,68.327,294.067,535.729
119,68.325,294.114,536.160
120,68.323,294.162,536.586
121,68.322,294.211,537.008
122,68.320,294.262,537.426
123,68.318,294.314,537.839
124,68.316,294.367,538.248
125,68.314,294.421,538.654
126,68.312,294.477,539.055
127,68.310,294.534,539.451
128,68.309,294.592,539.845
129,68.307,294.653,540.234
130,68.305,294.714,540.619
131,68.303,294.776,541.002
132,68.301,294.840,541.380
133,68.299,294.906,541.754
134,68.297,294.972,542.126
135,68.294,295.040,542.492
136,68.292,295.110,542.857
137,68.290,295.181,543.218
138,68.288,295.253,543.574
139,68.286,295.326,543.928
140,68.284,295.401,544.279
141,68.282,295.478,544.627
142,68.279,295.556,544.972
143,68.277,295.634,545.312
144,68.275,295.715,545.651
145,68.273,295.797,545.986
146,68.270,295.880,546.317
147,68.268,295.965,546.648
148,68.266,296.051,546.973
149,68.263,296.138,547.297
150,68.261,296.227,547.618
151,68.259,296.317,547.935
152,68.256,296.408,548.251
153,68.254,296.501,548.563
154,68.251,296.596,548.873
155,68.249,296.691,549.180
156,68.246,296.788,549.484
157,68.244,296.887,549.787
158,68.241,296.987,550.086
159,68.238,297.087,550.384
160,68.236,297.190,550.677
161,68.233,297.294,550.971
162,68.231,297.398,551.259
163,68.228,297.505,551.547
164,68.225,297.613,551.831
165,68.223,297.722,552.115
166,68.220,297.833,552.395
167,68.217,297.944,552.673
168,68.214,298.057,552.949
169,68.212,298.172,553.223
170,68.209,298.288,553.495
171,68.206,298.405,553.764
172,68.203,298.523,554.032
173,68.200,298.643,554.296
174,68.197,298.763,554.561
175,68.194,298.886,554.820
176,68.191,299.008,555.081
177,68.189,299.133,555.337
178,68.186,299.258,555.594
179,68.183,299.386,555.846
180,68.180,299.515,556.098
181,68.177,299.644,556.346
182,68.173,299.775,556.595
183,68.170,299.907,556.840
184,68.167,300.040,557.085
185,68.164,300.175,557.326
186,68.161,300.310,557.568
187,68.158,300.447,557.805
188,68.155,300.585,558.044
189,68.152,300.724,558.277
190,68.148,300.864,558.512
191,68.145,301.006,558.743
192,68.142,301.148,558.974
193,68.139,301.292,559.201
194,68.135,301.437,559.430
195,68.132,301.583,559.654
196,68.129,301.730,559.879
197,68.125,301.878,560.099
198,68.122,302.028,560.322
199,68.118,302.178,560.539
200,68.115,302.330,560.758
201,68.112,302.482,560.973
202,68.108,302.636,561.189
203,68.105,302.791,561.401
204,68.101,302.946,561.614
205,68.098,303.103,561.822
206,68.094,303.261,562.033
207,68.091,303.421,562.239
208,68.087,303.581,562.445
209,68.084,303.742,562.649
210,68.080,303.903,562.853
211,68.076,304.066,563.054
212,68.073,304.230,563.256
213,68.069,304.395,563.453
214,68.065,304.561,563.653
215,68.062,304.727,563.848
216,68.058,304.895,564.045
217,68.054,305.064,564.238
218,68.050,305.233,564.432
219,68.047,305.404,564.622
220,68.043,305.575,564.814
221,68.039,305.748,565.002
222,68.035,305.921,565.191
223,68.031,306.095,565.377
224,68.028,306.270,565.564
225,68.024,306.446,565.747
226,68.020,306.622,565.932
227,68.016,306.800,566.113
228,68.012,306.978,566.295
229,68.008,307.158,566.474
230,68.004,307.338,566.654
231,68.000,307.519,566.830
232,67.996,307.700,567.008
233,67.992,307.883,567.183
234,67.988,308.066,567.359
235,67.984,308.250,567.531
236,67.980,308.435,567.705
237,67.976,308.621,567.875
238,67.972,308.808,568.046
239,67.968,308.995,568.215
240,67.964,309.183,568.384
241,67.959,309.371,568.550
242,67.955,309.561,568.718
243,67.951,309.751,568.882
244,67.947,309.942,569.048
245,67.943,310.134,569.210
246,67.938,310.326,569.374
247,67.934,310.519,569.535
248,67.930,310.713,569.696
249,67.926,310.907,569.855
250,67.921,311.102,570.014
251,67.917,311.298,570.171
252,67.913,311.494,570.329
253,67.908,311.691,570.484
254,67.904,311.889,570.641
255,67.900,312.087,570.794
256,67.895,312.286,570.949
257,67.891,312.486,571.100
258,67.887,312.686,571.254
259,67.882,312.887,571.403
260,67.878,313.088,571.555
261,67.873,313.290,571.703
262,67.869,313.493,571.853
263,67.864,313.696,572.000
264,67.860,313.900,572.148
265,67.855,314.105,572.293
266,67.851,314.310,572.439
267,67.846,314.515,572.583
268,67.842,314.721,572.728
269,67.837,314.928,572.870
270,67.833,315.135,573.013
271,67.828,315.343,573.154
272,67.823,315.551,573.296
273,67.819,315.759,573.435
274,67.814,315.968,573.575
275,67.809,316.178,573.713
276,67.805,316.388,573.852
277,67.800,316.599,573.988
278,67.795,316.810,574.125
279,67.791,317.021,574.260
280,67.786,317.233,574.396
281,67.781,317.446,574.530
282,67.776,317.659,574.664
283,67.772,317.872,574.796
284,67.767,318.086,574.930
285,67.762,318.300,575.060
286,67.757,318.515,575.193
287,67.752,318.730,575.322
288,67.748,318.945,575.453
289,67.743,319.161,575.581
290,67.738,319.378,575.710
291,67.733,319.594,575.837
292,67.728,319.812,575.965
293,67.723,320.029,576.091
294,67.718,320.247,576.218
295,67.713,320.465,576.342
296,67.708,320.684,576.468
297,67.704,320.903,576.591
298,67.699,321.122,576.716
299,67.694,321.342,576.837
300,67.689,321.562,576.961
301,67.684,321.783,577.082
302,67.679,322.003,577.204
303,67.674,322.225,577.323
304,67.669,322.446,577.444
305,67.663,322.668,577.563
306,67.658,322.890,577.683
307,67.653,323.112,577.800
308,67.648,323.335,577.919
309,67.643,323.558,578.035
310,67.638,323.781,578.153
311,67.633,324.005,578.268
312,67.628,324.229,578.385
313,67.623,324.453,578.499
314,67.617,324.678,578.613
315,67.612,324.902,578.727
316,67.607,325.127,578.841
317,67.602,325.353,578.954
318,67.597,325.578,579.067
319,67.592,325.804,579.178
320,67.586,326.030,579.290
321,67.581,326.256,579.400
322,67.576,326.483,579.512
323,67.571,326.710,579.621
324,67.565,326.937,579.731
325,67.560,327.164,579.839
326,67.555,327.392,579.949
327,67.549,327.619,580.056
328,67.544,327.847,580.165
329,67.539,328.075,580.271
330,67.533,328.304,580.378
331,67.528,328.532,580.484
332,67.523,328.761,580.590
333,67.517,328.990,580.695
334,67.512,329.219,580.801
335,67.506,329.448,580.904
336,67.501,329.678,581.009
337,67.496,329.908,581.112
338,67.490,330.137,581.216
339,67.485,330.367,581.317
340,67.479,330.598,581.420
341,67.474,330.828,581.521
342,67.468,331.059,581.624
343,67.463,331.289,581.724
344,67.457,331.520,581.825
345,67.452,331.751,581.924
346,67.446,331.982,582.025
347,67.441,332.214,582.123
348,67.435,332.445,582.223
349,67.430,332.677,582.321
350,67.424,332.908,582.420
351,67.419,333.140,582.516
352,67.413,333.372,582.615
353,67.407,333.604,582.711
354,67.402,333.836,582.808
355,67.396,334.069,582.903
356,67.391,334.301,583.000
357,67.385,334.533,583.094
358,67.379,334.766,583.190
359,67.374,334.999,583.284
360,67.368,335.232,583.379
361,67.362,335.465,583.472
362,67.357,335.698,583.566
363,67.351,335.931,583.659
364,67.345,336.164,583.752
365,67.340,336.397,583.844
366,67.334,336.631,583.937
367,67.328,336.864,584.027
368,67.322,337.098,584.120
369,67.317,337.331,584.210
370,67.311,337.565,584.301
371,67.305,337.798,584.391
372,67.299,338.032,584.481
373,67.293,338.266,584.570
374,67.288,338.500,584.660
375,67.282,338.734,584.748
376,67.276,338.968,584.838
377,67.270,339.202,584.925
378,67.264,339.436,585.014
379,67.259,339.670,585.101
380,67.253,339.904,585.189
381,67.247,340.139,585.275
382,67.241,340.373,585.362
383,67.235,340.607,585.448
384,67.229,340.841,585.535
385,67.223,341.076,585.620
386,67.217,341.310,585.706
387,67.211,341.545,585.790
388,67.205,341.779,585.875
389,67.199,342.013,585.959
390,67.193,342.248,586.044
391,67.187,342.482,586.127
392,67.182,342.717,586.211
393,67.176,342.951,586.294
394,67.170,343.186,586.378
395,67.164,343.420,586.459
396,67.157,343.655,586.543
397,67.151,343.889,586.624
398,67.145,344.124,586.706
399,67.139,344.358,586.787
400,67.133,344.593,586.869
401,67.127,344.827,586.949
402,67.121,345.062,587.031
403,67.115,345.296,587.110
404,67.109,345.531,587.191
405,67.103,345.765,587.270
406,67.097,345.999,587.350
407,67.091,346.234,587.429
408,67.085,346.468,587.508
409,67.078,346.703,587.586
410,67.072,346.937,587.666
411,67.066,347.171,587.743
412,67.060,347.405,587.822
413,67.054,347.640,587.899
414,67.048,347.874,587.977
415,67.041,348.108,588.053
416,67.035,348.342,588.131
417,67.029,348.576,588.207
418,67.023,348.810,588.284
419,67.016,349.044,588.359
420,67.010,349.278,588.436
421,67.004,349.512,588.510
422,66.998,349.746,588.587
423,66.991,349.979,588.661
424,66.985,350.213,588.736
425,66.979,350.447,588.810
426,66.973,350.680,588.885
427,66.966,350.914,588.959
428,66.960,351.147,589.033
429,66.954,351.381,589.106
430,66.947,351.614,589.181
431,66.941,351.848,589.253
432,66.935,352.081,589.327
433,66.928,352.314,589.399
434,66.922,352.547,589.472
435,66.916,352.780,589.543
436,66.909,353.013,589.616
437,66.903,353.246,589.687
438,66.896,353.479,589.760
439,66.890,353.712,589.830
440,66.883,353.944,589.902
441,66.877,354.177,589.972
442,66.871,354.409,590.044
443,66.864,354.642,590.113
444,66.858,354.874,590.184
445,66.851,355.106,590.254
446,66.845,355.338,590.324
447,66.838,355.571,590.393
448,66.832,355.803,590.463
449,66.825,356.034,590.532
450,66.819,356.266,590.600
451,66.812,356.498,590.669
452,66.806,356.730,590.738
453,66.799,356.961,590.806
454,66.793,357.192,590.874
455,66.786,357.424,590.942
456,66.780,357.655,591.010
457,66.773,357.886,591.077
458,66.766,358.117,591.145
459,66.760,358.348,591.211
460,66.753,358.579,591.279
461,66.747,358.810,591.345
462,66.740,359.040,591.412
463,66.733,359.271,591.478
464,66.727,359.501,591.545
465,66.720,359.731,591.610
466,66.713,359.961,591.676
467,66.707,360.192,591.741
468,66.700,360.421,591.807
469,66.693,360.651,591.872
470,66.687,360.881,591.938
471,66.680,361.111,592.002
472,66.673,361.340,592.067
473,66.667,361.569,592.131
474,66.660,361.799,592.196
475,66.653,362.028,592.259
476,66.646,362.257,592.324
477,66.640,362.486,592.387
478,66.633,362.714,592.451
479,66.626,362.943,592.514
480,66.619,363.172,592.578
481,66.612,363.400,592.640
482,66.606,363.628,592.704
483,66.599,363.856,592.766
484,66.592,364.084,592.829
485,66.585,364.312,592.891
486,66.578,364.540,592.953
487,66.572,364.767,593.015
488,66.565,364.995,593.077
489,66.558,365.222,593.138
490,66.551,365.449,593.200
491,66.544,365.676,593.261
492,66.537,365.903,593.323
493,66.530,366.130,593.383
494,66.523,366.357,593.445
495,66.516,366.583,593.505
496,66.510,366.810,593.566
497,66.503,367.036,593.625
498,66.496,367.262,593.686
499,66.489,367.488,593.746
500,66.482,367.714,593.806
501,66.475,367.939,593.865
502,66.468,368.165,593.925
503,66.461,368.390,593.984
504,66.454,368.615,594.044
505,66.447,368.841,594.102
506,66.440,369.065,594.162
507,66.433,369.290,594.220
508,66.426,369.515,594.279
509,66.419,369.739,594.337
510,66.412,369.964,594.396
511,66.405,370.188,594.454
512,66.398,370.412,594.512
513,66.390,370.636,594.570
514,66.383,370.860,594.628
515,66.376,371.083,594.685
516,66.369,371.307,594.743
517,66.362,371.530,594.800
518,66.355,371.753,594.857
519,66.348,371.976,594.914
520,66.341,372.199,594.971
521,66.334,372.421,595.027
522,66.326,372.644,595.084
523,66.319,372.866,595.140
524,66.312,373.088,595.197
525,66.305,373.310,595.253
526,66.298,373.532,595.309
527,66.291,373.754,595.364
528,66.283,373.975,595.421
529,66.276,374.197,595.476
530,66.269,374.418,595.532
531,66.262,374.639,595.586
532,66.254,374.860,595.642
533,66.247,375.080,595.697
534,66.240,375.301,595.752
535,66.233,375.521,595.806
536,66.225,375.742,595.862
537,66.218,375.962,595.916
538,66.211,376.181,595.971
539,66.203,376.401,596.024
540,66.196,376.621,596.079
541,66.189,376.840,596.132
542,66.181,377.059,596.187
543,66.174,377.278,596.240
544,66.167,377.497,596.294
545,66.159,377.716,596.347
546,66.152,377.934,596.401
547,66.145,378.153,596.453
548,66.137,378.371,596.507
549,66.130,378.589,596.560
550,66.122,378.807,596.613
551,66.115,379.024,596.665
552,66.108,379.242,596.718
553,66.100,379.459,596.770
554,66.093,379.676,596.823
555,66.085,379.893,596.875
556,66.078,380.110,596.928
557,66.070,380.327,596.979
558,66.063,380.543,597.031
559,66.055,380.759,597.083
560,66.048,380.976,597.135
561,66.040,381.191,597.186
562,66.033,381.407,597.238
563,66.025,381.623,597.288
564,66.018,381.838,597.340
565,66.010,382.053,597.391
566,66.003,382.268,597.442
567,65.995,382.483,597.492
568,65.988,382.698,597.544
569,65.980,382.912,597.594
570,65.972,383.127,597.645
571,65.965,383.341,597.695
572,65.957,383.555,597.745
573,65.950,383.768,597.795
574,65.942,383.982,597.846
575,65.934,384.195,597.895
576,65.927,384.409,597.945
577,65.919,384.622,597.995
578,65.911,384.834,598.045
579,65.904,385.047,598.094
580,65.896,385.260,598.144
581,65.888,385.472,598.192
582,65.881,385.684,598.242
583,65.873,385.896,598.291
584,65.865,386.108,598.340
585,65.858,386.319,598.388
586,65.850,386.531,598.438
587,65.842,386.742,598.486
588,65.834,386.953,598.535
589,65.827,387.164,598.583
590,65.819,387.374,598.632
591,65.811,387.585,598.679
592,65.803,387.795,598.728
593,65.795,388.005,598.775
594,65.788,388.215,598.824
595,65.780,388.424,598.871
596,65.772,388.634,598.919
597,65.764,388.843,598.966
598,65.756,389.052,599.015
599,65.748,389.261,599.061
600,65.741,389.470,599.109
601,65.733,389.678,599.156
602,65.725,389.887,599.204
603,65.717,390.095,599.250
604,65.709,390.303,599.298
605,65.701,390.511,599.344
606,65.693,390.718,599.391
607,65.685,390.926,599.437
608,65.677,391.133,599.484
609,65.669,391.340,599.530
610,65.661,391.547,599.577
611,65.653,391.753,599.623
612,65.645,391.960,599.670
613,65.637,392.166,599.715
614,65.629,392.372,599.762
615,65.621,392.578,599.807
616,65.613,392.784,599.853
617,65.605,392.989,599.898
618,65.597,393.194,599.945
619,65.589,393.399,599.990
620,65.581,393.604,600.036
621,65.573,393.808,600.080
622,65.565,394.013,600.126
623,65.557,394.217,600.171
624,65.549,394.421,600.216
625,65.541,394.625,600.261
626,65.533,394.828,600.306
627,65.525,395.032,600.350
628,65.517,395.235,600.396
629,65.508,395.438,600.440
630,65.500,395.641,600.485
631,65.492,395.844,600.529
632,65.484,396.047,600.574
633,65.476,396.249,600.617
634,65.468,396.451,600.662
635,65.459,396.653,600.706
636,65.451,396.855,600.750
637,65.443,397.056,600.794
638,65.435,397.258,600.838
639,65.426,397.459,600.881
640,65.418,397.660,600.925
641,65.410,397.860,600.968
642,65.402,398.061,601.013
643,65.393,398.261,601.055
644,65.385,398.462,601.099
645,65.377,398.662,601.142
646,65.369,398.861,601.186
647,65.360,399.061,601.228
648,65.352,399.260,601.272
649,65.344,399.459,601.314
650,65.335,399.658,601.358
651,65.327,399.857,601.400
652,65.318,400.056,601.443
653,65.310,400.254,601.485
654,65.302,400.452,601.528
655,65.293,400.650,601.570
656,65.285,400.848,601.613
657,65.277,401.045,601.655
658,65.268,401.243,601.698
659,65.260,401.440,601.739
660,65.251,401.637,601.782
661,65.243,401.834,601.823
662,65.234,402.030,601.866
663,65.226,402.227,601.907
664,65.217,402.423,601.949
665,65.209,402.619,601.990
666,65.200,402.815,602.033
667,65.192,403.010,602.073
668,65.183,403.205,602.115
669,65.175,403.401,602.156
670,65.166,403.596,602.198
671,65.158,403.790,602.239
672,65.149,403.985,602.281
673,65.141,404.179,602.321
674,65.132,404.373,602.363
675,65.123,404.567,602.403
676,65.115,404.761,602.444
677,65.106,404.954,602.485
678,65.098,405.148,602.526
679,65.089,405.341,602.566
680,65.080,405.534,602.607
681,65.072,405.727,602.647
682,65.063,405.919,602.688
683,65.054,406.111,602.728
684,65.046,406.304,602.769
685,65.037,406.495,602.808
686,65.028,406.687,602.849
687,65.020,406.879,602.888
688,65.011,407.070,602.929
689,65.002,407.261,602.968
690,64.993,407.452,603.009
691,64.985,407.643,603.048
692,64.976,407.833,603.088
693,64.967,408.023,603.127
694,64.958,408.213,603.167
695,64.950,408.403,603.206
696,64.941,408.593,603.246
697,64.932,408.782,603.285
698,64.923,408.972,603.325
699,64.914,409.161,603.364
700,64.905,409.350,603.403
701,64.897,409.538,603.442
702,64.888,409.727,603.482
703,64.879,409.915,603.520
704,64.870,410.103,603.559
705,64.861,410.291,603.598
706,64.852,410.478,603.637
707,64.843,410.666,603.675
708,64.834,410.853,603.714
709,64.825,411.040,603.752
710,64.817,411.227,603.791
711,64.808,411.413,603.829
712,64.799,411.600,603.868
713,64.790,411.786,603.906
714,64.781,411.972,603.945
715,64.772,412.158,603.982
716,64.763,412.343,604.021
717,64.754,412.529,604.059
718,64.745,412.714,604.097
719,64.736,412.899,604.135
720,64.727,413.084,604.173
721,64.718,413.268,604.210
722,64.708,413.453,604.249
723,64.699,413.637,604.286
724,64.690,413.821,604.324
725,64.681,414.004,604.361
726,64.672,414.188,604.399
727,64.663,414.371,604.436
728,64.654,414.554,604.474
729,64.645,414.737,604.510
730,64.636,414.920,604.548
731,64.626,415.103,604.585
732,64.617,415.285,604.623
733,64.608,415.467,604.659
734,64.599,415.649,604.697
735,64.590,415.831,604.733
736,64.581,416.012,604.770
737,64.571,416.193,604.807
738,64.562,416.374,604.844
739,64.553,416.555,604.880
740,64.544,416.736,604.917
741,64.534,416.916,604.953
742,64.525,417.097,604.991
743,64.516,417.277,605.026
744,64.507,417.457,605.063
745,64.497,417.636,605.099
746,64.488,417.816,605.136
747,64.479,417.995,605.172
748,64.469,418.174,605.209
749,64.460,418.353,605.244
750,64.451,418.531,605.281
751,64.441,418.710,605.316
752,64.432,418.888,605.353
753,64.422,419.066,605.388
754,64.413,419.244,605.424
755,64.404,419.422,605.460
756,64.394,419.599,605.496
757,64.385,419.776,605.531
758,64.375,419.953,605.567
759,64.366,420.130,605.602
760,64.356,420.307,605.638
761,64.347,420.483,605.673
762,64.338,420.659,605.709
763,64.328,420.835,605.744
764,64.319,421.011,605.780
765,64.309,421.186,605.815
766,64.300,421.362,605.850
767,64.290,421.537,605.885
768,64.280,421.712,605.920
769,64.271,421.887,605.955
770,64.261,422.061,605.990
771,64.252,422.236,606.025
772,64.242,422.410,606.060
773,64.233,422.584,606.094
774,64.223,422.758,606.130
775,64.213,422.931,606.164
776,64.204,423.104,606.199
777,64.194,423.278,606.233
778,64.184,423.451,606.268
779,64.175,423.623,606.302
780,64.165,423.796,606.337
781,64.155,423.968,606.371
782,64.146,424.140,606.406
783,64.136,424.312,606.440
784,64.126,424.484,606.474
785,64.117,424.656,606.508
786,64.107,424.827,606.543
787,64.097,424.998,606.576
788,64.087,425.169,606.611
789,64.078,425.340,606.644
790,64.068,425.510,606.679
791,64.058,425.681,606.712
792,64.048,425.851,606.746
793,64.039,426.021,606.780
794,64.029,426.190,606.814
795,64.019,426.360,606.847
796,64.009,426.529,606.881
797,63.999,426.698,606.914
798,63.989,426.867,606.948
799,63.980,427.036,606.981
800,63.970,427.205,607.015
801,63.960,427.373,607.048
802,63.950,427.541,607.082
803,63.940,427.709,607.115
804,63.930,427.877,607.148
805,63.920,428.044,607.181
806,63.910,428.212,607.215
807,63.900,428.379,607.247
808,63.890,428.546,607.281
809,63.880,428.713,607.313
810,63.870,428.879,607.347
811,63.860,429.046,607.379
812,63.850,429.212,607.413
813,63.840,429.378,607.445
814,63.830,429.544,607.478
815,63.820,429.709,607.510
816,63.810,429.875,607.544
817,63.800,430.040,607.576
818,63.790,430.205,607.609
819,63.780,430.370,607.641
820,63.770,430.534,607.674
821,63.760,430.699,607.706
822,63.750,430.863,607.739
823,63.740,431.027,607.770
824,63.729,431.191,607.803
825,63.719,431.355,607.835
826,63.709,431.518,607.868
827,63.699,431.681,607.899
828,63.689,431.844,607.932
829,63.679,432.007,607.963
830,63.669,432.170,607.996
831,63.658,432.332,608.028
832,63.648,432.495,608.060
833,63.638,432.657,608.091
834,63.628,432.819,608.124
835,63.617,432.981,608.155
836,63.607,433.142,608.187
837,63.597,433.303,608.218
838,63.587,433.465,608.251
839,63.576,433.626,608.282
840,63.566,433.786,608.314
841,63.556,433.947,608.345
842,63.545,434.107,608.377
843,63.535,434.268,608.408
844,63.525,434.428,608.440
845,63.514,434.587,608.471
846,63.504,434.747,608.502
847,63.494,434.906,608.533
848,63.483,435.065,608.565
849,63.473,435.224,608.596
850,63.462,435.383,608.627
851,63.452,435.542,608.658
852,63.442,435.700,608.689
853,63.431,435.859,608.720
854,63.421,436.017,608.752
855,63.410,436.175,608.782
856,63.400,436.333,608.813
857,63.389,436.490,608.844
858,63.379,436.648,608.875
859,63.368,436.805,608.905
860,63.358,436.962,608.937
861,63.347,437.119,608.967
862,63.337,437.276,608.998
863,63.326,437.432,609.028
864,63.316,437.589,609.059
865,63.305,437.745,609.089
866,63.295,437.901,609.120
867,63.284,438.056,609.150
868,63.273,438.212,609.181
869,63.263,438.368,609.211
870,63.252,438.523,609.242
871,63.242,438.678,609.271
872,63.231,438.833,609.302
873,63.220,438.988,609.332
874,63.210,439.142,609.363
875,63.199,439.296,609.392
876,63.188,439.451,609.423
877,63.178,439.605,609.452
878,63.167,439.759,609.483
879,63.156,439.912,609.512
880,63.146,440.066,609.543
881,63.135,440.219,609.572
882,63.124,440.372,609.602
883,63.113,440.525,609.632
884,63.103,440.678,609.662
885,63.092,440.831,609.691
886,63.081,440.983,609.722
887,63.070,441.135,609.751
888,63.060,441.287,609.781
889,63.049,441.439,609.810
890,63.038,441.591,609.840
891,63.027,441.743,609.869
892,63.016,441.894,609.899
893,63.005,442.045,609.928
894,62.995,442.196,609.958
895,62.984,442.347,609.987
896,62.973,442.498,610.016
897,62.962,442.649,610.045
898,62.951,442.799,610.075
899,62.940,442.949,610.104
900,62.929,443.099,610.133
901,62.918,443.249,610.162
902,62.907,443.399,610.192
903,62.896,443.549,610.220
904,62.885,443.698,610.250
905,62.874,443.847,610.278
906,62.863,443.996,610.308
907,62.852,444.145,610.336
908,62.841,444.294,610.365
909,62.830,444.443,610.394
910,62.819,444.591,610.423
911,62.808,444.739,610.451
912,62.797,444.887,610.481
913,62.786,445.035,610.509
914,62.775,445.183,610.538
915,62.764,445.331,610.566
916,62.753,445.478,610.595
917,62.742,445.625,610.623
918,62.731,445.773,610.652
919,62.720,445.920,610.680
920,62.709,446.066,610.709
921,62.698,446.213,610.737
922,62.686,446.359,610.766
923,62.675,446.506,610.794
924,62.664,446.652,610.823
925,62.653,446.798,610.850
926,62.642,446.944,610.879
927,62.631,447.090,610.907
928,62.619,447.235,610.936
929,62.608,447.381,610.963
930,62.597,447.526,610.992
931,62.586,447.671,611.019
932,62.574,447.816,611.048
933,62.563,447.961,611.075
934,62.552,448.105,611.104
935,62.541,448.250,611.131
936,62.529,448.394,611.160
937,62.518,448.538,611.187
938,62.507,448.682,611.215
939,62.495,448.826,611.243
940,62.484,448.970,611.271
941,62.473,449.113,611.298
942,62.461,449.257,611.326
943,62.450,449.400,611.354
944,62.439,449.543,611.382
945,62.427,449.686,611.409
946,62.416,449.829,611.437
947,62.405,449.972,611.464
948,62.393,450.114,611.492
949,62.382,450.257,611.519
950,62.370,450.399,611.547
951,62.359,450.541,611.574
952,62.348,450.683,611.602
953,62.336,450.825,611.628
954,62.325,450.967,611.656
955,62.313,451.108,611.683
956,62.302,451.250,611.711
957,62.290,451.391,611.737
958,62.279,451.532,611.765
959,62.267,451.673,611.792
960,62.256,451.814,611.819
961,62.244,451.954,611.846
962,62.233,452.095,611.874
963,62.221,452.235,611.900
964,62.209,452.376,611.928
965,62.198,452.516,611.954
966,62.186,452.656,611.981
967,62.175,452.796,612.008
968,62.163,452.935,612.035
969,62.152,453.075,612.062
970,62.140,453.214,612.089
971,62.128,453.354,612.115
972,62.117,453.493,612.142
973,62.105,453.632,612.169
974,62.093,453.771,612.196
975,62.082,453.910,612.222
976,62.070,454.048,612.249
977,62.058,454.187,612.275
978,62.047,454.325,612.302
979,62.035,454.463,612.328
980,62.023,454.602,612.355
981,62.012,454.740,612.381
982,62.000,454.877,612.408
983,61.988,455.015,612.434
984,61.976,455.153,612.461
985,61.965,455.290,612.487
986,61.953,455.428,612.514
987,61.941,455.565,612.539
988,61.929,455.702,612.566
989,61.917,455.839,612.592
990,61.906,455.976,612.619
991,61.894,456.112,612.644
992,61.882,456.249,612.671
993,61.870,456.385,612.696
994,61.858,456.522,612.723
995,61.846,456.658,612.749
996,61.835,456.794,612.775
997,61.823,456.930,612.801
998,61.811,457.066,612.827
999,61.799,457.201,612.853
1000,61.787,457.337,612.879
1001,61.775,457.472,612.904
1002,61.763,457.608,612.930
1003,61.751,457.743,612.956
1004,61.739,457.878,612.982
1005,61.727,458.013,613.008
1006,61.715,458.148,613.034
1007,61.704,458.282,613.059
1008,61.692,458.417,613.084
1009,61.680,458.551,613.110
1010,61.668,458.686,613.136
1011,61.656,458.820,613.162
1012,61.644,458.954,613.188
1013,61.632,459.088,613.213
1014,61.619,459.222,613.239
1015,61.607,459.356,613.264
1016,61.595,459.490,613.289
1017,61.583,459.623,613.314
1018,61.571,459.756,613.340
1019,61.559,459.890,613.365
1020,61.547,460.023,613.390
1021,61.535,460.156,613.416
1022,61.523,460.289,613.442
1023,61.511,460.422,613.466
1024,61.499,460.555,613.491
1025,61.487,460.687,613.517
1026,61.474,460.820,613.542
1027,61.462,460.952,613.567
1028,61.450,461.084,613.592
1029,61.438,461.217,613.617
1030,61.426,461.349,613.643
1031,61.414,461.481,613.668
1032,61.401,461.612,613.692
1033,61.389,461.744,613.717
1034,61.377,461.876,613.742
1035,61.365,462.007,613.768
1036,61.352,462.139,613.792
1037,61.340,462.270,613.817
1038,61.328,462.401,613.842
1039,61.316,462.532,613.866
1040,61.303,462.663,613.891
1041,61.291,462.794,613.917
1042,61.279,462.925,613.941
1043,61.267,463.055,613.966
1044,61.254,463.186,613.990
1045,61.242,463.316,614.015
1046,61.230,463.447,614.040
1047,61.217,463.577,614.064
1048,61.205,463.707,614.089
1049,61.193,463.837,614.114
1050,61.180,463.967,614.138
1051,61.168,464.097,614.163
1052,61.155,464.226,614.187
1053,61.143,464.356,614.212
1054,61.131,464.486,614.236
1055,61.118,464.615,614.260
1056,61.106,464.744,614.285
1057,61.093,464.873,614.309
1058,61.081,465.002,614.334
1059,61.069,465.131,614.357
1060,61.056,465.260,614.382
1061,61.044,465.389,614.406
1062,61.031,465.518,614.431
1063,61.019,465.646,614.454
1064,61.006,465.775,614.479
1065,60.994,465.903,614.503
1066,60.981,466.031,614.527
1067,60.969,466.160,614.552
1068,60.956,466.288,614.576
1069,60.944,466.416,614.600
1070,60.931,466.544,614.624
1071,60.919,466.671,614.648
1072,60.906,466.799,614.672
1073,60.893,466.927,614.696
1074,60.881,467.054,614.720
1075,60.868,467.181,614.744
1076,60.856,467.309,614.768
1077,60.843,467.436,614.791
1078,60.830,467.563,614.815
1079,60.818,467.690,614.839
1080,60.805,467.817,614.863
1081,60.792,467.944,614.886
1082,60.780,468.070,614.911
1083,60.767,468.197,614.934
1084,60.755,468.324,614.958
1085,60.742,468.450,614.981
1086,60.729,468.576,615.005
1087,60.716,468.703,615.029
1088,60.704,468.829,615.053
1089,60.691,468.955,615.076
1090,60.678,469.081,615.100
1091,60.666,469.207,615.123
1092,60.653,469.332,615.147
1093,60.640,469.458,615.170
1094,60.627,469.584,615.194
1095,60.615,469.709,615.217
1096,60.602,469.834,615.241
1097,60.589,469.959,615.264
1098,60.576,470.084,615.288
1099,60.563,470.209,615.310
1100,60.551,470.334,615.334
1101,60.538,470.459,615.357
1102,60.525,470.584,615.381
1103,60.512,470.709,615.404
1104,60.499,470.834,615.427
1105,60.486,470.959,615.450
1106,60.474,471.083,615.474
1107,60.461,471.207,615.497
1108,60.448,471.331,615.520
1109,60.435,471.455,615.543
1110,60.422,471.580,615.566
1111,60.409,471.704,615.589
1112,60.396,471.828,615.613
1113,60.383,471.951,615.635
1114,60.370,472.075,615.659
1115,60.357,472.199,615.681
1116,60.344,472.323,615.705
1117,60.331,472.446,615.727
1118,60.318,472.569,615.750
1119,60.305,472.693,615.773
1120,60.293,472.816,615.796
1121,60.280,472.939,615.819
1122,60.266,473.062,615.842
1123,60.253,473.185,615.864
1124,60.240,473.308,615.888
1125,60.227,473.431,615.910
1126,60.214,473.554,615.933
1127,60.201,473.676,615.955
1128,60.188,473.799,615.979
1129,60.175,473.921,616.001
1130,60.162,474.044,616.024
1131,60.149,474.166,616.046
1132,60.136,474.288,616.069
1133,60.123,474.410,616.091
1134,60.110,474.533,616.114
1135,60.097,474.655,616.137
1136,60.083,474.776,616.160
1137,60.070,474.898,616.182
1138,60.057,475.020,616.205
1139,60.044,475.142,616.227
1140,60.031,475.263,616.250
1141,60.018,475.385,616.272
1142,60.004,475.506,616.294
1143,59.991,475.627,616.316
1144,59.978,475.748,616.339
1145,59.965,475.870,616.361
1146,59.952,475.991,616.384
1147,59.938,476.112,616.406
1148,59.925,476.232,616.429
1149,59.912,476.353,616.450
1150,59.899,476.474,616.473
1151,59.885,476.595,616.495
1152,59.872,476.715,616.518
1153,59.859,476.836,616.539
1154,59.846,476.956,616.562
1155,59.832,477.076,616.584
1156,59.819,477.196,616.606
1157,59.806,477.317,616.628
1158,59.792,477.437,616.650
1159,59.779,477.557,616.672
1160,59.766,477.677,616.694
1161,59.752,477.796,616.716
1162,59.739,477.916,616.739
1163,59.726,478.036,616.760
1164,59.712,478.155,616.782
1165,59.699,478.275,616.804
1166,59.685,478.394,616.826
1167,59.672,478.513,616.848
1168,59.659,478.633,616.870
1169,59.645,478.752,616.892
1170,59.632,478.871,616.914
1171,59.618,478.990,616.935
1172,59.605,479.109,616.958
1173,59.591,479.228,616.979
1174,59.578,479.347,617.001
1175,59.564,479.465,617.022
1176,59.551,479.584,617.045
1177,59.537,479.702,617.066
1178,59.524,479.821,617.088
1179,59.510,479.939,617.109
1180,59.497,480.057,617.131
1181,59.483,480.176,617.153
1182,59.470,480.294,617.175
1183,59.456,480.412,617.196
1184,59.443,480.530,617.218
1185,59.429,480.648,617.239
1186,59.416,480.766,617.261
1187,59.402,480.883,617.282
1188,59.388,481.001,617.304
1189,59.375,481.118,617.325
1190,59.361,481.236,617.347
1191,59.348,481.353,617.368
1192,59.334,481.471,617.390
1193,59.320,481.588,617.411
1194,59.307,481.705,617.433
1195,59.293,481.822,617.453
1196,59.279,481.939,617.475
1197,59.266,482.056,617.496
1198,59.252,482.173,617.518
1199,59.238,482.290,617.539
1200,59.225,482.407,617.561
1201,59.211,482.523,617.581
1202,59.197,482.640,617.603
1203,59.183,482.756,617.624
1204,59.170,482.873,617.645
1205,59.156,482.989,617.666
1206,59.142,483.105,617.688
1207,59.128,483.222,617.709
1208,59.115,483.338,617.730
1209,59.101,483.454,617.751
1210,59.087,483.570,617.772
1211,59.073,483.685,617.793
1212,59.060,483.801,617.814
1213,59.046,483.917,617.835
1214,59.032,484.033,617.857
1215,59.018,484.148,617.877
1216,59.004,484.264,617.899
1217,58.990,484.379,617.919
1218,58.977,484.494,617.940
1219,58.963,484.610,617.961
1220,58.949,484.725,617.982
1221,58.935,484.840,618.003
1222,58.921,484.955,618.024
1223,58.907,485.070,618.045
1224,58.893,485.185,618.066
1225,58.879,485.300,618.086
1226,58.865,485.414,618.107
1227,58.851,485.529,618.128
1228,58.837,485.644,618.149
1229,58.823,485.758,618.169
1230,58.809,485.872,618.191
1231,58.796,485.987,618.211
1232,58.782,486.101,618.232
1233,58.768,486.215,618.252
1234,58.754,486.329,618.273
1235,58.739,486.443,618.294
1236,58.725,486.557,618.315
1237,58.711,486.671,618.335
1238,58.697,486.785,618.356
1239,58.683,486.899,618.376
1240,58.669,487.012,618.397
1241,58.655,487.126,618.417
1242,58.641,487.240,618.438
1243,58.627,487.353,618.458
1244,58.613,487.466,618.479
1245,58.599,487.580,618.499
1246,58.585,487.693,618.520
1247,58.571,487.806,618.540
1248,58.557,487.919,618.561
1249,58.542,488.032,618.581
1250,58.528,488.145,618.602
1251,58.514,488.258,618.622
1252,58.500,488.371,618.643
1253,58.486,488.483,618.663
1254,58.472,488.596,618.683
1255,58.457,488.708,618.703
1256,58.443,488.821,618.724
1257,58.429,488.933,618.744
1258,58.415,489.045,618.765
1259,58.400,489.158,618.784
1260,58.386,489.270,618.805
1261,58.372,489.382,618.825
1262,58.358,489.494,618.846
1263,58.343,489.606,618.865
1264,58.329,489.718,618.886
1265,58.315,489.830,618.906
1266,58.301,489.941,618.926
1267,58.286,490.053,618.946
1268,58.272,490.164,618.967
1269,58.258,490.276,618.986
1270,58.243,490.387,619.007
1271,58.229,490.499,619.026
1272,58.215,490.610,619.047
1273,58.200,490.721,619.067
1274,58.186,490.832,619.087
1275,58.172,490.943,619.107
1276,58.157,491.054,619.127
1277,58.143,491.165,619.147
1278,58.128,491.276,619.167
1279,58.114,491.387,619.186
1280,58.100,491.497,619.207
1281,58.085,491.608,619.226
1282,58.071,491.718,619.247
1283,58.056,491.829,619.266
1284,58.042,491.939,619.286
1285,58.027,492.050,619.306
1286,58.013,492.160,619.326
1287,57.998,492.270,619.345
1288,57.984,492.380,619.366
1289,57.969,492.490,619.385
1290,57.955,492.600,619.405
1291,57.940,492.710,619.425
1292,57.926,492.820,619.445
1293,57.911,492.929,619.464
1294,57.897,493.039,619.484
1295,57.882,493.148,619.504
1296,57.868,493.258,619.524
1297,57.853,493.367,619.543
1298,57.838,493.477,619.563
1299,57.824,493.586,619.582
1300,57.809,493.695,619.602
1301,57.795,493.804,619.621
1302,57.780,493.913,619.641
1303,57.765,494.022,619.661
1304,57.751,494.131,619.681
1305,57.736,494.240,619.700
1306,57.721,494.349,619.720
1307,57.707,494.457,619.739
1308,57.692,494.566,619.759
1309,57.677,494.674,619.778
1310,57.663,494.783,619.798
1311,57.648,494.891,619.817
1312,57.633,495.000,619.837
1313,57.619,495.108,619.856
1314,57.604,495.216,619.876
1315,57.589,495.324,619.895
1316,57.574,495.432,619.914
1317,57.560,495.540,619.933
1318,57.545,495.648,619.953
1319,57.530,495.756,619.972
1320,57.515,495.863,619.992
1321,57.501,495.971,620.011
1322,57.486,496.079,620.031
1323,57.471,496.186,620.049
1324,57.456,496.293,620.069
1325,57.441,496.401,620.088
1326,57.426,496.508,620.108
1327,57.412,496.615,620.127
1328,57.397,496.722,620.146
1329,57.382,496.829,620.165
1330,57.367,496.936,620.185
1331,57.352,497.043,620.203
1332,57.337,497.150,620.223
1333,57.322,497.257,620.242
1334,57.307,497.364,620.261
1335,57.292,497.470,620.280
1336,57.278,497.577,620.300
1337,57.263,497.683,620.318
1338,57.248,497.790,620.338
1339,57.233,497.896,620.356
1340,57.218,498.002,620.376
1341,57.203,498.108,620.395
1342,57.188,498.214,620.414
1343,57.173,498.320,620.433
1344,57.158,498.426,620.452
1345,57.143,498.532,620.471
1346,57.128,498.638,620.490
1347,57.113,498.744,620.509
1348,57.098,498.849,620.528
1349,57.083,498.955,620.547
1350,57.068,499.061,620.566
1351,57.052,499.166,620.584
1352,57.037,499.271,620.604
1353,57.022,499.377,620.622
1354,57.007,499.482,620.642
1355,56.992,499.587,620.660
1356,56.977,499.692,620.679
1357,56.962,499.797,620.698
1358,56.947,499.902,620.717
1359,56.932,500.007,620.735
1360,56.916,500.112,620.755
1361,56.901,500.216,620.773
1362,56.886,500.321,620.792
1363,56.871,500.425,620.811
1364,56.856,500.530,620.830
1365,56.841,500.634,620.848
1366,56.825,500.739,620.867
1367,56.810,500.843,620.886
1368,56.795,500.947,620.905
1369,56.780,501.051,620.923
1370,56.764,501.155,620.942
1371,56.749,501.259,620.960
1372,56.734,501.363,620.979
1373,56.719,501.467,620.998
1374,56.703,501.571,621.017
1375,56.688,501.674,621.035
1376,56.673,501.778,621.054
1377,56.658,501.881,621.072
1378,56.642,501.985,621.091
1379,56.627,502.088,621.109
1380,56.612,502.192,621.128
1381,56.596,502.295,621.146
1382,56.581,502.398,621.165
1383,56.566,502.501,621.184
1384,56.550,502.604,621.203
1385,56.535,502.707,621.221
1386,56.519,502.810,621.240
1387,56.504,502.913,621.258
1388,56.489,503.015,621.276
1389,56.473,503.118,621.294
1390,56.458,503.221,621.313
1391,56.442,503.323,621.331
1392,56.427,503.426,621.350
1393,56.412,503.528,621.368
1394,56.396,503.630,621.387
1395,56.381,503.733,621.405
1396,56.365,503.835,621.424
1397,56.350,503.937,621.442
1398,56.334,504.039,621.461
1399,56.319,504.141,621.478
1400,56.303,504.242,621.497
1401,56.288,504.344,621.515
1402,56.272,504.446,621.534
1403,56.257,504.548,621.552
1404,56.241,504.649,621.570
1405,56.225,504.751,621.588
1406,56.210,504.852,621.607
1407,56.194,504.953,621.625
1408,56.179,505.055,621.643
1409,56.163,505.156,621.661
1410,56.148,505.257,621.680
1411,56.132,505.358,621.698
1412,56.116,505.459,621.716
1413,56.101,505.560,621.734
1414,56.085,505.661,621.753
1415,56.069,505.761,621.770
1416,56.054,505.862,621.789
1417,56.038,505.963,621.807
1418,56.023,506.063,621.825
1419,56.007,506.164,621.843
1420,55.991,506.264,621.861
1421,55.975,506.364,621.879
1422,55.960,506.465,621.898
1423,55.944,506.565,621.915
1424,55.928,506.665,621.934
1425,55.913,506.765,621.951
1426,55.897,506.865,621.970
1427,55.881,506.965,621.987
1428,55.865,507.065,622.006
1429,55.850,507.164,622.023
1430,55.834,507.264,622.042
1431,55.818,507.364,622.059
1432,55.802,507.463,622.078
1433,55.786,507.563,622.095
1434,55.771,507.662,622.114
1435,55.755,507.761,622.131
1436,55.739,507.861,622.150
1437,55.723,507.960,622.167
1438,55.707,508.059,622.186
1439,55.692,508.158,622.203
1440,55.676,508.257,622.221
1441,55.660,508.356,622.239
1442,55.644,508.454,622.257
1443,55.628,508.553,622.275
1444,55.612,508.652,622.293
1445,55.596,508.750,622.310
1446,55.580,508.849,622.329
1447,55.564,508.947,622.346
1448,55.548,509.046,622.364
1449,55.533,509.144,622.381
1450,55.517,509.242,622.400
1451,55.501,509.340,622.417
1452,55.485,509.438,622.435
1453,55.469,509.536,622.453
1454,55.453,509.634,622.471
1455,55.437,509.732,622.488
1456,55.421,509.830,622.506
1457,55.405,509.927,622.523
1458,55.389,510.025,622.542
1459,55.373,510.123,622.559
1460,55.357,510.220,622.577
1461,55.341,510.318,622.594
1462,55.325,510.415,622.612
1463,55.309,510.512,622.630
1464,55.293,510.609,622.648
1465,55.276,510.706,622.665
1466,55.260,510.803,622.683
1467,55.244,510.900,622.700
1468,55.228,510.997,622.718
1469,55.212,511.094,622.735
1470,55.196,511.191,622.753
1471,55.180,511.288,622.770
1472,55.164,511.384,622.789
1473,55.148,511.481,622.806
1474,55.131,511.577,622.824
1475,55.115,511.674,622.841
1476,55.099,511.770,622.859
1477,55.083,511.866,622.876
1478,55.067,511.962,622.894
1479,55.051,512.058,622.911
1480,55.034,512.155,622.929
1481,55.018,512.250,622.946
1482,55.002,512.346,622.964
1483,54.986,512.442,622.981
1484,54.970,512.538,622.999
1485,54.953,512.634,623.016
1486,54.937,512.729,623.034
1487,54.921,512.825,623.050
1488,54.905,512.920,623.068
1489,54.888,513.016,623.085
1490,54.872,513.111,623.103
1491,54.856,513.206,623.120
1492,54.840,513.301,623.138
1493,54.823,513.396,623.155
1494,54.807,513.491,623.173
1495,54.791,513.586,623.190
1496,54.774,513.681,623.207
1497,54.758,513.776,623.224
1498,54.742,513.871,623.242
1499,54.725,513.965,623.259
1500,54.709,514.060,623.277
1501,54.693,514.154,623.293
1502,54.676,514.249,623.311
1503,54.660,514.343,623.328
1504,54.643,514.438,623.346
1505,54.627,514.532,623.363
1506,54.611,514.626,623.380
1507,54.594,514.720,623.397
1508,54.578,514.814,623.415
1509,54.561,514.908,623.432
1510,54.545,515.002,623.449
1511,54.529,515.096,623.466
1512,54.512,515.189,623.484
1513,54.496,515.283,623.500
1514,54.479,515.376,623.518
1515,54.463,515.470,623.535
1516,54.446,515.563,623.552
1517,54.430,515.657,623.569
1518,54.413,515.750,623.587
1519,54.397,515.843,623.603
1520,54.380,515.936,623.621
1521,54.364,516.029,623.638
1522,54.347,516.122,623.655
1523,54.331,516.215,623.672
1524,54.314,516.308,623.689
1525,54.298,516.401,623.706
1526,54.281,516.494,623.724
1527,54.264,516.586,623.740
1528,54.248,516.679,623.758
1529,54.231,516.771,623.774
1530,54.215,516.864,623.792
1531,54.198,516.956,623.808
1532,54.182,517.048,623.826
1533,54.165,517.141,623.842
1534,54.148,517.233,623.860
1535,54.132,517.325,623.876
1536,54.115,517.417,623.894
1537,54.098,517.509,623.910
1538,54.082,517.601,623.928
1539,54.065,517.692,623.944
1540,54.049,517.784,623.962
1541,54.032,517.876,623.978
1542,54.015,517.967,623.996
1543,53.999,518.059,624.012
1544,53.982,518.150,624.029
1545,53.965,518.241,624.046
1546,53.948,518.333,624.063
1547,53.932,518.424,624.080
1548,53.915,518.515,624.097
1549,53.898,518.606,624.113
1550,53.882,518.697,624.131
1551,53.865,518.788,624.147
1552,53.848,518.879,624.164
1553,53.831,518.969,624.181
1554,53.815,519.060,624.198
1555,53.798,519.151,624.214
1556,53.781,519.241,624.232
1557,53.764,519.332,624.248
1558,53.748,519.422,624.265
1559,53.731,519.512,624.282
1560,53.714,519.603,624.299
1561,53.697,519.693,624.315
1562,53.680,519.783,624.333
1563,53.663,519.873,624.349
1564,53.647,519.963,624.366
1565,53.630,520.053,624.382
1566,53.613,520.143,624.400
1567,53.596,520.233,624.416
1568,53.579,520.322,624.433
1569,53.562,520.412,624.449
1570,53.546,520.501,624.466
1571,53.529,520.591,624.482
1572,53.512,520.680,624.500
1573,53.495,520.770,624.516
1574,53.478,520.859,624.533
1575,53.461,520.948,624.549
1576,53.444,521.037,624.566
1577,53.427,521.126,624.582
1578,53.410,521.215,624.600
1579,53.393,521.304,624.616
1580,53.377,521.393,624.633
1581,53.360,521.481,624.649
1582,53.343,521.570,624.666
1583,53.326,521.659,624.682
1584,53.309,521.747,624.699
1585,53.292,521.836,624.715
1586,53.275,521.924,624.733
1587,53.258,522.012,624.749
1588,53.241,522.101,624.766
1589,53.224,522.189,624.782
1590,53.207,522.277,624.799
1591,53.190,522.365,624.815
1592,53.173,522.453,624.832
1593,53.156,522.541,624.848
1594,53.139,522.629,624.865
1595,53.122,522.716,624.881
1596,53.105,522.804,624.898
1597,53.088,522.892,624.914
1598,53.071,522.979,624.931
1599,53.054,523.067,624.947
1600,53.037,523.154,624.964
1601,53.020,523.241,624.980
1602,53.002,523.329,624.997
1603,52.985,523.416,625.013
1604,52.968,523.503,625.030
1605,52.951,523.590,625.045
1606,52.934,523.677,625.062
1607,52.917,523.764,625.078
1608,52.900,523.850,625.095
1609,52.883,523.937,625.111
1610,52.866,524.024,625.128
1611,52.849,524.110,625.144
1612,52.831,524.197,625.161
1613,52.814,524.283,625.176
1614,52.797,524.370,625.193
1615,52.780,524.456,625.209
1616,52.763,524.542,625.226
1617,52.746,524.628,625.242
1618,52.729,524.715,625.259
1619,52.711,524.801,625.274
1620,52.694,524.886,625.291
1621,52.677,524.972,625.307
1622,52.660,525.058,625.324
1623,52.643,525.144,625.340
1624,52.625,525.230,625.357
1625,52.608,525.315,625.372
1626,52.591,525.401,625.389
1627,52.574,525.486,625.405
1628,52.557,525.571,625.422
1629,52.539,525.657,625.437
1630,52.522,525.742,625.454
1631,52.505,525.827,625.470
1632,52.488,525.912,625.486
1633,52.470,525.997,625.502
1634,52.453,526.082,625.519
1635,52.436,526.167,625.534
1636,52.419,526.252,625.551
1637,52.401,526.337,625.567
1638,52.384,526.421,625.584
1639,52.367,526.506,625.599
1640,52.350,526.590,625.616
1641,52.332,526.675,625.631
1642,52.315,526.759,625.648
1643,52.298,526.843,625.664
1644,52.280,526.928,625.680
1645,52.263,527.012,625.696
1646,52.246,527.096,625.713
1647,52.228,527.180,625.728
1648,52.211,527.264,625.745
1649,52.194,527.348,625.760
1650,52.176,527.432,625.777
1651,52.159,527.515,625.792
1652,52.142,527.599,625.809
1653,52.124,527.682,625.825
1654,52.107,527.766,625.841
1655,52.090,527.849,625.857
1656,52.072,527.933,625.873
1657,52.055,528.016,625.889
1658,52.037,528.099,625.905
1659,52.020,528.182,625.921
1660,52.003,528.266,625.937
1661,51.985,528.349,625.953
1662,51.968,528.431,625.969
1663,51.951,528.514,625.985
1664,51.933,528.597,626.001
1665,51.916,528.680,626.017
1666,51.898,528.762,626.033
1667,51.881,528.845,626.048
1668,51.863,528.928,626.065
1669,51.846,529.010,626.080
1670,51.829,529.092,626.097
1671,51.811,529.175,626.112
1672,51.794,529.257,626.129
1673,51.776,529.339,626.144
1674,51.759,529.421,626.160
1675,51.741,529.503,626.176
1676,51.724,529.585,626.192
1677,51.706,529.667,626.207
1678,51.689,529.749,626.224
1679,51.671,529.830,626.239
1680,51.654,529.912,626.256
1681,51.637,529.994,626.271
1682,51.619,530.075,626.287
1683,51.602,530.157,626.302
1684,51.584,530.238,626.319
1685,51.567,530.319,626.334
1686,51.549,530.400,626.351
1687,51.531,530.482,626.366
1688,51.514,530.563,626.382
1689,51.496,530.644,626.397
1690,51.479,530.725,626.414
1691,51.461,530.805,626.429
1692,51.444,530.886,626.445
1693,51.426,530.967,626.460
1694,51.409,531.048,626.477
1695,51.391,531.128,626.492
1696,51.374,531.209,626.508
1697,51.356,531.289,626.523
1698,51.339,531.369,626.540
1699,51.321,531.450,626.555
1700,51.303,531.530,626.571
1701,51.286,531.610,626.586
1702,51.268,531.690,626.602
1703,51.251,531.770,626.617
1704,51.233,531.850,626.634
1705,51.216,531.930,626.649
1706,51.198,532.010,626.665
1707,51.180,532.089,626.680
1708,51.163,532.169,626.696
1709,51.145,532.249,626.711
1710,51.128,532.328,626.727
1711,51.110,532.407,626.742
1712,51.092,532.487,626.759
1713,51.075,532.566,626.773
1714,51.057,532.645,626.790
1715,51.040,532.724,626.805
1716,51.022,532.804,626.821
1717,51.004,532.883,626.836
1718,50.987,532.961,626.852
1719,50.969,533.040,626.867
1720,50.951,533.119,626.883
1721,50.934,533.198,626.898
1722,50.916,533.276,626.914
1723,50.898,533.355,626.929
1724,50.881,533.433,626.945
1725,50.863,533.512,626.960
1726,50.845,533.590,626.976
1727,50.828,533.668,626.991
1728,50.810,533.747,627.007
1729,50.792,533.825,627.022
1730,50.775,533.903,627.038
1731,50.757,533.981,627.053
1732,50.739,534.059,627.069
1733,50.722,534.137,627.084
1734,50.704,534.214,627.100
1735,50.686,534.292,627.114
1736,50.669,534.370,627.131
1737,50.651,534.447,627.145
1738,50.633,534.525,627.161
1739,50.615,534.602,627.176
1740,50.598,534.680,627.192
1741,50.580,534.757,627.207
1742,50.562,534.834,627.223
1743,50.545,534.911,627.237
1744,50.527,534.988,627.253
1745,50.509,535.065,627.268
1746,50.491,535.142,627.284
1747,50.474,535.219,627.299
1748,50.456,535.296,627.315
1749,50.438,535.372,627.329
1750,50.420,535.449,627.345
1751,50.403,535.526,627.360
1752,50.385,535.602,627.376
1753,50.367,535.678,627.391
1754,50.349,535.755,627.406
1755,50.332,535.831,627.421
1756,50.314,535.907,627.437
1757,50.296,535.983,627.452
1758,50.278,536.059,627.467
1759,50.261,536.135,627.482
1760,50.243,536.211,627.498
1761,50.225,536.287,627.512
1762,50.207,536.363,627.528
1763,50.190,536.438,627.543
1764,50.172,536.514,627.559
1765,50.154,536.589,627.573
1766,50.136,536.665,627.589
1767,50.118,536.740,627.604
1768,50.101,536.815,627.619
1769,50.083,536.890,627.634
1770,50.065,536.966,627.650
1771,50.047,537.040,627.664
1772,50.029,537.115,627.680
1773,50.012,537.190,627.694
1774,49.994,537.265,627.710
1775,49.976,537.341,627.725
1776,49.958,537.415,627.740
1777,49.940,537.490,627.755
1778,49.922,537.564,627.770
1779,49.905,537.639,627.785
1780,49.887,537.713,627.801
1781,49.869,537.788,627.815
1782,49.851,537.862,627.831
1783,49.833,537.936,627.845
1784,49.815,538.010,627.861
1785,49.798,538.084,627.875
1786,49.780,538.158,627.891
1787,49.762,538.232,627.905
1788,49.744,538.306,627.921
1789,49.726,538.380,627.935
1790,49.708,538.454,627.951
1791,49.691,538.527,627.965
1792,49.673,538.601,627.981
1793,49.655,538.675,627.995
1794,49.637,538.748,628.010
1795,49.619,538.821,628.025
1796,49.601,538.895,628.040
1797,49.583,538.968,628.055
1798,49.565,539.041,628.070
1799,49.548,539.114,628.084
1800,49.530,539.187,628.100
1801,49.512,539.260,628.114
1802,49.494,539.333,628.130
1803,49.476,539.406,628.144
1804,49.458,539.479,628.159
1805,49.440,539.551,628.174
1806,49.422,539.624,628.189
1807,49.405,539.696,628.203
1808,49.387,539.769,628.219
1809,49.369,539.841,628.233
1810,49.351,539.913,628.248
1811,49.333,539.986,628.263
1812,49.315,540.058,628.278
1813,49.297,540.130,628.292
1814,49.279,540.202,628.308
1815,49.261,540.274,628.322
1816,49.243,540.346,628.337
1817,49.226,540.417,628.351
1818,49.208,540.489,628.367
1819,49.190,540.561,628.381
1820,49.172,540.632,628.396
1821,49.154,540.704,628.410
1822,49.136,540.775,628.425
1823,49.118,540.847,628.439
1824,49.100,540.918,628.455
1825,49.082,540.989,628.469
1826,49.064,541.060,628.484
1827,49.046,541.131,628.498
1828,49.028,541.202,628.513
1829,49.010,541.273,628.527
1830,48.993,541.344,628.543
1831,48.975,541.415,628.557
1832,48.957,541.486,628.572
1833,48.939,541.556,628.586
1834,48.921,541.627,628.601
1835,48.903,541.697,628.615
1836,48.885,541.768,628.630
1837,48.867,541.838,628.644
1838,48.849,541.908,628.660
1839,48.831,541.978,628.673
1840,48.813,542.049,628.689
1841,48.795,542.119,628.703
1842,48.777,542.189,628.718
1843,48.759,542.259,628.732
1844,48.741,542.328,628.747
1845,48.723,542.398,628.761
1846,48.705,542.468,628.776
1847,48.687,542.537,628.790
1848,48.669,542.607,628.805
1849,48.651,542.676,628.819
1850,48.634,542.746,628.834
1851,48.616,542.815,628.848
1852,48.598,542.884,628.863
1853,48.580,542.954,628.876
1854,48.562,543.023,628.892
1855,48.544,543.092,628.905
1856,48.526,543.161,628.920
1857,48.508,543.230,628.934
1858,48.490,543.298,628.949
1859,48.472,543.367,628.963
1860,48.454,543.436,628.978
1861,48.436,543.504,628.992
1862,48.418,543.573,629.007
1863,48.400,543.641,629.020
1864,48.382,543.710,629.035
1865,48.364,543.778,629.049
1866,48.346,543.846,629.064
1867,48.328,543.914,629.078
1868,48.310,543.982,629.093
1869,48.292,544.051,629.106
1870,48.274,544.118,629.121
1871,48.256,544.186,629.135
1872,48.238,544.254,629.150
1873,48.220,544.322,629.163
1874,48.202,544.389,629.178
1875,48.184,544.457,629.192
1876,48.166,544.525,629.207
1877,48.148,544.592,629.220
1878,48.130,544.659,629.235
1879,48.112,544.727,629.249
1880,48.094,544.794,629.264
1881,48.076,544.861,629.277
1882,48.058,544.928,629.292
1883,48.040,544.995,629.306
1884,48.022,545.062,629.320
1885,48.004,545.129,629.334
1886,47.986,545.196,629.349
1887,47.968,545.262,629.362
1888,47.950,545.329,629.377
1889,47.932,545.395,629.391
1890,47.914,545.462,629.405
1891,47.896,545.528,629.419
1892,47.878,545.595,629.433
1893,47.860,545.661,629.447
1894,47.842,545.727,629.462
1895,47.824,545.793,629.475
1896,47.806,545.859,629.490
1897,47.788,545.925,629.503
1898,47.770,545.991,629.518
1899,47.752,546.057,629.531
1900,47.734,546.123,629.546
1901,47.716,546.188,629.559
1902,47.697,546.254,629.574
1903,47.679,546.320,629.587
1904,47.661,546.385,629.602
1905,47.643,546.450,629.615
1906,47.625,546.516,629.630
1907,47.607,546.581,629.643
1908,47.589,546.646,629.658
1909,47.571,546.711,629.671
1910,47.553,546.776,629.686
1911,47.535,546.841,629.699
1912,47.517,546.906,629.714
1913,47.499,546.971,629.727
1914,47.481,547.036,629.741
1915,47.463,547.100,629.755
1916,47.445,547.165,629.769
1917,47.427,547.229,629.782
1918,47.409,547.294,629.797
1919,47.391,547.358,629.810
1920,47.373,547.423,629.825
1921,47.355,547.487,629.838
1922,47.337,547.551,629.852
1923,47.319,547.615,629.866
1924,47.301,547.679,629.880
1925,47.283,547.743,629.893
1926,47.265,547.807,629.908
1927,47.247,547.871,629.921
1928,47.228,547.934,629.935
1929,47.210,547.998,629.948
1930,47.192,548.062,629.963
1931,47.174,548.125,629.976
1932,47.156,548.188,629.990
1933,47.138,548.252,630.003
1934,47.120,548.315,630.018
1935,47.102,548.378,630.031
1936,47.084,548.441,630.045
1937,47.066,548.504,630.058
1938,47.048,548.567,630.072
1939,47.030,548.630,630.085
1940,47.012,548.693,630.100
1941,46.994,548.756,630.113
1942,46.976,548.819,630.127
1943,46.958,548.881,630.140
1944,46.940,548.944,630.154
1945,46.922,549.006,630.167
1946,46.904,549.069,630.181
1947,46.885,549.131,630.195
1948,46.867,549.193,630.209
1949,46.849,549.255,630.222
1950,46.831,549.317,630.236
1951,46.813,549.380,630.249
1952,46.795,549.441,630.263
1953,46.777,549.503,630.276
1954,46.759,549.565,630.290
1955,46.741,549.627,630.303
1956,46.723,549.689,630.317
1957,46.705,549.750,630.330
1958,46.687,549.812,630.344
1959,46.669,549.873,630.357
1960,46.651,549.935,630.371
1961,46.633,549.996,630.384
1962,46.615,550.057,630.398
1963,46.597,550.118,630.411
1964,46.578,550.179,630.425
1965,46.560,550.240,630.438
1966,46.542,550.301,630.452
1967,46.524,550.362,630.465
1968,46.506,550.423,630.479
1969,46.488,550.484,630.491
1970,46.470,550.544,630.505
1971,46.452,550.605,630.518
1972,46.434,550.665,630.532
1973,46.416,550.726,630.545
1974,46.398,550.786,630.559
1975,46.380,550.846,630.572
1976,46.362,550.907,630.586
1977,46.344,550.967,630.598
1978,46.326,551.027,630.612
1979,46.307,551.087,630.625
1980,46.289,551.147,630.639
1981,46.271,551.207,630.652
1982,46.253,551.266,630.665
1983,46.235,551.326,630.678
1984,46.217,551.386,630.692
1985,46.199,551.445,630.705
1986,46.181,551.505,630.718
1987,46.163,551.564,630.731
1988,46.145,551.623,630.745
1989,46.127,551.683,630.758
1990,46.109,551.742,630.771
1991,46.091,551.801,630.784
1992,46.073,551.860,630.798
1993,46.055,551.919,630.810
1994,46.036,551.978,630.824
1995,46.018,552.037,630.837
1996,46.000,552.095,630.850
1997,45.982,552.154,630.863
1998,45.964,552.213,630.877
1999,45.946,552.271,630.889
2000,45.928,552.330,630.903
2001,45.910,552.388,630.915
2002,45.892,552.446,630.929
2003,45.874,552.505,630.942
2004,45.856,552.563,630.955
2005,45.838,552.621,630.968
2006,45.820,552.679,630.981
2007,45.802,552.737,630.994
2008,45.783,552.795,631.007
2009,45.765,552.853,631.020
2010,45.747,552.910,631.033
2011,45.729,552.968,631.046
2012,45.711,553.026,631.059
2013,45.693,553.083,631.072
2014,45.675,553.141,631.085
2015,45.657,553.198,631.098
2016,45.639,553.255,631.111
2017,45.621,553.312,631.124
2018,45.603,553.370,631.137
2019,45.585,553.427,631.150
2020,45.567,553.484,631.163
2021,45.549,553.541,631.176
2022,45.531,553.597,631.189
2023,45.512,553.654,631.201
2024,45.494,553.711,631.215
2025,45.476,553.768,631.227
2026,45.458,553.824,631.241
2027,45.440,553.881,631.253
2028,45.422,553.937,631.266
2029,45.404,553.993,631.279
2030,45.386,554.050,631.292
2031,45.368,554.106,631.304
2032,45.350,554.162,631.318
2033,45.332,554.218,631.330
2034,45.314,554.274,631.343
2035,45.296,554.330,631.355
2036,45.278,554.386,631.369
2037,45.260,554.442,631.381
2038,45.241,554.497,631.394
2039,45.223,554.553,631.406
2040,45.205,554.609,631.420
2041,45.187,554.664,631.432
2042,45.169,554.719,631.445
2043,45.151,554.775,631.457
2044,45.133,554.830,631.471
2045,45.115,554.885,631.483
2046,45.097,554.940,631.496
2047,45.079,554.995,631.508
2048,45.061,555.050,631.521
2049,45.043,555.105,631.533
2050,45.025,555.160,631.547
2051,45.007,555.215,631.559
2052,44.989,555.270,631.572
2053,44.970,555.324,631.584
2054,44.952,555.379,631.597
2055,44.934,555.433,631.609
2056,44.916,555.488,631.622
2057,44.898,555.542,631.634
2058,44.880,555.596,631.647
2059,44.862,555.651,631.660
2060,44.844,555.705,631.673
2061,44.826,555.759,631.685
2062,44.808,555.813,631.698
2063,44.790,555.867,631.710
2064,44.772,555.920,631.723
2065,44.754,555.974,631.735
2066,44.736,556.028,631.748
2067,44.718,556.082,631.760
2068,44.700,556.135,631.773
2069,44.682,556.189,631.785
2070,44.663,556.242,631.798
2071,44.645,556.295,631.810
2072,44.627,556.349,631.822
2073,44.609,556.402,631.834
2074,44.591,556.455,631.847
2075,44.573,556.508,631.859
2076,44.555,556.561,631.872
2077,44.537,556.614,631.884
2078,44.519,556.667,631.897
2079,44.501,556.719,631.909
2080,44.483,556.772,631.922
2081,44.465,556.825,631.934
2082,44.447,556.877,631.946
2083,44.429,556.930,631.958
2084,44.411,556.982,631.971
2085,44.393,557.034,631.983
2086,44.375,557.087,631.996
2087,44.357,557.139,632.008
2088,44.339,557.191,632.020
2089,44.321,557.243,632.032
2090,44.302,557.295,632.045
2091,44.284,557.347,632.057
2092,44.266,557.399,632.069
2093,44.248,557.451,632.081
2094,44.230,557.502,632.094
2095,44.212,557.554,632.106
2096,44.194,557.605,632.118
2097,44.176,557.657,632.130
2098,44.158,557.708,632.143
2099,44.140,557.760,632.154
2100,44.122,557.811,632.167
2101,44.104,557.862,632.179
2102,44.086,557.913,632.191
2103,44.068,557.964,632.203
2104,44.050,558.015,632.216
2105,44.032,558.066,632.227
2106,44.014,558.117,632.240
2107,43.996,558.168,632.252
2108,43.978,558.219,632.264
2109,43.960,558.269,632.276
2110,43.942,558.320,632.288
2111,43.924,558.370,632.300
2112,43.906,558.421,632.313
2113,43.888,558.471,632.324
2114,43.870,558.521,632.337
2115,43.852,558.572,632.348
2116,43.834,558.622,632.361
2117,43.815,558.672,632.372
2118,43.797,558.722,632.385
2119,43.779,558.772,632.396
2120,43.761,558.822,632.409
2121,43.743,558.871,632.420
2122,43.725,558.921,632.433
2123,43.707,558.971,632.444
2124,43.689,559.020,632.457
2125,43.671,559.070,632.468
2126,43.653,559.119,632.481
2127,43.635,559.169,632.492
2128,43.617,559.218,632.504
2129,43.599,559.267,632.516
2130,43.581,559.316,632.528
2131,43.563,559.366,632.540
2132,43.545,559.415,632.552
2133,43.527,559.464,632.564
2134,43.509,559.512,632.576
2135,43.491,559.561,632.587
2136,43.473,559.610,632.600
2137,43.455,559.659,632.611
2138,43.437,559.707,632.623
2139,43.419,559.756,632.635
2140,43.401,559.804,632.647
2141,43.383,559.853,632.658
2142,43.365,559.901,632.670
2143,43.347,559.949,632.682
2144,43.329,559.998,632.694
2145,43.311,560.046,632.705
2146,43.293,560.094,632.718
2147,43.275,560.142,632.729
2148,43.257,560.190,632.741
2149,43.239,560.238,632.752
2150,43.221,560.285,632.765
2151,43.203,560.333,632.776
2152,43.185,560.381,632.788
2153,43.167,560.428,632.799
2154,43.149,560.476,632.811
2155,43.131,560.523,632.823
2156,43.113,560.571,632.835
2157,43.095,560.618,632.846
2158,43.077,560.665,632.858
2159,43.059,560.712,632.869
2160,43.041,560.760,632.881
2161,43.023,560.807,632.892
2162,43.005,560.854,632.904
2163,42.987,560.900,632.916
2164,42.969,560.947,632.928
2165,42.951,560.994,632.939
2166,42.933,561.041,632.951
2167,42.915,561.087,632.962
2168,42.897,561.134,632.974
2169,42.879,561.180,632.985
2170,42.861,561.227,632.997
2171,42.843,561.273,633.008
2172,42.825,561.319,633.020
2173,42.807,561.366,633.031
2174,42.789,561.412,633.043
2175,42.771,561.458,633.054
2176,42.753,561.504,633.066
2177,42.735,561.550,633.077
2178,42.717,561.596,633.089
2179,42.699,561.642,633.100
2180,42.681,561.687,633.112
2181,42.663,561.733,633.123
2182,42.645,561.779,633.135
2183,42.627,561.824,633.146
2184,42.610,561.870,633.158
2185,42.592,561.915,633.169
2186,42.574,561.960,633.181
2187,42.556,562.006,633.191
2188,42.538,562.051,633.203
2189,42.520,562.096,633.214
2190,42.502,562.141,633.226
2191,42.484,562.186,633.237
2192,42.466,562.231,633.249
2193,42.448,562.276,633.260
2194,42.430,562.321,633.271
2195,42.412,562.366,633.282
2196,42.394,562.410,633.294
2197,42.376,562.455,633.305
2198,42.358,562.500,633.317
2199,42.340,562.544,633.327
2200,42.322,562.588,633.339
2201,42.304,562.633,633.350
2202,42.286,562.677,633.362
2203,42.268,562.721,633.373
2204,42.250,562.765,633.384
2205,42.233,562.810,633.395
2206,42.215,562.854,633.407
2207,42.197,562.898,633.417
2208,42.179,562.941,633.429
2209,42.161,562.985,633.440
2210,42.143,563.029,633.451
2211,42.125,563.073,633.462
2212,42.107,563.116,633.474
2213,42.089,563.160,633.485
2214,42.071,563.203,633.496
2215,42.053,563.247,633.507
2216,42.035,563.290,633.518
2217,42.017,563.334,633.529
2218,41.999,563.377,633.541
2219,41.982,563.420,633.551
2220,41.964,563.463,633.563
2221,41.946,563.506,633.573
2222,41.928,563.549,633.585
2223,41.910,563.592,633.596
2224,41.892,563.635,633.607
2225,41.874,563.678,633.618
2226,41.856,563.720,633.629
2227,41.838,563.763,633.640
2228,41.820,563.806,633.651
2229,41.802,563.848,633.662
2230,41.784,563.891,633.673
2231,41.767,563.933,633.684
2232,41.749,563.975,633.695
2233,41.731,564.018,633.706
2234,41.713,564.060,633.717
2235,41.695,564.102,633.728
2236,41.677,564.144,633.739
2237,41.659,564.186,633.750
2238,41.641,564.228,633.761
2239,41.623,564.270,633.772
2240,41.606,564.312,633.783
2241,41.588,564.354,633.793
2242,41.570,564.395,633.805
2243,41.552,564.437,633.815
2244,41.534,564.479,633.826
2245,41.516,564.520,633.837
2246,41.498,564.562,633.848
2247,41.480,564.603,633.859
2248,41.462,564.644,633.870
2249,41.445,564.686,633.880
2250,41.427,564.727,633.892
2251,41.409,564.768,633.902
2252,41.391,564.809,633.913
2253,41.373,564.850,633.924
2254,41.355,564.891,633.935
2255,41.337,564.932,633.945
2256,41.320,564.973,633.956
2257,41.302,565.013,633.967
2258,41.284,565.054,633.978
2259,41.266,565.095,633.988
2260,41.248,565.135,634.000
2261,41.230,565.176,634.010
2262,41.212,565.216,634.021
2263,41.195,565.257,634.031
2264,41.177,565.297,634.042
2265,41.159,565.337,634.053
2266,41.141,565.378,634.064
2267,41.123,565.418,634.074
2268,41.105,565.458,634.085
2269,41.087,565.498,634.096
2270,41.070,565.538,634.107
2271,41.052,565.578,634.117
2272,41.034,565.618,634.128
2273,41.016,565.657,634.138
2274,40.998,565.697,634.149
2275,40.980,565.737,634.159
2276,40.963,565.776,634.170
2277,40.945,565.816,634.181
2278,40.927,565.855,634.192
2279,40.909,565.895,634.202
2280,40.891,565.934,634.213
2281,40.874,565.973,634.223
2282,40.856,566.013,634.234
2283,40.838,566.052,634.244
2284,40.820,566.091,634.255
2285,40.802,566.130,634.265
2286,40.784,566.169,634.276
2287,40.767,566.208,634.286
2288,40.749,566.247,634.297
2289,40.731,566.286,634.307
2290,40.713,566.324,634.318
2291,40.695,566.363,634.328
2292,40.678,566.402,634.339
2293,40.660,566.440,634.349
2294,40.642,566.479,634.360
2295,40.624,566.517,634.370
2296,40.607,566.556,634.381
2297,40.589,566.594,634.391
2298,40.571,566.632,634.402
2299,40.553,566.670,634.412
2300,40.535,566.709,634.423
2301,40.518,566.747,634.433
2302,40.500,566.785,634.443
2303,40.482,566.823,634.453
2304,40.464,566.861,634.464
2305,40.447,566.899,634.474
2306,40.429,566.936,634.485
2307,40.411,566.974,634.495
2308,40.393,567.012,634.506
2309,40.375,567.049,634.516
2310,40.358,567.087,634.526
2311,40.340,567.125,634.536
2312,40.322,567.162,634.547
2313,40.304,567.199,634.557
2314,40.287,567.237,634.568
2315,40.269,567.274,634.578
2316,40.251,567.311,634.588
2317,40.233,567.349,634.598
2318,40.216,567.386,634.609
2319,40.198,567.423,634.619
2320,40.180,567.460,634.629
2321,40.163,567.497,634.639
2322,40.145,567.534,634.650
2323,40.127,567.570,634.660
2324,40.109,567.607,634.670
2325,40.092,567.644,634.680
2326,40.074,567.681,634.691
2327,40.056,567.717,634.700
2328,40.038,567.754,634.711
2329,40.021,567.790,634.721
2330,40.003,567.827,634.731
2331,39.985,567.863,634.741
2332,39.968,567.899,634.752
2333,39.950,567.936,634.761
2334,39.932,567.972,634.772
2335,39.914,568.008,634.782
2336,39.897,568.044,634.792
2337,39.879,568.080,634.802
2338,39.861,568.116,634.812
2339,39.844,568.152,634.822
2340,39.826,568.188,634.833
2341,39.808,568.224,634.842
2342,39.791,568.260,634.853
2343,39.773,568.295,634.862
2344,39.755,568.331,634.873
2345,39.738,568.366,634.883
2346,39.720,568.402,634.893
2347,39.702,568.438,634.903
2348,39.685,568.473,634.913
2349,39.667,568.508,634.923
2350,39.649,568.544,634.933
2351,39.632,568.579,634.943
2352,39.614,568.614,634.953
2353,39.596,568.649,634.963
2354,39.579,568.684,634.973
2355,39.561,568.719,634.983
2356,39.543,568.755,634.993
2357,39.526,568.789,635.003
2358,39.508,568.824,635.013
2359,39.490,568.859,635.022
2360,39.473,568.894,635.033
2361,39.455,568.929,635.042
2362,39.438,568.963,635.053
2363,39.420,568.998,635.062
2364,39.402,569.033,635.072
2365,39.385,569.067,635.082
2366,39.367,569.102,635.092
2367,39.349,569.136,635.102
2368,39.332,569.170,635.112
2369,39.314,569.205,635.121
2370,39.297,569.239,635.132
2371,39.279,569.273,635.141
2372,39.261,569.307,635.151
2373,39.244,569.341,635.161
2374,39.226,569.375,635.171
2375,39.209,569.409,635.180
2376,39.191,569.443,635.191
2377,39.173,569.477,635.200
2378,39.156,569.511,635.210
2379,39.138,569.545,635.220
2380,39.121,569.579,635.230
2381,39.103,569.612,635.239
2382,39.085,569.646,635.249
2383,39.068,569.680,635.259
2384,39.050,569.713,635.269
2385,39.033,569.747,635.278
2386,39.015,569.780,635.288
2387,38.998,569.813,635.298
2388,38.980,569.847,635.308
2389,38.962,569.880,635.317
2390,38.945,569.913,635.327
2391,38.927,569.946,635.337
2392,38.910,569.979,635.347
2393,38.892,570.013,635.356
2394,38.875,570.046,635.366
2395,38.857,570.079,635.375
2396,38.840,570.111,635.385
2397,38.822,570.144,635.395
2398,38.805,570.177,635.405
2399,38.787,570.210,635.414
2400,38.770,570.243,635.424
2401,38.752,570.275,635.433
2402,38.734,570.308,635.443
2403,38.717,570.340,635.452
2404,38.699,570.373,635.462
2405,38.682,570.405,635.471
2406,38.664,570.438,635.481
2407,38.647,570.470,635.491
2408,38.629,570.503,635.501
2409,38.612,570.535,635.510
2410,38.594,570.567,635.520
2411,38.577,570.599,635.529
2412,38.559,570.631,635.539
2413,38.542,570.663,635.548
2414,38.525,570.696,635.558
2415,38.507,570.727,635.567
2416,38.490,570.759,635.577
2417,38.472,570.791,635.586
2418,38.455,570.823,635.596
2419,38.437,570.855,635.605
2420,38.420,570.887,635.615
2421,38.402,570.918,635.624
2422,38.385,570.950,635.634
2423,38.367,570.982,635.643
2424,38.350,571.013,635.653
2425,38.332,571.045,635.662
2426,38.315,571.076,635.672
2427,38.298,571.108,635.681
2428,38.280,571.139,635.690
2429,38.263,571.170,635.699
2430,38.245,571.201,635.709
2431,38.228,571.233,635.718
2432,38.210,571.264,635.728
2433,38.193,571.295,635.737
2434,38.176,571.326,635.747
2435,38.158,571.357,635.756
2436,38.141,571.388,635.766
2437,38.123,571.419,635.775
2438,38.106,571.450,635.784
2439,38.089,571.481,635.793
2440,38.071,571.512,635.803
2441,38.054,571.542,635.812
2442,38.036,571.573,635.822
2443,38.019,571.604,635.831
2444,38.002,571.634,635.840
2445,37.984,571.665,635.849
2446,37.967,571.695,635.859
2447,37.949,571.726,635.868
2448,37.932,571.756,635.877
2449,37.915,571.787,635.886
2450,37.897,571.817,635.896
2451,37.880,571.847,635.905
2452,37.863,571.878,635.914
2453,37.845,571.908,635.923
2454,37.828,571.938,635.933
2455,37.811,571.968,635.942
2456,37.793,571.998,635.951
2457,37.776,572.028,635.960
2458,37.759,572.058,635.970
2459,37.741,572.088,635.979
2460,37.724,572.118,635.988
2461,37.707,572.148,635.997
2462,37.689,572.178,636.007
2463,37.672,572.208,636.015
2464,37.655,572.237,636.025
2465,37.637,572.267,636.034
2466,37.620,572.297,636.043
2467,37.603,572.326,636.052
2468,37.585,572.356,636.061
2469,37.568,572.385,636.070
2470,37.551,572.415,636.080
2471,37.534,572.444,636.089
2472,37.516,572.474,636.098
2473,37.499,572.503,636.107
2474,37.482,572.532,636.116
2475,37.464,572.562,636.125
2476,37.447,572.591,636.134
2477,37.430,572.620,636.143
2478,37.413,572.649,636.153
2479,37.395,572.678,636.161
2480,37.378,572.707,636.171
2481,37.361,572.736,636.179
2482,37.344,572.765,636.189
2483,37.326,572.794,636.197
2484,37.309,572.823,636.207
2485,37.292,572.852,636.216
2486,37.275,572.881,636.225
2487,37.257,572.909,636.234
2488,37.240,572.938,636.243
2489,37.223,572.967,636.252
2490,37.206,572.995,636.261
2491,37.189,573.024,636.270
2492,37.171,573.053,636.279
2493,37.154,573.081,636.287
2494,37.137,573.109,636.297
2495,37.120,573.138,636.305
2496,37.103,573.166,636.315
2497,37.085,573.195,636.323
2498,37.068,573.223,636.333
2499,37.051,573.251,636.341
2500,37.034,573.279,636.350
2501,37.017,573.308,636.359
2502,37.000,573.336,636.368
2503,36.982,573.364,636.377
2504,36.965,573.392,636.386
2505,36.948,573.420,636.395
2506,36.931,573.448,636.404
2507,36.914,573.476,636.412
2508,36.897,573.504,636.422
2509,36.879,573.532,636.430
2510,36.862,573.560,636.439
2511,36.845,573.587,636.448
2512,36.828,573.615,636.457
2513,36.811,573.643,636.466
2514,36.794,573.670,636.475
2515,36.777,573.698,636.483
2516,36.760,573.726,636.492
2517,36.742,573.753,636.501
2518,36.725,573.781,636.510
2519,36.708,573.808,636.518
2520,36.691,573.836,636.528
2521,36.674,573.863,636.536
2522,36.657,573.891,636.545
2523,36.640,573.918,636.554
2524,36.623,573.945,636.563
2525,36.606,573.972,636.571
2526,36.589,574.000,636.580
2527,36.572,574.027,636.589
2528,36.555,574.054,636.598
2529,36.537,574.081,636.606
2530,36.520,574.108,636.615
2531,36.503,574.135,636.624
2532,36.486,574.162,636.633
2533,36.469,574.189,636.641
2534,36.452,574.216,636.650
2535,36.435,574.243,636.658
2536,36.418,574.270,636.667
2537,36.401,574.297,636.676
2538,36.384,574.323,636.685
2539,36.367,574.350,636.693
2540,36.350,574.377,636.702
2541,36.333,574.404,636.711
2542,36.316,574.430,636.720
2543,36.299,574.457,636.728
2544,36.282,574.483,636.737
2545,36.265,574.510,636.745
2546,36.248,574.536,636.754
2547,36.231,574.563,636.762
2548,36.214,574.589,636.771
2549,36.197,574.616,636.780
2550,36.180,574.642,636.789
2551,36.163,574.668,636.797
2552,36.146,574.695,636.806
2553,36.129,574.721,636.814
2554,36.112,574.747,636.823
2555,36.096,574.773,636.831
2556,36.079,574.799,636.840
2557,36.062,574.825,636.848
2558,36.045,574.852,636.857
2559,36.028,574.878,636.865
2560,36.011,574.904,636.874
2561,35.994,574.930,636.883
2562,35.977,574.956,636.891
2563,35.960,574.981,636.900
2564,35.943,575.007,636.908
2565,35.926,575.033,636.917
2566,35.909,575.059,636.925
2567,35.893,575.084,636.934
2568,35.876,575.110,636.942
2569,35.859,575.136,636.951
2570,35.842,575.161,636.959
2571,35.825,575.187,636.968
2572,35.808,575.213,636.976
2573,35.791,575.239,636.985
2574,35.774,575.264,636.993
2575,35.758,575.289,637.002
2576,35.741,575.315,637.010
2577,35.724,575.341,637.018
2578,35.707,575.365,637.027
2579,35.690,575.391,637.035
2580,35.673,575.417,637.044
2581,35.657,575.442,637.052
2582,35.640,575.467,637.061
2583,35.623,575.492,637.069
2584,35.606,575.518,637.078
2585,35.589,575.543,637.086
2586,35.572,575.567,637.094
2587,35.556,575.592,637.103
2588,35.539,575.617,637.111
2589,35.522,575.643,637.119
2590,35.505,575.668,637.128
2591,35.488,575.692,637.136
2592,35.472,575.717,637.145
2593,35.455,575.742,637.153
2594,35.438,575.768,637.161
2595,35.421,575.793,637.169
2596,35.405,575.817,637.178
2597,35.388,575.842,637.186
2598,35.371,575.867,637.195
2599,35.354,575.891,637.203
2600,35.338,575.917,637.211
2601,35.321,575.941,637.219
2602,35.304,575.966,637.228
2603,35.288,575.990,637.236
2604,35.271,576.015,637.245
2605,35.254,576.039,637.253
2606,35.237,576.064,637.261
2607,35.221,576.088,637.269
2608,35.204,576.113,637.278
2609,35.187,576.137,637.286
2610,35.171,576.162,637.294
2611,35.154,576.186,637.302
2612,35.137,576.211,637.311
2613,35.121,576.235,637.319
2614,35.104,576.259,637.327
2615,35.087,576.284,637.335
2616,35.071,576.308,637.344
2617,35.054,576.332,637.352
2618,35.037,576.356,637.360
2619,35.021,576.380,637.368
2620,35.004,576.404,637.376
2621,34.987,576.429,637.384
2622,34.971,576.453,637.393
2623,34.954,576.477,637.401
2624,34.937,576.501,637.409
2625,34.921,576.525,637.417
2626,34.904,576.549,637.426
2627,34.888,576.573,637.433
2628,34.871,576.597,637.442
2629,34.854,576.620,637.450
2630,34.838,576.644,637.458
2631,34.821,576.668,637.466
2632,34.805,576.692,637.474
2633,34.788,576.716,637.482
2634,34.772,576.739,637.491
2635,34.755,576.763,637.499
2636,34.738,576.787,637.507
2637,34.722,576.811,637.515
2638,34.705,576.834,637.523
2639,34.689,576.858,637.531
2640,34.672,576.881,637.539
2641,34.656,576.905,637.547
2642,34.639,576.929,637.556
2643,34.623,576.952,637.563
2644,34.606,576.976,637.572
2645,34.590,576.999,637.579
2646,34.573,577.022,637.588
2647,34.557,577.046,637.596
2648,34.540,577.069,637.604
2649,34.524,577.093,637.612
2650,34.507,577.116,637.620
2651,34.491,577.139,637.628
2652,34.474,577.162,637.636
2653,34.458,577.186,637.644
2654,34.441,577.209,637.652
2655,34.425,577.232,637.660
2656,34.408,577.255,637.668
2657,34.392,577.279,637.676
2658,34.375,577.302,637.684
2659,34.359,577.325,637.692
2660,34.343,577.348,637.700
2661,34.326,577.371,637.708
2662,34.310,577.394,637.716
2663,34.293,577.417,637.724
2664,34.277,577.440,637.732
2665,34.260,577.463,637.740
2666,34.244,577.486,637.748
2667,34.228,577.509,637.756
2668,34.211,577.532,637.764
2669,34.195,577.554,637.772
2670,34.179,577.577,637.780
2671,34.162,577.600,637.787
2672,34.146,577.623,637.796
2673,34.129,577.646,637.803
2674,34.113,577.668,637.811
2675,34.097,577.691,637.819
2676,34.080,577.714,637.827
2677,34.064,577.737,637.835
2678,34.048,577.759,637.843
2679,34.031,577.782,637.851
2680,34.015,577.804,637.859
2681,33.999,577.827,637.866
2682,33.982,577.850,637.875
2683,33.966,577.872,637.882
2684,33.950,577.895,637.890
2685,33.933,577.917,637.898
2686,33.917,577.940,637.906
2687,33.901,577.962,637.914
2688,33.885,577.984,637.922
2689,33.868,578.007,637.929
2690,33.852,578.029,637.937
2691,33.836,578.052,637.945
2692,33.819,578.074,637.953
2693,33.803,578.096,637.961
2694,33.787,578.119,637.969
2695,33.771,578.141,637.976
2696,33.755,578.163,637.984
2697,33.738,578.185,637.992
2698,33.722,578.208,638.000
2699,33.706,578.230,638.008
2700,33.690,578.252,638.016
2701,33.673,578.274,638.023
2702,33.657,578.296,638.031
2703,33.641,578.318,638.039
2704,33.625,578.340,638.047
2705,33.609,578.362,638.054
2706,33.592,578.384,638.062
2707,33.576,578.406,638.070
2708,33.560,578.428,638.078
2709,33.544,578.450,638.085
2710,33.528,578.472,638.093
2711,33.512,578.494,638.101
2712,33.495,578.516,638.109
2713,33.479,578.538,638.116
2714,33.463,578.560,638.124
2715,33.447,578.582,638.132
2716,33.431,578.604,638.140
2717,33.415,578.626,638.147
2718,33.399,578.647,638.155
2719,33.383,578.669,638.162
2720,33.366,578.691,638.170
2721,33.350,578.713,638.178
2722,33.334,578.734,638.186
2723,33.318,578.756,638.193
2724,33.302,578.778,638.201
2725,33.286,578.799,638.209
2726,33.270,578.821,638.216
2727,33.254,578.843,638.224
2728,33.238,578.864,638.232
2729,33.222,578.886,638.239
2730,33.206,578.907,638.247
2731,33.190,578.929,638.254
2732,33.174,578.951,638.262
2733,33.158,578.972,638.270
2734,33.142,578.994,638.278
2735,33.125,579.015,638.285
2736,33.109,579.037,638.293
2737,33.093,579.058,638.300
2738,33.077,579.079,638.308
2739,33.061,579.101,638.315
2740,33.045,579.122,638.323
2741,33.029,579.144,638.331
2742,33.014,579.165,638.339
2743,32.998,579.186,638.346
2744,32.982,579.208,638.354
2745,32.966,579.229,638.361
2746,32.950,579.250,638.369
2747,32.934,579.271,638.376
2748,32.918,579.293,638.384
2749,32.902,579.314,638.391
2750,32.886,579.335,638.399
2751,32.870,579.356,638.406
2752,32.854,579.377,638.414
2753,32.838,579.399,638.422
2754,32.822,579.420,638.429
2755,32.806,579.441,638.437
2756,32.790,579.462,638.444
2757,32.774,579.483,638.452
2758,32.759,579.504,638.459
2759,32.743,579.525,638.467
2760,32.727,579.546,638.475
2761,32.711,579.567,638.482
2762,32.695,579.588,638.490
2763,32.679,579.609,638.497
2764,32.663,579.630,638.505
2765,32.648,579.651,638.512
2766,32.632,579.672,638.520
2767,32.616,579.693,638.527
2768,32.600,579.714,638.534
2769,32.584,579.735,638.542
2770,32.568,579.756,638.549
2771,32.553,579.777,638.557
2772,32.537,579.798,638.564
2773,32.521,579.818,638.572
2774,32.505,579.839,638.579
2775,32.489,579.860,638.586
2776,32.474,579.881,638.594
2777,32.458,579.902,638.601
2778,32.442,579.922,638.609
2779,32.426,579.943,638.616
2780,32.411,579.964,638.624
2781,32.395,579.985,638.631
2782,32.379,580.005,638.639
2783,32.363,580.026,638.646
2784,32.348,580.047,638.654
2785,32.332,580.067,638.661
2786,32.316,580.088,638.668
2787,32.300,580.109,638.676
2788,32.285,580.129,638.683
2789,32.269,580.150,638.690
2790,32.253,580.170,638.698
2791,32.238,580.191,638.705
2792,32.222,580.212,638.713
2793,32.206,580.232,638.720
2794,32.191,580.253,638.728
2795,32.175,580.273,638.735
2796,32.159,580.294,638.742
2797,32.144,580.314,638.749
2798,32.128,580.335,638.757
2799,32.112,580.355,638.764
2800,32.097,580.376,638.772
2801,32.081,580.396,638.779
2802,32.065,580.416,638.786
2803,32.050,580.437,638.794
2804,32.034,580.457,638.801
2805,32.019,580.478,638.808
2806,32.003,580.498,638.816
2807,31.987,580.518,638.823
2808,31.972,580.539,638.830
2809,31.956,580.559,638.837
2810,31.941,580.579,638.845
2811,31.925,580.600,638.852
2812,31.910,580.620,638.860
2813,31.894,580.640,638.867
2814,31.878,580.661,638.874
2815,31.863,580.681,638.881
2816,31.847,580.701,638.889
2817,31.832,580.721,638.896
2818,31.816,580.742,638.903
2819,31.801,580.762,638.910
2820,31.785,580.782,638.918
2821,31.770,580.802,638.925
2822,31.754,580.822,638.932
2823,31.739,580.843,638.939
2824,31.723,580.863,638.947
2825,31.708,580.883,638.954
2826,31.692,580.903,638.961
2827,31.677,580.923,638.968
2828,31.661,580.943,638.976
2829,31.646,580.963,638.983
2830,31.630,580.983,638.990
2831,31.615,581.003,638.997
2832,31.600,581.024,639.005
2833,31.584,581.044,639.012
2834,31.569,581.064,639.019
2835,31.553,581.084,639.026
2836,31.538,581.104,639.034
2837,31.522,581.124,639.041
2838,31.507,581.144,639.048
2839,31.492,581.164,639.055
2840,31.476,581.184,639.063
2841,31.461,581.204,639.070
2842,31.445,581.224,639.077
2843,31.430,581.244,639.084
2844,31.415,581.263,639.091
2845,31.399,581.283,639.098
2846,31.384,581.303,639.106
2847,31.369,581.323,639.113
2848,31.353,581.343,639.120
2849,31.338,581.363,639.127
2850,31.323,581.383,639.134
2851,31.307,581.403,639.141
2852,31.292,581.423,639.149
2853,31.277,581.442,639.156
2854,31.261,581.462,639.163
2855,31.246,581.482,639.170
2856,31.231,581.502,639.177
2857,31.216,581.522,639.184
2858,31.200,581.542,639.192
2859,31.185,581.561,639.198
2860,31.170,581.581,639.206
2861,31.154,581.601,639.213
2862,31.139,581.621,639.220
2863,31.124,581.640,639.227
2864,31.109,581.660,639.234
2865,31.093,581.680,639.241
2866,31.078,581.700,639.248
2867,31.063,581.719,639.255
2868,31.048,581.739,639.263
2869,31.033,581.759,639.270
2870,31.017,581.778,639.277
2871,31.002,581.798,639.284
2872,30.987,581.818,639.291
2873,30.972,581.837,639.298
2874,30.957,581.857,639.305
2875,30.942,581.877,639.312
2876,30.926,581.896,639.319
2877,30.911,581.916,639.326
2878,30.896,581.936,639.333
2879,30.881,581.955,639.340
2880,30.866,581.975,639.348
2881,30.851,581.994,639.354
2882,30.835,582.014,639.362
2883,30.820,582.034,639.368
2884,30.805,582.053,639.376
2885,30.790,582.073,639.383
2886,30.775,582.092,639.390
2887,30.760,582.112,639.397
2888,30.745,582.131,639.404
2889,30.730,582.151,639.411
2890,30.715,582.171,639.418
2891,30.700,582.190,639.425
2892,30.685,582.210,639.432
2893,30.670,582.229,639.439
2894,30.654,582.249,639.446
2895,30.639,582.268,639.453
2896,30.624,582.288,639.460
2897,30.609,582.307,639.467
2898,30.594,582.327,639.474
2899,30.579,582.346,639.481
2900,30.564,582.365,639.488
2901,30.549,582.385,639.495
2902,30.534,582.404,639.502
2903,30.519,582.424,639.509
2904,30.504,582.443,639.516
2905,30.489,582.463,639.523
2906,30.474,582.482,639.530
2907,30.459,582.501,639.537
2908,30.444,582.521,639.544
2909,30.430,582.540,639.551
2910,30.415,582.560,639.558
2911,30.400,582.579,639.564
2912,30.385,582.598,639.572
2913,30.370,582.618,639.578
2914,30.355,582.637,639.586
2915,30.340,582.657,639.592
2916,30.325,582.676,639.599
2917,30.310,582.695,639.606
2918,30.295,582.715,639.613
2919,30.280,582.734,639.620
2920,30.265,582.753,639.627
2921,30.251,582.773,639.634
2922,30.236,582.792,639.641
2923,30.221,582.811,639.648
2924,30.206,582.831,639.655
2925,30.191,582.850,639.661
2926,30.176,582.869,639.669
2927,30.161,582.889,639.675
2928,30.147,582.908,639.682
2929,30.132,582.927,639.689
2930,30.117,582.946,639.696
2931,30.102,582.966,639.703
2932,30.087,582.985,639.710
2933,30.073,583.004,639.717
2934,30.058,583.024,639.724
2935,30.043,583.043,639.730
2936,30.028,583.062,639.738
2937,30.013,583.081,639.744
2938,29.999,583.101,639.751
2939,29.984,583.120,639.758
2940,29.969,583.139,639.765
2941,29.954,583.158,639.772
2942,29.940,583.177,639.779
2943,29.925,583.197,639.785
2944,29.910,583.216,639.792
2945,29.896,583.235,639.799
2946,29.881,583.254,639.806
2947,29.866,583.274,639.813
2948,29.851,583.293,639.820
2949,29.837,583.312,639.826
2950,29.822,583.331,639.834
2951,29.807,583.350,639.840
2952,29.793,583.370,639.847
2953,29.778,583.389,639.854
2954,29.763,583.408,639.861
2955,29.749,583.427,639.867
2956,29.734,583.446,639.874
2957,29.719,583.465,639.881
2958,29.705,583.485,639.888
2959,29.690,583.504,639.895
2960,29.676,583.523,639.902
2961,29.661,583.542,639.908
2962,29.646,583.561,639.915
2963,29.632,583.580,639.922
2964,29.617,583.599,639.929
2965,29.603,583.619,639.935
2966,29.588,583.638,639.943
2967,29.573,583.657,639.949
2968,29.559,583.676,639.956
2969,29.544,583.695,639.963
2970,29.530,583.714,639.970
2971,29.515,583.733,639.976
2972,29.501,583.753,639.983
2973,29.486,583.772,639.990
2974,29.472,583.791,639.997
2975,29.457,583.810,640.003
2976,29.443,583.829,640.010
2977,29.428,583.848,640.017
2978,29.414,583.867,640.024
2979,29.399,583.886,640.030
2980,29.385,583.905,640.037
2981,29.370,583.925,640.044
2982,29.356,583.944,640.051
2983,29.341,583.963,640.057
2984,29.327,583.982,640.064
2985,29.312,584.001,640.071
2986,29.298,584.020,640.078
2987,29.283,584.039,640.084
2988,29.269,584.058,640.091
2989,29.255,584.077,640.098
2990,29.240,584.096,640.105
2991,29.226,584.115,640.111
2992,29.211,584.134,640.118
2993,29.197,584.154,640.125
2994,29.182,584.173,640.132
2995,29.168,584.192,640.138
2996,29.154,584.211,640.145
2997,29.139,584.230,640.151
2998,29.125,584.249,640.158
2999,29.111,584.268,640.165
3000,29.096,584.287,640.172
3001,29.082,584.306,640.178
3002,29.068,584.325,640.185
3003,29.053,584.344,640.192
3004,29.039,584.363,640.199
3005,29.025,584.382,640.205
3006,29.010,584.401,640.212
3007,28.996,584.420,640.218
3008,28.982,584.440,640.225
3009,28.967,584.459,640.232
3010,28.953,584.478,640.239
3011,28.939,584.497,640.245
3012,28.925,584.516,640.252
3013,28.910,584.535,640.258
3014,28.896,584.554,640.265
3015,28.882,584.573,640.272
3016,28.867,584.592,640.279
3017,28.853,584.611,640.285
3018,28.839,584.630,640.292
3019,28.825,584.649,640.298
3020,28.811,584.668,640.305
3021,28.796,584.687,640.312
3022,28.782,584.706,640.319
3023,28.768,584.725,640.325
3024,28.754,584.744,640.332
3025,28.740,584.763,640.338
3026,28.725,584.782,640.345
3027,28.711,584.801,640.352
3028,28.697,584.821,640.358
3029,28.683,584.840,640.365
3030,28.669,584.859,640.372
3031,28.655,584.878,640.378
3032,28.640,584.897,640.385
3033,28.626,584.916,640.391
3034,28.612,584.935,640.398
3035,28.598,584.954,640.405
3036,28.584,584.973,640.411
3037,28.570,584.992,640.418
3038,28.556,585.011,640.425
3039,28.542,585.030,640.431
3040,28.528,585.049,640.438
3041,28.514,585.068,640.444
3042,28.499,585.087,640.451
3043,28.485,585.106,640.457
3044,28.471,585.125,640.464
3045,28.457,585.144,640.471
3046,28.443,585.163,640.477
3047,28.429,585.182,640.484
3048,28.415,585.202,640.491
3049,28.401,585.221,640.497
3050,28.387,585.240,640.504
3051,28.373,585.259,640.510
3052,28.359,585.278,640.517
3053,28.345,585.297,640.523
3054,28.331,585.316,640.530
3055,28.317,585.335,640.536
3056,28.303,585.354,640.543
3057,28.289,585.373,640.550
3058,28.275,585.392,640.556
3059,28.261,585.411,640.563
3060,28.247,585.430,640.569
3061,28.233,585.449,640.576
3062,28.219,585.468,640.583
3063,28.206,585.487,640.589
3064,28.192,585.507,640.596
3065,28.178,585.526,640.602
3066,28.164,585.545,640.609
3067,28.150,585.564,640.615
3068,28.136,585.583,640.622
3069,28.122,585.602,640.628
3070,28.108,585.621,640.635
3071,28.094,585.640,640.641
3072,28.080,585.659,640.648
3073,28.067,585.678,640.654
3074,28.053,585.697,640.661
3075,28.039,585.716,640.667
3076,28.025,585.736,640.674
3077,28.011,585.755,640.680
3078,27.997,585.774,640.687
3079,27.984,585.793,640.693
3080,27.970,585.812,640.700
3081,27.956,585.831,640.706
3082,27.942,585.850,640.713
3083,27.928,585.869,640.720
3084,27.915,585.888,640.726
3085,27.901,585.908,640.733
3086,27.887,585.927,640.739
3087,27.873,585.946,640.746
3088,27.860,585.965,640.752
3089,27.846,585.984,640.759
3090,27.832,586.003,640.765
3091,27.818,586.022,640.772
3092,27.805,586.041,640.778
3093,27.791,586.061,640.785
3094,27.777,586.080,640.791
3095,27.763,586.099,640.797
3096,27.750,586.118,640.804
3097,27.736,586.137,640.810
3098,27.722,586.156,640.817
3099,27.709,586.175,640.823
3100,27.695,586.195,640.830
3101,27.681,586.214,640.836
3102,27.668,586.233,640.843
3103,27.654,586.252,640.849
3104,27.640,586.271,640.856
3105,27.627,586.291,640.862
3106,27.613,586.310,640.869
3107,27.599,586.329,640.875
3108,27.586,586.348,640.882
3109,27.572,586.367,640.888
3110,27.559,586.386,640.895
3111,27.545,586.406,640.901
3112,27.531,586.425,640.908
3113,27.518,586.444,640.914
3114,27.504,586.463,640.921
3115,27.491,586.482,640.927
3116,27.477,586.502,640.933
3117,27.464,586.521,640.940
3118,27.450,586.540,640.946
3119,27.436,586.559,640.953
3120,27.423,586.579,640.959
3121,27.409,586.598,640.965
3122,27.396,586.617,640.972
3123,27.382,586.636,640.978
3124,27.369,586.656,640.985
3125,27.355,586.675,640.991
3126,27.342,586.694,640.998
3127,27.328,586.713,641.004
3128,27.315,586.733,641.011
3129,27.301,586.752,641.017
3130,27.288,586.771,641.024
3131,27.274,586.790,641.030
3132,27.261,586.810,641.036
3133,27.247,586.829,641.043
3134,27.234,586.848,641.049
3135,27.221,586.868,641.055
3136,27.207,586.887,641.062
3137,27.194,586.906,641.068
3138,27.180,586.925,641.075
3139,27.167,586.945,641.081
3140,27.154,586.964,641.088
3141,27.140,586.983,641.094
3142,27.127,587.003,641.100
3143,27.113,587.022,641.107
3144,27.100,587.041,641.113
3145,27.087,587.061,641.119
3146,27.073,587.080,641.126
3147,27.060,587.099,641.132
3148,27.047,587.119,641.139
3149,27.033,587.138,641.145
3150,27.020,587.158,641.152
3151,27.007,587.177,641.158
3152,26.993,587.196,641.164
3153,26.980,587.216,641.171
3154,26.967,587.235,641.177
3155,26.953,587.254,641.183
3156,26.940,587.274,641.190
3157,26.927,587.293,641.196
3158,26.913,587.313,641.203
3159,26.900,587.332,641.209
3160,26.887,587.351,641.215
3161,26.874,587.371,641.222
3162,26.860,587.390,641.228
3163,26.847,587.410,641.234
3164,26.834,587.429,641.241
3165,26.821,587.449,641.247
3166,26.808,587.468,641.254
3167,26.794,587.488,641.260
3168,26.781,587.507,641.266
3169,26.768,587.527,641.272
3170,26.755,587.546,641.279
3171,26.742,587.565,641.285
3172,26.728,587.585,641.292
3173,26.715,587.604,641.298
3174,26.702,587.624,641.304
3175,26.689,587.643,641.311
3176,26.676,587.663,641.317
3177,26.663,587.682,641.323
3178,26.649,587.702,641.330
3179,26.636,587.722,641.336
3180,26.623,587.741,641.343
3181,26.610,587.761,641.349
3182,26.597,587.780,641.355
3183,26.584,587.800,641.361
3184,26.571,587.819,641.368
3185,26.558,587.839,641.374
3186,26.545,587.858,641.381
3187,26.531,587.878,641.387
3188,26.518,587.898,641.393
3189,26.505,587.917,641.399
3190,26.492,587.937,641.406
3191,26.479,587.956,641.412
3192,26.466,587.976,641.418
3193,26.453,587.996,641.425
3194,26.440,588.015,641.431
3195,26.427,588.035,641.437
3196,26.414,588.055,641.444
3197,26.401,588.074,641.450
3198,26.388,588.094,641.456
3199,26.375,588.113,641.462
3200,26.362,588.133,641.469
3201,26.349,588.153,641.475
3202,26.336,588.173,641.482
3203,26.323,588.192,641.488
3204,26.310,588.212,641.494
3205,26.297,588.232,641.500
3206,26.284,588.251,641.507
3207,26.271,588.271,641.513
3208,26.258,588.291,641.519
3209,26.246,588.310,641.526
3210,26.233,588.330,641.532
3211,26.220,588.350,641.538
3212,26.207,588.370,641.545
3213,26.194,588.389,641.551
3214,26.181,588.409,641.557
3215,26.168,588.429,641.563
3216,26.155,588.449,641.570
3217,26.142,588.469,641.576
3218,26.130,588.488,641.582
3219,26.117,588.508,641.588
3220,26.104,588.528,641.595
3221,26.091,588.548,641.601
3222,26.078,588.568,641.608
3223,26.065,588.588,641.614
3224,26.053,588.607,641.620
3225,26.040,588.627,641.626
3226,26.027,588.647,641.633
3227,26.014,588.667,641.639
3228,26.001,588.687,641.645
3229,25.989,588.707,641.651
3230,25.976,588.727,641.658
3231,25.963,588.746,641.664
3232,25.950,588.766,641.670
3233,25.938,588.786,641.676
3234,25.925,588.806,641.683
3235,25.912,588.826,641.689
3236,25.899,588.846,641.695
3237,25.887,588.866,641.701
3238,25.874,588.886,641.708
3239,25.861,588.906,641.714
3240,25.848,588.926,641.720
3241,25.836,588.946,641.726
3242,25.823,588.966,641.733
3243,25.810,588.986,641.739
3244,25.798,589.006,641.745
3245,25.785,589.026,641.752
3246,25.772,589.046,641.758
3247,25.760,589.066,641.764
3248,25.747,589.086,641.770
3249,25.734,589.106,641.777
3250,25.722,589.126,641.783
3251,25.709,589.146,641.789
3252,25.697,589.166,641.795
3253,25.684,589.186,641.802
3254,25.671,589.206,641.808
3255,25.659,589.227,641.814
3256,25.646,589.247,641.820
3257,25.634,589.267,641.826
3258,25.621,589.287,641.833
3259,25.608,589.307,641.839
3260,25.596,589.327,641.845
3261,25.583,589.347,641.851
3262,25.571,589.368,641.858
3263,25.558,589.388,641.864
3264,25.546,589.408,641.870
3265,25.533,589.428,641.876
3266,25.521,589.448,641.883
3267,25.508,589.468,641.889
3268,25.496,589.489,641.895
3269,25.483,589.509,641.901
3270,25.471,589.529,641.908
3271,25.458,589.549,641.914
3272,25.446,589.570,641.920
3273,25.433,589.590,641.926
3274,25.421,589.610,641.933
3275,25.408,589.631,641.939
3276,25.396,589.651,641.945
3277,25.383,589.671,641.951
3278,25.371,589.691,641.958
3279,25.358,589.712,641.964
3280,25.346,589.732,641.970
3281,25.334,589.752,641.976
3282,25.321,589.773,641.982
3283,25.309,589.793,641.988
3284,25.296,589.814,641.995
3285,25.284,589.834,642.001
3286,25.272,589.854,642.007
3287,25.259,589.875,642.013
3288,25.247,589.895,642.020
3289,25.234,589.916,642.026
3290,25.222,589.936,642.032
3291,25.210,589.956,642.038
3292,25.197,589.977,642.045
3293,25.185,589.997,642.051
3294,25.173,590.018,642.057
3295,25.160,590.038,642.063
3296,25.148,590.059,642.069
3297,25.136,590.079,642.075
3298,25.124,590.100,642.082
3299,25.111,590.120,642.088
3300,25.099,590.141,642.094
3301,25.087,590.161,642.100
3302,25.074,590.182,642.107
3303,25.062,590.203,642.113
3304,25.050,590.223,642.119
3305,25.038,590.244,642.125
3306,25.025,590.264,642.131
3307,25.013,590.285,642.137
3308,25.001,590.305,642.144
3309,24.989,590.326,642.150
3310,24.977,590.347,642.156
3311,24.964,590.367,642.162
3312,24.952,590.388,642.169
3313,24.940,590.409,642.175
3314,24.928,590.429,642.181
3315,24.916,590.450,642.187
3316,24.903,590.471,642.193
3317,24.891,590.492,642.199
3318,24.879,590.512,642.206
3319,24.867,590.533,642.212
3320,24.855,590.554,642.218
3321,24.843,590.574,642.224
3322,24.831,590.595,642.230
3323,24.818,590.616,642.236
3324,24.806,590.637,642.243
3325,24.794,590.658,642.249
3326,24.782,590.678,642.255
3327,24.770,590.699,642.261
3328,24.758,590.720,642.268
3329,24.746,590.741,642.274
3330,24.734,590.762,642.280
3331,24.722,590.783,642.286
3332,24.710,590.804,642.292
3333,24.698,590.824,642.298
3334,24.686,590.845,642.305
3335,24.674,590.866,642.311
3336,24.662,590.887,642.317
3337,24.649,590.908,642.323
3338,24.637,590.929,642.329
3339,24.625,590.950,642.335
3340,24.613,590.971,642.342
3341,24.602,590.992,642.348
3342,24.590,591.013,642.354
3343,24.578,591.034,642.360
3344,24.566,591.055,642.366
3345,24.554,591.076,642.372
3346,24.542,591.097,642.379
3347,24.530,591.118,642.385
3348,24.518,591.139,642.391
3349,24.506,591.160,642.397
3350,24.494,591.181,642.403
3351,24.482,591.203,642.409
3352,24.470,591.224,642.416
3353,24.458,591.245,642.422
3354,24.446,591.266,642.428
3355,24.434,591.287,642.434
3356,24.422,591.308,642.440
3357,24.411,591.329,642.446
3358,24.399,591.351,642.453
3359,24.387,591.372,642.459
3360,24.375,591.393,642.465
3361,24.363,591.414,642.471
3362,24.351,591.436,642.477
3363,24.340,591.457,642.483
3364,24.328,591.478,642.490
3365,24.316,591.499,642.496
3366,24.304,591.521,642.502
3367,24.292,591.542,642.508
3368,24.280,591.563,642.514
3369,24.269,591.585,642.520
3370,24.257,591.606,642.527
3371,24.245,591.627,642.532
3372,24.233,591.649,642.539
3373,24.222,591.670,642.545
3374,24.210,591.691,642.551
3375,24.198,591.713,642.557
3376,24.186,591.734,642.563
3377,24.175,591.756,642.569
3378,24.163,591.777,642.576
3379,24.151,591.798,642.582
3380,24.139,591.820,642.588
3381,24.128,591.841,642.594
3382,24.116,591.863,642.600
3383,24.104,591.884,642.606
3384,24.093,591.906,642.613
3385,24.081,591.927,642.619
3386,24.069,591.949,642.625
3387,24.058,591.971,642.631
3388,24.046,591.992,642.637
3389,24.034,592.014,642.643
3390,24.023,592.035,642.650
3391,24.011,592.057,642.655
3392,23.999,592.079,642.662
3393,23.988,592.100,642.668
3394,23.976,592.122,642.674
3395,23.965,592.144,642.680
3396,23.953,592.165,642.686
3397,23.941,592.187,642.692
3398,23.930,592.209,642.699
3399,23.918,592.230,642.705
3400,23.907,592.252,642.711
3401,23.895,592.274,642.717
3402,23.884,592.296,642.723
3403,23.872,592.317,642.729
3404,23.861,592.339,642.736
3405,23.849,592.361,642.742
3406,23.837,592.383,642.748
3407,23.826,592.405,642.754
3408,23.814,592.426,642.760
3409,23.803,592.448,642.766
3410,23.791,592.470,642.772
3411,23.780,592.492,642.778
3412,23.768,592.514,642.785
3413,23.757,592.536,642.791
3414,23.746,592.558,642.797
3415,23.734,592.580,642.803
3416,23.723,592.602,642.809
3417,23.711,592.624,642.815
3418,23.700,592.646,642.822
3419,23.688,592.668,642.827
3420,23.677,592.690,642.834
3421,23.665,592.712,642.840
3422,23.654,592.734,642.846
3423,23.643,592.756,642.852
3424,23.631,592.778,642.858
3425,23.620,592.800,642.864
3426,23.609,592.822,642.871
3427,23.597,592.844,642.877
3428,23.586,592.866,642.883
3429,23.574,592.888,642.889
3430,23.563,592.911,642.895
3431,23.552,592.933,642.901
3432,23.540,592.955,642.907
3433,23.529,592.977,642.913
3434,23.518,592.999,642.920
3435,23.506,593.022,642.926
3436,23.495,593.044,642.932
3437,23.484,593.066,642.938
3438,23.473,593.088,642.944
3439,23.461,593.111,642.950
3440,23.450,593.133,642.957
3441,23.439,593.155,642.962
3442,23.427,593.178,642.969
3443,23.416,593.200,642.975
3444,23.405,593.222,642.981
3445,23.394,593.245,642.987
3446,23.382,593.267,642.993
3447,23.371,593.290,642.999
3448,23.360,593.312,643.006
3449,23.349,593.334,643.011
3450,23.338,593.357,643.018
3451,23.326,593.379,643.024
3452,23.315,593.402,643.030
3453,23.304,593.424,643.036
3454,23.293,593.447,643.042
3455,23.282,593.469,643.048
3456,23.271,593.492,643.055
3457,23.259,593.514,643.061
3458,23.248,593.537,643.067
3459,23.237,593.560,643.073
3460,23.226,593.582,643.079
3461,23.215,593.605,643.085
3462,23.204,593.628,643.091
3463,23.193,593.650,643.097
3464,23.182,593.673,643.104
3465,23.170,593.696,643.110
3466,23.159,593.718,643.116
3467,23.148,593.741,643.122
3468,23.137,593.764,643.128
3469,23.126,593.786,643.134
3470,23.115,593.809,643.140
3471,23.104,593.832,643.146
3472,23.093,593.855,643.153
3473,23.082,593.878,643.159
3474,23.071,593.900,643.165
3475,23.060,593.923,643.171
3476,23.049,593.946,643.177
3477,23.038,593.969,643.183
3478,23.027,593.992,643.190
3479,23.016,594.015,643.195
3480,23.005,594.038,643.202
3481,22.994,594.061,643.208
3482,22.983,594.084,643.214
3483,22.972,594.107,643.220
3484,22.961,594.130,643.226
3485,22.950,594.153,643.232
3486,22.939,594.176,643.239
3487,22.928,594.199,643.244
3488,22.917,594.222,643.251
3489,22.906,594.245,643.257
3490,22.895,594.268,643.263
3491,22.885,594.291,643.269
3492,22.874,594.314,643.275
3493,22.863,594.337,643.281
3494,22.852,594.361,643.288
3495,22.841,594.384,643.294
3496,22.830,594.407,643.300
3497,22.819,594.430,643.306
3498,22.808,594.453,643.312
3499,22.798,594.477,643.318
3500,22.787,594.500,643.324
3501,22.776,594.523,643.330
3502,22.765,594.546,643.337
3503,22.754,594.570,643.343
3504,22.744,594.593,643.349
3505,22.733,594.616,643.355
3506,22.722,594.640,643.361
3507,22.711,594.663,643.367
3508,22.700,594.687,643.374
3509,22.690,594.710,643.379
3510,22.679,594.733,643.386
3511,22.668,594.757,643.392
3512,22.657,594.780,643.398
3513,22.647,594.804,643.404
3514,22.636,594.827,643.410
3515,22.625,594.851,643.416
3516,22.614,594.874,643.423
3517,22.604,594.898,643.429
3518,22.593,594.922,643.435
3519,22.582,594.945,643.441
3520,22.572,594.969,643.447
3521,22.561,594.992,643.453
3522,22.550,595.016,643.459
3523,22.540,595.040,643.465
3524,22.529,595.063,643.472
3525,22.518,595.087,643.478
3526,22.508,595.111,643.484
3527,22.497,595.135,643.490
3528,22.486,595.158,643.496
3529,22.476,595.182,643.502
3530,22.465,595.206,643.509
3531,22.455,595.230,643.514
3532,22.444,595.253,643.521
3533,22.433,595.277,643.527
3534,22.423,595.301,643.533
3535,22.412,595.325,643.539
3536,22.402,595.349,643.545
3537,22.391,595.373,643.551
3538,22.381,595.397,643.558
3539,22.370,595.421,643.564
3540,22.359,595.445,643.570
3541,22.349,595.469,643.576
3542,22.338,595.493,643.582
3543,22.328,595.517,643.588
3544,22.317,595.541,643.595
3545,22.307,595.565,643.600
3546,22.296,595.589,643.607
3547,22.286,595.613,643.613
3548,22.275,595.637,643.619
3549,22.265,595.661,643.625
3550,22.255,595.685,643.631
3551,22.244,595.710,643.637
3552,22.234,595.734,643.644
3553,22.223,595.758,643.650
3554,22.213,595.782,643.656
3555,22.202,595.807,643.662
3556,22.192,595.831,643.668
3557,22.182,595.855,643.674
3558,22.171,595.880,643.681
3559,22.161,595.904,643.687
3560,22.150,595.928,643.693
3561,22.140,595.952,643.699
3562,22.130,595.977,643.705
3563,22.119,596.001,643.711
3564,22.109,596.026,643.718
3565,22.099,596.050,643.723
3566,22.088,596.075,643.730
3567,22.078,596.099,643.736
3568,22.068,596.124,643.742
3569,22.057,596.149,643.748
3570,22.047,596.173,643.754
3571,22.037,596.197,643.760
3572,22.026,596.222,643.767
3573,22.016,596.246,643.773
3574,22.006,596.271,643.779
3575,21.995,596.296,643.785
3576,21.985,596.321,643.791
3577,21.975,596.346,643.797
3578,21.965,596.370,643.804
3579,21.954,596.394,643.810
3580,21.944,596.419,643.816
3581,21.934,596.444,643.822
3582,21.924,596.469,643.828
3583,21.914,596.494,643.834
3584,21.903,596.519,643.841
3585,21.893,596.543,643.847
3586,21.883,596.568,643.853
3587,21.873,596.593,643.859
3588,21.863,596.619,643.865
3589,21.852,596.643,643.871
3590,21.842,596.668,643.878
3591,21.832,596.692,643.884
3592,21.822,596.717,643.890
3593,21.812,596.742,643.896
3594,21.802,596.768,643.902
3595,21.792,596.793,643.908
3596,21.782,596.818,643.915
3597,21.771,596.843,643.921
3598,21.761,596.869,643.927
3599,21.751,596.894,643.933
3600,21.741,596.918,643.939
3601,21.731,596.943,643.945
3602,21.721,596.968,643.952
3603,21.711,596.994,643.958
3604,21.701,597.019,643.964
3605,21.691,597.044,643.970
3606,21.681,597.070,643.976
3607,21.671,597.096,643.982
3608,21.661,597.120,643.989
3609,21.651,597.145,643.995
3610,21.641,597.171,644.001
3611,21.631,597.197,644.007
3612,21.621,597.222,644.014
3613,21.611,597.247,644.020
3614,21.601,597.273,644.026
3615,21.591,597.298,644.032
3616,21.581,597.324,644.038
3617,21.571,597.350,644.044
3618,21.561,597.375,644.051
3619,21.551,597.400,644.057
3620,21.541,597.426,644.063
3621,21.531,597.452,644.069
3622,21.521,597.477,644.075
3623,21.511,597.503,644.081
3624,21.502,597.529,644.088
3625,21.492,597.554,644.094
3626,21.482,597.580,644.100
3627,21.472,597.606,644.106
3628,21.462,597.631,644.113
3629,21.452,597.657,644.119
3630,21.442,597.683,644.125
3631,21.433,597.709,644.131
3632,21.423,597.735,644.137
3633,21.413,597.760,644.143
3634,21.403,597.786,644.150
3635,21.393,597.812,644.156
3636,21.383,597.838,644.162
3637,21.374,597.864,644.168
3638,21.364,597.890,644.175
3639,21.354,597.916,644.181
3640,21.344,597.942,644.187
3641,21.335,597.968,644.193
3642,21.325,597.994,644.199
3643,21.315,598.020,644.205
3644,21.305,598.046,644.212
3645,21.296,598.072,644.218
3646,21.286,598.098,644.224
3647,21.276,598.124,644.230
3648,21.266,598.151,644.237
3649,21.257,598.177,644.243
3650,21.247,598.203,644.249
3651,21.237,598.229,644.255
3652,21.228,598.256,644.261
3653,21.218,598.282,644.267
3654,21.208,598.308,644.274
3655,21.199,598.335,644.280
3656,21.189,598.361,644.286
3657,21.179,598.387,644.292
3658,21.170,598.414,644.299
3659,21.160,598.440,644.305
3660,21.151,598.467,644.311
3661,21.141,598.493,644.317
3662,21.131,598.520,644.324
3663,21.122,598.546,644.330
3664,21.112,598.573,644.336
3665,21.103,598.599,644.342
3666,21.093,598.626,644.349
3667,21.084,598.652,644.355
3668,21.074,598.679,644.361
3669,21.064,598.706,644.367
3670,21.055,598.732,644.374
3671,21.045,598.759,644.380
3672,21.036,598.786,644.386
3673,21.026,598.812,644.392
3674,21.017,598.839,644.398
3675,21.007,598.866,644.404
3676,20.998,598.893,644.411
3677,20.988,598.920,644.417
3678,20.979,598.947,644.423
3679,20.969,598.973,644.429
3680,20.960,599.000,644.436
3681,20.951,599.027,644.442
3682,20.941,599.054,644.448
3683,20.932,599.081,644.454
3684,20.922,599.108,644.461
3685,20.913,599.135,644.467
3686,20.903,599.162,644.473
3687,20.894,599.189,644.479
3688,20.885,599.217,644.486
3689,20.875,599.244,644.492
3690,20.866,599.271,644.498
3691,20.857,599.298,644.504
3692,20.847,599.325,644.511
3693,20.838,599.352,644.517
3694,20.829,599.380,644.523
3695,20.819,599.407,644.529
3696,20.810,599.434,644.536
3697,20.801,599.462,644.542
3698,20.791,599.489,644.548
3699,20.782,599.516,644.554
3700,20.773,599.544,644.561
3701,20.763,599.571,644.567
3702,20.754,599.599,644.574
3703,20.745,599.626,644.580
3704,20.736,599.654,644.586
3705,20.726,599.681,644.592
3706,20.717,599.709,644.599
3707,20.708,599.736,644.605
3708,20.699,599.764,644.611
3709,20.689,599.792,644.617
3710,20.680,599.819,644.624
3711,20.671,599.847,644.630
3712,20.662,599.875,644.636
3713,20.653,599.902,644.642
3714,20.643,599.930,644.649
3715,20.634,599.958,644.655
3716,20.625,599.986,644.661
3717,20.616,600.013,644.667
3718,20.607,600.041,644.674
3719,20.598,600.069,644.680
3720,20.588,600.097,644.687
3721,20.579,600.125,644.693
3722,20.570,600.153,644.699
3723,20.561,600.181,644.705
3724,20.552,600.209,644.712
3725,20.543,600.237,644.718
3726,20.534,600.265,644.724
3727,20.525,600.293,644.730
3728,20.516,600.321,644.737
3729,20.507,600.349,644.743
3730,20.498,600.378,644.749
3731,20.489,600.406,644.756
3732,20.480,600.434,644.762
3733,20.470,600.462,644.768
3734,20.461,600.490,644.775
3735,20.452,600.519,644.781
3736,20.443,600.547,644.787
3737,20.434,600.575,644.793
3738,20.425,600.604,644.800
3739,20.417,600.632,644.806
3740,20.408,600.661,644.813
3741,20.399,600.689,644.819
3742,20.390,600.718,644.825
3743,20.381,600.746,644.831
3744,20.372,600.775,644.838
3745,20.363,600.803,644.844
3746,20.354,600.832,644.850
3747,20.345,600.860,644.857
3748,20.336,600.889,644.863
3749,20.327,600.918,644.869
3750,20.318,600.946,644.876
3751,20.309,600.975,644.882
3752,20.301,601.004,644.888
3753,20.292,601.032,644.895
3754,20.283,601.061,644.901
3755,20.274,601.090,644.907
3756,20.265,601.119,644.914
3757,20.256,601.148,644.920
3758,20.248,601.177,644.926
3759,20.239,601.206,644.933
3760,20.230,601.235,644.939
3761,20.221,601.264,644.945
3762,20.212,601.293,644.952
3763,20.204,601.322,644.958
3764,20.195,601.351,644.965
3765,20.186,601.380,644.971
3766,20.177,601.409,644.977
3767,20.169,601.438,644.983
3768,20.160,601.467,644.990
3769,20.151,601.497,644.996
3770,20.142,601.526,645.003
3771,20.134,601.555,645.009
3772,20.125,601.584,645.015
3773,20.116,601.614,645.022
3774,20.108,601.643,645.028
3775,20.099,601.672,645.034
3776,20.090,601.702,645.041
3777,20.082,601.731,645.047
3778,20.073,601.761,645.054
3779,20.064,601.790,645.060
3780,20.056,601.820,645.066
3781,20.047,601.849,645.073
3782,20.038,601.879,645.079
3783,20.030,601.908,645.085
3784,20.021,601.938,645.092
3785,20.013,601.968,645.098
3786,20.004,601.997,645.105
3787,19.995,602.027,645.111
3788,19.987,602.057,645.117
3789,19.978,602.087,645.124
3790,19.970,602.116,645.130
3791,19.961,602.146,645.136
3792,19.953,602.176,645.143
3793,19.944,602.206,645.149
3794,19.936,602.236,645.156
3795,19.927,602.266,645.162
3796,19.919,602.296,645.169
3797,19.910,602.326,645.175
3798,19.902,602.356,645.181
3799,19.893,602.386,645.188
3800,19.885,602.416,645.194
3801,19.876,602.446,645.200
3802,19.868,602.476,645.207
3803,19.859,602.506,645.213
3804,19.851,602.537,645.220
3805,19.843,602.567,645.226
3806,19.834,602.597,645.233
3807,19.826,602.627,645.239
3808,19.817,602.658,645.246
3809,19.809,602.688,645.252
3810,19.801,602.719,645.258
3811,19.792,602.749,645.265
3812,19.784,602.779,645.271
3813,19.775,602.810,645.277
3814,19.767,602.840,645.284
3815,19.759,602.871,645.290
3816,19.750,602.901,645.297
3817,19.742,602.932,645.303
3818,19.734,602.963,645.310
3819,19.725,602.993,645.316
3820,19.717,603.024,645.323
3821,19.709,603.055,645.329
3822,19.701,603.085,645.336
3823,19.692,603.116,645.342
3824,19.684,603.147,645.348
3825,19.676,603.178,645.355
3826,19.668,603.209,645.361
3827,19.659,603.240,645.368
3828,19.651,603.271,645.374
3829,19.643,603.302,645.381
3830,19.635,603.333,645.387
3831,19.627,603.364,645.393
3832,19.618,603.395,645.400
3833,19.610,603.426,645.406
3834,19.602,603.457,645.413
3835,19.594,603.488,645.419
3836,19.586,603.519,645.426
3837,19.578,603.550,645.432
3838,19.569,603.582,645.439
3839,19.561,603.613,645.445
3840,19.553,603.644,645.452
3841,19.545,603.675,645.458
3842,19.537,603.707,645.465
3843,19.529,603.738,645.471
3844,19.521,603.770,645.478
3845,19.513,603.801,645.484
3846,19.505,603.833,645.491
3847,19.497,603.864,645.497
3848,19.488,603.896,645.504
3849,19.480,603.927,645.510
3850,19.472,603.959,645.517
3851,19.464,603.990,645.523
3852,19.456,604.022,645.530
3853,19.448,604.054,645.536
3854,19.440,604.086,645.543
3855,19.432,604.117,645.549
3856,19.424,604.149,645.556
3857,19.416,604.181,645.562
3858,19.408,604.213,645.569
3859,19.401,604.245,645.575
3860,19.393,604.277,645.582
3861,19.385,604.309,645.588
3862,19.377,604.341,645.595
3863,19.369,604.373,645.601
3864,19.361,604.405,645.608
3865,19.353,604.437,645.614
3866,19.345,604.469,645.621
3867,19.337,604.501,645.627
3868,19.329,604.533,645.634
3869,19.321,604.565,645.640
3870,19.314,604.598,645.647
3871,19.306,604.630,645.654
3872,19.298,604.662,645.660
3873,19.290,604.695,645.667
3874,19.282,604.727,645.673
3875,19.274,604.760,645.680
3876,19.267,604.792,645.686
3877,19.259,604.824,645.693
3878,19.251,604.857,645.700
3879,19.243,604.889,645.706
3880,19.236,604.922,645.713
3881,19.228,604.955,645.719
3882,19.220,604.987,645.726
3883,19.212,605.020,645.732
3884,19.205,605.053,645.739
3885,19.197,605.085,645.745
3886,19.189,605.118,645.752
3887,19.181,605.151,645.758
3888,19.174,605.184,645.765
3889,19.166,605.217,645.772
3890,19.158,605.250,645.778
3891,19.151,605.283,645.785
3892,19.143,605.316,645.792
3893,19.135,605.349,645.798
3894,19.128,605.382,645.805
3895,19.120,605.415,645.811
3896,19.113,605.448,645.818
3897,19.105,605.481,645.824
3898,19.097,605.514,645.831
3899,19.090,605.547,645.837
3900,19.082,605.581,645.844
3901,19.075,605.614,645.851
3902,19.067,605.647,645.858
3903,19.059,605.681,645.864
3904,19.052,605.714,645.871
3905,19.044,605.747,645.877
3906,19.037,605.781,645.884
3907,19.029,605.814,645.890
3908,19.022,605.848,645.897
3909,19.014,605.882,645.904
3910,19.007,605.915,645.910
3911,18.999,605.949,645.917
3912,18.992,605.982,645.924
3913,18.984,606.016,645.930
3914,18.977,606.050,645.937
3915,18.969,606.084,645.943
3916,18.962,606.117,645.950
3917,18.955,606.151,645.957
3918,18.947,606.185,645.964
3919,18.940,606.219,645.970
3920,18.932,606.253,645.977
3921,18.925,606.287,645.983
3922,18.918,606.321,645.990
3923,18.910,606.355,645.997
3924,18.903,606.389,646.003
3925,18.895,606.423,646.010
3926,18.888,606.457,646.017
3927,18.881,606.492,646.023
3928,18.873,606.526,646.030
3929,18.866,606.560,646.037
3930,18.859,606.594,646.043
3931,18.851,606.629,646.050
3932,18.844,606.663,646.057
3933,18.837,606.697,646.063
3934,18.830,606.732,646.070
3935,18.822,606.766,646.077
3936,18.815,606.801,646.084
3937,18.808,606.835,646.090
3938,18.801,606.870,646.097
3939,18.793,606.905,646.103
3940,18.786,606.939,646.110
3941,18.779,606.974,646.117
3942,18.772,607.009,646.124
3943,18.765,607.043,646.130
3944,18.757,607.078,646.137
3945,18.750,607.113,646.144
3946,18.743,607.148,646.151
3947,18.736,607.183,646.157
3948,18.729,607.218,646.164
3949,18.722,607.253,646.170
3950,18.715,607.288,646.177
3951,18.707,607.323,646.184
3952,18.700,607.358,646.191
3953,18.693,607.393,646.197
3954,18.686,607.428,646.204
3955,18.679,607.463,646.211
3956,18.672,607.499,646.218
3957,18.665,607.534,646.224
3958,18.658,607.569,646.231
3959,18.651,607.605,646.238
3960,18.644,607.640,646.245
3961,18.637,607.675,646.251
3962,18.630,607.711,646.258
3963,18.623,607.746,646.265
3964,18.616,607.782,646.272
3965,18.609,607.817,646.278
3966,18.602,607.853,646.285
3967,18.595,607.889,646.292
3968,18.588,607.924,646.299
3969,18.581,607.960,646.305
3970,18.574,607.996,646.312
3971,18.567,608.032,646.319
3972,18.560,608.067,646.326
3973,18.553,608.103,646.332
3974,18.546,608.139,646.339
3975,18.540,608.175,646.346
3976,18.533,608.211,646.353
3977,18.526,608.247,646.360
3978,18.519,608.283,646.367
3979,18.512,608.319,646.373
3980,18.505,608.355,646.380
3981,18.498,608.392,646.387
3982,18.492,608.428,646.394
3983,18.485,608.464,646.400
3984,18.478,608.500,646.407
3985,18.471,608.537,646.414
3986,18.464,608.573,646.421
3987,18.458,608.609,646.428
3988,18.451,608.646,646.435
3989,18.444,608.682,646.441
3990,18.437,608.719,646.448
3991,18.431,608.755,646.455
3992,18.424,608.792,646.462
3993,18.417,608.829,646.468
3994,18.410,608.865,646.476
3995,18.404,608.902,646.482
3996,18.397,608.939,646.489
3997,18.390,608.975,646.496
3998,18.384,609.012,646.503
3999,18.377,609.049,646.510
4000,18.370,609.086,646.517
4001,18.364,609.123,646.523
4002,18.357,609.160,646.530
4003,18.351,609.197,646.537
4004,18.344,609.234,646.544
4005,18.337,609.271,646.551
4006,18.331,609.308,646.558
4007,18.324,609.345,646.564
4008,18.318,609.383,646.572
4009,18.311,609.420,646.578
4010,18.305,609.457,646.585
4011,18.298,609.494,646.592
4012,18.291,609.532,646.599
4013,18.285,609.569,646.606
4014,18.278,609.607,646.613
4015,18.272,609.644,646.619
4016,18.265,609.682,646.627
4017,18.259,609.719,646.633
4018,18.253,609.757,646.640
4019,18.246,609.794,646.647
4020,18.240,609.832,646.654
4021,18.233,609.870,646.661
4022,18.227,609.908,646.668
4023,18.220,609.945,646.675
4024,18.214,609.983,646.682
4025,18.207,610.021,646.688
4026,18.201,610.059,646.696
4027,18.195,610.097,646.702
4028,18.188,610.135,646.710
4029,18.182,610.173,646.716
4030,18.176,610.211,646.723
4031,18.169,610.249,646.730
4032,18.163,610.287,646.737
4033,18.157,610.325,646.744
4034,18.150,610.364,646.751
4035,18.144,610.402,646.758
4036,18.138,610.440,646.765
4037,18.131,610.479,646.772
4038,18.125,610.517,646.779
4039,18.119,610.555,646.786
4040,18.113,610.594,646.793
4041,18.106,610.632,646.800
4042,18.100,610.671,646.807
4043,18.094,610.709,646.813
4044,18.088,610.748,646.821
4045,18.082,610.787,646.827
4046,18.075,610.826,646.835
4047,18.069,610.864,646.841
4048,18.063,610.903,646.849
4049,18.057,610.942,646.855
4050,18.051,610.981,646.863
4051,18.045,611.020,646.869
4052,18.038,611.059,646.877
4053,18.032,611.098,646.883
4054,18.026,611.137,646.891
4055,18.020,611.176,646.897
4056,18.014,611.215,646.905
4057,18.008,611.254,646.911
4058,18.002,611.293,646.919
4059,17.996,611.332,646.925
4060,17.990,611.372,646.933
4061,17.984,611.411,646.939
4062,17.978,611.450,646.947
4063,17.972,611.490,646.953
4064,17.966,611.529,646.961
4065,17.960,611.569,646.968
4066,17.954,611.608,646.975
4067,17.948,611.648,646.982
4068,17.942,611.687,646.989
4069,17.936,611.727,646.996
4070,17.930,611.767,647.003
4071,17.924,611.806,647.010
4072,17.918,611.846,647.017
4073,17.912,611.886,647.024
4074,17.906,611.926,647.031
4075,17.900,611.966,647.038
4076,17.894,612.006,647.045
4077,17.888,612.046,647.052
4078,17.883,612.086,647.059
4079,17.877,612.126,647.066
4080,17.871,612.166,647.074
4081,17.865,612.206,647.080
4082,17.859,612.246,647.088
4083,17.853,612.286,647.095
4084,17.848,612.327,647.102
4085,17.842,612.367,647.109
4086,17.836,612.407,647.116
4087,17.830,612.448,647.123
4088,17.824,612.488,647.130
4089,17.819,612.528,647.137
4090,17.813,612.569,647.145
4091,17.807,612.610,647.151
4092,17.801,612.650,647.159
4093,17.796,612.691,647.166
4094,17.790,612.731,647.173
4095,17.784,612.772,647.180
4096,17.779,612.813,647.187
4097,17.773,612.854,647.194
4098,17.767,612.895,647.201
4099,17.762,612.935,647.208
4100,17.756,612.976,647.216
4101,17.750,613.017,647.223
4102,17.745,613.058,647.230
4103,17.739,613.099,647.237
4104,17.734,613.140,647.244
4105,17.728,613.182,647.251
4106,17.722,613.223,647.259
4107,17.717,613.264,647.266
4108,17.711,613.305,647.273
4109,17.706,613.346,647.280
4110,17.700,613.388,647.287
4111,17.695,613.429,647.294
4112,17.689,613.471,647.302
4113,17.684,613.512,647.309
4114,17.678,613.554,647.316
4115,17.673,613.595,647.323
4116,17.667,613.637,647.330
4117,17.662,613.678,647.337
4118,17.656,613.720,647.345
4119,17.651,613.762,647.352
4120,17.645,613.803,647.359
4121,17.640,613.845,647.366
4122,17.634,613.887,647.374
4123,17.629,613.929,647.380
4124,17.624,613.971,647.388
4125,17.618,614.013,647.395
4126,17.613,614.055,647.402
4127,17.608,614.097,647.409
4128,17.602,614.139,647.417
4129,17.597,614.181,647.424
4130,17.592,614.223,647.431
4131,17.586,614.265,647.438
4132,17.581,614.308,647.446
4133,17.576,614.350,647.453
4134,17.570,614.392,647.460
4135,17.565,614.435,647.467
4136,17.560,614.477,647.475
4137,17.554,614.519,647.482
4138,17.549,614.562,647.489
4139,17.544,614.604,647.496
4140,17.539,614.647,647.504
4141,17.534,614.690,647.511
4142,17.528,614.732,647.518
4143,17.523,614.775,647.525
4144,17.518,614.818,647.533
4145,17.513,614.860,647.540
4146,17.508,614.903,647.547
4147,17.502,614.946,647.554
4148,17.497,614.989,647.562
4149,17.492,615.032,647.569
4150,17.487,615.075,647.576
4151,17.482,615.118,647.583
4152,17.477,615.161,647.591
4153,17.472,615.204,647.598
4154,17.467,615.247,647.606
4155,17.462,615.291,647.613
4156,17.457,615.334,647.620
4157,17.452,615.377,647.627
4158,17.446,615.420,647.635
4159,17.441,615.464,647.642
4160,17.436,615.507,647.650
4161,17.431,615.550,647.657
4162,17.426,615.594,647.664
4163,17.421,615.637,647.671
4164,17.416,615.681,647.679
4165,17.412,615.725,647.686
4166,17.407,615.768,647.693
4167,17.402,615.812,647.701
4168,17.397,615.856,647.708
4169,17.392,615.899,647.715
4170,17.387,615.943,647.723
4171,17.382,615.987,647.730
4172,17.377,616.031,647.738
4173,17.372,616.075,647.745
4174,17.367,616.119,647.752
4175,17.362,616.163,647.759
4176,17.358,616.207,647.767
4177,17.353,616.251,647.774
4178,17.348,616.295,647.782
4179,17.343,616.339,647.789
4180,17.338,616.383,647.797
4181,17.334,616.428,647.804
4182,17.329,616.472,647.811
4183,17.324,616.516,647.818
4184,17.319,616.561,647.826
4185,17.314,616.605,647.833
4186,17.310,616.649,647.841
4187,17.305,616.694,647.848
4188,17.300,616.738,647.856
4189,17.296,616.783,647.863
4190,17.291,616.828,647.870
4191,17.286,616.872,647.878
4192,17.281,616.917,647.885
4193,17.277,616.962,647.892
4194,17.272,617.006,647.900
4195,17.268,617.051,647.907
4196,17.263,617.096,647.915
4197,17.258,617.141,647.922
4198,17.254,617.186,647.930
4199,17.249,617.231,647.937
4200,17.244,617.276,647.945
4201,17.240,617.321,647.952
4202,17.235,617.366,647.960
4203,17.231,617.411,647.967
4204,17.226,617.456,647.975
4205,17.222,617.501,647.982
4206,17.217,617.546,647.989
4207,17.213,617.592,647.997
4208,17.208,617.637,648.004
4209,17.204,617.682,648.012
4210,17.199,617.728,648.019
4211,17.195,617.773,648.026
4212,17.190,617.818,648.034
4213,17.186,617.864,648.041
4214,17.181,617.909,648.049
4215,17.177,617.955,648.056
4216,17.172,618.001,648.064
4217,17.168,618.046,648.071
4218,17.164,618.092,648.079
4219,17.159,618.138,648.086
4220,17.155,618.183,648.094
4221,17.150,618.229,648.101
4222,17.146,618.275,648.109
4223,17.142,618.321,648.116
4224,17.137,618.367,648.124
4225,17.133,618.413,648.131
4226,17.129,618.459,648.139
4227,17.124,618.505,648.146
4228,17.120,618.551,648.154
4229,17.116,618.597,648.161
4230,17.112,618.643,648.169
4231,17.107,618.689,648.176
4232,17.103,618.735,648.184
4233,17.099,618.781,648.192
4234,17.095,618.828,648.199
4235,17.090,618.874,648.207
4236,17.086,618.920,648.214
4237,17.082,618.967,648.222
4238,17.078,619.013,648.230
4239,17.074,619.059,648.237
4240,17.069,619.106,648.245
4241,17.065,619.152,648.252
4242,17.061,619.199,648.260
4243,17.057,619.245,648.267
4244,17.053,619.292,648.275
4245,17.049,619.339,648.282
4246,17.045,619.385,648.290
4247,17.041,619.432,648.297
4248,17.036,619.479,648.305
4249,17.032,619.525,648.312
4250,17.028,619.572,648.320
4251,17.024,619.619,648.328
4252,17.020,619.666,648.335
4253,17.016,619.713,648.343
4254,17.012,619.760,648.351
4255,17.008,619.807,648.358
4256,17.004,619.854,648.366
4257,17.000,619.901,648.373
4258,16.996,619.948,648.381
4259,16.992,619.995,648.388
4260,16.988,620.042,648.396
4261,16.984,620.089,648.404
4262,16.980,620.136,648.411
4263,16.976,620.184,648.419
4264,16.973,620.231,648.427
4265,16.969,620.278,648.434
4266,16.965,620.326,648.442
4267,16.961,620.373,648.449
4268,16.957,620.420,648.457
4269,16.953,620.468,648.465
4270,16.949,620.515,648.472
4271,16.945,620.563,648.480
4272,16.942,620.610,648.488
4273,16.938,620.658,648.495
4274,16.934,620.705,648.503
4275,16.930,620.753,648.510
4276,16.926,620.800,648.518
4277,16.923,620.848,648.526
4278,16.919,620.896,648.534
4279,16.915,620.943,648.541
4280,16.911,620.991,648.549
4281,16.908,621.039,648.556
4282,16.904,621.087,648.564
4283,16.900,621.134,648.572
4284,16.896,621.182,648.580
4285,16.893,621.230,648.587
4286,16.889,621.278,648.595
4287,16.885,621.326,648.602
4288,16.882,621.374,648.610
4289,16.878,621.422,648.618
4290,16.874,621.470,648.626
4291,16.871,621.518,648.633
4292,16.867,621.566,648.641
4293,16.863,621.614,648.648
4294,16.860,621.662,648.656
4295,16.856,621.710,648.664
4296,16.853,621.759,648.672
4297,16.849,621.807,648.679
4298,16.846,621.855,648.687
4299,16.842,621.903,648.694
4300,16.838,621.952,648.702
4301,16.835,622.000,648.710
4302,16.831,622.048,648.718
4303,16.828,622.096,648.725
4304,16.824,622.145,648.733
4305,16.821,622.193,648.741
4306,16.817,622.242,648.749
4307,16.814,622.290,648.756
4308,16.810,622.338,648.764
4309,16.807,622.387,648.772
4310,16.804,622.435,648.780
4311,16.800,622.484,648.787
4312,16.797,622.532,648.795
4313,16.793,622.581,648.802
4314,16.790,622.630,648.810
4315,16.786,622.678,648.818
4316,16.783,622.727,648.826
4317,16.780,622.775,648.833
4318,16.776,622.824,648.841
4319,16.773,622.873,648.849
4320,16.770,622.922,648.857
4321,16.766,622.970,648.864
4322,16.763,623.019,648.872
4323,16.760,623.068,648.880
4324,16.756,623.117,648.888
4325,16.753,623.165,648.895
4326,16.750,623.214,648.903
4327,16.747,623.263,648.911
4328,16.743,623.312,648.919
4329,16.740,623.361,648.926
4330,16.737,623.410,648.934
4331,16.734,623.458,648.942
4332,16.730,623.507,648.950
4333,16.727,623.556,648.957
4334,16.724,623.605,648.965
4335,16.721,623.654,648.973
4336,16.717,623.703,648.981
4337,16.714,623.752,648.988
4338,16.711,623.801,648.996
4339,16.708,623.850,649.004
4340,16.705,623.899,649.012
4341,16.702,623.948,649.019
4342,16.699,623.997,649.027
4343,16.695,624.047,649.035
4344,16.692,624.096,649.043
4345,16.689,624.145,649.050
4346,16.686,624.194,649.059
4347,16.683,624.243,649.066
4348,16.680,624.292,649.074
4349,16.677,624.341,649.082
4350,16.674,624.390,649.090
4351,16.671,624.440,649.097
4352,16.668,624.489,649.105
4353,16.665,624.538,649.113
4354,16.662,624.587,649.121
4355,16.659,624.636,649.128
4356,16.656,624.686,649.136
4357,16.653,624.735,649.144
4358,16.650,624.784,649.152
4359,16.647,624.833,649.159
4360,16.644,624.883,649.168
4361,16.641,624.932,649.175
4362,16.638,624.981,649.183
4363,16.635,625.030,649.191
4364,16.632,625.080,649.199
4365,16.629,625.129,649.206
4366,16.626,625.178,649.214
4367,16.623,625.227,649.222
4368,16.621,625.277,649.230
4369,16.618,625.326,649.237
4370,16.615,625.375,649.245
4371,16.612,625.425,649.253
4372,16.609,625.474,649.261
4373,16.606,625.523,649.269
4374,16.603,625.573,649.277
4375,16.601,625.622,649.284
4376,16.598,625.671,649.292
4377,16.595,625.721,649.300
4378,16.592,625.770,649.308
4379,16.589,625.819,649.315
4380,16.587,625.869,649.324
4381,16.584,625.918,649.331
4382,16.581,625.967,649.339
4383,16.578,626.017,649.347
4384,16.576,626.066,649.355
4385,16.573,626.115,649.362
4386,16.570,626.165,649.370
4387,16.567,626.214,649.378
4388,16.565,626.263,649.386
4389,16.562,626.313,649.393
4390,16.559,626.362,649.402
4391,16.557,626.411,649.409
4392,16.554,626.460,649.417
4393,16.551,626.510,649.425
4394,16.549,626.559,649.433
4395,16.546,626.608,649.440
4396,16.543,626.658,649.448
4397,16.541,626.707,649.456
4398,16.538,626.756,649.464
4399,16.535,626.805,649.472
4400,16.533,626.855,649.480
4401,16.530,626.904,649.487
4402,16.528,626.953,649.495
4403,16.525,627.002,649.503
4404,16.522,627.052,649.511
4405,16.520,627.101,649.518
4406,16.517,627.150,649.527
4407,16.515,627.199,649.534
4408,16.512,627.248,649.542
4409,16.510,627.298,649.550
4410,16.507,627.347,649.558
4411,16.505,627.396,649.565
4412,16.502,627.445,649.573
4413,16.500,627.494,649.581
4414,16.497,627.543,649.589
4415,16.495,627.592,649.596
4416,16.492,627.641,649.605
4417,16.490,627.690,649.612
4418,16.487,627.739,649.620
4419,16.485,627.789,649.628
4420,16.482,627.838,649.636
4421,16.480,627.887,649.643
4422,16.478,627.936,649.651
4423,16.475,627.984,649.659
4424,16.473,628.033,649.667
4425,16.470,628.082,649.674
4426,16.468,628.131,649.683
4427,16.466,628.180,649.690
4428,16.463,628.229,649.698
4429,16.461,628.278,649.706
4430,16.458,628.327,649.714
4431,16.456,628.376,649.721
4432,16.454,628.424,649.729
4433,16.451,628.473,649.737
4434,16.449,628.522,649.745
4435,16.447,628.571,649.752
4436,16.444,628.619,649.760
4437,16.442,628.668,649.768
4438,16.440,628.717,649.776
4439,16.437,628.765,649.783
4440,16.435,628.814,649.792
4441,16.433,628.862,649.799
4442,16.431,628.911,649.807
4443,16.428,628.959,649.815
4444,16.426,629.008,649.823
4445,16.424,629.056,649.830
4446,16.421,629.105,649.838
4447,16.419,629.153,649.846
4448,16.417,629.202,649.854
4449,16.415,629.250,649.861
4450,16.413,629.298,649.869
4451,16.410,629.347,649.877
4452,16.408,629.395,649.885
4453,16.406,629.443,649.892
4454,16.404,629.491,649.900
4455,16.402,629.540,649.908
4456,16.399,629.588,649.916
4457,16.397,629.636,649.923
4458,16.395,629.684,649.931
4459,16.393,629.732,649.939
4460,16.391,629.780,649.947
4461,16.389,629.828,649.954
4462,16.386,629.876,649.962
4463,16.384,629.924,649.970
4464,16.382,629.972,649.978
4465,16.380,630.020,649.985
4466,16.378,630.067,649.993
4467,16.376,630.115,650.001
4468,16.374,630.163,650.009
4469,16.372,630.210,650.016
4470,16.369,630.258,650.024
4471,16.367,630.306,650.031
4472,16.365,630.353,650.039
4473,16.363,630.401,650.047
4474,16.361,630.448,650.055
4475,16.359,630.496,650.062
4476,16.357,630.543,650.070
4477,16.355,630.591,650.078
4478,16.353,630.638,650.086
4479,16.351,630.685,650.093
4480,16.349,630.732,650.101
4481,16.347,630.780,650.108
4482,16.345,630.827,650.116
4483,16.343,630.874,650.124
4484,16.341,630.921,650.132
4485,16.339,630.968,650.139
4486,16.337,631.015,650.147
4487,16.335,631.062,650.155
4488,16.333,631.109,650.162
4489,16.331,631.156,650.170
4490,16.329,631.202,650.178
4491,16.327,631.249,650.185
4492,16.325,631.296,650.193
4493,16.323,631.342,650.200
4494,16.321,631.389,650.208
4495,16.319,631.435,650.216
4496,16.317,631.482,650.224
4497,16.315,631.528,650.231
4498,16.313,631.575,650.239
4499,16.311,631.621,650.246
4500,16.309,631.667,650.254
4501,16.307,631.714,650.261
4502,16.306,631.760,650.269
4503,16.304,631.806,650.277
4504,16.302,631.852,650.285
4505,16.300,631.898,650.292
4506,16.298,631.944,650.300
4507,16.296,631.990,650.307
4508,16.294,632.036,650.315
4509,16.292,632.082,650.322
4510,16.290,632.127,650.330
4511,16.289,632.173,650.337
4512,16.287,632.219,650.345
4513,16.285,632.264,650.353
4514,16.283,632.310,650.360
4515,16.281,632.355,650.368
4516,16.279,632.401,650.376
4517,16.277,632.446,650.383
4518,16.276,632.491,650.391
4519,16.274,632.536,650.398
4520,16.272,632.581,650.406
4521,16.270,632.627,650.413
4522,16.268,632.672,650.421
4523,16.266,632.717,650.428
4524,16.265,632.762,650.436
4525,16.263,632.806,650.443
4526,16.261,632.851,650.451
4527,16.259,632.896,650.458
4528,16.257,632.941,650.466
4529,16.256,632.985,650.473
4530,16.254,633.030,650.481
4531,16.252,633.074,650.488
4532,16.250,633.119,650.496
4533,16.249,633.163,650.503
4534,16.247,633.207,650.511
4535,16.245,633.251,650.518
4536,16.243,633.296,650.526
4537,16.242,633.340,650.533
4538,16.240,633.384,650.540
4539,16.238,633.428,650.548
4540,16.236,633.471,650.555
4541,16.235,633.515,650.562
4542,16.233,633.559,650.570
4543,16.231,633.603,650.577
4544,16.229,633.646,650.585
4545,16.228,633.690,650.592
4546,16.226,633.733,650.600
4547,16.224,633.777,650.607
4548,16.222,633.820,650.615
4549,16.221,633.863,650.622
4550,16.219,633.907,650.629
4551,16.217,633.950,650.636
4552,16.216,633.993,650.644
4553,16.214,634.036,650.651
4554,16.212,634.079,650.659
4555,16.211,634.121,650.666
4556,16.209,634.164,650.673
4557,16.207,634.207,650.680
4558,16.206,634.250,650.688
4559,16.204,634.292,650.695
4560,16.202,634.335,650.703
4561,16.200,634.377,650.710
4562,16.199,634.419,650.717
4563,16.197,634.462,650.724
4564,16.195,634.504,650.732
4565,16.194,634.546,650.739
4566,16.192,634.588,650.746
4567,16.191,634.630,650.753
4568,16.189,634.672,650.761
4569,16.187,634.713,650.768
4570,16.186,634.755,650.775
4571,16.184,634.797,650.782
4572,16.182,634.838,650.790
4573,16.181,634.880,650.797
4574,16.179,634.921,650.804
4575,16.177,634.963,650.811
4576,16.176,635.004,650.819
4577,16.174,635.045,650.826
4578,16.173,635.086,650.833
4579,16.171,635.127,650.840
4580,16.169,635.168,650.847
4581,16.168,635.209,650.854
4582,16.166,635.250,650.862
4583,16.164,635.291,650.869
4584,16.163,635.331,650.876
4585,16.161,635.372,650.883
4586,16.160,635.412,650.890
4587,16.158,635.453,650.897
4588,16.156,635.493,650.904
4589,16.155,635.533,650.911
4590,16.153,635.574,650.919
4591,16.152,635.614,650.925
4592,16.150,635.654,650.933
4593,16.148,635.694,650.940
4594,16.147,635.734,650.947
4595,16.145,635.773,650.954
4596,16.144,635.813,650.961
4597,16.142,635.853,650.968
4598,16.141,635.892,650.975
4599,16.139,635.932,650.982
4600,16.137,635.971,650.989
4601,16.136,636.010,650.996
4602,16.134,636.049,651.003
4603,16.133,636.089,651.010
4604,16.131,636.128,651.017
4605,16.130,636.167,651.024
4606,16.128,636.206,651.031
4607,16.127,636.244,651.038
4608,16.125,636.283,651.045
4609,16.123,636.322,651.052
4610,16.122,636.360,651.059
4611,16.120,636.399,651.066
4612,16.119,636.437,651.073
4613,16.117,636.476,651.079
4614,16.116,636.514,651.087
4615,16.114,636.552,651.093
4616,16.113,636.590,651.100
4617,16.111,636.628,651.107
4618,16.110,636.666,651.114
4619,16.108,636.704,651.121
4620,16.106,636.742,651.128
4621,16.105,636.779,651.134
4622,16.103,636.817,651.141
4623,16.102,636.854,651.148
4624,16.100,636.892,651.155
4625,16.099,636.929,651.162
4626,16.097,636.966,651.169
4627,16.096,637.004,651.175
4628,16.094,637.041,651.182
4629,16.093,637.078,651.189
4630,16.091,637.115,651.196
4631,16.090,637.151,651.202
4632,16.088,637.188,651.209
4633,16.087,637.225,651.216
4634,16.085,637.261,651.223
4635,16.084,637.298,651.229
4636,16.082,637.334,651.236
4637,16.081,637.371,651.242
4638,16.079,637.407,651.249
4639,16.078,637.443,651.256
4640,16.076,637.479,651.263
4641,16.075,637.515,651.269
4642,16.073,637.551,651.276
4643,16.072,637.587,651.282
4644,16.070,637.623,651.289
4645,16.069,637.659,651.296
4646,16.067,637.694,651.303
4647,16.066,637.730,651.309
4648,16.064,637.765,651.316
4649,16.063,637.801,651.322
4650,16.061,637.836,651.329
4651,16.060,637.871,651.335
4652,16.058,637.907,651.342
4653,16.057,637.942,651.348
4654,16.055,637.977,651.355
4655,16.054,638.012,651.361
4656,16.052,638.046,651.368
4657,16.051,638.081,651.374
4658,16.049,638.116,651.381
4659,16.048,638.150,651.387
4660,16.046,638.185,651.394
4661,16.045,638.219,651.400
4662,16.043,638.254,651.407
4663,16.042,638.288,651.413
4664,16.040,638.322,651.420
4665,16.039,638.356,651.426
4666,16.037,638.390,651.433
4667,16.036,638.424,651.439
4668,16.035,638.458,651.445
4669,16.033,638.492,651.451
4670,16.032,638.526,651.458
4671,16.030,638.559,651.464
4672,16.029,638.593,651.471
4673,16.027,638.626,651.477
4674,16.026,638.660,651.483
4675,16.024,638.693,651.490
4676,16.023,638.726,651.496
4677,16.021,638.760,651.502
4678,16.020,638.793,651.509
4679,16.018,638.826,651.515
4680,16.017,638.859,651.521
4681,16.016,638.891,651.527
4682,16.014,638.924,651.534
4683,16.013,638.957,651.540
4684,16.011,638.990,651.546
4685,16.010,639.022,651.552
4686,16.008,639.055,651.559
4687,16.007,639.087,651.564
4688,16.005,639.119,651.571
4689,16.004,639.152,651.577
4690,16.002,639.184,651.583
4691,16.001,639.216,651.589
4692,16.000,639.248,651.596
4693,15.998,639.280,651.601
4694,15.997,639.312,651.608
4695,15.995,639.344,651.614
4696,15.994,639.375,651.620
4697,15.992,639.407,651.626
4698,15.991,639.439,651.632
4699,15.989,639.470,651.638
4700,15.988,639.502,651.644
4701,15.987,639.533,651.650
4702,15.985,639.564,651.656
4703,15.984,639.596,651.662
4704,15.982,639.627,651.668
4705,15.981,639.658,651.674
4706,15.979,639.689,651.680
4707,15.978,639.720,651.686
4708,15.977,639.751,651.692
4709,15.975,639.781,651.698
4710,15.974,639.812,651.704
4711,15.972,639.843,651.710
4712,15.971,639.873,651.716
4713,15.969,639.904,651.722
4714,15.968,639.934,651.728
4715,15.967,639.965,651.734
4716,15.965,639.995,651.740
4717,15.964,640.025,651.745
4718,15.962,640.055,651.751
4719,15.961,640.086,651.757
4720,15.959,640.116,651.763
4721,15.958,640.146,651.769
4722,15.957,640.175,651.775
4723,15.955,640.205,651.780
4724,15.954,640.235,651.786
4725,15.952,640.265,651.792
4726,15.951,640.294,651.798
4727,15.949,640.324,651.803
4728,15.948,640.353,651.809
4729,15.947,640.383,651.815
4730,15.945,640.412,651.821
4731,15.944,640.441,651.826
4732,15.942,640.471,651.832
4733,15.941,640.500,651.838
4734,15.940,640.529,651.844
4735,15.938,640.558,651.849
4736,15.937,640.587,651.855
4737,15.935,640.616,651.860
4738,15.934,640.644,651.866
4739,15.933,640.673,651.872
4740,15.931,640.702,651.878
4741,15.930,640.730,651.883
4742,15.928,640.759,651.889
4743,15.927,640.787,651.894
4744,15.926,640.816,651.900
4745,15.924,640.844,651.905
4746,15.923,640.873,651.911
4747,15.921,640.901,651.916
4748,15.920,640.929,651.922
4749,15.919,640.957,651.928
4750,15.917,640.985,651.933
4751,15.916,641.013,651.939
4752,15.914,641.041,651.944
4753,15.913,641.069,651.950
4754,15.912,641.097,651.955
4755,15.910,641.124,651.960
4756,15.909,641.152,651.966
4757,15.907,641.180,651.971
4758,15.906,641.207,651.977
4759,15.905,641.235,651.982
4760,15.903,641.262,651.988
4761,15.902,641.289,651.993
4762,15.900,641.317,651.999
4763,15.899,641.344,652.004
4764,15.898,641.371,652.009
4765,15.896,641.398,652.015
4766,15.895,641.425,652.020
4767,15.893,641.452,652.025
4768,15.892,641.479,652.031
4769,15.891,641.506,652.036
4770,15.889,641.533,652.041
4771,15.888,641.560,652.046
4772,15.887,641.586,652.052
4773,15.885,641.613,652.057
4774,15.884,641.639,652.062
4775,15.882,641.666,652.067
4776,15.881,641.692,652.073
4777,15.880,641.719,652.078
4778,15.878,641.745,652.083
4779,15.877,641.771,652.088
4780,15.876,641.798,652.094
4781,15.874,641.824,652.099
4782,15.873,641.850,652.104
4783,15.871,641.876,652.109
4784,15.870,641.902,652.114
4785,15.869,641.928,652.119
4786,15.867,641.954,652.125
4787,15.866,641.980,652.130
4788,15.865,642.005,652.135
4789,15.863,642.031,652.140
4790,15.862,642.057,652.145
4791,15.860,642.082,652.150
4792,15.859,642.107,652.155
4793,15.858,642.133,652.160
4794,15.856,642.159,652.165
4795,15.855,642.183,652.170
4796,15.854,642.209,652.176
4797,15.852,642.235,652.180
4798,15.851,642.260,652.186
4799,15.850,642.284,652.190
4800,15.848,642.309,652.196
4801,15.847,642.334,652.200
4802,15.846,642.360,652.205
4803,15.844,642.385,652.210
4804,15.843,642.409,652.215
4805,15.841,642.434,652.220
4806,15.840,642.459,652.225
4807,15.839,642.483,652.230
4808,15.837,642.508,652.235
4809,15.836,642.533,652.240
4810,15.835,642.558,652.245
4811,15.833,642.582,652.250
4812,15.832,642.606,652.255
4813,15.831,642.630,652.259
4814,15.829,642.655,652.264
4815,15.828,642.679,652.269
4816,15.827,642.703,652.274
4817,15.825,642.727,652.279
4818,15.824,642.752,652.284
4819,15.823,642.776,652.288
4820,15.821,642.800,652.293
4821,15.820,642.824,652.298
4822,15.819,642.847,652.303
4823,15.817,642.871,652.307
4824,15.816,642.895,652.312
4825,15.815,642.919,652.317
4826,15.813,642.943,652.322
4827,15.812,642.966,652.326
4828,15.811,642.990,652.331
4829,15.809,643.013,652.336
4830,15.808,643.037,652.341
4831,15.807,643.060,652.345
4832,15.805,643.084,652.350
4833,15.804,643.107,652.354
4834,15.803,643.130,652.359
4835,15.801,643.154,652.364
4836,15.800,643.177,652.368
4837,15.799,643.200,652.373
4838,15.797,643.223,652.378
4839,15.796,643.246,652.382
4840,15.795,643.269,652.387
4841,15.793,643.292,652.391
4842,15.792,643.315,652.396
4843,15.791,643.338,652.400
4844,15.789,643.361,652.405
4845,15.788,643.383,652.409
4846,15.787,643.406,652.414
4847,15.785,643.429,652.419
4848,15.784,643.451,652.423
4849,15.783,643.474,652.428
4850,15.782,643.496,652.432
4851,15.780,643.519,652.437
4852,15.779,643.541,652.441
4853,15.778,643.564,652.446
4854,15.776,643.586,652.450
4855,15.775,643.608,652.454
4856,15.774,643.630,652.459
4857,15.772,643.653,652.463
4858,15.771,643.675,652.468
4859,15.770,643.697,652.472
4860,15.768,643.719,652.477
4861,15.767,643.741,652.481
4862,15.766,643.763,652.485
4863,15.765,643.785,652.490
4864,15.763,643.806,652.494
4865,15.762,643.828,652.498
4866,15.761,643.850,652.503
4867,15.759,643.872,652.507
4868,15.758,643.893,652.512
4869,15.757,643.915,652.516
4870,15.755,643.936,652.520
4871,15.754,643.958,652.524
4872,15.753,643.979,652.529
4873,15.752,644.001,652.533
4874,15.750,644.022,652.537
4875,15.749,644.043,652.541
4876,15.748,644.065,652.546
4877,15.746,644.086,652.550
4878,15.745,644.107,652.554
4879,15.744,644.128,652.558
4880,15.743,644.149,652.563
4881,15.741,644.170,652.567
4882,15.740,644.191,652.571
4883,15.739,644.212,652.575
4884,15.737,644.233,652.580
4885,15.736,644.254,652.584
4886,15.735,644.275,652.588
4887,15.734,644.296,652.592
4888,15.732,644.316,652.596
4889,15.731,644.337,652.600
4890,15.730,644.358,652.605
4891,15.728,644.378,652.608
4892,15.727,644.399,652.613
4893,15.726,644.419,652.617
4894,15.725,644.440,652.621
4895,15.723,644.460,652.625
4896,15.722,644.481,652.629
4897,15.721,644.501,652.633
4898,15.720,644.521,652.637
4899,15.718,644.542,652.641
4900,15.717,644.562,652.645
4901,15.716,644.582,652.649
4902,15.714,644.602,652.653
4903,15.713,644.622,652.657
4904,15.712,644.642,652.661
4905,15.711,644.662,652.665
4906,15.709,644.682,652.669
4907,15.708,644.702,652.673
4908,15.707,644.722,652.677
4909,15.706,644.742,652.681
4910,15.704,644.761,652.685
4911,15.703,644.781,652.689
4912,15.702,644.801,652.693
4913,15.701,644.820,652.697
4914,15.699,644.840,652.701
4915,15.698,644.860,652.705
4916,15.697,644.879,652.709
4917,15.696,644.899,652.713
4918,15.694,644.918,652.717
4919,15.693,644.937,652.720
4920,15.692,644.957,652.724
4921,15.691,644.976,652.728
4922,15.689,644.995,652.732
4923,15.688,645.015,652.736
4924,15.687,645.034,652.740
4925,15.686,645.053,652.744
4926,15.684,645.072,652.748
4927,15.683,645.091,652.751
4928,15.682,645.110,652.755
4929,15.681,645.129,652.759
4930,15.679,645.148,652.763
4931,15.678,645.167,652.766
4932,15.677,645.186,652.770
4933,15.676,645.205,652.774
4934,15.674,645.223,652.778
4935,15.673,645.242,652.782
4936,15.672,645.261,652.785
4937,15.671,645.279,652.789
4938,15.669,645.298,652.793
4939,15.668,645.317,652.796
4940,15.667,645.335,652.800
4941,15.666,645.354,652.804
4942,15.664,645.372,652.808
4943,15.663,645.391,652.811
4944,15.662,645.409,652.815
4945,15.661,645.427,652.819
4946,15.660,645.446,652.822
4947,15.658,645.464,652.826
4948,15.657,645.482,652.830
4949,15.656,645.500,652.833
4950,15.655,645.518,652.837
4951,15.653,645.537,652.841
4952,15.652,645.555,652.844
4953,15.651,645.573,652.848
4954,15.650,645.591,652.852
4955,15.648,645.609,652.855
4956,15.647,645.626,652.859
4957,15.646,645.644,652.862
4958,15.645,645.662,652.866
4959,15.644,645.680,652.869
4960,15.642,645.698,652.873
4961,15.641,645.715,652.876
4962,15.640,645.733,652.880
4963,15.639,645.751,652.884
4964,15.638,645.768,652.887
4965,15.636,645.786,652.891
4966,15.635,645.803,652.894
4967,15.634,645.821,652.898
4968,15.633,645.838,652.901
4969,15.631,645.856,652.905
4970,15.630,645.873,652.908
4971,15.629,645.891,652.912
4972,15.628,645.908,652.915
4973,15.627,645.925,652.918
4974,15.625,645.942,652.922
4975,15.624,645.960,652.925
4976,15.623,645.977,652.929
4977,15.622,645.994,652.932
4978,15.621,646.011,652.936
4979,15.619,646.028,652.939
4980,15.618,646.045,652.943
4981,15.617,646.062,652.946
4982,15.616,646.079,652.949
4983,15.615,646.096,652.953
4984,15.613,646.113,652.956
4985,15.612,646.130,652.959
4986,15.611,646.146,652.963
4987,15.610,646.163,652.966
4988,15.609,646.180,652.970
4989,15.607,646.196,652.973
4990,15.606,646.213,652.976
4991,15.605,646.230,652.980
4992,15.604,646.246,652.983
4993,15.603,646.263,652.986
4994,15.602,646.279,652.990
4995,15.600,646.296,652.993
4996,15.599,646.312,652.996
4997,15.598,646.329,652.999
4998,15.597,646.345,653.003
4999,15.596,646.361,653.006
