# Time (s),Mass (g),T Back (K),T Front (K)
0,22.800,293.000,293.000
1,22.800,293.000,322.499
2,22.800,293.000,334.424
3,22.800,293.000,343.358
4,22.800,293.000,350.823
5,22.800,293.003,357.299
6,22.800,293.009,363.117
7,22.800,293.026,368.385
8,22.800,293.057,373.237
9,22.800,293.111,377.732
10,22.800,293.195,381.947
11,22.800,293.318,385.904
12,22.800,293.486,389.656
13,22.800,293.705,393.209
14,22.800,293.978,396.603
15,22.800,294.309,399.836
16,22.800,294.700,402.942
17,22.800,295.151,405.913
18,22.800,295.663,408.780
19,22.800,296.233,411.532
20,22.800,296.862,414.196
21,22.800,297.547,416.761
22,22.800,298.286,419.251
23,22.800,299.076,421.652
24,22.800,299.917,423.990
25,22.800,300.805,426.249
26,22.800,301.736,428.446
27,22.800,302.714,430.577
28,22.800,303.730,432.651
29,22.800,304.785,434.670
30,22.800,305.876,436.637
31,22.800,307.000,438.553
32,22.800,308.156,440.423
33,22.799,309.341,442.248
34,22.799,310.554,444.029
35,22.799,311.792,445.771
36,22.799,313.055,447.474
37,22.799,314.340,449.139
38,22.799,315.646,450.769
39,22.799,316.970,452.364
40,22.799,318.313,453.927
41,22.798,319.672,455.458
42,22.798,321.046,456.959
43,22.798,322.434,458.431
44,22.798,323.835,459.873
45,22.797,325.248,461.289
46,22.797,326.671,462.678
47,22.797,328.104,464.041
48,22.797,329.546,465.380
49,22.796,330.995,466.694
50,22.796,332.452,467.986
51,22.795,333.915,469.255
52,22.795,335.383,470.503
53,22.794,336.856,471.729
54,22.794,338.333,472.935
55,22.793,339.814,474.120
56,22.793,341.297,475.287
57,22.792,342.783,476.435
58,22.791,344.270,477.564
59,22.791,345.759,478.676
60,22.790,347.248,479.772
61,22.789,348.738,480.850
62,22.788,350.227,481.912
63,22.787,351.715,482.959
64,22.786,353.203,483.991
65,22.785,354.688,485.007
66,22.784,356.173,486.011
67,22.783,357.655,487.000
68,22.782,359.134,487.975
69,22.781,360.610,488.938
70,22.780,362.083,489.889
71,22.778,363.553,490.827
72,22.777,365.018,491.753
73,22.776,366.480,492.669
74,22.774,367.937,493.573
75,22.773,369.390,494.466
76,22.771,370.838,495.350
77,22.770,372.280,496.223
78,22.768,373.718,497.086
79,22.766,375.150,497.940
80,22.764,376.575,498.785
81,22.762,377.996,499.621
82,22.761,379.409,500.448
83,22.759,380.817,501.267
84,22.757,382.218,502.077
85,22.754,383.612,502.881
86,22.752,385.000,503.676
87,22.750,386.380,504.462
88,22.748,387.753,505.244
89,22.746,389.119,506.016
90,22.743,390.477,506.782
91,22.741,391.828,507.541
92,22.738,393.170,508.294
93,22.736,394.505,509.040
94,22.733,395.831,509.779
95,22.730,397.150,510.512
96,22.727,398.460,511.240
97,22.725,399.761,511.961
98,22.722,401.053,512.676
99,22.719,402.337,513.386
100,22.716,403.612,514.089
101,22.712,404.878,514.788
102,22.709,406.134,515.480
103,22.706,407.381,516.168
104,22.703,408.618,516.849
105,22.699,409.845,517.526
106,22.696,411.063,518.197
107,22.692,412.270,518.863
108,22.688,413.468,519.524
109,22.685,414.655,520.180
110,22.681,415.834,520.832
111,22.677,417.000,521.478
112,22.673,418.155,522.120
113,22.669,419.300,522.756
114,22.665,420.435,523.388
115,22.661,421.557,524.015
116,22.656,422.669,524.638
117,22.652,423.770,525.255
118,22.648,424.859,525.869
119,22.643,425.936,526.477
120,22.638,427.001,527.082
121,22.634,428.055,527.682
122,22.629,429.097,528.277
123,22.624,430.127,528.868
124,22.619,431.145,529.454
125,22.614,432.150,530.036
126,22.609,433.144,530.614
127,22.603,434.123,531.188
128,22.598,435.092,531.757
129,22.593,436.047,532.322
130,22.587,436.990,532.884
131,22.581,437.920,533.440
132,22.576,438.839,533.993
133,22.570,439.743,534.542
134,22.564,440.636,535.087
135,22.558,441.516,535.627
136,22.552,442.383,536.165
137,22.546,443.238,536.698
138,22.539,444.080,537.226
139,22.533,444.910,537.751
140,22.526,445.728,538.272
141,22.520,446.533,538.789
142,22.513,447.326,539.302
143,22.506,448.107,539.812
144,22.499,448.877,540.317
145,22.492,449.634,540.819
146,22.485,450.380,541.317
147,22.478,451.114,541.810
148,22.471,451.838,542.300
149,22.464,452.551,542.787
150,22.456,453.252,543.270
151,22.449,453.944,543.749
152,22.441,454.625,544.225
153,22.433,455.297,544.697
154,22.426,455.958,545.165
155,22.418,456.610,545.630
156,22.410,457.252,546.090
157,22.402,457.886,546.548
158,22.394,458.511,547.002
159,22.385,459.128,547.453
160,22.377,459.736,547.902
161,22.369,460.337,548.346
162,22.360,460.930,548.785
163,22.352,461.516,549.222
164,22.343,462.094,549.656
165,22.334,462.667,550.088
166,22.326,463.232,550.515
167,22.317,463.791,550.938
168,22.308,464.344,551.358
169,22.299,464.892,551.776
170,22.290,465.434,552.191
171,22.280,465.971,552.603
172,22.271,466.503,553.010
173,22.262,467.031,553.415
174,22.252,467.554,553.818
175,22.243,468.074,554.219
176,22.233,468.588,554.614
177,22.224,469.100,555.007
178,22.214,469.608,555.398
179,22.204,470.113,555.788
180,22.194,470.615,556.173
181,22.184,471.115,556.554
182,22.174,471.612,556.935
183,22.164,472.107,557.314
184,22.154,472.599,557.690
185,22.144,473.089,558.061
186,22.134,473.577,558.432
187,22.123,474.065,558.801
188,22.113,474.550,559.166
189,22.102,475.034,559.528
190,22.092,475.517,559.889
191,22.081,475.998,560.250
192,22.071,476.480,560.606
193,22.060,476.960,560.959
194,22.049,477.438,561.312
195,22.038,477.918,561.664
196,22.027,478.396,562.011
197,22.016,478.873,562.356
198,22.005,479.351,562.701
199,21.994,479.829,563.044
200,21.983,480.306,563.384
201,21.972,480.783,563.723
202,21.960,481.261,564.061
203,21.949,481.737,564.395
204,21.937,482.215,564.727
205,21.926,482.693,565.060
206,21.914,483.172,565.390
207,21.903,483.650,565.716
208,21.891,484.129,566.044
209,21.879,484.608,566.370
210,21.867,485.088,566.692
211,21.855,485.568,567.014
212,21.843,486.050,567.336
213,21.831,486.531,567.653
214,21.819,487.013,567.970
215,21.807,487.497,568.288
216,21.795,487.980,568.602
217,21.782,488.464,568.914
218,21.770,488.949,569.227
219,21.757,489.435,569.539
220,21.745,489.921,569.846
221,21.732,490.409,570.155
222,21.719,490.898,570.464
223,21.707,491.387,570.767
224,21.694,491.877,571.072
225,21.681,492.368,571.377
226,21.668,492.860,571.677
227,21.655,493.352,571.978
228,21.642,493.846,572.279
229,21.628,494.341,572.576
230,21.615,494.836,572.874
231,21.602,495.331,573.172
232,21.588,495.829,573.467
233,21.575,496.327,573.761
234,21.561,496.827,574.057
235,21.548,497.327,574.348
236,21.534,497.827,574.639
237,21.520,498.329,574.932
238,21.506,498.832,575.220
239,21.492,499.335,575.508
240,21.478,499.839,575.799
241,21.464,500.345,576.084
242,21.450,500.851,576.370
243,21.435,501.358,576.657
244,21.421,501.866,576.941
245,21.406,502.375,577.224
246,21.392,502.885,577.509
247,21.377,503.395,577.789
248,21.362,503.906,578.071
249,21.348,504.419,578.354
250,21.333,504.931,578.632
251,21.318,505.445,578.911
252,21.302,505.960,579.191
253,21.287,506.476,579.467
254,21.272,506.992,579.744
255,21.256,507.509,580.022
256,21.241,508.026,580.296
257,21.225,508.545,580.571
258,21.210,509.064,580.848
259,21.194,509.584,581.119
260,21.178,510.104,581.393
261,21.162,510.626,581.667
262,21.146,511.148,581.936
263,21.130,511.670,582.209
264,21.113,512.193,582.480
265,21.097,512.717,582.748
266,21.080,513.242,583.019
267,21.064,513.767,583.289
268,21.047,514.292,583.555
269,21.030,514.818,583.824
270,21.013,515.345,584.092
271,20.996,515.873,584.357
272,20.979,516.400,584.624
273,20.962,516.928,584.890
274,20.944,517.456,585.153
275,20.927,517.986,585.419
276,20.909,518.516,585.684
277,20.891,519.046,585.945
278,20.874,519.576,586.209
279,20.856,520.107,586.472
280,20.837,520.638,586.733
281,20.819,521.170,586.995
282,20.801,521.702,587.257
283,20.782,522.234,587.515
284,20.764,522.767,587.776
285,20.745,523.299,588.037
286,20.726,523.833,588.294
287,20.707,524.366,588.553
288,20.688,524.900,588.812
289,20.669,525.434,589.069
290,20.649,525.968,589.325
291,20.630,526.503,589.584
292,20.610,527.037,589.839
293,20.590,527.572,590.095
294,20.570,528.107,590.352
295,20.550,528.643,590.605
296,20.530,529.178,590.860
297,20.510,529.713,591.116
298,20.489,530.249,591.368
299,20.469,530.784,591.622
300,20.448,531.320,591.876
301,20.427,531.855,592.126
302,20.406,532.390,592.381
303,20.385,532.926,592.632
304,20.364,533.462,592.882
305,20.342,533.997,593.136
306,20.321,534.532,593.383
307,20.299,535.067,593.636
308,20.277,535.602,593.885
309,20.255,536.137,594.133
310,20.233,536.672,594.384
311,20.211,537.207,594.629
312,20.188,537.740,594.880
313,20.165,538.274,595.126
314,20.143,538.808,595.374
315,20.120,539.341,595.621
316,20.097,539.875,595.866
317,20.073,540.407,596.115
318,20.050,540.939,596.357
319,20.027,541.471,596.604
320,20.003,542.003,596.848
321,19.979,542.533,597.091
322,19.955,543.064,597.337
323,19.931,543.594,597.577
324,19.906,544.124,597.822
325,19.882,544.653,598.064
326,19.857,545.182,598.305
327,19.833,545.710,598.549
328,19.808,546.237,598.787
329,19.783,546.764,599.030
330,19.757,547.290,599.269
331,19.732,547.816,599.508
332,19.706,548.341,599.749
333,19.681,548.865,599.985
334,19.655,549.390,600.225
335,19.629,549.913,600.463
336,19.602,550.435,600.698
337,19.576,550.956,600.939
338,19.550,551.477,601.173
339,19.523,551.997,601.409
340,19.496,552.516,601.646
341,19.469,553.035,601.879
342,19.442,553.552,602.115
343,19.415,554.069,602.349
344,19.387,554.585,602.581
345,19.360,555.100,602.817
346,19.332,555.615,603.048
347,19.304,556.127,603.280
348,19.276,556.640,603.514
349,19.248,557.151,603.743
350,19.220,557.661,603.974
351,19.191,558.171,604.205
352,19.163,558.679,604.433
353,19.134,559.186,604.664
354,19.105,559.692,604.893
355,19.076,560.197,605.120
356,19.047,560.701,605.349
357,19.017,561.204,605.575
358,18.988,561.705,605.801
359,18.958,562.206,606.029
360,18.929,562.705,606.254
361,18.899,563.203,606.478
362,18.869,563.700,606.705
363,18.839,564.195,606.927
364,18.809,564.690,607.150
365,18.778,565.182,607.375
366,18.748,565.675,607.597
367,18.717,566.165,607.817
368,18.686,566.654,608.040
369,18.655,567.141,608.260
370,18.624,567.628,608.479
371,18.593,568.112,608.699
372,18.562,568.595,608.918
373,18.531,569.077,609.135
374,18.499,569.558,609.354
375,18.468,570.036,609.572
376,18.436,570.514,609.786
377,18.404,570.989,610.004
378,18.372,571.464,610.219
379,18.340,571.937,610.432
380,18.308,572.407,610.648
381,18.276,572.877,610.861
382,18.244,573.345,611.073
383,18.211,573.811,611.287
384,18.179,574.275,611.496
385,18.146,574.738,611.709
386,18.113,575.199,611.919
387,18.081,575.658,612.127
388,18.048,576.115,612.338
389,18.015,576.571,612.543
390,17.982,577.025,612.752
391,17.949,577.476,612.959
392,17.915,577.926,613.163
393,17.882,578.374,613.370
394,17.849,578.820,613.572
395,17.815,579.264,613.779
396,17.782,579.706,613.979
397,17.748,580.147,614.183
398,17.714,580.585,614.383
399,17.680,581.021,614.584
400,17.646,581.456,614.784
401,17.613,581.888,614.982
402,17.578,582.318,615.181
403,17.544,582.746,615.377
404,17.510,583.172,615.575
405,17.476,583.596,615.768
406,17.442,584.018,615.965
407,17.407,584.436,616.157
408,17.373,584.854,616.352
409,17.338,585.268,616.541
410,17.304,585.681,616.735
411,17.269,586.091,616.923
412,17.234,586.500,617.114
413,17.200,586.906,617.299
414,17.165,587.309,617.489
415,17.130,587.710,617.673
416,17.095,588.109,617.860
417,17.060,588.505,618.042
418,17.025,588.899,618.227
419,16.990,589.290,618.408
420,16.955,589.679,618.591
421,16.920,590.066,618.768
422,16.885,590.450,618.950
423,16.849,590.832,619.126
424,16.814,591.211,619.305
425,16.779,591.587,619.478
426,16.743,591.961,619.655
427,16.708,592.332,619.828
428,16.672,592.702,620.003
429,16.637,593.068,620.172
430,16.602,593.432,620.345
431,16.566,593.793,620.513
432,16.530,594.152,620.683
433,16.495,594.507,620.848
434,16.459,594.861,621.017
435,16.424,595.212,621.180
436,16.388,595.560,621.346
437,16.352,595.905,621.507
438,16.317,596.249,621.671
439,16.281,596.589,621.830
440,16.245,596.926,621.991
441,16.210,597.261,622.148
442,16.174,597.593,622.308
443,16.138,597.922,622.462
444,16.103,598.250,622.619
445,16.067,598.574,622.772
446,16.031,598.895,622.926
447,15.996,599.214,623.076
448,15.960,599.530,623.229
449,15.924,599.843,623.376
450,15.889,600.154,623.526
451,15.853,600.462,623.672
452,15.818,600.766,623.819
453,15.782,601.069,623.962
454,15.747,601.369,624.108
455,15.711,601.666,624.249
456,15.676,601.960,624.392
457,15.640,602.252,624.530
458,15.605,602.541,624.671
459,15.569,602.827,624.808
460,15.534,603.111,624.946
461,15.499,603.392,625.079
462,15.463,603.670,625.216
463,15.428,603.946,625.347
464,15.393,604.219,625.481
465,15.358,604.489,625.610
466,15.323,604.757,625.742
467,15.288,605.022,625.869
468,15.253,605.284,625.998
469,15.218,605.544,626.123
470,15.183,605.801,626.249
471,15.148,606.055,626.372
472,15.114,606.307,626.496
473,15.079,606.557,626.617
474,15.044,606.803,626.739
475,15.010,607.048,626.857
476,14.975,607.290,626.977
477,14.941,607.528,627.093
478,14.907,607.765,627.211
479,14.873,607.999,627.324
480,14.838,608.231,627.439
481,14.804,608.460,627.551
482,14.770,608.686,627.664
483,14.736,608.911,627.773
484,14.703,609.133,627.884
485,14.669,609.352,627.992
486,14.635,609.569,628.100
487,14.602,609.783,628.205
488,14.568,609.996,628.312
489,14.535,610.206,628.415
490,14.502,610.413,628.519
491,14.469,610.619,628.620
492,14.435,610.821,628.723
493,14.402,611.022,628.822
494,14.370,611.221,628.922
495,14.337,611.416,629.019
496,14.304,611.611,629.117
497,14.272,611.802,629.212
498,14.239,611.992,629.308
499,14.207,612.179,629.402
500,14.174,612.365,629.496
501,14.142,612.548,629.587
502,14.110,612.729,629.679
503,14.078,612.908,629.769
504,14.046,613.085,629.859
505,14.015,613.260,629.947
506,13.983,613.433,630.035
507,13.952,613.604,630.121
508,13.920,613.773,630.207
509,13.889,613.940,630.292
510,13.858,614.106,630.376
511,13.827,614.269,630.458
512,13.796,614.430,630.542
513,13.765,614.589,630.623
514,13.734,614.748,630.703
515,13.704,614.903,630.783
516,13.673,615.058,630.863
517,13.643,615.210,630.940
518,13.612,615.361,631.017
519,13.582,615.510,631.094
520,13.552,615.657,631.170
521,13.522,615.802,631.244
522,13.492,615.946,631.319
523,13.463,616.089,631.392
524,13.433,616.229,631.465
525,13.404,616.369,631.537
526,13.374,616.506,631.609
527,13.345,616.642,631.678
528,13.316,616.777,631.749
529,13.287,616.910,631.818
530,13.258,617.042,631.886
531,13.229,617.172,631.954
532,13.200,617.300,632.021
533,13.172,617.428,632.087
534,13.143,617.553,632.153
535,13.115,617.678,632.218
536,13.087,617.801,632.283
537,13.059,617.923,632.347
538,13.031,618.043,632.411
539,13.003,618.163,632.473
540,12.975,618.281,632.535
541,12.947,618.397,632.596
542,12.920,618.513,632.658
543,12.892,618.628,632.718
544,12.865,618.741,632.778
545,12.838,618.853,632.838
546,12.810,618.964,632.897
547,12.783,619.074,632.955
548,12.756,619.182,633.013
549,12.730,619.290,633.070
550,12.703,619.396,633.127
551,12.676,619.502,633.183
552,12.650,619.606,633.239
553,12.623,619.710,633.294
554,12.597,619.812,633.349
555,12.571,619.914,633.404
556,12.545,620.014,633.458
557,12.519,620.113,633.510
558,12.493,620.212,633.564
559,12.467,620.309,633.616
560,12.441,620.406,633.669
561,12.416,620.502,633.720
562,12.390,620.597,633.772
563,12.365,620.691,633.822
564,12.340,620.785,633.873
565,12.314,620.877,633.923
566,12.289,620.968,633.973
567,12.264,621.059,634.022
568,12.239,621.148,634.071
569,12.215,621.238,634.120
570,12.190,621.326,634.168
571,12.165,621.414,634.216
572,12.141,621.501,634.264
573,12.116,621.588,634.312
574,12.092,621.673,634.358
575,12.068,621.758,634.405
576,12.043,621.842,634.451
577,12.019,621.925,634.497
578,11.995,622.009,634.543
579,11.972,622.091,634.589
580,11.948,622.173,634.634
581,11.924,622.254,634.679
582,11.900,622.335,634.724
583,11.877,622.414,634.768
584,11.853,622.494,634.812
585,11.830,622.573,634.856
586,11.807,622.651,634.900
587,11.784,622.729,634.943
588,11.760,622.807,634.987
589,11.737,622.883,635.030
590,11.714,622.960,635.073
591,11.692,623.036,635.115
592,11.669,623.111,635.158
593,11.646,623.186,635.201
594,11.624,623.261,635.242
595,11.601,623.334,635.284
596,11.579,623.408,635.326
597,11.556,623.481,635.367
598,11.534,623.554,635.409
599,11.512,623.626,635.450
600,11.490,623.699,635.490
601,11.468,623.771,635.531
602,11.446,623.842,635.572
603,11.424,623.912,635.613
604,11.402,623.983,635.653
605,11.380,624.053,635.693
606,11.358,624.123,635.733
607,11.337,624.192,635.773
608,11.315,624.262,635.812
609,11.294,624.331,635.852
610,11.272,624.399,635.892
611,11.251,624.467,635.932
612,11.230,624.536,635.970
613,11.209,624.603,636.010
614,11.188,624.671,636.049
615,11.167,624.738,636.087
616,11.146,624.805,636.126
617,11.125,624.872,636.165
618,11.104,624.938,636.204
619,11.083,625.004,636.243
620,11.063,625.070,636.281
621,11.042,625.135,636.319
622,11.022,625.201,636.357
623,11.001,625.266,636.395
624,10.981,625.330,636.433
625,10.960,625.395,636.471
626,10.940,625.460,636.509
627,10.920,625.524,636.547
628,10.900,625.588,636.585
629,10.880,625.652,636.623
630,10.860,625.716,636.660
631,10.840,625.780,636.698
632,10.820,625.843,636.736
633,10.800,625.906,636.773
634,10.781,625.970,636.810
635,10.761,626.032,636.847
636,10.741,626.095,636.885
637,10.722,626.158,636.922
638,10.702,626.220,636.959
639,10.683,626.282,636.996
640,10.664,626.344,637.033
641,10.644,626.407,637.071
642,10.625,626.469,637.108
643,10.606,626.531,637.144
644,10.587,626.592,637.181
645,10.568,626.653,637.219
646,10.549,626.715,637.255
647,10.530,626.777,637.292
648,10.511,626.837,637.329
649,10.492,626.899,637.366
650,10.473,626.960,637.402
651,10.455,627.021,637.439
652,10.436,627.081,637.477
653,10.418,627.142,637.513
654,10.399,627.203,637.550
655,10.381,627.263,637.586
656,10.362,627.324,637.623
657,10.344,627.384,637.660
658,10.326,627.444,637.696
659,10.307,627.505,637.733
660,10.289,627.565,637.770
661,10.271,627.625,637.806
662,10.253,627.685,637.843
663,10.235,627.746,637.879
664,10.217,627.805,637.917
665,10.199,627.865,637.953
666,10.181,627.925,637.989
667,10.164,627.985,638.026
668,10.146,628.045,638.063
669,10.128,628.104,638.099
670,10.111,628.164,638.136
671,10.093,628.224,638.173
672,10.076,628.283,638.210
673,10.058,628.342,638.246
674,10.041,628.402,638.283
675,10.023,628.462,638.319
676,10.006,628.521,638.356
677,9.989,628.581,638.393
678,9.972,628.640,638.430
679,9.955,628.700,638.466
680,9.938,628.759,638.503
681,9.921,628.818,638.540
682,9.904,628.878,638.577
683,9.887,628.937,638.613
684,9.870,628.996,638.650
685,9.853,629.056,638.688
686,9.836,629.115,638.724
687,9.819,629.174,638.761
688,9.803,629.234,638.798
689,9.786,629.293,638.836
690,9.770,629.352,638.873
691,9.753,629.412,638.909
692,9.737,629.471,638.946
693,9.720,629.530,638.983
694,9.704,629.590,639.021
695,9.688,629.649,639.058
696,9.671,629.709,639.095
697,9.655,629.768,639.132
698,9.639,629.828,639.170
699,9.623,629.887,639.207
700,9.607,629.946,639.244
701,9.591,630.006,639.282
702,9.575,630.065,639.319
703,9.559,630.125,639.356
704,9.543,630.185,639.394
705,9.527,630.245,639.431
706,9.512,630.303,639.469
707,9.496,630.364,639.507
708,9.480,630.423,639.545
709,9.465,630.483,639.581
710,9.449,630.543,639.620
711,9.434,630.602,639.658
712,9.418,630.662,639.696
713,9.403,630.722,639.733
714,9.387,630.782,639.771
715,9.372,630.842,639.809
716,9.357,630.902,639.847
717,9.341,630.962,639.885
718,9.326,631.022,639.923
719,9.311,631.082,639.962
720,9.296,631.143,640.000
721,9.281,631.203,640.038
722,9.266,631.263,640.076
723,9.251,631.324,640.115
724,9.236,631.383,640.153
725,9.221,631.444,640.192
726,9.207,631.504,640.230
727,9.192,631.565,640.269
728,9.177,631.626,640.308
729,9.163,631.686,640.346
730,9.148,631.748,640.385
731,9.133,631.808,640.423
732,9.119,631.869,640.462
733,9.104,631.930,640.501
734,9.090,631.991,640.541
735,9.076,632.052,640.579
736,9.061,632.113,640.618
737,9.047,632.174,640.658
738,9.033,632.236,640.696
739,9.019,632.297,640.736
740,9.004,632.358,640.775
741,8.990,632.420,640.814
742,8.976,632.482,640.854
743,8.962,632.544,640.893
744,8.948,632.605,640.933
745,8.934,632.667,640.973
746,8.921,632.729,641.012
747,8.907,632.791,641.052
748,8.893,632.853,641.092
749,8.879,632.915,641.132
750,8.866,632.977,641.172
751,8.852,633.040,641.212
752,8.838,633.102,641.252
753,8.825,633.164,641.292
754,8.811,633.227,641.332
755,8.798,633.290,641.373
756,8.785,633.352,641.413
757,8.771,633.415,641.453
758,8.758,633.478,641.494
759,8.745,633.541,641.534
760,8.731,633.604,641.575
761,8.718,633.667,641.615
762,8.705,633.731,641.656
763,8.692,633.794,641.697
764,8.679,633.858,641.738
765,8.666,633.921,641.779
766,8.653,633.985,641.820
767,8.640,634.049,641.860
768,8.627,634.113,641.902
769,8.615,634.177,641.943
770,8.602,634.241,641.985
771,8.589,634.305,642.026
772,8.577,634.369,642.068
773,8.564,634.433,642.109
774,8.551,634.498,642.151
775,8.539,634.563,642.192
776,8.526,634.628,642.234
777,8.514,634.692,642.275
778,8.502,634.757,642.318
779,8.489,634.823,642.359
780,8.477,634.887,642.401
781,8.465,634.953,642.444
782,8.453,635.018,642.486
783,8.440,635.083,642.528
784,8.428,635.149,642.571
785,8.416,635.215,642.612
786,8.404,635.281,642.655
787,8.392,635.346,642.698
788,8.380,635.412,642.740
789,8.369,635.478,642.783
790,8.357,635.545,642.826
791,8.345,635.611,642.869
792,8.333,635.678,642.912
793,8.322,635.744,642.954
794,8.310,635.811,642.997
795,8.298,635.878,643.041
796,8.287,635.945,643.084
797,8.275,636.012,643.127
798,8.264,636.080,643.171
799,8.252,636.146,643.214
800,8.241,636.214,643.258
801,8.230,636.281,643.301
802,8.218,636.349,643.345
803,8.207,636.417,643.389
804,8.196,636.485,643.432
805,8.185,636.553,643.476
806,8.174,636.622,643.520
807,8.163,636.689,643.564
808,8.152,636.758,643.609
809,8.141,636.826,643.653
810,8.130,636.895,643.697
811,8.119,636.964,643.741
812,8.108,637.033,643.786
813,8.098,637.102,643.830
814,8.087,637.171,643.875
815,8.076,637.241,643.920
816,8.066,637.310,643.964
817,8.055,637.379,644.009
818,8.044,637.449,644.054
819,8.034,637.519,644.099
820,8.024,637.589,644.144
821,8.013,637.659,644.189
822,8.003,637.729,644.234
823,7.993,637.799,644.280
824,7.982,637.870,644.325
825,7.972,637.940,644.370
826,7.962,638.011,644.416
827,7.952,638.082,644.461
828,7.942,638.153,644.507
829,7.932,638.224,644.553
830,7.922,638.295,644.599
831,7.912,638.367,644.644
832,7.902,638.438,644.690
833,7.892,638.510,644.736
834,7.883,638.581,644.782
835,7.873,638.653,644.828
836,7.863,638.725,644.875
837,7.853,638.797,644.921
838,7.844,638.870,644.967
839,7.834,638.942,645.014
840,7.825,639.015,645.061
841,7.815,639.088,645.107
842,7.806,639.160,645.153
843,7.797,639.233,645.200
844,7.787,639.306,645.247
845,7.778,639.379,645.294
846,7.769,639.452,645.341
847,7.760,639.526,645.388
848,7.751,639.599,645.435
849,7.742,639.673,645.482
850,7.733,639.747,645.529
851,7.724,639.820,645.576
852,7.715,639.895,645.624
853,7.706,639.969,645.671
854,7.697,640.043,645.718
855,7.688,640.118,645.766
856,7.680,640.192,645.813
857,7.671,640.267,645.861
858,7.662,640.341,645.909
859,7.654,640.416,645.956
860,7.645,640.492,646.004
861,7.637,640.566,646.052
862,7.628,640.642,646.100
863,7.620,640.717,646.148
864,7.612,640.792,646.196
865,7.603,640.868,646.243
866,7.595,640.944,646.292
867,7.587,641.019,646.340
868,7.579,641.095,646.388
869,7.571,641.172,646.437
870,7.562,641.248,646.485
871,7.554,641.324,646.533
872,7.546,641.401,646.582
873,7.539,641.477,646.630
874,7.531,641.554,646.678
875,7.523,641.630,646.727
876,7.515,641.707,646.776
877,7.507,641.783,646.824
878,7.500,641.860,646.872
879,7.492,641.938,646.921
880,7.485,642.015,646.970
881,7.477,642.092,647.018
882,7.470,642.169,647.067
883,7.462,642.246,647.116
884,7.455,642.324,647.165
885,7.447,642.401,647.214
886,7.440,642.480,647.262
887,7.433,642.557,647.311
888,7.426,642.635,647.360
889,7.418,642.713,647.409
890,7.411,642.791,647.458
891,7.404,642.869,647.507
892,7.397,642.947,647.556
893,7.390,643.025,647.605
894,7.383,643.103,647.654
895,7.377,643.182,647.703
896,7.370,643.260,647.752
897,7.363,643.339,647.801
898,7.356,643.417,647.850
899,7.350,643.495,647.899
900,7.343,643.574,647.948
901,7.336,643.653,647.997
902,7.330,643.731,648.046
903,7.323,643.810,648.095
904,7.317,643.889,648.144
905,7.311,643.968,648.193
906,7.304,644.046,648.242
907,7.298,644.125,648.291
908,7.292,644.204,648.340
909,7.285,644.283,648.389
910,7.279,644.362,648.437
911,7.273,644.440,648.486
912,7.267,644.519,648.535
913,7.261,644.598,648.584
914,7.255,644.677,648.632
915,7.249,644.756,648.681
916,7.243,644.834,648.730
917,7.237,644.914,648.779
918,7.232,644.992,648.828
919,7.226,645.071,648.876
920,7.220,645.149,648.924
921,7.215,645.228,648.973
922,7.209,645.307,649.021
923,7.203,645.385,649.069
924,7.198,645.464,649.117
925,7.192,645.543,649.166
926,7.187,645.621,649.214
927,7.181,645.700,649.261
928,7.176,645.778,649.309
929,7.171,645.857,649.357
930,7.166,645.935,649.404
931,7.160,646.013,649.452
932,7.155,646.090,649.500
933,7.150,646.168,649.547
934,7.145,646.246,649.595
935,7.140,646.324,649.642
936,7.135,646.401,649.689
937,7.130,646.478,649.736
938,7.125,646.556,649.783
939,7.120,646.633,649.830
940,7.115,646.710,649.876
941,7.111,646.787,649.923
942,7.106,646.864,649.969
943,7.101,646.940,650.016
944,7.097,647.016,650.061
945,7.092,647.093,650.108
946,7.087,647.168,650.153
947,7.083,647.244,650.199
948,7.078,647.320,650.245
949,7.074,647.395,650.290
950,7.069,647.471,650.335
951,7.065,647.545,650.380
952,7.061,647.620,650.425
953,7.056,647.694,650.469
954,7.052,647.768,650.514
955,7.048,647.842,650.558
956,7.044,647.916,650.602
957,7.040,647.989,650.646
958,7.036,648.062,650.690
959,7.031,648.136,650.733
960,7.027,648.208,650.776
961,7.023,648.280,650.819
962,7.019,648.353,650.862
963,7.016,648.424,650.905
964,7.012,648.495,650.947
965,7.008,648.566,650.989
966,7.004,648.637,651.032
967,7.000,648.707,651.074
968,6.997,648.777,651.115
969,6.993,648.846,651.156
970,6.989,648.916,651.197
971,6.985,648.984,651.238
972,6.982,649.053,651.278
973,6.978,649.121,651.319
974,6.975,649.188,651.358
975,6.971,649.255,651.398
976,6.968,649.322,651.438
977,6.964,649.388,651.477
978,6.961,649.454,651.515
979,6.958,649.520,651.554
980,6.954,649.585,651.592
981,6.951,649.649,651.630
982,6.948,649.713,651.668
983,6.944,649.776,651.705
984,6.941,649.839,651.742
985,6.938,649.902,651.779
986,6.935,649.963,651.815
987,6.932,650.025,651.851
988,6.929,650.086,651.887
989,6.926,650.146,651.923
990,6.922,650.207,651.957
991,6.919,650.265,651.993
992,6.916,650.325,652.027
993,6.913,650.382,652.061
994,6.911,650.440,652.095
995,6.908,650.497,652.128
996,6.905,650.554,652.162
997,6.902,650.609,652.194
998,6.899,650.664,652.226
999,6.896,650.719,652.258
1000,6.893,650.773,652.290
1001,6.891,650.826,652.322
1002,6.888,650.879,652.352
1003,6.885,650.932,652.383
1004,6.882,650.983,652.412
1005,6.880,651.034,652.442
1006,6.877,651.084,652.472
1007,6.874,651.133,652.501
1008,6.872,651.182,652.530
1009,6.869,651.230,652.558
1010,6.867,651.278,652.586
1011,6.864,651.325,652.613
1012,6.861,651.371,652.640
1013,6.859,651.416,652.667
1014,6.856,651.461,652.693
1015,6.854,651.506,652.719
1016,6.852,651.550,652.745
1017,6.849,651.592,652.770
1018,6.847,651.634,652.795
1019,6.844,651.676,652.819
1020,6.842,651.716,652.843
1021,6.839,651.756,652.866
1022,6.837,651.795,652.890
1023,6.835,651.834,652.912
1024,6.832,651.872,652.934
1025,6.830,651.909,652.956
1026,6.828,651.945,652.978
1027,6.825,651.981,652.999
1028,6.823,652.017,653.020
1029,6.821,652.051,653.040
1030,6.819,652.084,653.060
1031,6.816,652.118,653.080
1032,6.814,652.150,653.099
1033,6.812,652.182,653.117
1034,6.810,652.212,653.136
1035,6.807,652.243,653.154
1036,6.805,652.273,653.172
1037,6.803,652.301,653.189
1038,6.801,652.329,653.206
1039,6.799,652.358,653.222
1040,6.797,652.384,653.238
1041,6.794,652.410,653.255
1042,6.792,652.436,653.270
1043,6.790,652.462,653.285
1044,6.788,652.486,653.299
1045,6.786,652.509,653.313
1046,6.784,652.532,653.327
1047,6.782,652.555,653.342
1048,6.780,652.577,653.355
1049,6.778,652.598,653.368
1050,6.776,652.619,653.380
1051,6.774,652.639,653.393
1052,6.772,652.659,653.405
1053,6.770,652.678,653.416
1054,6.767,652.697,653.428
1055,6.765,652.715,653.439
1056,6.763,652.733,653.450
1057,6.761,652.749,653.460
1058,6.759,652.766,653.470
1059,6.757,652.782,653.480
1060,6.755,652.798,653.490
1061,6.753,652.813,653.499
1062,6.752,652.827,653.509
1063,6.750,652.841,653.518
1064,6.748,652.856,653.526
1065,6.746,652.869,653.534
1066,6.744,652.882,653.543
1067,6.742,652.895,653.551
1068,6.740,652.907,653.559
1069,6.738,652.919,653.566
1070,6.736,652.931,653.573
1071,6.734,652.943,653.580
1072,6.732,652.954,653.587
1073,6.730,652.964,653.595
1074,6.728,652.974,653.601
1075,6.726,652.984,653.608
1076,6.724,652.995,653.614
1077,6.723,653.004,653.620
1078,6.721,653.014,653.626
1079,6.719,653.023,653.631
1080,6.717,653.032,653.637
1081,6.715,653.041,653.643
1082,6.713,653.050,653.648
1083,6.711,653.058,653.653
1084,6.710,653.066,653.658
1085,6.708,653.074,653.664
1086,6.706,653.082,653.669
1087,6.704,653.090,653.673
1088,6.702,653.097,653.678
1089,6.700,653.105,653.682
1090,6.699,653.112,653.687
1091,6.697,653.119,653.691
1092,6.695,653.126,653.696
1093,6.693,653.133,653.701
1094,6.691,653.140,653.705
1095,6.690,653.146,653.709
1096,6.688,653.152,653.713
1097,6.686,653.159,653.717
1098,6.684,653.165,653.721
1099,6.683,653.171,653.724
1100,6.681,653.177,653.728
1101,6.679,653.183,653.732
1102,6.677,653.189,653.736
1103,6.676,653.195,653.740
1104,6.674,653.201,653.743
1105,6.672,653.206,653.746
1106,6.670,653.211,653.750
1107,6.669,653.217,653.753
1108,6.667,653.222,653.756
1109,6.665,653.228,653.760
1110,6.664,653.233,653.763
1111,6.662,653.238,653.766
1112,6.660,653.243,653.770
1113,6.658,653.248,653.773
1114,6.657,653.253,653.776
1115,6.655,653.258,653.779
1116,6.653,653.263,653.782
1117,6.652,653.267,653.785
1118,6.650,653.272,653.788
1119,6.648,653.276,653.790
1120,6.647,653.281,653.793
1121,6.645,653.285,653.796
1122,6.643,653.291,653.799
1123,6.642,653.295,653.802
1124,6.640,653.299,653.805
1125,6.639,653.303,653.808
1126,6.637,653.307,653.810
1127,6.635,653.311,653.813
1128,6.634,653.316,653.816
1129,6.632,653.321,653.818
1130,6.630,653.324,653.821
1131,6.629,653.328,653.823
1132,6.627,653.332,653.826
1133,6.626,653.336,653.828
1134,6.624,653.341,653.831
1135,6.623,653.345,653.833
1136,6.621,653.348,653.835
1137,6.619,653.352,653.839
1138,6.618,653.356,653.841
1139,6.616,653.361,653.843
1140,6.615,653.364,653.845
1141,6.613,653.368,653.848
1142,6.612,653.371,653.850
1143,6.610,653.375,653.852
1144,6.608,653.378,653.854
1145,6.607,653.383,653.857
1146,6.605,653.386,653.859
1147,6.604,653.390,653.862
1148,6.602,653.393,653.864
1149,6.601,653.397,653.866
1150,6.599,653.401,653.869
1151,6.598,653.404,653.871
1152,6.596,653.407,653.873
1153,6.595,653.411,653.875
1154,6.593,653.414,653.877
1155,6.592,653.418,653.879
1156,6.590,653.421,653.881
1157,6.589,653.425,653.884
1158,6.587,653.428,653.886
1159,6.586,653.431,653.888
1160,6.584,653.435,653.890
1161,6.583,653.438,653.892
1162,6.581,653.441,653.894
1163,6.580,653.444,653.896
1164,6.578,653.448,653.898
1165,6.577,653.451,653.900
1166,6.575,653.454,653.902
1167,6.574,653.457,653.905
1168,6.573,653.460,653.906
1169,6.571,653.464,653.909
1170,6.570,653.467,653.910
1171,6.568,653.470,653.912
1172,6.567,653.473,653.914
1173,6.565,653.476,653.916
1174,6.564,653.479,653.918
1175,6.562,653.482,653.920
1176,6.561,653.485,653.922
1177,6.560,653.488,653.924
1178,6.558,653.491,653.926
1179,6.557,653.494,653.927
1180,6.555,653.497,653.929
1181,6.554,653.500,653.931
1182,6.553,653.503,653.933
1183,6.551,653.506,653.935
1184,6.550,653.509,653.937
1185,6.548,653.512,653.939
1186,6.547,653.515,653.941
1187,6.546,653.518,653.943
1188,6.544,653.520,653.944
1189,6.543,653.523,653.946
1190,6.542,653.526,653.948
1191,6.540,653.529,653.949
1192,6.539,653.532,653.951
1193,6.537,653.535,653.953
1194,6.536,653.537,653.955
1195,6.535,653.540,653.956
1196,6.533,653.543,653.958
1197,6.532,653.545,653.960
1198,6.531,653.548,653.961
1199,6.529,653.551,653.963
1200,6.528,653.554,653.965
1201,6.527,653.557,653.967
1202,6.525,653.559,653.969
1203,6.524,653.562,653.970
1204,6.523,653.564,653.972
1205,6.521,653.567,653.974
1206,6.520,653.570,653.975
1207,6.519,653.572,653.977
1208,6.517,653.575,653.979
1209,6.516,653.578,653.980
1210,6.515,653.580,653.982
1211,6.513,653.583,653.983
1212,6.512,653.585,653.985
1213,6.511,653.588,653.986
1214,6.510,653.590,653.988
1215,6.508,653.593,653.990
1216,6.507,653.596,653.992
1217,6.506,653.598,653.993
1218,6.504,653.601,653.995
1219,6.503,653.603,653.996
1220,6.502,653.605,653.998
1221,6.501,653.608,653.999
1222,6.499,653.611,654.001
1223,6.498,653.613,654.002
1224,6.497,653.616,654.004
1225,6.496,653.618,654.005
1226,6.494,653.620,654.007
1227,6.493,653.622,654.008
1228,6.492,653.625,654.010
1229,6.491,653.628,654.012
1230,6.489,653.630,654.013
1231,6.488,653.632,654.015
1232,6.487,653.635,654.016
1233,6.486,653.637,654.018
1234,6.484,653.639,654.019
1235,6.483,653.641,654.020
1236,6.482,653.644,654.022
1237,6.481,653.646,654.023
1238,6.479,653.649,654.025
1239,6.478,653.651,654.026
1240,6.477,653.653,654.027
1241,6.476,653.655,654.029
1242,6.475,653.657,654.030
1243,6.473,653.660,654.032
1244,6.472,653.662,654.034
1245,6.471,653.664,654.035
1246,6.470,653.667,654.036
1247,6.469,653.669,654.038
1248,6.467,653.671,654.039
1249,6.466,653.674,654.041
1250,6.465,653.676,654.042
1251,6.464,653.678,654.043
1252,6.463,653.680,654.045
1253,6.461,653.682,654.046
1254,6.460,653.684,654.047
1255,6.459,653.686,654.048
1256,6.458,653.689,654.051
1257,6.457,653.691,654.052
1258,6.456,653.693,654.053
1259,6.454,653.695,654.054
1260,6.453,653.697,654.055
1261,6.452,653.699,654.057
1262,6.451,653.702,654.058
1263,6.450,653.704,654.059
1264,6.449,653.705,654.061
1265,6.447,653.707,654.062
1266,6.446,653.709,654.063
1267,6.445,653.711,654.064
1268,6.444,653.714,654.066
1269,6.443,653.716,654.068
1270,6.442,653.718,654.069
1271,6.441,653.720,654.070
1272,6.439,653.722,654.071
1273,6.438,653.723,654.072
1274,6.437,653.726,654.074
1275,6.436,653.728,654.075
1276,6.435,653.730,654.076
1277,6.434,653.732,654.077
1278,6.433,653.733,654.078
1279,6.432,653.735,654.080
1280,6.430,653.738,654.082
1281,6.429,653.740,654.083
1282,6.428,653.742,654.084
1283,6.427,653.743,654.085
1284,6.426,653.745,654.086
1285,6.425,653.748,654.088
1286,6.424,653.750,654.089
1287,6.423,653.751,654.090
1288,6.422,653.753,654.091
1289,6.421,653.755,654.092
1290,6.419,653.757,654.093
1291,6.418,653.759,654.095
1292,6.417,653.761,654.096
1293,6.416,653.763,654.097
1294,6.415,653.764,654.098
1295,6.414,653.766,654.099
1296,6.413,653.768,654.100
1297,6.412,653.770,654.102
1298,6.411,653.772,654.103
1299,6.410,653.774,654.104
1300,6.409,653.775,654.105
1301,6.408,653.777,654.106
1302,6.407,653.779,654.108
1303,6.405,653.781,654.109
1304,6.404,653.783,654.110
1305,6.403,653.784,654.111
1306,6.402,653.786,654.112
1307,6.401,653.788,654.113
1308,6.400,653.790,654.114
1309,6.399,653.792,654.115
1310,6.398,653.793,654.116
1311,6.397,653.795,654.117
1312,6.396,653.797,654.118
1313,6.395,653.799,654.120
1314,6.394,653.801,654.121
1315,6.393,653.802,654.122
1316,6.392,653.804,654.123
1317,6.391,653.805,654.124
1318,6.390,653.808,654.125
1319,6.389,653.809,654.126
1320,6.388,653.811,654.127
1321,6.387,653.812,654.128
1322,6.386,653.814,654.129
1323,6.385,653.816,654.131
1324,6.384,653.818,654.132
1325,6.383,653.819,654.133
1326,6.382,653.821,654.134
1327,6.381,653.822,654.135
1328,6.380,653.824,654.136
1329,6.379,653.826,654.137
1330,6.378,653.827,654.138
1331,6.377,653.829,654.139
1332,6.376,653.830,654.140
1333,6.375,653.833,654.142
1334,6.374,653.834,654.143
1335,6.373,653.836,654.143
1336,6.372,653.837,654.144
1337,6.371,653.839,654.145
1338,6.370,653.841,654.146
1339,6.369,653.842,654.147
1340,6.368,653.844,654.148
1341,6.367,653.845,654.149
1342,6.366,653.846,654.150
1343,6.365,653.849,654.152
1344,6.364,653.850,654.153
1345,6.363,653.851,654.154
1346,6.362,653.853,654.154
1347,6.361,653.854,654.155
1348,6.360,653.856,654.156
1349,6.359,653.858,654.157
1350,6.358,653.859,654.158
1351,6.357,653.861,654.159
1352,6.356,653.862,654.160
1353,6.355,653.864,654.162
1354,6.354,653.865,654.162
1355,6.353,653.867,654.163
1356,6.352,653.868,654.164
1357,6.351,653.869,654.165
1358,6.350,653.872,654.166
1359,6.349,653.873,654.167
1360,6.348,653.874,654.168
1361,6.347,653.876,654.169
1362,6.346,653.877,654.169
1363,6.346,653.879,654.171
1364,6.345,653.880,654.172
1365,6.344,653.882,654.173
1366,6.343,653.883,654.173
1367,6.342,653.885,654.174
1368,6.341,653.886,654.175
1369,6.340,653.887,654.176
1370,6.339,653.889,654.177
1371,6.338,653.890,654.178
1372,6.337,653.892,654.179
1373,6.336,653.893,654.180
1374,6.335,653.895,654.181
1375,6.334,653.896,654.182
1376,6.333,653.898,654.183
1377,6.332,653.899,654.183
1378,6.332,653.900,654.184
1379,6.331,653.902,654.185
1380,6.330,653.903,654.186
1381,6.329,653.905,654.187
1382,6.328,653.906,654.188
1383,6.327,653.907,654.189
1384,6.326,653.908,654.190
1385,6.325,653.910,654.191
1386,6.324,653.912,654.191
1387,6.323,653.913,654.192
1388,6.322,653.914,654.193
1389,6.322,653.915,654.194
1390,6.321,653.917,654.195
1391,6.320,653.918,654.196
1392,6.319,653.919,654.197
1393,6.318,653.921,654.197
1394,6.317,653.922,654.198
1395,6.316,653.924,654.199
1396,6.315,653.925,654.200
1397,6.314,653.926,654.201
1398,6.314,653.927,654.201
1399,6.313,653.929,654.203
1400,6.312,653.930,654.204
1401,6.311,653.931,654.204
1402,6.310,653.932,654.205
1403,6.309,653.934,654.206
1404,6.308,653.935,654.207
1405,6.307,653.937,654.207
1406,6.307,653.938,654.208
1407,6.306,653.939,654.209
1408,6.305,653.941,654.210
1409,6.304,653.942,654.211
1410,6.303,653.943,654.212
1411,6.302,653.944,654.212
1412,6.301,653.946,654.213
1413,6.300,653.947,654.214
1414,6.300,653.948,654.215
1415,6.299,653.949,654.215
1416,6.298,653.951,654.217
1417,6.297,653.952,654.217
1418,6.296,653.953,654.218
1419,6.295,653.954,654.219
1420,6.295,653.956,654.220
1421,6.294,653.957,654.220
1422,6.293,653.958,654.221
1423,6.292,653.959,654.222
1424,6.291,653.961,654.223
1425,6.290,653.962,654.224
1426,6.289,653.963,654.224
1427,6.289,653.964,654.225
1428,6.288,653.966,654.226
1429,6.287,653.967,654.226
1430,6.286,653.968,654.227
1431,6.285,653.969,654.228
1432,6.284,653.970,654.229
1433,6.284,653.971,654.230
1434,6.283,653.972,654.230
1435,6.282,653.973,654.231
1436,6.281,653.975,654.232
1437,6.280,653.976,654.233
1438,6.279,653.977,654.233
1439,6.279,653.978,654.234
1440,6.278,653.979,654.235
1441,6.277,653.981,654.236
1442,6.276,653.982,654.236
1443,6.275,653.983,654.237
1444,6.275,653.984,654.238
1445,6.274,653.985,654.238
1446,6.273,653.986,654.239
1447,6.272,653.987,654.240
1448,6.271,653.988,654.240
1449,6.270,653.990,654.242
1450,6.270,653.991,654.242
1451,6.269,653.992,654.243
1452,6.268,653.993,654.244
1453,6.267,653.994,654.244
1454,6.266,653.995,654.245
1455,6.266,653.996,654.246
1456,6.265,653.997,654.246
1457,6.264,653.999,654.247
1458,6.263,654.000,654.248
1459,6.262,654.001,654.249
1460,6.262,654.002,654.249
1461,6.261,654.003,654.250
1462,6.260,654.004,654.250
1463,6.259,654.005,654.251
1464,6.259,654.006,654.252
1465,6.258,654.008,654.253
1466,6.257,654.009,654.253
1467,6.256,654.010,654.254
1468,6.255,654.011,654.255
1469,6.255,654.012,654.255
1470,6.254,654.013,654.256
1471,6.253,654.014,654.257
1472,6.252,654.015,654.258
1473,6.251,654.016,654.258
1474,6.251,654.017,654.259
1475,6.250,654.018,654.259
1476,6.249,654.019,654.260
1477,6.248,654.020,654.261
1478,6.248,654.021,654.261
1479,6.247,654.022,654.262
1480,6.246,654.024,654.263
1481,6.245,654.024,654.264
1482,6.245,654.025,654.264
1483,6.244,654.026,654.265
1484,6.243,654.028,654.265
1485,6.242,654.029,654.266
1486,6.241,654.029,654.267
1487,6.241,654.030,654.267
1488,6.240,654.032,654.268
1489,6.239,654.033,654.269
1490,6.238,654.033,654.269
1491,6.238,654.035,654.270
1492,6.237,654.036,654.271
1493,6.236,654.037,654.271
1494,6.235,654.037,654.272
1495,6.235,654.039,654.273
1496,6.234,654.040,654.273
1497,6.233,654.041,654.274
1498,6.232,654.041,654.274
1499,6.232,654.043,654.275
1500,6.231,654.044,654.276
1501,6.230,654.044,654.276
1502,6.229,654.046,654.277
1503,6.229,654.047,654.278
1504,6.228,654.047,654.278
1505,6.227,654.048,654.279
1506,6.227,654.050,654.279
1507,6.226,654.050,654.280
1508,6.225,654.051,654.280
1509,6.224,654.052,654.281
1510,6.224,654.053,654.282
1511,6.223,654.054,654.283
1512,6.222,654.055,654.283
1513,6.221,654.056,654.284
1514,6.221,654.057,654.284
1515,6.220,654.058,654.285
1516,6.219,654.059,654.285
1517,6.218,654.060,654.286
1518,6.218,654.061,654.287
1519,6.217,654.062,654.287
1520,6.216,654.062,654.288
1521,6.216,654.064,654.288
1522,6.215,654.065,654.289
1523,6.214,654.065,654.289
1524,6.213,654.067,654.290
1525,6.213,654.067,654.291
1526,6.212,654.068,654.291
1527,6.211,654.069,654.292
1528,6.211,654.070,654.293
1529,6.210,654.071,654.293
1530,6.209,654.072,654.294
1531,6.208,654.073,654.295
1532,6.208,654.074,654.295
1533,6.207,654.075,654.296
1534,6.206,654.075,654.296
1535,6.206,654.076,654.297
1536,6.205,654.077,654.297
1537,6.204,654.078,654.298
1538,6.204,654.079,654.299
1539,6.203,654.080,654.299
1540,6.202,654.081,654.300
1541,6.201,654.082,654.300
1542,6.201,654.083,654.301
1543,6.200,654.083,654.301
1544,6.199,654.084,654.302
1545,6.199,654.085,654.302
1546,6.198,654.086,654.303
1547,6.197,654.087,654.303
1548,6.197,654.088,654.304
1549,6.196,654.089,654.304
1550,6.195,654.090,654.305
1551,6.195,654.090,654.305
1552,6.194,654.091,654.306
1553,6.193,654.092,654.307
1554,6.192,654.093,654.307
1555,6.192,654.094,654.308
1556,6.191,654.095,654.308
1557,6.190,654.095,654.309
1558,6.190,654.096,654.309
1559,6.189,654.097,654.310
1560,6.188,654.098,654.311
1561,6.188,654.099,654.311
1562,6.187,654.100,654.312
1563,6.186,654.101,654.312
1564,6.186,654.101,654.312
1565,6.185,654.102,654.313
1566,6.184,654.103,654.314
1567,6.184,654.104,654.314
1568,6.183,654.105,654.315
1569,6.182,654.106,654.315
1570,6.182,654.106,654.316
1571,6.181,654.107,654.316
1572,6.180,654.108,654.317
1573,6.180,654.109,654.317
1574,6.179,654.110,654.318
1575,6.178,654.110,654.318
1576,6.178,654.111,654.319
1577,6.177,654.112,654.319
1578,6.176,654.113,654.320
1579,6.176,654.114,654.321
1580,6.175,654.114,654.321
1581,6.174,654.115,654.322
1582,6.174,654.116,654.322
1583,6.173,654.117,654.322
1584,6.172,654.118,654.323
1585,6.172,654.118,654.323
1586,6.171,654.119,654.324
1587,6.170,654.120,654.325
1588,6.170,654.121,654.325
1589,6.169,654.122,654.325
1590,6.168,654.122,654.326
1591,6.168,654.123,654.326
1592,6.167,654.124,654.327
1593,6.167,654.125,654.328
1594,6.166,654.125,654.328
1595,6.165,654.126,654.328
1596,6.165,654.127,654.329
1597,6.164,654.128,654.329
1598,6.163,654.128,654.330
1599,6.163,654.129,654.331
1600,6.162,654.130,654.331
1601,6.161,654.131,654.331
1602,6.161,654.132,654.332
1603,6.160,654.132,654.332
1604,6.159,654.133,654.333
1605,6.159,654.134,654.333
1606,6.158,654.135,654.334
1607,6.158,654.135,654.334
1608,6.157,654.136,654.335
1609,6.156,654.137,654.335
1610,6.156,654.138,654.336
1611,6.155,654.138,654.336
1612,6.154,654.139,654.337
1613,6.154,654.140,654.337
1614,6.153,654.140,654.338
1615,6.153,654.141,654.338
1616,6.152,654.142,654.338
1617,6.151,654.143,654.339
1618,6.151,654.144,654.340
1619,6.150,654.144,654.340
1620,6.149,654.145,654.340
1621,6.149,654.145,654.341
1622,6.148,654.146,654.341
1623,6.148,654.147,654.342
1624,6.147,654.148,654.342
1625,6.146,654.149,654.343
1626,6.146,654.149,654.343
1627,6.145,654.150,654.344
1628,6.144,654.151,654.344
1629,6.144,654.151,654.344
1630,6.143,654.152,654.345
1631,6.143,654.153,654.346
1632,6.142,654.153,654.346
1633,6.141,654.154,654.346
1634,6.141,654.155,654.347
1635,6.140,654.156,654.347
1636,6.140,654.156,654.348
1637,6.139,654.157,654.348
1638,6.138,654.158,654.349
1639,6.138,654.158,654.349
1640,6.137,654.159,654.349
1641,6.137,654.160,654.350
1642,6.136,654.160,654.350
1643,6.135,654.161,654.351
1644,6.135,654.162,654.351
1645,6.134,654.162,654.352
1646,6.134,654.163,654.352
1647,6.133,654.164,654.353
1648,6.132,654.164,654.353
1649,6.132,654.165,654.353
1650,6.131,654.166,654.354
1651,6.131,654.167,654.354
1652,6.130,654.167,654.355
1653,6.129,654.168,654.355
1654,6.129,654.169,654.356
1655,6.128,654.169,654.356
1656,6.128,654.170,654.357
1657,6.127,654.171,654.357
1658,6.126,654.171,654.357
1659,6.126,654.172,654.358
1660,6.125,654.173,654.358
1661,6.125,654.173,654.358
1662,6.124,654.174,654.359
1663,6.123,654.175,654.360
1664,6.123,654.175,654.360
1665,6.122,654.176,654.360
1666,6.122,654.177,654.361
1667,6.121,654.177,654.361
1668,6.120,654.178,654.362
1669,6.120,654.178,654.362
1670,6.119,654.179,654.362
1671,6.119,654.180,654.363
1672,6.118,654.180,654.363
1673,6.118,654.181,654.363
1674,6.117,654.182,654.364
1675,6.116,654.182,654.364
1676,6.116,654.183,654.365
1677,6.115,654.184,654.365
1678,6.115,654.184,654.366
1679,6.114,654.185,654.366
1680,6.114,654.186,654.367
1681,6.113,654.186,654.367
1682,6.112,654.187,654.367
1683,6.112,654.187,654.368
1684,6.111,654.188,654.368
1685,6.111,654.189,654.368
1686,6.110,654.189,654.369
1687,6.110,654.190,654.369
1688,6.109,654.190,654.370
1689,6.108,654.191,654.370
1690,6.108,654.192,654.370
1691,6.107,654.192,654.371
1692,6.107,654.193,654.371
1693,6.106,654.194,654.372
1694,6.106,654.194,654.372
1695,6.105,654.195,654.372
1696,6.104,654.195,654.373
1697,6.104,654.196,654.373
1698,6.103,654.197,654.374
1699,6.103,654.197,654.374
1700,6.102,654.198,654.374
1701,6.102,654.199,654.375
1702,6.101,654.199,654.375
1703,6.101,654.200,654.375
1704,6.100,654.200,654.376
1705,6.099,654.201,654.376
1706,6.099,654.201,654.377
1707,6.098,654.202,654.377
1708,6.098,654.203,654.377
1709,6.097,654.203,654.378
1710,6.097,654.204,654.378
1711,6.096,654.204,654.379
1712,6.096,654.205,654.379
1713,6.095,654.206,654.379
1714,6.094,654.206,654.380
1715,6.094,654.207,654.380
1716,6.093,654.207,654.381
1717,6.093,654.208,654.381
1718,6.092,654.209,654.381
1719,6.092,654.209,654.382
1720,6.091,654.210,654.382
1721,6.091,654.210,654.382
1722,6.090,654.211,654.383
1723,6.090,654.211,654.383
1724,6.089,654.212,654.383
1725,6.088,654.213,654.384
1726,6.088,654.213,654.384
1727,6.087,654.214,654.385
1728,6.087,654.214,654.385
1729,6.086,654.215,654.385
1730,6.086,654.215,654.386
1731,6.085,654.216,654.386
1732,6.085,654.216,654.386
1733,6.084,654.217,654.387
1734,6.084,654.218,654.387
1735,6.083,654.218,654.387
1736,6.083,654.219,654.388
1737,6.082,654.219,654.388
1738,6.081,654.220,654.389
1739,6.081,654.220,654.389
1740,6.080,654.221,654.389
1741,6.080,654.222,654.390
1742,6.079,654.222,654.390
1743,6.079,654.223,654.390
1744,6.078,654.223,654.391
1745,6.078,654.224,654.391
1746,6.077,654.224,654.391
1747,6.077,654.225,654.392
1748,6.076,654.225,654.392
1749,6.076,654.226,654.392
1750,6.075,654.227,654.393
1751,6.075,654.227,654.393
1752,6.074,654.227,654.393
1753,6.074,654.228,654.394
1754,6.073,654.229,654.394
1755,6.073,654.229,654.395
1756,6.072,654.230,654.395
1757,6.071,654.230,654.395
1758,6.071,654.231,654.395
1759,6.070,654.231,654.396
1760,6.070,654.232,654.396
1761,6.069,654.232,654.397
1762,6.069,654.233,654.397
1763,6.068,654.233,654.397
1764,6.068,654.234,654.398
1765,6.067,654.234,654.398
1766,6.067,654.235,654.398
1767,6.066,654.236,654.399
1768,6.066,654.236,654.399
1769,6.065,654.237,654.399
1770,6.065,654.237,654.400
1771,6.064,654.238,654.400
1772,6.064,654.238,654.400
1773,6.063,654.239,654.401
1774,6.063,654.239,654.401
1775,6.062,654.240,654.401
1776,6.062,654.240,654.401
1777,6.061,654.241,654.402
1778,6.061,654.241,654.402
1779,6.060,654.242,654.403
1780,6.060,654.242,654.403
1781,6.059,654.243,654.403
1782,6.059,654.243,654.403
1783,6.058,654.244,654.404
1784,6.058,654.244,654.404
1785,6.057,654.245,654.405
1786,6.057,654.245,654.405
1787,6.056,654.246,654.405
1788,6.056,654.246,654.405
1789,6.055,654.247,654.406
1790,6.055,654.247,654.406
1791,6.054,654.248,654.406
1792,6.054,654.248,654.407
1793,6.053,654.249,654.407
1794,6.053,654.249,654.408
1795,6.052,654.250,654.408
1796,6.052,654.250,654.408
1797,6.051,654.251,654.408
1798,6.051,654.251,654.409
1799,6.050,654.252,654.409
1800,6.050,654.252,654.409
1801,6.049,654.253,654.410
1802,6.049,654.253,654.410
1803,6.048,654.254,654.410
1804,6.048,654.254,654.410
1805,6.047,654.255,654.411
1806,6.047,654.255,654.411
1807,6.046,654.256,654.411
1808,6.046,654.256,654.412
1809,6.045,654.257,654.412
1810,6.045,654.257,654.413
1811,6.044,654.258,654.413
1812,6.044,654.258,654.413
1813,6.043,654.259,654.413
1814,6.043,654.259,654.414
1815,6.042,654.260,654.414
1816,6.042,654.260,654.414
1817,6.041,654.260,654.415
1818,6.041,654.261,654.415
1819,6.040,654.261,654.415
1820,6.040,654.262,654.415
1821,6.039,654.262,654.416
1822,6.039,654.263,654.416
1823,6.038,654.263,654.416
1824,6.038,654.264,654.417
1825,6.037,654.264,654.417
1826,6.037,654.265,654.417
1827,6.037,654.265,654.418
1828,6.036,654.266,654.418
1829,6.036,654.266,654.418
1830,6.035,654.267,654.418
1831,6.035,654.267,654.419
1832,6.034,654.268,654.419
1833,6.034,654.268,654.419
1834,6.033,654.269,654.420
1835,6.033,654.269,654.420
1836,6.032,654.269,654.420
1837,6.032,654.270,654.421
1838,6.031,654.270,654.421
1839,6.031,654.271,654.421
1840,6.030,654.271,654.421
1841,6.030,654.272,654.422
1842,6.029,654.272,654.422
1843,6.029,654.273,654.422
1844,6.028,654.273,654.423
1845,6.028,654.273,654.423
1846,6.027,654.274,654.423
1847,6.027,654.274,654.424
1848,6.027,654.275,654.424
1849,6.026,654.275,654.424
1850,6.026,654.276,654.424
1851,6.025,654.276,654.425
1852,6.025,654.277,654.425
1853,6.024,654.277,654.425
1854,6.024,654.277,654.426
1855,6.023,654.278,654.426
1856,6.023,654.278,654.426
1857,6.022,654.279,654.426
1858,6.022,654.279,654.427
1859,6.021,654.280,654.427
1860,6.021,654.280,654.427
1861,6.021,654.281,654.427
1862,6.020,654.281,654.428
1863,6.020,654.281,654.428
1864,6.019,654.282,654.428
1865,6.019,654.282,654.429
1866,6.018,654.283,654.429
1867,6.018,654.283,654.429
1868,6.017,654.284,654.430
1869,6.017,654.284,654.430
1870,6.016,654.285,654.430
1871,6.016,654.285,654.430
1872,6.015,654.285,654.430
1873,6.015,654.286,654.431
1874,6.015,654.286,654.431
1875,6.014,654.286,654.431
1876,6.014,654.287,654.432
1877,6.013,654.287,654.432
1878,6.013,654.288,654.432
1879,6.012,654.288,654.432
1880,6.012,654.289,654.433
1881,6.011,654.289,654.433
1882,6.011,654.289,654.433
1883,6.010,654.290,654.434
1884,6.010,654.290,654.434
1885,6.010,654.291,654.434
1886,6.009,654.291,654.434
1887,6.009,654.292,654.434
1888,6.008,654.292,654.435
1889,6.008,654.292,654.435
1890,6.007,654.293,654.435
1891,6.007,654.293,654.436
1892,6.006,654.294,654.436
1893,6.006,654.294,654.436
1894,6.006,654.295,654.436
1895,6.005,654.295,654.437
1896,6.005,654.295,654.437
1897,6.004,654.296,654.437
1898,6.004,654.296,654.438
1899,6.003,654.297,654.438
1900,6.003,654.297,654.438
1901,6.002,654.297,654.438
1902,6.002,654.298,654.438
1903,6.002,654.298,654.439
1904,6.001,654.299,654.439
1905,6.001,654.299,654.439
1906,6.000,654.299,654.440
1907,6.000,654.300,654.440
1908,5.999,654.300,654.440
1909,5.999,654.301,654.440
1910,5.999,654.301,654.441
1911,5.998,654.301,654.441
1912,5.998,654.302,654.441
1913,5.997,654.302,654.441
1914,5.997,654.303,654.442
1915,5.996,654.303,654.442
1916,5.996,654.303,654.442
1917,5.995,654.304,654.442
1918,5.995,654.304,654.443
1919,5.995,654.305,654.443
1920,5.994,654.305,654.443
1921,5.994,654.305,654.443
1922,5.993,654.306,654.444
1923,5.993,654.306,654.444
1924,5.992,654.306,654.444
1925,5.992,654.307,654.444
1926,5.992,654.307,654.445
1927,5.991,654.308,654.445
1928,5.991,654.308,654.445
1929,5.990,654.308,654.445
1930,5.990,654.309,654.446
1931,5.989,654.309,654.446
1932,5.989,654.310,654.446
1933,5.989,654.310,654.446
1934,5.988,654.310,654.447
1935,5.988,654.311,654.447
1936,5.987,654.311,654.447
1937,5.987,654.311,654.447
1938,5.986,654.312,654.448
1939,5.986,654.312,654.448
1940,5.986,654.313,654.448
1941,5.985,654.313,654.448
1942,5.985,654.313,654.448
1943,5.984,654.314,654.449
1944,5.984,654.314,654.449
1945,5.983,654.315,654.449
1946,5.983,654.315,654.449
1947,5.983,654.315,654.450
1948,5.982,654.316,654.450
1949,5.982,654.316,654.450
1950,5.981,654.316,654.450
1951,5.981,654.317,654.451
1952,5.981,654.317,654.451
1953,5.980,654.318,654.451
1954,5.980,654.318,654.451
1955,5.979,654.318,654.452
1956,5.979,654.319,654.452
1957,5.978,654.319,654.452
1958,5.978,654.319,654.452
1959,5.978,654.320,654.453
1960,5.977,654.320,654.453
1961,5.977,654.320,654.453
1962,5.976,654.321,654.453
1963,5.976,654.321,654.454
1964,5.976,654.321,654.454
1965,5.975,654.322,654.454
1966,5.975,654.322,654.454
1967,5.974,654.323,654.455
1968,5.974,654.323,654.455
1969,5.973,654.323,654.455
1970,5.973,654.324,654.455
1971,5.973,654.324,654.455
1972,5.972,654.324,654.456
1973,5.972,654.325,654.456
1974,5.971,654.325,654.456
1975,5.971,654.325,654.456
1976,5.971,654.326,654.456
1977,5.970,654.326,654.457
1978,5.970,654.326,654.457
1979,5.969,654.327,654.457
1980,5.969,654.327,654.457
1981,5.969,654.327,654.458
1982,5.968,654.328,654.458
1983,5.968,654.328,654.458
1984,5.967,654.329,654.458
1985,5.967,654.329,654.459
1986,5.967,654.329,654.459
1987,5.966,654.330,654.459
1988,5.966,654.330,654.459
1989,5.965,654.330,654.459
1990,5.965,654.331,654.460
1991,5.965,654.331,654.460
1992,5.964,654.331,654.460
1993,5.964,654.332,654.460
1994,5.963,654.332,654.461
1995,5.963,654.332,654.461
1996,5.963,654.333,654.461
1997,5.962,654.333,654.461
1998,5.962,654.334,654.461
1999,5.961,654.334,654.462
2000,5.961,654.334,654.462
2001,5.961,654.334,654.462
2002,5.960,654.335,654.462
2003,5.960,654.335,654.463
2004,5.959,654.335,654.463
2005,5.959,654.336,654.463
2006,5.959,654.336,654.463
2007,5.958,654.336,654.463
2008,5.958,654.337,654.464
2009,5.957,654.337,654.464
2010,5.957,654.338,654.464
2011,5.957,654.338,654.464
2012,5.956,654.338,654.465
2013,5.956,654.339,654.465
2014,5.955,654.339,654.465
2015,5.955,654.339,654.465
2016,5.955,654.339,654.465
2017,5.954,654.340,654.466
2018,5.954,654.340,654.466
2019,5.953,654.340,654.466
2020,5.953,654.341,654.466
2021,5.953,654.341,654.466
2022,5.952,654.342,654.467
2023,5.952,654.342,654.467
2024,5.951,654.342,654.467
2025,5.951,654.342,654.467
2026,5.951,654.343,654.468
2027,5.950,654.343,654.468
2028,5.950,654.343,654.468
2029,5.950,654.344,654.468
2030,5.949,654.344,654.468
2031,5.949,654.344,654.469
2032,5.948,654.345,654.469
2033,5.948,654.345,654.469
2034,5.948,654.345,654.469
2035,5.947,654.346,654.469
2036,5.947,654.346,654.470
2037,5.946,654.346,654.470
2038,5.946,654.347,654.470
2039,5.946,654.347,654.470
2040,5.945,654.347,654.470
2041,5.945,654.348,654.471
2042,5.945,654.348,654.471
2043,5.944,654.348,654.471
2044,5.944,654.349,654.471
2045,5.943,654.349,654.471
2046,5.943,654.349,654.472
2047,5.943,654.350,654.472
2048,5.942,654.350,654.472
2049,5.942,654.350,654.472
2050,5.941,654.350,654.472
2051,5.941,654.351,654.473
2052,5.941,654.351,654.473
2053,5.940,654.351,654.473
2054,5.940,654.352,654.473
2055,5.940,654.352,654.473
2056,5.939,654.352,654.474
2057,5.939,654.353,654.474
2058,5.938,654.353,654.474
2059,5.938,654.353,654.474
2060,5.938,654.354,654.474
2061,5.937,654.354,654.475
2062,5.937,654.354,654.475
2063,5.937,654.355,654.475
2064,5.936,654.355,654.475
2065,5.936,654.355,654.475
2066,5.935,654.355,654.476
2067,5.935,654.356,654.476
2068,5.935,654.356,654.476
2069,5.934,654.356,654.476
2070,5.934,654.357,654.477
2071,5.934,654.357,654.477
2072,5.933,654.357,654.477
2073,5.933,654.358,654.477
2074,5.932,654.358,654.477
2075,5.932,654.358,654.477
2076,5.932,654.358,654.478
2077,5.931,654.359,654.478
2078,5.931,654.359,654.478
2079,5.931,654.359,654.478
2080,5.930,654.360,654.478
2081,5.930,654.360,654.479
2082,5.930,654.360,654.479
2083,5.929,654.360,654.479
2084,5.929,654.361,654.479
2085,5.928,654.361,654.479
2086,5.928,654.361,654.479
2087,5.928,654.362,654.480
2088,5.927,654.362,654.480
2089,5.927,654.362,654.480
2090,5.927,654.363,654.480
2091,5.926,654.363,654.480
2092,5.926,654.363,654.481
2093,5.925,654.363,654.481
2094,5.925,654.364,654.481
2095,5.925,654.364,654.481
2096,5.924,654.364,654.481
2097,5.924,654.365,654.482
2098,5.924,654.365,654.482
2099,5.923,654.365,654.482
2100,5.923,654.366,654.482
2101,5.923,654.366,654.482
2102,5.922,654.366,654.483
2103,5.922,654.366,654.483
2104,5.922,654.367,654.483
2105,5.921,654.367,654.483
2106,5.921,654.367,654.483
2107,5.920,654.368,654.483
2108,5.920,654.368,654.484
2109,5.920,654.368,654.484
2110,5.919,654.368,654.484
2111,5.919,654.369,654.484
2112,5.919,654.369,654.484
2113,5.918,654.369,654.485
2114,5.918,654.369,654.485
2115,5.918,654.370,654.485
2116,5.917,654.370,654.485
2117,5.917,654.370,654.485
2118,5.916,654.371,654.485
2119,5.916,654.371,654.486
2120,5.916,654.371,654.486
2121,5.915,654.371,654.486
2122,5.915,654.372,654.486
2123,5.915,654.372,654.486
2124,5.914,654.372,654.487
2125,5.914,654.373,654.487
2126,5.914,654.373,654.487
2127,5.913,654.373,654.487
2128,5.913,654.373,654.487
2129,5.913,654.374,654.487
2130,5.912,654.374,654.488
2131,5.912,654.374,654.488
2132,5.912,654.374,654.488
2133,5.911,654.375,654.488
2134,5.911,654.375,654.488
2135,5.910,654.375,654.488
2136,5.910,654.376,654.489
2137,5.910,654.376,654.489
2138,5.909,654.376,654.489
2139,5.909,654.376,654.489
2140,5.909,654.377,654.489
2141,5.908,654.377,654.489
2142,5.908,654.377,654.490
2143,5.908,654.377,654.490
2144,5.907,654.378,654.490
2145,5.907,654.378,654.490
2146,5.907,654.378,654.490
2147,5.906,654.379,654.491
2148,5.906,654.379,654.491
2149,5.906,654.379,654.491
2150,5.905,654.379,654.491
2151,5.905,654.380,654.491
2152,5.905,654.380,654.491
2153,5.904,654.380,654.492
2154,5.904,654.380,654.492
2155,5.904,654.381,654.492
2156,5.903,654.381,654.492
2157,5.903,654.381,654.492
2158,5.903,654.382,654.492
2159,5.902,654.382,654.493
2160,5.902,654.382,654.493
2161,5.901,654.382,654.493
2162,5.901,654.383,654.493
2163,5.901,654.383,654.493
2164,5.900,654.383,654.494
2165,5.900,654.383,654.494
2166,5.900,654.384,654.494
2167,5.899,654.384,654.494
2168,5.899,654.384,654.494
2169,5.899,654.384,654.494
2170,5.898,654.385,654.494
2171,5.898,654.385,654.495
2172,5.898,654.385,654.495
2173,5.897,654.385,654.495
2174,5.897,654.386,654.495
2175,5.897,654.386,654.495
2176,5.896,654.386,654.495
2177,5.896,654.386,654.496
2178,5.896,654.387,654.496
2179,5.895,654.387,654.496
2180,5.895,654.387,654.496
2181,5.895,654.388,654.496
2182,5.894,654.388,654.497
2183,5.894,654.388,654.497
2184,5.894,654.388,654.497
2185,5.893,654.389,654.497
2186,5.893,654.389,654.497
2187,5.893,654.389,654.497
2188,5.892,654.389,654.497
2189,5.892,654.390,654.498
2190,5.892,654.390,654.498
2191,5.891,654.390,654.498
2192,5.891,654.390,654.498
2193,5.891,654.391,654.498
2194,5.890,654.391,654.499
2195,5.890,654.391,654.499
2196,5.890,654.391,654.499
2197,5.889,654.392,654.499
2198,5.889,654.392,654.499
2199,5.889,654.392,654.499
2200,5.888,654.392,654.499
2201,5.888,654.393,654.500
2202,5.888,654.393,654.500
2203,5.887,654.393,654.500
2204,5.887,654.393,654.500
2205,5.887,654.394,654.500
2206,5.886,654.394,654.500
2207,5.886,654.394,654.501
2208,5.886,654.394,654.501
2209,5.885,654.395,654.501
2210,5.885,654.395,654.501
2211,5.885,654.395,654.501
2212,5.884,654.395,654.501
2213,5.884,654.396,654.501
2214,5.884,654.396,654.502
2215,5.883,654.396,654.502
2216,5.883,654.396,654.502
2217,5.883,654.397,654.502
2218,5.882,654.397,654.502
2219,5.882,654.397,654.503
2220,5.882,654.397,654.503
2221,5.881,654.397,654.503
2222,5.881,654.398,654.503
2223,5.881,654.398,654.503
2224,5.880,654.398,654.503
2225,5.880,654.398,654.503
2226,5.880,654.399,654.503
2227,5.880,654.399,654.504
2228,5.879,654.399,654.504
2229,5.879,654.399,654.504
2230,5.879,654.400,654.504
2231,5.878,654.400,654.504
2232,5.878,654.400,654.505
2233,5.878,654.400,654.505
2234,5.877,654.401,654.505
2235,5.877,654.401,654.505
2236,5.877,654.401,654.505
2237,5.876,654.401,654.505
2238,5.876,654.402,654.505
2239,5.876,654.402,654.505
2240,5.875,654.402,654.506
2241,5.875,654.402,654.506
2242,5.875,654.402,654.506
2243,5.874,654.403,654.506
2244,5.874,654.403,654.506
2245,5.874,654.403,654.506
2246,5.873,654.403,654.507
2247,5.873,654.404,654.507
2248,5.873,654.404,654.507
2249,5.872,654.404,654.507
2250,5.872,654.404,654.507
2251,5.872,654.405,654.507
2252,5.872,654.405,654.507
2253,5.871,654.405,654.508
2254,5.871,654.405,654.508
2255,5.871,654.405,654.508
2256,5.870,654.406,654.508
2257,5.870,654.406,654.508
2258,5.870,654.406,654.508
2259,5.869,654.406,654.508
2260,5.869,654.407,654.509
2261,5.869,654.407,654.509
2262,5.868,654.407,654.509
2263,5.868,654.407,654.509
2264,5.868,654.407,654.509
2265,5.867,654.408,654.509
2266,5.867,654.408,654.510
2267,5.867,654.408,654.510
2268,5.866,654.408,654.510
2269,5.866,654.409,654.510
2270,5.866,654.409,654.510
2271,5.866,654.409,654.510
2272,5.865,654.409,654.510
2273,5.865,654.409,654.510
2274,5.865,654.410,654.511
2275,5.864,654.410,654.511
2276,5.864,654.410,654.511
2277,5.864,654.410,654.511
2278,5.863,654.411,654.511
2279,5.863,654.411,654.511
2280,5.863,654.411,654.512
2281,5.862,654.411,654.512
2282,5.862,654.412,654.512
2283,5.862,654.412,654.512
2284,5.862,654.412,654.512
2285,5.861,654.412,654.512
2286,5.861,654.412,654.512
2287,5.861,654.413,654.513
2288,5.860,654.413,654.513
2289,5.860,654.413,654.513
2290,5.860,654.413,654.513
2291,5.859,654.413,654.513
2292,5.859,654.414,654.513
2293,5.859,654.414,654.513
2294,5.858,654.414,654.514
2295,5.858,654.414,654.514
2296,5.858,654.415,654.514
2297,5.858,654.415,654.514
2298,5.857,654.415,654.514
2299,5.857,654.415,654.514
2300,5.857,654.415,654.514
2301,5.856,654.416,654.514
2302,5.856,654.416,654.515
2303,5.856,654.416,654.515
2304,5.855,654.416,654.515
2305,5.855,654.417,654.515
2306,5.855,654.417,654.515
2307,5.854,654.417,654.515
2308,5.854,654.417,654.516
2309,5.854,654.417,654.516
2310,5.854,654.418,654.516
2311,5.853,654.418,654.516
2312,5.853,654.418,654.516
2313,5.853,654.418,654.516
2314,5.852,654.418,654.516
2315,5.852,654.419,654.516
2316,5.852,654.419,654.517
2317,5.851,654.419,654.517
2318,5.851,654.419,654.517
2319,5.851,654.419,654.517
2320,5.851,654.420,654.517
2321,5.850,654.420,654.517
2322,5.850,654.420,654.517
2323,5.850,654.420,654.518
2324,5.849,654.421,654.518
2325,5.849,654.421,654.518
2326,5.849,654.421,654.518
2327,5.848,654.421,654.518
2328,5.848,654.421,654.518
2329,5.848,654.422,654.518
2330,5.848,654.422,654.518
2331,5.847,654.422,654.519
2332,5.847,654.422,654.519
2333,5.847,654.422,654.519
2334,5.846,654.423,654.519
2335,5.846,654.423,654.519
2336,5.846,654.423,654.519
2337,5.846,654.423,654.519
2338,5.845,654.423,654.519
2339,5.845,654.424,654.520
2340,5.845,654.424,654.520
2341,5.844,654.424,654.520
2342,5.844,654.424,654.520
2343,5.844,654.424,654.520
2344,5.843,654.425,654.520
2345,5.843,654.425,654.520
2346,5.843,654.425,654.521
2347,5.843,654.425,654.521
2348,5.842,654.425,654.521
2349,5.842,654.426,654.521
2350,5.842,654.426,654.521
2351,5.841,654.426,654.521
2352,5.841,654.426,654.521
2353,5.841,654.426,654.521
2354,5.841,654.427,654.522
2355,5.840,654.427,654.522
2356,5.840,654.427,654.522
2357,5.840,654.427,654.522
2358,5.839,654.427,654.522
2359,5.839,654.428,654.522
2360,5.839,654.428,654.522
2361,5.838,654.428,654.522
2362,5.838,654.428,654.523
2363,5.838,654.428,654.523
2364,5.838,654.429,654.523
2365,5.837,654.429,654.523
2366,5.837,654.429,654.523
2367,5.837,654.429,654.523
2368,5.836,654.429,654.523
2369,5.836,654.430,654.524
2370,5.836,654.430,654.524
2371,5.836,654.430,654.524
2372,5.835,654.430,654.524
2373,5.835,654.430,654.524
2374,5.835,654.431,654.524
2375,5.834,654.431,654.524
2376,5.834,654.431,654.524
2377,5.834,654.431,654.525
2378,5.834,654.431,654.525
2379,5.833,654.432,654.525
2380,5.833,654.432,654.525
2381,5.833,654.432,654.525
2382,5.832,654.432,654.525
2383,5.832,654.432,654.525
2384,5.832,654.433,654.525
2385,5.832,654.433,654.526
2386,5.831,654.433,654.526
2387,5.831,654.433,654.526
2388,5.831,654.433,654.526
2389,5.830,654.434,654.526
2390,5.830,654.434,654.526
2391,5.830,654.434,654.526
2392,5.830,654.434,654.526
2393,5.829,654.434,654.527
2394,5.829,654.434,654.527
2395,5.829,654.435,654.527
2396,5.828,654.435,654.527
2397,5.828,654.435,654.527
2398,5.828,654.435,654.527
2399,5.828,654.435,654.527
2400,5.827,654.436,654.527
2401,5.827,654.436,654.527
2402,5.827,654.436,654.528
2403,5.827,654.436,654.528
2404,5.826,654.436,654.528
2405,5.826,654.437,654.528
2406,5.826,654.437,654.528
2407,5.825,654.437,654.528
2408,5.825,654.437,654.528
2409,5.825,654.437,654.528
2410,5.825,654.437,654.529
2411,5.824,654.438,654.529
2412,5.824,654.438,654.529
2413,5.824,654.438,654.529
2414,5.823,654.438,654.529
2415,5.823,654.438,654.529
2416,5.823,654.439,654.529
2417,5.823,654.439,654.529
2418,5.822,654.439,654.530
2419,5.822,654.439,654.530
2420,5.822,654.439,654.530
2421,5.822,654.439,654.530
2422,5.821,654.440,654.530
2423,5.821,654.440,654.530
2424,5.821,654.440,654.530
2425,5.820,654.440,654.530
2426,5.820,654.440,654.531
2427,5.820,654.441,654.531
2428,5.820,654.441,654.531
2429,5.819,654.441,654.531
2430,5.819,654.441,654.531
2431,5.819,654.441,654.531
2432,5.818,654.442,654.531
2433,5.818,654.442,654.531
2434,5.818,654.442,654.532
2435,5.818,654.442,654.532
2436,5.817,654.442,654.532
2437,5.817,654.442,654.532
2438,5.817,654.443,654.532
2439,5.817,654.443,654.532
2440,5.816,654.443,654.532
2441,5.816,654.443,654.532
2442,5.816,654.443,654.532
2443,5.815,654.443,654.533
2444,5.815,654.444,654.533
2445,5.815,654.444,654.533
2446,5.815,654.444,654.533
2447,5.814,654.444,654.533
2448,5.814,654.444,654.533
2449,5.814,654.445,654.533
2450,5.814,654.445,654.533
2451,5.813,654.445,654.533
2452,5.813,654.445,654.533
2453,5.813,654.445,654.534
2454,5.812,654.445,654.534
2455,5.812,654.446,654.534
2456,5.812,654.446,654.534
2457,5.812,654.446,654.534
2458,5.811,654.446,654.534
2459,5.811,654.446,654.534
2460,5.811,654.446,654.534
2461,5.811,654.447,654.535
2462,5.810,654.447,654.535
2463,5.810,654.447,654.535
2464,5.810,654.447,654.535
2465,5.810,654.447,654.535
2466,5.809,654.448,654.535
2467,5.809,654.448,654.535
2468,5.809,654.448,654.535
2469,5.808,654.448,654.536
2470,5.808,654.448,654.536
2471,5.808,654.448,654.536
2472,5.808,654.449,654.536
2473,5.807,654.449,654.536
2474,5.807,654.449,654.536
2475,5.807,654.449,654.536
2476,5.807,654.449,654.536
2477,5.806,654.449,654.536
2478,5.806,654.450,654.536
2479,5.806,654.450,654.537
2480,5.806,654.450,654.537
2481,5.805,654.450,654.537
2482,5.805,654.450,654.537
2483,5.805,654.450,654.537
2484,5.804,654.451,654.537
2485,5.804,654.451,654.537
2486,5.804,654.451,654.537
2487,5.804,654.451,654.537
2488,5.803,654.451,654.538
2489,5.803,654.451,654.538
2490,5.803,654.452,654.538
2491,5.803,654.452,654.538
2492,5.802,654.452,654.538
2493,5.802,654.452,654.538
2494,5.802,654.452,654.538
2495,5.802,654.452,654.538
2496,5.801,654.453,654.538
2497,5.801,654.453,654.539
2498,5.801,654.453,654.539
2499,5.801,654.453,654.539
2500,5.800,654.453,654.539
2501,5.800,654.453,654.539
2502,5.800,654.454,654.539
2503,5.800,654.454,654.539
2504,5.799,654.454,654.539
2505,5.799,654.454,654.539
2506,5.799,654.454,654.539
2507,5.798,654.454,654.540
2508,5.798,654.455,654.540
2509,5.798,654.455,654.540
2510,5.798,654.455,654.540
2511,5.797,654.455,654.540
2512,5.797,654.455,654.540
2513,5.797,654.455,654.540
2514,5.797,654.456,654.540
2515,5.796,654.456,654.540
2516,5.796,654.456,654.541
2517,5.796,654.456,654.541
2518,5.796,654.456,654.541
2519,5.795,654.456,654.541
2520,5.795,654.457,654.541
2521,5.795,654.457,654.541
2522,5.795,654.457,654.541
2523,5.794,654.457,654.541
2524,5.794,654.457,654.541
2525,5.794,654.457,654.541
2526,5.794,654.458,654.542
2527,5.793,654.458,654.542
2528,5.793,654.458,654.542
2529,5.793,654.458,654.542
2530,5.793,654.458,654.542
2531,5.792,654.458,654.542
2532,5.792,654.459,654.542
2533,5.792,654.459,654.542
2534,5.792,654.459,654.542
2535,5.791,654.459,654.543
2536,5.791,654.459,654.543
2537,5.791,654.459,654.543
2538,5.791,654.459,654.543
2539,5.790,654.460,654.543
2540,5.790,654.460,654.543
2541,5.790,654.460,654.543
2542,5.789,654.460,654.543
2543,5.789,654.460,654.543
2544,5.789,654.460,654.543
2545,5.789,654.461,654.544
2546,5.788,654.461,654.544
2547,5.788,654.461,654.544
2548,5.788,654.461,654.544
2549,5.788,654.461,654.544
2550,5.787,654.461,654.544
2551,5.787,654.461,654.544
2552,5.787,654.462,654.544
2553,5.787,654.462,654.544
2554,5.786,654.462,654.544
2555,5.786,654.462,654.545
2556,5.786,654.462,654.545
2557,5.786,654.462,654.545
2558,5.785,654.463,654.545
2559,5.785,654.463,654.545
2560,5.785,654.463,654.545
2561,5.785,654.463,654.545
2562,5.784,654.463,654.545
2563,5.784,654.463,654.545
2564,5.784,654.464,654.546
2565,5.784,654.464,654.546
2566,5.783,654.464,654.546
2567,5.783,654.464,654.546
2568,5.783,654.464,654.546
2569,5.783,654.464,654.546
2570,5.782,654.464,654.546
2571,5.782,654.465,654.546
2572,5.782,654.465,654.546
2573,5.782,654.465,654.546
2574,5.781,654.465,654.546
2575,5.781,654.465,654.547
2576,5.781,654.465,654.547
2577,5.781,654.466,654.547
2578,5.780,654.466,654.547
2579,5.780,654.466,654.547
2580,5.780,654.466,654.547
2581,5.780,654.466,654.547
2582,5.779,654.466,654.547
2583,5.779,654.466,654.547
2584,5.779,654.467,654.547
2585,5.779,654.467,654.547
2586,5.779,654.467,654.548
2587,5.778,654.467,654.548
2588,5.778,654.467,654.548
2589,5.778,654.467,654.548
2590,5.778,654.467,654.548
2591,5.777,654.468,654.548
2592,5.777,654.468,654.548
2593,5.777,654.468,654.548
2594,5.777,654.468,654.548
2595,5.776,654.468,654.548
2596,5.776,654.468,654.549
2597,5.776,654.469,654.549
2598,5.776,654.469,654.549
2599,5.775,654.469,654.549
2600,5.775,654.469,654.549
2601,5.775,654.469,654.549
2602,5.775,654.469,654.549
2603,5.774,654.469,654.549
2604,5.774,654.470,654.549
2605,5.774,654.470,654.549
2606,5.774,654.470,654.550
2607,5.773,654.470,654.550
2608,5.773,654.470,654.550
2609,5.773,654.470,654.550
2610,5.773,654.470,654.550
2611,5.772,654.471,654.550
2612,5.772,654.471,654.550
2613,5.772,654.471,654.550
2614,5.772,654.471,654.550
2615,5.771,654.471,654.550
2616,5.771,654.471,654.551
2617,5.771,654.471,654.551
2618,5.771,654.472,654.551
2619,5.771,654.472,654.551
2620,5.770,654.472,654.551
2621,5.770,654.472,654.551
2622,5.770,654.472,654.551
2623,5.770,654.472,654.551
2624,5.769,654.472,654.551
2625,5.769,654.473,654.551
2626,5.769,654.473,654.551
2627,5.769,654.473,654.552
2628,5.768,654.473,654.552
2629,5.768,654.473,654.552
2630,5.768,654.473,654.552
2631,5.768,654.473,654.552
2632,5.767,654.474,654.552
2633,5.767,654.474,654.552
2634,5.767,654.474,654.552
2635,5.767,654.474,654.552
2636,5.766,654.474,654.552
2637,5.766,654.474,654.552
2638,5.766,654.474,654.553
2639,5.766,654.475,654.553
2640,5.766,654.475,654.553
2641,5.765,654.475,654.553
2642,5.765,654.475,654.553
2643,5.765,654.475,654.553
2644,5.765,654.475,654.553
2645,5.764,654.475,654.553
2646,5.764,654.476,654.553
2647,5.764,654.476,654.553
2648,5.764,654.476,654.553
2649,5.763,654.476,654.554
2650,5.763,654.476,654.554
2651,5.763,654.476,654.554
2652,5.763,654.476,654.554
2653,5.762,654.476,654.554
2654,5.762,654.477,654.554
2655,5.762,654.477,654.554
2656,5.762,654.477,654.554
2657,5.762,654.477,654.554
2658,5.761,654.477,654.554
2659,5.761,654.477,654.554
2660,5.761,654.477,654.555
2661,5.761,654.478,654.555
2662,5.760,654.478,654.555
2663,5.760,654.478,654.555
2664,5.760,654.478,654.555
2665,5.760,654.478,654.555
2666,5.759,654.478,654.555
2667,5.759,654.478,654.555
2668,5.759,654.479,654.555
2669,5.759,654.479,654.555
2670,5.758,654.479,654.555
2671,5.758,654.479,654.556
2672,5.758,654.479,654.556
2673,5.758,654.479,654.556
2674,5.758,654.479,654.556
2675,5.757,654.480,654.556
2676,5.757,654.480,654.556
2677,5.757,654.480,654.556
2678,5.757,654.480,654.556
2679,5.756,654.480,654.556
2680,5.756,654.480,654.556
2681,5.756,654.480,654.556
2682,5.756,654.480,654.556
2683,5.755,654.481,654.557
2684,5.755,654.481,654.557
2685,5.755,654.481,654.557
2686,5.755,654.481,654.557
2687,5.755,654.481,654.557
2688,5.754,654.481,654.557
2689,5.754,654.481,654.557
2690,5.754,654.482,654.557
2691,5.754,654.482,654.557
2692,5.753,654.482,654.557
2693,5.753,654.482,654.557
2694,5.753,654.482,654.557
2695,5.753,654.482,654.558
2696,5.752,654.482,654.558
2697,5.752,654.482,654.558
2698,5.752,654.483,654.558
2699,5.752,654.483,654.558
2700,5.752,654.483,654.558
2701,5.751,654.483,654.558
2702,5.751,654.483,654.558
2703,5.751,654.483,654.558
2704,5.751,654.483,654.558
2705,5.750,654.484,654.558
2706,5.750,654.484,654.559
2707,5.750,654.484,654.559
2708,5.750,654.484,654.559
2709,5.750,654.484,654.559
2710,5.749,654.484,654.559
2711,5.749,654.484,654.559
2712,5.749,654.484,654.559
2713,5.749,654.485,654.559
2714,5.748,654.485,654.559
2715,5.748,654.485,654.559
2716,5.748,654.485,654.559
2717,5.748,654.485,654.559
2718,5.748,654.485,654.559
2719,5.747,654.485,654.560
2720,5.747,654.485,654.560
2721,5.747,654.486,654.560
2722,5.747,654.486,654.560
2723,5.746,654.486,654.560
2724,5.746,654.486,654.560
2725,5.746,654.486,654.560
2726,5.746,654.486,654.560
2727,5.745,654.486,654.560
2728,5.745,654.486,654.560
2729,5.745,654.487,654.560
2730,5.745,654.487,654.560
2731,5.745,654.487,654.561
2732,5.744,654.487,654.561
2733,5.744,654.487,654.561
2734,5.744,654.487,654.561
2735,5.744,654.487,654.561
2736,5.743,654.488,654.561
2737,5.743,654.488,654.561
2738,5.743,654.488,654.561
2739,5.743,654.488,654.561
2740,5.743,654.488,654.561
2741,5.742,654.488,654.561
2742,5.742,654.488,654.562
2743,5.742,654.488,654.562
2744,5.742,654.489,654.562
2745,5.742,654.489,654.562
2746,5.741,654.489,654.562
2747,5.741,654.489,654.562
2748,5.741,654.489,654.562
2749,5.741,654.489,654.562
2750,5.740,654.489,654.562
2751,5.740,654.489,654.562
2752,5.740,654.490,654.562
2753,5.740,654.490,654.562
2754,5.740,654.490,654.562
2755,5.739,654.490,654.563
2756,5.739,654.490,654.563
2757,5.739,654.490,654.563
2758,5.739,654.490,654.563
2759,5.738,654.490,654.563
2760,5.738,654.490,654.563
2761,5.738,654.491,654.563
2762,5.738,654.491,654.563
2763,5.738,654.491,654.563
2764,5.737,654.491,654.563
2765,5.737,654.491,654.563
2766,5.737,654.491,654.563
2767,5.737,654.491,654.564
2768,5.736,654.491,654.564
2769,5.736,654.492,654.564
2770,5.736,654.492,654.564
2771,5.736,654.492,654.564
2772,5.736,654.492,654.564
2773,5.735,654.492,654.564
2774,5.735,654.492,654.564
2775,5.735,654.492,654.564
2776,5.735,654.492,654.564
2777,5.735,654.493,654.564
2778,5.734,654.493,654.564
2779,5.734,654.493,654.564
2780,5.734,654.493,654.565
2781,5.734,654.493,654.565
2782,5.733,654.493,654.565
2783,5.733,654.493,654.565
2784,5.733,654.493,654.565
2785,5.733,654.494,654.565
2786,5.733,654.494,654.565
2787,5.732,654.494,654.565
2788,5.732,654.494,654.565
2789,5.732,654.494,654.565
2790,5.732,654.494,654.565
2791,5.731,654.494,654.565
2792,5.731,654.494,654.565
2793,5.731,654.494,654.566
2794,5.731,654.495,654.566
2795,5.731,654.495,654.566
2796,5.730,654.495,654.566
2797,5.730,654.495,654.566
2798,5.730,654.495,654.566
2799,5.730,654.495,654.566
2800,5.730,654.495,654.566
2801,5.729,654.495,654.566
2802,5.729,654.496,654.566
2803,5.729,654.496,654.566
2804,5.729,654.496,654.566
2805,5.728,654.496,654.566
2806,5.728,654.496,654.567
2807,5.728,654.496,654.567
2808,5.728,654.496,654.567
2809,5.728,654.496,654.567
2810,5.727,654.497,654.567
2811,5.727,654.497,654.567
2812,5.727,654.497,654.567
2813,5.727,654.497,654.567
2814,5.727,654.497,654.567
2815,5.726,654.497,654.567
2816,5.726,654.497,654.567
2817,5.726,654.497,654.567
2818,5.726,654.497,654.567
2819,5.726,654.498,654.568
2820,5.725,654.498,654.568
2821,5.725,654.498,654.568
2822,5.725,654.498,654.568
2823,5.725,654.498,654.568
2824,5.724,654.498,654.568
2825,5.724,654.498,654.568
2826,5.724,654.498,654.568
2827,5.724,654.498,654.568
2828,5.724,654.499,654.568
2829,5.723,654.499,654.568
2830,5.723,654.499,654.568
2831,5.723,654.499,654.568
2832,5.723,654.499,654.569
2833,5.723,654.499,654.569
2834,5.722,654.499,654.569
2835,5.722,654.499,654.569
2836,5.722,654.500,654.569
2837,5.722,654.500,654.569
2838,5.722,654.500,654.569
2839,5.721,654.500,654.569
2840,5.721,654.500,654.569
2841,5.721,654.500,654.569
2842,5.721,654.500,654.569
2843,5.721,654.500,654.569
2844,5.720,654.500,654.569
2845,5.720,654.501,654.569
2846,5.720,654.501,654.570
2847,5.720,654.501,654.570
2848,5.719,654.501,654.570
2849,5.719,654.501,654.570
2850,5.719,654.501,654.570
2851,5.719,654.501,654.570
2852,5.719,654.501,654.570
2853,5.718,654.501,654.570
2854,5.718,654.502,654.570
2855,5.718,654.502,654.570
2856,5.718,654.502,654.570
2857,5.718,654.502,654.570
2858,5.717,654.502,654.570
2859,5.717,654.502,654.570
2860,5.717,654.502,654.571
2861,5.717,654.502,654.571
2862,5.717,654.502,654.571
2863,5.716,654.503,654.571
2864,5.716,654.503,654.571
2865,5.716,654.503,654.571
2866,5.716,654.503,654.571
2867,5.716,654.503,654.571
2868,5.715,654.503,654.571
2869,5.715,654.503,654.571
2870,5.715,654.503,654.571
2871,5.715,654.503,654.571
2872,5.715,654.504,654.571
2873,5.714,654.504,654.571
2874,5.714,654.504,654.572
2875,5.714,654.504,654.572
2876,5.714,654.504,654.572
2877,5.714,654.504,654.572
2878,5.713,654.504,654.572
2879,5.713,654.504,654.572
2880,5.713,654.504,654.572
2881,5.713,654.505,654.572
2882,5.713,654.505,654.572
2883,5.712,654.505,654.572
2884,5.712,654.505,654.572
2885,5.712,654.505,654.572
2886,5.712,654.505,654.572
2887,5.711,654.505,654.572
2888,5.711,654.505,654.573
2889,5.711,654.505,654.573
2890,5.711,654.505,654.573
2891,5.711,654.506,654.573
2892,5.710,654.506,654.573
2893,5.710,654.506,654.573
2894,5.710,654.506,654.573
2895,5.710,654.506,654.573
2896,5.710,654.506,654.573
2897,5.709,654.506,654.573
2898,5.709,654.506,654.573
2899,5.709,654.506,654.573
2900,5.709,654.507,654.573
2901,5.709,654.507,654.573
2902,5.708,654.507,654.574
2903,5.708,654.507,654.574
2904,5.708,654.507,654.574
2905,5.708,654.507,654.574
2906,5.708,654.507,654.574
2907,5.707,654.507,654.574
2908,5.707,654.507,654.574
2909,5.707,654.508,654.574
2910,5.707,654.508,654.574
2911,5.707,654.508,654.574
2912,5.706,654.508,654.574
2913,5.706,654.508,654.574
2914,5.706,654.508,654.574
2915,5.706,654.508,654.574
2916,5.706,654.508,654.574
2917,5.705,654.508,654.574
2918,5.705,654.508,654.575
2919,5.705,654.509,654.575
2920,5.705,654.509,654.575
2921,5.705,654.509,654.575
2922,5.704,654.509,654.575
2923,5.704,654.509,654.575
2924,5.704,654.509,654.575
2925,5.704,654.509,654.575
2926,5.704,654.509,654.575
2927,5.703,654.509,654.575
2928,5.703,654.510,654.575
2929,5.703,654.510,654.575
2930,5.703,654.510,654.575
2931,5.703,654.510,654.576
2932,5.703,654.510,654.576
2933,5.702,654.510,654.576
2934,5.702,654.510,654.576
2935,5.702,654.510,654.576
2936,5.702,654.510,654.576
2937,5.702,654.510,654.576
2938,5.701,654.511,654.576
2939,5.701,654.511,654.576
2940,5.701,654.511,654.576
2941,5.701,654.511,654.576
2942,5.701,654.511,654.576
2943,5.700,654.511,654.576
2944,5.700,654.511,654.576
2945,5.700,654.511,654.576
2946,5.700,654.511,654.576
2947,5.700,654.511,654.577
2948,5.699,654.512,654.577
2949,5.699,654.512,654.577
2950,5.699,654.512,654.577
2951,5.699,654.512,654.577
2952,5.699,654.512,654.577
2953,5.698,654.512,654.577
2954,5.698,654.512,654.577
2955,5.698,654.512,654.577
2956,5.698,654.512,654.577
2957,5.698,654.512,654.577
2958,5.697,654.513,654.577
2959,5.697,654.513,654.577
2960,5.697,654.513,654.577
2961,5.697,654.513,654.577
2962,5.697,654.513,654.578
2963,5.696,654.513,654.578
2964,5.696,654.513,654.578
2965,5.696,654.513,654.578
2966,5.696,654.513,654.578
2967,5.696,654.513,654.578
2968,5.695,654.514,654.578
2969,5.695,654.514,654.578
2970,5.695,654.514,654.578
2971,5.695,654.514,654.578
2972,5.695,654.514,654.578
2973,5.695,654.514,654.578
2974,5.694,654.514,654.578
2975,5.694,654.514,654.578
2976,5.694,654.514,654.578
2977,5.694,654.514,654.578
2978,5.694,654.515,654.579
2979,5.693,654.515,654.579
2980,5.693,654.515,654.579
2981,5.693,654.515,654.579
2982,5.693,654.515,654.579
2983,5.693,654.515,654.579
2984,5.692,654.515,654.579
2985,5.692,654.515,654.579
2986,5.692,654.515,654.579
2987,5.692,654.515,654.579
2988,5.692,654.516,654.579
2989,5.691,654.516,654.579
2990,5.691,654.516,654.579
2991,5.691,654.516,654.579
2992,5.691,654.516,654.579
2993,5.691,654.516,654.579
2994,5.691,654.516,654.580
2995,5.690,654.516,654.580
2996,5.690,654.516,654.580
2997,5.690,654.516,654.580
2998,5.690,654.517,654.580
2999,5.690,654.517,654.580
3000,5.689,654.517,654.580
3001,5.689,654.517,654.580
3002,5.689,654.517,654.580
3003,5.689,654.517,654.580
3004,5.689,654.517,654.580
3005,5.689,654.517,654.580
3006,5.689,654.517,654.580
3007,5.689,654.517,654.580
3008,5.689,654.517,654.580
3009,5.689,654.517,654.580
3010,5.689,654.517,654.580
3011,5.689,654.517,654.580
3012,5.689,654.517,654.580
3013,5.689,654.517,654.580
3014,5.689,654.517,654.580
3015,5.689,654.517,654.580
3016,5.689,654.517,654.580
3017,5.689,654.517,654.580
3018,5.689,654.517,654.580
3019,5.689,654.517,654.580
3020,5.689,654.517,654.580
3021,5.689,654.517,654.580
3022,5.689,654.517,654.580
3023,5.689,654.517,654.580
3024,5.689,654.517,654.580
3025,5.689,654.517,654.580
3026,5.689,654.517,654.580
3027,5.689,654.517,654.580
3028,5.689,654.517,654.580
3029,5.689,654.517,654.580
3030,5.689,654.517,654.580
3031,5.689,654.517,654.580
3032,5.689,654.517,654.580
3033,5.689,654.517,654.580
3034,5.689,654.517,654.580
3035,5.689,654.517,654.580
3036,5.689,654.517,654.580
3037,5.689,654.517,654.580
3038,5.689,654.517,654.580
3039,5.689,654.517,654.580
3040,5.689,654.517,654.580
3041,5.689,654.517,654.580
3042,5.689,654.517,654.580
3043,5.689,654.517,654.580
3044,5.689,654.517,654.580
3045,5.689,654.517,654.580
3046,5.689,654.517,654.580
3047,5.689,654.517,654.580
3048,5.689,654.517,654.580
3049,5.689,654.517,654.580
3050,5.689,654.517,654.580
3051,5.689,654.517,654.580
3052,5.689,654.517,654.580
3053,5.689,654.517,654.580
3054,5.689,654.517,654.580
3055,5.689,654.517,654.580
3056,5.689,654.517,654.580
3057,5.689,654.517,654.580
3058,5.689,654.517,654.580
3059,5.689,654.517,654.580
3060,5.689,654.517,654.580
3061,5.689,654.517,654.580
3062,5.689,654.517,654.580
3063,5.689,654.517,654.580
3064,5.689,654.517,654.580
3065,5.689,654.517,654.580
3066,5.689,654.517,654.580
3067,5.689,654.517,654.580
3068,5.689,654.517,654.580
3069,5.689,654.517,654.580
3070,5.689,654.517,654.580
3071,5.689,654.517,654.580
3072,5.689,654.517,654.580
3073,5.689,654.517,654.580
3074,5.689,654.517,654.580
3075,5.689,654.517,654.580
3076,5.689,654.517,654.580
3077,5.689,654.517,654.580
3078,5.689,654.517,654.580
3079,5.689,654.517,654.580
3080,5.689,654.517,654.580
3081,5.689,654.517,654.580
3082,5.689,654.517,654.580
3083,5.689,654.517,654.580
3084,5.689,654.517,654.580
3085,5.689,654.517,654.580
3086,5.689,654.517,654.580
3087,5.689,654.517,654.580
3088,5.689,654.517,654.580
3089,5.689,654.517,654.580
3090,5.689,654.517,654.580
3091,5.689,654.517,654.580
3092,5.689,654.517,654.580
3093,5.689,654.517,654.580
3094,5.689,654.517,654.580
3095,5.689,654.517,654.580
3096,5.689,654.517,654.580
3097,5.689,654.517,654.580
3098,5.689,654.517,654.580
3099,5.689,654.517,654.580
3100,5.689,654.517,654.580
3101,5.689,654.517,654.580
3102,5.689,654.517,654.580
3103,5.689,654.517,654.580
3104,5.689,654.517,654.580
3105,5.689,654.517,654.580
3106,5.689,654.517,654.580
3107,5.689,654.517,654.580
3108,5.689,654.517,654.580
3109,5.689,654.517,654.580
3110,5.689,654.517,654.580
3111,5.689,654.517,654.580
3112,5.689,654.517,654.580
3113,5.689,654.517,654.580
3114,5.689,654.517,654.580
3115,5.689,654.517,654.580
3116,5.689,654.517,654.580
3117,5.689,654.517,654.580
3118,5.689,654.517,654.580
3119,5.689,654.517,654.580
3120,5.689,654.517,654.580
3121,5.689,654.517,654.580
3122,5.689,654.517,654.580
3123,5.689,654.517,654.580
3124,5.689,654.517,654.580
3125,5.689,654.517,654.580
3126,5.689,654.517,654.580
3127,5.689,654.517,654.580
3128,5.689,654.517,654.580
3129,5.689,654.517,654.580
3130,5.689,654.517,654.580
3131,5.689,654.517,654.580
3132,5.689,654.517,654.580
3133,5.689,654.517,654.580
3134,5.689,654.517,654.580
3135,5.689,654.517,654.580
3136,5.689,654.517,654.580
3137,5.689,654.517,654.580
3138,5.689,654.517,654.580
3139,5.689,654.517,654.580
3140,5.689,654.517,654.580
3141,5.689,654.517,654.580
3142,5.689,654.517,654.580
3143,5.689,654.517,654.580
3144,5.689,654.517,654.580
3145,5.689,654.517,654.580
3146,5.689,654.517,654.580
3147,5.689,654.517,654.580
3148,5.689,654.517,654.580
3149,5.689,654.517,654.580
3150,5.689,654.517,654.580
3151,5.689,654.517,654.580
3152,5.689,654.517,654.580
3153,5.689,654.517,654.580
3154,5.689,654.517,654.580
3155,5.689,654.517,654.580
3156,5.689,654.517,654.580
3157,5.689,654.517,654.580
3158,5.689,654.517,654.580
3159,5.689,654.517,654.580
3160,5.689,654.517,654.580
3161,5.689,654.517,654.580
3162,5.689,654.517,654.580
3163,5.689,654.517,654.580
3164,5.689,654.517,654.580
3165,5.689,654.517,654.580
3166,5.689,654.517,654.580
3167,5.689,654.517,654.580
3168,5.689,654.517,654.580
3169,5.689,654.517,654.580
3170,5.689,654.517,654.580
3171,5.689,654.517,654.580
3172,5.689,654.517,654.580
3173,5.689,654.517,654.580
3174,5.689,654.517,654.580
3175,5.689,654.517,654.580
3176,5.689,654.517,654.580
3177,5.689,654.517,654.580
3178,5.689,654.517,654.580
3179,5.689,654.517,654.580
3180,5.689,654.517,654.580
3181,5.689,654.517,654.580
3182,5.689,654.517,654.580
3183,5.689,654.517,654.580
3184,5.689,654.517,654.580
3185,5.689,654.517,654.580
3186,5.689,654.517,654.580
3187,5.689,654.517,654.580
3188,5.689,654.517,654.580
3189,5.689,654.517,654.580
3190,5.689,654.517,654.580
3191,5.689,654.517,654.580
3192,5.689,654.517,654.580
3193,5.689,654.517,654.580
3194,5.689,654.517,654.580
3195,5.689,654.517,654.580
3196,5.689,654.517,654.580
3197,5.689,654.517,654.580
3198,5.689,654.517,654.580
3199,5.689,654.517,654.580
3200,5.689,654.517,654.580
3201,5.689,654.517,654.580
3202,5.689,654.517,654.580
3203,5.689,654.517,654.580
3204,5.689,654.517,654.580
3205,5.689,654.517,654.580
3206,5.689,654.517,654.580
3207,5.689,654.517,654.580
3208,5.689,654.517,654.580
3209,5.689,654.517,654.580
3210,5.689,654.517,654.580
3211,5.689,654.517,654.580
3212,5.689,654.517,654.580
3213,5.689,654.517,654.580
3214,5.689,654.517,654.580
3215,5.689,654.517,654.580
3216,5.689,654.517,654.580
3217,5.689,654.517,654.580
3218,5.689,654.517,654.580
3219,5.689,654.517,654.580
3220,5.689,654.517,654.580
3221,5.689,654.517,654.580
3222,5.689,654.517,654.580
3223,5.689,654.517,654.580
3224,5.689,654.517,654.580
3225,5.689,654.517,654.580
3226,5.689,654.517,654.580
3227,5.689,654.517,654.580
3228,5.689,654.517,654.580
3229,5.689,654.517,654.580
3230,5.689,654.517,654.580
3231,5.689,654.517,654.580
3232,5.689,654.517,654.580
3233,5.689,654.517,654.580
3234,5.689,654.517,654.580
3235,5.689,654.517,654.580
3236,5.689,654.517,654.580
3237,5.689,654.517,654.580
3238,5.689,654.517,654.580
3239,5.689,654.517,654.580
3240,5.689,654.517,654.580
3241,5.689,654.517,654.580
3242,5.689,654.517,654.580
3243,5.689,654.517,654.580
3244,5.689,654.517,654.580
3245,5.689,654.517,654.580
3246,5.689,654.517,654.580
3247,5.689,654.517,654.580
3248,5.689,654.517,654.580
3249,5.689,654.517,654.580
3250,5.689,654.517,654.580
3251,5.689,654.517,654.580
3252,5.689,654.517,654.580
3253,5.689,654.517,654.580
3254,5.689,654.517,654.580
3255,5.689,654.517,654.580
3256,5.689,654.517,654.580
3257,5.689,654.517,654.580
3258,5.689,654.517,654.580
3259,5.689,654.517,654.580
3260,5.689,654.517,654.580
3261,5.689,654.517,654.580
3262,5.689,654.517,654.580
3263,5.689,654.517,654.580
3264,5.689,654.517,654.580
3265,5.689,654.517,654.580
3266,5.689,654.517,654.580
3267,5.689,654.517,654.580
3268,5.689,654.517,654.580
3269,5.689,654.517,654.580
3270,5.689,654.517,654.580
3271,5.689,654.517,654.580
3272,5.689,654.517,654.580
3273,5.689,654.517,654.580
3274,5.689,654.517,654.580
3275,5.689,654.517,654.580
3276,5.689,654.517,654.580
3277,5.689,654.517,654.580
3278,5.689,654.517,654.580
3279,5.689,654.517,654.580
3280,5.689,654.517,654.580
3281,5.689,654.517,654.580
3282,5.689,654.517,654.580
3283,5.689,654.517,654.580
3284,5.689,654.517,654.580
3285,5.689,654.517,654.580
3286,5.689,654.517,654.580
3287,5.689,654.517,654.580
3288,5.689,654.517,654.580
3289,5.689,654.517,654.580
3290,5.689,654.517,654.580
3291,5.689,654.517,654.580
3292,5.689,654.517,654.580
3293,5.689,654.517,654.580
3294,5.689,654.517,654.580
3295,5.689,654.517,654.580
3296,5.689,654.517,654.580
3297,5.689,654.517,654.580
3298,5.689,654.517,654.580
3299,5.689,654.517,654.580
3300,5.689,654.517,654.580
3301,5.689,654.517,654.580
3302,5.689,654.517,654.580
3303,5.689,654.517,654.580
3304,5.689,654.517,654.580
3305,5.689,654.517,654.580
3306,5.689,654.517,654.580
3307,5.689,654.517,654.580
3308,5.689,654.517,654.580
3309,5.689,654.517,654.580
3310,5.689,654.517,654.580
3311,5.689,654.517,654.580
3312,5.689,654.517,654.580
3313,5.689,654.517,654.580
3314,5.689,654.517,654.580
3315,5.689,654.517,654.580
3316,5.689,654.517,654.580
3317,5.689,654.517,654.580
3318,5.689,654.517,654.580
3319,5.689,654.517,654.580
3320,5.689,654.517,654.580
3321,5.689,654.517,654.580
3322,5.689,654.517,654.580
3323,5.689,654.517,654.580
3324,5.689,654.517,654.580
3325,5.689,654.517,654.580
3326,5.689,654.517,654.580
3327,5.689,654.517,654.580
3328,5.689,654.517,654.580
3329,5.689,654.517,654.580
3330,5.689,654.517,654.580
3331,5.689,654.517,654.580
3332,5.689,654.517,654.580
3333,5.689,654.517,654.580
3334,5.689,654.517,654.580
3335,5.689,654.517,654.580
3336,5.689,654.517,654.580
3337,5.689,654.517,654.580
3338,5.689,654.517,654.580
3339,5.689,654.517,654.580
3340,5.689,654.517,654.580
3341,5.689,654.517,654.580
3342,5.689,654.517,654.580
3343,5.689,654.517,654.580
3344,5.689,654.517,654.580
3345,5.689,654.517,654.580
3346,5.689,654.517,654.580
3347,5.689,654.517,654.580
3348,5.689,654.517,654.580
3349,5.689,654.517,654.580
3350,5.689,654.517,654.580
3351,5.689,654.517,654.580
3352,5.689,654.517,654.580
3353,5.689,654.517,654.580
3354,5.689,654.517,654.580
3355,5.689,654.517,654.580
3356,5.689,654.517,654.580
3357,5.689,654.517,654.580
3358,5.689,654.517,654.580
3359,5.689,654.517,654.580
3360,5.689,654.517,654.580
3361,5.689,654.517,654.580
3362,5.689,654.517,654.580
3363,5.689,654.517,654.580
3364,5.689,654.517,654.580
3365,5.689,654.517,654.580
3366,5.689,654.517,654.580
3367,5.689,654.517,654.580
3368,5.689,654.517,654.580
3369,5.689,654.517,654.580
3370,5.689,654.517,654.580
3371,5.689,654.517,654.580
3372,5.689,654.517,654.580
3373,5.689,654.517,654.580
3374,5.689,654.517,654.580
3375,5.689,654.517,654.580
3376,5.689,654.517,654.580
3377,5.689,654.517,654.580
3378,5.689,654.517,654.580
3379,5.689,654.517,654.580
3380,5.689,654.517,654.580
3381,5.689,654.517,654.580
3382,5.689,654.517,654.580
3383,5.689,654.517,654.580
3384,5.689,654.517,654.580
3385,5.689,654.517,654.580
3386,5.689,654.517,654.580
3387,5.689,654.517,654.580
3388,5.689,654.517,654.580
3389,5.689,654.517,654.580
3390,5.689,654.517,654.580
3391,5.689,654.517,654.580
3392,5.689,654.517,654.580
3393,5.689,654.517,654.580
3394,5.689,654.517,654.580
3395,5.689,654.517,654.580
3396,5.689,654.517,654.580
3397,5.689,654.517,654.580
3398,5.689,654.517,654.580
3399,5.689,654.517,654.580
3400,5.689,654.517,654.580
3401,5.689,654.517,654.580
3402,5.689,654.517,654.580
3403,5.689,654.517,654.580
3404,5.689,654.517,654.580
3405,5.689,654.517,654.580
3406,5.689,654.517,654.580
3407,5.689,654.517,654.580
3408,5.689,654.517,654.580
3409,5.689,654.517,654.580
3410,5.689,654.517,654.580
3411,5.689,654.517,654.580
3412,5.689,654.517,654.580
3413,5.689,654.517,654.580
3414,5.689,654.517,654.580
3415,5.689,654.517,654.580
3416,5.689,654.517,654.580
3417,5.689,654.517,654.580
3418,5.689,654.517,654.580
3419,5.689,654.517,654.580
3420,5.689,654.517,654.580
3421,5.689,654.517,654.580
3422,5.689,654.517,654.580
3423,5.689,654.517,654.580
3424,5.689,654.517,654.580
3425,5.689,654.517,654.580
3426,5.689,654.517,654.580
3427,5.689,654.517,654.580
3428,5.689,654.517,654.580
3429,5.689,654.517,654.580
3430,5.689,654.517,654.580
3431,5.689,654.517,654.580
3432,5.689,654.517,654.580
3433,5.689,654.517,654.580
3434,5.689,654.517,654.580
3435,5.689,654.517,654.580
3436,5.689,654.517,654.580
3437,5.689,654.517,654.580
3438,5.689,654.517,654.580
3439,5.689,654.517,654.580
3440,5.689,654.517,654.580
3441,5.689,654.517,654.580
3442,5.689,654.517,654.580
3443,5.689,654.517,654.580
3444,5.689,654.517,654.580
3445,5.689,654.517,654.580
3446,5.689,654.517,654.580
3447,5.689,654.517,654.580
3448,5.689,654.517,654.580
3449,5.689,654.517,654.580
3450,5.689,654.517,654.580
3451,5.689,654.517,654.580
3452,5.689,654.517,654.580
3453,5.689,654.517,654.580
3454,5.689,654.517,654.580
3455,5.689,654.517,654.580
3456,5.689,654.517,654.580
3457,5.689,654.517,654.580
3458,5.689,654.517,654.580
3459,5.689,654.517,654.580
3460,5.689,654.517,654.580
3461,5.689,654.517,654.580
3462,5.689,654.517,654.580
3463,5.689,654.517,654.580
3464,5.689,654.517,654.580
3465,5.689,654.517,654.580
3466,5.689,654.517,654.580
3467,5.689,654.517,654.580
3468,5.689,654.517,654.580
3469,5.689,654.517,654.580
3470,5.689,654.517,654.580
3471,5.689,654.517,654.580
3472,5.689,654.517,654.580
3473,5.689,654.517,654.580
3474,5.689,654.517,654.580
3475,5.689,654.517,654.580
3476,5.689,654.517,654.580
3477,5.689,654.517,654.580
3478,5.689,654.517,654.580
3479,5.689,654.517,654.580
3480,5.689,654.517,654.580
3481,5.689,654.517,654.580
3482,5.689,654.517,654.580
3483,5.689,654.517,654.580
3484,5.689,654.517,654.580
3485,5.689,654.517,654.580
3486,5.689,654.517,654.580
3487,5.689,654.517,654.580
3488,5.689,654.517,654.580
3489,5.689,654.517,654.580
3490,5.689,654.517,654.580
3491,5.689,654.517,654.580
3492,5.689,654.517,654.580
3493,5.689,654.517,654.580
3494,5.689,654.517,654.580
3495,5.689,654.517,654.580
3496,5.689,654.517,654.580
3497,5.689,654.517,654.580
3498,5.689,654.517,654.580
3499,5.689,654.517,654.580
3500,5.689,654.517,654.580
3501,5.689,654.517,654.580
3502,5.689,654.517,654.580
3503,5.689,654.517,654.580
3504,5.689,654.517,654.580
3505,5.689,654.517,654.580
3506,5.689,654.517,654.580
3507,5.689,654.517,654.580
3508,5.689,654.517,654.580
3509,5.689,654.517,654.580
3510,5.689,654.517,654.580
3511,5.689,654.517,654.580
3512,5.689,654.517,654.580
3513,5.689,654.517,654.580
3514,5.689,654.517,654.580
3515,5.689,654.517,654.580
3516,5.689,654.517,654.580
3517,5.689,654.517,654.580
3518,5.689,654.517,654.580
3519,5.689,654.517,654.580
3520,5.689,654.517,654.580
3521,5.689,654.517,654.580
3522,5.689,654.517,654.580
3523,5.689,654.517,654.580
3524,5.689,654.517,654.580
3525,5.689,654.517,654.580
3526,5.689,654.517,654.580
3527,5.689,654.517,654.580
3528,5.689,654.517,654.580
3529,5.689,654.517,654.580
3530,5.689,654.517,654.580
3531,5.689,654.517,654.580
3532,5.689,654.517,654.580
3533,5.689,654.517,654.580
3534,5.689,654.517,654.580
3535,5.689,654.517,654.580
3536,5.689,654.517,654.580
3537,5.689,654.517,654.580
3538,5.689,654.517,654.580
3539,5.689,654.517,654.580
3540,5.689,654.517,654.580
3541,5.689,654.517,654.580
3542,5.689,654.517,654.580
3543,5.689,654.517,654.580
3544,5.689,654.517,654.580
3545,5.689,654.517,654.580
3546,5.689,654.517,654.580
3547,5.689,654.517,654.580
3548,5.689,654.517,654.580
3549,5.689,654.517,654.580
3550,5.689,654.517,654.580
3551,5.689,654.517,654.580
3552,5.689,654.517,654.580
3553,5.689,654.517,654.580
3554,5.689,654.517,654.580
3555,5.689,654.517,654.580
3556,5.689,654.517,654.580
3557,5.689,654.517,654.580
3558,5.689,654.517,654.580
3559,5.689,654.517,654.580
3560,5.689,654.517,654.580
3561,5.689,654.517,654.580
3562,5.689,654.517,654.580
3563,5.689,654.517,654.580
3564,5.689,654.517,654.580
3565,5.689,654.517,654.580
3566,5.689,654.517,654.580
3567,5.689,654.517,654.580
3568,5.689,654.517,654.580
3569,5.689,654.517,654.580
3570,5.689,654.517,654.580
3571,5.689,654.517,654.580
3572,5.689,654.517,654.580
3573,5.689,654.517,654.580
3574,5.689,654.517,654.580
3575,5.689,654.517,654.580
3576,5.689,654.517,654.580
3577,5.689,654.517,654.580
3578,5.689,654.517,654.580
3579,5.689,654.517,654.580
3580,5.689,654.517,654.580
3581,5.689,654.517,654.580
3582,5.689,654.517,654.580
3583,5.689,654.517,654.580
3584,5.689,654.517,654.580
3585,5.689,654.517,654.580
3586,5.689,654.517,654.580
3587,5.689,654.517,654.580
3588,5.689,654.517,654.580
3589,5.689,654.517,654.580
3590,5.689,654.517,654.580
3591,5.689,654.517,654.580
3592,5.689,654.517,654.580
3593,5.689,654.517,654.580
3594,5.689,654.517,654.580
3595,5.689,654.517,654.580
3596,5.689,654.517,654.580
3597,5.689,654.517,654.580
3598,5.689,654.517,654.580
3599,5.689,654.517,654.580
3600,5.689,654.517,654.580
3601,5.689,654.517,654.580
3602,5.689,654.517,654.580
3603,5.689,654.517,654.580
3604,5.689,654.517,654.580
3605,5.689,654.517,654.580
3606,5.689,654.517,654.580
3607,5.689,654.517,654.580
3608,5.689,654.517,654.580
3609,5.689,654.517,654.580
3610,5.689,654.517,654.580
3611,5.689,654.517,654.580
3612,5.689,654.517,654.580
3613,5.689,654.517,654.580
3614,5.689,654.517,654.580
3615,5.689,654.517,654.580
3616,5.689,654.517,654.580
3617,5.689,654.517,654.580
3618,5.689,654.517,654.580
3619,5.689,654.517,654.580
3620,5.689,654.517,654.580
3621,5.689,654.517,654.580
3622,5.689,654.517,654.580
3623,5.689,654.517,654.580
3624,5.689,654.517,654.580
3625,5.689,654.517,654.580
3626,5.689,654.517,654.580
3627,5.689,654.517,654.580
3628,5.689,654.517,654.580
3629,5.689,654.517,654.580
3630,5.689,654.517,654.580
3631,5.689,654.517,654.580
3632,5.689,654.517,654.580
3633,5.689,654.517,654.580
3634,5.689,654.517,654.580
3635,5.689,654.517,654.580
3636,5.689,654.517,654.580
3637,5.689,654.517,654.580
3638,5.689,654.517,654.580
3639,5.689,654.517,654.580
3640,5.689,654.517,654.580
3641,5.689,654.517,654.580
3642,5.689,654.517,654.580
3643,5.689,654.517,654.580
3644,5.689,654.517,654.580
3645,5.689,654.517,654.580
3646,5.689,654.517,654.580
3647,5.689,654.517,654.580
3648,5.689,654.517,654.580
3649,5.689,654.517,654.580
3650,5.689,654.517,654.580
3651,5.689,654.517,654.580
3652,5.689,654.517,654.580
3653,5.689,654.517,654.580
3654,5.689,654.517,654.580
3655,5.689,654.517,654.580
3656,5.689,654.517,654.580
3657,5.689,654.517,654.580
3658,5.689,654.517,654.580
3659,5.689,654.517,654.580
3660,5.689,654.517,654.580
3661,5.689,654.517,654.580
3662,5.689,654.517,654.580
3663,5.689,654.517,654.580
3664,5.689,654.517,654.580
3665,5.689,654.517,654.580
3666,5.689,654.517,654.580
3667,5.689,654.517,654.580
3668,5.689,654.517,654.580
3669,5.689,654.517,654.580
3670,5.689,654.517,654.580
3671,5.689,654.517,654.580
3672,5.689,654.517,654.580
3673,5.689,654.517,654.580
3674,5.689,654.517,654.580
3675,5.689,654.517,654.580
3676,5.689,654.517,654.580
3677,5.689,654.517,654.580
3678,5.689,654.517,654.580
3679,5.689,654.517,654.580
3680,5.689,654.517,654.580
3681,5.689,654.517,654.580
3682,5.689,654.517,654.580
3683,5.689,654.517,654.580
3684,5.689,654.517,654.580
3685,5.689,654.517,654.580
3686,5.689,654.517,654.580
3687,5.689,654.517,654.580
3688,5.689,654.517,654.580
3689,5.689,654.517,654.580
3690,5.689,654.517,654.580
3691,5.689,654.517,654.580
3692,5.689,654.517,654.580
3693,5.689,654.517,654.580
3694,5.689,654.517,654.580
3695,5.689,654.517,654.580
3696,5.689,654.517,654.580
3697,5.689,654.517,654.580
3698,5.689,654.517,654.580
3699,5.689,654.517,654.580
3700,5.689,654.517,654.580
3701,5.689,654.517,654.580
3702,5.689,654.517,654.580
3703,5.689,654.517,654.580
3704,5.689,654.517,654.580
3705,5.689,654.517,654.580
3706,5.689,654.517,654.580
3707,5.689,654.517,654.580
3708,5.689,654.517,654.580
3709,5.689,654.517,654.580
3710,5.689,654.517,654.580
3711,5.689,654.517,654.580
3712,5.689,654.517,654.580
3713,5.689,654.517,654.580
3714,5.689,654.517,654.580
3715,5.689,654.517,654.580
3716,5.689,654.517,654.580
3717,5.689,654.517,654.580
3718,5.689,654.517,654.580
3719,5.689,654.517,654.580
3720,5.689,654.517,654.580
3721,5.689,654.517,654.580
3722,5.689,654.517,654.580
3723,5.689,654.517,654.580
3724,5.689,654.517,654.580
3725,5.689,654.517,654.580
3726,5.689,654.517,654.580
3727,5.689,654.517,654.580
3728,5.689,654.517,654.580
3729,5.689,654.517,654.580
3730,5.689,654.517,654.580
3731,5.689,654.517,654.580
3732,5.689,654.517,654.580
3733,5.689,654.517,654.580
3734,5.689,654.517,654.580
3735,5.689,654.517,654.580
3736,5.689,654.517,654.580
3737,5.689,654.517,654.580
3738,5.689,654.517,654.580
3739,5.689,654.517,654.580
3740,5.689,654.517,654.580
3741,5.689,654.517,654.580
3742,5.689,654.517,654.580
3743,5.689,654.517,654.580
3744,5.689,654.517,654.580
3745,5.689,654.517,654.580
3746,5.689,654.517,654.580
3747,5.689,654.517,654.580
3748,5.689,654.517,654.580
3749,5.689,654.517,654.580
3750,5.689,654.517,654.580
3751,5.689,654.517,654.580
3752,5.689,654.517,654.580
3753,5.689,654.517,654.580
3754,5.689,654.517,654.580
3755,5.689,654.517,654.580
3756,5.689,654.517,654.580
3757,5.689,654.517,654.580
3758,5.689,654.517,654.580
3759,5.689,654.517,654.580
3760,5.689,654.517,654.580
3761,5.689,654.517,654.580
3762,5.689,654.517,654.580
3763,5.689,654.517,654.580
3764,5.689,654.517,654.580
3765,5.689,654.517,654.580
3766,5.689,654.517,654.580
3767,5.689,654.517,654.580
3768,5.689,654.517,654.580
3769,5.689,654.517,654.580
3770,5.689,654.517,654.580
3771,5.689,654.517,654.580
3772,5.689,654.517,654.580
3773,5.689,654.517,654.580
3774,5.689,654.517,654.580
3775,5.689,654.517,654.580
3776,5.689,654.517,654.580
3777,5.689,654.517,654.580
3778,5.689,654.517,654.580
3779,5.689,654.517,654.580
3780,5.689,654.517,654.580
3781,5.689,654.517,654.580
3782,5.689,654.517,654.580
3783,5.689,654.517,654.580
3784,5.689,654.517,654.580
3785,5.689,654.517,654.580
3786,5.689,654.517,654.580
3787,5.689,654.517,654.580
3788,5.689,654.517,654.580
3789,5.689,654.517,654.580
3790,5.689,654.517,654.580
3791,5.689,654.517,654.580
3792,5.689,654.517,654.580
3793,5.689,654.517,654.580
3794,5.689,654.517,654.580
3795,5.689,654.517,654.580
3796,5.689,654.517,654.580
3797,5.689,654.517,654.580
3798,5.689,654.517,654.580
3799,5.689,654.517,654.580
3800,5.689,654.517,654.580
3801,5.689,654.517,654.580
3802,5.689,654.517,654.580
3803,5.689,654.517,654.580
3804,5.689,654.517,654.580
3805,5.689,654.517,654.580
3806,5.689,654.517,654.580
3807,5.689,654.517,654.580
3808,5.689,654.517,654.580
3809,5.689,654.517,654.580
3810,5.689,654.517,654.580
3811,5.689,654.517,654.580
3812,5.689,654.517,654.580
3813,5.689,654.517,654.580
3814,5.689,654.517,654.580
3815,5.689,654.517,654.580
3816,5.689,654.517,654.580
3817,5.689,654.517,654.580
3818,5.689,654.517,654.580
3819,5.689,654.517,654.580
3820,5.689,654.517,654.580
3821,5.689,654.517,654.580
3822,5.689,654.517,654.580
3823,5.689,654.517,654.580
3824,5.689,654.517,654.580
3825,5.689,654.517,654.580
3826,5.689,654.517,654.580
3827,5.689,654.517,654.580
3828,5.689,654.517,654.580
3829,5.689,654.517,654.580
3830,5.689,654.517,654.580
3831,5.689,654.517,654.580
3832,5.689,654.517,654.580
3833,5.689,654.517,654.580
3834,5.689,654.517,654.580
3835,5.689,654.517,654.580
3836,5.689,654.517,654.580
3837,5.689,654.517,654.580
3838,5.689,654.517,654.580
3839,5.689,654.517,654.580
3840,5.689,654.517,654.580
3841,5.689,654.517,654.580
3842,5.689,654.517,654.580
3843,5.689,654.517,654.580
3844,5.689,654.517,654.580
3845,5.689,654.517,654.580
3846,5.689,654.517,654.580
3847,5.689,654.517,654.580
3848,5.689,654.517,654.580
3849,5.689,654.517,654.580
3850,5.689,654.517,654.580
3851,5.689,654.517,654.580
3852,5.689,654.517,654.580
3853,5.689,654.517,654.580
3854,5.689,654.517,654.580
3855,5.689,654.517,654.580
3856,5.689,654.517,654.580
3857,5.689,654.517,654.580
3858,5.689,654.517,654.580
3859,5.689,654.517,654.580
3860,5.689,654.517,654.580
3861,5.689,654.517,654.580
3862,5.689,654.517,654.580
3863,5.689,654.517,654.580
3864,5.689,654.517,654.580
3865,5.689,654.517,654.580
3866,5.689,654.517,654.580
3867,5.689,654.517,654.580
3868,5.689,654.517,654.580
3869,5.689,654.517,654.580
3870,5.689,654.517,654.580
3871,5.689,654.517,654.580
3872,5.689,654.517,654.580
3873,5.689,654.517,654.580
3874,5.689,654.517,654.580
3875,5.689,654.517,654.580
3876,5.689,654.517,654.580
3877,5.689,654.517,654.580
3878,5.689,654.517,654.580
3879,5.689,654.517,654.580
3880,5.689,654.517,654.580
3881,5.689,654.517,654.580
3882,5.689,654.517,654.580
3883,5.689,654.517,654.580
3884,5.689,654.517,654.580
3885,5.689,654.517,654.580
3886,5.689,654.517,654.580
3887,5.689,654.517,654.580
3888,5.689,654.517,654.580
3889,5.689,654.517,654.580
3890,5.689,654.517,654.580
3891,5.689,654.517,654.580
3892,5.689,654.517,654.580
3893,5.689,654.517,654.580
3894,5.689,654.517,654.580
3895,5.689,654.517,654.580
3896,5.689,654.517,654.580
3897,5.689,654.517,654.580
3898,5.689,654.517,654.580
3899,5.689,654.517,654.580
3900,5.689,654.517,654.580
3901,5.689,654.517,654.580
3902,5.689,654.517,654.580
3903,5.689,654.517,654.580
3904,5.689,654.517,654.580
3905,5.689,654.517,654.580
3906,5.689,654.517,654.580
3907,5.689,654.517,654.580
3908,5.689,654.517,654.580
3909,5.689,654.517,654.580
3910,5.689,654.517,654.580
3911,5.689,654.517,654.580
3912,5.689,654.517,654.580
3913,5.689,654.517,654.580
3914,5.689,654.517,654.580
3915,5.689,654.517,654.580
3916,5.689,654.517,654.580
3917,5.689,654.517,654.580
3918,5.689,654.517,654.580
3919,5.689,654.517,654.580
3920,5.689,654.517,654.580
3921,5.689,654.517,654.580
3922,5.689,654.517,654.580
3923,5.689,654.517,654.580
3924,5.689,654.517,654.580
3925,5.689,654.517,654.580
3926,5.689,654.517,654.580
3927,5.689,654.517,654.580
3928,5.689,654.517,654.580
3929,5.689,654.517,654.580
3930,5.689,654.517,654.580
3931,5.689,654.517,654.580
3932,5.689,654.517,654.580
3933,5.689,654.517,654.580
3934,5.689,654.517,654.580
3935,5.689,654.517,654.580
3936,5.689,654.517,654.580
3937,5.689,654.517,654.580
3938,5.689,654.517,654.580
3939,5.689,654.517,654.580
3940,5.689,654.517,654.580
3941,5.689,654.517,654.580
3942,5.689,654.517,654.580
3943,5.689,654.517,654.580
3944,5.689,654.517,654.580
3945,5.689,654.517,654.580
3946,5.689,654.517,654.580
3947,5.689,654.517,654.580
3948,5.689,654.517,654.580
3949,5.689,654.517,654.580
3950,5.689,654.517,654.580
3951,5.689,654.517,654.580
3952,5.689,654.517,654.580
3953,5.689,654.517,654.580
3954,5.689,654.517,654.580
3955,5.689,654.517,654.580
3956,5.689,654.517,654.580
3957,5.689,654.517,654.580
3958,5.689,654.517,654.580
3959,5.689,654.517,654.580
3960,5.689,654.517,654.580
3961,5.689,654.517,654.580
3962,5.689,654.517,654.580
3963,5.689,654.517,654.580
3964,5.689,654.517,654.580
3965,5.689,654.517,654.580
3966,5.689,654.517,654.580
3967,5.689,654.517,654.580
3968,5.689,654.517,654.580
3969,5.689,654.517,654.580
3970,5.689,654.517,654.580
3971,5.689,654.517,654.580
3972,5.689,654.517,654.580
3973,5.689,654.517,654.580
3974,5.689,654.517,654.580
3975,5.689,654.517,654.580
3976,5.689,654.517,654.580
3977,5.689,654.517,654.580
3978,5.689,654.517,654.580
3979,5.689,654.517,654.580
3980,5.689,654.517,654.580
3981,5.689,654.517,654.580
3982,5.689,654.517,654.580
3983,5.689,654.517,654.580
3984,5.689,654.517,654.580
3985,5.689,654.517,654.580
3986,5.689,654.517,654.580
3987,5.689,654.517,654.580
3988,5.689,654.517,654.580
3989,5.689,654.517,654.580
3990,5.689,654.517,654.580
3991,5.689,654.517,654.580
3992,5.689,654.517,654.580
3993,5.689,654.517,654.580
3994,5.689,654.517,654.580
3995,5.689,654.517,654.580
3996,5.689,654.517,654.580
3997,5.689,654.517,654.580
3998,5.689,654.517,654.580
3999,5.689,654.517,654.580
4000,5.689,654.517,654.580
4001,5.689,654.517,654.580
4002,5.689,654.517,654.580
4003,5.689,654.517,654.580
4004,5.689,654.517,654.580
4005,5.689,654.517,654.580
4006,5.689,654.517,654.580
4007,5.689,654.517,654.580
4008,5.689,654.517,654.580
4009,5.689,654.517,654.580
4010,5.689,654.517,654.580
4011,5.689,654.517,654.580
4012,5.689,654.517,654.580
4013,5.689,654.517,654.580
4014,5.689,654.517,654.580
4015,5.689,654.517,654.580
4016,5.689,654.517,654.580
4017,5.689,654.517,654.580
4018,5.689,654.517,654.580
4019,5.689,654.517,654.580
4020,5.689,654.517,654.580
4021,5.689,654.517,654.580
4022,5.689,654.517,654.580
4023,5.689,654.517,654.580
4024,5.689,654.517,654.580
4025,5.689,654.517,654.580
4026,5.689,654.517,654.580
4027,5.689,654.517,654.580
4028,5.689,654.517,654.580
4029,5.689,654.517,654.580
4030,5.689,654.517,654.580
4031,5.689,654.517,654.580
4032,5.689,654.517,654.580
4033,5.689,654.517,654.580
4034,5.689,654.517,654.580
4035,5.689,654.517,654.580
4036,5.689,654.517,654.580
4037,5.689,654.517,654.580
4038,5.689,654.517,654.580
4039,5.689,654.517,654.580
4040,5.689,654.517,654.580
4041,5.689,654.517,654.580
4042,5.689,654.517,654.580
4043,5.689,654.517,654.580
4044,5.689,654.517,654.580
4045,5.689,654.517,654.580
4046,5.689,654.517,654.580
4047,5.689,654.517,654.580
4048,5.689,654.517,654.580
4049,5.689,654.517,654.580
4050,5.689,654.517,654.580
4051,5.689,654.517,654.580
4052,5.689,654.517,654.580
4053,5.689,654.517,654.580
4054,5.689,654.517,654.580
4055,5.689,654.517,654.580
4056,5.689,654.517,654.580
4057,5.689,654.517,654.580
4058,5.689,654.517,654.580
4059,5.689,654.517,654.580
4060,5.689,654.517,654.580
4061,5.689,654.517,654.580
4062,5.689,654.517,654.580
4063,5.689,654.517,654.580
4064,5.689,654.517,654.580
4065,5.689,654.517,654.580
4066,5.689,654.517,654.580
4067,5.689,654.517,654.580
4068,5.689,654.517,654.580
4069,5.689,654.517,654.580
4070,5.689,654.517,654.580
4071,5.689,654.517,654.580
4072,5.689,654.517,654.580
4073,5.689,654.517,654.580
4074,5.689,654.517,654.580
4075,5.689,654.517,654.580
4076,5.689,654.517,654.580
4077,5.689,654.517,654.580
4078,5.689,654.517,654.580
4079,5.689,654.517,654.580
4080,5.689,654.517,654.580
4081,5.689,654.517,654.580
4082,5.689,654.517,654.580
4083,5.689,654.517,654.580
4084,5.689,654.517,654.580
4085,5.689,654.517,654.580
4086,5.689,654.517,654.580
4087,5.689,654.517,654.580
4088,5.689,654.517,654.580
4089,5.689,654.517,654.580
4090,5.689,654.517,654.580
4091,5.689,654.517,654.580
4092,5.689,654.517,654.580
4093,5.689,654.517,654.580
4094,5.689,654.517,654.580
4095,5.689,654.517,654.580
4096,5.689,654.517,654.580
4097,5.689,654.517,654.580
4098,5.689,654.517,654.580
4099,5.689,654.517,654.580
4100,5.689,654.517,654.580
4101,5.689,654.517,654.580
4102,5.689,654.517,654.580
4103,5.689,654.517,654.580
4104,5.689,654.517,654.580
4105,5.689,654.517,654.580
4106,5.689,654.517,654.580
4107,5.689,654.517,654.580
4108,5.689,654.517,654.580
4109,5.689,654.517,654.580
4110,5.689,654.517,654.580
4111,5.689,654.517,654.580
4112,5.689,654.517,654.580
4113,5.689,654.517,654.580
4114,5.689,654.517,654.580
4115,5.689,654.517,654.580
4116,5.689,654.517,654.580
4117,5.689,654.517,654.580
4118,5.689,654.517,654.580
4119,5.689,654.517,654.580
4120,5.689,654.517,654.580
4121,5.689,654.517,654.580
4122,5.689,654.517,654.580
4123,5.689,654.517,654.580
4124,5.689,654.517,654.580
4125,5.689,654.517,654.580
4126,5.689,654.517,654.580
4127,5.689,654.517,654.580
4128,5.689,654.517,654.580
4129,5.689,654.517,654.580
4130,5.689,654.517,654.580
4131,5.689,654.517,654.580
4132,5.689,654.517,654.580
4133,5.689,654.517,654.580
4134,5.689,654.517,654.580
4135,5.689,654.517,654.580
4136,5.689,654.517,654.580
4137,5.689,654.517,654.580
4138,5.689,654.517,654.580
4139,5.689,654.517,654.580
4140,5.689,654.517,654.580
4141,5.689,654.517,654.580
4142,5.689,654.517,654.580
4143,5.689,654.517,654.580
4144,5.689,654.517,654.580
4145,5.689,654.517,654.580
4146,5.689,654.517,654.580
4147,5.689,654.517,654.580
4148,5.689,654.517,654.580
4149,5.689,654.517,654.580
4150,5.689,654.517,654.580
4151,5.689,654.517,654.580
4152,5.689,654.517,654.580
4153,5.689,654.517,654.580
4154,5.689,654.517,654.580
4155,5.689,654.517,654.580
4156,5.689,654.517,654.580
4157,5.689,654.517,654.580
4158,5.689,654.517,654.580
4159,5.689,654.517,654.580
4160,5.689,654.517,654.580
4161,5.689,654.517,654.580
4162,5.689,654.517,654.580
4163,5.689,654.517,654.580
4164,5.689,654.517,654.580
4165,5.689,654.517,654.580
4166,5.689,654.517,654.580
4167,5.689,654.517,654.580
4168,5.689,654.517,654.580
4169,5.689,654.517,654.580
4170,5.689,654.517,654.580
4171,5.689,654.517,654.580
4172,5.689,654.517,654.580
4173,5.689,654.517,654.580
4174,5.689,654.517,654.580
4175,5.689,654.517,654.580
4176,5.689,654.517,654.580
4177,5.689,654.517,654.580
4178,5.689,654.517,654.580
4179,5.689,654.517,654.580
4180,5.689,654.517,654.580
4181,5.689,654.517,654.580
4182,5.689,654.517,654.580
4183,5.689,654.517,654.580
4184,5.689,654.517,654.580
4185,5.689,654.517,654.580
4186,5.689,654.517,654.580
4187,5.689,654.517,654.580
4188,5.689,654.517,654.580
4189,5.689,654.517,654.580
4190,5.689,654.517,654.580
4191,5.689,654.517,654.580
4192,5.689,654.517,654.580
4193,5.689,654.517,654.580
4194,5.689,654.517,654.580
4195,5.689,654.517,654.580
4196,5.689,654.517,654.580
4197,5.689,654.517,654.580
4198,5.689,654.517,654.580
4199,5.689,654.517,654.580
4200,5.689,654.517,654.580
4201,5.689,654.517,654.580
4202,5.689,654.517,654.580
4203,5.689,654.517,654.580
4204,5.689,654.517,654.580
4205,5.689,654.517,654.580
4206,5.689,654.517,654.580
4207,5.689,654.517,654.580
4208,5.689,654.517,654.580
4209,5.689,654.517,654.580
4210,5.689,654.517,654.580
4211,5.689,654.517,654.580
4212,5.689,654.517,654.580
4213,5.689,654.517,654.580
4214,5.689,654.517,654.580
4215,5.689,654.517,654.580
4216,5.689,654.517,654.580
4217,5.689,654.517,654.580
4218,5.689,654.517,654.580
4219,5.689,654.517,654.580
4220,5.689,654.517,654.580
4221,5.689,654.517,654.580
4222,5.689,654.517,654.580
4223,5.689,654.517,654.580
4224,5.689,654.517,654.580
4225,5.689,654.517,654.580
4226,5.689,654.517,654.580
4227,5.689,654.517,654.580
4228,5.689,654.517,654.580
4229,5.689,654.517,654.580
4230,5.689,654.517,654.580
4231,5.689,654.517,654.580
4232,5.689,654.517,654.580
4233,5.689,654.517,654.580
4234,5.689,654.517,654.580
4235,5.689,654.517,654.580
4236,5.689,654.517,654.580
4237,5.689,654.517,654.580
4238,5.689,654.517,654.580
4239,5.689,654.517,654.580
4240,5.689,654.517,654.580
4241,5.689,654.517,654.580
4242,5.689,654.517,654.580
4243,5.689,654.517,654.580
4244,5.689,654.517,654.580
4245,5.689,654.517,654.580
4246,5.689,654.517,654.580
4247,5.689,654.517,654.580
4248,5.689,654.517,654.580
4249,5.689,654.517,654.580
4250,5.689,654.517,654.580
4251,5.689,654.517,654.580
4252,5.689,654.517,654.580
4253,5.689,654.517,654.580
4254,5.689,654.517,654.580
4255,5.689,654.517,654.580
4256,5.689,654.517,654.580
4257,5.689,654.517,654.580
4258,5.689,654.517,654.580
4259,5.689,654.517,654.580
4260,5.689,654.517,654.580
4261,5.689,654.517,654.580
4262,5.689,654.517,654.580
4263,5.689,654.517,654.580
4264,5.689,654.517,654.580
4265,5.689,654.517,654.580
4266,5.689,654.517,654.580
4267,5.689,654.517,654.580
4268,5.689,654.517,654.580
4269,5.689,654.517,654.580
4270,5.689,654.517,654.580
4271,5.689,654.517,654.580
4272,5.689,654.517,654.580
4273,5.689,654.517,654.580
4274,5.689,654.517,654.580
4275,5.689,654.517,654.580
4276,5.689,654.517,654.580
4277,5.689,654.517,654.580
4278,5.689,654.517,654.580
4279,5.689,654.517,654.580
4280,5.689,654.517,654.580
4281,5.689,654.517,654.580
4282,5.689,654.517,654.580
4283,5.689,654.517,654.580
4284,5.689,654.517,654.580
4285,5.689,654.517,654.580
4286,5.689,654.517,654.580
4287,5.689,654.517,654.580
4288,5.689,654.517,654.580
4289,5.689,654.517,654.580
4290,5.689,654.517,654.580
4291,5.689,654.517,654.580
4292,5.689,654.517,654.580
4293,5.689,654.517,654.580
4294,5.689,654.517,654.580
4295,5.689,654.517,654.580
4296,5.689,654.517,654.580
4297,5.689,654.517,654.580
4298,5.689,654.517,654.580
4299,5.689,654.517,654.580
4300,5.689,654.517,654.580
4301,5.689,654.517,654.580
4302,5.689,654.517,654.580
4303,5.689,654.517,654.580
4304,5.689,654.517,654.580
4305,5.689,654.517,654.580
4306,5.689,654.517,654.580
4307,5.689,654.517,654.580
4308,5.689,654.517,654.580
4309,5.689,654.517,654.580
4310,5.689,654.517,654.580
4311,5.689,654.517,654.580
4312,5.689,654.517,654.580
4313,5.689,654.517,654.580
4314,5.689,654.517,654.580
4315,5.689,654.517,654.580
4316,5.689,654.517,654.580
4317,5.689,654.517,654.580
4318,5.689,654.517,654.580
4319,5.689,654.517,654.580
4320,5.689,654.517,654.580
4321,5.689,654.517,654.580
4322,5.689,654.517,654.580
4323,5.689,654.517,654.580
4324,5.689,654.517,654.580
4325,5.689,654.517,654.580
4326,5.689,654.517,654.580
4327,5.689,654.517,654.580
4328,5.689,654.517,654.580
4329,5.689,654.517,654.580
4330,5.689,654.517,654.580
4331,5.689,654.517,654.580
4332,5.689,654.517,654.580
4333,5.689,654.517,654.580
4334,5.689,654.517,654.580
4335,5.689,654.517,654.580
4336,5.689,654.517,654.580
4337,5.689,654.517,654.580
4338,5.689,654.517,654.580
4339,5.689,654.517,654.580
4340,5.689,654.517,654.580
4341,5.689,654.517,654.580
4342,5.689,654.517,654.580
4343,5.689,654.517,654.580
4344,5.689,654.517,654.580
4345,5.689,654.517,654.580
4346,5.689,654.517,654.580
4347,5.689,654.517,654.580
4348,5.689,654.517,654.580
4349,5.689,654.517,654.580
4350,5.689,654.517,654.580
4351,5.689,654.517,654.580
4352,5.689,654.517,654.580
4353,5.689,654.517,654.580
4354,5.689,654.517,654.580
4355,5.689,654.517,654.580
4356,5.689,654.517,654.580
4357,5.689,654.517,654.580
4358,5.689,654.517,654.580
4359,5.689,654.517,654.580
4360,5.689,654.517,654.580
4361,5.689,654.517,654.580
4362,5.689,654.517,654.580
4363,5.689,654.517,654.580
4364,5.689,654.517,654.580
4365,5.689,654.517,654.580
4366,5.689,654.517,654.580
4367,5.689,654.517,654.580
4368,5.689,654.517,654.580
4369,5.689,654.517,654.580
4370,5.689,654.517,654.580
4371,5.689,654.517,654.580
4372,5.689,654.517,654.580
4373,5.689,654.517,654.580
4374,5.689,654.517,654.580
4375,5.689,654.517,654.580
4376,5.689,654.517,654.580
4377,5.689,654.517,654.580
4378,5.689,654.517,654.580
4379,5.689,654.517,654.580
4380,5.689,654.517,654.580
4381,5.689,654.517,654.580
4382,5.689,654.517,654.580
4383,5.689,654.517,654.580
4384,5.689,654.517,654.580
4385,5.689,654.517,654.580
4386,5.689,654.517,654.580
4387,5.689,654.517,654.580
4388,5.689,654.517,654.580
4389,5.689,654.517,654.580
4390,5.689,654.517,654.580
4391,5.689,654.517,654.580
4392,5.689,654.517,654.580
4393,5.689,654.517,654.580
4394,5.689,654.517,654.580
4395,5.689,654.517,654.580
4396,5.689,654.517,654.580
4397,5.689,654.517,654.580
4398,5.689,654.517,654.580
4399,5.689,654.517,654.580
4400,5.689,654.517,654.580
4401,5.689,654.517,654.580
4402,5.689,654.517,654.580
4403,5.689,654.517,654.580
4404,5.689,654.517,654.580
4405,5.689,654.517,654.580
4406,5.689,654.517,654.580
4407,5.689,654.517,654.580
4408,5.689,654.517,654.580
4409,5.689,654.517,654.580
4410,5.689,654.517,654.580
4411,5.689,654.517,654.580
4412,5.689,654.517,654.580
4413,5.689,654.517,654.580
4414,5.689,654.517,654.580
4415,5.689,654.517,654.580
4416,5.689,654.517,654.580
4417,5.689,654.517,654.580
4418,5.689,654.517,654.580
4419,5.689,654.517,654.580
4420,5.689,654.517,654.580
4421,5.689,654.517,654.580
4422,5.689,654.517,654.580
4423,5.689,654.517,654.580
4424,5.689,654.517,654.580
4425,5.689,654.517,654.580
4426,5.689,654.517,654.580
4427,5.689,654.517,654.580
4428,5.689,654.517,654.580
4429,5.689,654.517,654.580
4430,5.689,654.517,654.580
4431,5.689,654.517,654.580
4432,5.689,654.517,654.580
4433,5.689,654.517,654.580
4434,5.689,654.517,654.580
4435,5.689,654.517,654.580
4436,5.689,654.517,654.580
4437,5.689,654.517,654.580
4438,5.689,654.517,654.580
4439,5.689,654.517,654.580
4440,5.689,654.517,654.580
4441,5.689,654.517,654.580
4442,5.689,654.517,654.580
4443,5.689,654.517,654.580
4444,5.689,654.517,654.580
4445,5.689,654.517,654.580
4446,5.689,654.517,654.580
4447,5.689,654.517,654.580
4448,5.689,654.517,654.580
4449,5.689,654.517,654.580
4450,5.689,654.517,654.580
4451,5.689,654.517,654.580
4452,5.689,654.517,654.580
4453,5.689,654.517,654.580
4454,5.689,654.517,654.580
4455,5.689,654.517,654.580
4456,5.689,654.517,654.580
4457,5.689,654.517,654.580
4458,5.689,654.517,654.580
4459,5.689,654.517,654.580
4460,5.689,654.517,654.580
4461,5.689,654.517,654.580
4462,5.689,654.517,654.580
4463,5.689,654.517,654.580
4464,5.689,654.517,654.580
4465,5.689,654.517,654.580
4466,5.689,654.517,654.580
4467,5.689,654.517,654.580
4468,5.689,654.517,654.580
4469,5.689,654.517,654.580
4470,5.689,654.517,654.580
4471,5.689,654.517,654.580
4472,5.689,654.517,654.580
4473,5.689,654.517,654.580
4474,5.689,654.517,654.580
4475,5.689,654.517,654.580
4476,5.689,654.517,654.580
4477,5.689,654.517,654.580
4478,5.689,654.517,654.580
4479,5.689,654.517,654.580
4480,5.689,654.517,654.580
4481,5.689,654.517,654.580
4482,5.689,654.517,654.580
4483,5.689,654.517,654.580
4484,5.689,654.517,654.580
4485,5.689,654.517,654.580
4486,5.689,654.517,654.580
4487,5.689,654.517,654.580
4488,5.689,654.517,654.580
4489,5.689,654.517,654.580
4490,5.689,654.517,654.580
4491,5.689,654.517,654.580
4492,5.689,654.517,654.580
4493,5.689,654.517,654.580
4494,5.689,654.517,654.580
4495,5.689,654.517,654.580
4496,5.689,654.517,654.580
4497,5.689,654.517,654.580
4498,5.689,654.517,654.580
4499,5.689,654.517,654.580
4500,5.689,654.517,654.580
4501,5.689,654.517,654.580
4502,5.689,654.517,654.580
4503,5.689,654.517,654.580
4504,5.689,654.517,654.580
4505,5.689,654.517,654.580
4506,5.689,654.517,654.580
4507,5.689,654.517,654.580
4508,5.689,654.517,654.580
4509,5.689,654.517,654.580
4510,5.689,654.517,654.580
4511,5.689,654.517,654.580
4512,5.689,654.517,654.580
4513,5.689,654.517,654.580
4514,5.689,654.517,654.580
4515,5.689,654.517,654.580
4516,5.689,654.517,654.580
4517,5.689,654.517,654.580
4518,5.689,654.517,654.580
4519,5.689,654.517,654.580
4520,5.689,654.517,654.580
4521,5.689,654.517,654.580
4522,5.689,654.517,654.580
4523,5.689,654.517,654.580
4524,5.689,654.517,654.580
4525,5.689,654.517,654.580
4526,5.689,654.517,654.580
4527,5.689,654.517,654.580
4528,5.689,654.517,654.580
4529,5.689,654.517,654.580
4530,5.689,654.517,654.580
4531,5.689,654.517,654.580
4532,5.689,654.517,654.580
4533,5.689,654.517,654.580
4534,5.689,654.517,654.580
4535,5.689,654.517,654.580
4536,5.689,654.517,654.580
4537,5.689,654.517,654.580
4538,5.689,654.517,654.580
4539,5.689,654.517,654.580
4540,5.689,654.517,654.580
4541,5.689,654.517,654.580
4542,5.689,654.517,654.580
4543,5.689,654.517,654.580
4544,5.689,654.517,654.580
4545,5.689,654.517,654.580
4546,5.689,654.517,654.580
4547,5.689,654.517,654.580
4548,5.689,654.517,654.580
4549,5.689,654.517,654.580
4550,5.689,654.517,654.580
4551,5.689,654.517,654.580
4552,5.689,654.517,654.580
4553,5.689,654.517,654.580
4554,5.689,654.517,654.580
4555,5.689,654.517,654.580
4556,5.689,654.517,654.580
4557,5.689,654.517,654.580
4558,5.689,654.517,654.580
4559,5.689,654.517,654.580
4560,5.689,654.517,654.580
4561,5.689,654.517,654.580
4562,5.689,654.517,654.580
4563,5.689,654.517,654.580
4564,5.689,654.517,654.580
4565,5.689,654.517,654.580
4566,5.689,654.517,654.580
4567,5.689,654.517,654.580
4568,5.689,654.517,654.580
4569,5.689,654.517,654.580
4570,5.689,654.517,654.580
4571,5.689,654.517,654.580
4572,5.689,654.517,654.580
4573,5.689,654.517,654.580
4574,5.689,654.517,654.580
4575,5.689,654.517,654.580
4576,5.689,654.517,654.580
4577,5.689,654.517,654.580
4578,5.689,654.517,654.580
4579,5.689,654.517,654.580
4580,5.689,654.517,654.580
4581,5.689,654.517,654.580
4582,5.689,654.517,654.580
4583,5.689,654.517,654.580
4584,5.689,654.517,654.580
4585,5.689,654.517,654.580
4586,5.689,654.517,654.580
4587,5.689,654.517,654.580
4588,5.689,654.517,654.580
4589,5.689,654.517,654.580
4590,5.689,654.517,654.580
4591,5.689,654.517,654.580
4592,5.689,654.517,654.580
4593,5.689,654.517,654.580
4594,5.689,654.517,654.580
4595,5.689,654.517,654.580
4596,5.689,654.517,654.580
4597,5.689,654.517,654.580
4598,5.689,654.517,654.580
4599,5.689,654.517,654.580
4600,5.689,654.517,654.580
4601,5.689,654.517,654.580
4602,5.689,654.517,654.580
4603,5.689,654.517,654.580
4604,5.689,654.517,654.580
4605,5.689,654.517,654.580
4606,5.689,654.517,654.580
4607,5.689,654.517,654.580
4608,5.689,654.517,654.580
4609,5.689,654.517,654.580
4610,5.689,654.517,654.580
4611,5.689,654.517,654.580
4612,5.689,654.517,654.580
4613,5.689,654.517,654.580
4614,5.689,654.517,654.580
4615,5.689,654.517,654.580
4616,5.689,654.517,654.580
4617,5.689,654.517,654.580
4618,5.689,654.517,654.580
4619,5.689,654.517,654.580
4620,5.689,654.517,654.580
4621,5.689,654.517,654.580
4622,5.689,654.517,654.580
4623,5.689,654.517,654.580
4624,5.689,654.517,654.580
4625,5.689,654.517,654.580
4626,5.689,654.517,654.580
4627,5.689,654.517,654.580
4628,5.689,654.517,654.580
4629,5.689,654.517,654.580
4630,5.689,654.517,654.580
4631,5.689,654.517,654.580
4632,5.689,654.517,654.580
4633,5.689,654.517,654.580
4634,5.689,654.517,654.580
4635,5.689,654.517,654.580
4636,5.689,654.517,654.580
4637,5.689,654.517,654.580
4638,5.689,654.517,654.580
4639,5.689,654.517,654.580
4640,5.689,654.517,654.580
4641,5.689,654.517,654.580
4642,5.689,654.517,654.580
4643,5.689,654.517,654.580
4644,5.689,654.517,654.580
4645,5.689,654.517,654.580
4646,5.689,654.517,654.580
4647,5.689,654.517,654.580
4648,5.689,654.517,654.580
4649,5.689,654.517,654.580
4650,5.689,654.517,654.580
4651,5.689,654.517,654.580
4652,5.689,654.517,654.580
4653,5.689,654.517,654.580
4654,5.689,654.517,654.580
4655,5.689,654.517,654.580
4656,5.689,654.517,654.580
4657,5.689,654.517,654.580
4658,5.689,654.517,654.580
4659,5.689,654.517,654.580
4660,5.689,654.517,654.580
4661,5.689,654.517,654.580
4662,5.689,654.517,654.580
4663,5.689,654.517,654.580
4664,5.689,654.517,654.580
4665,5.689,654.517,654.580
4666,5.689,654.517,654.580
4667,5.689,654.517,654.580
4668,5.689,654.517,654.580
4669,5.689,654.517,654.580
4670,5.689,654.517,654.580
4671,5.689,654.517,654.580
4672,5.689,654.517,654.580
4673,5.689,654.517,654.580
4674,5.689,654.517,654.580
4675,5.689,654.517,654.580
4676,5.689,654.517,654.580
4677,5.689,654.517,654.580
4678,5.689,654.517,654.580
4679,5.689,654.517,654.580
4680,5.689,654.517,654.580
4681,5.689,654.517,654.580
4682,5.689,654.517,654.580
4683,5.689,654.517,654.580
4684,5.689,654.517,654.580
4685,5.689,654.517,654.580
4686,5.689,654.517,654.580
4687,5.689,654.517,654.580
4688,5.689,654.517,654.580
4689,5.689,654.517,654.580
4690,5.689,654.517,654.580
4691,5.689,654.517,654.580
4692,5.689,654.517,654.580
4693,5.689,654.517,654.580
4694,5.689,654.517,654.580
4695,5.689,654.517,654.580
4696,5.689,654.517,654.580
4697,5.689,654.517,654.580
4698,5.689,654.517,654.580
4699,5.689,654.517,654.580
4700,5.689,654.517,654.580
4701,5.689,654.517,654.580
4702,5.689,654.517,654.580
4703,5.689,654.517,654.580
4704,5.689,654.517,654.580
4705,5.689,654.517,654.580
4706,5.689,654.517,654.580
4707,5.689,654.517,654.580
4708,5.689,654.517,654.580
4709,5.689,654.517,654.580
4710,5.689,654.517,654.580
4711,5.689,654.517,654.580
4712,5.689,654.517,654.580
4713,5.689,654.517,654.580
4714,5.689,654.517,654.580
4715,5.689,654.517,654.580
4716,5.689,654.517,654.580
4717,5.689,654.517,654.580
4718,5.689,654.517,654.580
4719,5.689,654.517,654.580
4720,5.689,654.517,654.580
4721,5.689,654.517,654.580
4722,5.689,654.517,654.580
4723,5.689,654.517,654.580
4724,5.689,654.517,654.580
4725,5.689,654.517,654.580
4726,5.689,654.517,654.580
4727,5.689,654.517,654.580
4728,5.689,654.517,654.580
4729,5.689,654.517,654.580
4730,5.689,654.517,654.580
4731,5.689,654.517,654.580
4732,5.689,654.517,654.580
4733,5.689,654.517,654.580
4734,5.689,654.517,654.580
4735,5.689,654.517,654.580
4736,5.689,654.517,654.580
4737,5.689,654.517,654.580
4738,5.689,654.517,654.580
4739,5.689,654.517,654.580
4740,5.689,654.517,654.580
4741,5.689,654.517,654.580
4742,5.689,654.517,654.580
4743,5.689,654.517,654.580
4744,5.689,654.517,654.580
4745,5.689,654.517,654.580
4746,5.689,654.517,654.580
4747,5.689,654.517,654.580
4748,5.689,654.517,654.580
4749,5.689,654.517,654.580
4750,5.689,654.517,654.580
4751,5.689,654.517,654.580
4752,5.689,654.517,654.580
4753,5.689,654.517,654.580
4754,5.689,654.517,654.580
4755,5.689,654.517,654.580
4756,5.689,654.517,654.580
4757,5.689,654.517,654.580
4758,5.689,654.517,654.580
4759,5.689,654.517,654.580
4760,5.689,654.517,654.580
4761,5.689,654.517,654.580
4762,5.689,654.517,654.580
4763,5.689,654.517,654.580
4764,5.689,654.517,654.580
4765,5.689,654.517,654.580
4766,5.689,654.517,654.580
4767,5.689,654.517,654.580
4768,5.689,654.517,654.580
4769,5.689,654.517,654.580
4770,5.689,654.517,654.580
4771,5.689,654.517,654.580
4772,5.689,654.517,654.580
4773,5.689,654.517,654.580
4774,5.689,654.517,654.580
4775,5.689,654.517,654.580
4776,5.689,654.517,654.580
4777,5.689,654.517,654.580
4778,5.689,654.517,654.580
4779,5.689,654.517,654.580
4780,5.689,654.517,654.580
4781,5.689,654.517,654.580
4782,5.689,654.517,654.580
4783,5.689,654.517,654.580
4784,5.689,654.517,654.580
4785,5.689,654.517,654.580
4786,5.689,654.517,654.580
4787,5.689,654.517,654.580
4788,5.689,654.517,654.580
4789,5.689,654.517,654.580
4790,5.689,654.517,654.580
4791,5.689,654.517,654.580
4792,5.689,654.517,654.580
4793,5.689,654.517,654.580
4794,5.689,654.517,654.580
4795,5.689,654.517,654.580
4796,5.689,654.517,654.580
4797,5.689,654.517,654.580
4798,5.689,654.517,654.580
4799,5.689,654.517,654.580
4800,5.689,654.517,654.580
4801,5.689,654.517,654.580
4802,5.689,654.517,654.580
4803,5.689,654.517,654.580
4804,5.689,654.517,654.580
4805,5.689,654.517,654.580
4806,5.689,654.517,654.580
4807,5.689,654.517,654.580
4808,5.689,654.517,654.580
4809,5.689,654.517,654.580
4810,5.689,654.517,654.580
4811,5.689,654.517,654.580
4812,5.689,654.517,654.580
4813,5.689,654.517,654.580
4814,5.689,654.517,654.580
4815,5.689,654.517,654.580
4816,5.689,654.517,654.580
4817,5.689,654.517,654.580
4818,5.689,654.517,654.580
4819,5.689,654.517,654.580
4820,5.689,654.517,654.580
4821,5.689,654.517,654.580
4822,5.689,654.517,654.580
4823,5.689,654.517,654.580
4824,5.689,654.517,654.580
4825,5.689,654.517,654.580
4826,5.689,654.517,654.580
4827,5.689,654.517,654.580
4828,5.689,654.517,654.580
4829,5.689,654.517,654.580
4830,5.689,654.517,654.580
4831,5.689,654.517,654.580
4832,5.689,654.517,654.580
4833,5.689,654.517,654.580
4834,5.689,654.517,654.580
4835,5.689,654.517,654.580
4836,5.689,654.517,654.580
4837,5.689,654.517,654.580
4838,5.689,654.517,654.580
4839,5.689,654.517,654.580
4840,5.689,654.517,654.580
4841,5.689,654.517,654.580
4842,5.689,654.517,654.580
4843,5.689,654.517,654.580
4844,5.689,654.517,654.580
4845,5.689,654.517,654.580
4846,5.689,654.517,654.580
4847,5.689,654.517,654.580
4848,5.689,654.517,654.580
4849,5.689,654.517,654.580
4850,5.689,654.517,654.580
4851,5.689,654.517,654.580
4852,5.689,654.517,654.580
4853,5.689,654.517,654.580
4854,5.689,654.517,654.580
4855,5.689,654.517,654.580
4856,5.689,654.517,654.580
4857,5.689,654.517,654.580
4858,5.689,654.517,654.580
4859,5.689,654.517,654.580
4860,5.689,654.517,654.580
4861,5.689,654.517,654.580
4862,5.689,654.517,654.580
4863,5.689,654.517,654.580
4864,5.689,654.517,654.580
4865,5.689,654.517,654.580
4866,5.689,654.517,654.580
4867,5.689,654.517,654.580
4868,5.689,654.517,654.580
4869,5.689,654.517,654.580
4870,5.689,654.517,654.580
4871,5.689,654.517,654.580
4872,5.689,654.517,654.580
4873,5.689,654.517,654.580
4874,5.689,654.517,654.580
4875,5.689,654.517,654.580
4876,5.689,654.517,654.580
4877,5.689,654.517,654.580
4878,5.689,654.517,654.580
4879,5.689,654.517,654.580
4880,5.689,654.517,654.580
4881,5.689,654.517,654.580
4882,5.689,654.517,654.580
4883,5.689,654.517,654.580
4884,5.689,654.517,654.580
4885,5.689,654.517,654.580
4886,5.689,654.517,654.580
4887,5.689,654.517,654.580
4888,5.689,654.517,654.580
4889,5.689,654.517,654.580
4890,5.689,654.517,654.580
4891,5.689,654.517,654.580
4892,5.689,654.517,654.580
4893,5.689,654.517,654.580
4894,5.689,654.517,654.580
4895,5.689,654.517,654.580
4896,5.689,654.517,654.580
4897,5.689,654.517,654.580
4898,5.689,654.517,654.580
4899,5.689,654.517,654.580
4900,5.689,654.517,654.580
4901,5.689,654.517,654.580
4902,5.689,654.517,654.580
4903,5.689,654.517,654.580
4904,5.689,654.517,654.580
4905,5.689,654.517,654.580
4906,5.689,654.517,654.580
4907,5.689,654.517,654.580
4908,5.689,654.517,654.580
4909,5.689,654.517,654.580
4910,5.689,654.517,654.580
4911,5.689,654.517,654.580
4912,5.689,654.517,654.580
4913,5.689,654.517,654.580
4914,5.689,654.517,654.580
4915,5.689,654.517,654.580
4916,5.689,654.517,654.580
4917,5.689,654.517,654.580
4918,5.689,654.517,654.580
4919,5.689,654.517,654.580
4920,5.689,654.517,654.580
4921,5.689,654.517,654.580
4922,5.689,654.517,654.580
4923,5.689,654.517,654.580
4924,5.689,654.517,654.580
4925,5.689,654.517,654.580
4926,5.689,654.517,654.580
4927,5.689,654.517,654.580
4928,5.689,654.517,654.580
4929,5.689,654.517,654.580
4930,5.689,654.517,654.580
4931,5.689,654.517,654.580
4932,5.689,654.517,654.580
4933,5.689,654.517,654.580
4934,5.689,654.517,654.580
4935,5.689,654.517,654.580
4936,5.689,654.517,654.580
4937,5.689,654.517,654.580
4938,5.689,654.517,654.580
4939,5.689,654.517,654.580
4940,5.689,654.517,654.580
4941,5.689,654.517,654.580
4942,5.689,654.517,654.580
4943,5.689,654.517,654.580
4944,5.689,654.517,654.580
4945,5.689,654.517,654.580
4946,5.689,654.517,654.580
4947,5.689,654.517,654.580
4948,5.689,654.517,654.580
4949,5.689,654.517,654.580
4950,5.689,654.517,654.580
4951,5.689,654.517,654.580
4952,5.689,654.517,654.580
4953,5.689,654.517,654.580
4954,5.689,654.517,654.580
4955,5.689,654.517,654.580
4956,5.689,654.517,654.580
4957,5.689,654.517,654.580
4958,5.689,654.517,654.580
4959,5.689,654.517,654.580
4960,5.689,654.517,654.580
4961,5.689,654.517,654.580
4962,5.689,654.517,654.580
4963,5.689,654.517,654.580
4964,5.689,654.517,654.580
4965,5.689,654.517,654.580
4966,5.689,654.517,654.580
4967,5.689,654.517,654.580
4968,5.689,654.517,654.580
4969,5.689,654.517,654.580
4970,5.689,654.517,654.580
4971,5.689,654.517,654.580
4972,5.689,654.517,654.580
4973,5.689,654.517,654.580
4974,5.689,654.517,654.580
4975,5.689,654.517,654.580
4976,5.689,654.517,654.580
4977,5.689,654.517,654.580
4978,5.689,654.517,654.580
4979,5.689,654.517,654.580
4980,5.689,654.517,654.580
4981,5.689,654.517,654.580
4982,5.689,654.517,654.580
4983,5.689,654.517,654.580
4984,5.689,654.517,654.580
4985,5.689,654.517,654.580
4986,5.689,654.517,654.580
4987,5.689,654.517,654.580
4988,5.689,654.517,654.580
4989,5.689,654.517,654.580
4990,5.689,654.517,654.580
4991,5.689,654.517,654.580
4992,5.689,654.517,654.580
4993,5.689,654.517,654.580
4994,5.689,654.517,654.580
4995,5.689,654.517,654.580
4996,5.689,654.517,654.580
4997,5.689,654.517,654.580
4998,5.689,654.517,654.580
4999,5.689,654.517,654.580
