# Time (s),Mass (g),T Back (K),T Front (K)
0,68.400,293.000,293.000
1,68.400,293.000,338.067
2,68.400,293.000,349.126
3,68.400,293.000,357.367
4,68.400,293.000,364.152
5,68.400,293.000,370.187
6,68.400,293.000,375.440
7,68.400,293.000,380.354
8,68.400,293.000,384.738
9,68.400,293.000,388.911
10,68.400,293.000,392.706
11,68.400,293.000,396.356
12,68.400,293.000,399.719
13,68.400,293.000,402.976
14,68.400,293.000,406.005
15,68.400,293.000,408.952
16,68.400,293.000,411.712
17,68.400,293.000,414.407
18,68.400,293.000,416.946
19,68.400,293.000,419.430
20,68.400,293.001,421.781
21,68.400,293.001,424.087
22,68.400,293.002,426.277
23,68.400,293.003,428.430
24,68.400,293.004,430.480
25,68.400,293.006,432.498
26,68.400,293.009,434.427
27,68.400,293.012,436.326
28,68.400,293.015,438.146
29,68.400,293.021,439.939
30,68.400,293.027,441.662
31,68.400,293.033,443.361
32,68.400,293.043,444.996
33,68.400,293.053,446.609
34,68.400,293.065,448.165
35,68.400,293.079,449.701
36,68.400,293.096,451.185
37,68.400,293.114,452.651
38,68.400,293.135,454.068
39,68.400,293.159,455.470
40,68.400,293.185,456.827
41,68.400,293.215,458.167
42,68.400,293.248,459.477
43,68.400,293.284,460.757
44,68.400,293.324,462.016
45,68.400,293.367,463.250
46,68.400,293.413,464.459
47,68.400,293.464,465.642
48,68.400,293.519,466.804
49,68.400,293.577,467.944
50,68.400,293.640,469.062
51,68.400,293.707,470.161
52,68.399,293.778,471.241
53,68.399,293.854,472.301
54,68.399,293.934,473.342
55,68.399,294.018,474.366
56,68.399,294.107,475.372
57,68.399,294.201,476.361
58,68.399,294.299,477.333
59,68.399,294.401,478.291
60,68.399,294.509,479.231
61,68.399,294.621,480.159
62,68.399,294.738,481.070
63,68.399,294.859,481.968
64,68.399,294.986,482.851
65,68.398,295.116,483.721
66,68.398,295.252,484.578
67,68.398,295.391,485.422
68,68.398,295.536,486.254
69,68.398,295.685,487.074
70,68.398,295.839,487.881
71,68.398,295.997,488.677
72,68.397,296.161,489.463
73,68.397,296.328,490.237
74,68.397,296.499,491.000
75,68.397,296.675,491.753
76,68.397,296.856,492.495
77,68.397,297.041,493.227
78,68.396,297.229,493.949
79,68.396,297.423,494.662
80,68.396,297.620,495.366
81,68.396,297.821,496.060
82,68.395,298.027,496.745
83,68.395,298.237,497.421
84,68.395,298.450,498.089
85,68.395,298.667,498.748
86,68.394,298.888,499.399
87,68.394,299.113,500.042
88,68.394,299.342,500.678
89,68.393,299.574,501.305
90,68.393,299.810,501.924
91,68.393,300.049,502.536
92,68.392,300.292,503.140
93,68.392,300.538,503.738
94,68.391,300.788,504.328
95,68.391,301.041,504.911
96,68.391,301.298,505.488
97,68.390,301.557,506.058
98,68.390,301.820,506.621
99,68.389,302.085,507.178
100,68.389,302.353,507.728
101,68.388,302.625,508.273
102,68.388,302.899,508.811
103,68.387,303.177,509.344
104,68.387,303.457,509.870
105,68.386,303.740,510.391
106,68.386,304.025,510.907
107,68.385,304.313,511.416
108,68.385,304.604,511.920
109,68.384,304.897,512.420
110,68.383,305.192,512.912
111,68.383,305.490,513.401
112,68.382,305.790,513.884
113,68.381,306.093,514.362
114,68.381,306.398,514.835
115,68.380,306.705,515.304
116,68.379,307.014,515.768
117,68.379,307.326,516.228
118,68.378,307.639,516.682
119,68.377,307.954,517.132
120,68.376,308.271,517.577
121,68.375,308.591,518.020
122,68.375,308.911,518.456
123,68.374,309.234,518.890
124,68.373,309.558,519.318
125,68.372,309.885,519.743
126,68.371,310.213,520.163
127,68.370,310.542,520.580
128,68.369,310.873,520.994
129,68.369,311.205,521.403
130,68.368,311.540,521.808
131,68.367,311.876,522.210
132,68.366,312.212,522.608
133,68.365,312.551,523.003
134,68.364,312.891,523.394
135,68.363,313.232,523.782
136,68.362,313.574,524.167
137,68.361,313.918,524.548
138,68.360,314.263,524.925
139,68.358,314.608,525.299
140,68.357,314.955,525.671
141,68.356,315.303,526.040
142,68.355,315.652,526.404
143,68.354,316.002,526.767
144,68.353,316.353,527.126
145,68.352,316.706,527.483
146,68.350,317.059,527.836
147,68.349,317.412,528.187
148,68.348,317.768,528.534
149,68.347,318.123,528.880
150,68.345,318.479,529.222
151,68.344,318.836,529.562
152,68.343,319.195,529.899
153,68.342,319.553,530.233
154,68.340,319.912,530.565
155,68.339,320.272,530.895
156,68.338,320.633,531.221
157,68.336,320.994,531.546
158,68.335,321.356,531.869
159,68.333,321.719,532.188
160,68.332,322.081,532.506
161,68.331,322.445,532.821
162,68.329,322.809,533.134
163,68.328,323.173,533.444
164,68.326,323.538,533.752
165,68.325,323.903,534.059
166,68.323,324.269,534.363
167,68.322,324.635,534.665
168,68.320,325.001,534.965
169,68.319,325.368,535.263
170,68.317,325.735,535.559
171,68.316,326.103,535.853
172,68.314,326.470,536.145
173,68.312,326.838,536.435
174,68.311,327.206,536.723
175,68.309,327.574,537.009
176,68.308,327.943,537.293
177,68.306,328.311,537.576
178,68.304,328.680,537.857
179,68.303,329.049,538.135
180,68.301,329.418,538.413
181,68.299,329.787,538.688
182,68.297,330.157,538.962
183,68.296,330.526,539.234
184,68.294,330.896,539.504
185,68.292,331.265,539.772
186,68.290,331.635,540.040
187,68.289,332.004,540.305
188,68.287,332.374,540.569
189,68.285,332.744,540.831
190,68.283,333.114,541.092
191,68.281,333.483,541.351
192,68.280,333.853,541.609
193,68.278,334.222,541.865
194,68.276,334.592,542.119
195,68.274,334.961,542.373
196,68.272,335.331,542.624
197,68.270,335.700,542.875
198,68.268,336.069,543.123
199,68.266,336.438,543.371
200,68.264,336.806,543.616
201,68.262,337.175,543.861
202,68.260,337.544,544.104
203,68.258,337.912,544.347
204,68.256,338.281,544.587
205,68.254,338.648,544.826
206,68.252,339.016,545.064
207,68.250,339.384,545.301
208,68.248,339.752,545.537
209,68.246,340.118,545.771
210,68.244,340.485,546.004
211,68.242,340.852,546.236
212,68.240,341.218,546.466
213,68.238,341.584,546.695
214,68.236,341.950,546.923
215,68.234,342.316,547.151
216,68.232,342.681,547.376
217,68.229,343.046,547.601
218,68.227,343.410,547.824
219,68.225,343.775,548.047
220,68.223,344.140,548.268
221,68.221,344.503,548.488
222,68.218,344.867,548.707
223,68.216,345.230,548.924
224,68.214,345.592,549.142
225,68.212,345.955,549.357
226,68.209,346.317,549.572
227,68.207,346.679,549.785
228,68.205,347.040,549.998
229,68.203,347.401,550.210
230,68.200,347.761,550.420
231,68.198,348.122,550.630
232,68.196,348.482,550.838
233,68.193,348.841,551.046
234,68.191,349.200,551.252
235,68.189,349.559,551.458
236,68.186,349.917,551.662
237,68.184,350.275,551.866
238,68.181,350.632,552.069
239,68.179,350.989,552.271
240,68.177,351.345,552.471
241,68.174,351.702,552.671
242,68.172,352.058,552.870
243,68.169,352.413,553.068
244,68.167,352.768,553.265
245,68.164,353.122,553.461
246,68.162,353.476,553.657
247,68.159,353.829,553.851
248,68.157,354.182,554.045
249,68.154,354.535,554.237
250,68.152,354.887,554.430
251,68.149,355.239,554.621
252,68.147,355.590,554.811
253,68.144,355.940,555.000
254,68.141,356.290,555.189
255,68.139,356.640,555.376
256,68.136,356.989,555.564
257,68.134,357.338,555.749
258,68.131,357.686,555.935
259,68.128,358.033,556.119
260,68.126,358.381,556.303
261,68.123,358.727,556.485
262,68.120,359.074,556.667
263,68.117,359.419,556.848
264,68.115,359.764,557.029
265,68.112,360.109,557.209
266,68.109,360.453,557.388
267,68.107,360.797,557.566
268,68.104,361.140,557.744
269,68.101,361.482,557.920
270,68.098,361.825,558.096
271,68.095,362.166,558.271
272,68.093,362.507,558.446
273,68.090,362.848,558.620
274,68.087,363.188,558.793
275,68.084,363.527,558.966
276,68.081,363.866,559.138
277,68.078,364.204,559.309
278,68.075,364.542,559.479
279,68.073,364.880,559.648
280,68.070,365.217,559.818
281,68.067,365.553,559.986
282,68.064,365.889,560.154
283,68.061,366.224,560.320
284,68.058,366.559,560.487
285,68.055,366.893,560.652
286,68.052,367.227,560.817
287,68.049,367.560,560.981
288,68.046,367.892,561.145
289,68.043,368.224,561.307
290,68.040,368.556,561.470
291,68.037,368.886,561.631
292,68.034,369.217,561.793
293,68.030,369.546,561.953
294,68.027,369.876,562.113
295,68.024,370.204,562.272
296,68.021,370.532,562.431
297,68.018,370.860,562.588
298,68.015,371.187,562.746
299,68.012,371.513,562.902
300,68.008,371.839,563.059
301,68.005,372.164,563.214
302,68.002,372.489,563.369
303,67.999,372.813,563.523
304,67.996,373.137,563.677
305,67.992,373.460,563.831
306,67.989,373.783,563.984
307,67.986,374.104,564.135
308,67.983,374.426,564.287
309,67.979,374.747,564.438
310,67.976,375.067,564.588
311,67.973,375.387,564.738
312,67.969,375.706,564.887
313,67.966,376.025,565.035
314,67.962,376.343,565.184
315,67.959,376.660,565.331
316,67.956,376.977,565.478
317,67.952,377.294,565.624
318,67.949,377.611,565.771
319,67.945,377.926,565.915
320,67.942,378.241,566.061
321,67.938,378.555,566.204
322,67.935,378.868,566.349
323,67.931,379.181,566.491
324,67.928,379.494,566.635
325,67.924,379.806,566.776
326,67.921,380.117,566.918
327,67.917,380.428,567.059
328,67.914,380.738,567.200
329,67.910,381.048,567.340
330,67.906,381.357,567.480
331,67.903,381.666,567.618
332,67.899,381.974,567.757
333,67.896,382.281,567.895
334,67.892,382.588,568.033
335,67.888,382.895,568.170
336,67.884,383.201,568.307
337,67.881,383.506,568.442
338,67.877,383.811,568.579
339,67.873,384.115,568.713
340,67.870,384.419,568.848
341,67.866,384.722,568.982
342,67.862,385.024,569.116
343,67.858,385.326,569.249
344,67.854,385.628,569.382
345,67.851,385.928,569.515
346,67.847,386.229,569.647
347,67.843,386.528,569.778
348,67.839,386.828,569.910
349,67.835,387.126,570.039
350,67.831,387.425,570.170
351,67.827,387.722,570.299
352,67.823,388.019,570.429
353,67.819,388.316,570.557
354,67.815,388.612,570.685
355,67.811,388.908,570.813
356,67.807,389.203,570.940
357,67.803,389.497,571.067
358,67.799,389.791,571.194
359,67.795,390.084,571.319
360,67.791,390.377,571.445
361,67.787,390.669,571.570
362,67.783,390.961,571.695
363,67.779,391.252,571.819
364,67.775,391.542,571.943
365,67.771,391.832,572.066
366,67.766,392.122,572.189
367,67.762,392.411,572.311
368,67.758,392.699,572.434
369,67.754,392.987,572.555
370,67.750,393.274,572.677
371,67.745,393.561,572.797
372,67.741,393.847,572.918
373,67.737,394.133,573.038
374,67.733,394.418,573.158
375,67.728,394.703,573.276
376,67.724,394.987,573.396
377,67.720,395.271,573.514
378,67.715,395.554,573.632
379,67.711,395.836,573.749
380,67.707,396.118,573.867
381,67.702,396.400,573.983
382,67.698,396.681,574.100
383,67.693,396.961,574.216
384,67.689,397.241,574.332
385,67.684,397.520,574.447
386,67.680,397.799,574.562
387,67.675,398.077,574.676
388,67.671,398.355,574.791
389,67.666,398.633,574.904
390,67.662,398.909,575.018
391,67.657,399.186,575.131
392,67.653,399.462,575.243
393,67.648,399.737,575.356
394,67.643,400.012,575.468
395,67.639,400.287,575.579
396,67.634,400.560,575.690
397,67.630,400.833,575.801
398,67.625,401.106,575.911
399,67.620,401.378,576.021
400,67.615,401.650,576.131
401,67.611,401.921,576.240
402,67.606,402.192,576.349
403,67.601,402.462,576.457
404,67.596,402.731,576.566
405,67.592,403.000,576.673
406,67.587,403.269,576.781
407,67.582,403.537,576.887
408,67.577,403.805,576.995
409,67.572,404.072,577.100
410,67.567,404.338,577.207
411,67.563,404.604,577.312
412,67.558,404.870,577.418
413,67.553,405.135,577.522
414,67.548,405.399,577.628
415,67.543,405.663,577.731
416,67.538,405.927,577.836
417,67.533,406.190,577.939
418,67.528,406.453,578.043
419,67.523,406.715,578.145
420,67.518,406.976,578.248
421,67.513,407.237,578.350
422,67.508,407.498,578.452
423,67.502,407.758,578.553
424,67.497,408.018,578.655
425,67.492,408.277,578.755
426,67.487,408.535,578.857
427,67.482,408.793,578.956
428,67.477,409.051,579.057
429,67.471,409.308,579.156
430,67.466,409.565,579.256
431,67.461,409.821,579.354
432,67.456,410.077,579.453
433,67.450,410.333,579.551
434,67.445,410.588,579.650
435,67.440,410.842,579.747
436,67.435,411.096,579.845
437,67.429,411.349,579.941
438,67.424,411.602,580.038
439,67.418,411.854,580.134
440,67.413,412.106,580.231
441,67.408,412.357,580.326
442,67.402,412.608,580.422
443,67.397,412.859,580.517
444,67.391,413.109,580.612
445,67.386,413.358,580.706
446,67.380,413.607,580.801
447,67.375,413.856,580.894
448,67.369,414.104,580.989
449,67.364,414.351,581.082
450,67.358,414.599,581.175
451,67.353,414.845,581.267
452,67.347,415.091,581.360
453,67.341,415.337,581.452
454,67.336,415.582,581.545
455,67.330,415.827,581.636
456,67.324,416.071,581.727
457,67.319,416.315,581.819
458,67.313,416.559,581.910
459,67.307,416.802,582.000
460,67.302,417.044,582.091
461,67.296,417.286,582.180
462,67.290,417.528,582.270
463,67.284,417.769,582.359
464,67.278,418.009,582.448
465,67.273,418.249,582.537
466,67.267,418.489,582.626
467,67.261,418.728,582.713
468,67.255,418.967,582.802
469,67.249,419.205,582.889
470,67.243,419.443,582.977
471,67.237,419.681,583.063
472,67.231,419.918,583.150
473,67.225,420.154,583.236
474,67.219,420.390,583.323
475,67.213,420.626,583.408
476,67.207,420.861,583.495
477,67.201,421.096,583.580
478,67.195,421.331,583.665
479,67.189,421.565,583.750
480,67.183,421.798,583.835
481,67.177,422.031,583.919
482,67.171,422.264,584.003
483,67.165,422.496,584.087
484,67.158,422.728,584.171
485,67.152,422.959,584.253
486,67.146,423.189,584.337
487,67.140,423.420,584.419
488,67.134,423.650,584.502
489,67.127,423.879,584.584
490,67.121,424.108,584.667
491,67.115,424.336,584.748
492,67.108,424.565,584.830
493,67.102,424.792,584.911
494,67.096,425.019,584.992
495,67.089,425.246,585.072
496,67.083,425.473,585.154
497,67.077,425.698,585.233
498,67.070,425.924,585.314
499,67.064,426.149,585.393
500,67.057,426.374,585.473
501,67.051,426.598,585.552
502,67.044,426.822,585.631
503,67.038,427.045,585.710
504,67.031,427.268,585.789
505,67.025,427.490,585.867
506,67.018,427.712,585.945
507,67.012,427.934,586.022
508,67.005,428.155,586.101
509,66.999,428.376,586.177
510,66.992,428.596,586.255
511,66.985,428.816,586.331
512,66.979,429.036,586.409
513,66.972,429.255,586.484
514,66.965,429.473,586.561
515,66.959,429.691,586.637
516,66.952,429.909,586.713
517,66.945,430.127,586.788
518,66.938,430.344,586.864
519,66.931,430.560,586.938
520,66.925,430.776,587.013
521,66.918,430.992,587.087
522,66.911,431.207,587.162
523,66.904,431.422,587.236
524,66.897,431.637,587.310
525,66.890,431.852,587.383
526,66.883,432.065,587.458
527,66.877,432.278,587.530
528,66.870,432.491,587.604
529,66.863,432.704,587.676
530,66.856,432.916,587.749
531,66.849,433.127,587.821
532,66.842,433.338,587.894
533,66.835,433.549,587.966
534,66.827,433.759,588.037
535,66.820,433.969,588.109
536,66.813,434.179,588.180
537,66.806,434.388,588.252
538,66.799,434.597,588.323
539,66.792,434.805,588.393
540,66.785,435.013,588.464
541,66.778,435.220,588.534
542,66.770,435.427,588.604
543,66.763,435.634,588.674
544,66.756,435.840,588.744
545,66.749,436.046,588.813
546,66.741,436.251,588.882
547,66.734,436.457,588.951
548,66.727,436.661,589.020
549,66.719,436.865,589.088
550,66.712,437.069,589.157
551,66.705,437.273,589.225
552,66.697,437.476,589.293
553,66.690,437.678,589.360
554,66.683,437.881,589.429
555,66.675,438.083,589.495
556,66.668,438.284,589.563
557,66.660,438.485,589.630
558,66.653,438.686,589.697
559,66.645,438.886,589.763
560,66.638,439.086,589.830
561,66.630,439.285,589.896
562,66.623,439.485,589.962
563,66.615,439.683,590.027
564,66.607,439.882,590.094
565,66.600,440.079,590.159
566,66.592,440.277,590.224
567,66.584,440.474,590.289
568,66.577,440.671,590.354
569,66.569,440.867,590.418
570,66.561,441.063,590.484
571,66.554,441.259,590.547
572,66.546,441.454,590.612
573,66.538,441.649,590.675
574,66.530,441.843,590.740
575,66.523,442.037,590.803
576,66.515,442.231,590.867
577,66.507,442.425,590.929
578,66.499,442.618,590.993
579,66.491,442.811,591.055
580,66.483,443.003,591.118
581,66.475,443.194,591.180
582,66.467,443.386,591.243
583,66.460,443.577,591.305
584,66.452,443.767,591.367
585,66.444,443.958,591.429
586,66.436,444.147,591.491
587,66.428,444.337,591.552
588,66.420,444.526,591.613
589,66.411,444.715,591.674
590,66.403,444.903,591.735
591,66.395,445.091,591.796
592,66.387,445.278,591.857
593,66.379,445.466,591.917
594,66.371,445.652,591.977
595,66.363,445.839,592.037
596,66.355,446.025,592.097
597,66.346,446.211,592.157
598,66.338,446.396,592.217
599,66.330,446.581,592.275
600,66.322,446.765,592.335
601,66.313,446.950,592.394
602,66.305,447.133,592.453
603,66.297,447.317,592.511
604,66.288,447.500,592.571
605,66.280,447.683,592.628
606,66.272,447.865,592.687
607,66.263,448.047,592.745
608,66.255,448.229,592.803
609,66.247,448.410,592.860
610,66.238,448.591,592.919
611,66.230,448.771,592.975
612,66.221,448.951,593.033
613,66.213,449.131,593.090
614,66.204,449.310,593.147
615,66.196,449.489,593.204
616,66.187,449.668,593.261
617,66.179,449.846,593.317
618,66.170,450.024,593.374
619,66.161,450.202,593.429
620,66.153,450.379,593.486
621,66.144,450.556,593.541
622,66.136,450.732,593.598
623,66.127,450.908,593.653
624,66.118,451.084,593.709
625,66.109,451.260,593.763
626,66.101,451.435,593.819
627,66.092,451.609,593.873
628,66.083,451.784,593.929
629,66.074,451.958,593.983
630,66.066,452.132,594.038
631,66.057,452.305,594.092
632,66.048,452.478,594.147
633,66.039,452.651,594.200
634,66.030,452.823,594.255
635,66.021,452.995,594.308
636,66.013,453.166,594.362
637,66.004,453.338,594.415
638,65.995,453.508,594.469
639,65.986,453.679,594.522
640,65.977,453.849,594.575
641,65.968,454.018,594.628
642,65.959,454.188,594.681
643,65.950,454.357,594.733
644,65.941,454.526,594.786
645,65.932,454.694,594.838
646,65.923,454.862,594.891
647,65.913,455.029,594.943
648,65.904,455.197,594.995
649,65.895,455.364,595.047
650,65.886,455.530,595.099
651,65.877,455.696,595.151
652,65.868,455.862,595.202
653,65.858,456.028,595.253
654,65.849,456.193,595.304
655,65.840,456.358,595.356
656,65.831,456.522,595.407
657,65.821,456.686,595.457
658,65.812,456.850,595.508
659,65.803,457.014,595.558
660,65.793,457.177,595.609
661,65.784,457.340,595.659
662,65.775,457.502,595.710
663,65.765,457.664,595.759
664,65.756,457.826,595.810
665,65.747,457.987,595.859
666,65.737,458.148,595.909
667,65.728,458.309,595.958
668,65.718,458.469,596.008
669,65.709,458.630,596.056
670,65.699,458.789,596.106
671,65.690,458.949,596.155
672,65.680,459.108,596.204
673,65.671,459.266,596.252
674,65.661,459.425,596.301
675,65.651,459.583,596.349
676,65.642,459.741,596.398
677,65.632,459.898,596.446
678,65.622,460.055,596.494
679,65.613,460.212,596.542
680,65.603,460.368,596.590
681,65.593,460.524,596.637
682,65.584,460.680,596.686
683,65.574,460.835,596.733
684,65.564,460.991,596.780
685,65.554,461.145,596.827
686,65.545,461.300,596.875
687,65.535,461.454,596.921
688,65.525,461.608,596.969
689,65.515,461.762,597.015
690,65.505,461.915,597.062
691,65.495,462.068,597.108
692,65.485,462.220,597.155
693,65.476,462.373,597.201
694,65.466,462.524,597.248
695,65.456,462.676,597.293
696,65.446,462.827,597.340
697,65.436,462.978,597.385
698,65.426,463.129,597.432
699,65.416,463.279,597.477
700,65.406,463.429,597.523
701,65.396,463.578,597.568
702,65.386,463.728,597.614
703,65.375,463.877,597.658
704,65.365,464.025,597.704
705,65.355,464.174,597.748
706,65.345,464.322,597.794
707,65.335,464.469,597.838
708,65.325,464.617,597.883
709,65.315,464.764,597.927
710,65.304,464.911,597.972
711,65.294,465.057,598.016
712,65.284,465.203,598.061
713,65.274,465.349,598.104
714,65.263,465.495,598.149
715,65.253,465.640,598.192
716,65.243,465.785,598.237
717,65.232,465.929,598.280
718,65.222,466.074,598.324
719,65.212,466.218,598.367
720,65.201,466.361,598.411
721,65.191,466.505,598.454
722,65.180,466.648,598.497
723,65.170,466.791,598.540
724,65.160,466.933,598.583
725,65.149,467.075,598.626
726,65.139,467.217,598.669
727,65.128,467.359,598.711
728,65.118,467.500,598.754
729,65.107,467.641,598.796
730,65.097,467.782,598.839
731,65.086,467.922,598.881
732,65.075,468.062,598.924
733,65.065,468.202,598.965
734,65.054,468.342,599.008
735,65.044,468.481,599.049
736,65.033,468.620,599.092
737,65.022,468.758,599.133
738,65.012,468.897,599.175
739,65.001,469.035,599.216
740,64.990,469.172,599.258
741,64.979,469.310,599.299
742,64.969,469.447,599.340
743,64.958,469.584,599.381
744,64.947,469.721,599.422
745,64.936,469.857,599.463
746,64.926,469.993,599.504
747,64.915,470.129,599.544
748,64.904,470.264,599.586
749,64.893,470.399,599.626
750,64.882,470.534,599.667
751,64.871,470.669,599.707
752,64.860,470.803,599.747
753,64.849,470.937,599.787
754,64.839,471.071,599.828
755,64.828,471.205,599.867
756,64.817,471.338,599.908
757,64.806,471.471,599.947
758,64.795,471.604,599.987
759,64.784,471.736,600.026
760,64.773,471.869,600.067
761,64.761,472.001,600.106
762,64.750,472.132,600.145
763,64.739,472.264,600.184
764,64.728,472.395,600.224
765,64.717,472.525,600.263
766,64.706,472.656,600.302
767,64.695,472.786,600.341
768,64.684,472.916,600.380
769,64.672,473.046,600.418
770,64.661,473.175,600.458
771,64.650,473.304,600.496
772,64.639,473.433,600.535
773,64.628,473.562,600.573
774,64.616,473.690,600.612
775,64.605,473.819,600.649
776,64.594,473.946,600.688
777,64.582,474.074,600.726
778,64.571,474.201,600.764
779,64.560,474.328,600.802
780,64.548,474.455,600.840
781,64.537,474.582,600.877
782,64.526,474.708,600.916
783,64.514,474.834,600.953
784,64.503,474.960,600.991
785,64.492,475.086,601.028
786,64.480,475.211,601.066
787,64.469,475.336,601.103
788,64.457,475.461,601.140
789,64.446,475.585,601.177
790,64.434,475.710,601.215
791,64.423,475.834,601.251
792,64.411,475.958,601.288
793,64.400,476.081,601.325
794,64.388,476.205,601.362
795,64.376,476.328,601.398
796,64.365,476.450,601.435
797,64.353,476.573,601.471
798,64.342,476.695,601.508
799,64.330,476.818,601.544
800,64.318,476.939,601.581
801,64.307,477.061,601.617
802,64.295,477.183,601.653
803,64.283,477.304,601.689
804,64.272,477.425,601.726
805,64.260,477.545,601.761
806,64.248,477.666,601.797
807,64.236,477.786,601.833
808,64.225,477.906,601.869
809,64.213,478.026,601.904
810,64.201,478.146,601.940
811,64.189,478.265,601.975
812,64.177,478.384,602.011
813,64.166,478.503,602.046
814,64.154,478.622,602.082
815,64.142,478.740,602.116
816,64.130,478.858,602.152
817,64.118,478.976,602.187
818,64.106,479.094,602.222
819,64.094,479.211,602.256
820,64.082,479.329,602.292
821,64.070,479.446,602.326
822,64.058,479.563,602.361
823,64.046,479.679,602.395
824,64.034,479.796,602.431
825,64.022,479.912,602.465
826,64.010,480.028,602.499
827,63.998,480.144,602.533
828,63.986,480.260,602.568
829,63.974,480.375,602.602
830,63.962,480.490,602.637
831,63.950,480.605,602.670
832,63.938,480.720,602.705
833,63.926,480.835,602.738
834,63.914,480.949,602.773
835,63.901,481.063,602.806
836,63.889,481.177,602.840
837,63.877,481.291,602.873
838,63.865,481.404,602.907
839,63.853,481.518,602.941
840,63.841,481.631,602.974
841,63.828,481.744,603.007
842,63.816,481.857,603.041
843,63.804,481.970,603.074
844,63.792,482.082,603.108
845,63.779,482.194,603.141
846,63.767,482.307,603.174
847,63.755,482.418,603.207
848,63.742,482.530,603.240
849,63.730,482.641,603.273
850,63.718,482.753,603.306
851,63.705,482.864,603.338
852,63.693,482.974,603.372
853,63.681,483.085,603.404
854,63.668,483.195,603.437
855,63.656,483.306,603.469
856,63.643,483.416,603.502
857,63.631,483.526,603.534
858,63.618,483.635,603.567
859,63.606,483.745,603.598
860,63.594,483.854,603.631
861,63.581,483.964,603.663
862,63.569,484.073,603.695
863,63.556,484.181,603.727
864,63.543,484.290,603.760
865,63.531,484.398,603.791
866,63.518,484.507,603.823
867,63.506,484.615,603.855
868,63.493,484.723,603.887
869,63.481,484.831,603.918
870,63.468,484.938,603.950
871,63.455,485.046,603.981
872,63.443,485.153,604.013
873,63.430,485.260,604.044
874,63.418,485.367,604.076
875,63.405,485.474,604.107
876,63.392,485.580,604.139
877,63.380,485.687,604.170
878,63.367,485.793,604.201
879,63.354,485.899,604.232
880,63.341,486.005,604.264
881,63.329,486.111,604.295
882,63.316,486.216,604.326
883,63.303,486.322,604.357
884,63.290,486.427,604.387
885,63.278,486.532,604.418
886,63.265,486.637,604.449
887,63.252,486.742,604.480
888,63.239,486.847,604.510
889,63.226,486.951,604.541
890,63.213,487.056,604.571
891,63.201,487.160,604.602
892,63.188,487.264,604.632
893,63.175,487.368,604.663
894,63.162,487.472,604.693
895,63.149,487.575,604.724
896,63.136,487.679,604.754
897,63.123,487.782,604.784
898,63.110,487.885,604.814
899,63.097,487.988,604.844
900,63.084,488.091,604.874
901,63.071,488.194,604.904
902,63.058,488.297,604.934
903,63.045,488.399,604.964
904,63.032,488.502,604.994
905,63.019,488.604,605.023
906,63.006,488.706,605.053
907,62.993,488.808,605.083
908,62.980,488.909,605.113
909,62.967,489.011,605.142
910,62.954,489.113,605.172
911,62.941,489.214,605.201
912,62.928,489.315,605.230
913,62.915,489.416,605.259
914,62.902,489.517,605.289
915,62.889,489.618,605.318
916,62.876,489.719,605.347
917,62.862,489.819,605.376
918,62.849,489.920,605.406
919,62.836,490.020,605.434
920,62.823,490.120,605.464
921,62.810,490.221,605.492
922,62.796,490.321,605.521
923,62.783,490.420,605.550
924,62.770,490.520,605.579
925,62.757,490.620,605.607
926,62.744,490.719,605.636
927,62.730,490.818,605.665
928,62.717,490.918,605.694
929,62.704,491.017,605.722
930,62.690,491.116,605.751
931,62.677,491.215,605.779
932,62.664,491.313,605.808
933,62.651,491.412,605.835
934,62.637,491.511,605.864
935,62.624,491.609,605.892
936,62.611,491.707,605.921
937,62.597,491.805,605.948
938,62.584,491.904,605.977
939,62.570,492.001,606.005
940,62.557,492.099,606.033
941,62.544,492.197,606.061
942,62.530,492.295,606.089
943,62.517,492.392,606.116
944,62.503,492.490,606.145
945,62.490,492.587,606.172
946,62.476,492.684,606.200
947,62.463,492.781,606.228
948,62.450,492.878,606.256
949,62.436,492.975,606.283
950,62.423,493.072,606.311
951,62.409,493.168,606.338
952,62.396,493.265,606.366
953,62.382,493.361,606.393
954,62.368,493.458,606.421
955,62.355,493.554,606.448
956,62.341,493.650,606.476
957,62.328,493.746,606.502
958,62.314,493.842,606.530
959,62.301,493.938,606.557
960,62.287,494.034,606.584
961,62.273,494.130,606.611
962,62.260,494.225,606.639
963,62.246,494.321,606.665
964,62.233,494.416,606.693
965,62.219,494.511,606.719
966,62.205,494.607,606.746
967,62.192,494.702,606.773
968,62.178,494.797,606.800
969,62.164,494.892,606.826
970,62.151,494.987,606.854
971,62.137,495.081,606.880
972,62.123,495.176,606.907
973,62.109,495.271,606.933
974,62.096,495.365,606.960
975,62.082,495.459,606.986
976,62.068,495.554,607.013
977,62.055,495.648,607.039
978,62.041,495.742,607.066
979,62.027,495.836,607.092
980,62.013,495.930,607.119
981,61.999,496.024,607.144
982,61.986,496.118,607.171
983,61.972,496.212,607.197
984,61.958,496.305,607.223
985,61.944,496.399,607.249
986,61.930,496.492,607.276
987,61.916,496.586,607.301
988,61.903,496.679,607.328
989,61.889,496.772,607.353
990,61.875,496.865,607.380
991,61.861,496.958,607.405
992,61.847,497.051,607.431
993,61.833,497.144,607.457
994,61.819,497.237,607.483
995,61.805,497.330,607.508
996,61.791,497.423,607.534
997,61.778,497.515,607.560
998,61.764,497.608,607.586
999,61.750,497.700,607.611
1000,61.736,497.793,607.637
1001,61.722,497.885,607.662
1002,61.708,497.977,607.688
1003,61.694,498.070,607.713
1004,61.680,498.162,607.739
1005,61.666,498.254,607.764
1006,61.652,498.346,607.789
1007,61.638,498.438,607.814
1008,61.624,498.530,607.840
1009,61.610,498.621,607.865
1010,61.596,498.713,607.890
1011,61.581,498.805,607.915
1012,61.567,498.896,607.941
1013,61.553,498.988,607.965
1014,61.539,499.079,607.991
1015,61.525,499.171,608.015
1016,61.511,499.262,608.041
1017,61.497,499.353,608.065
1018,61.483,499.444,608.091
1019,61.469,499.535,608.115
1020,61.455,499.627,608.140
1021,61.440,499.718,608.165
1022,61.426,499.808,608.190
1023,61.412,499.899,608.214
1024,61.398,499.990,608.239
1025,61.384,500.081,608.263
1026,61.370,500.172,608.289
1027,61.355,500.262,608.313
1028,61.341,500.353,608.338
1029,61.327,500.443,608.362
1030,61.313,500.534,608.387
1031,61.298,500.625,608.411
1032,61.284,500.714,608.436
1033,61.270,500.805,608.460
1034,61.256,500.895,608.484
1035,61.241,500.986,608.508
1036,61.227,501.075,608.533
1037,61.213,501.166,608.557
1038,61.199,501.255,608.581
1039,61.184,501.346,608.605
1040,61.170,501.435,608.630
1041,61.156,501.525,608.653
1042,61.141,501.615,608.678
1043,61.127,501.704,608.702
1044,61.113,501.794,608.726
1045,61.098,501.884,608.750
1046,61.084,501.974,608.774
1047,61.070,502.063,608.798
1048,61.055,502.152,608.822
1049,61.041,502.242,608.845
1050,61.026,502.332,608.870
1051,61.012,502.421,608.893
1052,60.998,502.510,608.917
1053,60.983,502.599,608.940
1054,60.969,502.688,608.965
1055,60.954,502.778,608.988
1056,60.940,502.867,609.012
1057,60.926,502.956,609.035
1058,60.911,503.045,609.059
1059,60.897,503.133,609.082
1060,60.882,503.222,609.106
1061,60.868,503.311,609.129
1062,60.853,503.400,609.153
1063,60.839,503.488,609.176
1064,60.824,503.577,609.200
1065,60.810,503.666,609.223
1066,60.795,503.754,609.247
1067,60.781,503.843,609.270
1068,60.766,503.931,609.293
1069,60.752,504.020,609.316
1070,60.737,504.108,609.340
1071,60.722,504.196,609.363
1072,60.708,504.285,609.386
1073,60.693,504.373,609.409
1074,60.679,504.461,609.433
1075,60.664,504.549,609.455
1076,60.650,504.637,609.479
1077,60.635,504.725,609.501
1078,60.620,504.813,609.525
1079,60.606,504.901,609.547
1080,60.591,504.989,609.571
1081,60.576,505.077,609.593
1082,60.562,505.165,609.616
1083,60.547,505.253,609.639
1084,60.532,505.340,609.662
1085,60.518,505.428,609.684
1086,60.503,505.516,609.708
1087,60.488,505.603,609.730
1088,60.474,505.691,609.753
1089,60.459,505.779,609.775
1090,60.444,505.866,609.798
1091,60.430,505.953,609.821
1092,60.415,506.041,609.844
1093,60.400,506.128,609.866
1094,60.385,506.216,609.889
1095,60.371,506.303,609.911
1096,60.356,506.390,609.934
1097,60.341,506.477,609.956
1098,60.326,506.565,609.979
1099,60.312,506.652,610.001
1100,60.297,506.739,610.024
1101,60.282,506.826,610.045
1102,60.267,506.913,610.068
1103,60.252,507.000,610.090
1104,60.238,507.087,610.113
1105,60.223,507.174,610.135
1106,60.208,507.261,610.157
1107,60.193,507.347,610.179
1108,60.178,507.434,610.202
1109,60.163,507.521,610.223
1110,60.148,507.608,610.246
1111,60.134,507.694,610.268
1112,60.119,507.781,610.290
1113,60.104,507.868,610.312
1114,60.089,507.954,610.334
1115,60.074,508.041,610.356
1116,60.059,508.127,610.378
1117,60.044,508.214,610.400
1118,60.029,508.300,610.422
1119,60.014,508.387,610.443
1120,59.999,508.473,610.466
1121,59.984,508.559,610.487
1122,59.969,508.645,610.509
1123,59.955,508.732,610.531
1124,59.940,508.818,610.553
1125,59.925,508.904,610.574
1126,59.910,508.990,610.596
1127,59.895,509.076,610.618
1128,59.880,509.162,610.640
1129,59.865,509.248,610.661
1130,59.850,509.334,610.683
1131,59.835,509.420,610.704
1132,59.819,509.506,610.726
1133,59.804,509.592,610.747
1134,59.789,509.678,610.769
1135,59.774,509.764,610.790
1136,59.759,509.850,610.812
1137,59.744,509.936,610.833
1138,59.729,510.021,610.855
1139,59.714,510.107,610.876
1140,59.699,510.193,610.898
1141,59.684,510.278,610.919
1142,59.669,510.364,610.941
1143,59.654,510.449,610.961
1144,59.638,510.535,610.983
1145,59.623,510.620,611.004
1146,59.608,510.706,611.026
1147,59.593,510.791,611.046
1148,59.578,510.877,611.068
1149,59.563,510.962,611.089
1150,59.547,511.047,611.110
1151,59.532,511.133,611.131
1152,59.517,511.218,611.153
1153,59.502,511.303,611.173
1154,59.487,511.388,611.195
1155,59.471,511.474,611.215
1156,59.456,511.559,611.237
1157,59.441,511.644,611.257
1158,59.426,511.729,611.279
1159,59.411,511.814,611.299
1160,59.395,511.899,611.321
1161,59.380,511.984,611.341
1162,59.365,512.069,611.362
1163,59.349,512.154,611.383
1164,59.334,512.239,611.404
1165,59.319,512.324,611.424
1166,59.304,512.408,611.446
1167,59.288,512.493,611.466
1168,59.273,512.578,611.487
1169,59.258,512.663,611.507
1170,59.242,512.747,611.529
1171,59.227,512.832,611.549
1172,59.212,512.917,611.570
1173,59.196,513.001,611.590
1174,59.181,513.086,611.611
1175,59.166,513.170,611.631
1176,59.150,513.255,611.652
1177,59.135,513.339,611.672
1178,59.119,513.424,611.694
1179,59.104,513.508,611.713
1180,59.089,513.593,611.735
1181,59.073,513.677,611.754
1182,59.058,513.761,611.775
1183,59.042,513.846,611.795
1184,59.027,513.930,611.816
1185,59.011,514.014,611.836
1186,58.996,514.098,611.857
1187,58.980,514.183,611.877
1188,58.965,514.267,611.898
1189,58.950,514.351,611.917
1190,58.934,514.435,611.938
1191,58.919,514.519,611.958
1192,58.903,514.603,611.979
1193,58.888,514.687,611.999
1194,58.872,514.771,612.019
1195,58.856,514.855,612.039
1196,58.841,514.939,612.060
1197,58.825,515.023,612.079
1198,58.810,515.106,612.100
1199,58.794,515.190,612.119
1200,58.779,515.274,612.140
1201,58.763,515.358,612.160
1202,58.748,515.442,612.180
1203,58.732,515.525,612.200
1204,58.716,515.609,612.220
1205,58.701,515.692,612.240
1206,58.685,515.776,612.260
1207,58.669,515.860,612.280
1208,58.654,515.943,612.300
1209,58.638,516.027,612.319
1210,58.623,516.110,612.340
1211,58.607,516.194,612.359
1212,58.591,516.277,612.380
1213,58.576,516.360,612.399
1214,58.560,516.444,612.419
1215,58.544,516.527,612.439
1216,58.529,516.610,612.459
1217,58.513,516.694,612.478
1218,58.497,516.777,612.498
1219,58.481,516.860,612.518
1220,58.466,516.943,612.538
1221,58.450,517.026,612.557
1222,58.434,517.109,612.577
1223,58.418,517.193,612.596
1224,58.403,517.276,612.616
1225,58.387,517.359,612.636
1226,58.371,517.442,612.656
1227,58.355,517.525,612.675
1228,58.340,517.607,612.695
1229,58.324,517.690,612.714
1230,58.308,517.773,612.734
1231,58.292,517.856,612.753
1232,58.276,517.939,612.773
1233,58.260,518.022,612.792
1234,58.245,518.104,612.812
1235,58.229,518.187,612.831
1236,58.213,518.270,612.851
1237,58.197,518.352,612.869
1238,58.181,518.435,612.889
1239,58.165,518.518,612.908
1240,58.149,518.600,612.928
1241,58.133,518.683,612.947
1242,58.118,518.765,612.967
1243,58.102,518.848,612.986
1244,58.086,518.930,613.005
1245,58.070,519.012,613.024
1246,58.054,519.095,613.044
1247,58.038,519.177,613.063
1248,58.022,519.259,613.082
1249,58.006,519.342,613.101
1250,57.990,519.424,613.121
1251,57.974,519.506,613.139
1252,57.958,519.588,613.159
1253,57.942,519.670,613.178
1254,57.926,519.753,613.197
1255,57.910,519.835,613.216
1256,57.894,519.917,613.235
1257,57.878,519.999,613.254
1258,57.862,520.081,613.273
1259,57.846,520.163,613.292
1260,57.830,520.245,613.311
1261,57.814,520.327,613.330
1262,57.798,520.408,613.349
1263,57.782,520.490,613.368
1264,57.765,520.572,613.387
1265,57.749,520.654,613.406
1266,57.733,520.736,613.425
1267,57.717,520.817,613.443
1268,57.701,520.899,613.463
1269,57.685,520.981,613.481
1270,57.669,521.062,613.501
1271,57.653,521.144,613.519
1272,57.636,521.225,613.538
1273,57.620,521.307,613.556
1274,57.604,521.388,613.576
1275,57.588,521.470,613.594
1276,57.572,521.551,613.613
1277,57.556,521.633,613.632
1278,57.539,521.714,613.651
1279,57.523,521.795,613.669
1280,57.507,521.877,613.688
1281,57.491,521.958,613.706
1282,57.474,522.039,613.726
1283,57.458,522.120,613.744
1284,57.442,522.201,613.763
1285,57.426,522.282,613.781
1286,57.409,522.364,613.800
1287,57.393,522.445,613.818
1288,57.377,522.526,613.837
1289,57.360,522.607,613.855
1290,57.344,522.688,613.874
1291,57.328,522.769,613.892
1292,57.312,522.849,613.911
1293,57.295,522.930,613.929
1294,57.279,523.011,613.948
1295,57.262,523.092,613.966
1296,57.246,523.173,613.985
1297,57.230,523.253,614.003
1298,57.213,523.334,614.022
1299,57.197,523.415,614.040
1300,57.181,523.495,614.059
1301,57.164,523.576,614.076
1302,57.148,523.656,614.095
1303,57.131,523.737,614.113
1304,57.115,523.817,614.132
1305,57.098,523.898,614.150
1306,57.082,523.978,614.169
1307,57.066,524.059,614.186
1308,57.049,524.139,614.205
1309,57.033,524.219,614.223
1310,57.016,524.300,614.242
1311,57.000,524.380,614.259
1312,56.983,524.460,614.278
1313,56.967,524.540,614.296
1314,56.950,524.620,614.314
1315,56.934,524.701,614.332
1316,56.917,524.781,614.351
1317,56.901,524.861,614.368
1318,56.884,524.941,614.387
1319,56.867,525.021,614.404
1320,56.851,525.101,614.423
1321,56.834,525.181,614.441
1322,56.818,525.260,614.459
1323,56.801,525.340,614.477
1324,56.784,525.420,614.495
1325,56.768,525.500,614.513
1326,56.751,525.579,614.531
1327,56.735,525.659,614.549
1328,56.718,525.739,614.567
1329,56.701,525.818,614.585
1330,56.685,525.898,614.603
1331,56.668,525.978,614.621
1332,56.651,526.057,614.639
1333,56.635,526.137,614.656
1334,56.618,526.216,614.675
1335,56.601,526.295,614.692
1336,56.585,526.375,614.711
1337,56.568,526.454,614.728
1338,56.551,526.533,614.746
1339,56.534,526.613,614.764
1340,56.518,526.692,614.782
1341,56.501,526.771,614.799
1342,56.484,526.850,614.818
1343,56.467,526.929,614.835
1344,56.451,527.008,614.853
1345,56.434,527.087,614.870
1346,56.417,527.166,614.889
1347,56.400,527.245,614.906
1348,56.383,527.324,614.924
1349,56.366,527.403,614.941
1350,56.350,527.482,614.959
1351,56.333,527.561,614.976
1352,56.316,527.640,614.995
1353,56.299,527.718,615.012
1354,56.282,527.797,615.030
1355,56.265,527.876,615.047
1356,56.248,527.954,615.065
1357,56.232,528.033,615.082
1358,56.215,528.111,615.100
1359,56.198,528.190,615.117
1360,56.181,528.268,615.136
1361,56.164,528.347,615.152
1362,56.147,528.425,615.171
1363,56.130,528.504,615.187
1364,56.113,528.582,615.206
1365,56.096,528.660,615.222
1366,56.079,528.739,615.241
1367,56.062,528.817,615.257
1368,56.045,528.895,615.275
1369,56.028,528.973,615.292
1370,56.011,529.051,615.310
1371,55.994,529.129,615.327
1372,55.977,529.207,615.345
1373,55.960,529.285,615.362
1374,55.943,529.363,615.380
1375,55.926,529.441,615.397
1376,55.909,529.519,615.415
1377,55.892,529.597,615.431
1378,55.875,529.674,615.449
1379,55.858,529.752,615.466
1380,55.840,529.830,615.484
1381,55.823,529.908,615.500
1382,55.806,529.985,615.518
1383,55.789,530.063,615.535
1384,55.772,530.140,615.553
1385,55.755,530.218,615.570
1386,55.738,530.295,615.587
1387,55.720,530.373,615.604
1388,55.703,530.450,615.622
1389,55.686,530.527,615.638
1390,55.669,530.605,615.656
1391,55.652,530.682,615.673
1392,55.634,530.759,615.690
1393,55.617,530.836,615.707
1394,55.600,530.913,615.725
1395,55.583,530.991,615.741
1396,55.566,531.068,615.759
1397,55.548,531.145,615.775
1398,55.531,531.222,615.793
1399,55.514,531.299,615.810
1400,55.496,531.375,615.827
1401,55.479,531.452,615.844
1402,55.462,531.529,615.861
1403,55.445,531.606,615.878
1404,55.427,531.683,615.895
1405,55.410,531.759,615.912
1406,55.393,531.836,615.929
1407,55.375,531.913,615.946
1408,55.358,531.989,615.963
1409,55.340,532.066,615.980
1410,55.323,532.142,615.997
1411,55.306,532.219,616.013
1412,55.288,532.295,616.031
1413,55.271,532.371,616.047
1414,55.253,532.448,616.065
1415,55.236,532.524,616.081
1416,55.219,532.600,616.099
1417,55.201,532.676,616.115
1418,55.184,532.753,616.132
1419,55.166,532.829,616.148
1420,55.149,532.905,616.166
1421,55.131,532.981,616.182
1422,55.114,533.057,616.200
1423,55.096,533.133,616.216
1424,55.079,533.208,616.233
1425,55.061,533.284,616.249
1426,55.044,533.360,616.267
1427,55.026,533.436,616.283
1428,55.009,533.512,616.300
1429,54.991,533.587,616.316
1430,54.974,533.663,616.334
1431,54.956,533.738,616.350
1432,54.939,533.814,616.367
1433,54.921,533.890,616.383
1434,54.903,533.965,616.400
1435,54.886,534.040,616.416
1436,54.868,534.116,616.434
1437,54.851,534.191,616.450
1438,54.833,534.266,616.467
1439,54.815,534.342,616.483
1440,54.798,534.417,616.500
1441,54.780,534.492,616.516
1442,54.762,534.567,616.533
1443,54.745,534.642,616.549
1444,54.727,534.717,616.566
1445,54.709,534.792,616.582
1446,54.692,534.867,616.600
1447,54.674,534.942,616.615
1448,54.656,535.017,616.633
1449,54.638,535.092,616.648
1450,54.621,535.166,616.666
1451,54.603,535.241,616.681
1452,54.585,535.316,616.699
1453,54.567,535.390,616.714
1454,54.550,535.465,616.732
1455,54.532,535.539,616.747
1456,54.514,535.614,616.764
1457,54.496,535.688,616.780
1458,54.478,535.763,616.797
1459,54.461,535.837,616.813
1460,54.443,535.911,616.830
1461,54.425,535.985,616.846
1462,54.407,536.060,616.863
1463,54.389,536.134,616.879
1464,54.371,536.208,616.896
1465,54.353,536.282,616.911
1466,54.336,536.356,616.928
1467,54.318,536.430,616.944
1468,54.300,536.504,616.961
1469,54.282,536.578,616.976
1470,54.264,536.652,616.993
1471,54.246,536.725,617.009
1472,54.228,536.799,617.026
1473,54.210,536.873,617.042
1474,54.192,536.946,617.058
1475,54.174,537.020,617.074
1476,54.156,537.094,617.091
1477,54.138,537.167,617.107
1478,54.120,537.241,617.123
1479,54.102,537.314,617.139
1480,54.084,537.387,617.156
1481,54.066,537.461,617.171
1482,54.048,537.534,617.188
1483,54.030,537.607,617.204
1484,54.012,537.680,617.220
1485,53.994,537.753,617.236
1486,53.976,537.827,617.253
1487,53.958,537.900,617.268
1488,53.940,537.973,617.285
1489,53.922,538.045,617.300
1490,53.904,538.118,617.317
1491,53.886,538.191,617.333
1492,53.868,538.264,617.349
1493,53.850,538.337,617.365
1494,53.831,538.409,617.381
1495,53.813,538.482,617.397
1496,53.795,538.555,617.413
1497,53.777,538.627,617.429
1498,53.759,538.700,617.445
1499,53.741,538.772,617.461
1500,53.722,538.845,617.477
1501,53.704,538.917,617.493
1502,53.686,538.989,617.509
1503,53.668,539.061,617.525
1504,53.650,539.134,617.541
1505,53.631,539.206,617.557
1506,53.613,539.278,617.573
1507,53.595,539.350,617.589
1508,53.577,539.422,617.605
1509,53.558,539.494,617.620
1510,53.540,539.566,617.637
1511,53.522,539.638,617.652
1512,53.504,539.710,617.669
1513,53.485,539.781,617.684
1514,53.467,539.853,617.700
1515,53.449,539.925,617.716
1516,53.430,539.996,617.732
1517,53.412,540.068,617.747
1518,53.394,540.139,617.764
1519,53.375,540.211,617.779
1520,53.357,540.282,617.795
1521,53.339,540.354,617.810
1522,53.320,540.425,617.827
1523,53.302,540.496,617.842
1524,53.284,540.567,617.859
1525,53.265,540.639,617.874
1526,53.247,540.710,617.890
1527,53.228,540.781,617.905
1528,53.210,540.852,617.921
1529,53.192,540.923,617.937
1530,53.173,540.994,617.953
1531,53.155,541.064,617.968
1532,53.136,541.135,617.984
1533,53.118,541.206,617.999
1534,53.099,541.277,618.016
1535,53.081,541.347,618.031
1536,53.062,541.418,618.047
1537,53.044,541.488,618.062
1538,53.026,541.559,618.078
1539,53.007,541.630,618.093
1540,52.989,541.700,618.110
1541,52.970,541.770,618.124
1542,52.951,541.841,618.141
1543,52.933,541.911,618.156
1544,52.914,541.981,618.172
1545,52.896,542.051,618.187
1546,52.877,542.121,618.203
1547,52.859,542.192,618.218
1548,52.840,542.261,618.234
1549,52.822,542.332,618.249
1550,52.803,542.401,618.265
1551,52.784,542.471,618.280
1552,52.766,542.541,618.296
1553,52.747,542.611,618.311
1554,52.729,542.680,618.327
1555,52.710,542.750,618.342
1556,52.691,542.819,618.358
1557,52.673,542.889,618.373
1558,52.654,542.958,618.389
1559,52.635,543.028,618.404
1560,52.617,543.097,618.420
1561,52.598,543.167,618.435
1562,52.579,543.236,618.451
1563,52.561,543.305,618.466
1564,52.542,543.374,618.482
1565,52.523,543.443,618.497
1566,52.505,543.512,618.513
1567,52.486,543.581,618.527
1568,52.467,543.650,618.543
1569,52.448,543.719,618.558
1570,52.430,543.788,618.574
1571,52.411,543.857,618.589
1572,52.392,543.925,618.605
1573,52.373,543.994,618.619
1574,52.355,544.063,618.635
1575,52.336,544.131,618.650
1576,52.317,544.200,618.666
1577,52.298,544.268,618.681
1578,52.279,544.336,618.697
1579,52.261,544.405,618.711
1580,52.242,544.473,618.727
1581,52.223,544.541,618.742
1582,52.204,544.609,618.758
1583,52.185,544.677,618.772
1584,52.167,544.745,618.788
1585,52.148,544.813,618.803
1586,52.129,544.881,618.819
1587,52.110,544.949,618.833
1588,52.091,545.017,618.849
1589,52.072,545.085,618.864
1590,52.053,545.152,618.880
1591,52.034,545.220,618.894
1592,52.016,545.288,618.910
1593,51.997,545.355,618.924
1594,51.978,545.423,618.940
1595,51.959,545.490,618.955
1596,51.940,545.557,618.971
1597,51.921,545.625,618.985
1598,51.902,545.692,619.001
1599,51.883,545.759,619.015
1600,51.864,545.826,619.031
1601,51.845,545.893,619.045
1602,51.826,545.960,619.061
1603,51.807,546.027,619.076
1604,51.788,546.094,619.091
1605,51.769,546.161,619.106
1606,51.750,546.228,619.122
1607,51.731,546.295,619.136
1608,51.712,546.361,619.152
1609,51.693,546.428,619.166
1610,51.674,546.495,619.182
1611,51.655,546.561,619.196
1612,51.636,546.627,619.212
1613,51.617,546.694,619.226
1614,51.598,546.760,619.242
1615,51.579,546.826,619.256
1616,51.560,546.893,619.272
1617,51.541,546.959,619.286
1618,51.522,547.025,619.302
1619,51.503,547.091,619.316
1620,51.484,547.157,619.332
1621,51.465,547.223,619.346
1622,51.446,547.289,619.362
1623,51.427,547.355,619.376
1624,51.407,547.420,619.391
1625,51.388,547.486,619.406
1626,51.369,547.552,619.421
1627,51.350,547.617,619.435
1628,51.331,547.683,619.451
1629,51.312,547.748,619.465
1630,51.293,547.814,619.481
1631,51.274,547.879,619.495
1632,51.254,547.944,619.510
1633,51.235,548.010,619.525
1634,51.216,548.075,619.540
1635,51.197,548.140,619.554
1636,51.178,548.205,619.570
1637,51.159,548.270,619.584
1638,51.139,548.335,619.599
1639,51.120,548.400,619.614
1640,51.101,548.465,619.629
1641,51.082,548.529,619.643
1642,51.063,548.594,619.659
1643,51.043,548.659,619.673
1644,51.024,548.723,619.688
1645,51.005,548.788,619.702
1646,50.986,548.852,619.718
1647,50.967,548.917,619.732
1648,50.947,548.981,619.747
1649,50.928,549.045,619.761
1650,50.909,549.109,619.777
1651,50.890,549.174,619.791
1652,50.870,549.238,619.806
1653,50.851,549.302,619.820
1654,50.832,549.366,619.835
1655,50.813,549.430,619.849
1656,50.793,549.493,619.865
1657,50.774,549.557,619.879
1658,50.755,549.621,619.894
1659,50.735,549.685,619.908
1660,50.716,549.748,619.923
1661,50.697,549.812,619.937
1662,50.678,549.875,619.953
1663,50.658,549.939,619.967
1664,50.639,550.002,619.982
1665,50.620,550.065,619.996
1666,50.600,550.129,620.011
1667,50.581,550.192,620.025
1668,50.562,550.255,620.040
1669,50.542,550.318,620.054
1670,50.523,550.381,620.070
1671,50.504,550.444,620.083
1672,50.484,550.507,620.099
1673,50.465,550.570,620.112
1674,50.446,550.632,620.128
1675,50.426,550.695,620.142
1676,50.407,550.758,620.157
1677,50.387,550.820,620.171
1678,50.368,550.883,620.186
1679,50.349,550.945,620.200
1680,50.329,551.007,620.215
1681,50.310,551.070,620.229
1682,50.291,551.132,620.244
1683,50.271,551.194,620.258
1684,50.252,551.256,620.273
1685,50.232,551.318,620.287
1686,50.213,551.380,620.302
1687,50.194,551.442,620.315
1688,50.174,551.504,620.331
1689,50.155,551.566,620.344
1690,50.135,551.628,620.359
1691,50.116,551.689,620.373
1692,50.096,551.751,620.388
1693,50.077,551.812,620.402
1694,50.058,551.874,620.417
1695,50.038,551.935,620.431
1696,50.019,551.997,620.446
1697,49.999,552.058,620.460
1698,49.980,552.119,620.475
1699,49.960,552.180,620.488
1700,49.941,552.241,620.503
1701,49.921,552.302,620.517
1702,49.902,552.363,620.532
1703,49.883,552.424,620.546
1704,49.863,552.485,620.561
1705,49.844,552.546,620.574
1706,49.824,552.607,620.589
1707,49.805,552.667,620.603
1708,49.785,552.728,620.618
1709,49.766,552.788,620.632
1710,49.746,552.849,620.647
1711,49.727,552.909,620.660
1712,49.707,552.970,620.675
1713,49.688,553.030,620.689
1714,49.668,553.090,620.704
1715,49.649,553.150,620.717
1716,49.629,553.210,620.732
1717,49.610,553.270,620.746
1718,49.590,553.330,620.761
1719,49.571,553.390,620.774
1720,49.551,553.450,620.789
1721,49.532,553.509,620.803
1722,49.512,553.569,620.817
1723,49.493,553.629,620.831
1724,49.473,553.688,620.846
1725,49.454,553.748,620.859
1726,49.434,553.807,620.874
1727,49.415,553.866,620.888
1728,49.395,553.926,620.903
1729,49.375,553.985,620.916
1730,49.356,554.044,620.931
1731,49.336,554.103,620.944
1732,49.317,554.162,620.959
1733,49.297,554.221,620.973
1734,49.278,554.280,620.987
1735,49.258,554.338,621.001
1736,49.239,554.397,621.016
1737,49.219,554.456,621.029
1738,49.200,554.514,621.044
1739,49.180,554.573,621.057
1740,49.160,554.631,621.072
1741,49.141,554.690,621.085
1742,49.121,554.748,621.100
1743,49.102,554.806,621.113
1744,49.082,554.865,621.128
1745,49.063,554.923,621.142
1746,49.043,554.981,621.156
1747,49.024,555.039,621.170
1748,49.004,555.097,621.184
1749,48.984,555.154,621.198
1750,48.965,555.212,621.212
1751,48.945,555.270,621.226
1752,48.926,555.327,621.240
1753,48.906,555.385,621.254
1754,48.887,555.443,621.268
1755,48.867,555.500,621.282
1756,48.847,555.557,621.296
1757,48.828,555.615,621.310
1758,48.808,555.672,621.324
1759,48.789,555.729,621.337
1760,48.769,555.786,621.352
1761,48.749,555.843,621.365
1762,48.730,555.900,621.380
1763,48.710,555.957,621.393
1764,48.691,556.014,621.408
1765,48.671,556.070,621.421
1766,48.652,556.127,621.436
1767,48.632,556.184,621.449
1768,48.612,556.240,621.463
1769,48.593,556.297,621.477
1770,48.573,556.353,621.491
1771,48.554,556.409,621.504
1772,48.534,556.465,621.519
1773,48.514,556.522,621.532
1774,48.495,556.578,621.547
1775,48.475,556.634,621.560
1776,48.456,556.690,621.574
1777,48.436,556.746,621.587
1778,48.416,556.801,621.602
1779,48.397,556.857,621.615
1780,48.377,556.913,621.630
1781,48.358,556.968,621.643
1782,48.338,557.024,621.657
1783,48.318,557.079,621.670
1784,48.299,557.135,621.685
1785,48.279,557.190,621.698
1786,48.260,557.245,621.712
1787,48.240,557.300,621.725
1788,48.221,557.356,621.740
1789,48.201,557.411,621.753
1790,48.181,557.466,621.767
1791,48.162,557.520,621.780
1792,48.142,557.575,621.795
1793,48.123,557.630,621.808
1794,48.103,557.685,621.822
1795,48.083,557.739,621.835
1796,48.064,557.794,621.850
1797,48.044,557.848,621.863
1798,48.025,557.903,621.877
1799,48.005,557.957,621.890
1800,47.985,558.011,621.904
1801,47.966,558.065,621.917
1802,47.946,558.119,621.932
1803,47.927,558.173,621.945
1804,47.907,558.227,621.959
1805,47.888,558.281,621.972
1806,47.868,558.335,621.986
1807,47.848,558.389,621.999
1808,47.829,558.442,622.013
1809,47.809,558.496,622.026
1810,47.790,558.549,622.041
1811,47.770,558.603,622.054
1812,47.750,558.656,622.068
1813,47.731,558.709,622.081
1814,47.711,558.763,622.095
1815,47.692,558.816,622.108
1816,47.672,558.869,622.122
1817,47.653,558.922,622.135
1818,47.633,558.975,622.149
1819,47.613,559.028,622.162
1820,47.594,559.080,622.176
1821,47.574,559.133,622.189
1822,47.555,559.186,622.203
1823,47.535,559.238,622.216
1824,47.516,559.291,622.230
1825,47.496,559.343,622.243
1826,47.477,559.395,622.257
1827,47.457,559.448,622.270
1828,47.437,559.500,622.284
1829,47.418,559.552,622.297
1830,47.398,559.604,622.311
1831,47.379,559.656,622.324
1832,47.359,559.708,622.338
1833,47.340,559.760,622.351
1834,47.320,559.811,622.365
1835,47.301,559.863,622.378
1836,47.281,559.914,622.392
1837,47.262,559.966,622.405
1838,47.242,560.017,622.419
1839,47.223,560.069,622.432
1840,47.203,560.120,622.446
1841,47.183,560.171,622.458
1842,47.164,560.222,622.472
1843,47.144,560.273,622.485
1844,47.125,560.324,622.499
1845,47.105,560.375,622.512
1846,47.086,560.426,622.526
1847,47.066,560.477,622.539
1848,47.047,560.528,622.553
1849,47.027,560.578,622.565
1850,47.008,560.629,622.579
1851,46.988,560.679,622.592
1852,46.969,560.730,622.606
1853,46.949,560.780,622.619
1854,46.930,560.831,622.633
1855,46.910,560.880,622.645
1856,46.891,560.931,622.659
1857,46.871,560.981,622.672
1858,46.852,561.030,622.686
1859,46.832,561.081,622.698
1860,46.813,561.130,622.712
1861,46.794,561.179,622.725
1862,46.774,561.230,622.739
1863,46.755,561.279,622.751
1864,46.735,561.328,622.765
1865,46.716,561.378,622.778
1866,46.696,561.427,622.792
1867,46.677,561.476,622.804
1868,46.657,561.525,622.818
1869,46.638,561.575,622.831
1870,46.618,561.624,622.845
1871,46.599,561.672,622.857
1872,46.580,561.721,622.871
1873,46.560,561.770,622.884
1874,46.541,561.819,622.897
1875,46.521,561.867,622.910
1876,46.502,561.916,622.924
1877,46.482,561.964,622.936
1878,46.463,562.013,622.950
1879,46.444,562.061,622.962
1880,46.424,562.109,622.976
1881,46.405,562.157,622.989
1882,46.385,562.205,623.002
1883,46.366,562.253,623.015
1884,46.347,562.301,623.029
1885,46.327,562.349,623.041
1886,46.308,562.397,623.055
1887,46.288,562.444,623.067
1888,46.269,562.492,623.081
1889,46.250,562.539,623.093
1890,46.230,562.587,623.107
1891,46.211,562.634,623.120
1892,46.192,562.681,623.133
1893,46.172,562.729,623.146
1894,46.153,562.776,623.159
1895,46.134,562.823,623.172
1896,46.114,562.870,623.185
1897,46.095,562.917,623.198
1898,46.076,562.963,623.211
1899,46.056,563.010,623.224
1900,46.037,563.057,623.237
1901,46.018,563.103,623.250
1902,45.998,563.150,623.263
1903,45.979,563.196,623.276
1904,45.960,563.242,623.289
1905,45.940,563.289,623.302
1906,45.921,563.335,623.315
1907,45.902,563.381,623.327
1908,45.882,563.427,623.341
1909,45.863,563.473,623.353
1910,45.844,563.519,623.367
1911,45.825,563.565,623.379
1912,45.805,563.610,623.393
1913,45.786,563.656,623.405
1914,45.767,563.701,623.419
1915,45.748,563.747,623.431
1916,45.728,563.792,623.444
1917,45.709,563.838,623.457
1918,45.690,563.883,623.470
1919,45.671,563.928,623.482
1920,45.651,563.973,623.496
1921,45.632,564.018,623.508
1922,45.613,564.063,623.521
1923,45.594,564.108,623.534
1924,45.574,564.152,623.547
1925,45.555,564.197,623.559
1926,45.536,564.242,623.573
1927,45.517,564.286,623.585
1928,45.498,564.331,623.598
1929,45.478,564.375,623.610
1930,45.459,564.419,623.624
1931,45.440,564.463,623.636
1932,45.421,564.508,623.649
1933,45.402,564.552,623.662
1934,45.383,564.596,623.675
1935,45.363,564.639,623.687
1936,45.344,564.683,623.700
1937,45.325,564.727,623.712
1938,45.306,564.771,623.726
1939,45.287,564.814,623.738
1940,45.268,564.858,623.751
1941,45.249,564.901,623.763
1942,45.229,564.944,623.777
1943,45.210,564.988,623.789
1944,45.191,565.031,623.802
1945,45.172,565.074,623.814
1946,45.153,565.117,623.827
1947,45.134,565.160,623.839
1948,45.115,565.203,623.853
1949,45.096,565.245,623.865
1950,45.077,565.288,623.878
1951,45.058,565.331,623.890
1952,45.039,565.373,623.903
1953,45.019,565.416,623.915
1954,45.000,565.458,623.928
1955,44.981,565.500,623.940
1956,44.962,565.543,623.954
1957,44.943,565.585,623.966
1958,44.924,565.627,623.979
1959,44.905,565.669,623.991
1960,44.886,565.711,624.004
1961,44.867,565.753,624.016
1962,44.848,565.794,624.029
1963,44.829,565.836,624.041
1964,44.810,565.878,624.054
1965,44.791,565.919,624.066
1966,44.772,565.960,624.079
1967,44.753,566.002,624.091
1968,44.734,566.043,624.104
1969,44.715,566.084,624.116
1970,44.696,566.125,624.129
1971,44.677,566.166,624.141
1972,44.659,566.207,624.154
1973,44.640,566.248,624.166
1974,44.621,566.289,624.179
1975,44.602,566.330,624.191
1976,44.583,566.370,624.204
1977,44.564,566.411,624.216
1978,44.545,566.451,624.229
1979,44.526,566.492,624.240
1980,44.507,566.532,624.254
1981,44.488,566.572,624.265
1982,44.469,566.613,624.278
1983,44.451,566.653,624.290
1984,44.432,566.693,624.303
1985,44.413,566.733,624.315
1986,44.394,566.772,624.328
1987,44.375,566.812,624.340
1988,44.356,566.852,624.353
1989,44.337,566.892,624.364
1990,44.319,566.931,624.377
1991,44.300,566.971,624.389
1992,44.281,567.010,624.402
1993,44.262,567.049,624.414
1994,44.243,567.088,624.426
1995,44.225,567.128,624.438
1996,44.206,567.167,624.451
1997,44.187,567.206,624.463
1998,44.168,567.245,624.476
1999,44.149,567.283,624.487
2000,44.131,567.322,624.500
2001,44.112,567.361,624.512
2002,44.093,567.399,624.525
2003,44.074,567.438,624.536
2004,44.056,567.476,624.549
2005,44.037,567.515,624.561
2006,44.018,567.553,624.574
2007,44.000,567.591,624.585
2008,43.981,567.629,624.598
2009,43.962,567.668,624.610
2010,43.943,567.706,624.622
2011,43.925,567.743,624.634
2012,43.906,567.781,624.647
2013,43.887,567.819,624.658
2014,43.869,567.857,624.671
2015,43.850,567.894,624.683
2016,43.831,567.932,624.695
2017,43.813,567.969,624.707
2018,43.794,568.007,624.720
2019,43.775,568.044,624.731
2020,43.757,568.081,624.744
2021,43.738,568.118,624.755
2022,43.720,568.155,624.768
2023,43.701,568.192,624.779
2024,43.682,568.229,624.792
2025,43.664,568.266,624.804
2026,43.645,568.303,624.816
2027,43.627,568.339,624.828
2028,43.608,568.376,624.840
2029,43.590,568.413,624.852
2030,43.571,568.449,624.864
2031,43.552,568.485,624.876
2032,43.534,568.522,624.888
2033,43.515,568.558,624.900
2034,43.497,568.594,624.912
2035,43.478,568.630,624.924
2036,43.460,568.666,624.936
2037,43.441,568.702,624.948
2038,43.423,568.738,624.960
2039,43.404,568.774,624.972
2040,43.386,568.809,624.984
2041,43.367,568.845,624.996
2042,43.349,568.881,625.008
2043,43.330,568.916,625.020
2044,43.312,568.951,625.032
2045,43.294,568.987,625.043
2046,43.275,569.022,625.056
2047,43.257,569.057,625.067
2048,43.238,569.092,625.080
2049,43.220,569.127,625.091
2050,43.201,569.162,625.103
2051,43.183,569.197,625.115
2052,43.165,569.232,625.127
2053,43.146,569.267,625.138
2054,43.128,569.301,625.151
2055,43.109,569.336,625.162
2056,43.091,569.370,625.174
2057,43.073,569.405,625.186
2058,43.054,569.439,625.198
2059,43.036,569.473,625.209
2060,43.018,569.508,625.222
2061,42.999,569.542,625.233
2062,42.981,569.576,625.245
2063,42.963,569.610,625.256
2064,42.944,569.644,625.269
2065,42.926,569.678,625.280
2066,42.908,569.711,625.292
2067,42.890,569.745,625.303
2068,42.871,569.779,625.316
2069,42.853,569.812,625.327
2070,42.835,569.846,625.339
2071,42.817,569.879,625.350
2072,42.798,569.912,625.363
2073,42.780,569.946,625.374
2074,42.762,569.979,625.386
2075,42.744,570.012,625.397
2076,42.725,570.045,625.409
2077,42.707,570.078,625.420
2078,42.689,570.111,625.433
2079,42.671,570.144,625.444
2080,42.653,570.176,625.456
2081,42.635,570.209,625.467
2082,42.616,570.242,625.479
2083,42.598,570.274,625.490
2084,42.580,570.307,625.502
2085,42.562,570.339,625.513
2086,42.544,570.372,625.525
2087,42.526,570.404,625.536
2088,42.508,570.436,625.549
2089,42.489,570.468,625.560
2090,42.471,570.500,625.572
2091,42.453,570.532,625.583
2092,42.435,570.564,625.595
2093,42.417,570.596,625.606
2094,42.399,570.628,625.618
2095,42.381,570.659,625.629
2096,42.363,570.691,625.641
2097,42.345,570.722,625.652
2098,42.327,570.754,625.664
2099,42.309,570.785,625.675
2100,42.291,570.817,625.687
2101,42.273,570.848,625.698
2102,42.255,570.879,625.710
2103,42.237,570.910,625.721
2104,42.219,570.941,625.733
2105,42.201,570.972,625.744
2106,42.183,571.003,625.755
2107,42.165,571.034,625.766
2108,42.147,571.065,625.778
2109,42.129,571.096,625.789
2110,42.111,571.127,625.801
2111,42.093,571.157,625.812
2112,42.075,571.188,625.824
2113,42.057,571.219,625.835
2114,42.039,571.249,625.847
2115,42.021,571.279,625.857
2116,42.003,571.310,625.869
2117,41.986,571.340,625.880
2118,41.968,571.370,625.892
2119,41.950,571.399,625.903
2120,41.932,571.430,625.915
2121,41.914,571.460,625.926
2122,41.896,571.490,625.937
2123,41.878,571.519,625.948
2124,41.861,571.550,625.960
2125,41.843,571.579,625.971
2126,41.825,571.609,625.982
2127,41.807,571.638,625.993
2128,41.789,571.668,626.005
2129,41.772,571.697,626.015
2130,41.754,571.726,626.027
2131,41.736,571.756,626.038
2132,41.718,571.785,626.050
2133,41.701,571.814,626.061
2134,41.683,571.843,626.072
2135,41.665,571.872,626.083
2136,41.647,571.901,626.094
2137,41.630,571.930,626.105
2138,41.612,571.959,626.117
2139,41.594,571.988,626.128
2140,41.576,572.016,626.139
2141,41.559,572.045,626.150
2142,41.541,572.074,626.161
2143,41.523,572.102,626.172
2144,41.506,572.130,626.184
2145,41.488,572.159,626.195
2146,41.470,572.187,626.206
2147,41.453,572.215,626.216
2148,41.435,572.244,626.228
2149,41.418,572.272,626.239
2150,41.400,572.300,626.250
2151,41.382,572.328,626.261
2152,41.365,572.356,626.272
2153,41.347,572.383,626.283
2154,41.329,572.411,626.294
2155,41.312,572.439,626.305
2156,41.294,572.467,626.316
2157,41.277,572.494,626.327
2158,41.259,572.522,626.338
2159,41.242,572.549,626.349
2160,41.224,572.577,626.360
2161,41.207,572.604,626.371
2162,41.189,572.631,626.382
2163,41.172,572.659,626.393
2164,41.154,572.686,626.404
2165,41.137,572.713,626.415
2166,41.119,572.740,626.426
2167,41.102,572.767,626.437
2168,41.084,572.794,626.448
2169,41.067,572.821,626.458
2170,41.049,572.848,626.470
2171,41.032,572.874,626.481
2172,41.014,572.901,626.491
2173,40.997,572.928,626.502
2174,40.980,572.954,626.513
2175,40.962,572.981,626.524
2176,40.945,573.007,626.535
2177,40.927,573.034,626.546
2178,40.910,573.060,626.557
2179,40.893,573.086,626.567
2180,40.875,573.113,626.578
2181,40.858,573.139,626.589
2182,40.840,573.165,626.600
2183,40.823,573.191,626.611
2184,40.806,573.217,626.621
2185,40.788,573.243,626.632
2186,40.771,573.269,626.643
2187,40.754,573.295,626.654
2188,40.736,573.320,626.665
2189,40.719,573.346,626.676
2190,40.702,573.372,626.686
2191,40.685,573.397,626.697
2192,40.667,573.423,626.708
2193,40.650,573.449,626.719
2194,40.633,573.474,626.729
2195,40.616,573.499,626.740
2196,40.598,573.525,626.750
2197,40.581,573.550,626.761
2198,40.564,573.575,626.772
2199,40.547,573.600,626.783
2200,40.529,573.625,626.793
2201,40.512,573.650,626.803
2202,40.495,573.675,626.814
2203,40.478,573.700,626.825
2204,40.461,573.725,626.836
2205,40.444,573.750,626.846
2206,40.426,573.775,626.857
2207,40.409,573.800,626.868
2208,40.392,573.824,626.878
2209,40.375,573.849,626.889
2210,40.358,573.873,626.899
2211,40.341,573.898,626.909
2212,40.324,573.922,626.920
2213,40.307,573.947,626.931
2214,40.289,573.971,626.941
2215,40.272,573.995,626.952
2216,40.255,574.020,626.963
2217,40.238,574.044,626.974
2218,40.221,574.068,626.984
2219,40.204,574.092,626.995
2220,40.187,574.116,627.005
2221,40.170,574.140,627.015
2222,40.153,574.164,627.026
2223,40.136,574.188,627.037
2224,40.119,574.212,627.047
2225,40.102,574.235,627.058
2226,40.085,574.259,627.067
2227,40.068,574.283,627.077
2228,40.051,574.306,627.088
2229,40.034,574.330,627.099
2230,40.017,574.353,627.109
2231,40.000,574.377,627.120
2232,39.983,574.400,627.130
2233,39.966,574.424,627.140
2234,39.949,574.447,627.151
2235,39.932,574.470,627.162
2236,39.916,574.493,627.172
2237,39.899,574.517,627.182
2238,39.882,574.540,627.192
2239,39.865,574.563,627.202
2240,39.848,574.586,627.213
2241,39.831,574.609,627.224
2242,39.814,574.632,627.234
2243,39.797,574.654,627.245
2244,39.781,574.677,627.255
2245,39.764,574.700,627.264
2246,39.747,574.723,627.275
2247,39.730,574.745,627.285
2248,39.713,574.768,627.296
2249,39.697,574.791,627.306
2250,39.680,574.813,627.316
2251,39.663,574.836,627.327
2252,39.646,574.858,627.337
2253,39.629,574.880,627.347
2254,39.613,574.903,627.357
2255,39.596,574.925,627.368
2256,39.579,574.947,627.378
2257,39.562,574.970,627.388
2258,39.546,574.992,627.398
2259,39.529,575.014,627.409
2260,39.512,575.036,627.418
2261,39.496,575.058,627.428
2262,39.479,575.080,627.439
2263,39.462,575.102,627.449
2264,39.446,575.124,627.459
2265,39.429,575.145,627.470
2266,39.412,575.167,627.480
2267,39.396,575.189,627.490
2268,39.379,575.211,627.500
2269,39.362,575.232,627.510
2270,39.346,575.254,627.520
2271,39.329,575.275,627.530
2272,39.312,575.297,627.540
2273,39.296,575.318,627.551
2274,39.279,575.340,627.561
2275,39.263,575.361,627.571
2276,39.246,575.383,627.581
2277,39.230,575.404,627.591
2278,39.213,575.425,627.601
2279,39.196,575.446,627.611
2280,39.180,575.467,627.620
2281,39.163,575.489,627.630
2282,39.147,575.510,627.640
2283,39.130,575.531,627.651
2284,39.114,575.552,627.661
2285,39.097,575.572,627.671
2286,39.081,575.593,627.681
2287,39.064,575.614,627.691
2288,39.048,575.635,627.701
2289,39.031,575.656,627.711
2290,39.015,575.677,627.721
2291,38.998,575.698,627.730
2292,38.982,575.718,627.741
2293,38.965,575.739,627.750
2294,38.949,575.759,627.760
2295,38.933,575.779,627.770
2296,38.916,575.801,627.780
2297,38.900,575.821,627.790
2298,38.883,575.841,627.800
2299,38.867,575.861,627.810
2300,38.851,575.882,627.820
2301,38.834,575.903,627.830
2302,38.818,575.923,627.840
2303,38.802,575.943,627.849
2304,38.785,575.963,627.859
2305,38.769,575.983,627.869
2306,38.753,576.003,627.879
2307,38.736,576.023,627.889
2308,38.720,576.043,627.899
2309,38.704,576.063,627.908
2310,38.687,576.083,627.918
2311,38.671,576.103,627.928
2312,38.655,576.123,627.938
2313,38.639,576.143,627.948
2314,38.622,576.163,627.957
2315,38.606,576.183,627.967
2316,38.590,576.202,627.977
2317,38.574,576.221,627.986
2318,38.557,576.241,627.996
2319,38.541,576.261,628.006
2320,38.525,576.280,628.015
2321,38.509,576.300,628.025
2322,38.493,576.319,628.035
2323,38.476,576.339,628.045
2324,38.460,576.358,628.054
2325,38.444,576.378,628.064
2326,38.428,576.397,628.074
2327,38.412,576.416,628.083
2328,38.395,576.435,628.093
2329,38.379,576.454,628.103
2330,38.363,576.474,628.113
2331,38.347,576.493,628.122
2332,38.331,576.512,628.132
2333,38.315,576.531,628.142
2334,38.299,576.550,628.152
2335,38.283,576.569,628.161
2336,38.267,576.588,628.170
2337,38.250,576.607,628.180
2338,38.234,576.626,628.190
2339,38.218,576.645,628.200
2340,38.202,576.663,628.209
2341,38.186,576.683,628.218
2342,38.170,576.701,628.228
2343,38.154,576.720,628.238
2344,38.138,576.739,628.247
2345,38.122,576.757,628.257
2346,38.106,576.776,628.266
2347,38.090,576.794,628.276
2348,38.074,576.813,628.285
2349,38.058,576.832,628.295
2350,38.042,576.850,628.304
2351,38.026,576.869,628.313
2352,38.010,576.887,628.323
2353,37.994,576.905,628.333
2354,37.978,576.924,628.342
2355,37.962,576.942,628.352
2356,37.946,576.960,628.361
2357,37.930,576.979,628.370
2358,37.915,576.997,628.380
2359,37.899,577.015,628.390
2360,37.883,577.033,628.399
2361,37.867,577.051,628.408
2362,37.851,577.070,628.418
2363,37.835,577.088,628.428
2364,37.819,577.105,628.437
2365,37.803,577.124,628.446
2366,37.788,577.142,628.456
2367,37.772,577.159,628.465
2368,37.756,577.177,628.475
2369,37.740,577.195,628.484
2370,37.724,577.213,628.493
2371,37.709,577.231,628.502
2372,37.693,577.249,628.512
2373,37.677,577.266,628.521
2374,37.661,577.284,628.531
2375,37.645,577.302,628.539
2376,37.630,577.319,628.549
2377,37.614,577.337,628.558
2378,37.598,577.355,628.568
2379,37.582,577.372,628.577
2380,37.567,577.390,628.587
2381,37.551,577.408,628.596
2382,37.535,577.425,628.605
2383,37.519,577.442,628.614
2384,37.504,577.460,628.623
2385,37.488,577.477,628.633
2386,37.472,577.495,628.642
2387,37.457,577.512,628.652
2388,37.441,577.530,628.660
2389,37.425,577.547,628.670
2390,37.410,577.564,628.679
2391,37.394,577.582,628.689
2392,37.378,577.598,628.697
2393,37.363,577.615,628.707
2394,37.347,577.632,628.716
2395,37.331,577.650,628.726
2396,37.316,577.667,628.734
2397,37.300,577.684,628.743
2398,37.285,577.701,628.752
2399,37.269,577.718,628.762
2400,37.253,577.735,628.771
2401,37.238,577.752,628.780
2402,37.222,577.769,628.790
2403,37.207,577.786,628.798
2404,37.191,577.802,628.808
2405,37.176,577.819,628.817
2406,37.160,577.836,628.826
2407,37.145,577.853,628.835
2408,37.129,577.870,628.845
2409,37.113,577.887,628.853
2410,37.098,577.904,628.863
2411,37.083,577.920,628.872
2412,37.067,577.937,628.881
2413,37.051,577.954,628.890
2414,37.036,577.970,628.899
2415,37.021,577.987,628.908
2416,37.005,578.003,628.917
2417,36.990,578.020,628.926
2418,36.974,578.036,628.935
2419,36.959,578.053,628.944
2420,36.943,578.069,628.953
2421,36.928,578.085,628.963
2422,36.913,578.102,628.971
2423,36.897,578.118,628.981
2424,36.882,578.134,628.989
2425,36.866,578.151,628.999
2426,36.851,578.167,629.007
2427,36.836,578.183,629.016
2428,36.820,578.200,629.025
2429,36.805,578.217,629.034
2430,36.789,578.233,629.043
2431,36.774,578.249,629.052
2432,36.759,578.265,629.062
2433,36.743,578.281,629.070
2434,36.728,578.297,629.079
2435,36.713,578.313,629.088
2436,36.697,578.329,629.097
2437,36.682,578.345,629.106
2438,36.667,578.362,629.115
2439,36.652,578.378,629.124
2440,36.636,578.394,629.133
2441,36.621,578.409,629.142
2442,36.606,578.425,629.151
2443,36.591,578.441,629.159
2444,36.575,578.457,629.168
2445,36.560,578.473,629.177
2446,36.545,578.489,629.186
2447,36.529,578.504,629.195
2448,36.514,578.520,629.204
2449,36.499,578.537,629.213
2450,36.484,578.552,629.222
2451,36.469,578.568,629.231
2452,36.453,578.583,629.239
2453,36.438,578.599,629.248
2454,36.423,578.615,629.257
2455,36.408,578.630,629.266
2456,36.393,578.646,629.275
2457,36.378,578.662,629.284
2458,36.363,578.678,629.292
2459,36.347,578.693,629.301
2460,36.332,578.708,629.310
2461,36.317,578.725,629.318
2462,36.302,578.740,629.328
2463,36.287,578.755,629.336
2464,36.272,578.771,629.345
2465,36.257,578.786,629.354
2466,36.242,578.802,629.363
2467,36.226,578.817,629.372
2468,36.211,578.832,629.380
2469,36.196,578.847,629.389
2470,36.181,578.863,629.398
2471,36.166,578.879,629.406
2472,36.151,578.894,629.415
2473,36.136,578.910,629.424
2474,36.121,578.925,629.433
2475,36.106,578.940,629.441
2476,36.091,578.955,629.450
2477,36.076,578.970,629.459
2478,36.061,578.985,629.468
2479,36.046,579.000,629.476
2480,36.031,579.016,629.485
2481,36.016,579.031,629.493
2482,36.001,579.046,629.503
2483,35.986,579.062,629.510
2484,35.971,579.076,629.519
2485,35.956,579.091,629.528
2486,35.941,579.106,629.537
2487,35.926,579.121,629.545
2488,35.911,579.136,629.554
2489,35.896,579.152,629.563
2490,35.881,579.166,629.571
2491,35.867,579.182,629.580
2492,35.852,579.196,629.588
2493,35.837,579.211,629.597
2494,35.822,579.227,629.606
2495,35.807,579.241,629.615
2496,35.792,579.256,629.623
2497,35.777,579.271,629.631
2498,35.762,579.286,629.640
2499,35.748,579.301,629.648
2500,35.733,579.315,629.657
2501,35.718,579.330,629.666
2502,35.703,579.345,629.674
2503,35.688,579.360,629.682
2504,35.673,579.375,629.691
2505,35.659,579.389,629.700
2506,35.644,579.404,629.708
2507,35.629,579.419,629.717
2508,35.614,579.433,629.726
2509,35.599,579.448,629.734
2510,35.585,579.463,629.742
2511,35.570,579.478,629.751
2512,35.555,579.492,629.759
2513,35.540,579.506,629.768
2514,35.526,579.521,629.777
2515,35.511,579.536,629.785
2516,35.496,579.551,629.793
2517,35.481,579.565,629.802
2518,35.467,579.579,629.810
2519,35.452,579.594,629.819
2520,35.437,579.608,629.827
2521,35.423,579.623,629.836
2522,35.408,579.637,629.845
2523,35.393,579.652,629.853
2524,35.378,579.666,629.861
2525,35.364,579.681,629.869
2526,35.349,579.695,629.878
2527,35.334,579.710,629.886
2528,35.320,579.724,629.895
2529,35.305,579.739,629.903
2530,35.290,579.753,629.912
2531,35.276,579.766,629.920
2532,35.261,579.781,629.929
2533,35.247,579.795,629.937
2534,35.232,579.810,629.945
2535,35.217,579.824,629.954
2536,35.203,579.838,629.962
2537,35.188,579.853,629.970
2538,35.174,579.867,629.979
2539,35.159,579.881,629.987
2540,35.144,579.895,629.995
2541,35.130,579.910,630.004
2542,35.115,579.924,630.012
2543,35.101,579.938,630.021
2544,35.086,579.952,630.029
2545,35.072,579.966,630.037
2546,35.057,579.981,630.045
2547,35.043,579.994,630.054
2548,35.028,580.009,630.062
2549,35.014,580.022,630.071
2550,34.999,580.037,630.079
2551,34.985,580.051,630.087
2552,34.970,580.065,630.095
2553,34.956,580.079,630.103
2554,34.941,580.093,630.112
2555,34.927,580.107,630.120
2556,34.912,580.121,630.129
2557,34.898,580.135,630.137
2558,34.883,580.149,630.145
2559,34.869,580.163,630.154
2560,34.854,580.177,630.161
2561,34.840,580.191,630.170
2562,34.825,580.205,630.178
2563,34.811,580.219,630.186
2564,34.797,580.233,630.194
2565,34.782,580.247,630.203
2566,34.768,580.261,630.211
2567,34.753,580.274,630.219
2568,34.739,580.288,630.228
2569,34.725,580.302,630.236
2570,34.710,580.316,630.244
2571,34.696,580.330,630.252
2572,34.682,580.343,630.260
2573,34.667,580.358,630.269
2574,34.653,580.371,630.277
2575,34.639,580.385,630.285
2576,34.624,580.399,630.293
2577,34.610,580.412,630.301
2578,34.595,580.427,630.309
2579,34.581,580.440,630.318
2580,34.567,580.454,630.326
2581,34.553,580.468,630.334
2582,34.538,580.481,630.342
2583,34.524,580.495,630.351
2584,34.510,580.509,630.359
2585,34.495,580.522,630.367
2586,34.481,580.536,630.374
2587,34.467,580.549,630.382
2588,34.453,580.563,630.390
2589,34.438,580.577,630.399
2590,34.424,580.591,630.407
2591,34.410,580.604,630.415
2592,34.396,580.618,630.423
2593,34.381,580.632,630.431
2594,34.367,580.645,630.439
2595,34.353,580.659,630.447
2596,34.339,580.673,630.456
2597,34.325,580.686,630.464
2598,34.310,580.699,630.472
2599,34.296,580.713,630.480
2600,34.282,580.726,630.488
2601,34.268,580.740,630.496
2602,34.254,580.754,630.504
2603,34.240,580.768,630.512
2604,34.225,580.781,630.520
2605,34.211,580.794,630.528
2606,34.197,580.808,630.536
2607,34.183,580.822,630.544
2608,34.169,580.834,630.552
2609,34.155,580.848,630.560
2610,34.140,580.862,630.568
2611,34.126,580.875,630.576
2612,34.112,580.888,630.584
2613,34.098,580.902,630.592
2614,34.084,580.915,630.600
2615,34.070,580.929,630.609
2616,34.056,580.942,630.617
2617,34.042,580.955,630.625
2618,34.028,580.969,630.633
2619,34.014,580.982,630.641
2620,34.000,580.996,630.649
2621,33.986,581.009,630.657
2622,33.972,581.022,630.664
2623,33.957,581.036,630.672
2624,33.943,581.049,630.680
2625,33.929,581.063,630.688
2626,33.915,581.076,630.696
2627,33.901,581.089,630.704
2628,33.887,581.102,630.712
2629,33.873,581.116,630.720
2630,33.859,581.129,630.728
2631,33.845,581.142,630.735
2632,33.831,581.156,630.744
2633,33.817,581.168,630.752
2634,33.803,581.182,630.760
2635,33.789,581.195,630.768
2636,33.775,581.209,630.776
2637,33.762,581.222,630.783
2638,33.748,581.235,630.791
2639,33.734,581.249,630.799
2640,33.720,581.262,630.807
2641,33.706,581.274,630.815
2642,33.692,581.288,630.823
2643,33.678,581.301,630.831
2644,33.664,581.314,630.839
2645,33.650,581.327,630.847
2646,33.636,581.341,630.854
2647,33.622,581.354,630.862
2648,33.608,581.367,630.870
2649,33.595,581.380,630.878
2650,33.581,581.393,630.885
2651,33.567,581.407,630.894
2652,33.553,581.419,630.902
2653,33.539,581.432,630.909
2654,33.525,581.446,630.917
2655,33.511,581.459,630.925
2656,33.498,581.472,630.933
2657,33.484,581.485,630.940
2658,33.470,581.498,630.949
2659,33.456,581.511,630.957
2660,33.442,581.524,630.964
2661,33.428,581.538,630.972
2662,33.415,581.551,630.980
2663,33.401,581.563,630.988
2664,33.387,581.577,630.996
2665,33.373,581.590,631.003
2666,33.359,581.603,631.011
2667,33.346,581.616,631.019
2668,33.332,581.629,631.027
2669,33.318,581.642,631.034
2670,33.304,581.655,631.042
2671,33.291,581.668,631.050
2672,33.277,581.681,631.058
2673,33.263,581.694,631.066
2674,33.249,581.707,631.073
2675,33.236,581.721,631.081
2676,33.222,581.733,631.089
2677,33.208,581.746,631.097
2678,33.194,581.759,631.104
2679,33.181,581.772,631.112
2680,33.167,581.785,631.119
2681,33.153,581.798,631.128
2682,33.140,581.811,631.135
2683,33.126,581.824,631.143
2684,33.112,581.837,631.150
2685,33.099,581.851,631.158
2686,33.085,581.863,631.166
2687,33.071,581.876,631.174
2688,33.058,581.889,631.181
2689,33.044,581.902,631.189
2690,33.030,581.915,631.197
2691,33.017,581.928,631.204
2692,33.003,581.941,631.212
2693,32.989,581.954,631.220
2694,32.976,581.967,631.228
2695,32.962,581.980,631.236
2696,32.949,581.993,631.243
2697,32.935,582.006,631.251
2698,32.921,582.018,631.259
2699,32.908,582.031,631.266
2700,32.894,582.044,631.274
2701,32.881,582.057,631.281
2702,32.867,582.070,631.289
2703,32.854,582.083,631.297
2704,32.840,582.096,631.304
2705,32.826,582.109,631.312
2706,32.813,582.122,631.319
2707,32.799,582.135,631.327
2708,32.786,582.147,631.335
2709,32.772,582.160,631.342
2710,32.759,582.172,631.350
2711,32.745,582.186,631.358
2712,32.732,582.199,631.365
2713,32.718,582.212,631.373
2714,32.705,582.224,631.380
2715,32.691,582.237,631.388
2716,32.678,582.250,631.395
2717,32.664,582.263,631.403
2718,32.651,582.276,631.411
2719,32.637,582.288,631.419
2720,32.624,582.301,631.426
2721,32.610,582.314,631.434
2722,32.597,582.327,631.441
2723,32.583,582.340,631.448
2724,32.570,582.352,631.456
2725,32.556,582.365,631.464
2726,32.543,582.378,631.472
2727,32.530,582.391,631.479
2728,32.516,582.403,631.487
2729,32.503,582.416,631.494
2730,32.489,582.429,631.502
2731,32.476,582.442,631.509
2732,32.462,582.455,631.517
2733,32.449,582.468,631.524
2734,32.436,582.480,631.532
2735,32.422,582.493,631.539
2736,32.409,582.506,631.547
2737,32.396,582.519,631.554
2738,32.382,582.531,631.562
2739,32.369,582.544,631.569
2740,32.355,582.557,631.577
2741,32.342,582.570,631.585
2742,32.329,582.583,631.592
2743,32.315,582.595,631.599
2744,32.302,582.608,631.607
2745,32.289,582.621,631.614
2746,32.275,582.634,631.622
2747,32.262,582.646,631.630
2748,32.249,582.659,631.637
2749,32.235,582.672,631.645
2750,32.222,582.685,631.652
2751,32.209,582.697,631.659
2752,32.195,582.710,631.668
2753,32.182,582.722,631.675
2754,32.169,582.736,631.682
2755,32.156,582.748,631.690
2756,32.142,582.761,631.697
2757,32.129,582.774,631.705
2758,32.116,582.786,631.712
2759,32.103,582.799,631.719
2760,32.089,582.812,631.727
2761,32.076,582.825,631.734
2762,32.063,582.837,631.741
2763,32.049,582.850,631.749
2764,32.036,582.862,631.757
2765,32.023,582.876,631.764
2766,32.010,582.888,631.771
2767,31.997,582.901,631.779
2768,31.983,582.913,631.786
2769,31.970,582.927,631.794
2770,31.957,582.939,631.801
2771,31.944,582.952,631.808
2772,31.931,582.964,631.816
2773,31.917,582.977,631.824
2774,31.904,582.990,631.831
2775,31.891,583.002,631.838
2776,31.878,583.015,631.845
2777,31.865,583.028,631.853
2778,31.852,583.041,631.860
2779,31.838,583.054,631.868
2780,31.825,583.066,631.875
2781,31.812,583.079,631.883
2782,31.799,583.092,631.890
2783,31.786,583.104,631.897
2784,31.773,583.117,631.904
2785,31.760,583.130,631.912
2786,31.746,583.142,631.920
2787,31.733,583.155,631.927
2788,31.720,583.168,631.934
2789,31.707,583.180,631.942
2790,31.694,583.193,631.949
2791,31.681,583.206,631.956
2792,31.668,583.219,631.963
2793,31.655,583.231,631.971
2794,31.642,583.244,631.978
2795,31.629,583.257,631.986
2796,31.616,583.269,631.993
2797,31.603,583.282,632.001
2798,31.589,583.294,632.008
2799,31.576,583.307,632.015
2800,31.563,583.320,632.023
2801,31.550,583.333,632.030
2802,31.537,583.345,632.037
2803,31.524,583.358,632.044
2804,31.511,583.371,632.052
2805,31.498,583.383,632.059
2806,31.485,583.396,632.066
2807,31.472,583.409,632.074
2808,31.459,583.421,632.081
2809,31.446,583.434,632.088
2810,31.433,583.447,632.095
2811,31.420,583.459,632.103
2812,31.407,583.472,632.110
2813,31.394,583.485,632.117
2814,31.381,583.497,632.125
2815,31.368,583.510,632.132
2816,31.355,583.523,632.139
2817,31.342,583.535,632.147
2818,31.329,583.548,632.154
2819,31.316,583.561,632.161
2820,31.303,583.574,632.169
2821,31.291,583.586,632.176
2822,31.278,583.599,632.183
2823,31.265,583.611,632.190
2824,31.252,583.625,632.198
2825,31.239,583.637,632.205
2826,31.226,583.649,632.212
2827,31.213,583.662,632.220
2828,31.200,583.674,632.227
2829,31.187,583.688,632.233
2830,31.174,583.700,632.241
2831,31.161,583.713,632.248
2832,31.149,583.725,632.255
2833,31.136,583.738,632.263
2834,31.123,583.751,632.270
2835,31.110,583.763,632.277
2836,31.097,583.776,632.285
2837,31.084,583.789,632.292
2838,31.071,583.802,632.299
2839,31.059,583.814,632.306
2840,31.046,583.827,632.313
2841,31.033,583.840,632.321
2842,31.020,583.853,632.328
2843,31.007,583.865,632.335
2844,30.994,583.878,632.343
2845,30.982,583.891,632.349
2846,30.969,583.903,632.356
2847,30.956,583.916,632.364
2848,30.943,583.928,632.371
2849,30.930,583.941,632.378
2850,30.918,583.954,632.386
2851,30.905,583.966,632.393
2852,30.892,583.979,632.399
2853,30.879,583.992,632.407
2854,30.866,584.005,632.414
2855,30.854,584.017,632.422
2856,30.841,584.030,632.429
2857,30.828,584.043,632.435
2858,30.815,584.055,632.443
2859,30.803,584.069,632.450
2860,30.790,584.081,632.458
2861,30.777,584.093,632.465
2862,30.764,584.106,632.471
2863,30.752,584.119,632.479
2864,30.739,584.131,632.486
2865,30.726,584.145,632.494
2866,30.714,584.157,632.500
2867,30.701,584.170,632.507
2868,30.688,584.183,632.515
2869,30.675,584.195,632.522
2870,30.663,584.208,632.529
2871,30.650,584.221,632.536
2872,30.637,584.233,632.543
2873,30.625,584.246,632.550
2874,30.612,584.259,632.557
2875,30.599,584.272,632.565
2876,30.587,584.284,632.572
2877,30.574,584.297,632.578
2878,30.561,584.309,632.586
2879,30.549,584.322,632.593
2880,30.536,584.335,632.600
2881,30.523,584.348,632.607
2882,30.511,584.361,632.615
2883,30.498,584.373,632.622
2884,30.486,584.386,632.628
2885,30.473,584.399,632.636
2886,30.460,584.411,632.643
2887,30.448,584.424,632.650
2888,30.435,584.437,632.657
2889,30.422,584.449,632.664
2890,30.410,584.463,632.671
2891,30.397,584.475,632.679
2892,30.385,584.488,632.685
2893,30.372,584.501,632.692
2894,30.360,584.513,632.700
2895,30.347,584.526,632.707
2896,30.334,584.539,632.714
2897,30.322,584.552,632.721
2898,30.309,584.564,632.728
2899,30.297,584.577,632.735
2900,30.284,584.590,632.742
2901,30.272,584.603,632.749
2902,30.259,584.615,632.756
2903,30.247,584.628,632.763
2904,30.234,584.641,632.770
2905,30.222,584.653,632.777
2906,30.209,584.667,632.784
2907,30.197,584.679,632.792
2908,30.184,584.692,632.798
2909,30.171,584.705,632.806
2910,30.159,584.717,632.812
2911,30.146,584.730,632.820
2912,30.134,584.744,632.827
2913,30.121,584.756,632.834
2914,30.109,584.769,632.841
2915,30.097,584.782,632.848
2916,30.084,584.794,632.855
2917,30.072,584.807,632.862
2918,30.059,584.819,632.869
2919,30.047,584.833,632.876
2920,30.034,584.845,632.883
2921,30.022,584.858,632.890
2922,30.009,584.871,632.897
2923,29.997,584.884,632.904
2924,29.984,584.896,632.911
2925,29.972,584.910,632.918
2926,29.960,584.922,632.925
2927,29.947,584.935,632.932
2928,29.935,584.948,632.939
2929,29.922,584.961,632.946
2930,29.910,584.973,632.953
2931,29.898,584.986,632.960
2932,29.885,585.000,632.967
2933,29.873,585.012,632.974
2934,29.860,585.025,632.981
2935,29.848,585.038,632.988
2936,29.836,585.051,632.995
2937,29.823,585.063,633.002
2938,29.811,585.076,633.009
2939,29.798,585.089,633.016
2940,29.786,585.102,633.023
2941,29.774,585.114,633.030
2942,29.761,585.128,633.037
2943,29.749,585.141,633.044
2944,29.737,585.153,633.051
2945,29.724,585.167,633.058
2946,29.712,585.179,633.065
2947,29.700,585.192,633.072
2948,29.687,585.205,633.079
2949,29.675,585.218,633.086
2950,29.663,585.231,633.093
2951,29.650,585.243,633.100
2952,29.638,585.256,633.107
2953,29.626,585.269,633.114
2954,29.614,585.282,633.121
2955,29.601,585.295,633.128
2956,29.589,585.308,633.135
2957,29.577,585.321,633.142
2958,29.564,585.334,633.148
2959,29.552,585.347,633.155
2960,29.540,585.360,633.163
2961,29.528,585.372,633.169
2962,29.515,585.386,633.176
2963,29.503,585.398,633.183
2964,29.491,585.411,633.190
2965,29.479,585.424,633.197
2966,29.466,585.437,633.204
2967,29.454,585.450,633.211
2968,29.442,585.463,633.218
2969,29.430,585.476,633.225
2970,29.417,585.489,633.232
2971,29.405,585.501,633.239
2972,29.393,585.515,633.246
2973,29.381,585.528,633.253
2974,29.369,585.540,633.259
2975,29.356,585.553,633.266
2976,29.344,585.567,633.273
2977,29.332,585.579,633.280
2978,29.320,585.592,633.287
2979,29.308,585.605,633.294
2980,29.296,585.618,633.301
2981,29.283,585.631,633.308
2982,29.271,585.644,633.314
2983,29.259,585.657,633.321
2984,29.247,585.670,633.329
2985,29.235,585.683,633.335
2986,29.223,585.696,633.342
2987,29.210,585.709,633.350
2988,29.198,585.722,633.356
2989,29.186,585.736,633.363
2990,29.174,585.748,633.370
2991,29.162,585.761,633.377
2992,29.150,585.774,633.383
2993,29.138,585.787,633.390
2994,29.126,585.800,633.397
2995,29.113,585.813,633.404
2996,29.101,585.827,633.411
2997,29.089,585.839,633.418
2998,29.077,585.852,633.424
2999,29.065,585.866,633.432
3000,29.053,585.878,633.438
3001,29.041,585.891,633.445
3002,29.029,585.905,633.452
3003,29.017,585.918,633.459
3004,29.005,585.930,633.466
3005,28.993,585.944,633.473
3006,28.981,585.957,633.479
3007,28.968,585.970,633.487
3008,28.956,585.983,633.493
3009,28.944,585.996,633.500
3010,28.932,586.009,633.507
3011,28.920,586.022,633.514
3012,28.908,586.035,633.521
3013,28.896,586.048,633.527
3014,28.884,586.061,633.534
3015,28.872,586.075,633.541
3016,28.860,586.087,633.548
3017,28.848,586.100,633.555
3018,28.836,586.114,633.562
3019,28.824,586.127,633.568
3020,28.812,586.140,633.576
3021,28.800,586.153,633.582
3022,28.788,586.166,633.589
3023,28.776,586.180,633.596
3024,28.764,586.193,633.602
3025,28.752,586.205,633.610
3026,28.740,586.219,633.616
3027,28.728,586.232,633.623
3028,28.716,586.245,633.630
3029,28.704,586.258,633.637
3030,28.693,586.271,633.644
3031,28.681,586.284,633.650
3032,28.669,586.298,633.658
3033,28.657,586.311,633.664
3034,28.645,586.324,633.671
3035,28.633,586.338,633.678
3036,28.621,586.350,633.684
3037,28.609,586.363,633.691
3038,28.597,586.377,633.698
3039,28.585,586.390,633.705
3040,28.573,586.403,633.712
3041,28.561,586.417,633.718
3042,28.549,586.429,633.726
3043,28.538,586.443,633.732
3044,28.526,586.456,633.739
3045,28.514,586.469,633.746
3046,28.502,586.483,633.752
3047,28.490,586.496,633.759
3048,28.478,586.508,633.766
3049,28.466,586.522,633.773
3050,28.454,586.535,633.780
3051,28.443,586.549,633.787
3052,28.431,586.562,633.793
3053,28.419,586.575,633.800
3054,28.407,586.588,633.807
3055,28.395,586.602,633.813
3056,28.383,586.615,633.821
3057,28.371,586.628,633.827
3058,28.360,586.641,633.834
3059,28.348,586.655,633.841
3060,28.336,586.668,633.847
3061,28.324,586.681,633.854
3062,28.312,586.695,633.861
3063,28.301,586.708,633.868
3064,28.289,586.721,633.874
3065,28.277,586.735,633.882
3066,28.265,586.747,633.888
3067,28.253,586.761,633.895
3068,28.242,586.774,633.901
3069,28.230,586.788,633.908
3070,28.218,586.801,633.915
3071,28.206,586.814,633.922
3072,28.195,586.828,633.928
3073,28.183,586.841,633.935
3074,28.171,586.854,633.942
3075,28.159,586.868,633.948
3076,28.148,586.881,633.956
3077,28.136,586.895,633.962
3078,28.124,586.908,633.969
3079,28.112,586.921,633.976
3080,28.101,586.934,633.983
3081,28.089,586.948,633.989
3082,28.077,586.961,633.996
3083,28.065,586.974,634.002
3084,28.054,586.988,634.010
3085,28.042,587.001,634.016
3086,28.030,587.015,634.023
3087,28.019,587.028,634.029
3088,28.007,587.042,634.037
3089,27.995,587.055,634.043
3090,27.983,587.068,634.050
3091,27.972,587.082,634.056
3092,27.960,587.096,634.063
3093,27.948,587.109,634.070
3094,27.937,587.122,634.076
3095,27.925,587.136,634.083
3096,27.913,587.149,634.090
3097,27.902,587.163,634.097
3098,27.890,587.176,634.103
3099,27.878,587.190,634.110
3100,27.867,587.203,634.117
3101,27.855,587.216,634.124
3102,27.843,587.230,634.130
3103,27.832,587.244,634.137
3104,27.820,587.257,634.143
3105,27.809,587.270,634.151
3106,27.797,587.284,634.157
3107,27.785,587.297,634.164
3108,27.774,587.311,634.170
3109,27.762,587.325,634.177
3110,27.751,587.338,634.184
3111,27.739,587.351,634.190
3112,27.727,587.365,634.198
3113,27.716,587.378,634.204
3114,27.704,587.392,634.211
3115,27.693,587.406,634.217
3116,27.681,587.419,634.224
3117,27.669,587.432,634.230
3118,27.658,587.446,634.238
3119,27.646,587.460,634.244
3120,27.635,587.473,634.251
3121,27.623,587.487,634.257
3122,27.612,587.500,634.264
3123,27.600,587.515,634.270
3124,27.589,587.528,634.278
3125,27.577,587.541,634.284
3126,27.566,587.555,634.291
3127,27.554,587.569,634.297
3128,27.542,587.582,634.304
3129,27.531,587.596,634.310
3130,27.519,587.609,634.318
3131,27.508,587.623,634.325
3132,27.496,587.637,634.331
3133,27.485,587.650,634.338
3134,27.473,587.664,634.344
3135,27.462,587.677,634.351
3136,27.450,587.692,634.357
3137,27.439,587.705,634.364
3138,27.427,587.719,634.370
3139,27.416,587.732,634.378
3140,27.404,587.746,634.384
3141,27.393,587.760,634.391
3142,27.382,587.773,634.398
3143,27.370,587.787,634.404
3144,27.359,587.801,634.411
3145,27.347,587.814,634.417
3146,27.336,587.828,634.424
3147,27.324,587.842,634.430
3148,27.313,587.856,634.437
3149,27.301,587.869,634.444
3150,27.290,587.883,634.451
3151,27.279,587.897,634.458
3152,27.267,587.910,634.464
3153,27.256,587.925,634.471
3154,27.244,587.938,634.477
3155,27.233,587.952,634.484
3156,27.221,587.965,634.490
3157,27.210,587.979,634.497
3158,27.199,587.993,634.504
3159,27.187,588.007,634.510
3160,27.176,588.021,634.517
3161,27.164,588.035,634.523
3162,27.153,588.048,634.530
3163,27.142,588.062,634.536
3164,27.130,588.076,634.543
3165,27.119,588.089,634.551
3166,27.108,588.103,634.557
3167,27.096,588.117,634.564
3168,27.085,588.131,634.570
3169,27.074,588.145,634.577
3170,27.062,588.159,634.584
3171,27.051,588.172,634.590
3172,27.039,588.187,634.597
3173,27.028,588.200,634.603
3174,27.017,588.214,634.610
3175,27.005,588.228,634.617
3176,26.994,588.242,634.623
3177,26.983,588.255,634.630
3178,26.971,588.270,634.636
3179,26.960,588.284,634.643
3180,26.949,588.297,634.650
3181,26.938,588.311,634.656
3182,26.926,588.325,634.663
3183,26.915,588.340,634.669
3184,26.904,588.353,634.676
3185,26.892,588.367,634.683
3186,26.881,588.381,634.689
3187,26.870,588.395,634.696
3188,26.859,588.409,634.702
3189,26.847,588.423,634.709
3190,26.836,588.436,634.716
3191,26.825,588.451,634.722
3192,26.814,588.465,634.729
3193,26.802,588.479,634.736
3194,26.791,588.493,634.742
3195,26.780,588.506,634.749
3196,26.769,588.521,634.755
3197,26.757,588.534,634.762
3198,26.746,588.549,634.769
3199,26.735,588.563,634.775
3200,26.724,588.577,634.782
3201,26.712,588.591,634.788
3202,26.701,588.604,634.795
3203,26.690,588.619,634.801
3204,26.679,588.633,634.808
3205,26.668,588.647,634.814
3206,26.656,588.661,634.821
3207,26.645,588.675,634.827
3208,26.634,588.689,634.834
3209,26.623,588.703,634.841
3210,26.612,588.717,634.847
3211,26.600,588.732,634.854
3212,26.589,588.745,634.861
3213,26.578,588.759,634.867
3214,26.567,588.774,634.874
3215,26.556,588.788,634.880
3216,26.545,588.802,634.887
3217,26.533,588.815,634.894
3218,26.522,588.830,634.900
3219,26.511,588.844,634.907
3220,26.500,588.858,634.913
3221,26.489,588.873,634.919
3222,26.478,588.887,634.926
3223,26.467,588.901,634.933
3224,26.455,588.915,634.939
3225,26.444,588.929,634.946
3226,26.433,588.943,634.953
3227,26.422,588.958,634.959
3228,26.411,588.971,634.966
3229,26.400,588.986,634.973
3230,26.389,589.000,634.979
3231,26.378,589.014,634.986
3232,26.367,589.028,634.992
3233,26.356,589.043,634.998
3234,26.344,589.057,635.005
3235,26.333,589.071,635.012
3236,26.322,589.086,635.018
3237,26.311,589.100,635.025
3238,26.300,589.114,635.032
3239,26.289,589.128,635.038
3240,26.278,589.143,635.045
3241,26.267,589.156,635.051
3242,26.256,589.171,635.057
3243,26.245,589.185,635.064
3244,26.234,589.199,635.071
3245,26.223,589.214,635.077
3246,26.212,589.228,635.084
3247,26.201,589.243,635.091
3248,26.190,589.257,635.097
3249,26.179,589.271,635.103
3250,26.168,589.286,635.110
3251,26.157,589.300,635.117
3252,26.146,589.314,635.123
3253,26.135,589.329,635.130
3254,26.124,589.343,635.136
3255,26.113,589.357,635.142
3256,26.102,589.372,635.149
3257,26.091,589.386,635.156
3258,26.080,589.400,635.162
3259,26.069,589.415,635.169
3260,26.058,589.429,635.176
3261,26.047,589.444,635.183
3262,26.036,589.458,635.188
3263,26.025,589.472,635.195
3264,26.014,589.487,635.202
3265,26.003,589.502,635.208
3266,25.992,589.515,635.215
3267,25.981,589.530,635.222
3268,25.970,589.545,635.227
3269,25.959,589.559,635.234
3270,25.948,589.574,635.241
3271,25.937,589.588,635.248
3272,25.926,589.602,635.254
3273,25.915,589.617,635.260
3274,25.904,589.632,635.267
3275,25.894,589.646,635.273
3276,25.883,589.660,635.280
3277,25.872,589.675,635.287
3278,25.861,589.690,635.293
3279,25.850,589.704,635.299
3280,25.839,589.718,635.306
3281,25.828,589.733,635.313
3282,25.817,589.748,635.320
3283,25.806,589.762,635.325
3284,25.795,589.777,635.332
3285,25.785,589.791,635.339
3286,25.774,589.806,635.345
3287,25.763,589.820,635.352
3288,25.752,589.835,635.358
3289,25.741,589.850,635.365
3290,25.730,589.864,635.371
3291,25.719,589.878,635.378
3292,25.709,589.893,635.385
3293,25.698,589.908,635.391
3294,25.687,589.923,635.397
3295,25.676,589.938,635.404
3296,25.665,589.952,635.411
3297,25.654,589.966,635.417
3298,25.644,589.981,635.423
3299,25.633,589.996,635.430
3300,25.622,590.011,635.437
3301,25.611,590.025,635.443
3302,25.600,590.040,635.449
3303,25.590,590.054,635.456
3304,25.579,590.069,635.463
3305,25.568,590.084,635.469
3306,25.557,590.099,635.475
3307,25.546,590.114,635.482
3308,25.536,590.128,635.489
3309,25.525,590.143,635.495
3310,25.514,590.158,635.501
3311,25.503,590.172,635.508
3312,25.492,590.187,635.515
3313,25.482,590.202,635.522
3314,25.471,590.217,635.527
3315,25.460,590.231,635.534
3316,25.449,590.246,635.541
3317,25.439,590.261,635.547
3318,25.428,590.276,635.554
3319,25.417,590.291,635.560
3320,25.406,590.305,635.567
3321,25.396,590.320,635.573
3322,25.385,590.335,635.580
3323,25.374,590.350,635.586
3324,25.364,590.365,635.593
3325,25.353,590.380,635.599
3326,25.342,590.395,635.606
3327,25.331,590.410,635.613
3328,25.321,590.425,635.619
3329,25.310,590.439,635.625
3330,25.299,590.454,635.632
3331,25.289,590.468,635.639
3332,25.278,590.483,635.644
3333,25.267,590.498,635.651
3334,25.257,590.513,635.658
3335,25.246,590.528,635.664
3336,25.235,590.543,635.671
3337,25.225,590.558,635.677
3338,25.214,590.573,635.684
3339,25.203,590.588,635.690
3340,25.193,590.603,635.697
3341,25.182,590.618,635.704
3342,25.171,590.633,635.709
3343,25.161,590.648,635.716
3344,25.150,590.663,635.723
3345,25.139,590.678,635.729
3346,25.129,590.693,635.736
3347,25.118,590.708,635.742
3348,25.108,590.723,635.748
3349,25.097,590.739,635.755
3350,25.086,590.754,635.762
3351,25.076,590.769,635.768
3352,25.065,590.784,635.774
3353,25.055,590.799,635.781
3354,25.044,590.814,635.788
3355,25.033,590.829,635.794
3356,25.023,590.844,635.801
3357,25.012,590.859,635.807
3358,25.002,590.874,635.813
3359,24.991,590.889,635.820
3360,24.980,590.904,635.826
3361,24.970,590.920,635.833
3362,24.959,590.935,635.840
3363,24.949,590.950,635.846
3364,24.938,590.965,635.852
3365,24.928,590.980,635.859
3366,24.917,590.995,635.865
3367,24.907,591.010,635.872
3368,24.896,591.025,635.879
3369,24.885,591.041,635.885
3370,24.875,591.056,635.891
3371,24.864,591.071,635.898
3372,24.854,591.086,635.904
3373,24.843,591.101,635.911
3374,24.833,591.116,635.918
3375,24.822,591.132,635.923
3376,24.812,591.147,635.930
3377,24.801,591.162,635.936
3378,24.791,591.177,635.943
3379,24.780,591.192,635.950
3380,24.770,591.208,635.956
3381,24.759,591.223,635.963
3382,24.749,591.238,635.969
3383,24.738,591.253,635.975
3384,24.728,591.269,635.982
3385,24.717,591.285,635.989
3386,24.707,591.300,635.995
3387,24.696,591.315,636.002
3388,24.686,591.330,636.008
3389,24.675,591.346,636.014
3390,24.665,591.361,636.021
3391,24.655,591.376,636.027
3392,24.644,591.391,636.034
3393,24.634,591.407,636.041
3394,24.623,591.422,636.047
3395,24.613,591.437,636.053
3396,24.602,591.453,636.059
3397,24.592,591.469,636.066
3398,24.582,591.484,636.073
3399,24.571,591.500,636.079
3400,24.561,591.515,636.086
3401,24.550,591.530,636.092
3402,24.540,591.546,636.098
3403,24.530,591.561,636.105
3404,24.519,591.576,636.111
3405,24.509,591.592,636.118
3406,24.498,591.608,636.124
3407,24.488,591.623,636.131
3408,24.478,591.639,636.138
3409,24.467,591.654,636.144
3410,24.457,591.669,636.150
3411,24.446,591.685,636.157
3412,24.436,591.700,636.163
3413,24.426,591.716,636.170
3414,24.415,591.732,636.176
3415,24.405,591.747,636.183
3416,24.395,591.763,636.189
3417,24.384,591.778,636.196
3418,24.374,591.794,636.202
3419,24.364,591.809,636.208
3420,24.353,591.824,636.215
3421,24.343,591.841,636.221
3422,24.333,591.856,636.228
3423,24.322,591.872,636.235
3424,24.312,591.887,636.241
3425,24.302,591.903,636.248
3426,24.291,591.919,636.254
3427,24.281,591.934,636.261
3428,24.271,591.950,636.267
3429,24.260,591.965,636.273
3430,24.250,591.981,636.280
3431,24.240,591.997,636.286
3432,24.230,592.013,636.293
3433,24.219,592.029,636.299
3434,24.209,592.044,636.306
3435,24.199,592.060,636.312
3436,24.188,592.075,636.319
3437,24.178,592.091,636.325
3438,24.168,592.107,636.332
3439,24.158,592.123,636.338
3440,24.147,592.138,636.344
3441,24.137,592.154,636.351
3442,24.127,592.170,636.357
3443,24.117,592.186,636.364
3444,24.106,592.201,636.370
3445,24.096,592.217,636.377
3446,24.086,592.233,636.383
3447,24.076,592.249,636.390
3448,24.065,592.265,636.396
3449,24.055,592.280,636.403
3450,24.045,592.296,636.409
3451,24.035,592.312,636.415
3452,24.025,592.328,636.422
3453,24.014,592.344,636.428
3454,24.004,592.360,636.435
3455,23.994,592.376,636.441
3456,23.984,592.392,636.448
3457,23.974,592.407,636.454
3458,23.964,592.423,636.461
3459,23.953,592.439,636.467
3460,23.943,592.455,636.474
3461,23.933,592.471,636.480
3462,23.923,592.487,636.487
3463,23.913,592.503,636.493
3464,23.903,592.519,636.500
3465,23.892,592.535,636.506
3466,23.882,592.551,636.512
3467,23.872,592.567,636.519
3468,23.862,592.583,636.525
3469,23.852,592.599,636.532
3470,23.842,592.615,636.538
3471,23.831,592.631,636.545
3472,23.821,592.647,636.551
3473,23.811,592.663,636.558
3474,23.801,592.679,636.564
3475,23.791,592.695,636.571
3476,23.781,592.711,636.577
3477,23.771,592.727,636.584
3478,23.761,592.743,636.590
3479,23.751,592.760,636.597
3480,23.740,592.775,636.603
3481,23.730,592.792,636.610
3482,23.720,592.808,636.616
3483,23.710,592.823,636.623
3484,23.700,592.840,636.629
3485,23.690,592.856,636.636
3486,23.680,592.872,636.641
3487,23.670,592.888,636.648
3488,23.660,592.905,636.654
3489,23.650,592.921,636.661
3490,23.640,592.938,636.668
3491,23.630,592.953,636.674
3492,23.620,592.969,636.681
3493,23.610,592.986,636.687
3494,23.600,593.002,636.694
3495,23.589,593.018,636.700
3496,23.579,593.035,636.706
3497,23.569,593.051,636.713
3498,23.559,593.067,636.719
3499,23.549,593.083,636.726
3500,23.539,593.100,636.732
3501,23.529,593.116,636.739
3502,23.519,593.132,636.745
3503,23.509,593.148,636.752
3504,23.499,593.165,636.759
3505,23.489,593.181,636.765
3506,23.479,593.197,636.771
3507,23.469,593.214,636.778
3508,23.459,593.230,636.784
3509,23.449,593.247,636.791
3510,23.439,593.263,636.797
3511,23.429,593.279,636.804
3512,23.419,593.295,636.810
3513,23.409,593.312,636.817
3514,23.400,593.329,636.823
3515,23.390,593.345,636.830
3516,23.380,593.361,636.836
3517,23.370,593.378,636.842
3518,23.360,593.394,636.849
3519,23.350,593.410,636.856
3520,23.340,593.427,636.862
3521,23.330,593.443,636.869
3522,23.320,593.460,636.875
3523,23.310,593.477,636.881
3524,23.300,593.493,636.888
3525,23.290,593.509,636.894
3526,23.280,593.526,636.901
3527,23.270,593.542,636.907
3528,23.260,593.559,636.914
3529,23.251,593.576,636.920
3530,23.241,593.592,636.926
3531,23.231,593.608,636.933
3532,23.221,593.625,636.939
3533,23.211,593.642,636.946
3534,23.201,593.658,636.953
3535,23.191,593.675,636.959
3536,23.181,593.692,636.965
3537,23.171,593.708,636.972
3538,23.162,593.725,636.978
3539,23.152,593.742,636.985
3540,23.142,593.758,636.991
3541,23.132,593.775,636.998
3542,23.122,593.792,637.004
3543,23.112,593.809,637.011
3544,23.102,593.825,637.017
3545,23.093,593.841,637.023
3546,23.083,593.858,637.030
3547,23.073,593.875,637.037
3548,23.063,593.892,637.043
3549,23.053,593.909,637.049
3550,23.044,593.925,637.056
3551,23.034,593.942,637.062
3552,23.024,593.958,637.069
3553,23.014,593.975,637.075
3554,23.004,593.992,637.082
3555,22.994,594.009,637.089
3556,22.985,594.026,637.095
3557,22.975,594.043,637.102
3558,22.965,594.060,637.108
3559,22.955,594.077,637.115
3560,22.945,594.093,637.121
3561,22.936,594.110,637.127
3562,22.926,594.127,637.134
3563,22.916,594.144,637.140
3564,22.906,594.161,637.147
3565,22.897,594.178,637.153
3566,22.887,594.195,637.160
3567,22.877,594.212,637.166
3568,22.867,594.229,637.173
3569,22.858,594.246,637.179
3570,22.848,594.263,637.185
3571,22.838,594.280,637.192
3572,22.828,594.296,637.198
3573,22.819,594.313,637.205
3574,22.809,594.330,637.212
3575,22.799,594.347,637.218
3576,22.790,594.364,637.225
3577,22.780,594.381,637.231
3578,22.770,594.398,637.238
3579,22.760,594.415,637.244
3580,22.751,594.432,637.251
3581,22.741,594.449,637.257
3582,22.731,594.466,637.264
3583,22.722,594.483,637.270
3584,22.712,594.501,637.276
3585,22.702,594.518,637.283
3586,22.693,594.535,637.289
3587,22.683,594.552,637.296
3588,22.673,594.569,637.302
3589,22.664,594.586,637.310
3590,22.654,594.603,637.316
3591,22.644,594.621,637.322
3592,22.635,594.638,637.329
3593,22.625,594.655,637.335
3594,22.615,594.672,637.342
3595,22.606,594.689,637.348
3596,22.596,594.707,637.354
3597,22.586,594.724,637.361
3598,22.577,594.741,637.368
3599,22.567,594.758,637.374
3600,22.558,594.775,637.380
3601,22.548,594.793,637.387
3602,22.538,594.810,637.394
3603,22.529,594.827,637.400
3604,22.519,594.845,637.407
3605,22.509,594.862,637.413
3606,22.500,594.879,637.420
3607,22.490,594.896,637.426
3608,22.481,594.914,637.432
3609,22.471,594.931,637.439
3610,22.462,594.948,637.445
3611,22.452,594.966,637.452
3612,22.442,594.983,637.458
3613,22.433,595.000,637.465
3614,22.423,595.018,637.472
3615,22.414,595.035,637.478
3616,22.404,595.052,637.485
3617,22.395,595.070,637.491
3618,22.385,595.087,637.497
3619,22.375,595.105,637.504
3620,22.366,595.122,637.510
3621,22.356,595.140,637.517
3622,22.347,595.158,637.524
3623,22.337,595.175,637.531
3624,22.328,595.192,637.537
3625,22.318,595.210,637.543
3626,22.309,595.227,637.550
3627,22.299,595.245,637.556
3628,22.290,595.262,637.562
3629,22.280,595.280,637.569
3630,22.271,595.297,637.575
3631,22.261,595.315,637.582
3632,22.252,595.332,637.589
3633,22.242,595.350,637.595
3634,22.233,595.367,637.602
3635,22.223,595.386,637.608
3636,22.214,595.403,637.615
3637,22.204,595.421,637.621
3638,22.195,595.438,637.628
3639,22.185,595.456,637.635
3640,22.176,595.474,637.641
3641,22.166,595.491,637.648
3642,22.157,595.509,637.654
3643,22.148,595.527,637.660
3644,22.138,595.545,637.667
3645,22.129,595.562,637.673
3646,22.119,595.580,637.680
3647,22.110,595.598,637.687
3648,22.100,595.616,637.693
3649,22.091,595.633,637.700
3650,22.081,595.651,637.706
3651,22.072,595.668,637.713
3652,22.063,595.686,637.719
3653,22.053,595.705,637.726
3654,22.044,595.722,637.732
3655,22.034,595.740,637.739
3656,22.025,595.758,637.745
3657,22.016,595.776,637.752
3658,22.006,595.793,637.758
3659,21.997,595.811,637.765
3660,21.987,595.830,637.771
3661,21.978,595.847,637.778
3662,21.969,595.865,637.785
3663,21.959,595.883,637.791
3664,21.950,595.901,637.797
3665,21.941,595.919,637.804
3666,21.931,595.937,637.810
3667,21.922,595.955,637.818
3668,21.912,595.973,637.824
3669,21.903,595.991,637.830
3670,21.894,596.009,637.837
3671,21.885,596.027,637.844
3672,21.875,596.045,637.850
3673,21.866,596.063,637.856
3674,21.856,596.081,637.863
3675,21.847,596.099,637.869
3676,21.838,596.117,637.876
3677,21.829,596.135,637.883
3678,21.819,596.153,637.889
3679,21.810,596.171,637.895
3680,21.801,596.189,637.903
3681,21.791,596.208,637.909
3682,21.782,596.226,637.916
3683,21.773,596.244,637.922
3684,21.763,596.262,637.928
3685,21.754,596.280,637.935
3686,21.745,596.299,637.942
3687,21.736,596.316,637.948
3688,21.726,596.335,637.955
3689,21.717,596.353,637.961
3690,21.708,596.371,637.968
3691,21.699,596.389,637.975
3692,21.689,596.408,637.981
3693,21.680,596.425,637.988
3694,21.671,596.444,637.994
3695,21.662,596.463,638.000
3696,21.652,596.481,638.007
3697,21.643,596.499,638.014
3698,21.634,596.518,638.021
3699,21.625,596.536,638.027
3700,21.615,596.554,638.033
3701,21.606,596.572,638.040
3702,21.597,596.591,638.047
3703,21.588,596.609,638.053
3704,21.579,596.627,638.060
3705,21.569,596.646,638.066
3706,21.560,596.664,638.073
3707,21.551,596.683,638.080
3708,21.542,596.701,638.086
3709,21.532,596.720,638.093
3710,21.523,596.738,638.099
3711,21.514,596.756,638.105
3712,21.505,596.775,638.113
3713,21.496,596.794,638.119
3714,21.487,596.812,638.126
3715,21.477,596.830,638.132
3716,21.468,596.849,638.138
3717,21.459,596.867,638.145
3718,21.450,596.886,638.152
3719,21.441,596.905,638.158
3720,21.432,596.924,638.165
3721,21.423,596.941,638.171
3722,21.413,596.960,638.179
3723,21.404,596.979,638.185
3724,21.395,596.998,638.191
3725,21.386,597.017,638.198
3726,21.377,597.035,638.205
3727,21.368,597.054,638.211
3728,21.359,597.072,638.218
3729,21.350,597.091,638.224
3730,21.340,597.109,638.231
3731,21.331,597.128,638.238
3732,21.322,597.147,638.245
3733,21.313,597.166,638.251
3734,21.304,597.184,638.257
3735,21.295,597.203,638.264
3736,21.286,597.222,638.271
3737,21.277,597.241,638.277
3738,21.268,597.260,638.284
3739,21.259,597.278,638.290
3740,21.250,597.297,638.297
3741,21.241,597.316,638.304
3742,21.232,597.335,638.310
3743,21.222,597.354,638.317
3744,21.213,597.372,638.324
3745,21.204,597.391,638.330
3746,21.195,597.410,638.336
3747,21.186,597.429,638.343
3748,21.177,597.449,638.350
3749,21.168,597.467,638.357
3750,21.159,597.486,638.363
3751,21.150,597.505,638.369
3752,21.141,597.524,638.377
3753,21.132,597.543,638.383
3754,21.123,597.562,638.390
3755,21.114,597.581,638.396
3756,21.105,597.600,638.403
3757,21.096,597.619,638.409
3758,21.087,597.638,638.416
3759,21.078,597.657,638.423
3760,21.069,597.676,638.429
3761,21.060,597.696,638.436
3762,21.051,597.714,638.443
3763,21.042,597.733,638.449
3764,21.033,597.752,638.456
3765,21.024,597.772,638.463
3766,21.015,597.791,638.469
3767,21.006,597.810,638.475
3768,20.997,597.829,638.483
3769,20.989,597.848,638.489
3770,20.980,597.867,638.496
3771,20.971,597.886,638.502
3772,20.962,597.906,638.509
3773,20.953,597.925,638.516
3774,20.944,597.944,638.522
3775,20.935,597.964,638.529
3776,20.926,597.983,638.536
3777,20.917,598.002,638.542
3778,20.908,598.022,638.549
3779,20.899,598.040,638.555
3780,20.890,598.060,638.562
3781,20.881,598.079,638.569
3782,20.873,598.099,638.575
3783,20.864,598.118,638.582
3784,20.855,598.138,638.589
3785,20.846,598.157,638.595
3786,20.837,598.176,638.602
3787,20.828,598.196,638.609
3788,20.819,598.215,638.615
3789,20.810,598.235,638.622
3790,20.802,598.254,638.629
3791,20.793,598.273,638.636
3792,20.784,598.293,638.642
3793,20.775,598.312,638.648
3794,20.766,598.332,638.655
3795,20.757,598.351,638.662
3796,20.748,598.371,638.669
3797,20.740,598.390,638.675
3798,20.731,598.410,638.682
3799,20.722,598.430,638.689
3800,20.713,598.449,638.695
3801,20.704,598.468,638.702
3802,20.696,598.488,638.709
3803,20.687,598.508,638.715
3804,20.678,598.528,638.722
3805,20.669,598.547,638.729
3806,20.660,598.567,638.735
3807,20.652,598.587,638.742
3808,20.643,598.606,638.749
3809,20.634,598.626,638.756
3810,20.625,598.645,638.762
3811,20.616,598.665,638.769
3812,20.608,598.685,638.776
3813,20.599,598.705,638.782
3814,20.590,598.725,638.789
3815,20.581,598.745,638.796
3816,20.573,598.764,638.803
3817,20.564,598.783,638.809
3818,20.555,598.804,638.816
3819,20.546,598.823,638.822
3820,20.538,598.843,638.829
3821,20.529,598.863,638.836
3822,20.520,598.883,638.843
3823,20.511,598.903,638.849
3824,20.503,598.923,638.856
3825,20.494,598.943,638.863
3826,20.485,598.963,638.869
3827,20.476,598.982,638.876
3828,20.468,599.003,638.883
3829,20.459,599.022,638.890
3830,20.450,599.043,638.897
3831,20.442,599.062,638.903
3832,20.433,599.083,638.910
3833,20.424,599.102,638.916
3834,20.416,599.123,638.923
3835,20.407,599.142,638.930
3836,20.398,599.163,638.937
3837,20.390,599.182,638.944
3838,20.381,599.203,638.950
3839,20.372,599.222,638.957
3840,20.364,599.243,638.964
3841,20.355,599.263,638.970
3842,20.346,599.283,638.977
3843,20.338,599.303,638.984
3844,20.329,599.324,638.991
3845,20.320,599.343,638.997
3846,20.312,599.364,639.004
3847,20.303,599.384,639.011
3848,20.294,599.404,639.017
3849,20.286,599.425,639.024
3850,20.277,599.444,639.031
3851,20.269,599.465,639.038
3852,20.260,599.485,639.045
3853,20.251,599.506,639.052
3854,20.243,599.525,639.058
3855,20.234,599.546,639.065
3856,20.226,599.567,639.071
3857,20.217,599.587,639.079
3858,20.209,599.607,639.085
3859,20.200,599.627,639.092
3860,20.191,599.648,639.099
3861,20.183,599.668,639.106
3862,20.174,599.689,639.112
3863,20.166,599.709,639.119
3864,20.157,599.729,639.126
3865,20.149,599.750,639.132
3866,20.140,599.770,639.140
3867,20.131,599.791,639.146
3868,20.123,599.811,639.153
3869,20.114,599.832,639.160
3870,20.106,599.853,639.166
3871,20.097,599.873,639.173
3872,20.089,599.894,639.180
3873,20.080,599.915,639.187
3874,20.072,599.935,639.194
3875,20.063,599.956,639.200
3876,20.055,599.976,639.207
3877,20.046,599.997,639.214
3878,20.038,600.018,639.221
3879,20.029,600.038,639.228
3880,20.021,600.059,639.234
3881,20.012,600.080,639.241
3882,20.004,600.100,639.248
3883,19.995,600.121,639.255
3884,19.987,600.142,639.261
3885,19.978,600.162,639.269
3886,19.970,600.183,639.275
3887,19.961,600.203,639.282
3888,19.953,600.224,639.289
3889,19.944,600.245,639.296
3890,19.936,600.266,639.303
3891,19.928,600.287,639.309
3892,19.919,600.308,639.316
3893,19.911,600.328,639.323
3894,19.902,600.349,639.330
3895,19.894,600.371,639.336
3896,19.885,600.391,639.344
3897,19.877,600.412,639.350
3898,19.869,600.433,639.357
3899,19.860,600.455,639.364
3900,19.852,600.475,639.370
3901,19.843,600.496,639.378
3902,19.835,600.517,639.384
3903,19.826,600.538,639.391
3904,19.818,600.559,639.398
3905,19.810,600.580,639.405
3906,19.801,600.601,639.412
3907,19.793,600.622,639.419
3908,19.785,600.644,639.426
3909,19.776,600.664,639.432
3910,19.768,600.685,639.439
3911,19.760,600.707,639.446
3912,19.751,600.728,639.453
3913,19.743,600.749,639.460
3914,19.734,600.770,639.466
3915,19.726,600.791,639.473
3916,19.718,600.813,639.480
3917,19.709,600.833,639.487
3918,19.701,600.855,639.494
3919,19.693,600.876,639.501
3920,19.684,600.897,639.507
3921,19.676,600.919,639.515
3922,19.668,600.940,639.521
3923,19.659,600.962,639.529
3924,19.651,600.982,639.535
3925,19.643,601.004,639.542
3926,19.635,601.025,639.549
3927,19.626,601.047,639.556
3928,19.618,601.068,639.563
3929,19.610,601.089,639.569
3930,19.601,601.111,639.576
3931,19.593,601.133,639.583
3932,19.585,601.154,639.590
3933,19.577,601.175,639.597
3934,19.568,601.196,639.604
3935,19.560,601.218,639.611
3936,19.552,601.240,639.618
3937,19.544,601.261,639.625
3938,19.535,601.282,639.632
3939,19.527,601.304,639.638
3940,19.519,601.326,639.646
3941,19.511,601.348,639.652
3942,19.502,601.369,639.659
3943,19.494,601.391,639.666
3944,19.486,601.412,639.673
3945,19.478,601.434,639.680
3946,19.469,601.456,639.687
3947,19.461,601.478,639.694
3948,19.453,601.499,639.701
3949,19.445,601.521,639.708
3950,19.437,601.543,639.715
3951,19.428,601.564,639.721
3952,19.420,601.586,639.728
3953,19.412,601.608,639.735
3954,19.404,601.629,639.743
3955,19.396,601.651,639.749
3956,19.388,601.673,639.756
3957,19.379,601.695,639.763
3958,19.371,601.717,639.770
3959,19.363,601.739,639.777
3960,19.355,601.760,639.784
3961,19.347,601.783,639.791
3962,19.339,601.804,639.798
3963,19.330,601.826,639.805
3964,19.322,601.849,639.811
3965,19.314,601.870,639.819
3966,19.306,601.892,639.826
3967,19.298,601.914,639.833
3968,19.290,601.936,639.839
3969,19.282,601.958,639.846
3970,19.274,601.981,639.854
3971,19.265,602.002,639.860
3972,19.257,602.024,639.867
3973,19.249,602.047,639.874
3974,19.241,602.068,639.882
3975,19.233,602.091,639.888
3976,19.225,602.113,639.896
3977,19.217,602.135,639.902
3978,19.209,602.157,639.910
3979,19.201,602.179,639.916
3980,19.193,602.202,639.924
3981,19.185,602.224,639.930
3982,19.177,602.246,639.937
3983,19.169,602.269,639.944
3984,19.160,602.290,639.951
3985,19.152,602.312,639.958
3986,19.144,602.335,639.965
3987,19.136,602.357,639.972
3988,19.128,602.380,639.979
3989,19.120,602.402,639.987
3990,19.112,602.425,639.993
3991,19.104,602.447,640.001
3992,19.096,602.469,640.007
3993,19.088,602.492,640.014
3994,19.080,602.514,640.021
3995,19.072,602.537,640.029
3996,19.064,602.559,640.035
3997,19.056,602.582,640.043
3998,19.048,602.604,640.049
3999,19.040,602.627,640.057
4000,19.032,602.649,640.063
4001,19.024,602.671,640.070
4002,19.016,602.694,640.078
4003,19.008,602.717,640.084
4004,19.000,602.740,640.092
4005,18.992,602.762,640.098
4006,18.984,602.785,640.106
4007,18.976,602.807,640.112
4008,18.968,602.830,640.120
4009,18.961,602.853,640.127
4010,18.953,602.876,640.134
4011,18.945,602.898,640.141
4012,18.937,602.921,640.148
4013,18.929,602.944,640.155
4014,18.921,602.967,640.162
4015,18.913,602.989,640.169
4016,18.905,603.012,640.176
4017,18.897,603.035,640.183
4018,18.889,603.058,640.191
4019,18.881,603.080,640.197
4020,18.873,603.104,640.205
4021,18.866,603.126,640.211
4022,18.858,603.149,640.219
4023,18.850,603.172,640.225
4024,18.842,603.195,640.233
4025,18.834,603.218,640.240
4026,18.826,603.241,640.247
4027,18.818,603.264,640.254
4028,18.810,603.287,640.261
4029,18.803,603.310,640.268
4030,18.795,603.333,640.276
4031,18.787,603.356,640.282
4032,18.779,603.379,640.290
4033,18.771,603.402,640.296
4034,18.763,603.426,640.304
4035,18.756,603.449,640.311
4036,18.748,603.472,640.318
4037,18.740,603.495,640.326
4038,18.732,603.518,640.332
4039,18.724,603.542,640.340
4040,18.716,603.564,640.346
4041,18.709,603.588,640.354
4042,18.701,603.611,640.361
4043,18.693,603.634,640.368
4044,18.685,603.658,640.375
4045,18.678,603.681,640.383
4046,18.670,603.704,640.389
4047,18.662,603.727,640.397
4048,18.654,603.751,640.404
4049,18.646,603.774,640.411
4050,18.639,603.798,640.418
4051,18.631,603.821,640.425
4052,18.623,603.844,640.432
4053,18.615,603.868,640.440
4054,18.608,603.891,640.446
4055,18.600,603.915,640.454
4056,18.592,603.938,640.461
4057,18.584,603.962,640.468
4058,18.577,603.986,640.476
4059,18.569,604.009,640.482
4060,18.561,604.033,640.490
4061,18.554,604.056,640.497
4062,18.546,604.080,640.504
4063,18.538,604.103,640.511
4064,18.530,604.127,640.519
4065,18.523,604.151,640.525
4066,18.515,604.175,640.533
4067,18.507,604.198,640.541
4068,18.500,604.222,640.547
4069,18.492,604.246,640.555
4070,18.484,604.269,640.562
4071,18.477,604.293,640.569
4072,18.469,604.317,640.576
4073,18.461,604.341,640.583
4074,18.454,604.365,640.590
4075,18.446,604.388,640.598
4076,18.438,604.412,640.605
4077,18.431,604.436,640.612
4078,18.423,604.460,640.620
4079,18.415,604.484,640.627
4080,18.408,604.508,640.634
4081,18.400,604.532,640.641
4082,18.393,604.555,640.649
4083,18.385,604.580,640.655
4084,18.377,604.604,640.663
4085,18.370,604.628,640.671
4086,18.362,604.652,640.677
4087,18.355,604.676,640.685
4088,18.347,604.699,640.692
4089,18.339,604.724,640.699
4090,18.332,604.748,640.706
4091,18.324,604.772,640.714
4092,18.317,604.796,640.720
4093,18.309,604.821,640.728
4094,18.301,604.845,640.736
4095,18.294,604.869,640.743
4096,18.286,604.893,640.750
4097,18.279,604.917,640.757
4098,18.271,604.942,640.765
4099,18.264,604.966,640.772
4100,18.256,604.990,640.779
4101,18.249,605.014,640.787
4102,18.241,605.039,640.794
4103,18.234,605.064,640.801
4104,18.226,605.088,640.808
4105,18.219,605.113,640.816
4106,18.211,605.137,640.823
4107,18.204,605.161,640.830
4108,18.196,605.185,640.838
4109,18.189,605.210,640.845
4110,18.181,605.235,640.852
4111,18.174,605.259,640.859
4112,18.166,605.283,640.867
4113,18.159,605.309,640.874
4114,18.151,605.333,640.881
4115,18.144,605.357,640.889
4116,18.136,605.382,640.896
4117,18.129,605.407,640.903
4118,18.121,605.431,640.911
4119,18.114,605.456,640.918
4120,18.106,605.481,640.926
4121,18.099,605.505,640.932
4122,18.092,605.530,640.940
4123,18.084,605.555,640.948
4124,18.077,605.580,640.955
4125,18.069,605.604,640.963
4126,18.062,605.629,640.969
4127,18.054,605.654,640.977
4128,18.047,605.679,640.984
4129,18.040,605.704,640.992
4130,18.032,605.729,640.999
4131,18.025,605.753,641.006
4132,18.017,605.778,641.014
4133,18.010,605.803,641.022
4134,18.003,605.828,641.028
4135,17.995,605.853,641.036
4136,17.988,605.878,641.043
4137,17.981,605.903,641.051
4138,17.973,605.928,641.059
4139,17.966,605.953,641.066
4140,17.958,605.978,641.073
4141,17.951,606.004,641.080
4142,17.944,606.029,641.088
4143,17.936,606.054,641.095
4144,17.929,606.079,641.102
4145,17.922,606.104,641.110
4146,17.914,606.130,641.118
4147,17.907,606.155,641.125
4148,17.900,606.180,641.133
4149,17.892,606.205,641.139
4150,17.885,606.230,641.147
4151,17.878,606.256,641.155
4152,17.871,606.281,641.162
4153,17.863,606.306,641.170
4154,17.856,606.332,641.177
4155,17.849,606.357,641.184
4156,17.841,606.383,641.192
4157,17.834,606.408,641.199
4158,17.827,606.433,641.207
4159,17.820,606.459,641.215
4160,17.812,606.484,641.222
4161,17.805,606.509,641.229
4162,17.798,606.536,641.237
4163,17.791,606.561,641.244
4164,17.783,606.586,641.252
4165,17.776,606.611,641.259
4166,17.769,606.637,641.267
4167,17.762,606.663,641.274
4168,17.754,606.689,641.281
4169,17.747,606.714,641.289
4170,17.740,606.740,641.297
4171,17.733,606.766,641.304
4172,17.726,606.791,641.312
4173,17.718,606.817,641.320
4174,17.711,606.843,641.327
4175,17.704,606.869,641.334
4176,17.697,606.894,641.341
4177,17.690,606.920,641.349
4178,17.682,606.946,641.357
4179,17.675,606.972,641.364
4180,17.668,606.998,641.372
4181,17.661,607.024,641.380
4182,17.654,607.050,641.387
4183,17.647,607.076,641.394
4184,17.639,607.101,641.402
4185,17.632,607.127,641.409
4186,17.625,607.153,641.417
4187,17.618,607.179,641.425
4188,17.611,607.205,641.432
4189,17.604,607.231,641.440
4190,17.597,607.258,641.448
4191,17.590,607.284,641.455
4192,17.582,607.311,641.463
4193,17.575,607.336,641.470
4194,17.568,607.363,641.477
4195,17.561,607.389,641.485
4196,17.554,607.415,641.493
4197,17.547,607.441,641.500
4198,17.540,607.468,641.508
4199,17.533,607.494,641.516
4200,17.526,607.520,641.523
4201,17.519,607.546,641.531
4202,17.512,607.573,641.539
4203,17.505,607.599,641.546
4204,17.498,607.625,641.554
4205,17.490,607.652,641.562
4206,17.483,607.678,641.569
4207,17.476,607.705,641.577
4208,17.469,607.731,641.584
4209,17.462,607.758,641.592
4210,17.455,607.784,641.599
4211,17.448,607.811,641.607
4212,17.441,607.837,641.614
4213,17.434,607.864,641.622
4214,17.427,607.890,641.630
4215,17.420,607.917,641.637
4216,17.413,607.944,641.645
4217,17.406,607.971,641.653
4218,17.399,607.997,641.660
4219,17.392,608.024,641.668
4220,17.385,608.050,641.676
4221,17.378,608.077,641.683
4222,17.371,608.104,641.691
4223,17.364,608.130,641.699
4224,17.358,608.157,641.706
4225,17.351,608.185,641.714
4226,17.344,608.211,641.722
4227,17.337,608.238,641.730
4228,17.330,608.265,641.737
4229,17.323,608.292,641.745
4230,17.316,608.319,641.753
4231,17.309,608.346,641.760
4232,17.302,608.373,641.768
4233,17.295,608.400,641.776
4234,17.288,608.427,641.783
4235,17.281,608.454,641.791
4236,17.274,608.481,641.799
4237,17.268,608.508,641.807
4238,17.261,608.535,641.814
4239,17.254,608.563,641.822
4240,17.247,608.589,641.830
4241,17.240,608.617,641.837
4242,17.233,608.644,641.846
4243,17.226,608.671,641.853
4244,17.219,608.698,641.861
4245,17.213,608.726,641.869
4246,17.206,608.753,641.877
4247,17.199,608.780,641.885
4248,17.192,608.808,641.892
4249,17.185,608.835,641.900
4250,17.178,608.863,641.908
4251,17.172,608.889,641.915
4252,17.165,608.917,641.923
4253,17.158,608.945,641.931
4254,17.151,608.972,641.939
4255,17.144,608.999,641.946
4256,17.138,609.027,641.954
4257,17.131,609.055,641.962
4258,17.124,609.082,641.970
4259,17.117,609.110,641.978
4260,17.110,609.137,641.986
4261,17.104,609.165,641.994
4262,17.097,609.193,642.001
4263,17.090,609.220,642.009
4264,17.083,609.248,642.017
4265,17.077,609.275,642.024
4266,17.070,609.303,642.032
4267,17.063,609.331,642.040
4268,17.056,609.359,642.049
4269,17.050,609.387,642.056
4270,17.043,609.414,642.064
4271,17.036,609.442,642.072
4272,17.029,609.470,642.080
4273,17.023,609.498,642.087
4274,17.016,609.526,642.096
4275,17.009,609.554,642.103
4276,17.003,609.583,642.112
4277,16.996,609.610,642.119
4278,16.989,609.638,642.127
4279,16.983,609.666,642.135
4280,16.976,609.694,642.142
4281,16.969,609.722,642.150
4282,16.963,609.751,642.159
4283,16.956,609.779,642.167
4284,16.949,609.806,642.174
4285,16.943,609.835,642.182
4286,16.936,609.863,642.190
4287,16.929,609.891,642.198
4288,16.923,609.920,642.206
4289,16.916,609.948,642.214
4290,16.909,609.976,642.222
4291,16.903,610.005,642.230
4292,16.896,610.033,642.238
4293,16.890,610.061,642.246
4294,16.883,610.089,642.254
4295,16.876,610.118,642.262
4296,16.870,610.146,642.269
4297,16.863,610.175,642.277
4298,16.857,610.203,642.286
4299,16.850,610.232,642.294
4300,16.843,610.261,642.301
4301,16.837,610.289,642.309
4302,16.830,610.318,642.317
4303,16.824,610.346,642.326
4304,16.817,610.374,642.333
4305,16.811,610.403,642.341
4306,16.804,610.432,642.349
4307,16.798,610.460,642.358
4308,16.791,610.489,642.365
4309,16.784,610.518,642.373
4310,16.778,610.547,642.381
4311,16.771,610.575,642.390
4312,16.765,610.605,642.398
4313,16.758,610.633,642.405
4314,16.752,610.662,642.414
4315,16.745,610.691,642.422
4316,16.739,610.720,642.430
4317,16.732,610.749,642.437
4318,16.726,610.778,642.446
4319,16.719,610.807,642.454
4320,16.713,610.836,642.462
4321,16.707,610.864,642.469
4322,16.700,610.894,642.478
4323,16.694,610.923,642.486
4324,16.687,610.952,642.494
4325,16.681,610.981,642.502
4326,16.674,611.010,642.510
4327,16.668,611.040,642.518
4328,16.661,611.068,642.526
4329,16.655,611.098,642.535
4330,16.649,611.127,642.542
4331,16.642,611.156,642.550
4332,16.636,611.186,642.559
4333,16.629,611.215,642.567
4334,16.623,611.244,642.575
4335,16.616,611.273,642.583
4336,16.610,611.303,642.591
4337,16.604,611.332,642.599
4338,16.597,611.362,642.608
4339,16.591,611.391,642.616
4340,16.585,611.420,642.623
4341,16.578,611.450,642.632
4342,16.572,611.480,642.640
4343,16.566,611.509,642.648
4344,16.559,611.539,642.656
4345,16.553,611.568,642.664
4346,16.547,611.598,642.673
4347,16.540,611.628,642.681
4348,16.534,611.657,642.689
4349,16.528,611.687,642.697
4350,16.521,611.716,642.705
4351,16.515,611.746,642.713
4352,16.509,611.776,642.722
4353,16.502,611.806,642.730
4354,16.496,611.836,642.738
4355,16.490,611.866,642.746
4356,16.483,611.895,642.754
4357,16.477,611.925,642.763
4358,16.471,611.955,642.771
4359,16.465,611.985,642.779
4360,16.458,612.015,642.787
4361,16.452,612.045,642.795
4362,16.446,612.075,642.804
4363,16.440,612.105,642.812
4364,16.433,612.135,642.821
4365,16.427,612.165,642.828
4366,16.421,612.195,642.837
4367,16.415,612.226,642.845
4368,16.408,612.256,642.854
4369,16.402,612.286,642.862
4370,16.396,612.316,642.869
4371,16.390,612.346,642.878
4372,16.384,612.376,642.886
4373,16.377,612.407,642.895
4374,16.371,612.437,642.903
4375,16.365,612.468,642.912
4376,16.359,612.498,642.919
4377,16.353,612.528,642.928
4378,16.347,612.559,642.936
4379,16.340,612.589,642.945
4380,16.334,612.620,642.953
4381,16.328,612.650,642.962
4382,16.322,612.680,642.969
4383,16.316,612.711,642.978
4384,16.310,612.742,642.986
4385,16.304,612.772,642.995
4386,16.297,612.803,643.003
4387,16.291,612.833,643.011
4388,16.285,612.864,643.019
4389,16.279,612.894,643.028
4390,16.273,612.926,643.036
4391,16.267,612.956,643.045
4392,16.261,612.987,643.053
4393,16.255,613.018,643.062
4394,16.249,613.048,643.070
4395,16.243,613.080,643.078
4396,16.236,613.110,643.087
4397,16.230,613.141,643.095
4398,16.224,613.172,643.103
4399,16.218,613.203,643.112
4400,16.212,613.234,643.120
4401,16.206,613.265,643.129
4402,16.200,613.296,643.137
4403,16.194,613.327,643.145
4404,16.188,613.358,643.154
4405,16.182,613.389,643.162
4406,16.176,613.420,643.171
4407,16.170,613.451,643.179
4408,16.164,613.483,643.188
4409,16.158,613.514,643.196
4410,16.152,613.545,643.204
4411,16.146,613.576,643.213
4412,16.140,613.607,643.222
4413,16.134,613.639,643.230
4414,16.128,613.670,643.238
4415,16.122,613.702,643.247
4416,16.116,613.733,643.255
4417,16.110,613.764,643.264
4418,16.104,613.796,643.273
4419,16.098,613.827,643.281
4420,16.093,613.859,643.289
4421,16.087,613.890,643.298
4422,16.081,613.922,643.306
4423,16.075,613.953,643.315
4424,16.069,613.985,643.323
4425,16.063,614.016,643.332
4426,16.057,614.047,643.341
4427,16.051,614.080,643.349
4428,16.045,614.111,643.357
4429,16.039,614.143,643.366
4430,16.033,614.174,643.374
4431,16.028,614.206,643.383
4432,16.022,614.238,643.392
4433,16.016,614.270,643.400
4434,16.010,614.302,643.409
4435,16.004,614.334,643.417
4436,15.998,614.365,643.426
4437,15.992,614.398,643.434
4438,15.987,614.429,643.443
4439,15.981,614.461,643.452
4440,15.975,614.493,643.461
4441,15.969,614.525,643.469
4442,15.963,614.557,643.478
4443,15.958,614.589,643.486
4444,15.952,614.621,643.494
4445,15.946,614.653,643.503
4446,15.940,614.686,643.512
4447,15.934,614.718,643.521
4448,15.929,614.750,643.529
4449,15.923,614.782,643.538
4450,15.917,614.815,643.547
4451,15.911,614.847,643.556
4452,15.906,614.879,643.564
4453,15.900,614.912,643.573
4454,15.894,614.944,643.581
4455,15.888,614.976,643.590
4456,15.883,615.009,643.599
4457,15.877,615.041,643.607
4458,15.871,615.073,643.616
4459,15.865,615.106,643.625
4460,15.860,615.139,643.634
4461,15.854,615.171,643.642
4462,15.848,615.204,643.651
4463,15.843,615.236,643.659
4464,15.837,615.269,643.668
4465,15.831,615.301,643.677
4466,15.825,615.334,643.686
4467,15.820,615.367,643.694
4468,15.814,615.400,643.703
4469,15.809,615.432,643.712
4470,15.803,615.465,643.721
4471,15.797,615.498,643.729
4472,15.792,615.531,643.738
4473,15.786,615.564,643.747
4474,15.780,615.596,643.756
4475,15.775,615.629,643.764
4476,15.769,615.663,643.773
4477,15.763,615.695,643.782
4478,15.758,615.728,643.791
4479,15.752,615.761,643.800
4480,15.747,615.794,643.809
4481,15.741,615.827,643.817
4482,15.735,615.860,643.826
4483,15.730,615.893,643.834
4484,15.724,615.926,643.844
4485,15.719,615.960,643.852
4486,15.713,615.993,643.861
4487,15.708,616.026,643.870
4488,15.702,616.059,643.879
4489,15.697,616.093,643.888
4490,15.691,616.126,643.897
4491,15.685,616.159,643.905
4492,15.680,616.193,643.915
4493,15.674,616.226,643.923
4494,15.669,616.259,643.932
4495,15.663,616.292,643.941
4496,15.658,616.327,643.950
4497,15.652,616.360,643.958
4498,15.647,616.393,643.968
4499,15.641,616.427,643.976
4500,15.636,616.461,643.986
4501,15.630,616.494,643.994
4502,15.625,616.528,644.003
4503,15.620,616.561,644.012
4504,15.614,616.595,644.021
4505,15.609,616.628,644.030
4506,15.603,616.663,644.039
4507,15.598,616.696,644.048
4508,15.592,616.730,644.057
4509,15.587,616.764,644.065
4510,15.582,616.797,644.075
4511,15.576,616.831,644.083
4512,15.571,616.865,644.092
4513,15.565,616.899,644.101
4514,15.560,616.934,644.110
4515,15.554,616.967,644.120
4516,15.549,617.001,644.128
4517,15.544,617.035,644.138
4518,15.538,617.069,644.146
4519,15.533,617.103,644.156
4520,15.528,617.137,644.164
4521,15.522,617.171,644.174
4522,15.517,617.205,644.182
4523,15.512,617.240,644.192
4524,15.506,617.274,644.200
4525,15.501,617.308,644.210
4526,15.496,617.342,644.218
4527,15.490,617.376,644.227
4528,15.485,617.411,644.237
4529,15.480,617.445,644.246
4530,15.474,617.480,644.255
4531,15.469,617.514,644.263
4532,15.464,617.548,644.273
4533,15.458,617.583,644.282
4534,15.453,617.617,644.291
4535,15.448,617.652,644.300
4536,15.443,617.686,644.309
4537,15.437,617.721,644.318
4538,15.432,617.755,644.327
4539,15.427,617.790,644.337
4540,15.422,617.824,644.345
4541,15.416,617.859,644.355
4542,15.411,617.894,644.364
4543,15.406,617.928,644.373
4544,15.401,617.963,644.382
4545,15.396,617.998,644.391
4546,15.390,618.033,644.400
4547,15.385,618.068,644.409
4548,15.380,618.103,644.419
4549,15.375,618.138,644.428
4550,15.370,618.173,644.437
4551,15.364,618.207,644.446
4552,15.359,618.242,644.455
4553,15.354,618.277,644.464
4554,15.349,618.312,644.474
4555,15.344,618.347,644.483
4556,15.339,618.382,644.492
4557,15.333,618.417,644.501
4558,15.328,618.453,644.510
4559,15.323,618.488,644.520
4560,15.318,618.523,644.528
4561,15.313,618.558,644.538
4562,15.308,618.593,644.547
4563,15.303,618.628,644.556
4564,15.298,618.663,644.566
4565,15.293,618.698,644.574
4566,15.288,618.734,644.584
4567,15.282,618.770,644.594
4568,15.277,618.805,644.603
4569,15.272,618.840,644.612
4570,15.267,618.875,644.621
4571,15.262,618.911,644.630
4572,15.257,618.946,644.639
4573,15.252,618.982,644.649
4574,15.247,619.018,644.659
4575,15.242,619.053,644.667
4576,15.237,619.089,644.677
4577,15.232,619.124,644.686
4578,15.227,619.160,644.695
4579,15.222,619.196,644.705
4580,15.217,619.231,644.714
4581,15.212,619.267,644.723
4582,15.207,619.302,644.732
4583,15.202,619.338,644.742
4584,15.197,619.374,644.752
4585,15.192,619.410,644.760
4586,15.187,619.446,644.770
4587,15.182,619.482,644.779
4588,15.177,619.518,644.789
4589,15.172,619.553,644.798
4590,15.167,619.589,644.807
4591,15.162,619.625,644.817
4592,15.158,619.661,644.826
4593,15.153,619.698,644.836
4594,15.148,619.733,644.845
4595,15.143,619.769,644.854
4596,15.138,619.805,644.864
4597,15.133,619.842,644.874
4598,15.128,619.878,644.883
4599,15.123,619.914,644.892
4600,15.118,619.950,644.901
4601,15.114,619.986,644.911
4602,15.109,620.022,644.921
4603,15.104,620.059,644.930
4604,15.099,620.095,644.939
4605,15.094,620.132,644.948
4606,15.089,620.168,644.958
4607,15.084,620.204,644.968
4608,15.080,620.240,644.977
4609,15.075,620.277,644.987
4610,15.070,620.313,644.996
4611,15.065,620.350,645.005
4612,15.060,620.386,645.015
4613,15.056,620.423,645.025
4614,15.051,620.459,645.034
4615,15.046,620.496,645.044
4616,15.041,620.533,645.053
4617,15.037,620.569,645.063
4618,15.032,620.606,645.072
4619,15.027,620.643,645.081
4620,15.022,620.680,645.091
4621,15.018,620.716,645.101
4622,15.013,620.753,645.110
4623,15.008,620.790,645.120
4624,15.003,620.827,645.130
4625,14.999,620.863,645.139
4626,14.994,620.901,645.148
4627,14.989,620.937,645.158
4628,14.985,620.973,645.167
4629,14.980,621.010,645.177
4630,14.975,621.047,645.186
4631,14.971,621.084,645.196
4632,14.966,621.121,645.206
4633,14.961,621.158,645.215
4634,14.957,621.195,645.225
4635,14.952,621.233,645.235
4636,14.947,621.270,645.244
4637,14.943,621.308,645.254
4638,14.938,621.344,645.264
4639,14.933,621.381,645.273
4640,14.929,621.418,645.283
4641,14.924,621.456,645.293
4642,14.920,621.493,645.302
4643,14.915,621.530,645.312
4644,14.910,621.567,645.322
4645,14.906,621.605,645.331
4646,14.901,621.643,645.341
4647,14.897,621.680,645.351
4648,14.892,621.717,645.360
4649,14.887,621.755,645.370
4650,14.883,621.792,645.380
4651,14.878,621.829,645.389
4652,14.874,621.867,645.399
4653,14.869,621.904,645.409
4654,14.865,621.942,645.418
4655,14.860,621.979,645.428
4656,14.856,622.017,645.438
4657,14.851,622.054,645.447
4658,14.847,622.092,645.457
4659,14.842,622.130,645.467
4660,14.838,622.168,645.476
4661,14.833,622.205,645.486
4662,14.829,622.243,645.496
4663,14.824,622.281,645.505
4664,14.820,622.318,645.516
4665,14.815,622.356,645.525
4666,14.811,622.394,645.535
4667,14.806,622.433,645.545
4668,14.802,622.470,645.555
4669,14.798,622.508,645.564
4670,14.793,622.546,645.574
4671,14.789,622.583,645.584
4672,14.784,622.621,645.594
4673,14.780,622.660,645.603
4674,14.776,622.698,645.614
4675,14.771,622.736,645.623
4676,14.767,622.774,645.633
4677,14.762,622.812,645.643
4678,14.758,622.850,645.653
4679,14.754,622.888,645.662
4680,14.749,622.927,645.672
4681,14.745,622.964,645.682
4682,14.741,623.003,645.692
4683,14.736,623.041,645.702
4684,14.732,623.079,645.712
4685,14.728,623.117,645.722
4686,14.723,623.155,645.731
4687,14.719,623.194,645.741
4688,14.715,623.232,645.751
4689,14.710,623.271,645.761
4690,14.706,623.308,645.771
4691,14.702,623.347,645.781
4692,14.698,623.385,645.791
4693,14.693,623.424,645.800
4694,14.689,623.463,645.811
4695,14.685,623.501,645.821
4696,14.681,623.540,645.830
4697,14.676,623.578,645.840
4698,14.672,623.616,645.850
4699,14.668,623.655,645.861
4700,14.664,623.694,645.870
4701,14.659,623.732,645.880
4702,14.655,623.771,645.890
4703,14.651,623.810,645.900
4704,14.647,623.849,645.910
4705,14.643,623.886,645.920
4706,14.638,623.925,645.930
4707,14.634,623.964,645.940
4708,14.630,624.003,645.950
4709,14.626,624.042,645.960
4710,14.622,624.081,645.970
4711,14.618,624.120,645.980
4712,14.613,624.158,645.990
4713,14.609,624.197,646.000
4714,14.605,624.236,646.009
4715,14.601,624.275,646.020
4716,14.597,624.314,646.030
4717,14.593,624.353,646.040
4718,14.589,624.392,646.050
4719,14.585,624.430,646.060
4720,14.580,624.469,646.070
4721,14.576,624.509,646.080
4722,14.572,624.548,646.090
4723,14.568,624.587,646.100
4724,14.564,624.626,646.110
4725,14.560,624.665,646.120
4726,14.556,624.704,646.130
4727,14.552,624.743,646.140
4728,14.548,624.782,646.150
4729,14.544,624.822,646.161
4730,14.540,624.861,646.170
4731,14.536,624.900,646.180
4732,14.532,624.939,646.191
4733,14.528,624.978,646.201
4734,14.524,625.018,646.211
4735,14.520,625.057,646.221
4736,14.516,625.096,646.231
4737,14.512,625.136,646.242
4738,14.508,625.175,646.251
4739,14.504,625.214,646.261
4740,14.500,625.254,646.271
4741,14.496,625.293,646.282
4742,14.492,625.333,646.291
4743,14.488,625.373,646.302
4744,14.484,625.412,646.312
4745,14.480,625.451,646.322
4746,14.476,625.491,646.332
4747,14.472,625.531,646.342
4748,14.469,625.570,646.353
4749,14.465,625.609,646.363
4750,14.461,625.649,646.373
4751,14.457,625.688,646.383
4752,14.453,625.728,646.393
4753,14.449,625.768,646.404
4754,14.445,625.807,646.414
4755,14.441,625.847,646.424
4756,14.438,625.887,646.434
4757,14.434,625.927,646.444
4758,14.430,625.966,646.455
4759,14.426,626.006,646.464
4760,14.422,626.045,646.475
4761,14.418,626.085,646.485
4762,14.415,626.125,646.495
4763,14.411,626.165,646.506
4764,14.407,626.205,646.515
4765,14.403,626.245,646.526
4766,14.399,626.284,646.536
4767,14.396,626.324,646.546
4768,14.392,626.364,646.557
4769,14.388,626.404,646.567
4770,14.384,626.443,646.577
4771,14.381,626.484,646.588
4772,14.377,626.524,646.598
4773,14.373,626.563,646.608
4774,14.369,626.603,646.618
4775,14.366,626.643,646.628
4776,14.362,626.683,646.639
4777,14.358,626.723,646.649
4778,14.354,626.763,646.659
4779,14.351,626.803,646.669
4780,14.347,626.843,646.680
4781,14.343,626.884,646.690
4782,14.340,626.924,646.700
4783,14.336,626.964,646.710
4784,14.332,627.004,646.721
4785,14.329,627.044,646.731
4786,14.325,627.084,646.742
4787,14.321,627.124,646.752
4788,14.318,627.164,646.762
4789,14.314,627.204,646.772
4790,14.311,627.245,646.783
4791,14.307,627.285,646.793
4792,14.303,627.325,646.804
4793,14.300,627.365,646.814
4794,14.296,627.406,646.824
4795,14.293,627.446,646.834
4796,14.289,627.486,646.845
4797,14.285,627.526,646.855
4798,14.282,627.566,646.865
4799,14.278,627.607,646.876
4800,14.275,627.647,646.886
4801,14.271,627.687,646.896
4802,14.268,627.728,646.907
4803,14.264,627.768,646.918
4804,14.261,627.808,646.928
4805,14.257,627.849,646.938
4806,14.254,627.889,646.948
4807,14.250,627.930,646.959
4808,14.246,627.970,646.969
4809,14.243,628.011,646.980
4810,14.240,628.051,646.990
4811,14.236,628.092,647.000
4812,14.233,628.132,647.010
4813,14.229,628.172,647.021
4814,14.226,628.213,647.032
4815,14.222,628.253,647.042
4816,14.219,628.294,647.052
4817,14.215,628.334,647.062
4818,14.212,628.375,647.073
4819,14.208,628.415,647.083
4820,14.205,628.455,647.094
4821,14.202,628.495,647.104
4822,14.198,628.536,647.115
4823,14.195,628.577,647.125
4824,14.191,628.617,647.135
4825,14.188,628.657,647.146
4826,14.185,628.698,647.157
4827,14.181,628.739,647.167
4828,14.178,628.779,647.178
4829,14.175,628.820,647.187
4830,14.171,628.861,647.198
4831,14.168,628.902,647.208
4832,14.164,628.942,647.219
4833,14.161,628.983,647.229
4834,14.158,629.023,647.240
4835,14.154,629.064,647.251
4836,14.151,629.104,647.261
4837,14.148,629.145,647.271
4838,14.145,629.186,647.282
4839,14.141,629.226,647.292
4840,14.138,629.267,647.303
4841,14.135,629.307,647.313
4842,14.131,629.348,647.324
4843,14.128,629.389,647.334
4844,14.125,629.430,647.345
4845,14.122,629.471,647.355
4846,14.118,629.511,647.365
4847,14.115,629.552,647.376
4848,14.112,629.592,647.387
4849,14.109,629.633,647.397
4850,14.105,629.673,647.408
4851,14.102,629.714,647.417
4852,14.099,629.755,647.428
4853,14.096,629.796,647.439
4854,14.093,629.837,647.450
4855,14.089,629.877,647.460
4856,14.086,629.918,647.470
4857,14.083,629.959,647.481
4858,14.080,630.000,647.492
4859,14.077,630.041,647.502
4860,14.074,630.081,647.512
4861,14.071,630.122,647.522
4862,14.067,630.162,647.533
4863,14.064,630.203,647.544
4864,14.061,630.243,647.555
4865,14.058,630.285,647.565
4866,14.055,630.325,647.575
4867,14.052,630.366,647.586
4868,14.049,630.407,647.596
4869,14.046,630.447,647.607
4870,14.042,630.489,647.617
4871,14.039,630.529,647.628
4872,14.036,630.570,647.638
4873,14.033,630.610,647.649
4874,14.030,630.652,647.660
4875,14.027,630.692,647.670
4876,14.024,630.733,647.681
4877,14.021,630.774,647.691
4878,14.018,630.814,647.702
4879,14.015,630.855,647.712
4880,14.012,630.896,647.723
4881,14.009,630.936,647.733
4882,14.006,630.977,647.744
4883,14.003,631.018,647.754
4884,14.000,631.059,647.765
4885,13.997,631.099,647.775
4886,13.994,631.140,647.785
4887,13.991,631.181,647.796
4888,13.988,631.222,647.807
4889,13.985,631.262,647.817
4890,13.982,631.304,647.828
4891,13.979,631.344,647.838
4892,13.976,631.384,647.849
4893,13.973,631.426,647.860
4894,13.970,631.466,647.870
4895,13.968,631.507,647.881
4896,13.965,631.547,647.891
4897,13.962,631.588,647.902
4898,13.959,631.629,647.912
4899,13.956,631.669,647.922
4900,13.953,631.710,647.933
4901,13.950,631.751,647.943
4902,13.947,631.791,647.954
4903,13.944,631.832,647.965
4904,13.942,631.873,647.975
4905,13.939,631.913,647.986
4906,13.936,631.954,647.996
4907,13.933,631.995,648.007
4908,13.930,632.036,648.018
4909,13.927,632.076,648.028
4910,13.924,632.116,648.039
4911,13.922,632.157,648.049
4912,13.919,632.198,648.060
4913,13.916,632.239,648.070
4914,13.913,632.279,648.080
4915,13.910,632.320,648.091
4916,13.908,632.361,648.102
4917,13.905,632.401,648.112
4918,13.902,632.441,648.123
4919,13.899,632.482,648.133
4920,13.897,632.522,648.144
4921,13.894,632.563,648.155
4922,13.891,632.603,648.165
4923,13.888,632.644,648.175
4924,13.886,632.685,648.186
4925,13.883,632.724,648.197
4926,13.880,632.765,648.207
4927,13.877,632.806,648.217
4928,13.875,632.846,648.228
4929,13.872,632.887,648.238
4930,13.869,632.928,648.249
4931,13.867,632.967,648.259
4932,13.864,633.008,648.270
4933,13.861,633.048,648.281
4934,13.859,633.089,648.291
4935,13.856,633.129,648.302
4936,13.853,633.169,648.312
4937,13.851,633.210,648.323
4938,13.848,633.250,648.333
4939,13.845,633.291,648.344
4940,13.843,633.331,648.355
4941,13.840,633.371,648.365
4942,13.838,633.411,648.375
4943,13.835,633.451,648.386
4944,13.832,633.492,648.396
4945,13.830,633.532,648.407
4946,13.827,633.573,648.417
4947,13.825,633.613,648.428
4948,13.822,633.652,648.439
4949,13.819,633.693,648.449
4950,13.817,633.733,648.460
4951,13.814,633.773,648.470
4952,13.812,633.813,648.480
4953,13.809,633.853,648.490
4954,13.807,633.894,648.501
4955,13.804,633.934,648.511
4956,13.802,633.974,648.522
4957,13.799,634.014,648.532
4958,13.796,634.054,648.543
4959,13.794,634.093,648.553
4960,13.791,634.133,648.564
4961,13.789,634.173,648.574
4962,13.786,634.213,648.585
4963,13.784,634.253,648.595
4964,13.782,634.293,648.606
4965,13.779,634.333,648.616
4966,13.777,634.373,648.626
4967,13.774,634.413,648.637
4968,13.772,634.453,648.647
4969,13.769,634.493,648.658
4970,13.767,634.533,648.668
4971,13.764,634.573,648.679
4972,13.762,634.611,648.689
4973,13.759,634.651,648.700
4974,13.757,634.691,648.710
4975,13.755,634.731,648.721
4976,13.752,634.770,648.731
4977,13.750,634.810,648.741
4978,13.747,634.850,648.752
4979,13.745,634.889,648.762
4980,13.743,634.929,648.772
4981,13.740,634.968,648.783
4982,13.738,635.008,648.793
4983,13.736,635.047,648.803
4984,13.733,635.087,648.814
4985,13.731,635.126,648.824
4986,13.728,635.166,648.835
4987,13.726,635.205,648.845
4988,13.724,635.245,648.856
4989,13.721,635.284,648.866
4990,13.719,635.324,648.876
4991,13.717,635.363,648.887
4992,13.715,635.402,648.897
4993,13.712,635.442,648.907
4994,13.710,635.481,648.918
4995,13.708,635.520,648.928
4996,13.705,635.559,648.938
4997,13.703,635.598,648.948
4998,13.701,635.637,648.959
4999,13.698,635.676,648.969
