# Time (s),Mass (g),T Back (K),T Front (K)
0,68.400,293.000,293.000
1,68.400,293.000,332.289
2,68.400,293.000,346.515
3,68.400,293.000,357.009
4,68.400,293.000,365.665
5,68.400,293.000,373.112
6,68.400,293.000,379.728
7,68.400,293.000,385.686
8,68.400,293.000,391.117
9,68.400,293.000,396.125
10,68.400,293.000,400.778
11,68.400,293.000,405.128
12,68.400,293.000,409.218
13,68.400,293.000,413.077
14,68.400,293.000,416.735
15,68.400,293.000,420.208
16,68.400,293.000,423.521
17,68.400,293.000,426.680
18,68.400,293.000,429.709
19,68.400,293.000,432.608
20,68.400,293.000,435.397
21,68.400,293.000,438.074
22,68.400,293.000,440.659
23,68.400,293.000,443.145
24,68.400,293.000,445.547
25,68.400,293.000,447.864
26,68.400,293.000,450.106
27,68.400,293.000,452.275
28,68.400,293.000,454.379
29,68.400,293.000,456.416
30,68.400,293.000,458.393
31,68.400,293.000,460.314
32,68.399,293.000,462.180
33,68.399,293.000,463.993
34,68.399,293.000,465.756
35,68.399,293.000,467.474
36,68.399,293.000,469.145
37,68.399,293.000,470.773
38,68.399,293.000,472.360
39,68.398,293.000,473.906
40,68.398,293.000,475.415
41,68.398,293.000,476.886
42,68.398,293.000,478.322
43,68.398,293.000,479.724
44,68.397,293.000,481.093
45,68.397,293.000,482.430
46,68.397,293.001,483.737
47,68.396,293.001,485.015
48,68.396,293.001,486.264
49,68.396,293.001,487.486
50,68.395,293.001,488.682
51,68.395,293.002,489.852
52,68.395,293.002,490.998
53,68.394,293.002,492.121
54,68.394,293.003,493.220
55,68.393,293.004,494.296
56,68.393,293.004,495.353
57,68.392,293.005,496.387
58,68.392,293.006,497.402
59,68.391,293.007,498.398
60,68.390,293.008,499.375
61,68.390,293.010,500.333
62,68.389,293.011,501.275
63,68.388,293.013,502.198
64,68.388,293.015,503.106
65,68.387,293.017,503.997
66,68.386,293.019,504.873
67,68.385,293.022,505.733
68,68.385,293.025,506.579
69,68.384,293.029,507.410
70,68.383,293.032,508.227
71,68.382,293.036,509.032
72,68.381,293.040,509.823
73,68.380,293.045,510.601
74,68.380,293.050,511.366
75,68.379,293.055,512.119
76,68.378,293.061,512.862
77,68.377,293.067,513.591
78,68.376,293.074,514.310
79,68.375,293.082,515.018
80,68.374,293.089,515.715
81,68.373,293.098,516.401
82,68.371,293.107,517.078
83,68.370,293.117,517.745
84,68.369,293.127,518.402
85,68.368,293.138,519.049
86,68.367,293.150,519.687
87,68.366,293.162,520.315
88,68.365,293.175,520.935
89,68.363,293.189,521.547
90,68.362,293.203,522.150
91,68.361,293.219,522.743
92,68.360,293.234,523.329
93,68.358,293.252,523.907
94,68.357,293.269,524.477
95,68.356,293.288,525.040
96,68.354,293.308,525.595
97,68.353,293.328,526.143
98,68.351,293.350,526.684
99,68.350,293.372,527.217
100,68.349,293.396,527.744
101,68.347,293.419,528.263
102,68.346,293.445,528.777
103,68.344,293.472,529.283
104,68.343,293.499,529.783
105,68.341,293.528,530.277
106,68.340,293.557,530.764
107,68.338,293.588,531.245
108,68.336,293.620,531.721
109,68.335,293.653,532.191
110,68.333,293.687,532.654
111,68.332,293.723,533.112
112,68.330,293.759,533.565
113,68.328,293.797,534.012
114,68.326,293.835,534.453
115,68.325,293.876,534.890
116,68.323,293.917,535.321
117,68.321,293.960,535.748
118,68.319,294.004,536.169
119,68.318,294.050,536.585
120,68.316,294.096,536.998
121,68.314,294.144,537.405
122,68.312,294.193,537.807
123,68.310,294.243,538.204
124,68.308,294.295,538.597
125,68.306,294.348,538.986
126,68.305,294.403,539.371
127,68.303,294.459,539.752
128,68.301,294.516,540.128
129,68.299,294.575,540.500
130,68.297,294.635,540.867
131,68.295,294.696,541.231
132,68.293,294.759,541.591
133,68.290,294.824,541.948
134,68.288,294.890,542.301
135,68.286,294.957,542.649
136,68.284,295.025,542.993
137,68.282,295.095,543.335
138,68.280,295.166,543.673
139,68.278,295.239,544.008
140,68.275,295.313,544.338
141,68.273,295.389,544.665
142,68.271,295.466,544.990
143,68.269,295.545,545.312
144,68.267,295.625,545.629
145,68.264,295.706,545.942
146,68.262,295.789,546.254
147,68.260,295.873,546.564
148,68.257,295.959,546.868
149,68.255,296.046,547.170
150,68.253,296.135,547.470
151,68.250,296.225,547.767
152,68.248,296.317,548.059
153,68.245,296.410,548.351
154,68.243,296.505,548.640
155,68.240,296.600,548.924
156,68.238,296.698,549.207
157,68.235,296.796,549.488
158,68.233,296.897,549.765
159,68.230,296.998,550.039
160,68.228,297.101,550.313
161,68.225,297.206,550.583
162,68.223,297.312,550.850
163,68.220,297.419,551.115
164,68.218,297.528,551.378
165,68.215,297.638,551.637
166,68.212,297.749,551.896
167,68.210,297.862,552.152
168,68.207,297.977,552.405
169,68.204,298.092,552.657
170,68.202,298.210,552.907
171,68.199,298.328,553.153
172,68.196,298.448,553.399
173,68.193,298.569,553.641
174,68.191,298.692,553.882
175,68.188,298.816,554.122
176,68.185,298.942,554.358
177,68.182,299.068,554.593
178,68.179,299.196,554.826
179,68.176,299.325,555.056
180,68.174,299.456,555.287
181,68.171,299.588,555.514
182,68.168,299.721,555.739
183,68.165,299.856,555.964
184,68.162,299.992,556.184
185,68.159,300.129,556.405
186,68.156,300.267,556.623
187,68.153,300.407,556.839
188,68.150,300.549,557.055
189,68.147,300.691,557.267
190,68.144,300.834,557.480
191,68.141,300.978,557.689
192,68.138,301.124,557.898
193,68.135,301.272,558.105
194,68.132,301.420,558.309
195,68.129,301.570,558.514
196,68.126,301.721,558.714
197,68.123,301.873,558.917
198,68.120,302.026,559.115
199,68.116,302.180,559.313
200,68.113,302.336,559.509
201,68.110,302.493,559.703
202,68.107,302.651,559.897
203,68.104,302.810,560.088
204,68.101,302.970,560.281
205,68.097,303.131,560.468
206,68.094,303.294,560.657
207,68.091,303.457,560.842
208,68.088,303.622,561.029
209,68.084,303.788,561.212
210,68.081,303.955,561.395
211,68.078,304.123,561.576
212,68.074,304.291,561.756
213,68.071,304.461,561.935
214,68.068,304.632,562.113
215,68.064,304.804,562.289
216,68.061,304.977,562.463
217,68.058,305.152,562.638
218,68.054,305.326,562.811
219,68.051,305.503,562.983
220,68.047,305.680,563.152
221,68.044,305.858,563.322
222,68.041,306.037,563.489
223,68.037,306.217,563.657
224,68.034,306.398,563.823
225,68.030,306.580,563.988
226,68.027,306.763,564.151
227,68.023,306.947,564.315
228,68.020,307.131,564.476
229,68.016,307.317,564.637
230,68.013,307.503,564.795
231,68.009,307.691,564.955
232,68.006,307.879,565.112
233,68.002,308.068,565.269
234,67.998,308.258,565.423
235,67.995,308.449,565.579
236,67.991,308.641,565.731
237,67.988,308.834,565.885
238,67.984,309.027,566.035
239,67.980,309.221,566.186
240,67.977,309.416,566.335
241,67.973,309.612,566.485
242,67.969,309.809,566.632
243,67.966,310.007,566.779
244,67.962,310.205,566.924
245,67.958,310.403,567.071
246,67.954,310.603,567.214
247,67.951,310.804,567.358
248,67.947,311.005,567.499
249,67.943,311.207,567.641
250,67.939,311.410,567.781
251,67.936,311.613,567.923
252,67.932,311.817,568.061
253,67.928,312.022,568.199
254,67.924,312.228,568.336
255,67.921,312.434,568.473
256,67.917,312.641,568.608
257,67.913,312.848,568.745
258,67.909,313.056,568.878
259,67.905,313.265,569.012
260,67.901,313.475,569.144
261,67.897,313.685,569.277
262,67.894,313.896,569.406
263,67.890,314.108,569.538
264,67.886,314.320,569.667
265,67.882,314.532,569.796
266,67.878,314.745,569.924
267,67.874,314.959,570.052
268,67.870,315.174,570.177
269,67.866,315.389,570.305
270,67.862,315.605,570.429
271,67.858,315.821,570.555
272,67.854,316.038,570.678
273,67.850,316.255,570.801
274,67.846,316.472,570.923
275,67.842,316.690,571.046
276,67.838,316.909,571.166
277,67.834,317.129,571.288
278,67.830,317.349,571.407
279,67.826,317.569,571.527
280,67.822,317.790,571.644
281,67.818,318.011,571.763
282,67.814,318.233,571.879
283,67.810,318.455,571.998
284,67.805,318.678,572.113
285,67.801,318.902,572.229
286,67.797,319.125,572.343
287,67.793,319.350,572.457
288,67.789,319.574,572.570
289,67.785,319.800,572.684
290,67.781,320.025,572.795
291,67.776,320.251,572.909
292,67.772,320.477,573.019
293,67.768,320.703,573.130
294,67.764,320.931,573.240
295,67.760,321.158,573.350
296,67.755,321.386,573.458
297,67.751,321.615,573.567
298,67.747,321.843,573.674
299,67.743,322.072,573.782
300,67.738,322.302,573.888
301,67.734,322.532,573.995
302,67.730,322.762,574.100
303,67.726,322.993,574.205
304,67.721,323.223,574.309
305,67.717,323.454,574.414
306,67.713,323.686,574.517
307,67.708,323.917,574.621
308,67.704,324.149,574.722
309,67.700,324.382,574.825
310,67.695,324.615,574.926
311,67.691,324.848,575.027
312,67.687,325.081,575.127
313,67.682,325.315,575.228
314,67.678,325.549,575.326
315,67.673,325.783,575.426
316,67.669,326.018,575.524
317,67.665,326.253,575.623
318,67.660,326.488,575.719
319,67.656,326.723,575.817
320,67.651,326.958,575.913
321,67.647,327.194,576.010
322,67.642,327.430,576.105
323,67.638,327.666,576.201
324,67.633,327.903,576.295
325,67.629,328.139,576.390
326,67.624,328.376,576.483
327,67.620,328.614,576.577
328,67.615,328.851,576.669
329,67.611,329.089,576.763
330,67.606,329.327,576.854
331,67.602,329.565,576.946
332,67.597,329.803,577.037
333,67.593,330.041,577.128
334,67.588,330.280,577.218
335,67.584,330.519,577.309
336,67.579,330.758,577.397
337,67.574,330.997,577.488
338,67.570,331.236,577.575
339,67.565,331.476,577.665
340,67.561,331.716,577.752
341,67.556,331.955,577.840
342,67.551,332.195,577.927
343,67.547,332.435,578.014
344,67.542,332.675,578.099
345,67.537,332.916,578.186
346,67.533,333.156,578.271
347,67.528,333.397,578.357
348,67.523,333.637,578.441
349,67.519,333.878,578.526
350,67.514,334.119,578.609
351,67.509,334.360,578.694
352,67.505,334.601,578.776
353,67.500,334.843,578.860
354,67.495,335.084,578.942
355,67.490,335.326,579.024
356,67.486,335.567,579.106
357,67.481,335.809,579.187
358,67.476,336.051,579.268
359,67.471,336.293,579.349
360,67.466,336.535,579.429
361,67.462,336.777,579.510
362,67.457,337.019,579.589
363,67.452,337.262,579.670
364,67.447,337.504,579.748
365,67.442,337.746,579.827
366,67.438,337.989,579.905
367,67.433,338.231,579.983
368,67.428,338.474,580.061
369,67.423,338.716,580.138
370,67.418,338.959,580.215
371,67.413,339.202,580.292
372,67.408,339.444,580.368
373,67.403,339.687,580.445
374,67.399,339.930,580.520
375,67.394,340.173,580.597
376,67.389,340.416,580.671
377,67.384,340.658,580.747
378,67.379,340.901,580.820
379,67.374,341.144,580.895
380,67.369,341.387,580.968
381,67.364,341.630,581.043
382,67.359,341.873,581.116
383,67.354,342.116,581.189
384,67.349,342.359,581.261
385,67.344,342.602,581.334
386,67.339,342.845,581.406
387,67.334,343.088,581.478
388,67.329,343.331,581.549
389,67.324,343.574,581.621
390,67.319,343.817,581.692
391,67.314,344.060,581.763
392,67.309,344.303,581.833
393,67.304,344.546,581.904
394,67.299,344.789,581.973
395,67.294,345.032,582.043
396,67.289,345.274,582.112
397,67.283,345.517,582.182
398,67.278,345.760,582.250
399,67.273,346.003,582.319
400,67.268,346.246,582.387
401,67.263,346.488,582.455
402,67.258,346.731,582.523
403,67.253,346.973,582.590
404,67.248,347.216,582.658
405,67.242,347.459,582.725
406,67.237,347.701,582.791
407,67.232,347.943,582.858
408,67.227,348.186,582.924
409,67.222,348.428,582.991
410,67.216,348.670,583.056
411,67.211,348.912,583.122
412,67.206,349.155,583.186
413,67.201,349.397,583.252
414,67.196,349.639,583.316
415,67.190,349.881,583.382
416,67.185,350.122,583.446
417,67.180,350.364,583.510
418,67.175,350.606,583.574
419,67.169,350.848,583.637
420,67.164,351.089,583.701
421,67.159,351.331,583.764
422,67.153,351.572,583.827
423,67.148,351.813,583.890
424,67.143,352.054,583.952
425,67.137,352.296,584.015
426,67.132,352.537,584.076
427,67.127,352.778,584.139
428,67.121,353.019,584.199
429,67.116,353.259,584.262
430,67.111,353.500,584.322
431,67.105,353.741,584.384
432,67.100,353.981,584.443
433,67.095,354.222,584.505
434,67.089,354.462,584.564
435,67.084,354.703,584.625
436,67.078,354.943,584.684
437,67.073,355.183,584.745
438,67.068,355.423,584.804
439,67.062,355.662,584.864
440,67.057,355.902,584.923
441,67.051,356.141,584.981
442,67.046,356.381,585.040
443,67.040,356.620,585.099
444,67.035,356.859,585.157
445,67.029,357.098,585.215
446,67.024,357.337,585.273
447,67.018,357.576,585.331
448,67.013,357.815,585.388
449,67.007,358.053,585.446
450,67.002,358.291,585.503
451,66.996,358.530,585.560
452,66.991,358.768,585.616
453,66.985,359.006,585.674
454,66.980,359.244,585.729
455,66.974,359.481,585.786
456,66.968,359.719,585.841
457,66.963,359.957,585.898
458,66.957,360.194,585.953
459,66.952,360.431,586.009
460,66.946,360.668,586.064
461,66.940,360.905,586.119
462,66.935,361.142,586.174
463,66.929,361.378,586.229
464,66.924,361.615,586.283
465,66.918,361.851,586.338
466,66.912,362.087,586.392
467,66.907,362.323,586.447
468,66.901,362.559,586.501
469,66.895,362.795,586.554
470,66.889,363.031,586.608
471,66.884,363.267,586.661
472,66.878,363.502,586.715
473,66.872,363.737,586.768
474,66.867,363.972,586.821
475,66.861,364.207,586.874
476,66.855,364.442,586.926
477,66.849,364.676,586.979
478,66.844,364.911,587.031
479,66.838,365.145,587.084
480,66.832,365.379,587.135
481,66.826,365.612,587.187
482,66.821,365.846,587.238
483,66.815,366.080,587.291
484,66.809,366.313,587.341
485,66.803,366.546,587.393
486,66.797,366.779,587.444
487,66.792,367.012,587.495
488,66.786,367.244,587.545
489,66.780,367.477,587.596
490,66.774,367.709,587.646
491,66.768,367.941,587.697
492,66.762,368.173,587.747
493,66.756,368.405,587.797
494,66.750,368.637,587.847
495,66.745,368.869,587.897
496,66.739,369.100,587.947
497,66.733,369.331,587.996
498,66.727,369.562,588.046
499,66.721,369.793,588.095
500,66.715,370.023,588.144
501,66.709,370.254,588.193
502,66.703,370.484,588.242
503,66.697,370.714,588.291
504,66.691,370.944,588.339
505,66.685,371.173,588.388
506,66.679,371.403,588.435
507,66.673,371.632,588.484
508,66.667,371.861,588.531
509,66.661,372.090,588.580
510,66.655,372.318,588.627
511,66.649,372.547,588.675
512,66.643,372.775,588.722
513,66.637,373.003,588.770
514,66.631,373.231,588.816
515,66.625,373.458,588.864
516,66.619,373.686,588.910
517,66.613,373.913,588.958
518,66.607,374.140,589.004
519,66.601,374.367,589.051
520,66.595,374.594,589.097
521,66.588,374.821,589.144
522,66.582,375.047,589.189
523,66.576,375.274,589.236
524,66.570,375.500,589.281
525,66.564,375.725,589.328
526,66.558,375.951,589.373
527,66.552,376.176,589.419
528,66.546,376.401,589.464
529,66.539,376.626,589.510
530,66.533,376.851,589.555
531,66.527,377.075,589.600
532,66.521,377.299,589.645
533,66.515,377.524,589.690
534,66.508,377.747,589.735
535,66.502,377.971,589.779
536,66.496,378.194,589.824
537,66.490,378.418,589.868
538,66.483,378.641,589.913
539,66.477,378.864,589.957
540,66.471,379.086,590.001
541,66.465,379.308,590.045
542,66.458,379.531,590.089
543,66.452,379.753,590.133
544,66.446,379.975,590.176
545,66.439,380.196,590.220
546,66.433,380.418,590.263
547,66.427,380.639,590.307
548,66.420,380.860,590.350
549,66.414,381.081,590.393
550,66.408,381.301,590.436
551,66.401,381.522,590.479
552,66.395,381.742,590.522
553,66.389,381.961,590.565
554,66.382,382.181,590.607
555,66.376,382.400,590.650
556,66.370,382.619,590.692
557,66.363,382.838,590.735
558,66.357,383.057,590.776
559,66.350,383.276,590.819
560,66.344,383.494,590.860
561,66.337,383.712,590.903
562,66.331,383.930,590.944
563,66.325,384.148,590.986
564,66.318,384.365,591.027
565,66.312,384.583,591.069
566,66.305,384.800,591.110
567,66.299,385.016,591.152
568,66.292,385.233,591.193
569,66.286,385.449,591.234
570,66.279,385.665,591.275
571,66.273,385.881,591.316
572,66.266,386.096,591.357
573,66.260,386.312,591.398
574,66.253,386.527,591.438
575,66.246,386.742,591.479
576,66.240,386.956,591.519
577,66.233,387.171,591.560
578,66.227,387.385,591.600
579,66.220,387.599,591.640
580,66.213,387.813,591.680
581,66.207,388.026,591.720
582,66.200,388.239,591.760
583,66.194,388.452,591.800
584,66.187,388.665,591.840
585,66.180,388.878,591.879
586,66.174,389.091,591.919
587,66.167,389.303,591.958
588,66.160,389.515,591.998
589,66.154,389.727,592.037
590,66.147,389.938,592.077
591,66.140,390.149,592.116
592,66.134,390.360,592.155
593,66.127,390.571,592.194
594,66.120,390.781,592.233
595,66.113,390.991,592.272
596,66.107,391.201,592.310
597,66.100,391.411,592.349
598,66.093,391.620,592.387
599,66.086,391.830,592.426
600,66.080,392.039,592.464
601,66.073,392.247,592.502
602,66.066,392.456,592.540
603,66.059,392.664,592.579
604,66.053,392.872,592.616
605,66.046,393.080,592.655
606,66.039,393.288,592.692
607,66.032,393.495,592.730
608,66.025,393.703,592.768
609,66.018,393.909,592.805
610,66.012,394.116,592.843
611,66.005,394.322,592.880
612,65.998,394.528,592.918
613,65.991,394.734,592.955
614,65.984,394.940,592.992
615,65.977,395.145,593.029
616,65.970,395.350,593.066
617,65.963,395.555,593.104
618,65.956,395.760,593.140
619,65.949,395.964,593.177
620,65.942,396.168,593.214
621,65.936,396.372,593.251
622,65.929,396.576,593.287
623,65.922,396.779,593.324
624,65.915,396.983,593.360
625,65.908,397.186,593.397
626,65.901,397.388,593.433
627,65.894,397.591,593.469
628,65.887,397.793,593.505
629,65.880,397.994,593.541
630,65.873,398.196,593.577
631,65.866,398.397,593.613
632,65.858,398.598,593.649
633,65.851,398.799,593.685
634,65.844,399.000,593.721
635,65.837,399.200,593.757
636,65.830,399.400,593.792
637,65.823,399.600,593.828
638,65.816,399.799,593.863
639,65.809,399.999,593.899
640,65.802,400.198,593.934
641,65.795,400.397,593.969
642,65.787,400.595,594.005
643,65.780,400.794,594.040
644,65.773,400.992,594.075
645,65.766,401.190,594.110
646,65.759,401.387,594.145
647,65.752,401.585,594.180
648,65.744,401.781,594.214
649,65.737,401.978,594.249
650,65.730,402.175,594.284
651,65.723,402.371,594.318
652,65.716,402.567,594.353
653,65.708,402.762,594.387
654,65.701,402.958,594.421
655,65.694,403.153,594.456
656,65.687,403.348,594.490
657,65.679,403.542,594.524
658,65.672,403.736,594.558
659,65.665,403.931,594.592
660,65.658,404.125,594.626
661,65.650,404.318,594.660
662,65.643,404.512,594.694
663,65.636,404.705,594.727
664,65.628,404.898,594.761
665,65.621,405.090,594.795
666,65.614,405.282,594.828
667,65.606,405.474,594.862
668,65.599,405.666,594.895
669,65.591,405.857,594.929
670,65.584,406.049,594.962
671,65.577,406.239,594.995
672,65.569,406.430,595.028
673,65.562,406.620,595.061
674,65.554,406.810,595.095
675,65.547,407.000,595.127
676,65.539,407.190,595.160
677,65.532,407.380,595.193
678,65.525,407.569,595.226
679,65.517,407.757,595.259
680,65.510,407.946,595.292
681,65.502,408.134,595.324
682,65.495,408.322,595.357
683,65.487,408.509,595.389
684,65.480,408.697,595.422
685,65.472,408.884,595.454
686,65.465,409.071,595.486
687,65.457,409.257,595.519
688,65.449,409.443,595.551
689,65.442,409.629,595.583
690,65.434,409.815,595.615
691,65.427,410.000,595.647
692,65.419,410.185,595.679
693,65.412,410.370,595.711
694,65.404,410.555,595.743
695,65.396,410.740,595.774
696,65.389,410.924,595.806
697,65.381,411.108,595.838
698,65.373,411.291,595.870
699,65.366,411.475,595.901
700,65.358,411.657,595.933
701,65.350,411.840,595.964
702,65.343,412.022,595.995
703,65.335,412.204,596.027
704,65.327,412.386,596.058
705,65.320,412.568,596.089
706,65.312,412.749,596.120
707,65.304,412.930,596.151
708,65.296,413.111,596.183
709,65.289,413.291,596.214
710,65.281,413.471,596.245
711,65.273,413.651,596.276
712,65.265,413.831,596.306
713,65.258,414.010,596.337
714,65.250,414.190,596.368
715,65.242,414.368,596.399
716,65.234,414.547,596.429
717,65.226,414.725,596.460
718,65.219,414.903,596.490
719,65.211,415.080,596.521
720,65.203,415.257,596.551
721,65.195,415.434,596.582
722,65.187,415.611,596.612
723,65.179,415.787,596.643
724,65.171,415.964,596.673
725,65.164,416.140,596.703
726,65.156,416.315,596.733
727,65.148,416.491,596.763
728,65.140,416.666,596.793
729,65.132,416.841,596.823
730,65.124,417.015,596.853
731,65.116,417.189,596.883
732,65.108,417.363,596.912
733,65.100,417.537,596.942
734,65.092,417.710,596.972
735,65.084,417.883,597.001
736,65.076,418.056,597.031
737,65.068,418.228,597.060
738,65.060,418.400,597.090
739,65.052,418.572,597.119
740,65.044,418.743,597.149
741,65.036,418.915,597.178
742,65.028,419.086,597.207
743,65.020,419.257,597.236
744,65.012,419.427,597.266
745,65.004,419.598,597.294
746,64.996,419.767,597.324
747,64.987,419.937,597.352
748,64.979,420.106,597.382
749,64.971,420.275,597.410
750,64.963,420.444,597.439
751,64.955,420.612,597.468
752,64.947,420.780,597.497
753,64.939,420.948,597.525
754,64.930,421.115,597.554
755,64.922,421.282,597.583
756,64.914,421.449,597.611
757,64.906,421.616,597.640
758,64.898,421.782,597.668
759,64.889,421.948,597.696
760,64.881,422.114,597.725
761,64.873,422.280,597.753
762,64.865,422.445,597.782
763,64.856,422.610,597.809
764,64.848,422.775,597.838
765,64.840,422.939,597.866
766,64.832,423.103,597.894
767,64.823,423.267,597.922
768,64.815,423.430,597.950
769,64.807,423.593,597.978
770,64.798,423.756,598.006
771,64.790,423.919,598.033
772,64.782,424.081,598.061
773,64.773,424.243,598.089
774,64.765,424.405,598.117
775,64.757,424.566,598.144
776,64.748,424.728,598.172
777,64.740,424.889,598.199
778,64.731,425.049,598.227
779,64.723,425.209,598.254
780,64.715,425.369,598.282
781,64.706,425.529,598.309
782,64.698,425.688,598.337
783,64.689,425.847,598.364
784,64.681,426.006,598.391
785,64.672,426.164,598.418
786,64.664,426.322,598.445
787,64.655,426.480,598.472
788,64.647,426.638,598.500
789,64.638,426.795,598.526
790,64.630,426.952,598.554
791,64.621,427.109,598.580
792,64.613,427.266,598.607
793,64.604,427.422,598.634
794,64.596,427.578,598.661
795,64.587,427.734,598.687
796,64.579,427.889,598.714
797,64.570,428.044,598.741
798,64.562,428.198,598.768
799,64.553,428.353,598.794
800,64.544,428.507,598.821
801,64.536,428.661,598.847
802,64.527,428.814,598.874
803,64.518,428.967,598.900
804,64.510,429.120,598.926
805,64.501,429.273,598.952
806,64.492,429.425,598.979
807,64.484,429.577,599.005
808,64.475,429.729,599.031
809,64.466,429.881,599.057
810,64.458,430.033,599.083
811,64.449,430.184,599.109
812,64.440,430.335,599.135
813,64.432,430.485,599.161
814,64.423,430.635,599.187
815,64.414,430.785,599.213
816,64.405,430.934,599.239
817,64.397,431.083,599.265
818,64.388,431.232,599.290
819,64.379,431.381,599.316
820,64.370,431.529,599.342
821,64.361,431.678,599.368
822,64.353,431.826,599.393
823,64.344,431.973,599.419
824,64.335,432.121,599.444
825,64.326,432.268,599.470
826,64.317,432.415,599.495
827,64.308,432.561,599.521
828,64.299,432.707,599.546
829,64.291,432.853,599.571
830,64.282,432.999,599.596
831,64.273,433.144,599.622
832,64.264,433.289,599.647
833,64.255,433.434,599.672
834,64.246,433.578,599.697
835,64.237,433.722,599.722
836,64.228,433.866,599.747
837,64.219,434.010,599.772
838,64.210,434.153,599.797
839,64.201,434.296,599.822
840,64.192,434.439,599.847
841,64.183,434.582,599.872
842,64.174,434.725,599.897
843,64.165,434.867,599.921
844,64.156,435.009,599.946
845,64.147,435.150,599.970
846,64.138,435.291,599.995
847,64.129,435.432,600.019
848,64.120,435.573,600.044
849,64.111,435.713,600.068
850,64.102,435.853,600.093
851,64.093,435.993,600.117
852,64.084,436.133,600.142
853,64.075,436.272,600.166
854,64.066,436.411,600.191
855,64.057,436.550,600.214
856,64.047,436.688,600.239
857,64.038,436.827,600.263
858,64.029,436.965,600.287
859,64.020,437.103,600.311
860,64.011,437.240,600.336
861,64.002,437.378,600.359
862,63.992,437.515,600.384
863,63.983,437.652,600.407
864,63.974,437.788,600.431
865,63.965,437.924,600.455
866,63.956,438.060,600.479
867,63.946,438.196,600.502
868,63.937,438.331,600.527
869,63.928,438.466,600.550
870,63.919,438.601,600.574
871,63.909,438.736,600.597
872,63.900,438.870,600.621
873,63.891,439.004,600.644
874,63.881,439.138,600.668
875,63.872,439.272,600.691
876,63.863,439.406,600.715
877,63.854,439.539,600.738
878,63.844,439.672,600.762
879,63.835,439.804,600.785
880,63.826,439.937,600.809
881,63.816,440.069,600.832
882,63.807,440.201,600.855
883,63.797,440.332,600.878
884,63.788,440.464,600.902
885,63.779,440.595,600.924
886,63.769,440.726,600.948
887,63.760,440.856,600.970
888,63.750,440.987,600.994
889,63.741,441.117,601.016
890,63.732,441.247,601.040
891,63.722,441.377,601.062
892,63.713,441.506,601.086
893,63.703,441.635,601.108
894,63.694,441.764,601.131
895,63.684,441.893,601.153
896,63.675,442.022,601.177
897,63.665,442.150,601.199
898,63.656,442.279,601.222
899,63.646,442.406,601.244
900,63.637,442.534,601.267
901,63.627,442.661,601.289
902,63.618,442.788,601.312
903,63.608,442.915,601.334
904,63.599,443.042,601.357
905,63.589,443.168,601.379
906,63.579,443.294,601.402
907,63.570,443.420,601.424
908,63.560,443.546,601.447
909,63.551,443.672,601.469
910,63.541,443.797,601.491
911,63.532,443.922,601.513
912,63.522,444.047,601.536
913,63.512,444.171,601.558
914,63.503,444.296,601.580
915,63.493,444.420,601.602
916,63.483,444.544,601.624
917,63.474,444.668,601.646
918,63.464,444.792,601.668
919,63.454,444.915,601.690
920,63.445,445.038,601.712
921,63.435,445.161,601.734
922,63.425,445.284,601.755
923,63.415,445.406,601.777
924,63.406,445.529,601.799
925,63.396,445.651,601.821
926,63.386,445.772,601.842
927,63.377,445.894,601.864
928,63.367,446.015,601.886
929,63.357,446.136,601.908
930,63.347,446.257,601.929
931,63.337,446.378,601.951
932,63.328,446.499,601.972
933,63.318,446.619,601.994
934,63.308,446.739,602.015
935,63.298,446.859,602.037
936,63.288,446.979,602.058
937,63.279,447.099,602.079
938,63.269,447.218,602.100
939,63.259,447.338,602.122
940,63.249,447.457,602.143
941,63.239,447.575,602.164
942,63.229,447.694,602.185
943,63.219,447.812,602.207
944,63.209,447.930,602.228
945,63.200,448.048,602.249
946,63.190,448.166,602.270
947,63.180,448.284,602.291
948,63.170,448.401,602.312
949,63.160,448.518,602.333
950,63.150,448.635,602.354
951,63.140,448.752,602.375
952,63.130,448.869,602.396
953,63.120,448.985,602.416
954,63.110,449.101,602.437
955,63.100,449.217,602.458
956,63.090,449.333,602.479
957,63.080,449.449,602.499
958,63.070,449.564,602.520
959,63.060,449.679,602.541
960,63.050,449.795,602.562
961,63.040,449.910,602.582
962,63.030,450.024,602.603
963,63.020,450.139,602.623
964,63.010,450.254,602.644
965,63.000,450.368,602.664
966,62.990,450.482,602.685
967,62.980,450.596,602.705
968,62.970,450.710,602.726
969,62.960,450.823,602.745
970,62.950,450.937,602.766
971,62.939,451.050,602.786
972,62.929,451.163,602.807
973,62.919,451.276,602.826
974,62.909,451.388,602.847
975,62.899,451.501,602.867
976,62.889,451.613,602.887
977,62.879,451.725,602.907
978,62.869,451.837,602.928
979,62.858,451.949,602.947
980,62.848,452.060,602.968
981,62.838,452.172,602.987
982,62.828,452.283,603.007
983,62.818,452.394,603.027
984,62.807,452.505,603.047
985,62.797,452.616,603.066
986,62.787,452.726,603.087
987,62.777,452.837,603.106
988,62.767,452.947,603.126
989,62.756,453.057,603.145
990,62.746,453.167,603.166
991,62.736,453.277,603.185
992,62.725,453.387,603.205
993,62.715,453.496,603.224
994,62.705,453.606,603.244
995,62.695,453.715,603.263
996,62.684,453.824,603.283
997,62.674,453.933,603.302
998,62.664,454.041,603.322
999,62.653,454.150,603.341
1000,62.643,454.258,603.361
1001,62.633,454.366,603.380
1002,62.622,454.474,603.400
1003,62.612,454.582,603.418
1004,62.602,454.690,603.439
1005,62.591,454.798,603.457
1006,62.581,454.906,603.477
1007,62.571,455.013,603.495
1008,62.560,455.120,603.515
1009,62.550,455.227,603.534
1010,62.539,455.334,603.554
1011,62.529,455.441,603.572
1012,62.519,455.547,603.592
1013,62.508,455.654,603.610
1014,62.498,455.760,603.630
1015,62.487,455.866,603.648
1016,62.477,455.972,603.668
1017,62.466,456.078,603.686
1018,62.456,456.183,603.706
1019,62.446,456.289,603.724
1020,62.435,456.394,603.743
1021,62.425,456.499,603.761
1022,62.414,456.604,603.781
1023,62.404,456.709,603.799
1024,62.393,456.814,603.818
1025,62.383,456.919,603.836
1026,62.372,457.023,603.856
1027,62.362,457.127,603.874
1028,62.351,457.231,603.893
1029,62.340,457.336,603.911
1030,62.330,457.439,603.930
1031,62.319,457.543,603.948
1032,62.309,457.647,603.967
1033,62.298,457.750,603.985
1034,62.288,457.854,604.004
1035,62.277,457.957,604.022
1036,62.267,458.060,604.041
1037,62.256,458.163,604.058
1038,62.245,458.266,604.078
1039,62.235,458.369,604.095
1040,62.224,458.471,604.114
1041,62.213,458.574,604.132
1042,62.203,458.676,604.151
1043,62.192,458.779,604.168
1044,62.182,458.881,604.187
1045,62.171,458.982,604.204
1046,62.160,459.084,604.223
1047,62.150,459.186,604.241
1048,62.139,459.287,604.260
1049,62.128,459.389,604.277
1050,62.118,459.490,604.296
1051,62.107,459.591,604.313
1052,62.096,459.692,604.332
1053,62.085,459.793,604.349
1054,62.075,459.893,604.368
1055,62.064,459.994,604.385
1056,62.053,460.094,604.403
1057,62.043,460.194,604.420
1058,62.032,460.295,604.439
1059,62.021,460.395,604.456
1060,62.010,460.494,604.475
1061,62.000,460.594,604.492
1062,61.989,460.694,604.510
1063,61.978,460.793,604.527
1064,61.967,460.893,604.545
1065,61.957,460.992,604.562
1066,61.946,461.091,604.581
1067,61.935,461.190,604.598
1068,61.924,461.289,604.616
1069,61.913,461.388,604.633
1070,61.902,461.486,604.651
1071,61.892,461.585,604.668
1072,61.881,461.683,604.686
1073,61.870,461.782,604.703
1074,61.859,461.880,604.721
1075,61.848,461.978,604.738
1076,61.837,462.076,604.755
1077,61.827,462.174,604.772
1078,61.816,462.271,604.790
1079,61.805,462.369,604.807
1080,61.794,462.466,604.824
1081,61.783,462.564,604.841
1082,61.772,462.661,604.859
1083,61.761,462.758,604.876
1084,61.750,462.855,604.893
1085,61.739,462.952,604.910
1086,61.728,463.049,604.927
1087,61.717,463.145,604.944
1088,61.707,463.242,604.962
1089,61.696,463.338,604.979
1090,61.685,463.434,604.996
1091,61.674,463.530,605.013
1092,61.663,463.626,605.030
1093,61.652,463.722,605.047
1094,61.641,463.818,605.063
1095,61.630,463.913,605.080
1096,61.619,464.009,605.097
1097,61.608,464.104,605.114
1098,61.597,464.199,605.131
1099,61.586,464.294,605.148
1100,61.575,464.389,605.164
1101,61.564,464.484,605.181
1102,61.553,464.579,605.198
1103,61.542,464.674,605.215
1104,61.531,464.768,605.231
1105,61.520,464.863,605.248
1106,61.508,464.957,605.265
1107,61.497,465.051,605.281
1108,61.486,465.145,605.298
1109,61.475,465.239,605.314
1110,61.464,465.333,605.331
1111,61.453,465.427,605.347
1112,61.442,465.520,605.364
1113,61.431,465.614,605.380
1114,61.420,465.707,605.397
1115,61.409,465.800,605.413
1116,61.397,465.893,605.429
1117,61.386,465.986,605.446
1118,61.375,466.079,605.462
1119,61.364,466.172,605.478
1120,61.353,466.265,605.495
1121,61.342,466.358,605.511
1122,61.331,466.450,605.527
1123,61.319,466.543,605.543
1124,61.308,466.635,605.560
1125,61.297,466.727,605.576
1126,61.286,466.820,605.592
1127,61.275,466.911,605.608
1128,61.263,467.003,605.624
1129,61.252,467.095,605.640
1130,61.241,467.186,605.657
1131,61.230,467.278,605.672
1132,61.219,467.369,605.689
1133,61.207,467.460,605.704
1134,61.196,467.552,605.721
1135,61.185,467.643,605.736
1136,61.174,467.733,605.752
1137,61.162,467.824,605.768
1138,61.151,467.915,605.784
1139,61.140,468.005,605.800
1140,61.129,468.096,605.816
1141,61.117,468.186,605.832
1142,61.106,468.276,605.848
1143,61.095,468.367,605.863
1144,61.083,468.457,605.879
1145,61.072,468.546,605.895
1146,61.061,468.636,605.911
1147,61.049,468.726,605.926
1148,61.038,468.815,605.942
1149,61.027,468.905,605.957
1150,61.015,468.994,605.973
1151,61.004,469.084,605.989
1152,60.993,469.173,606.005
1153,60.981,469.262,606.020
1154,60.970,469.351,606.036
1155,60.959,469.440,606.051
1156,60.947,469.528,606.067
1157,60.936,469.617,606.082
1158,60.924,469.706,606.098
1159,60.913,469.794,606.113
1160,60.902,469.882,606.129
1161,60.890,469.971,606.143
1162,60.879,470.059,606.159
1163,60.867,470.147,606.174
1164,60.856,470.235,606.190
1165,60.844,470.322,606.205
1166,60.833,470.410,606.221
1167,60.822,470.498,606.235
1168,60.810,470.585,606.251
1169,60.799,470.672,606.266
1170,60.787,470.759,606.282
1171,60.776,470.846,606.296
1172,60.764,470.933,606.312
1173,60.753,471.020,606.326
1174,60.741,471.107,606.342
1175,60.730,471.194,606.356
1176,60.718,471.280,606.372
1177,60.707,471.367,606.387
1178,60.695,471.453,606.403
1179,60.684,471.539,606.417
1180,60.672,471.625,606.433
1181,60.661,471.711,606.446
1182,60.649,471.797,606.462
1183,60.638,471.883,606.476
1184,60.626,471.969,606.492
1185,60.614,472.054,606.506
1186,60.603,472.140,606.522
1187,60.591,472.225,606.536
1188,60.580,472.310,606.552
1189,60.568,472.396,606.565
1190,60.557,472.481,606.581
1191,60.545,472.566,606.595
1192,60.533,472.650,606.611
1193,60.522,472.735,606.624
1194,60.510,472.820,606.640
1195,60.498,472.904,606.654
1196,60.487,472.989,606.670
1197,60.475,473.073,606.683
1198,60.464,473.157,606.699
1199,60.452,473.242,606.712
1200,60.440,473.326,606.728
1201,60.429,473.410,606.741
1202,60.417,473.493,606.757
1203,60.405,473.577,606.771
1204,60.394,473.661,606.786
1205,60.382,473.745,606.799
1206,60.370,473.828,606.815
1207,60.359,473.911,606.828
1208,60.347,473.995,606.844
1209,60.335,474.078,606.857
1210,60.323,474.161,606.873
1211,60.312,474.244,606.886
1212,60.300,474.327,606.902
1213,60.288,474.409,606.915
1214,60.277,474.492,606.930
1215,60.265,474.574,606.943
1216,60.253,474.657,606.959
1217,60.241,474.739,606.972
1218,60.230,474.821,606.987
1219,60.218,474.903,607.000
1220,60.206,474.985,607.016
1221,60.194,475.067,607.029
1222,60.182,475.149,607.044
1223,60.171,475.231,607.057
1224,60.159,475.312,607.072
1225,60.147,475.394,607.085
1226,60.135,475.475,607.101
1227,60.123,475.556,607.113
1228,60.112,475.637,607.129
1229,60.100,475.719,607.141
1230,60.088,475.800,607.157
1231,60.076,475.880,607.169
1232,60.064,475.961,607.185
1233,60.052,476.042,607.197
1234,60.041,476.122,607.212
1235,60.029,476.203,607.225
1236,60.017,476.283,607.240
1237,60.005,476.363,607.253
1238,59.993,476.444,607.268
1239,59.981,476.524,607.280
1240,59.969,476.604,607.296
1241,59.957,476.684,607.308
1242,59.945,476.763,607.323
1243,59.934,476.843,607.335
1244,59.922,476.923,607.351
1245,59.910,477.002,607.363
1246,59.898,477.081,607.378
1247,59.886,477.161,607.390
1248,59.874,477.240,607.406
1249,59.862,477.319,607.418
1250,59.850,477.398,607.433
1251,59.838,477.477,607.445
1252,59.826,477.556,607.460
1253,59.814,477.635,607.472
1254,59.802,477.713,607.487
1255,59.790,477.792,607.499
1256,59.778,477.870,607.514
1257,59.766,477.949,607.526
1258,59.754,478.027,607.541
1259,59.742,478.105,607.553
1260,59.730,478.184,607.568
1261,59.718,478.261,607.580
1262,59.706,478.339,607.595
1263,59.694,478.417,607.607
1264,59.682,478.495,607.622
1265,59.670,478.572,607.634
1266,59.658,478.650,607.649
1267,59.646,478.727,607.661
1268,59.634,478.804,607.675
1269,59.622,478.881,607.687
1270,59.610,478.959,607.702
1271,59.598,479.035,607.714
1272,59.586,479.112,607.728
1273,59.574,479.189,607.740
1274,59.562,479.266,607.755
1275,59.549,479.342,607.767
1276,59.537,479.419,607.781
1277,59.525,479.495,607.793
1278,59.513,479.572,607.808
1279,59.501,479.648,607.820
1280,59.489,479.724,607.834
1281,59.477,479.800,607.846
1282,59.465,479.876,607.860
1283,59.452,479.952,607.872
1284,59.440,480.028,607.886
1285,59.428,480.103,607.898
1286,59.416,480.179,607.912
1287,59.404,480.254,607.924
1288,59.392,480.330,607.938
1289,59.380,480.405,607.950
1290,59.367,480.480,607.964
1291,59.355,480.555,607.976
1292,59.343,480.630,607.990
1293,59.331,480.705,608.002
1294,59.319,480.780,608.016
1295,59.306,480.855,608.028
1296,59.294,480.930,608.041
1297,59.282,481.004,608.053
1298,59.270,481.079,608.067
1299,59.258,481.153,608.079
1300,59.245,481.227,608.093
1301,59.233,481.302,608.105
1302,59.221,481.376,608.118
1303,59.209,481.450,608.130
1304,59.196,481.524,608.144
1305,59.184,481.598,608.156
1306,59.172,481.672,608.169
1307,59.160,481.745,608.181
1308,59.147,481.819,608.194
1309,59.135,481.893,608.206
1310,59.123,481.966,608.220
1311,59.110,482.040,608.231
1312,59.098,482.113,608.245
1313,59.086,482.186,608.257
1314,59.073,482.259,608.270
1315,59.061,482.333,608.282
1316,59.049,482.405,608.295
1317,59.036,482.478,608.307
1318,59.024,482.551,608.320
1319,59.012,482.624,608.332
1320,58.999,482.696,608.345
1321,58.987,482.769,608.357
1322,58.975,482.841,608.370
1323,58.962,482.913,608.381
1324,58.950,482.986,608.395
1325,58.938,483.058,608.406
1326,58.925,483.130,608.419
1327,58.913,483.202,608.431
1328,58.901,483.274,608.444
1329,58.888,483.346,608.456
1330,58.876,483.417,608.469
1331,58.863,483.489,608.480
1332,58.851,483.560,608.493
1333,58.839,483.632,608.505
1334,58.826,483.703,608.518
1335,58.814,483.775,608.529
1336,58.801,483.846,608.542
1337,58.789,483.917,608.554
1338,58.776,483.988,608.567
1339,58.764,484.059,608.578
1340,58.752,484.130,608.591
1341,58.739,484.201,608.602
1342,58.727,484.271,608.615
1343,58.714,484.342,608.627
1344,58.702,484.413,608.640
1345,58.689,484.483,608.651
1346,58.677,484.554,608.664
1347,58.664,484.624,608.675
1348,58.652,484.694,608.688
1349,58.639,484.764,608.699
1350,58.627,484.835,608.712
1351,58.614,484.905,608.723
1352,58.602,484.975,608.736
1353,58.589,485.044,608.747
1354,58.577,485.114,608.760
1355,58.564,485.184,608.771
1356,58.552,485.254,608.784
1357,58.539,485.323,608.795
1358,58.527,485.393,608.808
1359,58.514,485.462,608.818
1360,58.501,485.532,608.831
1361,58.489,485.601,608.842
1362,58.476,485.670,608.855
1363,58.464,485.740,608.866
1364,58.451,485.809,608.879
1365,58.439,485.878,608.889
1366,58.426,485.947,608.902
1367,58.413,486.015,608.913
1368,58.401,486.084,608.926
1369,58.388,486.153,608.936
1370,58.376,486.221,608.949
1371,58.363,486.290,608.960
1372,58.350,486.358,608.973
1373,58.338,486.427,608.983
1374,58.325,486.495,608.996
1375,58.313,486.563,609.007
1376,58.300,486.631,609.019
1377,58.287,486.699,609.030
1378,58.275,486.767,609.043
1379,58.262,486.835,609.053
1380,58.249,486.903,609.066
1381,58.237,486.971,609.076
1382,58.224,487.038,609.089
1383,58.211,487.106,609.099
1384,58.199,487.174,609.112
1385,58.186,487.241,609.122
1386,58.173,487.308,609.135
1387,58.161,487.376,609.145
1388,58.148,487.443,609.158
1389,58.135,487.510,609.168
1390,58.123,487.577,609.181
1391,58.110,487.644,609.191
1392,58.097,487.711,609.204
1393,58.084,487.778,609.214
1394,58.072,487.845,609.227
1395,58.059,487.912,609.237
1396,58.046,487.979,609.249
1397,58.033,488.045,609.260
1398,58.021,488.112,609.272
1399,58.008,488.179,609.282
1400,57.995,488.245,609.295
1401,57.982,488.311,609.305
1402,57.970,488.378,609.317
1403,57.957,488.444,609.328
1404,57.944,488.510,609.340
1405,57.931,488.576,609.350
1406,57.919,488.642,609.363
1407,57.906,488.708,609.373
1408,57.893,488.774,609.385
1409,57.880,488.840,609.395
1410,57.867,488.906,609.407
1411,57.855,488.972,609.417
1412,57.842,489.037,609.430
1413,57.829,489.103,609.440
1414,57.816,489.168,609.452
1415,57.803,489.234,609.462
1416,57.790,489.299,609.474
1417,57.778,489.365,609.484
1418,57.765,489.430,609.497
1419,57.752,489.495,609.506
1420,57.739,489.560,609.519
1421,57.726,489.626,609.529
1422,57.713,489.691,609.541
1423,57.701,489.756,609.551
1424,57.688,489.821,609.563
1425,57.675,489.885,609.573
1426,57.662,489.950,609.585
1427,57.649,490.015,609.595
1428,57.636,490.080,609.607
1429,57.623,490.145,609.617
1430,57.610,490.209,609.629
1431,57.597,490.274,609.638
1432,57.585,490.338,609.651
1433,57.572,490.403,609.660
1434,57.559,490.467,609.673
1435,57.546,490.532,609.682
1436,57.533,490.596,609.694
1437,57.520,490.660,609.704
1438,57.507,490.724,609.716
1439,57.494,490.788,609.726
1440,57.481,490.852,609.738
1441,57.468,490.916,609.747
1442,57.455,490.980,609.759
1443,57.442,491.044,609.769
1444,57.429,491.108,609.781
1445,57.416,491.171,609.790
1446,57.403,491.235,609.802
1447,57.390,491.299,609.812
1448,57.377,491.362,609.824
1449,57.364,491.426,609.833
1450,57.351,491.489,609.845
1451,57.338,491.553,609.855
1452,57.325,491.616,609.867
1453,57.312,491.679,609.876
1454,57.299,491.743,609.888
1455,57.286,491.806,609.897
1456,57.273,491.869,609.909
1457,57.260,491.932,609.919
1458,57.247,491.995,609.931
1459,57.234,492.058,609.940
1460,57.221,492.121,609.952
1461,57.208,492.184,609.961
1462,57.195,492.247,609.973
1463,57.182,492.309,609.982
1464,57.169,492.372,609.994
1465,57.156,492.435,610.003
1466,57.143,492.497,610.015
1467,57.130,492.560,610.024
1468,57.117,492.623,610.036
1469,57.104,492.685,610.045
1470,57.091,492.747,610.057
1471,57.078,492.810,610.066
1472,57.065,492.872,610.078
1473,57.051,492.934,610.087
1474,57.038,492.997,610.099
1475,57.025,493.059,610.108
1476,57.012,493.121,610.120
1477,56.999,493.183,610.129
1478,56.986,493.245,610.141
1479,56.973,493.307,610.150
1480,56.960,493.369,610.162
1481,56.947,493.431,610.171
1482,56.933,493.493,610.183
1483,56.920,493.555,610.192
1484,56.907,493.617,610.203
1485,56.894,493.678,610.212
1486,56.881,493.740,610.224
1487,56.868,493.802,610.233
1488,56.855,493.863,610.245
1489,56.841,493.925,610.254
1490,56.828,493.986,610.265
1491,56.815,494.048,610.274
1492,56.802,494.109,610.286
1493,56.789,494.171,610.295
1494,56.776,494.232,610.306
1495,56.762,494.294,610.315
1496,56.749,494.355,610.327
1497,56.736,494.416,610.336
1498,56.723,494.477,610.347
1499,56.710,494.538,610.356
1500,56.696,494.600,610.367
1501,56.683,494.661,610.376
1502,56.670,494.722,610.388
1503,56.657,494.783,610.397
1504,56.644,494.844,610.408
1505,56.630,494.905,610.417
1506,56.617,494.965,610.428
1507,56.604,495.026,610.437
1508,56.591,495.087,610.448
1509,56.577,495.148,610.457
1510,56.564,495.209,610.469
1511,56.551,495.269,610.478
1512,56.538,495.330,610.489
1513,56.524,495.391,610.498
1514,56.511,495.451,610.509
1515,56.498,495.512,610.518
1516,56.485,495.572,610.529
1517,56.471,495.633,610.538
1518,56.458,495.693,610.549
1519,56.445,495.754,610.558
1520,56.431,495.814,610.569
1521,56.418,495.874,610.578
1522,56.405,495.935,610.589
1523,56.392,495.995,610.598
1524,56.378,496.055,610.609
1525,56.365,496.115,610.618
1526,56.352,496.175,610.629
1527,56.338,496.236,610.638
1528,56.325,496.296,610.649
1529,56.312,496.356,610.658
1530,56.298,496.416,610.668
1531,56.285,496.476,610.677
1532,56.272,496.536,610.688
1533,56.258,496.596,610.697
1534,56.245,496.656,610.708
1535,56.232,496.716,610.717
1536,56.218,496.775,610.728
1537,56.205,496.835,610.737
1538,56.192,496.895,610.747
1539,56.178,496.955,610.756
1540,56.165,497.015,610.767
1541,56.151,497.074,610.776
1542,56.138,497.134,610.786
1543,56.125,497.194,610.795
1544,56.111,497.253,610.806
1545,56.098,497.313,610.815
1546,56.085,497.373,610.826
1547,56.071,497.432,610.834
1548,56.058,497.492,610.845
1549,56.044,497.551,610.854
1550,56.031,497.611,610.864
1551,56.017,497.670,610.873
1552,56.004,497.730,610.884
1553,55.991,497.789,610.893
1554,55.977,497.848,610.903
1555,55.964,497.908,610.912
1556,55.950,497.967,610.923
1557,55.937,498.026,610.931
1558,55.923,498.086,610.942
1559,55.910,498.145,610.951
1560,55.897,498.204,610.961
1561,55.883,498.263,610.970
1562,55.870,498.322,610.980
1563,55.856,498.382,610.989
1564,55.843,498.441,611.000
1565,55.829,498.500,611.008
1566,55.816,498.559,611.019
1567,55.802,498.618,611.028
1568,55.789,498.677,611.038
1569,55.775,498.736,611.047
1570,55.762,498.795,611.057
1571,55.748,498.854,611.066
1572,55.735,498.913,611.076
1573,55.721,498.972,611.085
1574,55.708,499.031,611.095
1575,55.694,499.089,611.104
1576,55.681,499.148,611.114
1577,55.667,499.207,611.123
1578,55.654,499.266,611.133
1579,55.640,499.325,611.142
1580,55.627,499.383,611.152
1581,55.613,499.442,611.161
1582,55.600,499.501,611.171
1583,55.586,499.559,611.180
1584,55.573,499.618,611.190
1585,55.559,499.677,611.199
1586,55.546,499.735,611.209
1587,55.532,499.794,611.217
1588,55.519,499.853,611.228
1589,55.505,499.911,611.236
1590,55.491,499.970,611.247
1591,55.478,500.028,611.255
1592,55.464,500.087,611.265
1593,55.451,500.145,611.274
1594,55.437,500.204,611.284
1595,55.424,500.262,611.293
1596,55.410,500.321,611.303
1597,55.396,500.379,611.311
1598,55.383,500.438,611.322
1599,55.369,500.496,611.330
1600,55.356,500.555,611.340
1601,55.342,500.613,611.349
1602,55.329,500.671,611.359
1603,55.315,500.730,611.367
1604,55.301,500.788,611.377
1605,55.288,500.846,611.386
1606,55.274,500.905,611.396
1607,55.260,500.963,611.404
1608,55.247,501.021,611.415
1609,55.233,501.080,611.423
1610,55.220,501.138,611.433
1611,55.206,501.196,611.441
1612,55.192,501.254,611.452
1613,55.179,501.313,611.460
1614,55.165,501.371,611.470
1615,55.151,501.429,611.478
1616,55.138,501.487,611.489
1617,55.124,501.545,611.497
1618,55.110,501.604,611.507
1619,55.097,501.662,611.515
1620,55.083,501.720,611.525
1621,55.069,501.778,611.533
1622,55.056,501.836,611.544
1623,55.042,501.894,611.552
1624,55.028,501.952,611.562
1625,55.015,502.010,611.570
1626,55.001,502.068,611.580
1627,54.987,502.127,611.588
1628,54.974,502.185,611.599
1629,54.960,502.243,611.607
1630,54.946,502.301,611.617
1631,54.933,502.359,611.625
1632,54.919,502.417,611.635
1633,54.905,502.475,611.643
1634,54.891,502.533,611.653
1635,54.878,502.591,611.661
1636,54.864,502.649,611.672
1637,54.850,502.707,611.680
1638,54.837,502.765,611.690
1639,54.823,502.823,611.698
1640,54.809,502.881,611.708
1641,54.795,502.939,611.716
1642,54.782,502.997,611.726
1643,54.768,503.055,611.734
1644,54.754,503.113,611.744
1645,54.740,503.171,611.752
1646,54.727,503.229,611.762
1647,54.713,503.286,611.770
1648,54.699,503.344,611.780
1649,54.685,503.402,611.788
1650,54.672,503.460,611.798
1651,54.658,503.518,611.806
1652,54.644,503.576,611.816
1653,54.630,503.634,611.824
1654,54.616,503.692,611.834
1655,54.603,503.750,611.842
1656,54.589,503.808,611.852
1657,54.575,503.866,611.860
1658,54.561,503.923,611.870
1659,54.547,503.981,611.878
1660,54.534,504.039,611.888
1661,54.520,504.097,611.896
1662,54.506,504.155,611.906
1663,54.492,504.213,611.914
1664,54.478,504.271,611.924
1665,54.465,504.329,611.931
1666,54.451,504.387,611.942
1667,54.437,504.444,611.949
1668,54.423,504.502,611.959
1669,54.409,504.560,611.967
1670,54.395,504.618,611.977
1671,54.382,504.676,611.985
1672,54.368,504.734,611.995
1673,54.354,504.792,612.003
1674,54.340,504.849,612.013
1675,54.326,504.907,612.020
1676,54.312,504.965,612.030
1677,54.299,505.023,612.038
1678,54.285,505.081,612.048
1679,54.271,505.139,612.056
1680,54.257,505.197,612.066
1681,54.243,505.255,612.073
1682,54.229,505.312,612.084
1683,54.215,505.370,612.091
1684,54.201,505.428,612.101
1685,54.188,505.486,612.109
1686,54.174,505.544,612.119
1687,54.160,505.602,612.126
1688,54.146,505.660,612.137
1689,54.132,505.718,612.144
1690,54.118,505.775,612.154
1691,54.104,505.833,612.162
1692,54.090,505.891,612.172
1693,54.076,505.949,612.179
1694,54.062,506.007,612.189
1695,54.049,506.065,612.197
1696,54.035,506.123,612.207
1697,54.021,506.181,612.214
1698,54.007,506.239,612.224
1699,53.993,506.297,612.232
1700,53.979,506.355,612.242
1701,53.965,506.413,612.249
1702,53.951,506.470,612.259
1703,53.937,506.528,612.267
1704,53.923,506.586,612.277
1705,53.909,506.644,612.284
1706,53.895,506.702,612.294
1707,53.881,506.760,612.302
1708,53.867,506.818,612.312
1709,53.853,506.876,612.319
1710,53.839,506.934,612.329
1711,53.825,506.992,612.336
1712,53.811,507.050,612.347
1713,53.797,507.108,612.354
1714,53.783,507.166,612.364
1715,53.770,507.224,612.371
1716,53.756,507.282,612.381
1717,53.742,507.340,612.389
1718,53.728,507.398,612.399
1719,53.714,507.456,612.406
1720,53.700,507.514,612.416
1721,53.686,507.572,612.423
1722,53.672,507.630,612.433
1723,53.658,507.688,612.441
1724,53.644,507.747,612.451
1725,53.630,507.805,612.458
1726,53.616,507.863,612.468
1727,53.601,507.921,612.475
1728,53.587,507.979,612.485
1729,53.573,508.037,612.492
1730,53.559,508.095,612.502
1731,53.545,508.153,612.510
1732,53.531,508.212,612.520
1733,53.517,508.270,612.527
1734,53.503,508.328,612.537
1735,53.489,508.386,612.544
1736,53.475,508.444,612.554
1737,53.461,508.502,612.561
1738,53.447,508.561,612.571
1739,53.433,508.619,612.579
1740,53.419,508.677,612.589
1741,53.405,508.735,612.596
1742,53.391,508.794,612.606
1743,53.377,508.852,612.613
1744,53.363,508.910,612.623
1745,53.349,508.968,612.630
1746,53.335,509.027,612.640
1747,53.320,509.085,612.647
1748,53.306,509.143,612.657
1749,53.292,509.202,612.664
1750,53.278,509.260,612.674
1751,53.264,509.318,612.681
1752,53.250,509.377,612.691
1753,53.236,509.435,612.699
1754,53.222,509.494,612.709
1755,53.208,509.552,612.716
1756,53.194,509.610,612.726
1757,53.179,509.669,612.733
1758,53.165,509.727,612.743
1759,53.151,509.786,612.750
1760,53.137,509.844,612.760
1761,53.123,509.903,612.767
1762,53.109,509.961,612.777
1763,53.095,510.020,612.784
1764,53.081,510.078,612.794
1765,53.066,510.137,612.801
1766,53.052,510.195,612.811
1767,53.038,510.254,612.818
1768,53.024,510.313,612.828
1769,53.010,510.371,612.835
1770,52.996,510.430,612.845
1771,52.982,510.488,612.852
1772,52.967,510.547,612.862
1773,52.953,510.606,612.869
1774,52.939,510.664,612.879
1775,52.925,510.723,612.886
1776,52.911,510.782,612.896
1777,52.897,510.841,612.903
1778,52.882,510.899,612.913
1779,52.868,510.958,612.920
1780,52.854,511.017,612.930
1781,52.840,511.076,612.937
1782,52.826,511.134,612.947
1783,52.812,511.193,612.954
1784,52.797,511.252,612.964
1785,52.783,511.311,612.971
1786,52.769,511.370,612.981
1787,52.755,511.429,612.988
1788,52.741,511.488,612.998
1789,52.726,511.547,613.004
1790,52.712,511.606,613.014
1791,52.698,511.664,613.021
1792,52.684,511.723,613.031
1793,52.669,511.782,613.038
1794,52.655,511.841,613.048
1795,52.641,511.900,613.055
1796,52.627,511.959,613.065
1797,52.613,512.019,613.072
1798,52.598,512.078,613.082
1799,52.584,512.137,613.089
1800,52.570,512.196,613.099
1801,52.556,512.255,613.106
1802,52.541,512.314,613.116
1803,52.527,512.373,613.123
1804,52.513,512.432,613.133
1805,52.499,512.492,613.139
1806,52.484,512.551,613.149
1807,52.470,512.610,613.156
1808,52.456,512.669,613.166
1809,52.441,512.729,613.173
1810,52.427,512.788,613.183
1811,52.413,512.847,613.190
1812,52.399,512.906,613.200
1813,52.384,512.966,613.207
1814,52.370,513.025,613.217
1815,52.356,513.085,613.224
1816,52.341,513.144,613.234
1817,52.327,513.203,613.240
1818,52.313,513.263,613.250
1819,52.299,513.322,613.257
1820,52.284,513.382,613.267
1821,52.270,513.441,613.274
1822,52.256,513.501,613.284
1823,52.241,513.560,613.291
1824,52.227,513.620,613.301
1825,52.213,513.680,613.307
1826,52.198,513.739,613.317
1827,52.184,513.799,613.324
1828,52.170,513.858,613.334
1829,52.155,513.918,613.341
1830,52.141,513.978,613.351
1831,52.127,514.038,613.358
1832,52.112,514.097,613.368
1833,52.098,514.157,613.374
1834,52.084,514.217,613.384
1835,52.069,514.277,613.391
1836,52.055,514.336,613.401
1837,52.041,514.396,613.408
1838,52.026,514.456,613.418
1839,52.012,514.516,613.425
1840,51.998,514.576,613.435
1841,51.983,514.636,613.441
1842,51.969,514.696,613.451
1843,51.954,514.756,613.458
1844,51.940,514.816,613.468
1845,51.926,514.876,613.475
1846,51.911,514.936,613.485
1847,51.897,514.996,613.492
1848,51.883,515.056,613.502
1849,51.868,515.116,613.508
1850,51.854,515.177,613.518
1851,51.839,515.237,613.525
1852,51.825,515.297,613.535
1853,51.811,515.357,613.542
1854,51.796,515.418,613.552
1855,51.782,515.478,613.559
1856,51.767,515.538,613.569
1857,51.753,515.599,613.575
1858,51.738,515.659,613.585
1859,51.724,515.719,613.592
1860,51.710,515.780,613.602
1861,51.695,515.840,613.609
1862,51.681,515.901,613.619
1863,51.666,515.961,613.625
1864,51.652,516.022,613.635
1865,51.637,516.082,613.642
1866,51.623,516.143,613.652
1867,51.609,516.203,613.659
1868,51.594,516.264,613.669
1869,51.580,516.324,613.675
1870,51.565,516.385,613.685
1871,51.551,516.446,613.692
1872,51.536,516.507,613.702
1873,51.522,516.567,613.709
1874,51.507,516.628,613.719
1875,51.493,516.689,613.725
1876,51.478,516.750,613.735
1877,51.464,516.810,613.742
1878,51.449,516.871,613.752
1879,51.435,516.932,613.759
1880,51.420,516.993,613.769
1881,51.406,517.054,613.776
1882,51.391,517.115,613.786
1883,51.377,517.176,613.792
1884,51.362,517.237,613.802
1885,51.348,517.298,613.809
1886,51.333,517.359,613.819
1887,51.319,517.420,613.826
1888,51.304,517.481,613.836
1889,51.290,517.543,613.842
1890,51.275,517.604,613.852
1891,51.261,517.665,613.859
1892,51.246,517.726,613.869
1893,51.232,517.787,613.876
1894,51.217,517.848,613.886
1895,51.203,517.910,613.892
1896,51.188,517.972,613.903
1897,51.174,518.033,613.909
1898,51.159,518.094,613.920
1899,51.145,518.155,613.925
1900,51.130,518.216,613.936
1901,51.115,518.279,613.942
1902,51.101,518.340,613.953
1903,51.086,518.402,613.959
1904,51.072,518.463,613.970
1905,51.057,518.525,613.975
1906,51.043,518.586,613.986
1907,51.028,518.648,613.992
1908,51.014,518.709,614.003
1909,50.999,518.771,614.008
1910,50.984,518.833,614.019
1911,50.970,518.894,614.025
1912,50.955,518.956,614.037
1913,50.941,519.018,614.042
1914,50.926,519.080,614.053
1915,50.911,519.142,614.058
1916,50.897,519.203,614.070
1917,50.882,519.266,614.076
1918,50.868,519.328,614.087
1919,50.853,519.390,614.092
1920,50.838,519.451,614.103
1921,50.824,519.514,614.109
1922,50.809,519.576,614.121
1923,50.795,519.637,614.125
1924,50.780,519.700,614.137
1925,50.765,519.761,614.142
1926,50.751,519.824,614.154
1927,50.736,519.887,614.158
1928,50.721,519.949,614.170
1929,50.707,520.011,614.175
1930,50.692,520.073,614.187
1931,50.677,520.136,614.192
1932,50.663,520.197,614.203
1933,50.648,520.260,614.209
1934,50.633,520.323,614.220
1935,50.619,520.385,614.225
1936,50.604,520.448,614.237
1937,50.589,520.511,614.243
1938,50.575,520.572,614.254
1939,50.560,520.635,614.259
1940,50.545,520.698,614.270
1941,50.531,520.760,614.276
1942,50.516,520.823,614.287
1943,50.501,520.886,614.293
1944,50.487,520.949,614.303
1945,50.472,521.011,614.310
1946,50.457,521.074,614.320
1947,50.443,521.137,614.326
1948,50.428,521.200,614.337
1949,50.413,521.263,614.344
1950,50.398,521.326,614.353
1951,50.384,521.388,614.360
1952,50.369,521.451,614.370
1953,50.354,521.514,614.377
1954,50.340,521.577,614.386
1955,50.325,521.640,614.394
1956,50.310,521.703,614.403
1957,50.295,521.766,614.411
1958,50.281,521.830,614.419
1959,50.266,521.893,614.428
1960,50.251,521.956,614.437
1961,50.236,522.019,614.445
1962,50.222,522.082,614.453
1963,50.207,522.145,614.462
1964,50.192,522.209,614.470
1965,50.177,522.272,614.479
1966,50.163,522.335,614.486
1967,50.148,522.399,614.496
1968,50.133,522.463,614.503
1969,50.118,522.526,614.512
1970,50.103,522.590,614.520
1971,50.089,522.653,614.529
1972,50.074,522.717,614.536
1973,50.059,522.781,614.546
1974,50.044,522.844,614.553
1975,50.030,522.907,614.563
1976,50.015,522.972,614.569
1977,50.000,523.035,614.581
1978,49.985,523.099,614.586
1979,49.970,523.163,614.597
1980,49.956,523.227,614.603
1981,49.941,523.290,614.615
1982,49.926,523.354,614.620
1983,49.911,523.418,614.631
1984,49.896,523.482,614.636
1985,49.881,523.546,614.647
1986,49.867,523.610,614.653
1987,49.852,523.675,614.665
1988,49.837,523.738,614.671
1989,49.822,523.803,614.681
1990,49.807,523.866,614.687
1991,49.792,523.931,614.698
1992,49.778,523.995,614.705
1993,49.763,524.059,614.714
1994,49.748,524.124,614.722
1995,49.733,524.188,614.732
1996,49.718,524.252,614.739
1997,49.703,524.316,614.748
1998,49.688,524.381,614.756
1999,49.673,524.446,614.764
2000,49.659,524.510,614.773
2001,49.644,524.574,614.781
2002,49.629,524.639,614.790
2003,49.614,524.704,614.798
2004,49.599,524.768,614.807
2005,49.584,524.832,614.815
2006,49.569,524.897,614.824
2007,49.554,524.962,614.831
2008,49.539,525.027,614.841
2009,49.524,525.092,614.849
2010,49.510,525.156,614.858
2011,49.495,525.221,614.865
2012,49.480,525.286,614.876
2013,49.465,525.351,614.882
2014,49.450,525.416,614.893
2015,49.435,525.481,614.899
2016,49.420,525.546,614.909
2017,49.405,525.611,614.915
2018,49.390,525.676,614.927
2019,49.375,525.741,614.932
2020,49.360,525.807,614.943
2021,49.345,525.872,614.949
2022,49.330,525.937,614.961
2023,49.315,526.002,614.967
2024,49.300,526.067,614.977
2025,49.285,526.132,614.984
2026,49.270,526.197,614.994
2027,49.255,526.263,615.001
2028,49.241,526.328,615.011
2029,49.226,526.394,615.019
2030,49.210,526.460,615.028
2031,49.196,526.525,615.036
2032,49.181,526.591,615.044
2033,49.166,526.656,615.053
2034,49.151,526.721,615.062
2035,49.136,526.787,615.070
2036,49.121,526.853,615.078
2037,49.106,526.919,615.088
2038,49.091,526.985,615.095
2039,49.075,527.050,615.105
2040,49.060,527.116,615.112
2041,49.045,527.182,615.122
2042,49.030,527.248,615.129
2043,49.015,527.314,615.140
2044,49.000,527.379,615.146
2045,48.985,527.446,615.156
2046,48.970,527.511,615.163
2047,48.955,527.577,615.174
2048,48.940,527.644,615.180
2049,48.925,527.709,615.191
2050,48.910,527.776,615.197
2051,48.895,527.842,615.208
2052,48.880,527.908,615.215
2053,48.865,527.974,615.225
2054,48.850,528.041,615.232
2055,48.835,528.107,615.242
2056,48.820,528.173,615.249
2057,48.805,528.240,615.259
2058,48.789,528.307,615.267
2059,48.774,528.373,615.275
2060,48.759,528.439,615.284
2061,48.744,528.505,615.293
2062,48.729,528.572,615.302
2063,48.714,528.638,615.309
2064,48.699,528.705,615.319
2065,48.684,528.772,615.327
2066,48.669,528.838,615.336
2067,48.653,528.906,615.344
2068,48.638,528.973,615.354
2069,48.623,529.039,615.360
2070,48.608,529.106,615.371
2071,48.593,529.173,615.378
2072,48.578,529.239,615.389
2073,48.563,529.306,615.395
2074,48.547,529.374,615.407
2075,48.532,529.440,615.413
2076,48.517,529.507,615.423
2077,48.502,529.575,615.430
2078,48.487,529.642,615.440
2079,48.472,529.709,615.448
2080,48.456,529.776,615.457
2081,48.441,529.843,615.465
2082,48.426,529.910,615.474
2083,48.411,529.978,615.483
2084,48.396,530.045,615.492
2085,48.381,530.112,615.500
2086,48.365,530.180,615.509
2087,48.350,530.247,615.518
2088,48.335,530.315,615.526
2089,48.320,530.382,615.535
2090,48.304,530.450,615.543
2091,48.289,530.518,615.553
2092,48.274,530.584,615.560
2093,48.259,530.653,615.571
2094,48.244,530.720,615.577
2095,48.228,530.788,615.588
2096,48.213,530.855,615.595
2097,48.198,530.923,615.606
2098,48.183,530.991,615.613
2099,48.167,531.058,615.623
2100,48.152,531.127,615.630
2101,48.137,531.195,615.640
2102,48.122,531.263,615.648
2103,48.106,531.331,615.657
2104,48.091,531.398,615.666
2105,48.076,531.466,615.675
2106,48.061,531.534,615.684
2107,48.045,531.602,615.692
2108,48.030,531.670,615.701
2109,48.015,531.738,615.709
2110,47.999,531.807,615.719
2111,47.984,531.876,615.727
2112,47.969,531.944,615.737
2113,47.953,532.012,615.743
2114,47.938,532.081,615.754
2115,47.923,532.148,615.761
2116,47.908,532.217,615.772
2117,47.892,532.285,615.779
2118,47.877,532.354,615.790
2119,47.862,532.422,615.797
2120,47.846,532.491,615.807
2121,47.831,532.560,615.814
2122,47.816,532.628,615.824
2123,47.800,532.697,615.832
2124,47.785,532.766,615.842
2125,47.769,532.834,615.850
2126,47.754,532.903,615.859
2127,47.739,532.972,615.869
2128,47.723,533.040,615.877
2129,47.708,533.109,615.887
2130,47.693,533.178,615.894
2131,47.677,533.247,615.905
2132,47.662,533.316,615.911
2133,47.646,533.385,615.922
2134,47.631,533.454,615.929
2135,47.616,533.524,615.940
2136,47.600,533.592,615.947
2137,47.585,533.662,615.958
2138,47.569,533.731,615.965
2139,47.554,533.800,615.975
2140,47.539,533.869,615.983
2141,47.523,533.939,615.993
2142,47.508,534.008,616.001
2143,47.492,534.077,616.011
2144,47.477,534.146,616.019
2145,47.461,534.215,616.028
2146,47.446,534.285,616.037
2147,47.431,534.354,616.045
2148,47.415,534.424,616.055
2149,47.400,534.494,616.063
2150,47.384,534.563,616.073
2151,47.369,534.633,616.080
2152,47.353,534.702,616.091
2153,47.338,534.772,616.098
2154,47.322,534.842,616.109
2155,47.307,534.912,616.116
2156,47.291,534.981,616.127
2157,47.276,535.051,616.134
2158,47.260,535.121,616.145
2159,47.245,535.191,616.152
2160,47.229,535.261,616.162
2161,47.214,535.330,616.171
2162,47.198,535.401,616.180
2163,47.183,535.471,616.189
2164,47.167,535.541,616.198
2165,47.152,535.611,616.207
2166,47.136,535.681,616.215
2167,47.121,535.751,616.225
2168,47.105,535.821,616.233
2169,47.090,535.891,616.243
2170,47.074,535.962,616.251
2171,47.058,536.032,616.263
2172,47.043,536.103,616.269
2173,47.027,536.172,616.281
2174,47.012,536.243,616.288
2175,46.996,536.313,616.298
2176,46.981,536.384,616.306
2177,46.965,536.454,616.316
2178,46.949,536.525,616.324
2179,46.934,536.595,616.334
2180,46.918,536.665,616.342
2181,46.903,536.736,616.351
2182,46.887,536.807,616.361
2183,46.871,536.877,616.369
2184,46.856,536.948,616.379
2185,46.840,537.019,616.388
2186,46.824,537.090,616.398
2187,46.809,537.161,616.405
2188,46.793,537.231,616.417
2189,46.777,537.302,616.423
2190,46.762,537.373,616.435
2191,46.746,537.444,616.442
2192,46.730,537.515,616.452
2193,46.715,537.586,616.460
2194,46.699,537.657,616.470
2195,46.683,537.728,616.479
2196,46.668,537.799,616.489
2197,46.652,537.870,616.498
2198,46.636,537.941,616.506
2199,46.621,538.013,616.516
2200,46.605,538.084,616.524
2201,46.589,538.156,616.534
2202,46.574,538.227,616.543
2203,46.558,538.298,616.554
2204,46.542,538.370,616.561
2205,46.526,538.441,616.572
2206,46.511,538.512,616.579
2207,46.495,538.584,616.590
2208,46.479,538.655,616.598
2209,46.464,538.726,616.608
2210,46.448,538.798,616.616
2211,46.432,538.870,616.626
2212,46.416,538.942,616.635
2213,46.401,539.013,616.644
2214,46.385,539.085,616.654
2215,46.369,539.156,616.663
2216,46.353,539.228,616.672
2217,46.337,539.300,616.681
2218,46.322,539.372,616.692
2219,46.306,539.443,616.699
2220,46.290,539.516,616.710
2221,46.274,539.587,616.717
2222,46.258,539.659,616.728
2223,46.243,539.732,616.736
2224,46.227,539.803,616.747
2225,46.211,539.875,616.755
2226,46.195,539.947,616.765
2227,46.179,540.019,616.774
2228,46.164,540.091,616.784
2229,46.148,540.163,616.793
2230,46.132,540.236,616.802
2231,46.116,540.308,616.812
2232,46.100,540.381,616.820
2233,46.084,540.452,616.830
2234,46.068,540.524,616.839
2235,46.053,540.597,616.850
2236,46.037,540.669,616.858
2237,46.021,540.741,616.868
2238,46.005,540.814,616.876
2239,45.989,540.886,616.887
2240,45.973,540.958,616.895
2241,45.957,541.031,616.906
2242,45.941,541.104,616.914
2243,45.925,541.177,616.924
2244,45.909,541.250,616.933
2245,45.894,541.322,616.943
2246,45.878,541.394,616.953
2247,45.862,541.467,616.961
2248,45.846,541.540,616.971
2249,45.830,541.613,616.980
2250,45.814,541.685,616.991
2251,45.798,541.758,616.999
2252,45.782,541.832,617.010
2253,45.766,541.904,617.017
2254,45.750,541.977,617.028
2255,45.734,542.050,617.036
2256,45.718,542.123,617.047
2257,45.702,542.195,617.056
2258,45.686,542.268,617.066
2259,45.670,542.342,617.075
2260,45.654,542.415,617.084
2261,45.638,542.488,617.094
2262,45.622,542.561,617.103
2263,45.606,542.634,617.113
2264,45.590,542.707,617.122
2265,45.574,542.781,617.133
2266,45.558,542.853,617.141
2267,45.542,542.927,617.152
2268,45.526,543.001,617.160
2269,45.510,543.073,617.171
2270,45.494,543.147,617.179
2271,45.478,543.221,617.189
2272,45.462,543.293,617.198
2273,45.446,543.367,617.208
2274,45.429,543.441,617.217
2275,45.413,543.514,617.227
2276,45.397,543.587,617.237
2277,45.381,543.661,617.246
2278,45.365,543.735,617.256
2279,45.349,543.808,617.265
2280,45.333,543.881,617.276
2281,45.317,543.956,617.284
2282,45.301,544.029,617.295
2283,45.284,544.103,617.303
2284,45.268,544.177,617.314
2285,45.252,544.251,617.323
2286,45.236,544.324,617.333
2287,45.220,544.398,617.342
2288,45.204,544.472,617.352
2289,45.188,544.546,617.362
2290,45.171,544.620,617.371
2291,45.155,544.693,617.381
2292,45.139,544.767,617.390
2293,45.123,544.841,617.401
2294,45.107,544.915,617.409
2295,45.090,544.990,617.421
2296,45.074,545.063,617.429
2297,45.058,545.138,617.440
2298,45.042,545.211,617.449
2299,45.026,545.286,617.460
2300,45.009,545.360,617.468
2301,44.993,545.434,617.479
2302,44.977,545.508,617.488
2303,44.961,545.582,617.498
2304,44.944,545.657,617.508
2305,44.928,545.731,617.517
2306,44.912,545.805,617.527
2307,44.896,545.880,617.536
2308,44.879,545.953,617.548
2309,44.863,546.028,617.556
2310,44.847,546.102,617.567
2311,44.831,546.177,617.575
2312,44.814,546.251,617.586
2313,44.798,546.326,617.595
2314,44.782,546.401,617.605
2315,44.765,546.475,617.615
2316,44.749,546.550,617.625
2317,44.733,546.624,617.635
2318,44.716,546.699,617.644
2319,44.700,546.773,617.654
2320,44.684,546.848,617.664
2321,44.667,546.922,617.675
2322,44.651,546.997,617.683
2323,44.635,547.072,617.695
2324,44.618,547.146,617.703
2325,44.602,547.221,617.714
2326,44.586,547.296,617.723
2327,44.569,547.370,617.734
2328,44.553,547.446,617.743
2329,44.536,547.521,617.753
2330,44.520,547.596,617.763
2331,44.504,547.670,617.773
2332,44.487,547.745,617.783
2333,44.471,547.820,617.793
2334,44.454,547.895,617.803
2335,44.438,547.970,617.813
2336,44.421,548.045,617.823
2337,44.405,548.120,617.832
2338,44.389,548.195,617.843
2339,44.372,548.270,617.852
2340,44.356,548.345,617.863
2341,44.339,548.420,617.872
2342,44.323,548.495,617.883
2343,44.306,548.570,617.893
2344,44.290,548.645,617.903
2345,44.273,548.721,617.913
2346,44.257,548.796,617.922
2347,44.240,548.871,617.933
2348,44.224,548.946,617.942
2349,44.207,549.021,617.954
2350,44.191,549.096,617.963
2351,44.174,549.172,617.973
2352,44.158,549.247,617.982
2353,44.141,549.322,617.993
2354,44.125,549.397,618.003
2355,44.108,549.473,618.014
2356,44.091,549.549,618.023
2357,44.075,549.624,618.034
2358,44.058,549.699,618.043
2359,44.042,549.775,618.053
2360,44.025,549.850,618.064
2361,44.009,549.925,618.073
2362,43.992,550.001,618.084
2363,43.975,550.077,618.093
2364,43.959,550.152,618.105
2365,43.942,550.227,618.114
2366,43.926,550.303,618.125
2367,43.909,550.379,618.134
2368,43.892,550.454,618.145
2369,43.876,550.530,618.155
2370,43.859,550.606,618.166
2371,43.842,550.682,618.176
2372,43.826,550.757,618.186
2373,43.809,550.832,618.197
2374,43.792,550.908,618.206
2375,43.776,550.984,618.216
2376,43.759,551.059,618.226
2377,43.742,551.135,618.238
2378,43.726,551.211,618.247
2379,43.709,551.287,618.258
2380,43.692,551.363,618.267
2381,43.675,551.438,618.278
2382,43.659,551.514,618.288
2383,43.642,551.590,618.299
2384,43.625,551.665,618.309
2385,43.609,551.742,618.319
2386,43.592,551.818,618.330
2387,43.575,551.893,618.339
2388,43.558,551.970,618.350
2389,43.542,552.045,618.359
2390,43.525,552.120,618.371
2391,43.508,552.197,618.381
2392,43.491,552.273,618.391
2393,43.474,552.349,618.401
2394,43.458,552.424,618.412
2395,43.441,552.501,618.422
2396,43.424,552.577,618.433
2397,43.407,552.653,618.443
2398,43.390,552.729,618.454
2399,43.374,552.805,618.464
2400,43.357,552.881,618.474
2401,43.340,552.957,618.485
2402,43.323,553.033,618.494
2403,43.306,553.110,618.506
2404,43.289,553.185,618.516
2405,43.272,553.261,618.526
2406,43.256,553.337,618.537
2407,43.239,553.414,618.548
2408,43.222,553.489,618.557
2409,43.205,553.566,618.568
2410,43.188,553.642,618.579
2411,43.171,553.718,618.589
2412,43.154,553.794,618.600
2413,43.137,553.870,618.610
2414,43.120,553.947,618.622
2415,43.103,554.022,618.631
2416,43.086,554.099,618.642
2417,43.069,554.176,618.652
2418,43.053,554.251,618.663
2419,43.036,554.327,618.673
2420,43.019,554.403,618.684
2421,43.002,554.480,618.695
2422,42.985,554.556,618.706
2423,42.968,554.632,618.716
2424,42.951,554.709,618.726
2425,42.934,554.785,618.737
2426,42.917,554.861,618.747
2427,42.900,554.938,618.759
2428,42.883,555.013,618.768
2429,42.866,555.090,618.779
2430,42.849,555.167,618.790
2431,42.832,555.242,618.801
2432,42.814,555.319,618.811
2433,42.798,555.395,618.822
2434,42.780,555.471,618.833
2435,42.763,555.548,618.843
2436,42.746,555.624,618.854
2437,42.729,555.701,618.864
2438,42.712,555.777,618.876
2439,42.695,555.853,618.886
2440,42.678,555.929,618.897
2441,42.661,556.007,618.907
2442,42.644,556.082,618.919
2443,42.627,556.159,618.929
2444,42.610,556.235,618.940
2445,42.592,556.312,618.951
2446,42.575,556.388,618.962
2447,42.558,556.464,618.972
2448,42.541,556.541,618.983
2449,42.524,556.617,618.994
2450,42.507,556.694,619.005
2451,42.489,556.770,619.016
2452,42.472,556.846,619.026
2453,42.455,556.923,619.038
2454,42.438,556.999,619.048
2455,42.421,557.076,619.059
2456,42.404,557.152,619.070
2457,42.386,557.228,619.081
2458,42.369,557.305,619.091
2459,42.352,557.381,619.102
2460,42.335,557.457,619.113
2461,42.317,557.534,619.124
2462,42.300,557.610,619.135
2463,42.283,557.686,619.145
2464,42.266,557.763,619.157
2465,42.249,557.839,619.168
2466,42.231,557.916,619.178
2467,42.214,557.991,619.189
2468,42.197,558.069,619.201
2469,42.179,558.145,619.211
2470,42.162,558.221,619.222
2471,42.145,558.298,619.233
2472,42.127,558.374,619.244
2473,42.110,558.451,619.256
2474,42.093,558.527,619.266
2475,42.076,558.603,619.278
2476,42.058,558.679,619.288
2477,42.041,558.756,619.299
2478,42.024,558.833,619.310
2479,42.006,558.909,619.322
2480,41.989,558.985,619.332
2481,41.971,559.061,619.344
2482,41.954,559.138,619.355
2483,41.937,559.214,619.366
2484,41.919,559.290,619.377
2485,41.902,559.366,619.388
2486,41.884,559.443,619.400
2487,41.867,559.519,619.410
2488,41.850,559.595,619.421
2489,41.832,559.672,619.432
2490,41.815,559.748,619.444
2491,41.797,559.825,619.454
2492,41.780,559.900,619.466
2493,41.763,559.977,619.477
2494,41.745,560.053,619.488
2495,41.728,560.129,619.500
2496,41.710,560.206,619.511
2497,41.693,560.282,619.522
2498,41.675,560.358,619.533
2499,41.658,560.434,619.544
2500,41.640,560.511,619.555
2501,41.623,560.587,619.567
2502,41.605,560.664,619.577
2503,41.588,560.739,619.590
2504,41.570,560.815,619.600
2505,41.553,560.892,619.612
2506,41.535,560.968,619.623
2507,41.518,561.044,619.634
2508,41.500,561.120,619.646
2509,41.483,561.196,619.657
2510,41.465,561.272,619.668
2511,41.447,561.348,619.680
2512,41.430,561.425,619.691
2513,41.412,561.501,619.702
2514,41.395,561.577,619.714
2515,41.377,561.653,619.725
2516,41.360,561.728,619.737
2517,41.342,561.805,619.748
2518,41.324,561.881,619.759
2519,41.307,561.957,619.771
2520,41.289,562.033,619.782
2521,41.271,562.109,619.794
2522,41.254,562.184,619.805
2523,41.236,562.260,619.816
2524,41.219,562.336,619.827
2525,41.201,562.412,619.839
2526,41.183,562.488,619.850
2527,41.166,562.564,619.862
2528,41.148,562.640,619.873
2529,41.130,562.716,619.885
2530,41.113,562.792,619.896
2531,41.095,562.867,619.908
2532,41.077,562.944,619.920
2533,41.059,563.020,619.931
2534,41.042,563.095,619.943
2535,41.024,563.171,619.954
2536,41.006,563.246,619.965
2537,40.989,563.322,619.976
2538,40.971,563.398,619.989
2539,40.953,563.474,620.000
2540,40.935,563.549,620.012
2541,40.918,563.625,620.023
2542,40.900,563.701,620.035
2543,40.882,563.776,620.047
2544,40.864,563.852,620.058
2545,40.847,563.927,620.070
2546,40.829,564.003,620.082
2547,40.811,564.079,620.094
2548,40.793,564.155,620.105
2549,40.775,564.230,620.117
2550,40.758,564.305,620.128
2551,40.740,564.380,620.140
2552,40.722,564.456,620.151
2553,40.704,564.531,620.163
2554,40.686,564.607,620.175
2555,40.669,564.682,620.187
2556,40.651,564.757,620.199
2557,40.633,564.832,620.210
2558,40.615,564.908,620.222
2559,40.597,564.983,620.234
2560,40.579,565.058,620.246
2561,40.561,565.134,620.257
2562,40.543,565.209,620.270
2563,40.526,565.284,620.281
2564,40.508,565.359,620.293
2565,40.490,565.435,620.305
2566,40.472,565.510,620.317
2567,40.454,565.585,620.328
2568,40.436,565.659,620.340
2569,40.418,565.734,620.352
2570,40.400,565.809,620.364
2571,40.382,565.884,620.376
2572,40.364,565.959,620.387
2573,40.346,566.034,620.400
2574,40.329,566.109,620.411
2575,40.311,566.184,620.424
2576,40.293,566.259,620.435
2577,40.275,566.334,620.448
2578,40.257,566.409,620.459
2579,40.239,566.484,620.471
2580,40.221,566.558,620.483
2581,40.203,566.633,620.495
2582,40.185,566.708,620.508
2583,40.167,566.782,620.520
2584,40.149,566.856,620.532
2585,40.131,566.931,620.543
2586,40.113,567.006,620.555
2587,40.095,567.080,620.567
2588,40.077,567.155,620.579
2589,40.059,567.229,620.592
2590,40.041,567.304,620.604
2591,40.022,567.378,620.616
2592,40.004,567.452,620.628
2593,39.986,567.527,620.640
2594,39.968,567.601,620.652
2595,39.950,567.675,620.664
2596,39.932,567.750,620.676
2597,39.914,567.824,620.689
2598,39.896,567.898,620.700
2599,39.878,567.972,620.713
2600,39.860,568.046,620.725
2601,39.842,568.121,620.737
2602,39.824,568.194,620.749
2603,39.805,568.268,620.762
2604,39.787,568.342,620.774
2605,39.769,568.416,620.786
2606,39.751,568.490,620.798
2607,39.733,568.564,620.811
2608,39.715,568.638,620.822
2609,39.697,568.712,620.835
2610,39.678,568.785,620.847
2611,39.660,568.859,620.859
2612,39.642,568.933,620.871
2613,39.624,569.007,620.884
2614,39.606,569.080,620.896
2615,39.588,569.153,620.909
2616,39.569,569.227,620.921
2617,39.551,569.300,620.933
2618,39.533,569.374,620.945
2619,39.515,569.447,620.958
2620,39.497,569.521,620.970
2621,39.479,569.594,620.983
2622,39.460,569.667,620.995
2623,39.442,569.740,621.008
2624,39.424,569.813,621.020
2625,39.406,569.887,621.032
2626,39.387,569.961,621.044
2627,39.369,570.033,621.057
2628,39.351,570.106,621.070
2629,39.333,570.179,621.082
2630,39.314,570.252,621.095
2631,39.296,570.326,621.107
2632,39.278,570.397,621.120
2633,39.260,570.470,621.132
2634,39.241,570.543,621.144
2635,39.223,570.616,621.157
2636,39.205,570.689,621.169
2637,39.186,570.762,621.182
2638,39.168,570.835,621.194
2639,39.150,570.907,621.207
2640,39.131,570.980,621.219
2641,39.113,571.053,621.232
2642,39.095,571.124,621.244
2643,39.077,571.197,621.257
2644,39.058,571.269,621.269
2645,39.040,571.342,621.282
2646,39.022,571.414,621.295
2647,39.003,571.486,621.308
2648,38.985,571.559,621.321
2649,38.967,571.631,621.333
2650,38.948,571.703,621.346
2651,38.930,571.775,621.358
2652,38.912,571.847,621.371
2653,38.893,571.918,621.383
2654,38.875,571.990,621.396
2655,38.856,572.062,621.409
2656,38.838,572.134,621.422
2657,38.820,572.206,621.434
2658,38.801,572.278,621.447
2659,38.783,572.349,621.460
2660,38.764,572.421,621.472
2661,38.746,572.493,621.485
2662,38.728,572.564,621.498
2663,38.709,572.636,621.511
2664,38.691,572.707,621.524
2665,38.672,572.779,621.537
2666,38.654,572.850,621.549
2667,38.635,572.922,621.562
2668,38.617,572.993,621.575
2669,38.599,573.064,621.588
2670,38.580,573.135,621.600
2671,38.562,573.206,621.613
2672,38.543,573.277,621.626
2673,38.525,573.348,621.639
2674,38.506,573.419,621.652
2675,38.488,573.490,621.664
2676,38.470,573.561,621.677
2677,38.451,573.632,621.690
2678,38.432,573.703,621.704
2679,38.414,573.773,621.717
2680,38.396,573.843,621.729
2681,38.377,573.914,621.742
2682,38.359,573.985,621.755
2683,38.340,574.055,621.768
2684,38.322,574.126,621.781
2685,38.303,574.196,621.794
2686,38.285,574.266,621.807
2687,38.266,574.337,621.820
2688,38.248,574.407,621.833
2689,38.229,574.478,621.846
2690,38.211,574.547,621.859
2691,38.192,574.617,621.872
2692,38.173,574.687,621.885
2693,38.155,574.757,621.898
2694,38.137,574.827,621.911
2695,38.118,574.897,621.924
2696,38.099,574.967,621.937
2697,38.081,575.036,621.950
2698,38.062,575.106,621.963
2699,38.044,575.176,621.976
2700,38.025,575.246,621.989
2701,38.007,575.315,622.003
2702,37.988,575.384,622.016
2703,37.969,575.454,622.029
2704,37.951,575.523,622.043
2705,37.932,575.592,622.056
2706,37.914,575.662,622.069
2707,37.895,575.731,622.082
2708,37.877,575.800,622.095
2709,37.858,575.868,622.108
2710,37.839,575.938,622.121
2711,37.821,576.007,622.134
2712,37.802,576.075,622.147
2713,37.784,576.144,622.161
2714,37.765,576.213,622.174
2715,37.746,576.282,622.187
2716,37.728,576.350,622.201
2717,37.709,576.419,622.214
2718,37.691,576.488,622.227
2719,37.672,576.556,622.240
2720,37.653,576.625,622.254
2721,37.635,576.693,622.267
2722,37.616,576.761,622.280
2723,37.597,576.830,622.293
2724,37.579,576.898,622.307
2725,37.560,576.966,622.320
2726,37.542,577.034,622.333
2727,37.523,577.102,622.346
2728,37.504,577.170,622.360
2729,37.486,577.238,622.374
2730,37.467,577.305,622.387
2731,37.448,577.373,622.400
2732,37.430,577.442,622.414
2733,37.411,577.508,622.427
2734,37.392,577.576,622.440
2735,37.374,577.644,622.454
2736,37.355,577.711,622.467
2737,37.336,577.779,622.480
2738,37.318,577.846,622.494
2739,37.299,577.913,622.507
2740,37.280,577.981,622.521
2741,37.262,578.047,622.535
2742,37.243,578.115,622.548
2743,37.224,578.182,622.561
2744,37.206,578.248,622.575
2745,37.187,578.315,622.588
2746,37.168,578.382,622.602
2747,37.149,578.449,622.615
2748,37.131,578.515,622.628
2749,37.112,578.582,622.642
2750,37.093,578.648,622.655
2751,37.075,578.715,622.669
2752,37.056,578.781,622.683
2753,37.037,578.848,622.696
2754,37.018,578.915,622.710
2755,37.000,578.980,622.723
2756,36.981,579.047,622.737
2757,36.962,579.113,622.750
2758,36.944,579.179,622.764
2759,36.925,579.245,622.777
2760,36.906,579.311,622.791
2761,36.887,579.377,622.805
2762,36.869,579.442,622.818
2763,36.850,579.508,622.832
2764,36.831,579.573,622.846
2765,36.813,579.640,622.859
2766,36.794,579.705,622.872
2767,36.775,579.771,622.886
2768,36.756,579.836,622.900
2769,36.738,579.901,622.913
2770,36.719,579.966,622.927
2771,36.700,580.032,622.941
2772,36.681,580.097,622.954
2773,36.663,580.162,622.969
2774,36.644,580.226,622.982
2775,36.625,580.292,622.996
2776,36.606,580.356,623.009
2777,36.587,580.422,623.023
2778,36.569,580.486,623.037
2779,36.550,580.551,623.050
2780,36.531,580.615,623.064
2781,36.512,580.679,623.078
2782,36.494,580.744,623.092
2783,36.475,580.808,623.106
2784,36.456,580.873,623.119
2785,36.437,580.937,623.133
2786,36.419,581.002,623.146
2787,36.400,581.066,623.160
2788,36.381,581.130,623.174
2789,36.362,581.194,623.188
2790,36.343,581.257,623.202
2791,36.325,581.321,623.216
2792,36.306,581.385,623.229
2793,36.287,581.449,623.243
2794,36.268,581.513,623.257
2795,36.250,581.576,623.271
2796,36.231,581.640,623.284
2797,36.212,581.703,623.298
2798,36.193,581.767,623.312
2799,36.174,581.830,623.326
2800,36.156,581.893,623.340
2801,36.137,581.956,623.354
2802,36.118,582.019,623.367
2803,36.099,582.082,623.382
2804,36.080,582.145,623.395
2805,36.062,582.209,623.409
2806,36.043,582.271,623.423
2807,36.024,582.333,623.437
2808,36.005,582.397,623.451
2809,35.986,582.459,623.465
2810,35.968,582.521,623.479
2811,35.949,582.585,623.492
2812,35.930,582.647,623.506
2813,35.911,582.709,623.521
2814,35.892,582.771,623.534
2815,35.874,582.834,623.548
2816,35.855,582.895,623.562
2817,35.836,582.957,623.576
2818,35.817,583.020,623.590
2819,35.798,583.081,623.604
2820,35.779,583.143,623.618
2821,35.761,583.205,623.632
2822,35.742,583.266,623.646
2823,35.723,583.328,623.660
2824,35.704,583.390,623.674
2825,35.685,583.451,623.688
2826,35.667,583.512,623.702
2827,35.648,583.574,623.716
2828,35.629,583.636,623.730
2829,35.610,583.697,623.744
2830,35.591,583.758,623.758
2831,35.573,583.818,623.771
2832,35.554,583.880,623.786
2833,35.535,583.941,623.800
2834,35.516,584.002,623.814
2835,35.497,584.062,623.828
2836,35.478,584.123,623.841
2837,35.460,584.184,623.856
2838,35.441,584.244,623.870
2839,35.422,584.304,623.884
2840,35.403,584.366,623.898
2841,35.384,584.426,623.912
2842,35.365,584.486,623.926
2843,35.347,584.546,623.940
2844,35.328,584.606,623.954
2845,35.309,584.666,623.968
2846,35.290,584.726,623.983
2847,35.271,584.786,623.997
2848,35.252,584.846,624.010
2849,35.234,584.906,624.024
2850,35.215,584.966,624.039
2851,35.196,585.025,624.053
2852,35.177,585.085,624.067
2853,35.158,585.144,624.081
2854,35.140,585.204,624.095
2855,35.121,585.263,624.109
2856,35.102,585.322,624.123
2857,35.083,585.381,624.137
2858,35.064,585.441,624.151
2859,35.045,585.500,624.166
2860,35.027,585.559,624.180
2861,35.008,585.618,624.194
2862,34.989,585.677,624.208
2863,34.970,585.735,624.222
2864,34.951,585.794,624.237
2865,34.932,585.853,624.251
2866,34.914,585.912,624.265
2867,34.895,585.970,624.278
2868,34.876,586.029,624.293
2869,34.857,586.087,624.307
2870,34.838,586.145,624.321
2871,34.819,586.203,624.335
2872,34.801,586.262,624.349
2873,34.782,586.320,624.364
2874,34.763,586.378,624.378
2875,34.744,586.436,624.392
2876,34.725,586.493,624.406
2877,34.707,586.551,624.421
2878,34.688,586.609,624.435
2879,34.669,586.666,624.449
2880,34.650,586.724,624.463
2881,34.631,586.782,624.478
2882,34.612,586.839,624.492
2883,34.594,586.896,624.506
2884,34.575,586.954,624.520
2885,34.556,587.011,624.534
2886,34.537,587.068,624.548
2887,34.518,587.125,624.562
2888,34.500,587.183,624.577
2889,34.481,587.240,624.590
2890,34.462,587.296,624.605
2891,34.443,587.352,624.619
2892,34.424,587.410,624.633
2893,34.405,587.466,624.647
2894,34.387,587.523,624.662
2895,34.368,587.579,624.676
2896,34.349,587.636,624.690
2897,34.330,587.692,624.704
2898,34.311,587.748,624.718
2899,34.293,587.804,624.733
2900,34.274,587.861,624.747
2901,34.255,587.917,624.761
2902,34.236,587.973,624.775
2903,34.217,588.029,624.790
2904,34.198,588.085,624.804
2905,34.180,588.140,624.818
2906,34.161,588.196,624.832
2907,34.142,588.252,624.847
2908,34.123,588.308,624.861
2909,34.104,588.363,624.875
2910,34.086,588.418,624.889
2911,34.067,588.474,624.904
2912,34.048,588.529,624.918
2913,34.029,588.585,624.932
2914,34.010,588.639,624.946
2915,33.992,588.695,624.961
2916,33.973,588.750,624.975
2917,33.954,588.804,624.989
2918,33.935,588.859,625.003
2919,33.916,588.914,625.018
2920,33.898,588.969,625.032
2921,33.879,589.024,625.046
2922,33.860,589.079,625.061
2923,33.841,589.133,625.075
2924,33.823,589.187,625.090
2925,33.804,589.242,625.103
2926,33.785,589.296,625.118
2927,33.766,589.350,625.133
2928,33.747,589.404,625.147
2929,33.729,589.459,625.161
2930,33.710,589.512,625.175
2931,33.691,589.567,625.189
2932,33.672,589.621,625.204
2933,33.653,589.674,625.218
2934,33.635,589.728,625.232
2935,33.616,589.782,625.246
2936,33.597,589.835,625.261
2937,33.578,589.889,625.275
2938,33.560,589.942,625.289
2939,33.541,589.995,625.303
2940,33.522,590.049,625.318
2941,33.503,590.103,625.332
2942,33.485,590.156,625.346
2943,33.466,590.209,625.360
2944,33.447,590.261,625.375
2945,33.428,590.315,625.389
2946,33.409,590.368,625.403
2947,33.391,590.420,625.417
2948,33.372,590.473,625.432
2949,33.353,590.526,625.446
2950,33.334,590.579,625.460
2951,33.316,590.632,625.474
2952,33.297,590.684,625.489
2953,33.278,590.736,625.503
2954,33.259,590.789,625.517
2955,33.241,590.841,625.532
2956,33.222,590.893,625.546
2957,33.203,590.945,625.560
2958,33.184,590.997,625.575
2959,33.166,591.050,625.589
2960,33.147,591.101,625.603
2961,33.128,591.153,625.617
2962,33.109,591.205,625.632
2963,33.091,591.257,625.646
2964,33.072,591.308,625.661
2965,33.053,591.359,625.674
2966,33.035,591.411,625.689
2967,33.016,591.463,625.704
2968,32.997,591.514,625.718
2969,32.978,591.566,625.732
2970,32.960,591.617,625.746
2971,32.941,591.668,625.761
2972,32.922,591.719,625.775
2973,32.904,591.770,625.789
2974,32.885,591.822,625.803
2975,32.866,591.872,625.818
2976,32.847,591.924,625.832
2977,32.829,591.974,625.846
2978,32.810,592.025,625.860
2979,32.791,592.075,625.875
2980,32.773,592.126,625.889
2981,32.754,592.177,625.903
2982,32.735,592.227,625.917
2983,32.717,592.277,625.932
2984,32.698,592.327,625.946
2985,32.679,592.378,625.960
2986,32.660,592.428,625.975
2987,32.642,592.479,625.989
2988,32.623,592.529,626.003
2989,32.604,592.579,626.017
2990,32.586,592.628,626.032
2991,32.567,592.678,626.046
2992,32.548,592.728,626.060
2993,32.530,592.778,626.074
2994,32.511,592.828,626.089
2995,32.492,592.877,626.103
2996,32.474,592.927,626.117
2997,32.455,592.975,626.131
2998,32.436,593.025,626.146
2999,32.418,593.074,626.160
3000,32.399,593.124,626.174
3001,32.380,593.173,626.188
3002,32.362,593.223,626.202
3003,32.343,593.272,626.217
3004,32.324,593.321,626.231
3005,32.306,593.370,626.245
3006,32.287,593.418,626.260
3007,32.269,593.467,626.273
3008,32.250,593.516,626.287
3009,32.231,593.564,626.302
3010,32.213,593.614,626.316
3011,32.194,593.662,626.330
3012,32.175,593.710,626.345
3013,32.157,593.759,626.359
3014,32.138,593.807,626.373
3015,32.119,593.855,626.387
3016,32.101,593.903,626.402
3017,32.082,593.952,626.416
3018,32.064,594.000,626.430
3019,32.045,594.048,626.444
3020,32.026,594.096,626.459
3021,32.008,594.144,626.473
3022,31.989,594.192,626.487
3023,31.971,594.240,626.502
3024,31.952,594.287,626.516
3025,31.933,594.335,626.529
3026,31.915,594.383,626.543
3027,31.896,594.430,626.558
3028,31.878,594.477,626.572
3029,31.859,594.526,626.586
3030,31.840,594.573,626.601
3031,31.822,594.620,626.615
3032,31.803,594.667,626.629
3033,31.785,594.714,626.643
3034,31.766,594.761,626.658
3035,31.748,594.808,626.672
3036,31.729,594.855,626.685
3037,31.710,594.902,626.700
3038,31.692,594.948,626.714
3039,31.673,594.995,626.728
3040,31.655,595.042,626.742
3041,31.636,595.089,626.757
3042,31.618,595.135,626.771
3043,31.599,595.182,626.785
3044,31.581,595.228,626.799
3045,31.562,595.275,626.814
3046,31.543,595.322,626.828
3047,31.525,595.368,626.841
3048,31.506,595.414,626.856
3049,31.488,595.460,626.870
3050,31.469,595.506,626.884
3051,31.451,595.552,626.898
3052,31.432,595.598,626.913
3053,31.414,595.644,626.927
3054,31.395,595.690,626.941
3055,31.377,595.736,626.955
3056,31.358,595.781,626.969
3057,31.340,595.827,626.983
3058,31.321,595.872,626.997
3059,31.303,595.918,627.012
3060,31.284,595.964,627.026
3061,31.266,596.010,627.040
3062,31.247,596.055,627.054
3063,31.229,596.100,627.068
3064,31.210,596.145,627.082
3065,31.192,596.191,627.096
3066,31.173,596.236,627.111
3067,31.155,596.281,627.124
3068,31.136,596.326,627.138
3069,31.118,596.371,627.153
3070,31.100,596.415,627.167
3071,31.081,596.460,627.181
3072,31.063,596.505,627.195
3073,31.044,596.550,627.209
3074,31.026,596.594,627.223
3075,31.007,596.639,627.237
3076,30.989,596.684,627.252
3077,30.970,596.729,627.266
3078,30.952,596.773,627.279
3079,30.933,596.817,627.294
3080,30.915,596.862,627.308
3081,30.897,596.906,627.322
3082,30.878,596.950,627.335
3083,30.860,596.994,627.350
3084,30.841,597.038,627.364
3085,30.823,597.083,627.378
3086,30.805,597.127,627.393
3087,30.786,597.170,627.406
3088,30.768,597.213,627.420
3089,30.749,597.257,627.434
3090,30.731,597.301,627.449
3091,30.713,597.345,627.462
3092,30.694,597.388,627.476
3093,30.676,597.433,627.491
3094,30.657,597.476,627.505
3095,30.639,597.520,627.519
3096,30.621,597.563,627.533
3097,30.602,597.606,627.547
3098,30.584,597.649,627.561
3099,30.566,597.692,627.575
3100,30.547,597.735,627.589
3101,30.529,597.779,627.603
3102,30.511,597.822,627.617
3103,30.492,597.865,627.631
3104,30.474,597.908,627.645
3105,30.456,597.951,627.659
3106,30.437,597.994,627.673
3107,30.419,598.037,627.687
3108,30.401,598.079,627.701
3109,30.382,598.122,627.715
3110,30.364,598.164,627.729
3111,30.346,598.207,627.743
3112,30.327,598.250,627.757
3113,30.309,598.292,627.771
3114,30.291,598.334,627.785
3115,30.273,598.377,627.799
3116,30.254,598.419,627.813
3117,30.236,598.462,627.827
3118,30.218,598.503,627.841
3119,30.199,598.545,627.855
3120,30.181,598.588,627.869
3121,30.163,598.630,627.883
3122,30.145,598.672,627.897
3123,30.126,598.714,627.911
3124,30.108,598.755,627.925
3125,30.090,598.797,627.939
3126,30.072,598.839,627.953
3127,30.053,598.881,627.967
3128,30.035,598.923,627.981
3129,30.017,598.964,627.995
3130,29.999,599.005,628.009
3131,29.980,599.047,628.022
3132,29.962,599.088,628.036
3133,29.944,599.130,628.051
3134,29.926,599.172,628.065
3135,29.908,599.213,628.078
3136,29.889,599.254,628.092
3137,29.871,599.295,628.106
3138,29.853,599.336,628.120
3139,29.835,599.378,628.134
3140,29.817,599.419,628.148
3141,29.798,599.459,628.162
3142,29.780,599.500,628.176
3143,29.762,599.542,628.190
3144,29.744,599.582,628.204
3145,29.726,599.623,628.218
3146,29.708,599.664,628.232
3147,29.689,599.705,628.245
3148,29.671,599.745,628.259
3149,29.653,599.786,628.273
3150,29.635,599.826,628.287
3151,29.617,599.867,628.301
3152,29.599,599.907,628.315
3153,29.581,599.947,628.329
3154,29.563,599.988,628.343
3155,29.544,600.028,628.357
3156,29.526,600.068,628.370
3157,29.508,600.109,628.384
3158,29.490,600.149,628.398
3159,29.472,600.188,628.412
3160,29.454,600.229,628.426
3161,29.436,600.269,628.440
3162,29.418,600.309,628.454
3163,29.400,600.349,628.468
3164,29.382,600.389,628.482
3165,29.364,600.428,628.495
3166,29.346,600.468,628.509
3167,29.328,600.507,628.522
3168,29.309,600.547,628.537
3169,29.291,600.587,628.550
3170,29.273,600.626,628.564
3171,29.255,600.666,628.578
3172,29.237,600.706,628.592
3173,29.219,600.745,628.606
3174,29.201,600.784,628.620
3175,29.183,600.824,628.634
3176,29.165,600.862,628.647
3177,29.147,600.902,628.662
3178,29.129,600.942,628.675
3179,29.111,600.980,628.689
3180,29.093,601.020,628.703
3181,29.075,601.058,628.717
3182,29.057,601.097,628.730
3183,29.039,601.136,628.744
3184,29.021,601.175,628.758
3185,29.003,601.214,628.771
3186,28.985,601.253,628.786
3187,28.968,601.292,628.799
3188,28.950,601.330,628.813
3189,28.932,601.369,628.827
3190,28.914,601.407,628.841
3191,28.896,601.446,628.854
3192,28.878,601.484,628.868
3193,28.860,601.523,628.882
3194,28.842,601.562,628.896
3195,28.824,601.600,628.910
3196,28.806,601.639,628.924
3197,28.788,601.677,628.937
3198,28.771,601.715,628.951
3199,28.753,601.753,628.965
3200,28.735,601.792,628.979
3201,28.717,601.830,628.992
3202,28.699,601.868,629.006
3203,28.681,601.906,629.020
3204,28.663,601.944,629.034
3205,28.646,601.982,629.047
3206,28.628,602.020,629.061
3207,28.610,602.058,629.074
3208,28.592,602.096,629.089
3209,28.574,602.133,629.102
3210,28.556,602.171,629.116
3211,28.539,602.209,629.130
3212,28.521,602.247,629.144
3213,28.503,602.284,629.157
3214,28.485,602.321,629.171
3215,28.467,602.359,629.185
3216,28.450,602.397,629.198
3217,28.432,602.434,629.213
3218,28.414,602.471,629.226
3219,28.396,602.509,629.240
3220,28.379,602.546,629.254
3221,28.361,602.584,629.268
3222,28.343,602.621,629.281
3223,28.325,602.658,629.295
3224,28.308,602.695,629.308
3225,28.290,602.732,629.322
3226,28.272,602.769,629.336
3227,28.254,602.807,629.349
3228,28.237,602.843,629.363
3229,28.219,602.880,629.377
3230,28.201,602.917,629.391
3231,28.184,602.954,629.404
3232,28.166,602.991,629.418
3233,28.148,603.028,629.432
3234,28.131,603.064,629.446
3235,28.113,603.101,629.460
3236,28.095,603.138,629.473
3237,28.078,603.175,629.486
3238,28.060,603.211,629.501
3239,28.042,603.248,629.514
3240,28.025,603.284,629.527
3241,28.007,603.320,629.541
3242,27.990,603.357,629.555
3243,27.972,603.393,629.569
3244,27.954,603.430,629.583
3245,27.937,603.466,629.596
3246,27.919,603.502,629.609
3247,27.902,603.539,629.624
3248,27.884,603.575,629.637
3249,27.866,603.612,629.651
3250,27.849,603.647,629.664
3251,27.831,603.683,629.678
3252,27.814,603.720,629.692
3253,27.796,603.755,629.706
3254,27.779,603.792,629.719
3255,27.761,603.828,629.733
3256,27.744,603.863,629.747
3257,27.726,603.900,629.760
3258,27.709,603.935,629.774
3259,27.691,603.971,629.788
3260,27.674,604.006,629.801
3261,27.656,604.042,629.815
3262,27.639,604.078,629.828
3263,27.621,604.113,629.842
3264,27.604,604.150,629.856
3265,27.587,604.185,629.869
3266,27.569,604.220,629.883
3267,27.552,604.256,629.897
3268,27.534,604.291,629.911
3269,27.517,604.327,629.924
3270,27.499,604.363,629.937
3271,27.482,604.398,629.951
3272,27.465,604.433,629.965
3273,27.447,604.469,629.979
3274,27.430,604.504,629.992
3275,27.412,604.539,630.005
3276,27.395,604.574,630.020
3277,27.378,604.609,630.033
3278,27.360,604.644,630.047
3279,27.343,604.679,630.060
3280,27.326,604.714,630.074
3281,27.308,604.749,630.088
3282,27.291,604.785,630.101
3283,27.274,604.819,630.114
3284,27.256,604.854,630.129
3285,27.239,604.889,630.142
3286,27.222,604.924,630.156
3287,27.204,604.959,630.169
3288,27.187,604.993,630.183
3289,27.170,605.028,630.196
3290,27.153,605.063,630.210
3291,27.135,605.098,630.224
3292,27.118,605.133,630.238
3293,27.101,605.167,630.251
3294,27.084,605.201,630.264
3295,27.067,605.236,630.278
3296,27.049,605.271,630.292
3297,27.032,605.305,630.305
3298,27.015,605.339,630.319
3299,26.998,605.374,630.332
3300,26.981,605.409,630.346
3301,26.963,605.443,630.360
3302,26.946,605.477,630.373
3303,26.929,605.511,630.387
3304,26.912,605.546,630.401
3305,26.895,605.580,630.414
3306,26.878,605.614,630.428
3307,26.861,605.648,630.441
3308,26.843,605.683,630.455
3309,26.826,605.717,630.469
3310,26.809,605.750,630.482
3311,26.792,605.784,630.496
3312,26.775,605.819,630.510
3313,26.758,605.853,630.523
3314,26.741,605.887,630.536
3315,26.724,605.920,630.550
3316,26.707,605.955,630.564
3317,26.690,605.988,630.577
3318,26.673,606.022,630.591
3319,26.656,606.056,630.604
3320,26.639,606.090,630.618
3321,26.622,606.124,630.632
3322,26.605,606.157,630.645
3323,26.588,606.191,630.659
3324,26.571,606.224,630.673
3325,26.554,606.258,630.686
3326,26.537,606.292,630.699
3327,26.520,606.325,630.713
3328,26.503,606.359,630.727
3329,26.486,606.393,630.741
3330,26.469,606.426,630.754
3331,26.452,606.459,630.768
3332,26.435,606.492,630.781
3333,26.418,606.527,630.795
3334,26.402,606.560,630.808
3335,26.385,606.593,630.822
3336,26.368,606.626,630.835
3337,26.351,606.659,630.849
3338,26.334,606.693,630.862
3339,26.317,606.726,630.876
3340,26.300,606.760,630.890
3341,26.284,606.793,630.903
3342,26.267,606.826,630.917
3343,26.250,606.859,630.931
3344,26.233,606.892,630.944
3345,26.216,606.925,630.957
3346,26.200,606.958,630.971
3347,26.183,606.991,630.985
3348,26.166,607.024,630.998
3349,26.149,607.057,631.012
3350,26.133,607.090,631.025
3351,26.116,607.123,631.039
3352,26.099,607.156,631.053
3353,26.083,607.189,631.066
3354,26.066,607.222,631.080
3355,26.049,607.254,631.094
3356,26.032,607.287,631.107
3357,26.016,607.320,631.120
3358,25.999,607.352,631.134
3359,25.982,607.386,631.148
3360,25.966,607.418,631.161
3361,25.949,607.451,631.174
3362,25.933,607.483,631.189
3363,25.916,607.516,631.202
3364,25.899,607.548,631.215
3365,25.883,607.581,631.229
3366,25.866,607.614,631.243
3367,25.850,607.646,631.257
3368,25.833,607.678,631.270
3369,25.816,607.711,631.284
3370,25.800,607.743,631.297
3371,25.783,607.776,631.311
3372,25.767,607.808,631.324
3373,25.750,607.841,631.338
3374,25.734,607.873,631.351
3375,25.717,607.906,631.365
3376,25.701,607.938,631.378
3377,25.684,607.970,631.392
3378,25.668,608.002,631.406
3379,25.652,608.034,631.419
3380,25.635,608.067,631.433
3381,25.619,608.099,631.447
3382,25.602,608.131,631.460
3383,25.586,608.163,631.474
3384,25.569,608.195,631.488
3385,25.553,608.227,631.501
3386,25.537,608.259,631.514
3387,25.520,608.292,631.528
3388,25.504,608.324,631.542
3389,25.488,608.356,631.555
3390,25.471,608.388,631.568
3391,25.455,608.420,631.582
3392,25.439,608.451,631.596
3393,25.422,608.483,631.609
3394,25.406,608.515,631.623
3395,25.390,608.547,631.637
3396,25.373,608.579,631.651
3397,25.357,608.610,631.664
3398,25.341,608.642,631.677
3399,25.325,608.675,631.691
3400,25.308,608.706,631.705
3401,25.292,608.738,631.718
3402,25.276,608.770,631.731
3403,25.260,608.802,631.745
3404,25.244,608.833,631.759
3405,25.227,608.865,631.773
3406,25.211,608.896,631.786
3407,25.195,608.928,631.800
3408,25.179,608.960,631.813
3409,25.163,608.991,631.827
3410,25.147,609.023,631.841
3411,25.131,609.055,631.854
3412,25.115,609.086,631.868
3413,25.098,609.118,631.881
3414,25.082,609.149,631.895
3415,25.066,609.181,631.909
3416,25.050,609.212,631.922
3417,25.034,609.243,631.936
3418,25.018,609.275,631.950
3419,25.002,609.306,631.963
3420,24.986,609.338,631.976
3421,24.970,609.369,631.990
3422,24.954,609.400,632.004
3423,24.938,609.432,632.017
3424,24.922,609.463,632.031
3425,24.906,609.495,632.045
3426,24.890,609.526,632.058
3427,24.874,609.557,632.072
3428,24.858,609.588,632.086
3429,24.843,609.620,632.099
3430,24.827,609.651,632.113
3431,24.811,609.682,632.126
3432,24.795,609.713,632.140
3433,24.779,609.744,632.154
3434,24.763,609.776,632.167
3435,24.747,609.807,632.181
3436,24.732,609.838,632.195
3437,24.716,609.869,632.208
3438,24.700,609.900,632.222
3439,24.684,609.931,632.236
3440,24.668,609.962,632.249
3441,24.653,609.993,632.263
3442,24.637,610.024,632.277
3443,24.621,610.055,632.290
3444,24.606,610.086,632.303
3445,24.590,610.117,632.317
3446,24.574,610.148,632.331
3447,24.558,610.179,632.345
3448,24.543,610.210,632.358
3449,24.527,610.241,632.372
3450,24.511,610.272,632.385
3451,24.496,610.302,632.399
3452,24.480,610.333,632.413
3453,24.464,610.364,632.427
3454,24.449,610.395,632.440
3455,24.433,610.426,632.453
3456,24.418,610.457,632.468
3457,24.402,610.487,632.481
3458,24.387,610.518,632.495
3459,24.371,610.549,632.508
3460,24.355,610.579,632.522
3461,24.340,610.610,632.536
3462,24.324,610.641,632.549
3463,24.309,610.672,632.564
3464,24.294,610.702,632.577
3465,24.278,610.733,632.590
3466,24.263,610.764,632.605
3467,24.247,610.794,632.618
3468,24.232,610.825,632.631
3469,24.216,610.855,632.645
3470,24.201,610.886,632.659
3471,24.185,610.916,632.673
3472,24.170,610.947,632.686
3473,24.155,610.978,632.699
3474,24.139,611.008,632.714
3475,24.124,611.039,632.727
3476,24.109,611.069,632.741
3477,24.093,611.100,632.755
3478,24.078,611.130,632.768
3479,24.063,611.161,632.782
3480,24.048,611.191,632.796
3481,24.032,611.222,632.810
3482,24.017,611.252,632.823
3483,24.002,611.283,632.837
3484,23.987,611.313,632.851
3485,23.971,611.343,632.864
3486,23.956,611.374,632.878
3487,23.941,611.404,632.892
3488,23.926,611.435,632.906
3489,23.911,611.464,632.919
3490,23.896,611.495,632.933
3491,23.880,611.525,632.947
3492,23.865,611.556,632.961
3493,23.850,611.586,632.974
3494,23.835,611.616,632.988
3495,23.820,611.647,633.002
3496,23.805,611.677,633.015
3497,23.790,611.707,633.029
3498,23.775,611.738,633.043
3499,23.760,611.768,633.057
3500,23.745,611.797,633.070
3501,23.730,611.828,633.085
3502,23.715,611.858,633.098
3503,23.700,611.889,633.112
3504,23.685,611.919,633.126
3505,23.670,611.949,633.139
3506,23.655,611.979,633.153
3507,23.640,612.009,633.167
3508,23.625,612.040,633.181
3509,23.610,612.070,633.194
3510,23.595,612.100,633.208
3511,23.581,612.130,633.222
3512,23.566,612.160,633.236
3513,23.551,612.191,633.250
3514,23.536,612.220,633.264
3515,23.521,612.250,633.277
3516,23.507,612.280,633.291
3517,23.492,612.310,633.305
3518,23.477,612.340,633.319
3519,23.462,612.371,633.332
3520,23.448,612.401,633.345
3521,23.433,612.431,633.360
3522,23.418,612.461,633.373
3523,23.403,612.491,633.387
3524,23.389,612.521,633.401
3525,23.374,612.551,633.415
3526,23.359,612.581,633.429
3527,23.345,612.610,633.442
3528,23.330,612.640,633.457
3529,23.316,612.670,633.470
3530,23.301,612.700,633.484
3531,23.286,612.730,633.498
3532,23.272,612.761,633.512
3533,23.257,612.790,633.526
3534,23.243,612.820,633.540
3535,23.228,612.851,633.554
3536,23.214,612.880,633.567
3537,23.199,612.910,633.581
3538,23.185,612.940,633.595
3539,23.170,612.970,633.609
3540,23.156,613.000,633.623
3541,23.142,613.029,633.637
3542,23.127,613.059,633.650
3543,23.113,613.089,633.664
3544,23.098,613.119,633.678
3545,23.084,613.149,633.692
3546,23.070,613.179,633.706
3547,23.055,613.209,633.720
3548,23.041,613.239,633.734
3549,23.027,613.269,633.747
3550,23.012,613.299,633.762
3551,22.998,613.328,633.775
3552,22.984,613.358,633.789
3553,22.970,613.388,633.803
3554,22.955,613.418,633.817
3555,22.941,613.448,633.831
3556,22.927,613.478,633.844
3557,22.913,613.507,633.859
3558,22.898,613.537,633.872
3559,22.884,613.567,633.887
3560,22.870,613.596,633.901
3561,22.856,613.626,633.914
3562,22.842,613.656,633.928
3563,22.828,613.685,633.942
3564,22.814,613.715,633.957
3565,22.800,613.745,633.970
3566,22.786,613.775,633.985
3567,22.772,613.805,633.998
3568,22.758,613.835,634.012
3569,22.744,613.864,634.026
3570,22.730,613.894,634.040
3571,22.716,613.924,634.054
3572,22.702,613.953,634.068
3573,22.688,613.983,634.082
3574,22.674,614.013,634.096
3575,22.660,614.043,634.110
3576,22.646,614.073,634.124
3577,22.632,614.102,634.138
3578,22.618,614.132,634.152
3579,22.604,614.162,634.166
3580,22.591,614.191,634.179
3581,22.577,614.221,634.194
3582,22.563,614.250,634.207
3583,22.549,614.280,634.222
3584,22.535,614.310,634.236
3585,22.522,614.339,634.250
3586,22.508,614.369,634.264
3587,22.494,614.399,634.277
3588,22.480,614.429,634.292
3589,22.467,614.458,634.306
3590,22.453,614.488,634.320
3591,22.439,614.518,634.334
3592,22.426,614.547,634.348
3593,22.412,614.577,634.362
3594,22.398,614.607,634.376
3595,22.385,614.636,634.390
3596,22.371,614.666,634.404
3597,22.358,614.695,634.418
3598,22.344,614.725,634.432
3599,22.331,614.755,634.447
3600,22.317,614.785,634.460
3601,22.304,614.814,634.474
3602,22.290,614.844,634.489
3603,22.277,614.873,634.502
3604,22.263,614.903,634.517
3605,22.250,614.932,634.531
3606,22.237,614.962,634.545
3607,22.223,614.992,634.559
3608,22.210,615.021,634.573
3609,22.196,615.051,634.587
3610,22.183,615.081,634.601
3611,22.170,615.110,634.616
3612,22.156,615.140,634.629
3613,22.143,615.170,634.643
3614,22.130,615.199,634.658
3615,22.117,615.229,634.672
3616,22.103,615.259,634.686
3617,22.090,615.288,634.700
3618,22.077,615.318,634.715
3619,22.064,615.347,634.728
3620,22.050,615.377,634.743
3621,22.037,615.407,634.757
3622,22.024,615.437,634.771
3623,22.011,615.466,634.785
3624,21.998,615.496,634.799
3625,21.985,615.525,634.814
3626,21.972,615.555,634.827
3627,21.959,615.585,634.842
3628,21.946,615.614,634.856
3629,21.933,615.644,634.870
3630,21.920,615.674,634.884
3631,21.907,615.704,634.898
3632,21.894,615.733,634.913
3633,21.881,615.763,634.927
3634,21.868,615.792,634.942
3635,21.855,615.822,634.955
3636,21.842,615.852,634.970
3637,21.829,615.881,634.984
3638,21.816,615.911,634.998
3639,21.803,615.940,635.012
3640,21.790,615.970,635.026
3641,21.778,616.000,635.041
3642,21.765,616.029,635.055
3643,21.752,616.060,635.069
3644,21.739,616.089,635.083
3645,21.726,616.119,635.097
3646,21.714,616.149,635.112
3647,21.701,616.178,635.126
3648,21.688,616.207,635.141
3649,21.676,616.237,635.155
3650,21.663,616.266,635.169
3651,21.650,616.296,635.184
3652,21.638,616.327,635.197
3653,21.625,616.356,635.212
3654,21.612,616.385,635.226
3655,21.600,616.415,635.241
3656,21.587,616.446,635.255
3657,21.575,616.474,635.269
3658,21.562,616.505,635.284
3659,21.550,616.534,635.298
3660,21.537,616.564,635.312
3661,21.525,616.594,635.327
3662,21.512,616.624,635.341
3663,21.500,616.654,635.355
3664,21.487,616.683,635.370
3665,21.475,616.713,635.384
3666,21.463,616.742,635.399
3667,21.450,616.772,635.413
3668,21.438,616.802,635.427
3669,21.426,616.832,635.442
3670,21.413,616.861,635.455
3671,21.401,616.892,635.470
3672,21.389,616.922,635.484
3673,21.376,616.951,635.499
3674,21.364,616.981,635.513
3675,21.352,617.010,635.528
3676,21.340,617.040,635.542
3677,21.328,617.071,635.557
3678,21.315,617.100,635.571
3679,21.303,617.130,635.585
3680,21.291,617.159,635.600
3681,21.279,617.189,635.614
3682,21.267,617.220,635.629
3683,21.255,617.250,635.643
3684,21.243,617.279,635.658
3685,21.231,617.308,635.672
3686,21.219,617.338,635.687
3687,21.207,617.368,635.701
3688,21.195,617.399,635.715
3689,21.183,617.428,635.730
3690,21.171,617.457,635.744
3691,21.159,617.487,635.759
3692,21.147,617.518,635.773
3693,21.135,617.548,635.788
3694,21.123,617.577,635.802
3695,21.112,617.607,635.817
3696,21.100,617.637,635.832
3697,21.088,617.668,635.846
3698,21.076,617.697,635.861
3699,21.064,617.727,635.875
3700,21.053,617.757,635.890
3701,21.041,617.787,635.904
3702,21.029,617.817,635.919
3703,21.017,617.846,635.933
3704,21.006,617.876,635.948
3705,20.994,617.906,635.962
3706,20.982,617.937,635.977
3707,20.971,617.966,635.992
3708,20.959,617.996,636.006
3709,20.948,618.026,636.021
3710,20.936,618.057,636.035
3711,20.924,618.087,636.050
3712,20.913,618.117,636.064
3713,20.901,618.147,636.079
3714,20.890,618.177,636.094
3715,20.878,618.207,636.109
3716,20.867,618.237,636.123
3717,20.856,618.268,636.138
3718,20.844,618.298,636.152
3719,20.833,618.328,636.167
3720,20.821,618.358,636.182
3721,20.810,618.388,636.196
3722,20.799,618.418,636.211
3723,20.787,618.448,636.225
3724,20.776,618.478,636.240
3725,20.765,618.508,636.255
3726,20.753,618.539,636.270
3727,20.742,618.569,636.284
3728,20.731,618.599,636.300
3729,20.720,618.629,636.314
3730,20.709,618.659,636.328
3731,20.697,618.689,636.343
3732,20.686,618.720,636.357
3733,20.675,618.750,636.372
3734,20.664,618.780,636.387
3735,20.653,618.810,636.402
3736,20.642,618.840,636.416
3737,20.631,618.871,636.432
3738,20.620,618.901,636.446
3739,20.609,618.931,636.461
3740,20.598,618.962,636.476
3741,20.587,618.992,636.490
3742,20.576,619.022,636.505
3743,20.565,619.053,636.520
3744,20.554,619.083,636.535
3745,20.543,619.113,636.549
3746,20.532,619.144,636.565
3747,20.522,619.174,636.579
3748,20.511,619.205,636.594
3749,20.500,619.235,636.609
3750,20.489,619.266,636.624
3751,20.478,619.296,636.639
3752,20.468,619.327,636.654
3753,20.457,619.357,636.668
3754,20.446,619.388,636.683
3755,20.435,619.418,636.698
3756,20.425,619.449,636.713
3757,20.414,619.479,636.728
3758,20.403,619.509,636.743
3759,20.393,619.540,636.758
3760,20.382,619.571,636.772
3761,20.372,619.601,636.787
3762,20.361,619.632,636.802
3763,20.351,619.662,636.817
3764,20.340,619.693,636.832
3765,20.329,619.723,636.847
3766,20.319,619.754,636.862
3767,20.309,619.785,636.877
3768,20.298,619.816,636.892
3769,20.288,619.846,636.907
3770,20.277,619.877,636.922
3771,20.267,619.908,636.936
3772,20.257,619.939,636.952
3773,20.246,619.970,636.966
3774,20.236,620.000,636.982
3775,20.226,620.031,636.996
3776,20.215,620.061,637.011
3777,20.205,620.092,637.026
3778,20.195,620.123,637.041
3779,20.185,620.154,637.056
3780,20.175,620.185,637.071
3781,20.164,620.216,637.086
3782,20.154,620.246,637.101
3783,20.144,620.277,637.116
3784,20.134,620.308,637.131
3785,20.124,620.340,637.146
3786,20.114,620.370,637.162
3787,20.104,620.401,637.177
3788,20.094,620.432,637.192
3789,20.084,620.463,637.207
3790,20.074,620.493,637.222
3791,20.064,620.525,637.237
3792,20.054,620.556,637.252
3793,20.044,620.587,637.268
3794,20.034,620.618,637.282
3795,20.024,620.649,637.298
3796,20.014,620.680,637.313
3797,20.004,620.712,637.328
3798,19.995,620.743,637.343
3799,19.985,620.773,637.358
3800,19.975,620.805,637.373
3801,19.965,620.835,637.389
3802,19.955,620.867,637.404
3803,19.946,620.898,637.419
3804,19.936,620.930,637.434
3805,19.926,620.961,637.449
3806,19.917,620.992,637.465
3807,19.907,621.023,637.479
3808,19.897,621.054,637.495
3809,19.888,621.085,637.510
3810,19.878,621.117,637.525
3811,19.869,621.148,637.540
3812,19.859,621.180,637.556
3813,19.850,621.211,637.571
3814,19.840,621.242,637.586
3815,19.831,621.273,637.601
3816,19.821,621.306,637.616
3817,19.812,621.337,637.632
3818,19.802,621.368,637.647
3819,19.793,621.399,637.662
3820,19.784,621.431,637.678
3821,19.774,621.463,637.693
3822,19.765,621.494,637.708
3823,19.756,621.526,637.723
3824,19.746,621.557,637.739
3825,19.737,621.589,637.755
3826,19.728,621.621,637.769
3827,19.719,621.652,637.785
3828,19.710,621.684,637.800
3829,19.700,621.715,637.816
3830,19.691,621.747,637.831
3831,19.682,621.778,637.846
3832,19.673,621.810,637.862
3833,19.664,621.842,637.877
3834,19.655,621.874,637.893
3835,19.646,621.905,637.908
3836,19.637,621.938,637.923
3837,19.628,621.969,637.939
3838,19.619,622.001,637.954
3839,19.610,622.034,637.970
3840,19.601,622.065,637.985
3841,19.592,622.097,638.001
3842,19.583,622.129,638.016
3843,19.574,622.161,638.031
3844,19.565,622.193,638.047
3845,19.556,622.225,638.062
3846,19.548,622.256,638.078
3847,19.539,622.289,638.094
3848,19.530,622.321,638.109
3849,19.521,622.353,638.124
3850,19.512,622.385,638.140
3851,19.504,622.417,638.155
3852,19.495,622.449,638.171
3853,19.486,622.481,638.186
3854,19.478,622.514,638.202
3855,19.469,622.545,638.218
3856,19.461,622.578,638.233
3857,19.452,622.610,638.249
3858,19.443,622.642,638.264
3859,19.435,622.675,638.280
3860,19.426,622.707,638.295
3861,19.418,622.739,638.311
3862,19.409,622.772,638.327
3863,19.401,622.804,638.342
3864,19.392,622.836,638.358
3865,19.384,622.868,638.373
3866,19.376,622.901,638.389
3867,19.367,622.934,638.405
3868,19.359,622.966,638.421
3869,19.351,622.999,638.436
3870,19.342,623.031,638.452
3871,19.334,623.063,638.467
3872,19.326,623.097,638.484
3873,19.317,623.129,638.499
3874,19.309,623.161,638.515
3875,19.301,623.194,638.530
3876,19.293,623.227,638.546
3877,19.285,623.260,638.562
3878,19.277,623.292,638.577
3879,19.268,623.325,638.594
3880,19.260,623.357,638.609
3881,19.252,623.390,638.625
3882,19.244,623.423,638.641
3883,19.236,623.456,638.656
3884,19.228,623.489,638.673
3885,19.220,623.522,638.688
3886,19.212,623.555,638.704
3887,19.204,623.587,638.720
3888,19.196,623.621,638.735
3889,19.189,623.653,638.751
3890,19.181,623.687,638.768
3891,19.173,623.720,638.783
3892,19.165,623.753,638.799
3893,19.157,623.786,638.815
3894,19.149,623.819,638.831
3895,19.142,623.852,638.847
3896,19.134,623.885,638.862
3897,19.126,623.919,638.879
3898,19.118,623.951,638.894
3899,19.111,623.985,638.910
3900,19.103,624.018,638.926
3901,19.095,624.052,638.942
3902,19.088,624.085,638.958
3903,19.080,624.118,638.973
3904,19.073,624.152,638.990
3905,19.065,624.184,639.006
3906,19.058,624.219,639.022
3907,19.050,624.252,639.038
3908,19.043,624.285,639.053
3909,19.035,624.319,639.070
3910,19.028,624.352,639.086
3911,19.020,624.386,639.102
3912,19.013,624.419,639.118
3913,19.005,624.453,639.134
3914,18.998,624.486,639.149
3915,18.991,624.520,639.166
3916,18.983,624.554,639.182
3917,18.976,624.588,639.198
3918,18.969,624.621,639.214
3919,18.962,624.655,639.230
3920,18.954,624.689,639.246
3921,18.947,624.723,639.262
3922,18.940,624.756,639.278
3923,18.933,624.789,639.295
3924,18.926,624.824,639.311
3925,18.919,624.858,639.327
3926,18.911,624.892,639.343
3927,18.904,624.926,639.359
3928,18.897,624.960,639.375
3929,18.890,624.994,639.391
3930,18.883,625.028,639.407
3931,18.876,625.062,639.424
3932,18.869,625.096,639.440
3933,18.862,625.130,639.456
3934,18.855,625.164,639.472
3935,18.849,625.198,639.489
3936,18.842,625.233,639.505
3937,18.835,625.267,639.521
3938,18.828,625.301,639.538
3939,18.821,625.335,639.553
3940,18.814,625.369,639.570
3941,18.808,625.404,639.586
3942,18.801,625.438,639.602
3943,18.794,625.473,639.618
3944,18.787,625.507,639.634
3945,18.781,625.541,639.651
3946,18.774,625.576,639.668
3947,18.767,625.611,639.684
3948,18.761,625.645,639.700
3949,18.754,625.679,639.717
3950,18.748,625.714,639.733
3951,18.741,625.749,639.749
3952,18.734,625.783,639.766
3953,18.728,625.818,639.782
3954,18.721,625.853,639.798
3955,18.715,625.888,639.814
3956,18.708,625.923,639.831
3957,18.702,625.957,639.848
3958,18.696,625.992,639.864
3959,18.689,626.027,639.880
3960,18.683,626.062,639.897
3961,18.677,626.096,639.913
3962,18.670,626.131,639.930
3963,18.664,626.166,639.946
3964,18.658,626.201,639.963
3965,18.651,626.237,639.980
3966,18.645,626.271,639.995
3967,18.639,626.306,640.012
3968,18.633,626.342,640.029
3969,18.627,626.377,640.045
3970,18.620,626.412,640.061
3971,18.614,626.447,640.078
3972,18.608,626.482,640.095
3973,18.602,626.517,640.111
3974,18.596,626.553,640.128
3975,18.590,626.588,640.144
3976,18.584,626.624,640.161
3977,18.578,626.658,640.177
3978,18.572,626.694,640.194
3979,18.566,626.730,640.211
3980,18.560,626.765,640.228
3981,18.554,626.800,640.244
3982,18.548,626.836,640.260
3983,18.542,626.872,640.277
3984,18.536,626.907,640.294
3985,18.531,626.943,640.310
3986,18.525,626.978,640.327
3987,18.519,627.014,640.344
3988,18.513,627.049,640.361
3989,18.507,627.085,640.377
3990,18.502,627.121,640.394
3991,18.496,627.156,640.411
3992,18.490,627.192,640.428
3993,18.485,627.228,640.444
3994,18.479,627.264,640.461
3995,18.473,627.300,640.478
3996,18.468,627.336,640.494
3997,18.462,627.372,640.511
3998,18.457,627.408,640.528
3999,18.451,627.443,640.545
4000,18.446,627.480,640.562
4001,18.440,627.516,640.578
4002,18.435,627.552,640.595
4003,18.429,627.588,640.612
4004,18.424,627.624,640.628
4005,18.418,627.660,640.645
4006,18.413,627.696,640.662
4007,18.407,627.732,640.679
4008,18.402,627.769,640.696
4009,18.397,627.805,640.712
4010,18.391,627.841,640.730
4011,18.386,627.877,640.747
4012,18.381,627.914,640.763
4013,18.376,627.950,640.780
4014,18.370,627.986,640.797
4015,18.365,628.023,640.814
4016,18.360,628.059,640.830
4017,18.355,628.095,640.848
4018,18.350,628.132,640.865
4019,18.345,628.169,640.882
4020,18.339,628.205,640.898
4021,18.334,628.242,640.915
4022,18.329,628.278,640.932
4023,18.324,628.315,640.950
4024,18.319,628.351,640.966
4025,18.314,628.388,640.983
4026,18.309,628.425,641.001
4027,18.304,628.462,641.018
4028,18.299,628.498,641.034
4029,18.294,628.535,641.052
4030,18.289,628.572,641.069
4031,18.285,628.608,641.086
4032,18.280,628.645,641.102
4033,18.275,628.682,641.120
4034,18.270,628.719,641.137
4035,18.265,628.756,641.154
4036,18.260,628.793,641.171
4037,18.256,628.830,641.188
4038,18.251,628.867,641.205
4039,18.246,628.904,641.222
4040,18.242,628.941,641.239
4041,18.237,628.978,641.256
4042,18.232,629.016,641.274
4043,18.228,629.052,641.291
4044,18.223,629.089,641.308
4045,18.218,629.127,641.324
4046,18.214,629.164,641.342
4047,18.209,629.201,641.359
4048,18.205,629.238,641.376
4049,18.200,629.276,641.394
4050,18.196,629.313,641.411
4051,18.191,629.350,641.428
4052,18.187,629.387,641.445
4053,18.182,629.424,641.462
4054,18.178,629.462,641.479
4055,18.173,629.499,641.497
4056,18.169,629.536,641.514
4057,18.165,629.574,641.531
4058,18.160,629.611,641.549
4059,18.156,629.648,641.566
4060,18.152,629.686,641.583
4061,18.147,629.724,641.600
4062,18.143,629.761,641.617
4063,18.139,629.799,641.634
4064,18.134,629.836,641.652
4065,18.130,629.874,641.669
4066,18.126,629.911,641.686
4067,18.122,629.949,641.704
4068,18.118,629.987,641.721
4069,18.114,630.024,641.738
4070,18.109,630.062,641.755
4071,18.105,630.100,641.773
4072,18.101,630.137,641.790
4073,18.097,630.175,641.808
4074,18.093,630.213,641.825
4075,18.089,630.250,641.842
4076,18.085,630.288,641.860
4077,18.081,630.326,641.877
4078,18.077,630.364,641.894
4079,18.073,630.402,641.911
4080,18.069,630.440,641.929
4081,18.065,630.477,641.947
4082,18.061,630.515,641.964
4083,18.057,630.553,641.981
4084,18.054,630.591,641.999
4085,18.050,630.629,642.017
4086,18.046,630.667,642.033
4087,18.042,630.705,642.051
4088,18.038,630.743,642.068
4089,18.035,630.781,642.086
4090,18.031,630.819,642.103
4091,18.027,630.857,642.120
4092,18.023,630.895,642.138
4093,18.020,630.933,642.156
4094,18.016,630.971,642.173
4095,18.012,631.009,642.190
4096,18.009,631.047,642.208
4097,18.005,631.085,642.225
4098,18.001,631.123,642.243
4099,17.998,631.161,642.260
4100,17.994,631.199,642.277
4101,17.991,631.237,642.295
4102,17.987,631.275,642.313
4103,17.984,631.313,642.330
4104,17.980,631.351,642.347
4105,17.977,631.389,642.365
4106,17.973,631.427,642.382
4107,17.970,631.466,642.400
4108,17.966,631.504,642.417
4109,17.963,631.542,642.435
4110,17.959,631.580,642.453
4111,17.956,631.619,642.470
4112,17.953,631.656,642.487
4113,17.949,631.694,642.504
4114,17.946,631.732,642.522
4115,17.942,631.771,642.540
4116,17.939,631.809,642.557
4117,17.936,631.848,642.575
4118,17.933,631.885,642.592
4119,17.929,631.924,642.610
4120,17.926,631.962,642.628
4121,17.923,632.001,642.645
4122,17.920,632.038,642.662
4123,17.916,632.077,642.680
4124,17.913,632.115,642.698
4125,17.910,632.153,642.715
4126,17.907,632.191,642.733
4127,17.904,632.229,642.750
4128,17.901,632.268,642.768
4129,17.898,632.306,642.786
4130,17.894,632.344,642.803
4131,17.891,632.382,642.820
4132,17.888,632.420,642.838
4133,17.885,632.458,642.855
4134,17.882,632.496,642.873
4135,17.879,632.534,642.891
4136,17.876,632.573,642.908
4137,17.873,632.611,642.926
4138,17.870,632.649,642.943
4139,17.867,632.687,642.961
4140,17.864,632.725,642.979
4141,17.861,632.763,642.996
4142,17.859,632.801,643.013
4143,17.856,632.839,643.031
4144,17.853,632.877,643.048
4145,17.850,632.915,643.066
4146,17.847,632.953,643.084
4147,17.844,632.991,643.101
4148,17.841,633.029,643.119
4149,17.839,633.067,643.136
4150,17.836,633.105,643.153
4151,17.833,633.143,643.171
4152,17.830,633.181,643.188
4153,17.828,633.219,643.206
4154,17.825,633.258,643.224
4155,17.822,633.295,643.241
4156,17.819,633.332,643.259
4157,17.817,633.370,643.276
4158,17.814,633.409,643.294
4159,17.811,633.447,643.311
4160,17.809,633.485,643.328
4161,17.806,633.522,643.346
4162,17.803,633.560,643.364
4163,17.801,633.598,643.381
4164,17.798,633.635,643.399
4165,17.796,633.673,643.416
4166,17.793,633.711,643.434
4167,17.790,633.748,643.451
4168,17.788,633.786,643.469
4169,17.785,633.824,643.487
4170,17.783,633.861,643.504
4171,17.780,633.899,643.521
4172,17.778,633.936,643.538
4173,17.775,633.974,643.556
4174,17.773,634.011,643.573
4175,17.770,634.049,643.591
4176,17.768,634.086,643.608
4177,17.765,634.124,643.626
4178,17.763,634.161,643.644
4179,17.761,634.198,643.661
4180,17.758,634.235,643.678
4181,17.756,634.272,643.695
4182,17.753,634.310,643.713
4183,17.751,634.347,643.730
4184,17.749,634.384,643.747
4185,17.746,634.422,643.765
4186,17.744,634.459,643.782
4187,17.742,634.496,643.800
4188,17.739,634.533,643.817
4189,17.737,634.570,643.834
4190,17.735,634.607,643.852
4191,17.732,634.644,643.869
4192,17.730,634.681,643.886
4193,17.728,634.718,643.904
4194,17.726,634.754,643.921
4195,17.723,634.790,643.938
4196,17.721,634.827,643.956
4197,17.719,634.864,643.973
4198,17.717,634.901,643.990
4199,17.715,634.937,644.007
4200,17.712,634.974,644.024
4201,17.710,635.010,644.042
4202,17.708,635.047,644.059
4203,17.706,635.083,644.076
4204,17.704,635.120,644.093
4205,17.702,635.156,644.110
4206,17.699,635.192,644.128
4207,17.697,635.228,644.145
4208,17.695,635.264,644.162
4209,17.693,635.301,644.179
4210,17.691,635.337,644.196
4211,17.689,635.372,644.213
4212,17.687,635.408,644.231
4213,17.685,635.444,644.247
4214,17.683,635.480,644.264
4215,17.681,635.516,644.281
4216,17.679,635.552,644.299
4217,17.677,635.587,644.316
4218,17.675,635.623,644.332
4219,17.673,635.658,644.350
4220,17.670,635.694,644.367
4221,17.669,635.729,644.384
4222,17.667,635.765,644.401
4223,17.665,635.800,644.417
4224,17.663,635.835,644.435
4225,17.661,635.870,644.451
4226,17.659,635.906,644.469
4227,17.657,635.941,644.486
4228,17.655,635.976,644.502
4229,17.653,636.010,644.519
4230,17.651,636.045,644.536
4231,17.649,636.080,644.553
4232,17.647,636.115,644.569
4233,17.645,636.150,644.586
4234,17.643,636.184,644.603
4235,17.641,636.219,644.620
4236,17.639,636.253,644.637
4237,17.637,636.288,644.653
4238,17.636,636.322,644.669
4239,17.634,636.356,644.687
4240,17.632,636.391,644.703
4241,17.630,636.424,644.720
4242,17.628,636.459,644.736
4243,17.626,636.493,644.753
4244,17.624,636.526,644.770
4245,17.623,636.561,644.786
4246,17.621,636.594,644.803
4247,17.619,636.628,644.820
4248,17.617,636.661,644.836
4249,17.615,636.695,644.852
4250,17.613,636.729,644.869
4251,17.612,636.762,644.885
4252,17.610,636.795,644.901
4253,17.608,636.829,644.918
4254,17.606,636.861,644.934
4255,17.605,636.895,644.951
4256,17.603,636.927,644.967
4257,17.601,636.961,644.983
4258,17.599,636.993,644.999
4259,17.597,637.026,645.015
4260,17.596,637.059,645.032
4261,17.594,637.091,645.048
4262,17.592,637.124,645.064
4263,17.590,637.157,645.080
4264,17.589,637.189,645.097
4265,17.587,637.220,645.113
4266,17.585,637.253,645.129
4267,17.583,637.286,645.146
4268,17.582,637.317,645.162
4269,17.580,637.349,645.177
4270,17.578,637.381,645.193
4271,17.577,637.412,645.210
4272,17.575,637.445,645.225
4273,17.573,637.476,645.241
4274,17.571,637.507,645.257
4275,17.570,637.539,645.273
4276,17.568,637.570,645.289
4277,17.566,637.602,645.305
4278,17.565,637.633,645.320
4279,17.563,637.663,645.336
4280,17.561,637.695,645.352
4281,17.560,637.726,645.368
4282,17.558,637.756,645.383
4283,17.556,637.787,645.399
4284,17.555,637.818,645.415
4285,17.553,637.848,645.430
4286,17.551,637.879,645.446
4287,17.550,637.909,645.462
4288,17.548,637.940,645.477
4289,17.546,637.970,645.493
4290,17.545,638.000,645.508
4291,17.543,638.029,645.523
4292,17.541,638.060,645.539
4293,17.540,638.089,645.554
4294,17.538,638.119,645.569
4295,17.536,638.148,645.585
4296,17.535,638.178,645.601
4297,17.533,638.207,645.615
4298,17.531,638.237,645.631
4299,17.530,638.266,645.646
4300,17.528,638.295,645.661
4301,17.527,638.324,645.676
4302,17.525,638.353,645.691
4303,17.523,638.382,645.707
4304,17.522,638.412,645.721
4305,17.520,638.440,645.737
4306,17.518,638.469,645.752
4307,17.517,638.498,645.767
4308,17.515,638.526,645.782
4309,17.514,638.554,645.796
4310,17.512,638.583,645.811
4311,17.510,638.611,645.826
4312,17.509,638.639,645.841
4313,17.507,638.666,645.856
4314,17.505,638.695,645.871
4315,17.504,638.723,645.885
4316,17.502,638.751,645.900
4317,17.501,638.778,645.915
4318,17.499,638.806,645.929
4319,17.497,638.833,645.944
4320,17.496,638.861,645.958
4321,17.494,638.888,645.973
4322,17.493,638.915,645.988
4323,17.491,638.942,646.002
4324,17.489,638.969,646.016
4325,17.488,638.996,646.031
4326,17.486,639.023,646.045
4327,17.485,639.050,646.059
4328,17.483,639.077,646.074
4329,17.481,639.104,646.088
4330,17.480,639.131,646.102
4331,17.478,639.157,646.117
4332,17.477,639.184,646.131
4333,17.475,639.210,646.145
4334,17.474,639.236,646.159
4335,17.472,639.262,646.173
4336,17.470,639.288,646.187
4337,17.469,639.314,646.201
4338,17.467,639.341,646.215
4339,17.466,639.367,646.229
4340,17.464,639.392,646.243
4341,17.462,639.418,646.257
4342,17.461,639.444,646.270
4343,17.459,639.469,646.284
4344,17.458,639.495,646.298
4345,17.456,639.520,646.312
4346,17.455,639.546,646.325
4347,17.453,639.571,646.339
4348,17.451,639.596,646.353
4349,17.450,639.622,646.367
4350,17.448,639.647,646.380
4351,17.447,639.671,646.393
4352,17.445,639.697,646.407
4353,17.444,639.722,646.420
4354,17.442,639.746,646.434
4355,17.441,639.771,646.447
4356,17.439,639.796,646.461
4357,17.437,639.820,646.474
4358,17.436,639.845,646.488
4359,17.434,639.870,646.500
4360,17.433,639.894,646.514
4361,17.431,639.918,646.527
4362,17.430,639.943,646.540
4363,17.428,639.967,646.553
4364,17.427,639.991,646.566
4365,17.425,640.015,646.580
4366,17.423,640.039,646.593
4367,17.422,640.063,646.606
4368,17.420,640.087,646.618
4369,17.419,640.112,646.632
4370,17.417,640.135,646.644
4371,17.416,640.158,646.657
4372,17.414,640.182,646.670
4373,17.413,640.206,646.683
4374,17.411,640.229,646.696
4375,17.410,640.253,646.709
4376,17.408,640.276,646.721
4377,17.407,640.300,646.733
4378,17.405,640.323,646.747
4379,17.403,640.347,646.759
4380,17.402,640.370,646.771
4381,17.400,640.393,646.784
4382,17.399,640.416,646.797
4383,17.397,640.438,646.809
4384,17.396,640.462,646.822
4385,17.394,640.484,646.834
4386,17.393,640.508,646.846
4387,17.391,640.530,646.859
4388,17.390,640.553,646.871
4389,17.388,640.575,646.883
4390,17.387,640.599,646.896
4391,17.385,640.621,646.908
4392,17.384,640.644,646.921
4393,17.382,640.666,646.933
4394,17.381,640.688,646.945
4395,17.379,640.711,646.956
4396,17.378,640.732,646.969
4397,17.376,640.755,646.981
4398,17.375,640.777,646.993
4399,17.373,640.799,647.005
4400,17.372,640.821,647.017
4401,17.370,640.843,647.030
4402,17.369,640.865,647.041
4403,17.367,640.887,647.053
4404,17.366,640.909,647.065
4405,17.364,640.931,647.077
4406,17.363,640.952,647.088
4407,17.361,640.974,647.100
4408,17.360,640.995,647.112
4409,17.358,641.017,647.123
4410,17.357,641.038,647.136
4411,17.355,641.060,647.147
4412,17.354,641.081,647.159
4413,17.352,641.102,647.170
4414,17.351,641.124,647.182
4415,17.349,641.145,647.193
4416,17.348,641.166,647.205
4417,17.346,641.188,647.216
4418,17.345,641.208,647.227
4419,17.343,641.229,647.240
4420,17.342,641.250,647.251
4421,17.340,641.271,647.262
4422,17.339,641.292,647.273
4423,17.337,641.313,647.285
4424,17.336,641.334,647.296
4425,17.334,641.354,647.307
4426,17.333,641.375,647.318
4427,17.331,641.396,647.329
4428,17.330,641.416,647.341
4429,17.328,641.437,647.352
4430,17.327,641.457,647.363
4431,17.326,641.478,647.374
4432,17.324,641.498,647.386
4433,17.323,641.518,647.397
4434,17.321,641.538,647.407
4435,17.320,641.558,647.418
4436,17.318,641.579,647.429
4437,17.317,641.599,647.440
4438,17.315,641.619,647.451
4439,17.314,641.639,647.462
4440,17.312,641.659,647.473
4441,17.311,641.679,647.484
4442,17.309,641.699,647.495
4443,17.308,641.718,647.505
4444,17.307,641.738,647.516
4445,17.305,641.758,647.526
4446,17.304,641.778,647.538
4447,17.302,641.797,647.548
4448,17.301,641.817,647.559
4449,17.299,641.836,647.570
4450,17.298,641.856,647.580
4451,17.296,641.875,647.591
4452,17.295,641.895,647.601
4453,17.294,641.914,647.612
4454,17.292,641.933,647.622
4455,17.291,641.952,647.633
4456,17.289,641.972,647.643
4457,17.288,641.991,647.653
4458,17.286,642.010,647.664
4459,17.285,642.029,647.675
4460,17.284,642.048,647.685
4461,17.282,642.066,647.695
4462,17.281,642.086,647.706
4463,17.279,642.105,647.715
4464,17.278,642.124,647.726
4465,17.276,642.142,647.736
4466,17.275,642.161,647.746
4467,17.274,642.180,647.756
4468,17.272,642.198,647.767
4469,17.271,642.217,647.777
4470,17.269,642.236,647.787
4471,17.268,642.254,647.797
4472,17.266,642.273,647.807
4473,17.265,642.291,647.817
4474,17.264,642.310,647.827
4475,17.262,642.328,647.837
4476,17.261,642.346,647.847
4477,17.259,642.365,647.857
4478,17.258,642.383,647.867
4479,17.257,642.401,647.877
4480,17.255,642.419,647.887
4481,17.254,642.437,647.897
4482,17.252,642.456,647.906
4483,17.251,642.474,647.916
4484,17.250,642.492,647.926
4485,17.248,642.509,647.936
4486,17.247,642.527,647.945
4487,17.245,642.545,647.955
4488,17.244,642.562,647.965
4489,17.243,642.580,647.975
4490,17.241,642.598,647.984
4491,17.240,642.616,647.994
4492,17.238,642.633,648.003
4493,17.237,642.651,648.013
4494,17.236,642.669,648.023
4495,17.234,642.686,648.032
4496,17.233,642.704,648.042
4497,17.231,642.721,648.051
4498,17.230,642.738,648.061
4499,17.229,642.756,648.070
4500,17.227,642.773,648.079
4501,17.226,642.791,648.089
4502,17.224,642.808,648.098
4503,17.223,642.825,648.108
4504,17.222,642.842,648.117
4505,17.220,642.859,648.126
4506,17.219,642.876,648.136
4507,17.218,642.893,648.145
4508,17.216,642.911,648.154
4509,17.215,642.928,648.163
4510,17.213,642.944,648.173
4511,17.212,642.961,648.182
4512,17.211,642.978,648.191
4513,17.209,642.995,648.200
4514,17.208,643.012,648.209
4515,17.207,643.029,648.219
4516,17.205,643.045,648.228
4517,17.204,643.061,648.237
4518,17.203,643.078,648.246
4519,17.201,643.095,648.255
4520,17.200,643.111,648.264
4521,17.198,643.128,648.273
4522,17.197,643.144,648.282
4523,17.196,643.160,648.291
4524,17.194,643.177,648.300
4525,17.193,643.193,648.309
4526,17.192,643.210,648.317
4527,17.190,643.226,648.326
4528,17.189,643.242,648.335
4529,17.188,643.258,648.343
4530,17.186,643.275,648.352
4531,17.185,643.291,648.361
4532,17.184,643.307,648.370
4533,17.182,643.323,648.378
4534,17.181,643.340,648.387
4535,17.180,643.355,648.396
4536,17.178,643.371,648.405
4537,17.177,643.387,648.413
4538,17.176,643.402,648.422
4539,17.174,643.419,648.431
4540,17.173,643.435,648.439
4541,17.172,643.451,648.448
4542,17.170,643.466,648.457
4543,17.169,643.482,648.465
4544,17.168,643.498,648.474
4545,17.166,643.514,648.482
4546,17.165,643.529,648.491
4547,17.164,643.544,648.499
4548,17.162,643.560,648.507
4549,17.161,643.575,648.516
4550,17.160,643.591,648.524
4551,17.158,643.606,648.533
4552,17.157,643.622,648.541
4553,17.156,643.637,648.550
4554,17.154,643.652,648.558
4555,17.153,643.668,648.566
4556,17.152,643.683,648.575
4557,17.150,643.698,648.583
4558,17.149,643.713,648.591
4559,17.148,643.729,648.600
4560,17.146,643.744,648.608
4561,17.145,643.759,648.616
4562,17.144,643.774,648.624
4563,17.142,643.789,648.632
4564,17.141,643.804,648.640
4565,17.140,643.819,648.649
4566,17.139,643.834,648.657
4567,17.137,643.848,648.665
4568,17.136,643.864,648.673
4569,17.135,643.878,648.681
4570,17.133,643.893,648.689
4571,17.132,643.908,648.697
4572,17.131,643.923,648.705
4573,17.129,643.938,648.713
4574,17.128,643.952,648.722
4575,17.127,643.967,648.730
4576,17.126,643.982,648.738
4577,17.124,643.996,648.745
4578,17.123,644.011,648.753
4579,17.122,644.025,648.761
4580,17.120,644.039,648.769
4581,17.119,644.054,648.777
4582,17.118,644.068,648.785
4583,17.116,644.083,648.793
4584,17.115,644.098,648.800
4585,17.114,644.112,648.808
4586,17.113,644.126,648.816
4587,17.111,644.140,648.824
4588,17.110,644.154,648.832
4589,17.109,644.169,648.839
4590,17.108,644.183,648.847
4591,17.106,644.197,648.855
4592,17.105,644.211,648.862
4593,17.104,644.225,648.870
4594,17.102,644.239,648.878
4595,17.101,644.253,648.885
4596,17.100,644.267,648.893
4597,17.099,644.282,648.901
4598,17.097,644.295,648.909
4599,17.096,644.310,648.916
4600,17.095,644.323,648.923
4601,17.093,644.337,648.931
4602,17.092,644.351,648.938
4603,17.091,644.364,648.946
4604,17.090,644.378,648.954
4605,17.088,644.392,648.961
4606,17.087,644.406,648.968
4607,17.086,644.419,648.975
4608,17.085,644.433,648.983
4609,17.083,644.446,648.991
4610,17.082,644.460,648.998
4611,17.081,644.474,649.006
4612,17.080,644.488,649.013
4613,17.078,644.501,649.021
4614,17.077,644.515,649.027
4615,17.076,644.528,649.035
4616,17.075,644.542,649.042
4617,17.073,644.555,649.050
4618,17.072,644.568,649.057
4619,17.071,644.581,649.064
4620,17.070,644.595,649.072
4621,17.068,644.608,649.079
4622,17.067,644.622,649.086
4623,17.066,644.634,649.093
4624,17.065,644.648,649.100
4625,17.063,644.661,649.108
4626,17.062,644.674,649.114
4627,17.061,644.687,649.122
4628,17.060,644.701,649.129
4629,17.058,644.713,649.137
4630,17.057,644.727,649.143
4631,17.056,644.739,649.150
4632,17.055,644.753,649.157
4633,17.054,644.766,649.165
4634,17.052,644.779,649.171
4635,17.051,644.791,649.178
4636,17.050,644.805,649.186
4637,17.049,644.817,649.193
4638,17.047,644.830,649.199
4639,17.046,644.843,649.206
4640,17.045,644.855,649.214
4641,17.044,644.868,649.220
4642,17.042,644.881,649.227
4643,17.041,644.893,649.234
4644,17.040,644.906,649.241
4645,17.039,644.919,649.248
4646,17.038,644.931,649.255
4647,17.036,644.944,649.262
4648,17.035,644.957,649.269
4649,17.034,644.970,649.275
4650,17.033,644.982,649.282
4651,17.031,644.994,649.289
4652,17.030,645.007,649.296
4653,17.029,645.019,649.302
4654,17.028,645.031,649.309
4655,17.027,645.044,649.316
4656,17.025,645.056,649.323
4657,17.024,645.068,649.329
4658,17.023,645.081,649.336
4659,17.022,645.093,649.343
4660,17.021,645.106,649.350
4661,17.019,645.118,649.356
4662,17.018,645.130,649.363
4663,17.017,645.142,649.370
4664,17.016,645.154,649.377
4665,17.015,645.166,649.383
4666,17.013,645.179,649.389
4667,17.012,645.191,649.396
4668,17.011,645.203,649.403
4669,17.010,645.215,649.409
4670,17.009,645.227,649.416
4671,17.007,645.239,649.422
4672,17.006,645.251,649.429
4673,17.005,645.263,649.435
4674,17.004,645.275,649.442
4675,17.003,645.286,649.449
4676,17.001,645.298,649.455
4677,17.000,645.310,649.461
4678,16.999,645.322,649.468
4679,16.998,645.334,649.474
4680,16.997,645.346,649.481
4681,16.996,645.357,649.487
4682,16.994,645.369,649.493
4683,16.993,645.381,649.500
4684,16.992,645.393,649.507
4685,16.991,645.404,649.512
4686,16.990,645.416,649.519
4687,16.988,645.427,649.525
4688,16.987,645.439,649.532
4689,16.986,645.451,649.538
4690,16.985,645.462,649.544
4691,16.984,645.474,649.551
4692,16.983,645.486,649.557
4693,16.981,645.497,649.563
4694,16.980,645.508,649.569
4695,16.979,645.519,649.576
4696,16.978,645.532,649.582
4697,16.977,645.543,649.588
4698,16.976,645.554,649.594
4699,16.974,645.565,649.600
4700,16.973,645.577,649.607
4701,16.972,645.588,649.612
4702,16.971,645.599,649.619
4703,16.970,645.610,649.625
4704,16.969,645.622,649.631
4705,16.967,645.633,649.637
4706,16.966,645.644,649.644
4707,16.965,645.655,649.649
4708,16.964,645.667,649.656
4709,16.963,645.678,649.661
4710,16.962,645.689,649.668
4711,16.961,645.699,649.674
4712,16.959,645.710,649.679
4713,16.958,645.722,649.686
4714,16.957,645.733,649.691
4715,16.956,645.744,649.698
4716,16.955,645.755,649.704
4717,16.954,645.766,649.709
4718,16.952,645.777,649.716
4719,16.951,645.787,649.722
4720,16.950,645.798,649.727
4721,16.949,645.809,649.733
4722,16.948,645.820,649.739
4723,16.947,645.831,649.745
4724,16.946,645.842,649.751
4725,16.944,645.853,649.757
4726,16.943,645.863,649.763
4727,16.942,645.874,649.769
4728,16.941,645.884,649.774
4729,16.940,645.895,649.781
4730,16.939,645.906,649.786
4731,16.938,645.917,649.792
4732,16.937,645.927,649.798
4733,16.935,645.938,649.803
4734,16.934,645.949,649.810
4735,16.933,645.959,649.816
4736,16.932,645.970,649.821
4737,16.931,645.980,649.827
4738,16.930,645.991,649.832
4739,16.929,646.002,649.838
4740,16.927,646.012,649.844
4741,16.926,646.023,649.849
4742,16.925,646.033,649.855
4743,16.924,646.043,649.861
4744,16.923,646.053,649.866
4745,16.922,646.064,649.873
4746,16.921,646.074,649.878
4747,16.920,646.085,649.884
4748,16.919,646.095,649.890
4749,16.917,646.106,649.895
4750,16.916,646.116,649.901
4751,16.915,646.126,649.907
4752,16.914,646.136,649.912
4753,16.913,646.146,649.917
4754,16.912,646.156,649.923
4755,16.911,646.167,649.928
4756,16.910,646.177,649.934
4757,16.908,646.187,649.939
4758,16.907,646.197,649.945
4759,16.906,646.207,649.951
4760,16.905,646.217,649.956
4761,16.904,646.227,649.962
4762,16.903,646.237,649.967
4763,16.902,646.248,649.972
4764,16.901,646.258,649.978
4765,16.900,646.268,649.983
4766,16.899,646.278,649.989
4767,16.897,646.287,649.995
4768,16.896,646.297,650.000
4769,16.895,646.307,650.005
4770,16.894,646.317,650.010
4771,16.893,646.327,650.016
4772,16.892,646.337,650.022
4773,16.891,646.347,650.027
4774,16.890,646.357,650.032
4775,16.889,646.366,650.038
4776,16.888,646.376,650.043
4777,16.886,646.386,650.048
4778,16.885,646.395,650.053
4779,16.884,646.406,650.059
4780,16.883,646.415,650.064
4781,16.882,646.425,650.069
4782,16.881,646.435,650.075
4783,16.880,646.444,650.080
4784,16.879,646.454,650.085
4785,16.878,646.463,650.091
4786,16.877,646.473,650.096
4787,16.876,646.483,650.101
4788,16.875,646.492,650.106
4789,16.873,646.502,650.111
4790,16.872,646.511,650.117
4791,16.871,646.521,650.122
4792,16.870,646.530,650.127
4793,16.869,646.540,650.132
4794,16.868,646.549,650.137
4795,16.867,646.559,650.142
4796,16.866,646.568,650.148
4797,16.865,646.578,650.152
4798,16.864,646.587,650.158
4799,16.863,646.596,650.163
4800,16.862,646.606,650.168
4801,16.861,646.615,650.173
4802,16.860,646.624,650.178
4803,16.858,646.634,650.183
4804,16.857,646.643,650.189
4805,16.856,646.652,650.194
4806,16.855,646.662,650.199
4807,16.854,646.671,650.204
4808,16.853,646.680,650.209
4809,16.852,646.689,650.214
4810,16.851,646.698,650.219
4811,16.850,646.708,650.224
4812,16.849,646.717,650.229
4813,16.848,646.726,650.234
4814,16.847,646.735,650.239
4815,16.846,646.744,650.244
4816,16.845,646.753,650.249
4817,16.844,646.762,650.254
4818,16.843,646.771,650.259
4819,16.841,646.781,650.264
4820,16.840,646.790,650.269
4821,16.839,646.799,650.274
4822,16.838,646.808,650.278
4823,16.837,646.816,650.284
4824,16.836,646.825,650.288
4825,16.835,646.834,650.294
4826,16.834,646.843,650.298
4827,16.833,646.852,650.303
4828,16.832,646.861,650.308
4829,16.831,646.870,650.313
4830,16.830,646.879,650.318
4831,16.829,646.888,650.323
4832,16.828,646.897,650.327
4833,16.827,646.905,650.332
4834,16.826,646.914,650.337
4835,16.825,646.923,650.342
4836,16.824,646.932,650.346
4837,16.823,646.940,650.351
4838,16.822,646.949,650.356
4839,16.821,646.958,650.361
4840,16.820,646.967,650.365
4841,16.819,646.975,650.371
4842,16.818,646.984,650.375
4843,16.816,646.993,650.380
4844,16.815,647.001,650.385
4845,16.814,647.010,650.390
4846,16.813,647.019,650.394
4847,16.812,647.027,650.399
4848,16.811,647.036,650.403
4849,16.810,647.044,650.408
4850,16.809,647.053,650.413
4851,16.808,647.061,650.418
4852,16.807,647.070,650.422
4853,16.806,647.078,650.427
4854,16.805,647.087,650.431
4855,16.804,647.095,650.436
4856,16.803,647.104,650.440
4857,16.802,647.112,650.446
4858,16.801,647.121,650.450
4859,16.800,647.129,650.455
4860,16.799,647.137,650.459
4861,16.798,647.146,650.464
4862,16.797,647.154,650.468
4863,16.796,647.163,650.473
4864,16.795,647.171,650.477
4865,16.794,647.180,650.482
4866,16.793,647.188,650.486
4867,16.792,647.196,650.491
4868,16.791,647.204,650.495
4869,16.790,647.212,650.500
4870,16.789,647.221,650.504
4871,16.788,647.229,650.509
4872,16.787,647.237,650.513
4873,16.786,647.246,650.518
4874,16.785,647.254,650.522
4875,16.784,647.262,650.527
4876,16.783,647.270,650.531
4877,16.782,647.278,650.536
4878,16.781,647.286,650.540
4879,16.780,647.294,650.545
4880,16.779,647.303,650.549
4881,16.778,647.311,650.554
4882,16.777,647.319,650.558
4883,16.776,647.327,650.563
4884,16.775,647.335,650.567
4885,16.774,647.343,650.572
4886,16.773,647.351,650.576
4887,16.772,647.359,650.581
4888,16.771,647.367,650.584
4889,16.770,647.375,650.589
4890,16.769,647.383,650.593
4891,16.768,647.391,650.598
4892,16.767,647.399,650.602
4893,16.766,647.407,650.607
4894,16.765,647.415,650.611
4895,16.764,647.423,650.615
4896,16.763,647.431,650.619
4897,16.762,647.439,650.624
4898,16.761,647.447,650.628
4899,16.760,647.455,650.633
4900,16.759,647.463,650.636
4901,16.758,647.470,650.641
4902,16.757,647.477,650.645
4903,16.756,647.485,650.650
4904,16.755,647.493,650.653
4905,16.754,647.501,650.658
4906,16.753,647.509,650.662
4907,16.752,647.517,650.666
4908,16.751,647.525,650.670
4909,16.750,647.533,650.675
4910,16.749,647.539,650.679
4911,16.748,647.547,650.683
4912,16.747,647.555,650.687
4913,16.746,647.563,650.692
4914,16.745,647.570,650.696
4915,16.744,647.578,650.700
4916,16.743,647.586,650.704
4917,16.742,647.594,650.709
4918,16.741,647.600,650.712
4919,16.740,647.608,650.717
4920,16.739,647.616,650.721
4921,16.738,647.624,650.725
4922,16.738,647.631,650.729
4923,16.737,647.639,650.733
4924,16.736,647.646,650.737
4925,16.735,647.654,650.742
4926,16.734,647.661,650.745
4927,16.733,647.668,650.750
4928,16.732,647.676,650.754
4929,16.731,647.684,650.758
4930,16.730,647.691,650.762
4931,16.729,647.699,650.766
4932,16.728,647.706,650.770
4933,16.727,647.714,650.774
4934,16.726,647.721,650.778
4935,16.725,647.728,650.783
4936,16.724,647.735,650.786
4937,16.723,647.743,650.790
4938,16.722,647.750,650.794
4939,16.721,647.757,650.798
4940,16.720,647.765,650.802
4941,16.719,647.772,650.806
4942,16.718,647.780,650.810
4943,16.717,647.786,650.815
4944,16.716,647.794,650.818
4945,16.715,647.801,650.822
4946,16.715,647.809,650.826
4947,16.714,647.816,650.830
4948,16.713,647.823,650.834
4949,16.712,647.830,650.838
4950,16.711,647.838,650.842
4951,16.710,647.845,650.846
4952,16.709,647.852,650.850
4953,16.708,647.859,650.854
4954,16.707,647.866,650.858
4955,16.706,647.873,650.862
4956,16.705,647.880,650.866
4957,16.704,647.888,650.870
4958,16.703,647.895,650.873
4959,16.702,647.902,650.877
4960,16.701,647.909,650.881
4961,16.700,647.916,650.885
4962,16.699,647.923,650.889
4963,16.698,647.930,650.893
4964,16.698,647.937,650.897
4965,16.697,647.944,650.901
4966,16.696,647.951,650.904
4967,16.695,647.958,650.908
4968,16.694,647.965,650.912
4969,16.693,647.972,650.916
4970,16.692,647.979,650.920
4971,16.691,647.985,650.923
4972,16.690,647.993,650.928
4973,16.689,648.000,650.931
4974,16.688,648.007,650.935
4975,16.687,648.013,650.939
4976,16.686,648.020,650.942
4977,16.685,648.027,650.946
4978,16.685,648.034,650.950
4979,16.684,648.042,650.954
4980,16.683,648.048,650.958
4981,16.682,648.055,650.961
4982,16.681,648.062,650.965
4983,16.680,648.069,650.969
4984,16.679,648.075,650.973
4985,16.678,648.082,650.977
4986,16.677,648.089,650.980
4987,16.676,648.096,650.983
4988,16.675,648.102,650.988
4989,16.674,648.109,650.991
4990,16.673,648.116,650.994
4991,16.673,648.123,650.998
4992,16.672,648.129,651.002
4993,16.671,648.136,651.006
4994,16.670,648.143,651.010
4995,16.669,648.150,651.013
4996,16.668,648.156,651.017
4997,16.667,648.163,651.020
4998,16.666,648.169,651.024
4999,16.665,648.176,651.028
