# Time (s),Mass (g),T Back (K),T Front (K)
0,68.400,293.000,293.000
1,68.400,293.000,319.829
2,68.400,293.000,330.716
3,68.400,293.000,338.887
4,68.400,293.000,345.725
5,68.400,293.000,351.668
6,68.400,293.000,357.014
7,68.400,293.000,361.864
8,68.400,293.000,366.337
9,68.400,293.000,370.489
10,68.400,293.000,374.387
11,68.400,293.000,378.054
12,68.400,293.000,381.534
13,68.400,293.000,384.836
14,68.400,293.000,387.994
15,68.400,293.000,391.009
16,68.400,293.000,393.907
17,68.400,293.000,396.686
18,68.400,293.000,399.370
19,68.400,293.000,401.950
20,68.400,293.000,404.452
21,68.400,293.000,406.864
22,68.400,293.000,409.208
23,68.400,293.000,411.473
24,68.400,293.000,413.680
25,68.400,293.000,415.816
26,68.400,293.000,417.900
27,68.400,293.000,419.922
28,68.400,293.000,421.898
29,68.400,293.000,423.816
30,68.400,293.000,425.689
31,68.400,293.000,427.517
32,68.400,293.000,429.297
33,68.400,293.001,431.035
34,68.400,293.001,432.734
35,68.400,293.001,434.392
36,68.400,293.001,436.015
37,68.399,293.002,437.603
38,68.399,293.003,439.156
39,68.399,293.003,440.676
40,68.399,293.004,442.164
41,68.399,293.005,443.621
42,68.399,293.006,445.048
43,68.399,293.008,446.447
44,68.399,293.009,447.818
45,68.399,293.012,449.161
46,68.398,293.014,450.478
47,68.398,293.017,451.770
48,68.398,293.020,453.036
49,68.398,293.024,454.279
50,68.398,293.028,455.497
51,68.397,293.032,456.692
52,68.397,293.038,457.865
53,68.397,293.044,459.016
54,68.397,293.050,460.146
55,68.396,293.058,461.255
56,68.396,293.066,462.343
57,68.396,293.075,463.411
58,68.395,293.084,464.461
59,68.395,293.095,465.491
60,68.394,293.107,466.503
61,68.394,293.119,467.498
62,68.393,293.134,468.473
63,68.393,293.149,469.433
64,68.392,293.164,470.376
65,68.392,293.182,471.303
66,68.391,293.200,472.214
67,68.390,293.220,473.109
68,68.390,293.241,473.990
69,68.389,293.264,474.856
70,68.388,293.288,475.708
71,68.388,293.314,476.546
72,68.387,293.341,477.370
73,68.386,293.369,478.182
74,68.385,293.400,478.981
75,68.384,293.432,479.767
76,68.383,293.465,480.541
77,68.383,293.501,481.304
78,68.382,293.538,482.056
79,68.381,293.576,482.795
80,68.380,293.617,483.525
81,68.379,293.660,484.244
82,68.377,293.704,484.953
83,68.376,293.750,485.652
84,68.375,293.799,486.342
85,68.374,293.850,487.022
86,68.373,293.902,487.693
87,68.372,293.957,488.356
88,68.370,294.013,489.009
89,68.369,294.072,489.656
90,68.368,294.132,490.294
91,68.366,294.195,490.923
92,68.365,294.260,491.545
93,68.363,294.327,492.160
94,68.362,294.397,492.767
95,68.360,294.468,493.368
96,68.359,294.542,493.962
97,68.357,294.617,494.549
98,68.356,294.696,495.129
99,68.354,294.775,495.704
100,68.353,294.858,496.272
101,68.351,294.943,496.834
102,68.349,295.030,497.390
103,68.348,295.120,497.942
104,68.346,295.212,498.487
105,68.344,295.306,499.026
106,68.342,295.402,499.560
107,68.340,295.500,500.090
108,68.339,295.601,500.614
109,68.337,295.704,501.134
110,68.335,295.810,501.649
111,68.333,295.918,502.159
112,68.331,296.028,502.664
113,68.329,296.140,503.165
114,68.327,296.255,503.661
115,68.325,296.372,504.153
116,68.323,296.491,504.641
117,68.321,296.613,505.125
118,68.319,296.736,505.605
119,68.317,296.862,506.080
120,68.314,296.991,506.552
121,68.312,297.122,507.019
122,68.310,297.254,507.483
123,68.308,297.389,507.944
124,68.306,297.527,508.401
125,68.303,297.666,508.854
126,68.301,297.807,509.305
127,68.299,297.951,509.751
128,68.297,298.098,510.194
129,68.294,298.246,510.633
130,68.292,298.397,511.069
131,68.289,298.549,511.502
132,68.287,298.704,511.933
133,68.285,298.861,512.361
134,68.282,299.020,512.784
135,68.280,299.181,513.204
136,68.277,299.344,513.622
137,68.275,299.509,514.037
138,68.272,299.676,514.451
139,68.270,299.846,514.859
140,68.267,300.016,515.265
141,68.264,300.190,515.669
142,68.262,300.365,516.071
143,68.259,300.542,516.469
144,68.256,300.722,516.864
145,68.254,300.903,517.257
146,68.251,301.086,517.648
147,68.248,301.271,518.037
148,68.246,301.458,518.422
149,68.243,301.646,518.805
150,68.240,301.837,519.186
151,68.237,302.030,519.565
152,68.234,302.224,519.940
153,68.232,302.420,520.313
154,68.229,302.618,520.685
155,68.226,302.818,521.055
156,68.223,303.019,521.420
157,68.220,303.223,521.785
158,68.217,303.426,522.149
159,68.214,303.634,522.508
160,68.211,303.842,522.865
161,68.208,304.052,523.223
162,68.205,304.263,523.576
163,68.202,304.476,523.927
164,68.199,304.691,524.278
165,68.196,304.907,524.625
166,68.193,305.125,524.969
167,68.190,305.345,525.314
168,68.187,305.566,525.656
169,68.184,305.788,525.995
170,68.180,306.012,526.333
171,68.177,306.238,526.669
172,68.174,306.465,527.002
173,68.171,306.693,527.336
174,68.168,306.923,527.666
175,68.164,307.153,527.993
176,68.161,307.387,528.322
177,68.158,307.620,528.646
178,68.154,307.856,528.969
179,68.151,308.093,529.292
180,68.148,308.330,529.610
181,68.144,308.570,529.929
182,68.141,308.810,530.246
183,68.137,309.052,530.559
184,68.134,309.295,530.874
185,68.130,309.539,531.185
186,68.127,309.785,531.494
187,68.124,310.032,531.804
188,68.120,310.280,532.109
189,68.116,310.529,532.415
190,68.113,310.779,532.717
191,68.109,311.031,533.019
192,68.106,311.283,533.322
193,68.102,311.537,533.618
194,68.098,311.791,533.916
195,68.095,312.047,534.211
196,68.091,312.304,534.505
197,68.087,312.561,534.800
198,68.084,312.820,535.090
199,68.080,313.080,535.382
200,68.076,313.342,535.669
201,68.072,313.603,535.957
202,68.069,313.866,536.243
203,68.065,314.130,536.526
204,68.061,314.395,536.811
205,68.057,314.660,537.090
206,68.053,314.927,537.373
207,68.049,315.194,537.650
208,68.045,315.462,537.929
209,68.041,315.732,538.204
210,68.037,316.002,538.479
211,68.033,316.272,538.752
212,68.029,316.544,539.024
213,68.025,316.816,539.297
214,68.021,317.089,539.565
215,68.017,317.363,539.836
216,68.013,317.639,540.100
217,68.009,317.914,540.369
218,68.005,318.190,540.632
219,68.001,318.467,540.897
220,67.997,318.745,541.158
221,67.992,319.023,541.420
222,67.988,319.302,541.679
223,67.984,319.582,541.938
224,67.980,319.863,542.196
225,67.975,320.144,542.453
226,67.971,320.425,542.708
227,67.967,320.707,542.962
228,67.963,320.990,543.216
229,67.958,321.274,543.467
230,67.954,321.558,543.719
231,67.949,321.843,543.967
232,67.945,322.128,544.217
233,67.941,322.414,544.463
234,67.936,322.701,544.711
235,67.932,322.988,544.955
236,67.927,323.275,545.201
237,67.923,323.562,545.443
238,67.918,323.851,545.686
239,67.913,324.140,545.925
240,67.909,324.429,546.167
241,67.904,324.719,546.404
242,67.900,325.010,546.644
243,67.895,325.301,546.879
244,67.890,325.592,547.117
245,67.886,325.884,547.350
246,67.881,326.176,547.585
247,67.876,326.468,547.817
248,67.871,326.760,548.050
249,67.867,327.054,548.279
250,67.862,327.347,548.511
251,67.857,327.642,548.738
252,67.852,327.936,548.968
253,67.847,328.231,549.193
254,67.842,328.526,549.420
255,67.838,328.821,549.644
256,67.833,329.117,549.870
257,67.828,329.413,550.091
258,67.823,329.709,550.315
259,67.818,330.006,550.535
260,67.813,330.303,550.757
261,67.808,330.600,550.975
262,67.803,330.897,551.195
263,67.798,331.195,551.411
264,67.793,331.493,551.629
265,67.787,331.792,551.844
266,67.782,332.090,552.061
267,67.777,332.389,552.273
268,67.772,332.688,552.488
269,67.767,332.987,552.699
270,67.762,333.287,552.912
271,67.756,333.587,553.121
272,67.751,333.886,553.333
273,67.746,334.186,553.540
274,67.741,334.487,553.750
275,67.735,334.787,553.956
276,67.730,335.087,554.164
277,67.725,335.388,554.368
278,67.719,335.688,554.575
279,67.714,335.989,554.778
280,67.708,336.291,554.982
281,67.703,336.592,555.183
282,67.697,336.893,555.387
283,67.692,337.195,555.586
284,67.686,337.497,555.788
285,67.681,337.798,555.986
286,67.675,338.100,556.186
287,67.670,338.402,556.382
288,67.664,338.704,556.581
289,67.659,339.006,556.775
290,67.653,339.309,556.972
291,67.647,339.611,557.166
292,67.642,339.913,557.361
293,67.636,340.216,557.553
294,67.630,340.518,557.747
295,67.625,340.821,557.937
296,67.619,341.123,558.129
297,67.613,341.426,558.319
298,67.607,341.728,558.510
299,67.602,342.031,558.697
300,67.596,342.334,558.887
301,67.590,342.636,559.072
302,67.584,342.939,559.261
303,67.578,343.242,559.446
304,67.572,343.544,559.633
305,67.566,343.847,559.815
306,67.560,344.150,560.001
307,67.555,344.452,560.182
308,67.549,344.755,560.366
309,67.543,345.058,560.547
310,67.537,345.360,560.729
311,67.531,345.663,560.909
312,67.524,345.965,561.090
313,67.518,346.268,561.267
314,67.512,346.570,561.448
315,67.506,346.872,561.625
316,67.500,347.175,561.803
317,67.494,347.477,561.978
318,67.488,347.779,562.155
319,67.482,348.081,562.329
320,67.475,348.383,562.505
321,67.469,348.685,562.677
322,67.463,348.987,562.852
323,67.457,349.289,563.024
324,67.450,349.590,563.197
325,67.444,349.892,563.367
326,67.438,350.193,563.539
327,67.431,350.495,563.708
328,67.425,350.796,563.879
329,67.419,351.097,564.047
330,67.412,351.398,564.216
331,67.406,351.699,564.383
332,67.399,352.000,564.551
333,67.393,352.300,564.716
334,67.386,352.601,564.883
335,67.380,352.902,565.047
336,67.373,353.202,565.213
337,67.367,353.502,565.377
338,67.360,353.802,565.542
339,67.354,354.102,565.703
340,67.347,354.401,565.867
341,67.341,354.701,566.027
342,67.334,355.000,566.190
343,67.327,355.299,566.350
344,67.321,355.598,566.511
345,67.314,355.897,566.669
346,67.307,356.195,566.829
347,67.301,356.494,566.986
348,67.294,356.792,567.145
349,67.287,357.090,567.301
350,67.280,357.388,567.459
351,67.274,357.685,567.614
352,67.267,357.983,567.772
353,67.260,358.280,567.925
354,67.253,358.577,568.081
355,67.246,358.874,568.234
356,67.239,359.171,568.388
357,67.233,359.468,568.540
358,67.226,359.764,568.694
359,67.219,360.060,568.845
360,67.212,360.356,568.997
361,67.205,360.652,569.147
362,67.198,360.947,569.298
363,67.191,361.242,569.447
364,67.184,361.537,569.597
365,67.177,361.831,569.745
366,67.170,362.126,569.894
367,67.163,362.420,570.041
368,67.156,362.714,570.189
369,67.148,363.007,570.335
370,67.141,363.301,570.483
371,67.134,363.594,570.627
372,67.127,363.887,570.774
373,67.120,364.180,570.917
374,67.113,364.472,571.062
375,67.105,364.765,571.205
376,67.098,365.057,571.350
377,67.091,365.348,571.491
378,67.084,365.639,571.635
379,67.076,365.930,571.776
380,67.069,366.221,571.918
381,67.062,366.511,572.058
382,67.055,366.802,572.199
383,67.047,367.092,572.338
384,67.040,367.381,572.478
385,67.032,367.670,572.616
386,67.025,367.959,572.756
387,67.018,368.248,572.894
388,67.010,368.536,573.032
389,67.003,368.825,573.168
390,66.995,369.113,573.306
391,66.988,369.400,573.441
392,66.980,369.688,573.578
393,66.973,369.975,573.712
394,66.965,370.261,573.848
395,66.958,370.548,573.982
396,66.950,370.834,574.117
397,66.942,371.119,574.250
398,66.935,371.404,574.384
399,66.927,371.689,574.515
400,66.920,371.974,574.649
401,66.912,372.258,574.779
402,66.904,372.542,574.912
403,66.897,372.826,575.042
404,66.889,373.110,575.174
405,66.881,373.393,575.302
406,66.873,373.676,575.434
407,66.866,373.958,575.562
408,66.858,374.240,575.692
409,66.850,374.521,575.819
410,66.842,374.803,575.948
411,66.834,375.084,576.075
412,66.827,375.364,576.203
413,66.819,375.644,576.328
414,66.811,375.924,576.456
415,66.803,376.204,576.581
416,66.795,376.483,576.708
417,66.787,376.762,576.832
418,66.779,377.040,576.958
419,66.771,377.318,577.081
420,66.763,377.596,577.206
421,66.755,377.873,577.329
422,66.747,378.150,577.453
423,66.739,378.426,577.575
424,66.731,378.703,577.698
425,66.723,378.978,577.819
426,66.715,379.253,577.942
427,66.707,379.528,578.063
428,66.699,379.803,578.185
429,66.691,380.078,578.304
430,66.682,380.352,578.425
431,66.674,380.625,578.544
432,66.666,380.898,578.664
433,66.658,381.170,578.782
434,66.650,381.443,578.902
435,66.641,381.714,579.019
436,66.633,381.986,579.138
437,66.625,382.257,579.254
438,66.617,382.527,579.373
439,66.608,382.798,579.488
440,66.600,383.068,579.606
441,66.592,383.337,579.721
442,66.583,383.605,579.838
443,66.575,383.874,579.952
444,66.567,384.142,580.068
445,66.558,384.409,580.182
446,66.550,384.676,580.297
447,66.541,384.943,580.410
448,66.533,385.210,580.524
449,66.524,385.476,580.636
450,66.516,385.741,580.750
451,66.507,386.006,580.862
452,66.499,386.271,580.976
453,66.490,386.535,581.087
454,66.482,386.798,581.199
455,66.473,387.061,581.309
456,66.465,387.324,581.421
457,66.456,387.586,581.530
458,66.447,387.848,581.641
459,66.439,388.110,581.750
460,66.430,388.371,581.860
461,66.422,388.631,581.969
462,66.413,388.891,582.079
463,66.404,389.150,582.186
464,66.395,389.409,582.296
465,66.387,389.668,582.403
466,66.378,389.926,582.511
467,66.369,390.184,582.617
468,66.360,390.441,582.725
469,66.352,390.698,582.831
470,66.343,390.954,582.938
471,66.334,391.209,583.043
472,66.325,391.464,583.149
473,66.316,391.719,583.254
474,66.307,391.973,583.360
475,66.298,392.227,583.463
476,66.290,392.481,583.569
477,66.281,392.733,583.671
478,66.272,392.986,583.777
479,66.263,393.237,583.879
480,66.254,393.488,583.983
481,66.245,393.739,584.085
482,66.236,393.989,584.189
483,66.227,394.238,584.290
484,66.218,394.488,584.393
485,66.209,394.737,584.493
486,66.200,394.985,584.596
487,66.190,395.233,584.696
488,66.181,395.480,584.797
489,66.172,395.726,584.897
490,66.163,395.972,584.998
491,66.154,396.217,585.097
492,66.145,396.462,585.198
493,66.136,396.707,585.296
494,66.126,396.951,585.396
495,66.117,397.195,585.494
496,66.108,397.437,585.593
497,66.099,397.679,585.690
498,66.089,397.921,585.789
499,66.080,398.162,585.886
500,66.071,398.403,585.984
501,66.061,398.644,586.080
502,66.052,398.883,586.177
503,66.043,399.122,586.273
504,66.033,399.360,586.370
505,66.024,399.598,586.465
506,66.015,399.835,586.562
507,66.005,400.072,586.656
508,65.996,400.308,586.753
509,65.986,400.544,586.847
510,65.977,400.779,586.942
511,65.967,401.014,587.035
512,65.958,401.248,587.130
513,65.948,401.481,587.223
514,65.939,401.714,587.317
515,65.929,401.946,587.409
516,65.920,402.178,587.503
517,65.910,402.409,587.595
518,65.900,402.639,587.688
519,65.891,402.869,587.779
520,65.881,403.098,587.872
521,65.871,403.327,587.963
522,65.862,403.555,588.056
523,65.852,403.783,588.145
524,65.842,404.010,588.238
525,65.833,404.236,588.327
526,65.823,404.462,588.419
527,65.813,404.687,588.508
528,65.803,404.911,588.599
529,65.794,405.135,588.687
530,65.784,405.358,588.777
531,65.774,405.581,588.866
532,65.764,405.803,588.955
533,65.754,406.025,589.043
534,65.745,406.245,589.132
535,65.735,406.465,589.220
536,65.725,406.685,589.308
537,65.715,406.904,589.395
538,65.705,407.123,589.483
539,65.695,407.341,589.569
540,65.685,407.558,589.657
541,65.675,407.774,589.743
542,65.665,407.990,589.831
543,65.655,408.205,589.916
544,65.645,408.420,590.003
545,65.635,408.634,590.088
546,65.625,408.848,590.174
547,65.615,409.060,590.259
548,65.605,409.272,590.344
549,65.595,409.483,590.428
550,65.585,409.694,590.514
551,65.574,409.904,590.597
552,65.564,410.114,590.682
553,65.554,410.323,590.765
554,65.544,410.531,590.849
555,65.534,410.739,590.932
556,65.524,410.946,591.016
557,65.513,411.152,591.098
558,65.503,411.358,591.182
559,65.493,411.563,591.263
560,65.483,411.768,591.347
561,65.472,411.971,591.428
562,65.462,412.174,591.511
563,65.452,412.376,591.592
564,65.441,412.578,591.674
565,65.431,412.780,591.755
566,65.421,412.980,591.836
567,65.410,413.180,591.916
568,65.400,413.379,591.997
569,65.389,413.577,592.077
570,65.379,413.775,592.158
571,65.369,413.972,592.237
572,65.358,414.169,592.317
573,65.348,414.365,592.396
574,65.337,414.560,592.476
575,65.327,414.755,592.554
576,65.316,414.948,592.634
577,65.306,415.141,592.712
578,65.295,415.334,592.792
579,65.284,415.527,592.868
580,65.274,415.718,592.948
581,65.263,415.908,593.024
582,65.253,416.098,593.103
583,65.242,416.287,593.179
584,65.231,416.476,593.258
585,65.221,416.664,593.334
586,65.210,416.851,593.412
587,65.199,417.037,593.488
588,65.189,417.223,593.564
589,65.178,417.408,593.640
590,65.167,417.593,593.717
591,65.156,417.777,593.792
592,65.146,417.960,593.868
593,65.135,418.143,593.943
594,65.124,418.325,594.018
595,65.113,418.506,594.093
596,65.102,418.686,594.168
597,65.092,418.866,594.242
598,65.081,419.046,594.317
599,65.070,419.225,594.391
600,65.059,419.402,594.466
601,65.048,419.580,594.539
602,65.037,419.756,594.614
603,65.026,419.932,594.686
604,65.015,420.108,594.761
605,65.004,420.282,594.833
606,64.993,420.456,594.906
607,64.982,420.629,594.978
608,64.971,420.802,595.052
609,64.960,420.974,595.124
610,64.949,421.145,595.196
611,64.938,421.316,595.268
612,64.927,421.486,595.340
613,64.916,421.656,595.411
614,64.905,421.824,595.483
615,64.894,421.992,595.554
616,64.883,422.159,595.625
617,64.872,422.326,595.695
618,64.861,422.493,595.767
619,64.849,422.658,595.837
620,64.838,422.823,595.908
621,64.827,422.987,595.977
622,64.816,423.150,596.048
623,64.805,423.313,596.117
624,64.793,423.476,596.188
625,64.782,423.638,596.256
626,64.771,423.799,596.327
627,64.760,423.959,596.395
628,64.748,424.119,596.465
629,64.737,424.278,596.533
630,64.726,424.437,596.602
631,64.715,424.595,596.670
632,64.703,424.752,596.738
633,64.692,424.908,596.806
634,64.680,425.064,596.874
635,64.669,425.219,596.942
636,64.658,425.374,597.010
637,64.646,425.528,597.077
638,64.635,425.682,597.144
639,64.623,425.835,597.211
640,64.612,425.987,597.278
641,64.601,426.139,597.344
642,64.589,426.290,597.411
643,64.578,426.440,597.477
644,64.566,426.590,597.544
645,64.555,426.740,597.610
646,64.543,426.889,597.677
647,64.532,427.037,597.741
648,64.520,427.184,597.808
649,64.509,427.331,597.872
650,64.497,427.477,597.939
651,64.485,427.623,598.003
652,64.474,427.769,598.069
653,64.462,427.914,598.132
654,64.451,428.057,598.198
655,64.439,428.201,598.261
656,64.427,428.344,598.327
657,64.416,428.486,598.390
658,64.404,428.628,598.455
659,64.392,428.769,598.518
660,64.381,428.910,598.583
661,64.369,429.050,598.646
662,64.357,429.190,598.709
663,64.346,429.329,598.772
664,64.334,429.467,598.836
665,64.322,429.605,598.898
666,64.310,429.742,598.961
667,64.298,429.879,599.024
668,64.287,430.016,599.086
669,64.275,430.152,599.148
670,64.263,430.287,599.211
671,64.251,430.421,599.272
672,64.239,430.556,599.335
673,64.228,430.689,599.396
674,64.216,430.822,599.458
675,64.204,430.955,599.519
676,64.192,431.088,599.581
677,64.180,431.220,599.641
678,64.168,431.351,599.703
679,64.156,431.481,599.763
680,64.144,431.611,599.825
681,64.133,431.741,599.884
682,64.121,431.870,599.946
683,64.109,431.999,600.005
684,64.097,432.127,600.066
685,64.085,432.255,600.125
686,64.073,432.382,600.186
687,64.061,432.509,600.245
688,64.049,432.636,600.305
689,64.037,432.761,600.364
690,64.025,432.887,600.424
691,64.013,433.012,600.482
692,64.001,433.136,600.542
693,63.989,433.260,600.600
694,63.977,433.384,600.659
695,63.964,433.508,600.717
696,63.952,433.630,600.776
697,63.940,433.753,600.834
698,63.928,433.875,600.893
699,63.916,433.996,600.950
700,63.904,434.117,601.008
701,63.892,434.237,601.066
702,63.880,434.357,601.124
703,63.868,434.477,601.181
704,63.855,434.597,601.239
705,63.843,434.716,601.295
706,63.831,434.835,601.353
707,63.819,434.953,601.409
708,63.807,435.071,601.467
709,63.794,435.188,601.523
710,63.782,435.305,601.581
711,63.770,435.421,601.636
712,63.758,435.537,601.693
713,63.745,435.653,601.748
714,63.733,435.769,601.805
715,63.721,435.884,601.860
716,63.709,435.999,601.917
717,63.696,436.113,601.972
718,63.684,436.227,602.028
719,63.672,436.341,602.083
720,63.660,436.454,602.139
721,63.647,436.567,602.194
722,63.635,436.680,602.249
723,63.623,436.792,602.303
724,63.610,436.904,602.358
725,63.598,437.015,602.413
726,63.585,437.126,602.467
727,63.573,437.237,602.522
728,63.561,437.348,602.576
729,63.548,437.459,602.630
730,63.536,437.569,602.684
731,63.524,437.678,602.738
732,63.511,437.788,602.792
733,63.499,437.897,602.845
734,63.486,438.005,602.899
735,63.474,438.113,602.952
736,63.461,438.222,603.006
737,63.449,438.329,603.058
738,63.437,438.437,603.112
739,63.424,438.544,603.164
740,63.412,438.651,603.218
741,63.399,438.758,603.270
742,63.387,438.864,603.324
743,63.374,438.971,603.375
744,63.362,439.076,603.428
745,63.349,439.182,603.479
746,63.337,439.287,603.533
747,63.324,439.392,603.583
748,63.312,439.497,603.636
749,63.299,439.601,603.687
750,63.286,439.705,603.740
751,63.274,439.809,603.790
752,63.261,439.913,603.843
753,63.249,440.017,603.893
754,63.236,440.120,603.945
755,63.224,440.223,603.995
756,63.211,440.325,604.047
757,63.198,440.428,604.097
758,63.186,440.530,604.149
759,63.173,440.632,604.199
760,63.161,440.734,604.250
761,63.148,440.836,604.300
762,63.135,440.938,604.350
763,63.123,441.039,604.400
764,63.110,441.140,604.450
765,63.097,441.241,604.500
766,63.085,441.341,604.550
767,63.072,441.442,604.600
768,63.059,441.542,604.650
769,63.047,441.642,604.699
770,63.034,441.742,604.748
771,63.021,441.841,604.798
772,63.009,441.941,604.847
773,62.996,442.040,604.896
774,62.983,442.139,604.945
775,62.971,442.238,604.994
776,62.958,442.336,605.043
777,62.945,442.435,605.091
778,62.932,442.533,605.140
779,62.920,442.631,605.188
780,62.907,442.729,605.237
781,62.894,442.827,605.285
782,62.881,442.925,605.334
783,62.869,443.022,605.381
784,62.856,443.120,605.430
785,62.843,443.217,605.477
786,62.830,443.314,605.525
787,62.818,443.411,605.572
788,62.805,443.508,605.620
789,62.792,443.604,605.667
790,62.779,443.701,605.715
791,62.766,443.797,605.761
792,62.754,443.893,605.810
793,62.741,443.989,605.856
794,62.728,444.085,605.903
795,62.715,444.180,605.949
796,62.702,444.276,605.997
797,62.689,444.371,606.043
798,62.676,444.467,606.090
799,62.664,444.562,606.136
800,62.651,444.657,606.183
801,62.638,444.752,606.229
802,62.625,444.847,606.275
803,62.612,444.941,606.321
804,62.599,445.036,606.367
805,62.586,445.130,606.413
806,62.574,445.225,606.459
807,62.561,445.319,606.505
808,62.548,445.413,606.550
809,62.535,445.507,606.596
810,62.522,445.601,606.641
811,62.509,445.695,606.686
812,62.496,445.789,606.731
813,62.483,445.883,606.777
814,62.470,445.976,606.822
815,62.457,446.070,606.866
816,62.444,446.163,606.911
817,62.431,446.257,606.956
818,62.418,446.350,607.001
819,62.405,446.443,607.045
820,62.392,446.536,607.090
821,62.380,446.629,607.134
822,62.367,446.722,607.179
823,62.354,446.815,607.222
824,62.341,446.907,607.267
825,62.328,447.000,607.311
826,62.315,447.092,607.356
827,62.302,447.185,607.398
828,62.289,447.277,607.443
829,62.276,447.370,607.486
830,62.263,447.462,607.530
831,62.250,447.554,607.573
832,62.237,447.646,607.617
833,62.224,447.738,607.660
834,62.210,447.830,607.704
835,62.197,447.922,607.746
836,62.184,448.014,607.790
837,62.171,448.106,607.832
838,62.158,448.198,607.876
839,62.145,448.289,607.918
840,62.132,448.381,607.961
841,62.119,448.473,608.003
842,62.106,448.564,608.046
843,62.093,448.656,608.088
844,62.080,448.747,608.131
845,62.067,448.838,608.173
846,62.054,448.930,608.216
847,62.041,449.021,608.258
848,62.028,449.112,608.300
849,62.015,449.204,608.342
850,62.001,449.295,608.384
851,61.988,449.386,608.426
852,61.975,449.477,608.467
853,61.962,449.568,608.509
854,61.949,449.659,608.551
855,61.936,449.750,608.592
856,61.923,449.841,608.633
857,61.910,449.932,608.675
858,61.896,450.023,608.716
859,61.883,450.114,608.757
860,61.870,450.205,608.798
861,61.857,450.295,608.839
862,61.844,450.386,608.880
863,61.831,450.477,608.921
864,61.818,450.568,608.962
865,61.804,450.658,609.002
866,61.791,450.749,609.043
867,61.778,450.840,609.084
868,61.765,450.930,609.125
869,61.752,451.021,609.164
870,61.739,451.111,609.205
871,61.725,451.202,609.245
872,61.712,451.293,609.286
873,61.699,451.383,609.325
874,61.686,451.474,609.366
875,61.673,451.564,609.405
876,61.659,451.655,609.446
877,61.646,451.745,609.485
878,61.633,451.836,609.526
879,61.620,451.926,609.564
880,61.606,452.016,609.605
881,61.593,452.107,609.643
882,61.580,452.197,609.684
883,61.567,452.288,609.722
884,61.554,452.378,609.762
885,61.540,452.469,609.801
886,61.527,452.559,609.841
887,61.514,452.649,609.879
888,61.501,452.740,609.919
889,61.487,452.830,609.957
890,61.474,452.920,609.996
891,61.461,453.011,610.034
892,61.447,453.101,610.074
893,61.434,453.192,610.112
894,61.421,453.282,610.151
895,61.408,453.372,610.189
896,61.394,453.463,610.228
897,61.381,453.553,610.265
898,61.368,453.643,610.305
899,61.354,453.734,610.342
900,61.341,453.824,610.381
901,61.328,453.915,610.418
902,61.315,454.005,610.457
903,61.301,454.095,610.494
904,61.288,454.186,610.533
905,61.275,454.276,610.570
906,61.261,454.367,610.609
907,61.248,454.457,610.646
908,61.235,454.547,610.684
909,61.221,454.638,610.721
910,61.208,454.728,610.759
911,61.195,454.819,610.796
912,61.181,454.909,610.834
913,61.168,455.000,610.871
914,61.155,455.090,610.908
915,61.141,455.181,610.945
916,61.128,455.271,610.982
917,61.114,455.362,611.019
918,61.101,455.452,611.056
919,61.088,455.543,611.093
920,61.074,455.633,611.130
921,61.061,455.724,611.167
922,61.048,455.815,611.204
923,61.034,455.905,611.241
924,61.021,455.996,611.277
925,61.007,456.087,611.314
926,60.994,456.177,611.350
927,60.981,456.268,611.387
928,60.967,456.359,611.423
929,60.954,456.449,611.459
930,60.940,456.540,611.495
931,60.927,456.631,611.532
932,60.914,456.721,611.568
933,60.900,456.812,611.604
934,60.887,456.903,611.640
935,60.873,456.994,611.676
936,60.860,457.085,611.712
937,60.846,457.176,611.747
938,60.833,457.267,611.783
939,60.819,457.357,611.819
940,60.806,457.448,611.855
941,60.793,457.539,611.890
942,60.779,457.630,611.926
943,60.766,457.721,611.961
944,60.752,457.812,611.997
945,60.739,457.903,612.032
946,60.725,457.994,612.068
947,60.712,458.086,612.102
948,60.698,458.177,612.138
949,60.685,458.268,612.172
950,60.671,458.359,612.208
951,60.658,458.450,612.242
952,60.644,458.541,612.278
953,60.631,458.633,612.312
954,60.617,458.724,612.348
955,60.604,458.815,612.382
956,60.590,458.906,612.417
957,60.577,458.998,612.451
958,60.563,459.089,612.487
959,60.550,459.181,612.520
960,60.536,459.272,612.556
961,60.523,459.363,612.589
962,60.509,459.455,612.624
963,60.496,459.546,612.658
964,60.482,459.638,612.693
965,60.468,459.729,612.726
966,60.455,459.821,612.761
967,60.441,459.913,612.795
968,60.428,460.004,612.830
969,60.414,460.096,612.863
970,60.401,460.188,612.898
971,60.387,460.279,612.931
972,60.374,460.371,612.965
973,60.360,460.463,612.998
974,60.346,460.555,613.033
975,60.333,460.647,613.066
976,60.319,460.739,613.100
977,60.306,460.830,613.133
978,60.292,460.922,613.167
979,60.278,461.014,613.200
980,60.265,461.106,613.234
981,60.251,461.198,613.267
982,60.238,461.290,613.301
983,60.224,461.383,613.334
984,60.210,461.475,613.367
985,60.197,461.567,613.400
986,60.183,461.659,613.434
987,60.169,461.751,613.467
988,60.156,461.844,613.500
989,60.142,461.936,613.533
990,60.129,462.028,613.566
991,60.115,462.120,613.599
992,60.101,462.213,613.632
993,60.088,462.305,613.665
994,60.074,462.398,613.697
995,60.060,462.490,613.730
996,60.047,462.583,613.762
997,60.033,462.675,613.795
998,60.019,462.768,613.828
999,60.006,462.860,613.860
1000,59.992,462.953,613.893
1001,59.978,463.046,613.925
1002,59.964,463.138,613.957
1003,59.951,463.231,613.990
1004,59.937,463.324,614.022
1005,59.923,463.417,614.054
1006,59.910,463.510,614.086
1007,59.896,463.602,614.119
1008,59.882,463.695,614.151
1009,59.868,463.788,614.183
1010,59.855,463.881,614.215
1011,59.841,463.974,614.247
1012,59.827,464.067,614.279
1013,59.814,464.160,614.311
1014,59.800,464.253,614.343
1015,59.786,464.346,614.374
1016,59.772,464.440,614.406
1017,59.759,464.533,614.438
1018,59.745,464.626,614.470
1019,59.731,464.719,614.501
1020,59.717,464.812,614.533
1021,59.703,464.906,614.564
1022,59.690,464.999,614.596
1023,59.676,465.092,614.627
1024,59.662,465.186,614.659
1025,59.648,465.279,614.689
1026,59.634,465.373,614.721
1027,59.621,465.466,614.752
1028,59.607,465.560,614.784
1029,59.593,465.653,614.814
1030,59.579,465.747,614.846
1031,59.565,465.841,614.877
1032,59.552,465.934,614.908
1033,59.538,466.028,614.939
1034,59.524,466.122,614.970
1035,59.510,466.216,615.000
1036,59.496,466.309,615.032
1037,59.482,466.403,615.062
1038,59.469,466.497,615.094
1039,59.455,466.591,615.124
1040,59.441,466.685,615.155
1041,59.427,466.779,615.185
1042,59.413,466.873,615.216
1043,59.399,466.967,615.246
1044,59.385,467.061,615.277
1045,59.371,467.155,615.307
1046,59.358,467.249,615.338
1047,59.344,467.344,615.368
1048,59.330,467.438,615.399
1049,59.316,467.532,615.429
1050,59.302,467.626,615.460
1051,59.288,467.721,615.489
1052,59.274,467.815,615.520
1053,59.260,467.910,615.550
1054,59.246,468.004,615.581
1055,59.232,468.099,615.610
1056,59.218,468.193,615.641
1057,59.205,468.288,615.670
1058,59.191,468.382,615.701
1059,59.177,468.477,615.730
1060,59.163,468.571,615.761
1061,59.149,468.666,615.790
1062,59.135,468.761,615.820
1063,59.121,468.856,615.850
1064,59.107,468.950,615.880
1065,59.093,469.045,615.909
1066,59.079,469.140,615.939
1067,59.065,469.235,615.968
1068,59.051,469.330,615.999
1069,59.037,469.425,616.028
1070,59.023,469.520,616.058
1071,59.009,469.615,616.087
1072,58.995,469.710,616.117
1073,58.981,469.805,616.146
1074,58.967,469.900,616.176
1075,58.953,469.995,616.205
1076,58.939,470.090,616.234
1077,58.925,470.185,616.263
1078,58.911,470.281,616.293
1079,58.897,470.376,616.322
1080,58.883,470.471,616.351
1081,58.868,470.567,616.380
1082,58.854,470.662,616.409
1083,58.840,470.757,616.438
1084,58.826,470.853,616.467
1085,58.812,470.948,616.496
1086,58.798,471.044,616.525
1087,58.784,471.139,616.554
1088,58.770,471.235,616.583
1089,58.756,471.330,616.612
1090,58.742,471.426,616.641
1091,58.728,471.522,616.670
1092,58.713,471.617,616.699
1093,58.699,471.713,616.728
1094,58.685,471.809,616.756
1095,58.671,471.905,616.785
1096,58.657,472.000,616.813
1097,58.643,472.096,616.842
1098,58.629,472.192,616.870
1099,58.615,472.288,616.899
1100,58.600,472.384,616.927
1101,58.586,472.480,616.956
1102,58.572,472.576,616.984
1103,58.558,472.672,617.013
1104,58.544,472.768,617.041
1105,58.529,472.864,617.070
1106,58.515,472.960,617.098
1107,58.501,473.056,617.126
1108,58.487,473.152,617.154
1109,58.473,473.248,617.183
1110,58.458,473.345,617.211
1111,58.444,473.441,617.239
1112,58.430,473.537,617.267
1113,58.416,473.634,617.295
1114,58.402,473.730,617.323
1115,58.387,473.826,617.351
1116,58.373,473.923,617.379
1117,58.359,474.019,617.407
1118,58.345,474.116,617.435
1119,58.330,474.212,617.463
1120,58.316,474.309,617.491
1121,58.302,474.405,617.519
1122,58.287,474.502,617.547
1123,58.273,474.598,617.574
1124,58.259,474.695,617.602
1125,58.245,474.791,617.630
1126,58.230,474.888,617.658
1127,58.216,474.985,617.685
1128,58.202,475.082,617.713
1129,58.187,475.178,617.740
1130,58.173,475.275,617.768
1131,58.159,475.372,617.795
1132,58.144,475.469,617.823
1133,58.130,475.566,617.850
1134,58.116,475.663,617.878
1135,58.101,475.760,617.905
1136,58.087,475.856,617.933
1137,58.072,475.953,617.960
1138,58.058,476.050,617.988
1139,58.044,476.147,618.014
1140,58.029,476.245,618.042
1141,58.015,476.342,618.069
1142,58.000,476.439,618.097
1143,57.986,476.536,618.123
1144,57.972,476.633,618.151
1145,57.957,476.730,618.177
1146,57.943,476.827,618.205
1147,57.928,476.924,618.232
1148,57.914,477.022,618.259
1149,57.899,477.119,618.286
1150,57.885,477.216,618.313
1151,57.871,477.314,618.340
1152,57.856,477.411,618.367
1153,57.842,477.508,618.393
1154,57.827,477.606,618.421
1155,57.813,477.703,618.447
1156,57.798,477.801,618.474
1157,57.784,477.898,618.501
1158,57.769,477.995,618.528
1159,57.755,478.093,618.554
1160,57.740,478.191,618.581
1161,57.726,478.288,618.607
1162,57.711,478.386,618.635
1163,57.697,478.483,618.661
1164,57.682,478.581,618.688
1165,57.667,478.679,618.714
1166,57.653,478.776,618.741
1167,57.638,478.874,618.767
1168,57.624,478.972,618.794
1169,57.609,479.069,618.820
1170,57.595,479.167,618.847
1171,57.580,479.265,618.873
1172,57.565,479.363,618.900
1173,57.551,479.461,618.925
1174,57.536,479.559,618.952
1175,57.522,479.656,618.978
1176,57.507,479.754,619.005
1177,57.492,479.852,619.031
1178,57.478,479.950,619.057
1179,57.463,480.048,619.083
1180,57.448,480.146,619.110
1181,57.434,480.244,619.135
1182,57.419,480.342,619.162
1183,57.404,480.440,619.188
1184,57.390,480.539,619.214
1185,57.375,480.637,619.240
1186,57.360,480.735,619.266
1187,57.346,480.833,619.292
1188,57.331,480.931,619.318
1189,57.316,481.029,619.344
1190,57.301,481.128,619.370
1191,57.287,481.226,619.395
1192,57.272,481.324,619.422
1193,57.257,481.422,619.447
1194,57.242,481.521,619.474
1195,57.228,481.619,619.499
1196,57.213,481.717,619.525
1197,57.198,481.816,619.550
1198,57.183,481.914,619.577
1199,57.169,482.012,619.602
1200,57.154,482.111,619.628
1201,57.139,482.209,619.653
1202,57.124,482.308,619.679
1203,57.109,482.406,619.704
1204,57.095,482.505,619.731
1205,57.080,482.603,619.756
1206,57.065,482.702,619.782
1207,57.050,482.800,619.807
1208,57.035,482.899,619.833
1209,57.020,482.997,619.858
1210,57.005,483.096,619.884
1211,56.991,483.195,619.908
1212,56.976,483.293,619.934
1213,56.961,483.392,619.959
1214,56.946,483.491,619.985
1215,56.931,483.589,620.010
1216,56.916,483.688,620.036
1217,56.901,483.787,620.061
1218,56.886,483.885,620.086
1219,56.871,483.984,620.111
1220,56.856,484.083,620.137
1221,56.841,484.182,620.161
1222,56.826,484.281,620.187
1223,56.811,484.379,620.212
1224,56.797,484.478,620.237
1225,56.782,484.577,620.262
1226,56.767,484.676,620.288
1227,56.752,484.775,620.312
1228,56.737,484.874,620.338
1229,56.722,484.973,620.362
1230,56.706,485.072,620.388
1231,56.691,485.170,620.412
1232,56.676,485.269,620.438
1233,56.661,485.368,620.462
1234,56.646,485.467,620.488
1235,56.631,485.566,620.512
1236,56.616,485.665,620.537
1237,56.601,485.764,620.562
1238,56.586,485.863,620.587
1239,56.571,485.963,620.611
1240,56.556,486.062,620.637
1241,56.541,486.161,620.661
1242,56.526,486.260,620.686
1243,56.510,486.359,620.710
1244,56.495,486.458,620.736
1245,56.480,486.557,620.760
1246,56.465,486.656,620.785
1247,56.450,486.755,620.809
1248,56.435,486.855,620.834
1249,56.420,486.954,620.858
1250,56.404,487.053,620.883
1251,56.389,487.152,620.908
1252,56.374,487.251,620.933
1253,56.359,487.351,620.957
1254,56.344,487.450,620.982
1255,56.328,487.549,621.006
1256,56.313,487.648,621.031
1257,56.298,487.748,621.055
1258,56.283,487.847,621.079
1259,56.267,487.946,621.103
1260,56.252,488.045,621.128
1261,56.237,488.145,621.152
1262,56.221,488.244,621.177
1263,56.206,488.343,621.201
1264,56.191,488.443,621.226
1265,56.176,488.542,621.250
1266,56.160,488.641,621.274
1267,56.145,488.741,621.298
1268,56.130,488.840,621.323
1269,56.114,488.940,621.347
1270,56.099,489.039,621.371
1271,56.084,489.138,621.395
1272,56.068,489.238,621.419
1273,56.053,489.337,621.443
1274,56.037,489.437,621.468
1275,56.022,489.536,621.492
1276,56.007,489.636,621.516
1277,55.991,489.735,621.540
1278,55.976,489.835,621.564
1279,55.960,489.934,621.588
1280,55.945,490.033,621.612
1281,55.929,490.133,621.636
1282,55.914,490.232,621.660
1283,55.899,490.332,621.684
1284,55.883,490.431,621.708
1285,55.868,490.531,621.732
1286,55.852,490.631,621.755
1287,55.837,490.730,621.779
1288,55.821,490.830,621.803
1289,55.806,490.929,621.827
1290,55.790,491.029,621.851
1291,55.774,491.128,621.875
1292,55.759,491.228,621.898
1293,55.743,491.327,621.922
1294,55.728,491.427,621.946
1295,55.712,491.527,621.970
1296,55.697,491.626,621.993
1297,55.681,491.726,622.017
1298,55.665,491.825,622.041
1299,55.650,491.925,622.065
1300,55.634,492.025,622.088
1301,55.619,492.124,622.112
1302,55.603,492.224,622.135
1303,55.587,492.323,622.159
1304,55.572,492.423,622.182
1305,55.556,492.523,622.206
1306,55.540,492.622,622.229
1307,55.525,492.722,622.253
1308,55.509,492.822,622.276
1309,55.493,492.921,622.300
1310,55.477,493.021,622.323
1311,55.462,493.121,622.347
1312,55.446,493.220,622.370
1313,55.430,493.320,622.394
1314,55.414,493.420,622.417
1315,55.399,493.519,622.441
1316,55.383,493.619,622.464
1317,55.367,493.719,622.488
1318,55.351,493.818,622.511
1319,55.336,493.918,622.534
1320,55.320,494.018,622.557
1321,55.304,494.117,622.581
1322,55.288,494.217,622.604
1323,55.272,494.317,622.627
1324,55.256,494.416,622.650
1325,55.241,494.516,622.674
1326,55.225,494.616,622.697
1327,55.209,494.716,622.720
1328,55.193,494.815,622.743
1329,55.177,494.915,622.767
1330,55.161,495.015,622.790
1331,55.145,495.114,622.813
1332,55.129,495.214,622.836
1333,55.113,495.314,622.859
1334,55.097,495.413,622.882
1335,55.081,495.513,622.905
1336,55.066,495.613,622.928
1337,55.050,495.713,622.951
1338,55.034,495.812,622.974
1339,55.018,495.912,622.997
1340,55.002,496.012,623.020
1341,54.986,496.111,623.043
1342,54.970,496.211,623.066
1343,54.953,496.311,623.089
1344,54.937,496.410,623.112
1345,54.921,496.510,623.135
1346,54.905,496.610,623.158
1347,54.889,496.710,623.180
1348,54.873,496.809,623.203
1349,54.857,496.909,623.226
1350,54.841,497.009,623.249
1351,54.825,497.108,623.272
1352,54.809,497.208,623.295
1353,54.793,497.308,623.317
1354,54.776,497.407,623.340
1355,54.760,497.507,623.363
1356,54.744,497.607,623.386
1357,54.728,497.706,623.408
1358,54.712,497.806,623.431
1359,54.696,497.906,623.453
1360,54.679,498.005,623.476
1361,54.663,498.105,623.499
1362,54.647,498.205,623.522
1363,54.631,498.304,623.544
1364,54.614,498.404,623.567
1365,54.598,498.504,623.589
1366,54.582,498.603,623.612
1367,54.566,498.703,623.634
1368,54.549,498.803,623.657
1369,54.533,498.902,623.679
1370,54.517,499.002,623.702
1371,54.501,499.102,623.724
1372,54.484,499.201,623.747
1373,54.468,499.301,623.769
1374,54.451,499.400,623.792
1375,54.435,499.500,623.814
1376,54.419,499.600,623.837
1377,54.402,499.699,623.859
1378,54.386,499.799,623.882
1379,54.370,499.898,623.904
1380,54.353,499.998,623.927
1381,54.337,500.098,623.949
1382,54.320,500.197,623.971
1383,54.304,500.297,623.993
1384,54.287,500.396,624.016
1385,54.271,500.496,624.038
1386,54.255,500.595,624.060
1387,54.238,500.695,624.082
1388,54.222,500.794,624.105
1389,54.205,500.894,624.127
1390,54.189,500.993,624.149
1391,54.172,501.093,624.171
1392,54.155,501.192,624.194
1393,54.139,501.292,624.216
1394,54.122,501.391,624.238
1395,54.106,501.491,624.260
1396,54.089,501.590,624.283
1397,54.073,501.690,624.304
1398,54.056,501.789,624.327
1399,54.039,501.889,624.348
1400,54.023,501.988,624.371
1401,54.006,502.088,624.393
1402,53.990,502.187,624.415
1403,53.973,502.287,624.437
1404,53.956,502.386,624.459
1405,53.940,502.485,624.481
1406,53.923,502.585,624.503
1407,53.906,502.684,624.525
1408,53.890,502.783,624.547
1409,53.873,502.883,624.569
1410,53.856,502.982,624.591
1411,53.839,503.082,624.613
1412,53.823,503.181,624.635
1413,53.806,503.280,624.656
1414,53.789,503.380,624.679
1415,53.772,503.479,624.700
1416,53.756,503.578,624.722
1417,53.739,503.677,624.744
1418,53.722,503.777,624.766
1419,53.705,503.876,624.788
1420,53.688,503.975,624.810
1421,53.671,504.074,624.831
1422,53.655,504.174,624.853
1423,53.638,504.273,624.875
1424,53.621,504.372,624.897
1425,53.604,504.471,624.918
1426,53.587,504.571,624.940
1427,53.570,504.670,624.962
1428,53.553,504.769,624.984
1429,53.536,504.868,625.005
1430,53.519,504.967,625.027
1431,53.502,505.066,625.048
1432,53.485,505.165,625.070
1433,53.468,505.265,625.092
1434,53.451,505.364,625.114
1435,53.434,505.463,625.135
1436,53.417,505.562,625.157
1437,53.400,505.661,625.178
1438,53.383,505.760,625.200
1439,53.366,505.859,625.221
1440,53.349,505.958,625.243
1441,53.332,506.057,625.264
1442,53.315,506.156,625.286
1443,53.298,506.255,625.307
1444,53.281,506.354,625.329
1445,53.264,506.453,625.350
1446,53.247,506.552,625.372
1447,53.230,506.651,625.393
1448,53.213,506.750,625.415
1449,53.195,506.849,625.436
1450,53.178,506.947,625.458
1451,53.161,507.046,625.479
1452,53.144,507.145,625.501
1453,53.127,507.244,625.522
1454,53.110,507.343,625.544
1455,53.092,507.442,625.565
1456,53.075,507.540,625.586
1457,53.058,507.639,625.607
1458,53.041,507.738,625.629
1459,53.023,507.837,625.650
1460,53.006,507.936,625.672
1461,52.989,508.034,625.693
1462,52.972,508.133,625.714
1463,52.954,508.232,625.735
1464,52.937,508.330,625.757
1465,52.920,508.429,625.778
1466,52.902,508.528,625.799
1467,52.885,508.626,625.820
1468,52.868,508.725,625.842
1469,52.850,508.824,625.863
1470,52.833,508.922,625.884
1471,52.816,509.021,625.905
1472,52.798,509.119,625.926
1473,52.781,509.218,625.947
1474,52.763,509.316,625.969
1475,52.746,509.415,625.989
1476,52.728,509.513,626.011
1477,52.711,509.612,626.032
1478,52.694,509.710,626.053
1479,52.676,509.809,626.074
1480,52.659,509.907,626.095
1481,52.641,510.005,626.116
1482,52.624,510.104,626.137
1483,52.606,510.202,626.158
1484,52.589,510.301,626.179
1485,52.571,510.399,626.200
1486,52.553,510.497,626.221
1487,52.536,510.596,626.242
1488,52.518,510.694,626.263
1489,52.501,510.792,626.284
1490,52.483,510.890,626.305
1491,52.466,510.989,626.326
1492,52.448,511.087,626.347
1493,52.430,511.185,626.368
1494,52.413,511.283,626.389
1495,52.395,511.381,626.409
1496,52.377,511.479,626.431
1497,52.360,511.577,626.451
1498,52.342,511.676,626.472
1499,52.324,511.774,626.493
1500,52.307,511.872,626.514
1501,52.289,511.970,626.534
1502,52.271,512.068,626.556
1503,52.254,512.166,626.576
1504,52.236,512.264,626.597
1505,52.218,512.362,626.618
1506,52.200,512.460,626.639
1507,52.182,512.558,626.659
1508,52.165,512.655,626.680
1509,52.147,512.753,626.701
1510,52.129,512.851,626.722
1511,52.111,512.949,626.742
1512,52.093,513.047,626.763
1513,52.076,513.145,626.783
1514,52.058,513.243,626.804
1515,52.040,513.340,626.825
1516,52.022,513.438,626.846
1517,52.004,513.536,626.866
1518,51.986,513.633,626.887
1519,51.968,513.731,626.907
1520,51.950,513.829,626.928
1521,51.933,513.926,626.948
1522,51.915,514.024,626.969
1523,51.897,514.122,626.990
1524,51.879,514.219,627.010
1525,51.861,514.317,627.031
1526,51.843,514.414,627.052
1527,51.825,514.512,627.072
1528,51.807,514.609,627.093
1529,51.789,514.707,627.113
1530,51.771,514.804,627.134
1531,51.753,514.902,627.154
1532,51.735,514.999,627.175
1533,51.717,515.097,627.195
1534,51.699,515.194,627.215
1535,51.681,515.291,627.236
1536,51.662,515.389,627.256
1537,51.644,515.486,627.276
1538,51.626,515.583,627.297
1539,51.608,515.680,627.317
1540,51.590,515.778,627.338
1541,51.572,515.875,627.358
1542,51.554,515.972,627.379
1543,51.536,516.069,627.399
1544,51.517,516.166,627.419
1545,51.499,516.263,627.439
1546,51.481,516.360,627.460
1547,51.463,516.457,627.480
1548,51.445,516.554,627.500
1549,51.426,516.651,627.520
1550,51.408,516.748,627.541
1551,51.390,516.845,627.561
1552,51.372,516.942,627.582
1553,51.353,517.039,627.602
1554,51.335,517.136,627.622
1555,51.317,517.233,627.642
1556,51.299,517.330,627.662
1557,51.280,517.426,627.682
1558,51.262,517.523,627.703
1559,51.244,517.620,627.723
1560,51.225,517.717,627.743
1561,51.207,517.813,627.763
1562,51.189,517.910,627.783
1563,51.170,518.007,627.803
1564,51.152,518.103,627.824
1565,51.134,518.200,627.844
1566,51.115,518.296,627.864
1567,51.097,518.393,627.884
1568,51.078,518.489,627.904
1569,51.060,518.586,627.924
1570,51.042,518.682,627.944
1571,51.023,518.779,627.964
1572,51.005,518.875,627.984
1573,50.986,518.972,628.004
1574,50.968,519.068,628.024
1575,50.949,519.164,628.044
1576,50.931,519.261,628.064
1577,50.912,519.357,628.084
1578,50.894,519.453,628.104
1579,50.875,519.549,628.124
1580,50.857,519.645,628.144
1581,50.838,519.742,628.164
1582,50.820,519.838,628.184
1583,50.801,519.934,628.204
1584,50.782,520.030,628.224
1585,50.764,520.126,628.244
1586,50.745,520.222,628.263
1587,50.727,520.318,628.283
1588,50.708,520.414,628.303
1589,50.689,520.510,628.323
1590,50.671,520.606,628.343
1591,50.652,520.702,628.363
1592,50.634,520.798,628.383
1593,50.615,520.893,628.403
1594,50.596,520.989,628.422
1595,50.578,521.085,628.442
1596,50.559,521.181,628.462
1597,50.540,521.277,628.482
1598,50.521,521.372,628.501
1599,50.503,521.468,628.521
1600,50.484,521.563,628.541
1601,50.465,521.659,628.561
1602,50.447,521.755,628.580
1603,50.428,521.850,628.600
1604,50.409,521.946,628.620
1605,50.390,522.041,628.640
1606,50.372,522.137,628.659
1607,50.353,522.232,628.679
1608,50.334,522.328,628.698
1609,50.315,522.423,628.718
1610,50.296,522.518,628.738
1611,50.277,522.614,628.757
1612,50.259,522.709,628.777
1613,50.240,522.804,628.797
1614,50.221,522.899,628.816
1615,50.202,522.994,628.836
1616,50.183,523.090,628.855
1617,50.164,523.185,628.875
1618,50.145,523.280,628.894
1619,50.127,523.375,628.914
1620,50.108,523.470,628.933
1621,50.089,523.565,628.953
1622,50.070,523.660,628.972
1623,50.051,523.755,628.992
1624,50.032,523.850,629.011
1625,50.013,523.945,629.031
1626,49.994,524.040,629.050
1627,49.975,524.134,629.070
1628,49.956,524.229,629.089
1629,49.937,524.324,629.109
1630,49.918,524.419,629.128
1631,49.899,524.513,629.148
1632,49.880,524.608,629.167
1633,49.861,524.703,629.186
1634,49.842,524.797,629.206
1635,49.823,524.892,629.225
1636,49.804,524.986,629.244
1637,49.785,525.081,629.264
1638,49.766,525.175,629.283
1639,49.747,525.270,629.303
1640,49.728,525.364,629.322
1641,49.709,525.459,629.341
1642,49.689,525.553,629.360
1643,49.670,525.647,629.380
1644,49.651,525.742,629.399
1645,49.632,525.836,629.418
1646,49.613,525.930,629.437
1647,49.594,526.024,629.457
1648,49.575,526.118,629.476
1649,49.556,526.212,629.495
1650,49.536,526.306,629.514
1651,49.517,526.401,629.534
1652,49.498,526.495,629.553
1653,49.479,526.589,629.572
1654,49.460,526.683,629.591
1655,49.440,526.776,629.610
1656,49.421,526.870,629.629
1657,49.402,526.964,629.649
1658,49.383,527.058,629.668
1659,49.364,527.152,629.687
1660,49.344,527.246,629.706
1661,49.325,527.339,629.725
1662,49.306,527.433,629.744
1663,49.286,527.527,629.763
1664,49.267,527.621,629.782
1665,49.248,527.714,629.801
1666,49.229,527.808,629.820
1667,49.209,527.901,629.839
1668,49.190,527.995,629.858
1669,49.171,528.088,629.877
1670,49.151,528.182,629.896
1671,49.132,528.275,629.915
1672,49.113,528.368,629.934
1673,49.093,528.462,629.953
1674,49.074,528.555,629.972
1675,49.055,528.648,629.991
1676,49.035,528.742,630.010
1677,49.016,528.835,630.029
1678,48.996,528.928,630.048
1679,48.977,529.021,630.067
1680,48.958,529.114,630.086
1681,48.938,529.207,630.104
1682,48.919,529.300,630.123
1683,48.899,529.393,630.142
1684,48.880,529.486,630.161
1685,48.861,529.579,630.180
1686,48.841,529.672,630.199
1687,48.822,529.764,630.217
1688,48.802,529.857,630.236
1689,48.783,529.950,630.255
1690,48.763,530.043,630.274
1691,48.744,530.135,630.292
1692,48.724,530.228,630.311
1693,48.705,530.320,630.330
1694,48.685,530.413,630.349
1695,48.666,530.505,630.367
1696,48.646,530.598,630.386
1697,48.627,530.690,630.405
1698,48.607,530.783,630.424
1699,48.588,530.875,630.442
1700,48.568,530.967,630.461
1701,48.549,531.060,630.479
1702,48.529,531.152,630.498
1703,48.509,531.244,630.517
1704,48.490,531.336,630.536
1705,48.470,531.428,630.554
1706,48.451,531.520,630.573
1707,48.431,531.612,630.591
1708,48.411,531.704,630.610
1709,48.392,531.796,630.628
1710,48.372,531.888,630.647
1711,48.353,531.980,630.665
1712,48.333,532.072,630.684
1713,48.313,532.164,630.702
1714,48.294,532.256,630.721
1715,48.274,532.347,630.739
1716,48.254,532.439,630.758
1717,48.235,532.531,630.776
1718,48.215,532.622,630.795
1719,48.195,532.714,630.813
1720,48.176,532.805,630.832
1721,48.156,532.897,630.850
1722,48.136,532.988,630.869
1723,48.117,533.080,630.887
1724,48.097,533.171,630.906
1725,48.077,533.263,630.924
1726,48.057,533.354,630.942
1727,48.038,533.445,630.961
1728,48.018,533.536,630.979
1729,47.998,533.627,630.997
1730,47.979,533.719,631.016
1731,47.959,533.810,631.034
1732,47.939,533.901,631.052
1733,47.919,533.992,631.070
1734,47.900,534.083,631.089
1735,47.880,534.174,631.107
1736,47.860,534.265,631.126
1737,47.840,534.355,631.144
1738,47.820,534.446,631.162
1739,47.801,534.537,631.180
1740,47.781,534.628,631.198
1741,47.761,534.718,631.216
1742,47.741,534.809,631.235
1743,47.721,534.900,631.253
1744,47.702,534.990,631.271
1745,47.682,535.081,631.289
1746,47.662,535.171,631.308
1747,47.642,535.262,631.325
1748,47.622,535.352,631.344
1749,47.602,535.442,631.362
1750,47.582,535.533,631.380
1751,47.563,535.623,631.398
1752,47.543,535.713,631.416
1753,47.523,535.803,631.434
1754,47.503,535.893,631.452
1755,47.483,535.983,631.470
1756,47.463,536.073,631.488
1757,47.443,536.163,631.506
1758,47.423,536.253,631.525
1759,47.404,536.343,631.542
1760,47.384,536.433,631.561
1761,47.364,536.523,631.578
1762,47.344,536.613,631.596
1763,47.324,536.703,631.614
1764,47.304,536.793,631.632
1765,47.284,536.882,631.650
1766,47.264,536.972,631.668
1767,47.244,537.061,631.686
1768,47.224,537.151,631.704
1769,47.204,537.241,631.722
1770,47.184,537.330,631.740
1771,47.164,537.419,631.757
1772,47.144,537.509,631.776
1773,47.124,537.598,631.793
1774,47.104,537.687,631.811
1775,47.084,537.777,631.829
1776,47.064,537.866,631.847
1777,47.044,537.955,631.864
1778,47.024,538.044,631.882
1779,47.004,538.133,631.900
1780,46.984,538.222,631.918
1781,46.964,538.311,631.936
1782,46.944,538.400,631.953
1783,46.924,538.489,631.971
1784,46.904,538.578,631.989
1785,46.884,538.666,632.006
1786,46.864,538.755,632.024
1787,46.844,538.844,632.042
1788,46.824,538.932,632.060
1789,46.804,539.021,632.077
1790,46.784,539.109,632.095
1791,46.764,539.198,632.112
1792,46.744,539.286,632.130
1793,46.724,539.374,632.148
1794,46.704,539.463,632.165
1795,46.684,539.551,632.183
1796,46.664,539.639,632.201
1797,46.643,539.727,632.218
1798,46.623,539.816,632.236
1799,46.603,539.904,632.253
1800,46.583,539.992,632.271
1801,46.563,540.080,632.288
1802,46.543,540.168,632.306
1803,46.523,540.255,632.323
1804,46.503,540.343,632.341
1805,46.483,540.431,632.358
1806,46.462,540.519,632.376
1807,46.442,540.606,632.393
1808,46.422,540.694,632.411
1809,46.402,540.782,632.428
1810,46.382,540.869,632.445
1811,46.362,540.957,632.463
1812,46.342,541.044,632.480
1813,46.322,541.132,632.497
1814,46.301,541.219,632.515
1815,46.281,541.306,632.532
1816,46.261,541.393,632.550
1817,46.241,541.481,632.567
1818,46.221,541.568,632.584
1819,46.201,541.655,632.601
1820,46.180,541.742,632.619
1821,46.160,541.829,632.636
1822,46.140,541.916,632.653
1823,46.120,542.003,632.670
1824,46.100,542.089,632.688
1825,46.079,542.176,632.705
1826,46.059,542.263,632.722
1827,46.039,542.350,632.739
1828,46.019,542.436,632.757
1829,45.999,542.523,632.774
1830,45.978,542.609,632.791
1831,45.958,542.696,632.808
1832,45.938,542.782,632.825
1833,45.918,542.869,632.842
1834,45.898,542.955,632.860
1835,45.877,543.041,632.877
1836,45.857,543.127,632.894
1837,45.837,543.214,632.911
1838,45.817,543.300,632.928
1839,45.796,543.386,632.945
1840,45.776,543.472,632.962
1841,45.756,543.558,632.979
1842,45.736,543.643,632.996
1843,45.715,543.729,633.013
1844,45.695,543.815,633.030
1845,45.675,543.901,633.047
1846,45.655,543.986,633.064
1847,45.634,544.072,633.081
1848,45.614,544.158,633.098
1849,45.594,544.243,633.115
1850,45.573,544.329,633.132
1851,45.553,544.414,633.149
1852,45.533,544.499,633.166
1853,45.513,544.585,633.182
1854,45.492,544.670,633.199
1855,45.472,544.755,633.216
1856,45.452,544.840,633.233
1857,45.431,544.925,633.250
1858,45.411,545.010,633.267
1859,45.391,545.095,633.283
1860,45.371,545.180,633.300
1861,45.350,545.265,633.317
1862,45.330,545.350,633.334
1863,45.310,545.435,633.351
1864,45.289,545.520,633.367
1865,45.269,545.604,633.384
1866,45.249,545.689,633.401
1867,45.228,545.773,633.417
1868,45.208,545.858,633.434
1869,45.188,545.942,633.451
1870,45.167,546.027,633.468
1871,45.147,546.111,633.484
1872,45.127,546.195,633.501
1873,45.106,546.280,633.517
1874,45.086,546.364,633.534
1875,45.066,546.448,633.551
1876,45.045,546.532,633.567
1877,45.025,546.616,633.584
1878,45.005,546.700,633.601
1879,44.984,546.784,633.617
1880,44.964,546.867,633.634
1881,44.944,546.951,633.650
1882,44.923,547.035,633.667
1883,44.903,547.118,633.683
1884,44.883,547.202,633.700
1885,44.862,547.285,633.716
1886,44.842,547.369,633.733
1887,44.821,547.452,633.749
1888,44.801,547.535,633.766
1889,44.781,547.619,633.782
1890,44.760,547.702,633.798
1891,44.740,547.785,633.815
1892,44.720,547.868,633.831
1893,44.699,547.951,633.848
1894,44.679,548.034,633.864
1895,44.658,548.117,633.880
1896,44.638,548.199,633.897
1897,44.618,548.282,633.913
1898,44.597,548.365,633.929
1899,44.577,548.448,633.946
1900,44.557,548.530,633.962
1901,44.536,548.613,633.978
1902,44.516,548.695,633.994
1903,44.495,548.777,634.011
1904,44.475,548.860,634.027
1905,44.455,548.942,634.043
1906,44.434,549.024,634.059
1907,44.414,549.106,634.075
1908,44.393,549.188,634.092
1909,44.373,549.270,634.108
1910,44.353,549.352,634.124
1911,44.332,549.434,634.140
1912,44.312,549.516,634.156
1913,44.291,549.598,634.172
1914,44.271,549.680,634.189
1915,44.251,549.761,634.205
1916,44.230,549.843,634.221
1917,44.210,549.924,634.237
1918,44.189,550.006,634.253
1919,44.169,550.087,634.269
1920,44.148,550.168,634.285
1921,44.128,550.250,634.301
1922,44.108,550.331,634.317
1923,44.087,550.412,634.333
1924,44.067,550.493,634.349
1925,44.046,550.574,634.365
1926,44.026,550.655,634.381
1927,44.005,550.736,634.397
1928,43.985,550.817,634.413
1929,43.965,550.898,634.429
1930,43.944,550.978,634.445
1931,43.924,551.059,634.461
1932,43.903,551.140,634.476
1933,43.883,551.220,634.492
1934,43.862,551.301,634.508
1935,43.842,551.381,634.524
1936,43.822,551.461,634.540
1937,43.801,551.542,634.556
1938,43.781,551.622,634.571
1939,43.760,551.702,634.587
1940,43.740,551.782,634.603
1941,43.719,551.862,634.619
1942,43.699,551.942,634.635
1943,43.678,552.022,634.650
1944,43.658,552.102,634.666
1945,43.638,552.181,634.682
1946,43.617,552.261,634.698
1947,43.597,552.340,634.713
1948,43.576,552.420,634.729
1949,43.556,552.499,634.745
1950,43.535,552.579,634.760
1951,43.515,552.658,634.776
1952,43.494,552.737,634.792
1953,43.474,552.816,634.807
1954,43.454,552.895,634.823
1955,43.433,552.974,634.838
1956,43.413,553.053,634.854
1957,43.392,553.132,634.870
1958,43.372,553.211,634.885
1959,43.351,553.290,634.901
1960,43.331,553.368,634.916
1961,43.310,553.447,634.932
1962,43.290,553.526,634.947
1963,43.269,553.604,634.963
1964,43.249,553.682,634.978
1965,43.229,553.761,634.994
1966,43.208,553.839,635.009
1967,43.188,553.917,635.025
1968,43.167,553.995,635.040
1969,43.147,554.073,635.055
1970,43.126,554.151,635.071
1971,43.106,554.229,635.086
1972,43.085,554.307,635.101
1973,43.065,554.385,635.117
1974,43.045,554.462,635.132
1975,43.024,554.540,635.148
1976,43.004,554.618,635.163
1977,42.983,554.695,635.178
1978,42.963,554.772,635.193
1979,42.942,554.850,635.209
1980,42.922,554.927,635.224
1981,42.901,555.004,635.239
1982,42.881,555.081,635.254
1983,42.860,555.158,635.270
1984,42.840,555.235,635.285
1985,42.820,555.312,635.300
1986,42.799,555.389,635.315
1987,42.779,555.466,635.330
1988,42.758,555.543,635.346
1989,42.738,555.619,635.361
1990,42.717,555.696,635.376
1991,42.697,555.773,635.391
1992,42.676,555.849,635.406
1993,42.656,555.925,635.421
1994,42.636,556.002,635.436
1995,42.615,556.078,635.451
1996,42.595,556.154,635.466
1997,42.574,556.230,635.481
1998,42.554,556.306,635.496
1999,42.533,556.382,635.511
2000,42.513,556.458,635.526
2001,42.492,556.534,635.541
2002,42.472,556.609,635.556
2003,42.452,556.685,635.571
2004,42.431,556.760,635.586
2005,42.411,556.836,635.601
2006,42.390,556.911,635.616
2007,42.370,556.986,635.631
2008,42.349,557.062,635.646
2009,42.329,557.137,635.661
2010,42.309,557.212,635.676
2011,42.288,557.287,635.690
2012,42.268,557.362,635.705
2013,42.247,557.436,635.720
2014,42.227,557.511,635.735
2015,42.206,557.586,635.750
2016,42.186,557.660,635.765
2017,42.166,557.735,635.779
2018,42.145,557.809,635.794
2019,42.125,557.884,635.809
2020,42.104,557.958,635.824
2021,42.084,558.032,635.838
2022,42.064,558.106,635.853
2023,42.043,558.180,635.867
2024,42.023,558.254,635.882
2025,42.002,558.328,635.897
2026,41.982,558.402,635.912
2027,41.961,558.476,635.926
2028,41.941,558.549,635.941
2029,41.921,558.623,635.955
2030,41.900,558.697,635.970
2031,41.880,558.770,635.984
2032,41.859,558.843,635.999
2033,41.839,558.917,636.014
2034,41.819,558.990,636.028
2035,41.798,559.063,636.043
2036,41.778,559.136,636.057
2037,41.757,559.209,636.072
2038,41.737,559.282,636.086
2039,41.717,559.355,636.101
2040,41.696,559.427,636.115
2041,41.676,559.500,636.130
2042,41.656,559.573,636.144
2043,41.635,559.645,636.158
2044,41.615,559.718,636.173
2045,41.594,559.790,636.187
2046,41.574,559.862,636.202
2047,41.554,559.934,636.216
2048,41.533,560.006,636.230
2049,41.513,560.078,636.245
2050,41.493,560.150,636.259
2051,41.472,560.222,636.273
2052,41.452,560.294,636.288
2053,41.432,560.366,636.302
2054,41.411,560.438,636.316
2055,41.391,560.509,636.330
2056,41.371,560.581,636.345
2057,41.350,560.652,636.359
2058,41.330,560.724,636.373
2059,41.310,560.795,636.387
2060,41.289,560.866,636.402
2061,41.269,560.937,636.416
2062,41.249,561.008,636.430
2063,41.228,561.079,636.444
2064,41.208,561.150,636.458
2065,41.188,561.221,636.472
2066,41.167,561.291,636.486
2067,41.147,561.362,636.500
2068,41.127,561.432,636.515
2069,41.106,561.503,636.529
2070,41.086,561.573,636.543
2071,41.066,561.643,636.557
2072,41.045,561.713,636.571
2073,41.025,561.784,636.585
2074,41.005,561.853,636.599
2075,40.985,561.923,636.613
2076,40.964,561.993,636.627
2077,40.944,562.063,636.641
2078,40.924,562.133,636.655
2079,40.903,562.202,636.669
2080,40.883,562.272,636.683
2081,40.863,562.341,636.696
2082,40.843,562.410,636.710
2083,40.822,562.480,636.724
2084,40.802,562.549,636.738
2085,40.782,562.618,636.752
2086,40.762,562.687,636.766
2087,40.741,562.756,636.780
2088,40.721,562.825,636.794
2089,40.701,562.893,636.807
2090,40.681,562.962,636.821
2091,40.661,563.031,636.835
2092,40.640,563.099,636.849
2093,40.620,563.167,636.862
2094,40.600,563.236,636.876
2095,40.580,563.304,636.890
2096,40.559,563.372,636.904
2097,40.539,563.440,636.917
2098,40.519,563.508,636.931
2099,40.499,563.576,636.945
2100,40.479,563.644,636.958
2101,40.458,563.712,636.972
2102,40.438,563.780,636.986
2103,40.418,563.847,636.999
2104,40.398,563.915,637.013
2105,40.378,563.982,637.026
2106,40.358,564.050,637.040
2107,40.337,564.117,637.053
2108,40.317,564.184,637.067
2109,40.297,564.251,637.081
2110,40.277,564.318,637.094
2111,40.257,564.385,637.108
2112,40.237,564.452,637.121
2113,40.217,564.519,637.135
2114,40.196,564.585,637.148
2115,40.176,564.652,637.161
2116,40.156,564.718,637.175
2117,40.136,564.785,637.188
2118,40.116,564.851,637.202
2119,40.096,564.917,637.215
2120,40.076,564.983,637.229
2121,40.056,565.049,637.242
2122,40.036,565.115,637.255
2123,40.016,565.181,637.269
2124,39.995,565.247,637.282
2125,39.975,565.312,637.295
2126,39.955,565.378,637.309
2127,39.935,565.443,637.322
2128,39.915,565.509,637.335
2129,39.895,565.574,637.348
2130,39.875,565.639,637.362
2131,39.855,565.704,637.375
2132,39.835,565.769,637.388
2133,39.815,565.834,637.401
2134,39.795,565.899,637.415
2135,39.775,565.964,637.428
2136,39.755,566.029,637.441
2137,39.735,566.093,637.454
2138,39.715,566.158,637.467
2139,39.695,566.222,637.480
2140,39.675,566.287,637.494
2141,39.655,566.351,637.507
2142,39.635,566.415,637.520
2143,39.615,566.479,637.533
2144,39.595,566.543,637.546
2145,39.575,566.607,637.559
2146,39.555,566.671,637.572
2147,39.535,566.735,637.585
2148,39.515,566.799,637.598
2149,39.495,566.862,637.611
2150,39.475,566.926,637.624
2151,39.456,566.989,637.637
2152,39.436,567.053,637.650
2153,39.416,567.116,637.663
2154,39.396,567.179,637.676
2155,39.376,567.243,637.689
2156,39.356,567.306,637.702
2157,39.336,567.368,637.715
2158,39.316,567.431,637.728
2159,39.296,567.494,637.740
2160,39.277,567.556,637.753
2161,39.257,567.619,637.766
2162,39.237,567.681,637.779
2163,39.217,567.744,637.792
2164,39.197,567.806,637.805
2165,39.177,567.868,637.817
2166,39.158,567.930,637.830
2167,39.138,567.992,637.843
2168,39.118,568.054,637.856
2169,39.098,568.116,637.868
2170,39.078,568.177,637.881
2171,39.059,568.239,637.894
2172,39.039,568.301,637.907
2173,39.019,568.362,637.919
2174,38.999,568.423,637.932
2175,38.980,568.485,637.945
2176,38.960,568.546,637.957
2177,38.940,568.607,637.970
2178,38.920,568.668,637.983
2179,38.901,568.729,637.995
2180,38.881,568.790,638.008
2181,38.861,568.850,638.020
2182,38.841,568.911,638.033
2183,38.822,568.971,638.045
2184,38.802,569.032,638.058
2185,38.782,569.092,638.070
2186,38.763,569.153,638.083
2187,38.743,569.213,638.095
2188,38.723,569.273,638.108
2189,38.704,569.333,638.120
2190,38.684,569.393,638.133
2191,38.664,569.453,638.145
2192,38.645,569.512,638.158
2193,38.625,569.572,638.170
2194,38.606,569.631,638.183
2195,38.586,569.691,638.195
2196,38.566,569.750,638.207
2197,38.547,569.810,638.220
2198,38.527,569.869,638.232
2199,38.508,569.928,638.244
2200,38.488,569.987,638.257
2201,38.469,570.046,638.269
2202,38.449,570.105,638.281
2203,38.430,570.164,638.294
2204,38.410,570.222,638.306
2205,38.391,570.281,638.318
2206,38.371,570.340,638.330
2207,38.352,570.398,638.343
2208,38.332,570.457,638.355
2209,38.313,570.515,638.367
2210,38.293,570.573,638.379
2211,38.274,570.631,638.391
2212,38.254,570.689,638.404
2213,38.235,570.747,638.416
2214,38.215,570.805,638.428
2215,38.196,570.862,638.440
2216,38.176,570.920,638.452
2217,38.157,570.977,638.464
2218,38.138,571.035,638.476
2219,38.118,571.092,638.488
2220,38.099,571.149,638.500
2221,38.080,571.206,638.512
2222,38.060,571.263,638.525
2223,38.041,571.320,638.536
2224,38.021,571.377,638.549
2225,38.002,571.434,638.560
2226,37.983,571.491,638.573
2227,37.964,571.547,638.584
2228,37.944,571.604,638.596
2229,37.925,571.660,638.608
2230,37.906,571.716,638.620
2231,37.886,571.773,638.632
2232,37.867,571.829,638.644
2233,37.848,571.885,638.656
2234,37.829,571.941,638.668
2235,37.809,571.997,638.680
2236,37.790,572.052,638.692
2237,37.771,572.108,638.703
2238,37.752,572.164,638.715
2239,37.733,572.219,638.727
2240,37.713,572.275,638.739
2241,37.694,572.330,638.751
2242,37.675,572.385,638.763
2243,37.656,572.440,638.774
2244,37.637,572.495,638.786
2245,37.618,572.550,638.798
2246,37.598,572.605,638.809
2247,37.579,572.660,638.821
2248,37.560,572.715,638.833
2249,37.541,572.770,638.844
2250,37.522,572.824,638.856
2251,37.503,572.879,638.868
2252,37.484,572.933,638.880
2253,37.465,572.987,638.891
2254,37.446,573.042,638.903
2255,37.427,573.096,638.914
2256,37.408,573.150,638.926
2257,37.389,573.204,638.937
2258,37.370,573.257,638.949
2259,37.351,573.311,638.961
2260,37.332,573.365,638.972
2261,37.313,573.418,638.984
2262,37.294,573.472,638.995
2263,37.275,573.525,639.007
2264,37.256,573.578,639.018
2265,37.237,573.631,639.030
2266,37.218,573.684,639.041
2267,37.199,573.737,639.052
2268,37.180,573.790,639.064
2269,37.161,573.843,639.075
2270,37.143,573.896,639.087
2271,37.124,573.948,639.098
2272,37.105,574.001,639.110
2273,37.086,574.053,639.121
2274,37.067,574.106,639.132
2275,37.048,574.158,639.144
2276,37.030,574.210,639.155
2277,37.011,574.262,639.166
2278,36.992,574.314,639.178
2279,36.973,574.366,639.189
2280,36.954,574.418,639.200
2281,36.936,574.470,639.211
2282,36.917,574.521,639.223
2283,36.898,574.573,639.234
2284,36.880,574.624,639.245
2285,36.861,574.676,639.256
2286,36.842,574.727,639.268
2287,36.824,574.778,639.279
2288,36.805,574.829,639.290
2289,36.786,574.880,639.301
2290,36.768,574.931,639.312
2291,36.749,574.982,639.323
2292,36.730,575.033,639.335
2293,36.712,575.083,639.346
2294,36.693,575.134,639.357
2295,36.675,575.184,639.368
2296,36.656,575.235,639.379
2297,36.637,575.285,639.390
2298,36.619,575.336,639.401
2299,36.600,575.385,639.412
2300,36.582,575.436,639.423
2301,36.563,575.486,639.434
2302,36.545,575.535,639.445
2303,36.526,575.586,639.456
2304,36.508,575.635,639.467
2305,36.489,575.685,639.478
2306,36.471,575.735,639.489
2307,36.452,575.784,639.500
2308,36.434,575.833,639.511
2309,36.416,575.883,639.522
2310,36.397,575.932,639.533
2311,36.379,575.981,639.544
2312,36.360,576.030,639.554
2313,36.342,576.079,639.565
2314,36.324,576.128,639.576
2315,36.305,576.176,639.587
2316,36.287,576.225,639.598
2317,36.269,576.274,639.609
2318,36.250,576.322,639.619
2319,36.232,576.370,639.630
2320,36.214,576.419,639.641
2321,36.196,576.467,639.652
2322,36.177,576.515,639.662
2323,36.159,576.563,639.673
2324,36.141,576.611,639.684
2325,36.123,576.659,639.695
2326,36.104,576.706,639.705
2327,36.086,576.754,639.716
2328,36.068,576.802,639.727
2329,36.050,576.849,639.737
2330,36.032,576.897,639.748
2331,36.014,576.944,639.759
2332,35.996,576.991,639.769
2333,35.977,577.038,639.780
2334,35.959,577.085,639.791
2335,35.941,577.132,639.801
2336,35.923,577.179,639.812
2337,35.905,577.226,639.822
2338,35.887,577.273,639.833
2339,35.869,577.319,639.843
2340,35.851,577.366,639.854
2341,35.833,577.412,639.864
2342,35.815,577.459,639.875
2343,35.797,577.505,639.885
2344,35.779,577.551,639.896
2345,35.761,577.597,639.906
2346,35.743,577.643,639.917
2347,35.725,577.689,639.927
2348,35.707,577.735,639.938
2349,35.689,577.781,639.948
2350,35.671,577.827,639.958
2351,35.654,577.873,639.969
2352,35.636,577.918,639.979
2353,35.618,577.964,639.990
2354,35.600,578.009,640.000
2355,35.582,578.054,640.010
2356,35.564,578.100,640.021
2357,35.547,578.145,640.031
2358,35.529,578.190,640.041
2359,35.511,578.235,640.052
2360,35.493,578.280,640.062
2361,35.476,578.325,640.072
2362,35.458,578.369,640.082
2363,35.440,578.414,640.093
2364,35.422,578.458,640.103
2365,35.405,578.503,640.113
2366,35.387,578.547,640.123
2367,35.369,578.591,640.134
2368,35.352,578.636,640.144
2369,35.334,578.680,640.154
2370,35.316,578.724,640.164
2371,35.299,578.768,640.174
2372,35.281,578.811,640.184
2373,35.264,578.855,640.194
2374,35.246,578.899,640.204
2375,35.229,578.942,640.215
2376,35.211,578.986,640.225
2377,35.193,579.029,640.235
2378,35.176,579.073,640.245
2379,35.158,579.116,640.255
2380,35.141,579.159,640.265
2381,35.124,579.202,640.275
2382,35.106,579.245,640.285
2383,35.089,579.288,640.295
2384,35.071,579.331,640.305
2385,35.054,579.374,640.315
2386,35.036,579.417,640.325
2387,35.019,579.459,640.335
2388,35.002,579.502,640.345
2389,34.984,579.544,640.355
2390,34.967,579.586,640.364
2391,34.950,579.629,640.374
2392,34.932,579.671,640.384
2393,34.915,579.713,640.394
2394,34.898,579.755,640.404
2395,34.880,579.797,640.414
2396,34.863,579.839,640.424
2397,34.846,579.881,640.433
2398,34.829,579.923,640.443
2399,34.811,579.964,640.453
2400,34.794,580.006,640.463
2401,34.777,580.048,640.473
2402,34.760,580.089,640.482
2403,34.743,580.131,640.492
2404,34.725,580.172,640.502
2405,34.708,580.213,640.512
2406,34.691,580.254,640.521
2407,34.674,580.295,640.531
2408,34.657,580.336,640.541
2409,34.640,580.377,640.550
2410,34.623,580.418,640.560
2411,34.606,580.459,640.570
2412,34.589,580.499,640.579
2413,34.572,580.540,640.589
2414,34.555,580.580,640.599
2415,34.538,580.620,640.608
2416,34.521,580.661,640.618
2417,34.504,580.701,640.627
2418,34.487,580.741,640.637
2419,34.470,580.781,640.646
2420,34.453,580.821,640.656
2421,34.436,580.861,640.666
2422,34.419,580.901,640.675
2423,34.402,580.941,640.685
2424,34.385,580.980,640.694
2425,34.368,581.020,640.704
2426,34.352,581.059,640.713
2427,34.335,581.099,640.722
2428,34.318,581.138,640.732
2429,34.301,581.178,640.741
2430,34.284,581.217,640.751
2431,34.268,581.256,640.760
2432,34.251,581.295,640.770
2433,34.234,581.334,640.779
2434,34.217,581.373,640.788
2435,34.201,581.412,640.798
2436,34.184,581.450,640.807
2437,34.167,581.489,640.817
2438,34.151,581.528,640.826
2439,34.134,581.566,640.835
2440,34.117,581.605,640.845
2441,34.101,581.643,640.854
2442,34.084,581.681,640.863
2443,34.067,581.720,640.872
2444,34.051,581.758,640.882
2445,34.034,581.796,640.891
2446,34.018,581.834,640.900
2447,34.001,581.872,640.909
2448,33.985,581.910,640.919
2449,33.968,581.947,640.928
2450,33.952,581.985,640.937
2451,33.935,582.023,640.946
2452,33.919,582.060,640.955
2453,33.902,582.098,640.965
2454,33.886,582.135,640.974
2455,33.869,582.173,640.983
2456,33.853,582.210,640.992
2457,33.837,582.247,641.001
2458,33.820,582.284,641.010
2459,33.804,582.321,641.019
2460,33.787,582.358,641.028
2461,33.771,582.395,641.038
2462,33.755,582.432,641.047
2463,33.738,582.469,641.056
2464,33.722,582.506,641.065
2465,33.706,582.542,641.074
2466,33.690,582.579,641.083
2467,33.673,582.616,641.092
2468,33.657,582.652,641.101
2469,33.641,582.688,641.110
2470,33.625,582.725,641.119
2471,33.608,582.761,641.128
2472,33.592,582.797,641.137
2473,33.576,582.833,641.146
2474,33.560,582.869,641.155
2475,33.544,582.905,641.164
2476,33.528,582.941,641.172
2477,33.511,582.977,641.181
2478,33.495,583.013,641.190
2479,33.479,583.048,641.199
2480,33.463,583.084,641.208
2481,33.447,583.119,641.217
2482,33.431,583.155,641.226
2483,33.415,583.190,641.235
2484,33.399,583.225,641.243
2485,33.383,583.261,641.252
2486,33.367,583.296,641.261
2487,33.351,583.331,641.270
2488,33.335,583.366,641.279
2489,33.319,583.401,641.287
2490,33.303,583.436,641.296
2491,33.287,583.470,641.305
2492,33.271,583.505,641.314
2493,33.255,583.540,641.322
2494,33.240,583.574,641.331
2495,33.224,583.609,641.340
2496,33.208,583.643,641.349
2497,33.192,583.678,641.357
2498,33.176,583.712,641.366
2499,33.160,583.747,641.375
2500,33.145,583.781,641.383
2501,33.129,583.815,641.392
2502,33.113,583.849,641.401
2503,33.097,583.883,641.409
2504,33.082,583.917,641.418
2505,33.066,583.951,641.426
2506,33.050,583.985,641.435
2507,33.035,584.018,641.444
2508,33.019,584.052,641.452
2509,33.003,584.086,641.461
2510,32.988,584.119,641.469
2511,32.972,584.153,641.478
2512,32.956,584.186,641.486
2513,32.941,584.219,641.495
2514,32.925,584.253,641.503
2515,32.909,584.286,641.512
2516,32.894,584.319,641.520
2517,32.878,584.352,641.529
2518,32.863,584.385,641.537
2519,32.847,584.418,641.546
2520,32.832,584.451,641.554
2521,32.816,584.484,641.563
2522,32.801,584.517,641.571
2523,32.785,584.550,641.580
2524,32.770,584.582,641.588
2525,32.754,584.615,641.596
2526,32.739,584.648,641.605
2527,32.724,584.680,641.613
2528,32.708,584.713,641.622
2529,32.693,584.745,641.630
2530,32.677,584.777,641.638
2531,32.662,584.810,641.647
2532,32.647,584.842,641.655
2533,32.631,584.874,641.663
2534,32.616,584.906,641.672
2535,32.601,584.938,641.680
2536,32.586,584.970,641.688
2537,32.570,585.002,641.696
2538,32.555,585.034,641.705
2539,32.540,585.066,641.713
2540,32.525,585.097,641.721
2541,32.509,585.129,641.729
2542,32.494,585.160,641.738
2543,32.479,585.192,641.746
2544,32.464,585.223,641.754
2545,32.449,585.255,641.762
2546,32.433,585.286,641.771
2547,32.418,585.317,641.779
2548,32.403,585.348,641.787
2549,32.388,585.380,641.795
2550,32.373,585.411,641.803
2551,32.358,585.442,641.811
2552,32.343,585.473,641.820
2553,32.328,585.504,641.828
2554,32.313,585.534,641.836
2555,32.298,585.565,641.844
2556,32.283,585.596,641.852
2557,32.268,585.627,641.860
2558,32.253,585.657,641.868
2559,32.238,585.688,641.876
2560,32.223,585.718,641.884
2561,32.208,585.749,641.892
2562,32.193,585.779,641.900
2563,32.178,585.810,641.908
2564,32.163,585.840,641.916
2565,32.148,585.870,641.924
2566,32.133,585.900,641.932
2567,32.119,585.930,641.940
2568,32.104,585.960,641.948
2569,32.089,585.990,641.956
2570,32.074,586.020,641.964
2571,32.059,586.050,641.972
2572,32.045,586.080,641.980
2573,32.030,586.110,641.988
2574,32.015,586.140,641.996
2575,32.000,586.169,642.004
2576,31.985,586.199,642.012
2577,31.971,586.228,642.020
2578,31.956,586.258,642.028
2579,31.941,586.287,642.036
2580,31.927,586.317,642.044
2581,31.912,586.346,642.051
2582,31.897,586.375,642.059
2583,31.883,586.405,642.067
2584,31.868,586.434,642.075
2585,31.853,586.463,642.083
2586,31.839,586.492,642.091
2587,31.824,586.521,642.098
2588,31.810,586.550,642.106
2589,31.795,586.579,642.114
2590,31.781,586.608,642.122
2591,31.766,586.637,642.130
2592,31.752,586.666,642.137
2593,31.737,586.694,642.145
2594,31.723,586.723,642.153
2595,31.708,586.752,642.161
2596,31.694,586.780,642.168
2597,31.679,586.809,642.176
2598,31.665,586.838,642.184
2599,31.650,586.866,642.191
2600,31.636,586.894,642.199
2601,31.621,586.923,642.207
2602,31.607,586.951,642.215
2603,31.593,586.979,642.222
2604,31.578,587.008,642.230
2605,31.564,587.036,642.238
2606,31.550,587.064,642.245
2607,31.535,587.092,642.253
2608,31.521,587.120,642.260
2609,31.507,587.148,642.268
2610,31.492,587.176,642.276
2611,31.478,587.203,642.283
2612,31.464,587.231,642.291
2613,31.450,587.259,642.298
2614,31.435,587.287,642.306
2615,31.421,587.314,642.314
2616,31.407,587.342,642.321
2617,31.393,587.369,642.329
2618,31.379,587.397,642.336
2619,31.364,587.424,642.344
2620,31.350,587.452,642.351
2621,31.336,587.479,642.359
2622,31.322,587.506,642.366
2623,31.308,587.533,642.374
2624,31.294,587.561,642.381
2625,31.280,587.588,642.389
2626,31.266,587.615,642.396
2627,31.252,587.642,642.404
2628,31.238,587.669,642.411
2629,31.223,587.696,642.419
2630,31.209,587.723,642.426
2631,31.195,587.750,642.434
2632,31.181,587.777,642.441
2633,31.167,587.803,642.448
2634,31.153,587.830,642.456
2635,31.140,587.857,642.463
2636,31.126,587.883,642.471
2637,31.112,587.910,642.478
2638,31.098,587.937,642.485
2639,31.084,587.963,642.493
2640,31.070,587.990,642.500
2641,31.056,588.016,642.507
2642,31.042,588.042,642.515
2643,31.028,588.069,642.522
2644,31.014,588.095,642.529
2645,31.001,588.121,642.537
2646,30.987,588.148,642.544
2647,30.973,588.174,642.551
2648,30.959,588.200,642.559
2649,30.945,588.226,642.566
2650,30.932,588.252,642.573
2651,30.918,588.278,642.580
2652,30.904,588.304,642.588
2653,30.890,588.330,642.595
2654,30.877,588.356,642.602
2655,30.863,588.382,642.610
2656,30.849,588.407,642.617
2657,30.836,588.433,642.624
2658,30.822,588.459,642.631
2659,30.808,588.484,642.638
2660,30.795,588.510,642.646
2661,30.781,588.536,642.653
2662,30.767,588.561,642.660
2663,30.754,588.587,642.667
2664,30.740,588.612,642.674
2665,30.727,588.638,642.681
2666,30.713,588.663,642.689
2667,30.699,588.688,642.696
2668,30.686,588.714,642.703
2669,30.672,588.739,642.710
2670,30.659,588.764,642.717
2671,30.645,588.789,642.724
2672,30.632,588.814,642.731
2673,30.618,588.839,642.739
2674,30.605,588.865,642.746
2675,30.591,588.890,642.753
2676,30.578,588.915,642.760
2677,30.564,588.939,642.767
2678,30.551,588.964,642.774
2679,30.538,588.989,642.781
2680,30.524,589.014,642.788
2681,30.511,589.039,642.795
2682,30.497,589.064,642.802
2683,30.484,589.088,642.809
2684,30.471,589.113,642.816
2685,30.457,589.138,642.823
2686,30.444,589.162,642.830
2687,30.431,589.187,642.837
2688,30.417,589.211,642.844
2689,30.404,589.236,642.851
2690,30.391,589.260,642.858
2691,30.378,589.285,642.865
2692,30.364,589.309,642.872
2693,30.351,589.334,642.879
2694,30.338,589.358,642.886
2695,30.325,589.382,642.893
2696,30.311,589.406,642.900
2697,30.298,589.431,642.907
2698,30.285,589.455,642.914
2699,30.272,589.479,642.921
2700,30.259,589.503,642.928
2701,30.246,589.527,642.935
2702,30.232,589.551,642.941
2703,30.219,589.575,642.948
2704,30.206,589.599,642.955
2705,30.193,589.623,642.962
2706,30.180,589.647,642.969
2707,30.167,589.671,642.976
2708,30.154,589.695,642.983
2709,30.141,589.719,642.990
2710,30.128,589.742,642.996
2711,30.115,589.766,643.003
2712,30.102,589.790,643.010
2713,30.089,589.814,643.017
2714,30.076,589.837,643.024
2715,30.063,589.861,643.031
2716,30.050,589.884,643.037
2717,30.037,589.908,643.044
2718,30.024,589.932,643.051
2719,30.011,589.955,643.058
2720,29.998,589.979,643.065
2721,29.985,590.002,643.071
2722,29.972,590.025,643.078
2723,29.959,590.049,643.085
2724,29.946,590.072,643.092
2725,29.933,590.095,643.098
2726,29.921,590.119,643.105
2727,29.908,590.142,643.112
2728,29.895,590.165,643.119
2729,29.882,590.188,643.125
2730,29.869,590.211,643.132
2731,29.856,590.235,643.139
2732,29.844,590.258,643.145
2733,29.831,590.281,643.152
2734,29.818,590.304,643.159
2735,29.805,590.327,643.165
2736,29.793,590.350,643.172
2737,29.780,590.372,643.179
2738,29.767,590.395,643.185
2739,29.754,590.418,643.192
2740,29.742,590.441,643.199
2741,29.729,590.464,643.205
2742,29.716,590.487,643.212
2743,29.704,590.509,643.219
2744,29.691,590.532,643.225
2745,29.678,590.555,643.232
2746,29.666,590.577,643.238
2747,29.653,590.600,643.245
2748,29.640,590.622,643.252
2749,29.628,590.645,643.258
2750,29.615,590.668,643.265
2751,29.603,590.690,643.271
2752,29.590,590.713,643.278
2753,29.577,590.735,643.285
2754,29.565,590.757,643.291
2755,29.552,590.780,643.298
2756,29.540,590.802,643.304
2757,29.527,590.824,643.311
2758,29.515,590.847,643.317
2759,29.502,590.869,643.324
2760,29.490,590.891,643.330
2761,29.477,590.913,643.337
2762,29.465,590.936,643.343
2763,29.452,590.958,643.350
2764,29.440,590.980,643.356
2765,29.428,591.002,643.363
2766,29.415,591.024,643.369
2767,29.403,591.046,643.376
2768,29.390,591.068,643.382
2769,29.378,591.090,643.389
2770,29.366,591.112,643.395
2771,29.353,591.134,643.402
2772,29.341,591.156,643.408
2773,29.329,591.178,643.415
2774,29.316,591.200,643.421
2775,29.304,591.222,643.427
2776,29.292,591.244,643.434
2777,29.279,591.266,643.440
2778,29.267,591.287,643.447
2779,29.255,591.309,643.453
2780,29.242,591.331,643.460
2781,29.230,591.353,643.466
2782,29.218,591.374,643.472
2783,29.206,591.396,643.479
2784,29.193,591.417,643.485
2785,29.181,591.439,643.491
2786,29.169,591.461,643.498
2787,29.157,591.482,643.504
2788,29.145,591.504,643.511
2789,29.133,591.525,643.517
2790,29.120,591.547,643.523
2791,29.108,591.568,643.530
2792,29.096,591.590,643.536
2793,29.084,591.611,643.542
2794,29.072,591.633,643.549
2795,29.060,591.654,643.555
2796,29.048,591.675,643.561
2797,29.035,591.697,643.568
2798,29.023,591.718,643.574
2799,29.011,591.739,643.580
2800,28.999,591.761,643.587
2801,28.987,591.782,643.593
2802,28.975,591.803,643.599
2803,28.963,591.824,643.605
2804,28.951,591.845,643.612
2805,28.939,591.867,643.618
2806,28.927,591.888,643.624
2807,28.915,591.909,643.630
2808,28.903,591.930,643.637
2809,28.891,591.951,643.643
2810,28.879,591.972,643.649
2811,28.867,591.993,643.655
2812,28.855,592.014,643.662
2813,28.843,592.035,643.668
2814,28.831,592.056,643.674
2815,28.820,592.077,643.680
2816,28.808,592.098,643.686
2817,28.796,592.119,643.693
2818,28.784,592.140,643.699
2819,28.772,592.161,643.705
2820,28.760,592.181,643.711
2821,28.748,592.202,643.717
2822,28.737,592.223,643.724
2823,28.725,592.244,643.730
2824,28.713,592.265,643.736
2825,28.701,592.285,643.742
2826,28.689,592.306,643.748
2827,28.677,592.327,643.754
2828,28.666,592.348,643.761
2829,28.654,592.368,643.767
2830,28.642,592.389,643.773
2831,28.630,592.410,643.779
2832,28.619,592.430,643.785
2833,28.607,592.451,643.791
2834,28.595,592.471,643.797
2835,28.584,592.492,643.803
2836,28.572,592.512,643.810
2837,28.560,592.533,643.816
2838,28.548,592.554,643.822
2839,28.537,592.574,643.828
2840,28.525,592.594,643.834
2841,28.513,592.615,643.840
2842,28.502,592.635,643.846
2843,28.490,592.656,643.852
2844,28.479,592.676,643.858
2845,28.467,592.697,643.864
2846,28.455,592.717,643.870
2847,28.444,592.737,643.876
2848,28.432,592.758,643.882
2849,28.421,592.778,643.888
2850,28.409,592.798,643.895
2851,28.398,592.819,643.901
2852,28.386,592.839,643.907
2853,28.374,592.859,643.913
2854,28.363,592.879,643.919
2855,28.351,592.900,643.925
2856,28.340,592.920,643.931
2857,28.328,592.940,643.937
2858,28.317,592.960,643.943
2859,28.305,592.980,643.949
2860,28.294,593.000,643.955
2861,28.283,593.021,643.961
2862,28.271,593.041,643.967
2863,28.260,593.061,643.973
2864,28.248,593.081,643.978
2865,28.237,593.101,643.984
2866,28.225,593.121,643.990
2867,28.214,593.141,643.996
2868,28.203,593.161,644.002
2869,28.191,593.181,644.008
2870,28.180,593.201,644.014
2871,28.168,593.221,644.020
2872,28.157,593.241,644.026
2873,28.146,593.261,644.032
2874,28.134,593.281,644.038
2875,28.123,593.301,644.044
2876,28.112,593.321,644.050
2877,28.100,593.341,644.056
2878,28.089,593.360,644.062
2879,28.078,593.380,644.068
2880,28.067,593.400,644.073
2881,28.055,593.420,644.079
2882,28.044,593.440,644.085
2883,28.033,593.460,644.091
2884,28.022,593.479,644.097
2885,28.010,593.499,644.103
2886,27.999,593.519,644.109
2887,27.988,593.539,644.115
2888,27.977,593.559,644.120
2889,27.966,593.578,644.126
2890,27.954,593.598,644.132
2891,27.943,593.618,644.138
2892,27.932,593.637,644.144
2893,27.921,593.657,644.150
2894,27.910,593.677,644.155
2895,27.899,593.696,644.161
2896,27.887,593.716,644.167
2897,27.876,593.736,644.173
2898,27.865,593.755,644.179
2899,27.854,593.775,644.185
2900,27.843,593.794,644.190
2901,27.832,593.814,644.196
2902,27.821,593.834,644.202
2903,27.810,593.853,644.208
2904,27.799,593.873,644.214
2905,27.788,593.892,644.219
2906,27.777,593.912,644.225
2907,27.766,593.931,644.231
2908,27.754,593.951,644.237
2909,27.743,593.970,644.243
2910,27.732,593.990,644.248
2911,27.721,594.009,644.254
2912,27.710,594.029,644.260
2913,27.700,594.048,644.266
2914,27.689,594.068,644.271
2915,27.678,594.087,644.277
2916,27.667,594.106,644.283
2917,27.656,594.126,644.289
2918,27.645,594.145,644.294
2919,27.634,594.165,644.300
2920,27.623,594.184,644.306
2921,27.612,594.203,644.312
2922,27.601,594.223,644.317
2923,27.590,594.242,644.323
2924,27.579,594.261,644.329
2925,27.568,594.281,644.334
2926,27.558,594.300,644.340
2927,27.547,594.319,644.346
2928,27.536,594.339,644.351
2929,27.525,594.358,644.357
2930,27.514,594.377,644.363
2931,27.503,594.396,644.369
2932,27.493,594.416,644.374
2933,27.482,594.435,644.380
2934,27.471,594.454,644.386
2935,27.460,594.473,644.391
2936,27.449,594.493,644.397
2937,27.439,594.512,644.403
2938,27.428,594.531,644.408
2939,27.417,594.550,644.414
2940,27.406,594.569,644.420
2941,27.396,594.588,644.425
2942,27.385,594.608,644.431
2943,27.374,594.627,644.437
2944,27.363,594.646,644.442
2945,27.353,594.665,644.448
2946,27.342,594.684,644.453
2947,27.331,594.703,644.459
2948,27.321,594.722,644.465
2949,27.310,594.741,644.470
2950,27.299,594.761,644.476
2951,27.289,594.780,644.482
2952,27.278,594.799,644.487
2953,27.267,594.818,644.493
2954,27.257,594.837,644.498
2955,27.246,594.856,644.504
2956,27.236,594.875,644.510
2957,27.225,594.894,644.515
2958,27.214,594.913,644.521
2959,27.204,594.932,644.526
2960,27.193,594.951,644.532
2961,27.183,594.970,644.538
2962,27.172,594.989,644.543
2963,27.162,595.008,644.549
2964,27.151,595.027,644.554
2965,27.140,595.046,644.560
2966,27.130,595.065,644.565
2967,27.119,595.084,644.571
2968,27.109,595.103,644.577
2969,27.098,595.122,644.582
2970,27.088,595.141,644.588
2971,27.077,595.160,644.593
2972,27.067,595.178,644.599
2973,27.056,595.197,644.604
2974,27.046,595.216,644.610
2975,27.036,595.235,644.615
2976,27.025,595.254,644.621
2977,27.015,595.273,644.626
2978,27.004,595.292,644.632
2979,26.994,595.311,644.637
2980,26.983,595.330,644.643
2981,26.973,595.348,644.648
2982,26.963,595.367,644.654
2983,26.952,595.386,644.660
2984,26.942,595.405,644.665
2985,26.931,595.424,644.671
2986,26.921,595.443,644.676
2987,26.911,595.462,644.682
2988,26.900,595.480,644.687
2989,26.890,595.499,644.692
2990,26.880,595.518,644.698
2991,26.869,595.537,644.703
2992,26.859,595.556,644.709
2993,26.849,595.574,644.714
2994,26.838,595.593,644.720
2995,26.828,595.612,644.725
2996,26.818,595.631,644.731
2997,26.808,595.650,644.736
2998,26.797,595.668,644.742
2999,26.787,595.687,644.747
3000,26.777,595.706,644.753
3001,26.767,595.725,644.758
3002,26.756,595.743,644.763
3003,26.746,595.762,644.769
3004,26.736,595.781,644.774
3005,26.726,595.800,644.780
3006,26.715,595.818,644.785
3007,26.705,595.837,644.791
3008,26.695,595.856,644.796
3009,26.685,595.875,644.802
3010,26.675,595.893,644.807
3011,26.665,595.912,644.812
3012,26.654,595.931,644.818
3013,26.644,595.949,644.823
3014,26.634,595.968,644.829
3015,26.624,595.987,644.834
3016,26.614,596.006,644.839
3017,26.604,596.024,644.845
3018,26.594,596.043,644.850
3019,26.584,596.062,644.856
3020,26.573,596.080,644.861
3021,26.563,596.099,644.866
3022,26.553,596.118,644.872
3023,26.543,596.136,644.877
3024,26.533,596.155,644.883
3025,26.523,596.174,644.888
3026,26.513,596.192,644.893
3027,26.503,596.211,644.899
3028,26.493,596.230,644.904
3029,26.483,596.248,644.909
3030,26.473,596.267,644.915
3031,26.463,596.286,644.920
3032,26.453,596.304,644.925
3033,26.443,596.323,644.931
3034,26.433,596.342,644.936
3035,26.423,596.360,644.942
3036,26.413,596.379,644.947
3037,26.403,596.397,644.952
3038,26.393,596.416,644.958
3039,26.383,596.435,644.963
3040,26.373,596.453,644.968
3041,26.363,596.472,644.974
3042,26.353,596.491,644.979
3043,26.343,596.509,644.984
3044,26.333,596.528,644.990
3045,26.324,596.547,644.995
3046,26.314,596.565,645.000
3047,26.304,596.584,645.006
3048,26.294,596.602,645.011
3049,26.284,596.621,645.016
3050,26.274,596.640,645.021
3051,26.264,596.658,645.027
3052,26.254,596.677,645.032
3053,26.245,596.695,645.037
3054,26.235,596.714,645.043
3055,26.225,596.733,645.048
3056,26.215,596.751,645.053
3057,26.205,596.770,645.059
3058,26.196,596.788,645.064
3059,26.186,596.807,645.069
3060,26.176,596.826,645.074
3061,26.166,596.844,645.080
3062,26.156,596.863,645.085
3063,26.147,596.881,645.090
3064,26.137,596.900,645.096
3065,26.127,596.919,645.101
3066,26.117,596.937,645.106
3067,26.108,596.956,645.111
3068,26.098,596.974,645.117
3069,26.088,596.993,645.122
3070,26.078,597.012,645.127
3071,26.069,597.030,645.132
3072,26.059,597.049,645.138
3073,26.049,597.067,645.143
3074,26.040,597.086,645.148
3075,26.030,597.104,645.153
3076,26.020,597.123,645.159
3077,26.011,597.142,645.164
3078,26.001,597.160,645.169
3079,25.991,597.179,645.174
3080,25.982,597.197,645.180
3081,25.972,597.216,645.185
3082,25.962,597.235,645.190
3083,25.953,597.253,645.195
3084,25.943,597.272,645.201
3085,25.934,597.290,645.206
3086,25.924,597.309,645.211
3087,25.914,597.328,645.216
3088,25.905,597.346,645.221
3089,25.895,597.365,645.227
3090,25.886,597.383,645.232
3091,25.876,597.402,645.237
3092,25.867,597.420,645.242
3093,25.857,597.439,645.247
3094,25.847,597.458,645.253
3095,25.838,597.476,645.258
3096,25.828,597.495,645.263
3097,25.819,597.513,645.268
3098,25.809,597.532,645.273
3099,25.800,597.551,645.279
3100,25.790,597.569,645.284
3101,25.781,597.588,645.289
3102,25.771,597.606,645.294
3103,25.762,597.625,645.299
3104,25.752,597.644,645.305
3105,25.743,597.662,645.310
3106,25.733,597.681,645.315
3107,25.724,597.699,645.320
3108,25.715,597.718,645.325
3109,25.705,597.737,645.330
3110,25.696,597.755,645.336
3111,25.686,597.774,645.341
3112,25.677,597.793,645.346
3113,25.667,597.811,645.351
3114,25.658,597.830,645.356
3115,25.649,597.848,645.361
3116,25.639,597.867,645.367
3117,25.630,597.886,645.372
3118,25.621,597.904,645.377
3119,25.611,597.923,645.382
3120,25.602,597.941,645.387
3121,25.592,597.960,645.392
3122,25.583,597.979,645.397
3123,25.574,597.997,645.403
3124,25.564,598.016,645.408
3125,25.555,598.035,645.413
3126,25.546,598.053,645.418
3127,25.536,598.072,645.423
3128,25.527,598.091,645.428
3129,25.518,598.109,645.433
3130,25.509,598.128,645.438
3131,25.499,598.147,645.444
3132,25.490,598.165,645.449
3133,25.481,598.184,645.454
3134,25.471,598.203,645.459
3135,25.462,598.221,645.464
3136,25.453,598.240,645.469
3137,25.444,598.259,645.474
3138,25.435,598.277,645.479
3139,25.425,598.296,645.485
3140,25.416,598.315,645.490
3141,25.407,598.333,645.495
3142,25.398,598.352,645.500
3143,25.388,598.371,645.505
3144,25.379,598.389,645.510
3145,25.370,598.408,645.515
3146,25.361,598.427,645.520
3147,25.352,598.445,645.525
3148,25.343,598.464,645.530
3149,25.333,598.483,645.535
3150,25.324,598.502,645.541
3151,25.315,598.520,645.546
3152,25.306,598.539,645.551
3153,25.297,598.558,645.556
3154,25.288,598.576,645.561
3155,25.279,598.595,645.566
3156,25.269,598.614,645.571
3157,25.260,598.633,645.576
3158,25.251,598.651,645.581
3159,25.242,598.670,645.586
3160,25.233,598.689,645.591
3161,25.224,598.708,645.596
3162,25.215,598.726,645.601
3163,25.206,598.745,645.606
3164,25.197,598.764,645.612
3165,25.188,598.783,645.617
3166,25.179,598.801,645.622
3167,25.170,598.820,645.627
3168,25.161,598.839,645.632
3169,25.152,598.858,645.637
3170,25.143,598.877,645.642
3171,25.134,598.895,645.647
3172,25.125,598.914,645.652
3173,25.116,598.933,645.657
3174,25.107,598.952,645.662
3175,25.098,598.971,645.667
3176,25.089,598.989,645.672
3177,25.080,599.008,645.677
3178,25.071,599.027,645.682
3179,25.062,599.046,645.687
3180,25.053,599.065,645.692
3181,25.044,599.083,645.697
3182,25.035,599.102,645.702
3183,25.026,599.121,645.707
3184,25.017,599.140,645.712
3185,25.008,599.159,645.717
3186,24.999,599.178,645.722
3187,24.990,599.197,645.727
3188,24.981,599.216,645.732
3189,24.972,599.234,645.737
3190,24.964,599.253,645.742
3191,24.955,599.272,645.748
3192,24.946,599.291,645.752
3193,24.937,599.310,645.758
3194,24.928,599.329,645.762
3195,24.919,599.348,645.768
3196,24.910,599.367,645.773
3197,24.902,599.386,645.778
3198,24.893,599.405,645.783
3199,24.884,599.423,645.788
3200,24.875,599.442,645.793
3201,24.866,599.461,645.798
3202,24.857,599.480,645.803
3203,24.849,599.499,645.808
3204,24.840,599.518,645.813
3205,24.831,599.537,645.818
3206,24.822,599.556,645.822
3207,24.814,599.575,645.828
3208,24.805,599.594,645.832
3209,24.796,599.613,645.837
3210,24.787,599.632,645.842
3211,24.778,599.651,645.847
3212,24.770,599.670,645.852
3213,24.761,599.689,645.857
3214,24.752,599.708,645.862
3215,24.744,599.727,645.867
3216,24.735,599.746,645.872
3217,24.726,599.765,645.877
3218,24.717,599.784,645.882
3219,24.709,599.803,645.887
3220,24.700,599.822,645.892
3221,24.691,599.841,645.897
3222,24.683,599.860,645.902
3223,24.674,599.880,645.907
3224,24.665,599.899,645.912
3225,24.657,599.918,645.917
3226,24.648,599.937,645.922
3227,24.639,599.956,645.927
3228,24.631,599.975,645.932
3229,24.622,599.994,645.937
3230,24.613,600.013,645.942
3231,24.605,600.032,645.947
3232,24.596,600.051,645.952
3233,24.588,600.071,645.957
3234,24.579,600.090,645.962
3235,24.570,600.109,645.967
3236,24.562,600.128,645.972
3237,24.553,600.147,645.977
3238,24.545,600.166,645.981
3239,24.536,600.186,645.986
3240,24.528,600.205,645.991
3241,24.519,600.224,645.996
3242,24.510,600.243,646.001
3243,24.502,600.262,646.006
3244,24.493,600.282,646.011
3245,24.485,600.301,646.016
3246,24.476,600.320,646.021
3247,24.468,600.339,646.026
3248,24.459,600.359,646.031
3249,24.451,600.378,646.036
3250,24.442,600.397,646.041
3251,24.434,600.416,646.046
3252,24.425,600.436,646.051
3253,24.417,600.455,646.056
3254,24.408,600.474,646.060
3255,24.400,600.494,646.065
3256,24.391,600.513,646.070
3257,24.383,600.532,646.075
3258,24.374,600.551,646.080
3259,24.366,600.571,646.085
3260,24.358,600.590,646.090
3261,24.349,600.609,646.095
3262,24.341,600.629,646.100
3263,24.332,600.648,646.105
3264,24.324,600.668,646.110
3265,24.315,600.687,646.115
3266,24.307,600.706,646.119
3267,24.299,600.726,646.124
3268,24.290,600.745,646.129
3269,24.282,600.765,646.134
3270,24.273,600.784,646.139
3271,24.265,600.803,646.144
3272,24.257,600.823,646.149
3273,24.248,600.842,646.154
3274,24.240,600.862,646.159
3275,24.232,600.881,646.164
3276,24.223,600.901,646.168
3277,24.215,600.920,646.173
3278,24.207,600.940,646.178
3279,24.198,600.959,646.183
3280,24.190,600.979,646.188
3281,24.182,600.998,646.193
3282,24.173,601.018,646.198
3283,24.165,601.037,646.203
3284,24.157,601.057,646.208
3285,24.149,601.076,646.213
3286,24.140,601.096,646.217
3287,24.132,601.116,646.222
3288,24.124,601.135,646.227
3289,24.115,601.155,646.232
3290,24.107,601.174,646.237
3291,24.099,601.194,646.242
3292,24.091,601.214,646.247
3293,24.082,601.233,646.252
3294,24.074,601.253,646.257
3295,24.066,601.273,646.261
3296,24.058,601.292,646.266
3297,24.050,601.312,646.271
3298,24.041,601.332,646.276
3299,24.033,601.351,646.281
3300,24.025,601.371,646.286
3301,24.017,601.391,646.291
3302,24.009,601.410,646.296
3303,24.000,601.430,646.300
3304,23.992,601.450,646.305
3305,23.984,601.470,646.310
3306,23.976,601.489,646.315
3307,23.968,601.509,646.320
3308,23.960,601.529,646.325
3309,23.951,601.549,646.330
3310,23.943,601.568,646.335
3311,23.935,601.588,646.339
3312,23.927,601.608,646.344
3313,23.919,601.628,646.349
3314,23.911,601.648,646.354
3315,23.903,601.668,646.359
3316,23.895,601.687,646.364
3317,23.887,601.707,646.369
3318,23.878,601.727,646.373
3319,23.870,601.747,646.378
3320,23.862,601.767,646.383
3321,23.854,601.787,646.388
3322,23.846,601.807,646.393
3323,23.838,601.827,646.398
3324,23.830,601.847,646.403
3325,23.822,601.867,646.407
3326,23.814,601.887,646.412
3327,23.806,601.907,646.417
3328,23.798,601.927,646.422
3329,23.790,601.947,646.427
3330,23.782,601.967,646.432
3331,23.774,601.987,646.437
3332,23.766,602.007,646.441
3333,23.758,602.027,646.446
3334,23.750,602.047,646.451
3335,23.742,602.067,646.456
3336,23.734,602.087,646.461
3337,23.726,602.107,646.466
3338,23.718,602.127,646.471
3339,23.710,602.147,646.475
3340,23.702,602.167,646.480
3341,23.694,602.187,646.485
3342,23.686,602.208,646.490
3343,23.678,602.228,646.495
3344,23.670,602.248,646.500
3345,23.662,602.268,646.504
3346,23.654,602.288,646.509
3347,23.646,602.309,646.514
3348,23.639,602.329,646.519
3349,23.631,602.349,646.524
3350,23.623,602.369,646.529
3351,23.615,602.389,646.533
3352,23.607,602.410,646.538
3353,23.599,602.430,646.543
3354,23.591,602.450,646.548
3355,23.583,602.471,646.553
3356,23.576,602.491,646.558
3357,23.568,602.511,646.563
3358,23.560,602.532,646.567
3359,23.552,602.552,646.572
3360,23.544,602.572,646.577
3361,23.536,602.593,646.582
3362,23.528,602.613,646.587
3363,23.521,602.633,646.591
3364,23.513,602.654,646.596
3365,23.505,602.674,646.601
3366,23.497,602.695,646.606
3367,23.489,602.715,646.611
3368,23.482,602.736,646.616
3369,23.474,602.756,646.620
3370,23.466,602.777,646.625
3371,23.458,602.797,646.630
3372,23.451,602.818,646.635
3373,23.443,602.838,646.640
3374,23.435,602.859,646.645
3375,23.427,602.879,646.649
3376,23.419,602.900,646.654
3377,23.412,602.920,646.659
3378,23.404,602.941,646.664
3379,23.396,602.962,646.669
3380,23.389,602.982,646.674
3381,23.381,603.003,646.678
3382,23.373,603.023,646.683
3383,23.365,603.044,646.688
3384,23.358,603.065,646.693
3385,23.350,603.085,646.698
3386,23.342,603.106,646.702
3387,23.335,603.127,646.707
3388,23.327,603.148,646.712
3389,23.319,603.168,646.717
3390,23.312,603.189,646.722
3391,23.304,603.210,646.727
3392,23.296,603.231,646.731
3393,23.289,603.251,646.736
3394,23.281,603.272,646.741
3395,23.273,603.293,646.746
3396,23.266,603.314,646.751
3397,23.258,603.335,646.755
3398,23.251,603.355,646.760
3399,23.243,603.376,646.765
3400,23.235,603.397,646.770
3401,23.228,603.418,646.775
3402,23.220,603.439,646.780
3403,23.213,603.460,646.784
3404,23.205,603.481,646.789
3405,23.197,603.502,646.794
3406,23.190,603.523,646.799
3407,23.182,603.544,646.804
3408,23.175,603.565,646.808
3409,23.167,603.586,646.813
3410,23.160,603.607,646.818
3411,23.152,603.628,646.823
3412,23.144,603.649,646.828
3413,23.137,603.670,646.832
3414,23.129,603.691,646.837
3415,23.122,603.712,646.842
3416,23.114,603.733,646.847
3417,23.107,603.754,646.852
3418,23.099,603.776,646.857
3419,23.092,603.797,646.861
3420,23.084,603.818,646.866
3421,23.077,603.839,646.871
3422,23.069,603.860,646.876
3423,23.062,603.881,646.881
3424,23.054,603.903,646.885
3425,23.047,603.924,646.890
3426,23.040,603.945,646.895
3427,23.032,603.966,646.900
3428,23.025,603.988,646.905
3429,23.017,604.009,646.909
3430,23.010,604.030,646.914
3431,23.002,604.052,646.919
3432,22.995,604.073,646.924
3433,22.987,604.094,646.929
3434,22.980,604.116,646.933
3435,22.973,604.137,646.938
3436,22.965,604.159,646.943
3437,22.958,604.180,646.948
3438,22.950,604.201,646.953
3439,22.943,604.223,646.957
3440,22.936,604.244,646.962
3441,22.928,604.266,646.967
3442,22.921,604.287,646.972
3443,22.914,604.309,646.977
3444,22.906,604.330,646.981
3445,22.899,604.352,646.986
3446,22.892,604.374,646.991
3447,22.884,604.395,646.996
3448,22.877,604.417,647.001
3449,22.870,604.438,647.006
3450,22.862,604.460,647.010
3451,22.855,604.482,647.015
3452,22.848,604.503,647.020
3453,22.840,604.525,647.025
3454,22.833,604.547,647.030
3455,22.826,604.568,647.034
3456,22.818,604.590,647.039
3457,22.811,604.612,647.044
3458,22.804,604.634,647.049
3459,22.797,604.655,647.054
3460,22.789,604.677,647.058
3461,22.782,604.699,647.063
3462,22.775,604.721,647.068
3463,22.768,604.743,647.073
3464,22.760,604.764,647.078
3465,22.753,604.786,647.082
3466,22.746,604.808,647.087
3467,22.739,604.830,647.092
3468,22.731,604.852,647.097
3469,22.724,604.874,647.102
3470,22.717,604.896,647.106
3471,22.710,604.918,647.111
3472,22.703,604.940,647.116
3473,22.695,604.962,647.121
3474,22.688,604.984,647.126
3475,22.681,605.006,647.130
3476,22.674,605.028,647.135
3477,22.667,605.050,647.140
3478,22.659,605.072,647.145
3479,22.652,605.094,647.150
3480,22.645,605.116,647.154
3481,22.638,605.139,647.159
3482,22.631,605.161,647.164
3483,22.624,605.183,647.169
3484,22.617,605.205,647.174
3485,22.609,605.227,647.179
3486,22.602,605.250,647.183
3487,22.595,605.272,647.188
3488,22.588,605.294,647.193
3489,22.581,605.316,647.198
3490,22.574,605.339,647.203
3491,22.567,605.361,647.207
3492,22.560,605.383,647.212
3493,22.553,605.406,647.217
3494,22.546,605.428,647.222
3495,22.538,605.451,647.227
3496,22.531,605.473,647.231
3497,22.524,605.495,647.236
3498,22.517,605.518,647.241
3499,22.510,605.540,647.246
3500,22.503,605.563,647.251
3501,22.496,605.585,647.255
3502,22.489,605.608,647.260
3503,22.482,605.630,647.265
3504,22.475,605.653,647.270
3505,22.468,605.675,647.275
3506,22.461,605.698,647.280
3507,22.454,605.721,647.284
3508,22.447,605.743,647.289
3509,22.440,605.766,647.294
3510,22.433,605.789,647.299
3511,22.426,605.811,647.304
3512,22.419,605.834,647.308
3513,22.412,605.857,647.313
3514,22.405,605.880,647.318
3515,22.398,605.902,647.323
3516,22.391,605.925,647.328
3517,22.384,605.948,647.332
3518,22.377,605.971,647.337
3519,22.370,605.994,647.342
3520,22.364,606.016,647.347
3521,22.357,606.039,647.352
3522,22.350,606.062,647.357
3523,22.343,606.085,647.361
3524,22.336,606.108,647.366
3525,22.329,606.131,647.371
3526,22.322,606.154,647.376
3527,22.315,606.177,647.381
3528,22.308,606.200,647.385
3529,22.301,606.223,647.390
3530,22.294,606.246,647.395
3531,22.288,606.269,647.400
3532,22.281,606.292,647.405
3533,22.274,606.315,647.410
3534,22.267,606.339,647.414
3535,22.260,606.362,647.419
3536,22.253,606.385,647.424
3537,22.247,606.408,647.429
3538,22.240,606.431,647.434
3539,22.233,606.454,647.439
3540,22.226,606.478,647.443
3541,22.219,606.501,647.448
3542,22.212,606.524,647.453
3543,22.206,606.548,647.458
3544,22.199,606.571,647.463
3545,22.192,606.594,647.467
3546,22.185,606.618,647.472
3547,22.178,606.641,647.477
3548,22.172,606.664,647.482
3549,22.165,606.688,647.487
3550,22.158,606.711,647.492
3551,22.151,606.735,647.496
3552,22.145,606.758,647.501
3553,22.138,606.782,647.506
3554,22.131,606.805,647.511
3555,22.124,606.829,647.516
3556,22.118,606.852,647.521
3557,22.111,606.876,647.525
3558,22.104,606.900,647.530
3559,22.097,606.923,647.535
3560,22.091,606.947,647.540
3561,22.084,606.971,647.545
3562,22.077,606.994,647.550
3563,22.071,607.018,647.555
3564,22.064,607.042,647.559
3565,22.057,607.066,647.564
3566,22.051,607.089,647.569
3567,22.044,607.113,647.574
3568,22.037,607.137,647.579
3569,22.031,607.161,647.584
3570,22.024,607.185,647.588
3571,22.017,607.209,647.593
3572,22.011,607.233,647.598
3573,22.004,607.257,647.603
3574,21.997,607.280,647.608
3575,21.991,607.305,647.613
3576,21.984,607.329,647.617
3577,21.978,607.353,647.622
3578,21.971,607.377,647.627
3579,21.964,607.401,647.632
3580,21.958,607.425,647.637
3581,21.951,607.449,647.642
3582,21.945,607.473,647.647
3583,21.938,607.497,647.651
3584,21.931,607.522,647.656
3585,21.925,607.546,647.661
3586,21.918,607.570,647.666
3587,21.912,607.594,647.671
3588,21.905,607.619,647.676
3589,21.899,607.643,647.681
3590,21.892,607.667,647.685
3591,21.886,607.692,647.690
3592,21.879,607.716,647.695
3593,21.872,607.741,647.700
3594,21.866,607.765,647.705
3595,21.859,607.790,647.710
3596,21.853,607.814,647.715
3597,21.846,607.839,647.719
3598,21.840,607.863,647.724
3599,21.833,607.888,647.729
3600,21.827,607.912,647.734
3601,21.820,607.937,647.739
3602,21.814,607.962,647.744
3603,21.807,607.986,647.749
3604,21.801,608.011,647.754
3605,21.795,608.036,647.758
3606,21.788,608.060,647.763
3607,21.782,608.085,647.768
3608,21.775,608.110,647.773
3609,21.769,608.135,647.778
3610,21.762,608.160,647.783
3611,21.756,608.184,647.788
3612,21.749,608.209,647.793
3613,21.743,608.234,647.797
3614,21.737,608.259,647.802
3615,21.730,608.284,647.807
3616,21.724,608.309,647.812
3617,21.717,608.334,647.817
3618,21.711,608.359,647.822
3619,21.705,608.384,647.827
3620,21.698,608.409,647.832
3621,21.692,608.434,647.837
3622,21.686,608.460,647.841
3623,21.679,608.485,647.846
3624,21.673,608.510,647.851
3625,21.666,608.535,647.856
3626,21.660,608.560,647.861
3627,21.654,608.586,647.866
3628,21.647,608.611,647.871
3629,21.641,608.636,647.876
3630,21.635,608.662,647.881
3631,21.628,608.687,647.885
3632,21.622,608.712,647.890
3633,21.616,608.738,647.895
3634,21.610,608.763,647.900
3635,21.603,608.789,647.905
3636,21.597,608.814,647.910
3637,21.591,608.840,647.915
3638,21.584,608.865,647.920
3639,21.578,608.891,647.925
3640,21.572,608.916,647.930
3641,21.566,608.942,647.935
3642,21.559,608.968,647.939
3643,21.553,608.993,647.944
3644,21.547,609.019,647.949
3645,21.541,609.045,647.954
3646,21.534,609.070,647.959
3647,21.528,609.096,647.964
3648,21.522,609.122,647.969
3649,21.516,609.148,647.974
3650,21.509,609.174,647.979
3651,21.503,609.200,647.984
3652,21.497,609.226,647.989
3653,21.491,609.252,647.994
3654,21.485,609.278,647.999
3655,21.479,609.304,648.003
3656,21.472,609.330,648.008
3657,21.466,609.356,648.013
3658,21.460,609.382,648.018
3659,21.454,609.408,648.023
3660,21.448,609.434,648.028
3661,21.442,609.460,648.033
3662,21.435,609.486,648.038
3663,21.429,609.513,648.043
3664,21.423,609.539,648.048
3665,21.417,609.565,648.053
3666,21.411,609.591,648.058
3667,21.405,609.618,648.063
3668,21.399,609.644,648.068
3669,21.393,609.671,648.073
3670,21.386,609.697,648.078
3671,21.380,609.723,648.082
3672,21.374,609.750,648.087
3673,21.368,609.776,648.092
3674,21.362,609.803,648.097
3675,21.356,609.829,648.102
3676,21.350,609.856,648.107
3677,21.344,609.883,648.112
3678,21.338,609.909,648.117
3679,21.332,609.936,648.122
3680,21.326,609.963,648.127
3681,21.320,609.990,648.132
3682,21.314,610.016,648.137
3683,21.308,610.043,648.142
3684,21.302,610.070,648.147
3685,21.296,610.097,648.152
3686,21.290,610.124,648.157
3687,21.284,610.151,648.162
3688,21.278,610.178,648.167
3689,21.272,610.205,648.172
3690,21.266,610.232,648.177
3691,21.260,610.259,648.182
3692,21.254,610.286,648.187
3693,21.248,610.313,648.192
3694,21.242,610.340,648.197
3695,21.236,610.367,648.202
3696,21.230,610.394,648.207
3697,21.224,610.421,648.212
3698,21.218,610.449,648.217
3699,21.212,610.476,648.222
3700,21.206,610.503,648.227
3701,21.200,610.531,648.232
3702,21.194,610.558,648.237
3703,21.188,610.585,648.242
3704,21.182,610.613,648.247
3705,21.176,610.640,648.252
3706,21.170,610.668,648.257
3707,21.165,610.695,648.262
3708,21.159,610.723,648.267
3709,21.153,610.751,648.272
3710,21.147,610.778,648.277
3711,21.141,610.806,648.282
3712,21.135,610.834,648.287
3713,21.129,610.861,648.292
3714,21.124,610.889,648.297
3715,21.118,610.917,648.302
3716,21.112,610.945,648.307
3717,21.106,610.972,648.312
3718,21.100,611.000,648.317
3719,21.094,611.028,648.322
3720,21.088,611.056,648.327
3721,21.083,611.084,648.332
3722,21.077,611.112,648.337
3723,21.071,611.140,648.342
3724,21.065,611.168,648.347
3725,21.059,611.196,648.352
3726,21.054,611.224,648.357
3727,21.048,611.253,648.362
3728,21.042,611.281,648.367
3729,21.036,611.309,648.372
3730,21.031,611.337,648.377
3731,21.025,611.366,648.382
3732,21.019,611.394,648.387
3733,21.013,611.422,648.392
3734,21.008,611.451,648.398
3735,21.002,611.479,648.402
3736,20.996,611.507,648.408
3737,20.990,611.536,648.413
3738,20.985,611.564,648.418
3739,20.979,611.593,648.423
3740,20.973,611.622,648.428
3741,20.968,611.650,648.433
3742,20.962,611.679,648.438
3743,20.956,611.707,648.443
3744,20.950,611.736,648.448
3745,20.945,611.765,648.453
3746,20.939,611.794,648.458
3747,20.933,611.823,648.463
3748,20.928,611.851,648.468
3749,20.922,611.880,648.473
3750,20.916,611.909,648.479
3751,20.911,611.938,648.484
3752,20.905,611.967,648.489
3753,20.900,611.996,648.494
3754,20.894,612.025,648.499
3755,20.888,612.055,648.504
3756,20.883,612.084,648.509
3757,20.877,612.113,648.514
3758,20.871,612.142,648.519
3759,20.866,612.171,648.524
3760,20.860,612.201,648.530
3761,20.855,612.230,648.535
3762,20.849,612.260,648.540
3763,20.844,612.289,648.545
3764,20.838,612.318,648.550
3765,20.832,612.348,648.555
3766,20.827,612.377,648.560
3767,20.821,612.407,648.565
3768,20.816,612.437,648.571
3769,20.810,612.466,648.576
3770,20.805,612.496,648.581
3771,20.799,612.526,648.586
3772,20.794,612.555,648.591
3773,20.788,612.585,648.596
3774,20.783,612.615,648.601
3775,20.777,612.645,648.606
3776,20.772,612.675,648.612
3777,20.766,612.705,648.617
3778,20.761,612.735,648.622
3779,20.755,612.765,648.627
3780,20.750,612.795,648.632
3781,20.744,612.825,648.637
3782,20.739,612.855,648.643
3783,20.733,612.885,648.648
3784,20.728,612.915,648.653
3785,20.722,612.946,648.658
3786,20.717,612.976,648.663
3787,20.711,613.006,648.668
3788,20.706,613.037,648.674
3789,20.701,613.067,648.679
3790,20.695,613.098,648.684
3791,20.690,613.128,648.689
3792,20.684,613.159,648.694
3793,20.679,613.189,648.699
3794,20.674,613.220,648.705
3795,20.668,613.250,648.710
3796,20.663,613.281,648.715
3797,20.657,613.312,648.720
3798,20.652,613.342,648.725
3799,20.647,613.373,648.730
3800,20.641,613.404,648.736
3801,20.636,613.435,648.741
3802,20.631,613.466,648.746
3803,20.625,613.497,648.751
3804,20.620,613.528,648.757
3805,20.615,613.559,648.762
3806,20.609,613.590,648.767
3807,20.604,613.621,648.772
3808,20.599,613.652,648.777
3809,20.593,613.683,648.783
3810,20.588,613.715,648.788
3811,20.583,613.746,648.793
3812,20.577,613.777,648.798
3813,20.572,613.809,648.803
3814,20.567,613.840,648.809
3815,20.562,613.871,648.814
3816,20.556,613.903,648.819
3817,20.551,613.935,648.824
3818,20.546,613.966,648.830
3819,20.540,613.998,648.835
3820,20.535,614.029,648.840
3821,20.530,614.061,648.845
3822,20.525,614.093,648.851
3823,20.520,614.125,648.856
3824,20.514,614.156,648.861
3825,20.509,614.188,648.866
3826,20.504,614.220,648.872
3827,20.499,614.252,648.877
3828,20.493,614.284,648.882
3829,20.488,614.316,648.888
3830,20.483,614.348,648.893
3831,20.478,614.380,648.898
3832,20.473,614.412,648.904
3833,20.468,614.445,648.909
3834,20.462,614.477,648.914
3835,20.457,614.509,648.919
3836,20.452,614.541,648.925
3837,20.447,614.574,648.930
3838,20.442,614.606,648.935
3839,20.437,614.638,648.940
3840,20.432,614.671,648.946
3841,20.426,614.703,648.951
3842,20.421,614.736,648.957
3843,20.416,614.769,648.962
3844,20.411,614.801,648.967
3845,20.406,614.834,648.972
3846,20.401,614.867,648.978
3847,20.396,614.900,648.983
3848,20.391,614.932,648.988
3849,20.386,614.965,648.994
3850,20.381,614.998,648.999
3851,20.376,615.031,649.004
3852,20.371,615.064,649.010
3853,20.365,615.097,649.015
3854,20.360,615.130,649.021
3855,20.355,615.164,649.026
3856,20.350,615.197,649.031
3857,20.345,615.230,649.036
3858,20.340,615.264,649.042
3859,20.335,615.297,649.047
3860,20.330,615.330,649.053
3861,20.325,615.364,649.058
3862,20.320,615.397,649.063
3863,20.315,615.431,649.069
3864,20.310,615.465,649.074
3865,20.305,615.498,649.079
3866,20.300,615.532,649.085
3867,20.295,615.566,649.090
3868,20.290,615.599,649.096
3869,20.285,615.633,649.101
3870,20.281,615.667,649.107
3871,20.276,615.701,649.112
3872,20.271,615.735,649.117
3873,20.266,615.769,649.123
3874,20.261,615.803,649.128
3875,20.256,615.837,649.133
3876,20.251,615.872,649.139
3877,20.246,615.906,649.144
3878,20.241,615.940,649.150
3879,20.236,615.975,649.155
3880,20.231,616.009,649.161
3881,20.227,616.043,649.166
3882,20.222,616.078,649.172
3883,20.217,616.112,649.177
3884,20.212,616.147,649.182
3885,20.207,616.182,649.188
3886,20.202,616.216,649.193
3887,20.197,616.251,649.199
3888,20.193,616.286,649.204
3889,20.188,616.321,649.210
3890,20.183,616.356,649.215
3891,20.178,616.390,649.221
3892,20.173,616.425,649.226
3893,20.168,616.460,649.231
3894,20.164,616.496,649.237
3895,20.159,616.531,649.242
3896,20.154,616.566,649.248
3897,20.149,616.601,649.253
3898,20.145,616.636,649.259
3899,20.140,616.672,649.264
3900,20.135,616.707,649.270
3901,20.130,616.743,649.275
3902,20.125,616.778,649.281
3903,20.121,616.814,649.286
3904,20.116,616.849,649.292
3905,20.111,616.885,649.297
3906,20.107,616.921,649.303
3907,20.102,616.956,649.308
3908,20.097,616.992,649.314
3909,20.092,617.028,649.320
3910,20.088,617.064,649.325
3911,20.083,617.100,649.331
3912,20.078,617.136,649.336
3913,20.074,617.172,649.342
3914,20.069,617.208,649.347
3915,20.064,617.244,649.353
3916,20.060,617.280,649.358
3917,20.055,617.317,649.364
3918,20.050,617.353,649.370
3919,20.046,617.389,649.375
3920,20.041,617.426,649.381
3921,20.036,617.462,649.386
3922,20.032,617.499,649.392
3923,20.027,617.535,649.397
3924,20.023,617.572,649.403
3925,20.018,617.609,649.409
3926,20.013,617.645,649.414
3927,20.009,617.682,649.420
3928,20.004,617.719,649.425
3929,20.000,617.756,649.431
3930,19.995,617.793,649.437
3931,19.990,617.830,649.442
3932,19.986,617.867,649.448
3933,19.981,617.904,649.453
3934,19.977,617.941,649.459
3935,19.972,617.979,649.465
3936,19.968,618.016,649.470
3937,19.963,618.053,649.476
3938,19.959,618.091,649.482
3939,19.954,618.128,649.487
3940,19.950,618.166,649.493
3941,19.945,618.204,649.498
3942,19.941,618.241,649.504
3943,19.936,618.279,649.510
3944,19.932,618.317,649.516
3945,19.927,618.355,649.521
3946,19.923,618.393,649.527
3947,19.918,618.431,649.532
3948,19.914,618.469,649.538
3949,19.909,618.507,649.544
3950,19.905,618.545,649.550
3951,19.900,618.583,649.555
3952,19.896,618.621,649.561
3953,19.892,618.660,649.567
3954,19.887,618.698,649.572
3955,19.883,618.737,649.578
3956,19.878,618.775,649.584
3957,19.874,618.814,649.589
3958,19.870,618.852,649.595
3959,19.865,618.891,649.601
3960,19.861,618.930,649.607
3961,19.856,618.969,649.612
3962,19.852,619.007,649.618
3963,19.848,619.046,649.624
3964,19.843,619.085,649.630
3965,19.839,619.124,649.635
3966,19.835,619.163,649.641
3967,19.830,619.203,649.647
3968,19.826,619.242,649.653
3969,19.822,619.281,649.658
3970,19.817,619.321,649.664
3971,19.813,619.360,649.670
3972,19.809,619.399,649.676
3973,19.804,619.439,649.682
3974,19.800,619.479,649.687
3975,19.796,619.518,649.693
3976,19.791,619.558,649.699
3977,19.787,619.598,649.705
3978,19.783,619.638,649.711
3979,19.779,619.678,649.716
3980,19.774,619.718,649.722
3981,19.770,619.758,649.728
3982,19.766,619.798,649.734
3983,19.762,619.838,649.740
3984,19.758,619.878,649.746
3985,19.753,619.918,649.751
3986,19.749,619.959,649.757
3987,19.745,619.999,649.763
3988,19.741,620.040,649.769
3989,19.736,620.080,649.775
3990,19.732,620.121,649.781
3991,19.728,620.161,649.786
3992,19.724,620.202,649.792
3993,19.720,620.243,649.798
3994,19.716,620.284,649.804
3995,19.711,620.325,649.810
3996,19.707,620.366,649.816
3997,19.703,620.407,649.822
3998,19.699,620.448,649.828
3999,19.695,620.489,649.833
4000,19.691,620.530,649.839
4001,19.687,620.572,649.845
4002,19.683,620.613,649.851
4003,19.678,620.654,649.857
4004,19.674,620.696,649.863
4005,19.670,620.737,649.869
4006,19.666,620.779,649.875
4007,19.662,620.821,649.881
4008,19.658,620.862,649.887
4009,19.654,620.904,649.893
4010,19.650,620.946,649.899
4011,19.646,620.988,649.905
4012,19.642,621.030,649.911
4013,19.638,621.072,649.917
4014,19.634,621.114,649.923
4015,19.630,621.157,649.929
4016,19.626,621.199,649.935
4017,19.622,621.241,649.941
4018,19.618,621.284,649.947
4019,19.614,621.326,649.953
4020,19.610,621.369,649.959
4021,19.606,621.412,649.965
4022,19.602,621.454,649.971
4023,19.598,621.497,649.977
4024,19.594,621.540,649.983
4025,19.590,621.583,649.989
4026,19.586,621.626,649.995
4027,19.582,621.669,650.001
4028,19.578,621.712,650.007
4029,19.574,621.756,650.013
4030,19.570,621.799,650.019
4031,19.566,621.842,650.025
4032,19.563,621.886,650.031
4033,19.559,621.929,650.037
4034,19.555,621.973,650.043
4035,19.551,622.017,650.049
4036,19.547,622.060,650.055
4037,19.543,622.104,650.061
4038,19.539,622.148,650.067
4039,19.535,622.192,650.073
4040,19.532,622.236,650.079
4041,19.528,622.280,650.086
4042,19.524,622.324,650.092
4043,19.520,622.368,650.098
4044,19.516,622.413,650.104
4045,19.512,622.457,650.110
4046,19.509,622.501,650.116
4047,19.505,622.546,650.122
4048,19.501,622.591,650.128
4049,19.497,622.635,650.135
4050,19.494,622.680,650.141
4051,19.490,622.725,650.147
4052,19.486,622.770,650.153
4053,19.482,622.815,650.159
4054,19.478,622.860,650.165
4055,19.475,622.905,650.172
4056,19.471,622.950,650.178
4057,19.467,622.995,650.184
4058,19.464,623.040,650.190
4059,19.460,623.085,650.196
4060,19.456,623.131,650.202
4061,19.452,623.176,650.209
4062,19.449,623.222,650.215
4063,19.445,623.267,650.221
4064,19.441,623.313,650.227
4065,19.438,623.359,650.234
4066,19.434,623.405,650.240
4067,19.430,623.451,650.246
4068,19.427,623.497,650.252
4069,19.423,623.543,650.259
4070,19.419,623.589,650.265
4071,19.416,623.635,650.271
4072,19.412,623.682,650.277
4073,19.409,623.728,650.284
4074,19.405,623.775,650.290
4075,19.401,623.821,650.296
4076,19.398,623.868,650.302
4077,19.394,623.915,650.309
4078,19.391,623.961,650.315
4079,19.387,624.008,650.321
4080,19.384,624.055,650.327
4081,19.380,624.102,650.334
4082,19.376,624.149,650.340
4083,19.373,624.197,650.347
4084,19.369,624.244,650.353
4085,19.366,624.291,650.359
4086,19.362,624.339,650.365
4087,19.359,624.386,650.372
4088,19.355,624.434,650.378
4089,19.352,624.481,650.385
4090,19.348,624.529,650.391
4091,19.345,624.577,650.397
4092,19.341,624.625,650.404
4093,19.338,624.673,650.410
4094,19.334,624.721,650.416
4095,19.331,624.769,650.423
4096,19.327,624.817,650.429
4097,19.324,624.865,650.436
4098,19.321,624.913,650.442
4099,19.317,624.962,650.449
4100,19.314,625.010,650.455
4101,19.310,625.059,650.461
4102,19.307,625.108,650.468
4103,19.303,625.156,650.474
4104,19.300,625.205,650.480
4105,19.297,625.254,650.487
4106,19.293,625.303,650.493
4107,19.290,625.352,650.500
4108,19.287,625.401,650.506
4109,19.283,625.450,650.513
4110,19.280,625.499,650.519
4111,19.277,625.548,650.526
4112,19.273,625.598,650.532
4113,19.270,625.648,650.539
4114,19.267,625.697,650.545
4115,19.263,625.747,650.552
4116,19.260,625.797,650.558
4117,19.257,625.846,650.565
4118,19.253,625.896,650.571
4119,19.250,625.946,650.578
4120,19.247,625.995,650.584
4121,19.244,626.046,650.591
4122,19.240,626.096,650.597
4123,19.237,626.146,650.604
4124,19.234,626.197,650.610
4125,19.231,626.247,650.617
4126,19.227,626.297,650.623
4127,19.224,626.348,650.630
4128,19.221,626.398,650.636
4129,19.218,626.449,650.643
4130,19.214,626.500,650.650
4131,19.211,626.551,650.656
4132,19.208,626.602,650.663
4133,19.205,626.652,650.670
4134,19.202,626.704,650.676
4135,19.199,626.755,650.683
4136,19.195,626.806,650.689
4137,19.192,626.857,650.696
4138,19.189,626.909,650.702
4139,19.186,626.960,650.709
4140,19.183,627.012,650.716
4141,19.180,627.063,650.723
4142,19.177,627.115,650.729
4143,19.174,627.167,650.736
4144,19.170,627.219,650.742
4145,19.167,627.271,650.749
4146,19.164,627.323,650.756
4147,19.161,627.375,650.763
4148,19.158,627.427,650.769
4149,19.155,627.479,650.776
4150,19.152,627.531,650.782
4151,19.149,627.584,650.789
4152,19.146,627.636,650.796
4153,19.143,627.689,650.803
4154,19.140,627.741,650.809
4155,19.137,627.794,650.816
4156,19.134,627.847,650.823
4157,19.131,627.900,650.830
4158,19.128,627.953,650.836
4159,19.125,628.005,650.843
4160,19.122,628.059,650.849
4161,19.119,628.112,650.856
4162,19.116,628.165,650.863
4163,19.113,628.218,650.870
4164,19.110,628.271,650.877
4165,19.107,628.325,650.884
4166,19.104,628.378,650.890
4167,19.101,628.432,650.897
4168,19.098,628.485,650.904
4169,19.095,628.539,650.911
4170,19.092,628.593,650.917
4171,19.089,628.647,650.924
4172,19.087,628.701,650.931
4173,19.084,628.755,650.938
4174,19.081,628.809,650.944
4175,19.078,628.863,650.951
4176,19.075,628.917,650.958
4177,19.072,628.971,650.965
4178,19.069,629.025,650.972
4179,19.067,629.079,650.979
4180,19.064,629.134,650.985
4181,19.061,629.188,650.992
4182,19.058,629.243,650.999
4183,19.055,629.297,651.006
4184,19.052,629.352,651.013
4185,19.050,629.407,651.020
4186,19.047,629.462,651.027
4187,19.044,629.516,651.034
4188,19.041,629.571,651.040
4189,19.039,629.626,651.047
4190,19.036,629.681,651.054
4191,19.033,629.737,651.061
4192,19.030,629.792,651.068
4193,19.028,629.847,651.075
4194,19.025,629.902,651.082
4195,19.022,629.958,651.089
4196,19.019,630.013,651.096
4197,19.017,630.069,651.103
4198,19.014,630.124,651.110
4199,19.011,630.180,651.117
4200,19.009,630.236,651.123
4201,19.006,630.292,651.130
4202,19.003,630.347,651.137
4203,19.001,630.403,651.144
4204,18.998,630.459,651.151
4205,18.995,630.515,651.158
4206,18.993,630.571,651.165
4207,18.990,630.627,651.172
4208,18.987,630.684,651.179
4209,18.985,630.740,651.186
4210,18.982,630.796,651.193
4211,18.979,630.852,651.200
4212,18.977,630.909,651.207
4213,18.974,630.965,651.214
4214,18.972,631.022,651.221
4215,18.969,631.078,651.228
4216,18.966,631.135,651.235
4217,18.964,631.191,651.242
4218,18.961,631.248,651.249
4219,18.959,631.305,651.256
4220,18.956,631.362,651.263
4221,18.954,631.418,651.270
4222,18.951,631.475,651.277
4223,18.949,631.532,651.284
4224,18.946,631.589,651.291
4225,18.944,631.646,651.298
4226,18.941,631.703,651.306
4227,18.939,631.760,651.313
4228,18.936,631.817,651.320
4229,18.934,631.875,651.327
4230,18.931,631.932,651.334
4231,18.929,631.989,651.341
4232,18.926,632.046,651.348
4233,18.924,632.103,651.355
4234,18.921,632.161,651.362
4235,18.919,632.218,651.369
4236,18.916,632.276,651.376
4237,18.914,632.333,651.383
4238,18.912,632.390,651.390
4239,18.909,632.448,651.397
4240,18.907,632.506,651.405
4241,18.904,632.563,651.412
4242,18.902,632.621,651.419
4243,18.900,632.678,651.426
4244,18.897,632.736,651.433
4245,18.895,632.794,651.440
4246,18.892,632.851,651.447
4247,18.890,632.909,651.454
4248,18.888,632.967,651.462
4249,18.885,633.024,651.469
4250,18.883,633.082,651.476
4251,18.881,633.140,651.483
4252,18.878,633.198,651.490
4253,18.876,633.255,651.497
4254,18.874,633.313,651.504
4255,18.871,633.371,651.511
4256,18.869,633.429,651.519
4257,18.867,633.487,651.526
4258,18.865,633.545,651.533
4259,18.862,633.602,651.540
4260,18.860,633.660,651.547
4261,18.858,633.718,651.554
4262,18.855,633.776,651.561
4263,18.853,633.834,651.568
4264,18.851,633.892,651.576
4265,18.849,633.950,651.583
4266,18.846,634.008,651.590
4267,18.844,634.065,651.597
4268,18.842,634.123,651.604
4269,18.840,634.181,651.611
4270,18.838,634.239,651.619
4271,18.835,634.297,651.626
4272,18.833,634.355,651.633
4273,18.831,634.413,651.640
4274,18.829,634.470,651.647
4275,18.827,634.528,651.654
4276,18.824,634.586,651.661
4277,18.822,634.644,651.668
4278,18.820,634.701,651.676
4279,18.818,634.759,651.683
4280,18.816,634.817,651.690
4281,18.814,634.874,651.697
4282,18.811,634.932,651.704
4283,18.809,634.990,651.711
4284,18.807,635.047,651.719
4285,18.805,635.105,651.726
4286,18.803,635.162,651.733
4287,18.801,635.220,651.740
4288,18.799,635.277,651.747
4289,18.797,635.335,651.754
4290,18.794,635.392,651.762
4291,18.792,635.449,651.769
4292,18.790,635.507,651.776
4293,18.788,635.564,651.783
4294,18.786,635.621,651.790
4295,18.784,635.678,651.797
4296,18.782,635.735,651.805
4297,18.780,635.792,651.812
4298,18.778,635.849,651.819
4299,18.776,635.906,651.826
4300,18.774,635.963,651.833
4301,18.772,636.020,651.840
4302,18.770,636.077,651.847
4303,18.768,636.133,651.854
4304,18.766,636.190,651.862
4305,18.764,636.246,651.869
4306,18.762,636.303,651.876
4307,18.760,636.359,651.883
4308,18.758,636.416,651.890
4309,18.756,636.472,651.897
4310,18.754,636.528,651.904
4311,18.752,636.584,651.911
4312,18.750,636.640,651.918
4313,18.748,636.696,651.925
4314,18.746,636.752,651.933
4315,18.744,636.808,651.940
4316,18.742,636.863,651.947
4317,18.740,636.919,651.954
4318,18.738,636.974,651.961
4319,18.736,637.030,651.968
4320,18.734,637.085,651.975
4321,18.732,637.140,651.982
4322,18.730,637.195,651.989
4323,18.728,637.250,651.996
4324,18.726,637.305,652.003
4325,18.724,637.360,652.010
4326,18.722,637.415,652.017
4327,18.720,637.469,652.024
4328,18.718,637.524,652.031
4329,18.716,637.578,652.038
4330,18.715,637.632,652.045
4331,18.713,637.687,652.052
4332,18.711,637.741,652.059
4333,18.709,637.794,652.066
4334,18.707,637.848,652.073
4335,18.705,637.902,652.080
4336,18.703,637.955,652.087
4337,18.701,638.008,652.094
4338,18.699,638.061,652.101
4339,18.698,638.114,652.108
4340,18.696,638.167,652.115
4341,18.694,638.220,652.122
4342,18.692,638.272,652.129
4343,18.690,638.325,652.136
4344,18.688,638.377,652.143
4345,18.686,638.429,652.150
4346,18.684,638.481,652.156
4347,18.683,638.533,652.163
4348,18.681,638.585,652.170
4349,18.679,638.636,652.177
4350,18.677,638.687,652.184
4351,18.675,638.739,652.191
4352,18.673,638.790,652.197
4353,18.672,638.841,652.204
4354,18.670,638.891,652.211
4355,18.668,638.942,652.218
4356,18.666,638.992,652.225
4357,18.664,639.043,652.232
4358,18.662,639.093,652.238
4359,18.661,639.143,652.245
4360,18.659,639.192,652.252
4361,18.657,639.242,652.259
4362,18.655,639.291,652.265
4363,18.653,639.340,652.272
4364,18.652,639.389,652.278
4365,18.650,639.438,652.285
4366,18.648,639.486,652.292
4367,18.646,639.534,652.299
4368,18.644,639.582,652.305
4369,18.643,639.630,652.312
4370,18.641,639.678,652.318
4371,18.639,639.726,652.325
4372,18.637,639.773,652.332
4373,18.635,639.820,652.339
4374,18.634,639.867,652.345
4375,18.632,639.914,652.352
4376,18.630,639.960,652.358
4377,18.628,640.006,652.365
4378,18.627,640.053,652.371
4379,18.625,640.099,652.378
4380,18.623,640.144,652.384
4381,18.621,640.190,652.391
4382,18.619,640.236,652.397
4383,18.618,640.281,652.404
4384,18.616,640.326,652.410
4385,18.614,640.370,652.417
4386,18.612,640.415,652.423
4387,18.611,640.459,652.429
4388,18.609,640.503,652.435
4389,18.607,640.547,652.442
4390,18.605,640.590,652.448
4391,18.604,640.634,652.455
4392,18.602,640.677,652.461
4393,18.600,640.720,652.467
4394,18.598,640.762,652.473
4395,18.597,640.805,652.480
4396,18.595,640.847,652.486
4397,18.593,640.889,652.492
4398,18.591,640.931,652.498
4399,18.590,640.973,652.505
4400,18.588,641.015,652.511
4401,18.586,641.056,652.517
4402,18.584,641.097,652.523
4403,18.583,641.138,652.529
4404,18.581,641.179,652.535
4405,18.579,641.219,652.541
4406,18.577,641.259,652.547
4407,18.576,641.299,652.553
4408,18.574,641.339,652.559
4409,18.572,641.378,652.565
4410,18.571,641.417,652.571
4411,18.569,641.456,652.577
4412,18.567,641.495,652.583
4413,18.565,641.534,652.589
4414,18.564,641.572,652.595
4415,18.562,641.611,652.601
4416,18.560,641.649,652.607
4417,18.558,641.687,652.612
4418,18.557,641.724,652.618
4419,18.555,641.762,652.624
4420,18.553,641.799,652.630
4421,18.552,641.836,652.636
4422,18.550,641.873,652.641
4423,18.548,641.910,652.647
4424,18.546,641.947,652.653
4425,18.545,641.983,652.658
4426,18.543,642.020,652.664
4427,18.541,642.056,652.670
4428,18.540,642.091,652.675
4429,18.538,642.127,652.681
4430,18.536,642.162,652.687
4431,18.534,642.198,652.692
4432,18.533,642.233,652.698
4433,18.531,642.268,652.703
4434,18.529,642.302,652.709
4435,18.528,642.337,652.714
4436,18.526,642.371,652.719
4437,18.524,642.406,652.725
4438,18.522,642.440,652.730
4439,18.521,642.474,652.735
4440,18.519,642.507,652.741
4441,18.517,642.541,652.746
4442,18.516,642.574,652.752
4443,18.514,642.608,652.757
4444,18.512,642.641,652.762
4445,18.511,642.674,652.767
4446,18.509,642.707,652.773
4447,18.507,642.740,652.778
4448,18.506,642.772,652.783
4449,18.504,642.805,652.788
4450,18.502,642.837,652.793
4451,18.500,642.869,652.798
4452,18.499,642.901,652.803
4453,18.497,642.933,652.808
4454,18.495,642.965,652.813
4455,18.494,642.996,652.818
4456,18.492,643.027,652.823
4457,18.490,643.059,652.828
4458,18.489,643.090,652.833
4459,18.487,643.121,652.838
4460,18.485,643.151,652.843
4461,18.484,643.182,652.848
4462,18.482,643.213,652.853
4463,18.480,643.243,652.858
4464,18.479,643.273,652.863
4465,18.477,643.303,652.867
4466,18.475,643.333,652.872
4467,18.474,643.363,652.877
4468,18.472,643.393,652.882
4469,18.470,643.422,652.886
4470,18.469,643.452,652.891
4471,18.467,643.481,652.896
4472,18.465,643.510,652.901
4473,18.464,643.539,652.905
4474,18.462,643.568,652.910
4475,18.460,643.597,652.914
4476,18.459,643.626,652.919
4477,18.457,643.654,652.924
4478,18.455,643.683,652.928
4479,18.454,643.711,652.933
4480,18.452,643.740,652.937
4481,18.450,643.768,652.942
4482,18.449,643.796,652.946
4483,18.447,643.824,652.951
4484,18.445,643.851,652.955
4485,18.444,643.879,652.959
4486,18.442,643.906,652.964
4487,18.441,643.933,652.968
4488,18.439,643.961,652.973
4489,18.437,643.988,652.977
4490,18.436,644.015,652.981
4491,18.434,644.042,652.986
4492,18.432,644.068,652.990
4493,18.431,644.095,652.994
4494,18.429,644.121,652.998
4495,18.427,644.148,653.003
4496,18.426,644.174,653.007
4497,18.424,644.200,653.011
4498,18.423,644.226,653.015
4499,18.421,644.252,653.019
4500,18.419,644.278,653.023
4501,18.418,644.304,653.027
4502,18.416,644.329,653.032
4503,18.414,644.355,653.036
4504,18.413,644.380,653.040
4505,18.411,644.405,653.044
4506,18.410,644.430,653.048
4507,18.408,644.455,653.052
4508,18.406,644.480,653.056
4509,18.405,644.505,653.060
4510,18.403,644.530,653.064
4511,18.401,644.555,653.068
4512,18.400,644.579,653.072
4513,18.398,644.604,653.076
4514,18.397,644.628,653.079
4515,18.395,644.652,653.083
4516,18.393,644.676,653.087
4517,18.392,644.700,653.091
4518,18.390,644.724,653.095
4519,18.389,644.748,653.099
4520,18.387,644.772,653.102
4521,18.385,644.796,653.106
4522,18.384,644.819,653.110
4523,18.382,644.843,653.114
4524,18.381,644.866,653.117
4525,18.379,644.890,653.121
4526,18.377,644.913,653.125
4527,18.376,644.936,653.129
4528,18.374,644.959,653.132
4529,18.373,644.982,653.136
4530,18.371,645.004,653.140
4531,18.370,645.027,653.143
4532,18.368,645.050,653.147
4533,18.366,645.072,653.150
4534,18.365,645.094,653.154
4535,18.363,645.117,653.157
4536,18.362,645.139,653.161
4537,18.360,645.161,653.165
4538,18.358,645.183,653.168
4539,18.357,645.205,653.172
4540,18.355,645.227,653.175
4541,18.354,645.248,653.179
4542,18.352,645.270,653.182
4543,18.351,645.292,653.185
4544,18.349,645.313,653.189
4545,18.347,645.334,653.192
4546,18.346,645.356,653.196
4547,18.344,645.377,653.199
4548,18.343,645.398,653.202
4549,18.341,645.419,653.206
4550,18.340,645.440,653.209
4551,18.338,645.461,653.212
4552,18.337,645.482,653.216
4553,18.335,645.502,653.219
4554,18.333,645.523,653.222
4555,18.332,645.543,653.226
4556,18.330,645.564,653.229
4557,18.329,645.584,653.232
4558,18.327,645.604,653.235
4559,18.326,645.625,653.239
4560,18.324,645.645,653.242
4561,18.323,645.665,653.245
4562,18.321,645.685,653.248
4563,18.319,645.705,653.251
4564,18.318,645.725,653.254
4565,18.316,645.744,653.258
4566,18.315,645.764,653.261
4567,18.313,645.784,653.264
4568,18.312,645.803,653.267
4569,18.310,645.823,653.270
4570,18.309,645.842,653.273
4571,18.307,645.862,653.276
4572,18.306,645.881,653.279
4573,18.304,645.900,653.282
4574,18.303,645.919,653.285
4575,18.301,645.938,653.288
4576,18.300,645.957,653.291
4577,18.298,645.976,653.294
4578,18.296,645.994,653.297
4579,18.295,646.013,653.300
4580,18.293,646.032,653.303
4581,18.292,646.050,653.306
4582,18.290,646.068,653.309
4583,18.289,646.087,653.312
4584,18.287,646.105,653.315
4585,18.286,646.123,653.318
4586,18.284,646.141,653.321
4587,18.283,646.159,653.324
4588,18.281,646.177,653.327
4589,18.280,646.195,653.329
4590,18.278,646.213,653.332
4591,18.277,646.231,653.335
4592,18.275,646.249,653.338
4593,18.274,646.266,653.341
4594,18.272,646.284,653.344
4595,18.271,646.301,653.346
4596,18.269,646.319,653.349
4597,18.268,646.336,653.352
4598,18.266,646.354,653.355
4599,18.265,646.371,653.358
4600,18.263,646.388,653.360
4601,18.262,646.405,653.363
4602,18.260,646.422,653.366
4603,18.259,646.439,653.368
4604,18.257,646.456,653.371
4605,18.256,646.473,653.374
4606,18.254,646.490,653.377
4607,18.253,646.506,653.379
4608,18.251,646.523,653.382
4609,18.250,646.540,653.384
4610,18.248,646.556,653.387
4611,18.247,646.573,653.390
4612,18.245,646.589,653.392
4613,18.244,646.605,653.395
4614,18.243,646.622,653.398
4615,18.241,646.638,653.400
4616,18.240,646.654,653.403
4617,18.238,646.670,653.405
4618,18.237,646.686,653.408
4619,18.235,646.702,653.410
4620,18.234,646.718,653.413
4621,18.232,646.734,653.415
4622,18.231,646.750,653.418
4623,18.229,646.766,653.420
4624,18.228,646.781,653.423
4625,18.226,646.797,653.425
4626,18.225,646.813,653.428
4627,18.223,646.828,653.430
4628,18.222,646.844,653.433
4629,18.221,646.859,653.435
4630,18.219,646.874,653.438
4631,18.218,646.890,653.440
4632,18.216,646.905,653.443
4633,18.215,646.920,653.445
4634,18.213,646.935,653.447
4635,18.212,646.950,653.450
4636,18.210,646.965,653.452
4637,18.209,646.980,653.454
4638,18.208,646.995,653.457
4639,18.206,647.010,653.459
4640,18.205,647.025,653.462
4641,18.203,647.040,653.464
4642,18.202,647.054,653.466
4643,18.200,647.069,653.469
4644,18.199,647.083,653.471
4645,18.197,647.098,653.473
4646,18.196,647.112,653.476
4647,18.195,647.127,653.478
4648,18.193,647.141,653.480
4649,18.192,647.155,653.482
4650,18.190,647.170,653.485
4651,18.189,647.184,653.487
4652,18.187,647.198,653.489
4653,18.186,647.212,653.491
4654,18.185,647.226,653.494
4655,18.183,647.240,653.496
4656,18.182,647.254,653.498
4657,18.180,647.268,653.500
4658,18.179,647.282,653.502
4659,18.178,647.295,653.505
4660,18.176,647.309,653.507
4661,18.175,647.323,653.509
4662,18.173,647.336,653.511
4663,18.172,647.350,653.513
4664,18.171,647.363,653.515
4665,18.169,647.377,653.518
4666,18.168,647.390,653.520
4667,18.166,647.404,653.522
4668,18.165,647.417,653.524
4669,18.163,647.430,653.526
4670,18.162,647.444,653.528
4671,18.161,647.457,653.530
4672,18.159,647.470,653.532
4673,18.158,647.483,653.534
4674,18.156,647.496,653.537
4675,18.155,647.509,653.539
4676,18.154,647.522,653.541
4677,18.152,647.535,653.543
4678,18.151,647.548,653.545
4679,18.150,647.561,653.547
4680,18.148,647.573,653.549
4681,18.147,647.586,653.551
4682,18.145,647.599,653.553
4683,18.144,647.612,653.555
4684,18.143,647.624,653.557
4685,18.141,647.637,653.559
4686,18.140,647.649,653.561
4687,18.138,647.662,653.563
4688,18.137,647.674,653.565
4689,18.136,647.686,653.567
4690,18.134,647.699,653.569
4691,18.133,647.711,653.571
4692,18.132,647.723,653.572
4693,18.130,647.736,653.574
4694,18.129,647.748,653.576
4695,18.127,647.760,653.578
4696,18.126,647.772,653.580
4697,18.125,647.784,653.582
4698,18.123,647.796,653.584
4699,18.122,647.808,653.586
4700,18.121,647.820,653.588
4701,18.119,647.832,653.590
4702,18.118,647.844,653.591
4703,18.117,647.855,653.593
4704,18.115,647.867,653.595
4705,18.114,647.879,653.597
4706,18.113,647.891,653.599
4707,18.111,647.902,653.601
4708,18.110,647.914,653.602
4709,18.108,647.925,653.604
4710,18.107,647.937,653.606
4711,18.106,647.948,653.608
4712,18.104,647.960,653.610
4713,18.103,647.971,653.612
4714,18.102,647.983,653.613
4715,18.100,647.994,653.615
4716,18.099,648.005,653.617
4717,18.098,648.016,653.619
4718,18.096,648.028,653.620
4719,18.095,648.039,653.622
4720,18.094,648.050,653.624
4721,18.092,648.061,653.626
4722,18.091,648.072,653.627
4723,18.090,648.083,653.629
4724,18.088,648.094,653.631
4725,18.087,648.105,653.633
4726,18.086,648.116,653.634
4727,18.084,648.127,653.636
4728,18.083,648.138,653.638
4729,18.082,648.149,653.640
4730,18.080,648.160,653.641
4731,18.079,648.170,653.643
4732,18.078,648.181,653.645
4733,18.076,648.192,653.646
4734,18.075,648.202,653.648
4735,18.074,648.213,653.650
4736,18.072,648.224,653.651
4737,18.071,648.234,653.653
4738,18.070,648.245,653.655
4739,18.068,648.255,653.656
4740,18.067,648.266,653.658
4741,18.066,648.276,653.660
4742,18.065,648.287,653.661
4743,18.063,648.297,653.663
4744,18.062,648.307,653.664
4745,18.061,648.318,653.666
4746,18.059,648.328,653.668
4747,18.058,648.338,653.669
4748,18.057,648.348,653.671
4749,18.055,648.358,653.673
4750,18.054,648.368,653.674
4751,18.053,648.379,653.676
4752,18.051,648.389,653.677
4753,18.050,648.399,653.679
4754,18.049,648.409,653.680
4755,18.048,648.419,653.682
4756,18.046,648.428,653.683
4757,18.045,648.438,653.685
4758,18.044,648.448,653.687
4759,18.042,648.458,653.688
4760,18.041,648.468,653.690
4761,18.040,648.477,653.691
4762,18.039,648.487,653.693
4763,18.037,648.497,653.694
4764,18.036,648.507,653.696
4765,18.035,648.516,653.697
4766,18.033,648.526,653.699
4767,18.032,648.535,653.700
4768,18.031,648.545,653.702
4769,18.030,648.554,653.703
4770,18.028,648.564,653.705
4771,18.027,648.573,653.706
4772,18.026,648.583,653.708
4773,18.024,648.592,653.709
4774,18.023,648.601,653.711
4775,18.022,648.611,653.712
4776,18.021,648.620,653.714
4777,18.019,648.629,653.715
4778,18.018,648.639,653.716
4779,18.017,648.648,653.718
4780,18.016,648.657,653.719
4781,18.014,648.666,653.721
4782,18.013,648.675,653.722
4783,18.012,648.684,653.724
4784,18.011,648.693,653.725
4785,18.009,648.702,653.727
4786,18.008,648.711,653.728
4787,18.007,648.720,653.730
4788,18.006,648.729,653.731
4789,18.004,648.738,653.732
4790,18.003,648.747,653.734
4791,18.002,648.756,653.735
4792,18.001,648.765,653.736
4793,17.999,648.774,653.738
4794,17.998,648.782,653.739
4795,17.997,648.791,653.741
4796,17.996,648.800,653.742
4797,17.994,648.809,653.743
4798,17.993,648.817,653.745
4799,17.992,648.826,653.746
4800,17.991,648.835,653.747
4801,17.989,648.843,653.749
4802,17.988,648.852,653.750
4803,17.987,648.860,653.752
4804,17.986,648.869,653.753
4805,17.984,648.877,653.754
4806,17.983,648.886,653.755
4807,17.982,648.894,653.757
4808,17.981,648.903,653.758
4809,17.979,648.911,653.760
4810,17.978,648.920,653.761
4811,17.977,648.928,653.762
4812,17.976,648.936,653.763
4813,17.974,648.945,653.765
4814,17.973,648.953,653.766
4815,17.972,648.961,653.767
4816,17.971,648.969,653.769
4817,17.970,648.978,653.770
4818,17.968,648.986,653.771
4819,17.967,648.994,653.773
4820,17.966,649.002,653.774
4821,17.965,649.010,653.775
4822,17.963,649.018,653.776
4823,17.962,649.026,653.778
4824,17.961,649.034,653.779
4825,17.960,649.042,653.780
4826,17.959,649.050,653.781
4827,17.957,649.058,653.783
4828,17.956,649.066,653.784
4829,17.955,649.074,653.785
4830,17.954,649.082,653.786
4831,17.953,649.090,653.788
4832,17.951,649.098,653.789
4833,17.950,649.106,653.790
4834,17.949,649.114,653.791
4835,17.948,649.121,653.793
4836,17.947,649.129,653.794
4837,17.945,649.137,653.795
4838,17.944,649.145,653.796
4839,17.943,649.152,653.797
4840,17.942,649.160,653.798
4841,17.941,649.168,653.800
4842,17.939,649.175,653.801
4843,17.938,649.183,653.802
4844,17.937,649.190,653.803
4845,17.936,649.198,653.805
4846,17.935,649.206,653.806
4847,17.933,649.213,653.807
4848,17.932,649.221,653.808
4849,17.931,649.228,653.809
4850,17.930,649.236,653.810
4851,17.929,649.243,653.812
4852,17.927,649.250,653.813
4853,17.926,649.258,653.814
4854,17.925,649.265,653.815
4855,17.924,649.273,653.816
4856,17.923,649.280,653.817
4857,17.922,649.287,653.819
4858,17.920,649.294,653.820
4859,17.919,649.302,653.821
4860,17.918,649.309,653.822
4861,17.917,649.316,653.823
4862,17.916,649.323,653.824
4863,17.914,649.331,653.825
4864,17.913,649.338,653.826
4865,17.912,649.345,653.828
4866,17.911,649.352,653.829
4867,17.910,649.359,653.830
4868,17.909,649.366,653.831
4869,17.907,649.373,653.832
4870,17.906,649.380,653.833
4871,17.905,649.388,653.834
4872,17.904,649.395,653.835
4873,17.903,649.402,653.837
4874,17.902,649.409,653.837
4875,17.900,649.416,653.839
4876,17.899,649.422,653.840
4877,17.898,649.429,653.841
4878,17.897,649.436,653.842
4879,17.896,649.443,653.843
4880,17.895,649.450,653.844
4881,17.893,649.457,653.845
4882,17.892,649.464,653.846
4883,17.891,649.471,653.847
4884,17.890,649.477,653.848
4885,17.889,649.484,653.849
4886,17.888,649.491,653.850
4887,17.887,649.498,653.852
4888,17.885,649.505,653.852
4889,17.884,649.511,653.854
4890,17.883,649.518,653.855
4891,17.882,649.525,653.856
4892,17.881,649.531,653.857
4893,17.880,649.538,653.858
4894,17.879,649.545,653.859
4895,17.877,649.551,653.860
4896,17.876,649.558,653.861
4897,17.875,649.564,653.862
4898,17.874,649.571,653.863
4899,17.873,649.578,653.864
4900,17.872,649.584,653.865
4901,17.871,649.591,653.866
4902,17.869,649.597,653.867
4903,17.868,649.604,653.868
4904,17.867,649.610,653.869
4905,17.866,649.616,653.870
4906,17.865,649.623,653.871
4907,17.864,649.629,653.872
4908,17.863,649.636,653.873
4909,17.862,649.642,653.874
4910,17.860,649.648,653.875
4911,17.859,649.655,653.876
4912,17.858,649.661,653.877
4913,17.857,649.667,653.878
4914,17.856,649.674,653.879
4915,17.855,649.680,653.880
4916,17.854,649.686,653.881
4917,17.853,649.692,653.882
4918,17.851,649.699,653.883
4919,17.850,649.705,653.884
4920,17.849,649.711,653.885
4921,17.848,649.717,653.886
4922,17.847,649.723,653.887
4923,17.846,649.730,653.888
4924,17.845,649.736,653.889
4925,17.844,649.742,653.890
4926,17.843,649.748,653.891
4927,17.841,649.754,653.892
4928,17.840,649.760,653.892
4929,17.839,649.766,653.894
4930,17.838,649.772,653.894
4931,17.837,649.778,653.895
4932,17.836,649.784,653.896
4933,17.835,649.790,653.897
4934,17.834,649.796,653.898
4935,17.833,649.802,653.899
4936,17.831,649.808,653.900
4937,17.830,649.814,653.901
4938,17.829,649.820,653.902
4939,17.828,649.826,653.903
4940,17.827,649.832,653.904
4941,17.826,649.838,653.905
4942,17.825,649.843,653.905
4943,17.824,649.849,653.907
4944,17.823,649.855,653.907
4945,17.822,649.861,653.908
4946,17.821,649.867,653.909
4947,17.819,649.872,653.910
4948,17.818,649.878,653.911
4949,17.817,649.884,653.912
4950,17.816,649.890,653.913
4951,17.815,649.895,653.914
4952,17.814,649.901,653.914
4953,17.813,649.907,653.916
4954,17.812,649.912,653.916
4955,17.811,649.918,653.917
4956,17.810,649.924,653.918
4957,17.809,649.929,653.919
4958,17.807,649.935,653.920
4959,17.806,649.941,653.921
4960,17.805,649.946,653.922
4961,17.804,649.952,653.923
4962,17.803,649.957,653.923
4963,17.802,649.963,653.924
4964,17.801,649.968,653.925
4965,17.800,649.974,653.926
4966,17.799,649.979,653.927
4967,17.798,649.985,653.928
4968,17.797,649.990,653.929
4969,17.796,649.996,653.930
4970,17.795,650.001,653.930
4971,17.794,650.007,653.931
4972,17.792,650.012,653.932
4973,17.791,650.018,653.933
4974,17.790,650.023,653.934
4975,17.789,650.028,653.935
4976,17.788,650.034,653.935
4977,17.787,650.039,653.936
4978,17.786,650.045,653.937
4979,17.785,650.050,653.938
4980,17.784,650.055,653.939
4981,17.783,650.061,653.940
4982,17.782,650.066,653.940
4983,17.781,650.071,653.941
4984,17.780,650.076,653.942
4985,17.779,650.082,653.943
4986,17.778,650.087,653.944
4987,17.777,650.092,653.945
4988,17.775,650.097,653.945
4989,17.774,650.103,653.946
4990,17.773,650.108,653.947
4991,17.772,650.113,653.948
4992,17.771,650.118,653.949
4993,17.770,650.123,653.950
4994,17.769,650.129,653.950
4995,17.768,650.134,653.951
4996,17.767,650.139,653.952
4997,17.766,650.144,653.953
4998,17.765,650.149,653.953
4999,17.764,650.154,653.954
