# Time (s),Mass (g),T Back (K),T Front (K)
0,22.800,293.000,293.000
1,22.800,293.000,324.859
2,22.800,293.000,337.690
3,22.800,293.000,347.287
4,22.800,293.000,355.294
5,22.800,293.001,362.228
6,22.800,293.003,368.449
7,22.800,293.007,374.074
8,22.800,293.019,379.248
9,22.800,293.040,384.033
10,22.800,293.074,388.513
11,22.800,293.129,392.713
12,22.800,293.208,396.690
13,22.800,293.318,400.450
14,22.800,293.462,404.038
15,22.800,293.645,407.451
16,22.800,293.870,410.725
17,22.800,294.139,413.853
18,22.800,294.454,416.869
19,22.800,294.817,419.759
20,22.800,295.226,422.555
21,22.800,295.684,425.242
22,22.800,296.189,427.848
23,22.800,296.741,430.359
24,22.800,297.338,432.801
25,22.800,297.980,435.157
26,22.800,298.664,437.453
27,22.800,299.391,439.673
28,22.800,300.158,441.840
29,22.800,300.965,443.938
30,22.800,301.808,445.991
31,22.800,302.686,447.979
32,22.800,303.599,449.927
33,22.800,304.543,451.816
34,22.800,305.518,453.669
35,22.800,306.523,455.471
36,22.800,307.554,457.232
37,22.800,308.613,458.953
38,22.800,309.697,460.636
39,22.800,310.804,462.282
40,22.800,311.933,463.894
41,22.800,313.083,465.472
42,22.800,314.254,467.020
43,22.800,315.441,468.537
44,22.800,316.647,470.024
45,22.800,317.869,471.484
46,22.800,319.107,472.918
47,22.800,320.358,474.326
48,22.799,321.623,475.709
49,22.799,322.900,477.069
50,22.799,324.189,478.407
51,22.799,325.488,479.722
52,22.799,326.797,481.017
53,22.799,328.115,482.291
54,22.799,329.442,483.545
55,22.799,330.777,484.780
56,22.799,332.119,485.996
57,22.799,333.468,487.196
58,22.798,334.821,488.378
59,22.798,336.181,489.544
60,22.798,337.545,490.694
61,22.798,338.914,491.828
62,22.798,340.286,492.947
63,22.798,341.662,494.052
64,22.797,343.041,495.142
65,22.797,344.422,496.220
66,22.797,345.806,497.282
67,22.797,347.191,498.332
68,22.796,348.577,499.370
69,22.796,349.965,500.395
70,22.796,351.353,501.409
71,22.796,352.742,502.410
72,22.795,354.130,503.400
73,22.795,355.519,504.379
74,22.795,356.907,505.347
75,22.794,358.295,506.305
76,22.794,359.681,507.252
77,22.793,361.066,508.189
78,22.793,362.450,509.116
79,22.792,363.832,510.033
80,22.792,365.213,510.940
81,22.791,366.591,511.838
82,22.791,367.967,512.727
83,22.790,369.341,513.607
84,22.790,370.712,514.478
85,22.789,372.080,515.340
86,22.788,373.446,516.194
87,22.788,374.809,517.039
88,22.787,376.169,517.876
89,22.786,377.526,518.704
90,22.785,378.879,519.526
91,22.784,380.228,520.339
92,22.784,381.574,521.144
93,22.783,382.917,521.942
94,22.782,384.255,522.732
95,22.781,385.590,523.514
96,22.780,386.920,524.291
97,22.779,388.247,525.059
98,22.778,389.569,525.820
99,22.776,390.887,526.574
100,22.775,392.201,527.321
101,22.774,393.510,528.063
102,22.773,394.815,528.797
103,22.772,396.114,529.525
104,22.770,397.411,530.247
105,22.769,398.700,530.961
106,22.767,399.987,531.670
107,22.766,401.268,532.373
108,22.764,402.545,533.069
109,22.763,403.817,533.760
110,22.761,405.084,534.446
111,22.759,406.345,535.124
112,22.758,407.600,535.797
113,22.756,408.852,536.466
114,22.754,410.098,537.127
115,22.752,411.339,537.784
116,22.750,412.576,538.436
117,22.748,413.805,539.082
118,22.746,415.030,539.722
119,22.744,416.250,540.359
120,22.742,417.464,540.989
121,22.740,418.673,541.615
122,22.738,419.876,542.236
123,22.735,421.073,542.852
124,22.733,422.266,543.462
125,22.731,423.453,544.070
126,22.728,424.634,544.672
127,22.726,425.809,545.268
128,22.723,426.978,545.861
129,22.720,428.143,546.450
130,22.718,429.301,547.034
131,22.715,430.453,547.613
132,22.712,431.601,548.189
133,22.709,432.740,548.759
134,22.706,433.876,549.326
135,22.703,435.004,549.889
136,22.700,436.128,550.448
137,22.697,437.245,551.002
138,22.694,438.356,551.553
139,22.690,439.462,552.100
140,22.687,440.561,552.642
141,22.684,441.654,553.181
142,22.680,442.742,553.717
143,22.676,443.823,554.248
144,22.673,444.898,554.775
145,22.669,445.967,555.299
146,22.665,447.030,555.820
147,22.661,448.086,556.336
148,22.657,449.136,556.849
149,22.653,450.181,557.359
150,22.649,451.219,557.865
151,22.645,452.251,558.368
152,22.641,453.276,558.868
153,22.637,454.295,559.363
154,22.632,455.308,559.855
155,22.628,456.313,560.344
156,22.623,457.314,560.830
157,22.618,458.307,561.312
158,22.614,459.294,561.792
159,22.609,460.275,562.268
160,22.604,461.249,562.741
161,22.599,462.216,563.210
162,22.594,463.176,563.676
163,22.589,464.131,564.140
164,22.583,465.078,564.600
165,22.578,466.019,565.057
166,22.572,466.954,565.511
167,22.567,467.881,565.963
168,22.561,468.802,566.410
169,22.555,469.716,566.855
170,22.550,470.623,567.297
171,22.544,471.525,567.736
172,22.538,472.418,568.173
173,22.531,473.305,568.606
174,22.525,474.186,569.037
175,22.519,475.059,569.465
176,22.512,475.925,569.889
177,22.506,476.785,570.311
178,22.499,477.639,570.729
179,22.492,478.484,571.146
180,22.485,479.322,571.560
181,22.478,480.154,571.970
182,22.471,480.979,572.378
183,22.464,481.797,572.783
184,22.457,482.608,573.186
185,22.449,483.412,573.585
186,22.442,484.209,573.982
187,22.434,484.999,574.376
188,22.426,485.782,574.767
189,22.419,486.558,575.157
190,22.410,487.327,575.544
191,22.402,488.089,575.927
192,22.394,488.844,576.308
193,22.386,489.593,576.687
194,22.377,490.334,577.064
195,22.369,491.069,577.437
196,22.360,491.796,577.808
197,22.351,492.517,578.176
198,22.342,493.231,578.542
199,22.333,493.938,578.904
200,22.324,494.639,579.266
201,22.315,495.333,579.624
202,22.305,496.020,579.980
203,22.296,496.701,580.335
204,22.286,497.374,580.686
205,22.276,498.042,581.035
206,22.266,498.703,581.382
207,22.256,499.359,581.726
208,22.246,500.007,582.068
209,22.236,500.649,582.408
210,22.225,501.285,582.745
211,22.215,501.915,583.081
212,22.204,502.540,583.413
213,22.193,503.158,583.744
214,22.182,503.770,584.072
215,22.171,504.376,584.399
216,22.160,504.977,584.722
217,22.149,505.572,585.044
218,22.138,506.162,585.363
219,22.126,506.746,585.681
220,22.115,507.325,585.997
221,22.103,507.898,586.310
222,22.091,508.466,586.621
223,22.079,509.030,586.931
224,22.067,509.589,587.238
225,22.055,510.142,587.543
226,22.043,510.692,587.846
227,22.030,511.237,588.148
228,22.018,511.776,588.447
229,22.005,512.311,588.745
230,21.992,512.842,589.040
231,21.979,513.369,589.333
232,21.967,513.892,589.626
233,21.953,514.411,589.915
234,21.940,514.925,590.203
235,21.927,515.437,590.490
236,21.914,515.944,590.774
237,21.900,516.448,591.057
238,21.887,516.948,591.338
239,21.873,517.445,591.617
240,21.859,517.938,591.895
241,21.845,518.429,592.170
242,21.831,518.916,592.444
243,21.817,519.401,592.716
244,21.803,519.882,592.987
245,21.788,520.360,593.256
246,21.774,520.836,593.523
247,21.760,521.310,593.789
248,21.745,521.780,594.053
249,21.730,522.248,594.316
250,21.715,522.714,594.577
251,21.700,523.177,594.836
252,21.685,523.638,595.094
253,21.670,524.097,595.351
254,21.655,524.553,595.606
255,21.640,525.008,595.860
256,21.624,525.461,596.112
257,21.609,525.912,596.364
258,21.593,526.360,596.613
259,21.578,526.808,596.861
260,21.562,527.253,597.108
261,21.546,527.697,597.353
262,21.530,528.139,597.596
263,21.514,528.580,597.839
264,21.498,529.020,598.080
265,21.482,529.457,598.321
266,21.465,529.894,598.560
267,21.449,530.329,598.798
268,21.432,530.762,599.034
269,21.416,531.195,599.269
270,21.399,531.626,599.503
271,21.382,532.056,599.735
272,21.365,532.486,599.966
273,21.348,532.914,600.197
274,21.331,533.341,600.426
275,21.314,533.767,600.655
276,21.297,534.192,600.882
277,21.280,534.615,601.107
278,21.262,535.038,601.331
279,21.245,535.460,601.555
280,21.227,535.881,601.778
281,21.209,536.302,602.000
282,21.191,536.721,602.219
283,21.173,537.139,602.438
284,21.155,537.557,602.656
285,21.137,537.974,602.874
286,21.119,538.390,603.090
287,21.101,538.806,603.305
288,21.082,539.221,603.519
289,21.064,539.635,603.732
290,21.045,540.047,603.944
291,21.027,540.460,604.154
292,21.008,540.871,604.365
293,20.989,541.283,604.575
294,20.970,541.693,604.782
295,20.951,542.103,604.989
296,20.932,542.511,605.195
297,20.913,542.920,605.401
298,20.893,543.328,605.606
299,20.874,543.735,605.808
300,20.854,544.141,606.011
301,20.835,544.546,606.212
302,20.815,544.951,606.413
303,20.795,545.356,606.612
304,20.775,545.759,606.811
305,20.755,546.162,607.009
306,20.735,546.564,607.206
307,20.714,546.966,607.402
308,20.694,547.366,607.597
309,20.673,547.766,607.792
310,20.653,548.166,607.985
311,20.632,548.565,608.177
312,20.611,548.963,608.370
313,20.590,549.361,608.560
314,20.569,549.757,608.749
315,20.548,550.154,608.939
316,20.527,550.549,609.127
317,20.506,550.944,609.314
318,20.484,551.338,609.501
319,20.462,551.731,609.686
320,20.441,552.124,609.871
321,20.419,552.515,610.055
322,20.397,552.906,610.238
323,20.375,553.297,610.420
324,20.353,553.686,610.601
325,20.330,554.076,610.782
326,20.308,554.463,610.962
327,20.286,554.851,611.141
328,20.263,555.237,611.318
329,20.240,555.623,611.495
330,20.217,556.007,611.672
331,20.194,556.391,611.848
332,20.171,556.775,612.022
333,20.148,557.158,612.196
334,20.125,557.539,612.369
335,20.101,557.919,612.541
336,20.078,558.299,612.711
337,20.054,558.678,612.883
338,20.030,559.056,613.053
339,20.006,559.433,613.221
340,19.982,559.810,613.389
341,19.958,560.185,613.557
342,19.934,560.559,613.722
343,19.909,560.933,613.889
344,19.885,561.305,614.053
345,19.860,561.677,614.218
346,19.835,562.048,614.380
347,19.810,562.417,614.542
348,19.785,562.786,614.703
349,19.760,563.154,614.864
350,19.735,563.521,615.023
351,19.709,563.886,615.183
352,19.684,564.250,615.341
353,19.658,564.614,615.498
354,19.632,564.976,615.654
355,19.606,565.338,615.810
356,19.580,565.698,615.965
357,19.554,566.057,616.118
358,19.528,566.416,616.272
359,19.501,566.772,616.424
360,19.475,567.129,616.576
361,19.448,567.483,616.726
362,19.422,567.837,616.876
363,19.395,568.190,617.026
364,19.368,568.541,617.173
365,19.340,568.891,617.321
366,19.313,569.240,617.467
367,19.286,569.588,617.613
368,19.258,569.935,617.758
369,19.231,570.280,617.902
370,19.203,570.624,618.046
371,19.175,570.967,618.188
372,19.147,571.309,618.330
373,19.119,571.650,618.470
374,19.091,571.989,618.611
375,19.062,572.326,618.749
376,19.034,572.664,618.888
377,19.005,572.999,619.025
378,18.977,573.333,619.162
379,18.948,573.666,619.298
380,18.919,573.997,619.434
381,18.890,574.327,619.569
382,18.861,574.657,619.702
383,18.831,574.984,619.835
384,18.802,575.310,619.966
385,18.773,575.635,620.098
386,18.743,575.959,620.228
387,18.713,576.280,620.358
388,18.684,576.601,620.487
389,18.654,576.920,620.615
390,18.624,577.238,620.743
391,18.594,577.555,620.868
392,18.564,577.870,620.994
393,18.533,578.184,621.120
394,18.503,578.496,621.244
395,18.473,578.807,621.367
396,18.442,579.116,621.490
397,18.411,579.424,621.611
398,18.381,579.731,621.732
399,18.350,580.036,621.853
400,18.319,580.339,621.972
401,18.288,580.641,622.091
402,18.257,580.942,622.209
403,18.226,581.241,622.327
404,18.195,581.539,622.443
405,18.164,581.835,622.558
406,18.132,582.129,622.673
407,18.101,582.422,622.787
408,18.069,582.714,622.901
409,18.038,583.004,623.013
410,18.006,583.292,623.126
411,17.974,583.579,623.236
412,17.943,583.865,623.347
413,17.911,584.148,623.457
414,17.879,584.430,623.565
415,17.847,584.711,623.674
416,17.815,584.990,623.781
417,17.783,585.267,623.888
418,17.751,585.543,623.994
419,17.719,585.818,624.099
420,17.687,586.090,624.203
421,17.654,586.362,624.308
422,17.622,586.631,624.410
423,17.590,586.899,624.513
424,17.557,587.165,624.614
425,17.525,587.430,624.715
426,17.493,587.693,624.814
427,17.460,587.954,624.914
428,17.428,588.214,625.012
429,17.395,588.471,625.110
430,17.362,588.728,625.206
431,17.330,588.982,625.303
432,17.297,589.235,625.398
433,17.265,589.486,625.493
434,17.232,589.736,625.587
435,17.199,589.984,625.680
436,17.167,590.230,625.772
437,17.134,590.475,625.865
438,17.101,590.717,625.956
439,17.069,590.958,626.047
440,17.036,591.197,626.136
441,17.003,591.435,626.225
442,16.970,591.671,626.314
443,16.938,591.905,626.402
444,16.905,592.138,626.488
445,16.872,592.368,626.575
446,16.839,592.598,626.661
447,16.807,592.825,626.747
448,16.774,593.050,626.830
449,16.741,593.275,626.915
450,16.709,593.497,626.998
451,16.676,593.717,627.081
452,16.643,593.936,627.162
453,16.611,594.153,627.244
454,16.578,594.368,627.324
455,16.545,594.581,627.404
456,16.513,594.793,627.483
457,16.480,595.003,627.563
458,16.448,595.212,627.640
459,16.415,595.419,627.718
460,16.383,595.623,627.795
461,16.350,595.827,627.872
462,16.318,596.028,627.946
463,16.286,596.228,628.023
464,16.253,596.426,628.097
465,16.221,596.622,628.171
466,16.189,596.817,628.244
467,16.157,597.009,628.318
468,16.125,597.201,628.389
469,16.093,597.390,628.461
470,16.061,597.578,628.532
471,16.029,597.764,628.603
472,15.997,597.948,628.672
473,15.965,598.131,628.743
474,15.933,598.312,628.811
475,15.901,598.492,628.879
476,15.869,598.669,628.947
477,15.838,598.845,629.015
478,15.806,599.019,629.080
479,15.774,599.192,629.148
480,15.743,599.363,629.213
481,15.712,599.533,629.278
482,15.680,599.701,629.342
483,15.649,599.867,629.407
484,15.618,600.032,629.469
485,15.586,600.194,629.534
486,15.555,600.356,629.596
487,15.524,600.516,629.658
488,15.493,600.674,629.719
489,15.462,600.830,629.781
490,15.431,600.986,629.841
491,15.401,601.139,629.902
492,15.370,601.292,629.961
493,15.339,601.442,630.020
494,15.309,601.591,630.078
495,15.278,601.738,630.137
496,15.248,601.885,630.194
497,15.218,602.029,630.253
498,15.187,602.173,630.309
499,15.157,602.314,630.366
500,15.127,602.454,630.421
501,15.097,602.593,630.477
502,15.067,602.730,630.531
503,15.037,602.866,630.587
504,15.007,603.001,630.641
505,14.977,603.134,630.695
506,14.948,603.266,630.748
507,14.918,603.396,630.802
508,14.889,603.525,630.853
509,14.859,603.652,630.906
510,14.830,603.779,630.957
511,14.800,603.904,631.010
512,14.771,604.028,631.060
513,14.742,604.150,631.111
514,14.713,604.271,631.161
515,14.684,604.392,631.211
516,14.655,604.510,631.260
517,14.626,604.628,631.310
518,14.598,604.744,631.357
519,14.569,604.859,631.407
520,14.540,604.973,631.454
521,14.512,605.085,631.503
522,14.484,605.197,631.549
523,14.455,605.307,631.597
524,14.427,605.416,631.643
525,14.399,605.525,631.689
526,14.371,605.631,631.735
527,14.343,605.737,631.781
528,14.315,605.842,631.826
529,14.287,605.945,631.872
530,14.259,606.048,631.915
531,14.232,606.150,631.960
532,14.204,606.250,632.003
533,14.176,606.350,632.048
534,14.149,606.449,632.091
535,14.122,606.546,632.134
536,14.094,606.643,632.177
537,14.067,606.739,632.220
538,14.040,606.834,632.262
539,14.013,606.928,632.304
540,13.986,607.021,632.345
541,13.959,607.113,632.387
542,13.932,607.204,632.428
543,13.906,607.295,632.470
544,13.879,607.384,632.509
545,13.852,607.472,632.551
546,13.826,607.560,632.590
547,13.799,607.647,632.631
548,13.773,607.733,632.669
549,13.747,607.818,632.710
550,13.721,607.903,632.748
551,13.695,607.987,632.788
552,13.669,608.070,632.825
553,13.643,608.152,632.865
554,13.617,608.234,632.902
555,13.591,608.315,632.941
556,13.565,608.395,632.978
557,13.540,608.475,633.016
558,13.514,608.554,633.053
559,13.489,608.632,633.091
560,13.463,608.709,633.127
561,13.438,608.786,633.165
562,13.413,608.862,633.200
563,13.387,608.938,633.238
564,13.362,609.013,633.273
565,13.337,609.088,633.310
566,13.312,609.161,633.344
567,13.287,609.234,633.381
568,13.262,609.307,633.415
569,13.238,609.380,633.452
570,13.213,609.451,633.486
571,13.188,609.522,633.522
572,13.164,609.592,633.556
573,13.139,609.662,633.591
574,13.115,609.732,633.625
575,13.091,609.801,633.660
576,13.066,609.869,633.693
577,13.042,609.937,633.728
578,13.018,610.005,633.761
579,12.994,610.072,633.796
580,12.970,610.139,633.828
581,12.946,610.205,633.863
582,12.922,610.271,633.895
583,12.899,610.336,633.929
584,12.875,610.401,633.961
585,12.851,610.465,633.995
586,12.828,610.529,634.026
587,12.804,610.593,634.060
588,12.781,610.657,634.091
589,12.757,610.720,634.125
590,12.734,610.783,634.156
591,12.711,610.845,634.189
592,12.688,610.907,634.220
593,12.664,610.968,634.253
594,12.641,611.029,634.284
595,12.618,611.090,634.317
596,12.596,611.151,634.347
597,12.573,611.211,634.380
598,12.550,611.271,634.410
599,12.527,611.331,634.443
600,12.504,611.390,634.473
601,12.482,611.449,634.505
602,12.459,611.508,634.535
603,12.437,611.566,634.567
604,12.414,611.624,634.597
605,12.392,611.682,634.628
606,12.370,611.740,634.658
607,12.347,611.798,634.690
608,12.325,611.855,634.719
609,12.303,611.912,634.750
610,12.281,611.969,634.780
611,12.259,612.026,634.811
612,12.237,612.082,634.840
613,12.215,612.138,634.871
614,12.193,612.194,634.900
615,12.171,612.249,634.931
616,12.149,612.305,634.960
617,12.128,612.360,634.991
618,12.106,612.415,635.019
619,12.085,612.470,635.050
620,12.063,612.524,635.078
621,12.042,612.579,635.109
622,12.020,612.633,635.137
623,11.999,612.688,635.168
624,11.977,612.742,635.196
625,11.956,612.795,635.227
626,11.935,612.849,635.255
627,11.914,612.903,635.285
628,11.893,612.956,635.313
629,11.872,613.009,635.343
630,11.851,613.062,635.371
631,11.830,613.115,635.401
632,11.809,613.167,635.429
633,11.788,613.220,635.459
634,11.767,613.273,635.487
635,11.746,613.325,635.517
636,11.726,613.377,635.545
637,11.705,613.429,635.574
638,11.684,613.481,635.602
639,11.664,613.533,635.632
640,11.643,613.585,635.659
641,11.623,613.637,635.689
642,11.603,613.688,635.717
643,11.582,613.740,635.746
644,11.562,613.791,635.773
645,11.542,613.843,635.803
646,11.521,613.894,635.830
647,11.501,613.945,635.860
648,11.481,613.996,635.887
649,11.461,614.047,635.916
650,11.441,614.098,635.944
651,11.421,614.149,635.973
652,11.401,614.199,636.000
653,11.381,614.250,636.029
654,11.361,614.300,636.056
655,11.342,614.351,636.085
656,11.322,614.401,636.113
657,11.302,614.451,636.142
658,11.282,614.502,636.169
659,11.263,614.552,636.198
660,11.243,614.602,636.225
661,11.224,614.652,636.254
662,11.204,614.702,636.281
663,11.185,614.752,636.310
664,11.165,614.802,636.337
665,11.146,614.852,636.366
666,11.127,614.902,636.392
667,11.107,614.951,636.421
668,11.088,615.001,636.448
669,11.069,615.051,636.477
670,11.050,615.100,636.504
671,11.031,615.150,636.532
672,11.012,615.200,636.559
673,10.993,615.249,636.588
674,10.974,615.299,636.615
675,10.955,615.348,636.643
676,10.936,615.398,636.670
677,10.917,615.447,636.699
678,10.898,615.496,636.725
679,10.879,615.546,636.754
680,10.861,615.595,636.781
681,10.842,615.645,636.810
682,10.823,615.694,636.836
683,10.805,615.743,636.865
684,10.786,615.792,636.891
685,10.768,615.842,636.920
686,10.749,615.891,636.947
687,10.731,615.940,636.975
688,10.712,615.989,637.002
689,10.694,616.039,637.030
690,10.676,616.088,637.057
691,10.657,616.137,637.086
692,10.639,616.186,637.112
693,10.621,616.235,637.141
694,10.603,616.285,637.167
695,10.584,616.334,637.196
696,10.566,616.383,637.222
697,10.548,616.432,637.251
698,10.530,616.481,637.277
699,10.512,616.530,637.306
700,10.494,616.580,637.332
701,10.476,616.629,637.361
702,10.459,616.678,637.387
703,10.441,616.727,637.416
704,10.423,616.776,637.443
705,10.405,616.825,637.471
706,10.387,616.875,637.498
707,10.370,616.924,637.526
708,10.352,616.973,637.553
709,10.334,617.022,637.581
710,10.317,617.072,637.608
711,10.299,617.121,637.636
712,10.282,617.170,637.663
713,10.264,617.219,637.691
714,10.247,617.269,637.718
715,10.230,617.318,637.746
716,10.212,617.367,637.773
717,10.195,617.417,637.801
718,10.178,617.466,637.828
719,10.160,617.515,637.856
720,10.143,617.565,637.883
721,10.126,617.614,637.911
722,10.109,617.663,637.938
723,10.092,617.713,637.966
724,10.075,617.762,637.993
725,10.058,617.812,638.021
726,10.041,617.861,638.048
727,10.024,617.911,638.076
728,10.007,617.960,638.103
729,9.990,618.010,638.132
730,9.973,618.060,638.158
731,9.956,618.109,638.187
732,9.939,618.159,638.213
733,9.923,618.209,638.242
734,9.906,618.258,638.268
735,9.889,618.308,638.297
736,9.873,618.358,638.323
737,9.856,618.408,638.352
738,9.839,618.458,638.378
739,9.823,618.507,638.407
740,9.806,618.557,638.434
741,9.790,618.607,638.462
742,9.773,618.657,638.489
743,9.757,618.707,638.517
744,9.741,618.757,638.544
745,9.724,618.807,638.573
746,9.708,618.857,638.599
747,9.692,618.907,638.628
748,9.676,618.958,638.654
749,9.659,619.008,638.683
750,9.643,619.058,638.710
751,9.627,619.108,638.738
752,9.611,619.158,638.765
753,9.595,619.209,638.794
754,9.579,619.259,638.820
755,9.563,619.310,638.849
756,9.547,619.360,638.876
757,9.531,619.411,638.904
758,9.515,619.461,638.931
759,9.499,619.512,638.960
760,9.483,619.562,638.986
761,9.468,619.613,639.015
762,9.452,619.663,639.042
763,9.436,619.714,639.071
764,9.420,619.765,639.097
765,9.405,619.816,639.126
766,9.389,619.867,639.153
767,9.373,619.917,639.181
768,9.358,619.968,639.208
769,9.342,620.019,639.237
770,9.327,620.070,639.264
771,9.311,620.121,639.292
772,9.296,620.172,639.319
773,9.281,620.223,639.348
774,9.265,620.275,639.375
775,9.250,620.326,639.404
776,9.235,620.377,639.430
777,9.219,620.428,639.459
778,9.204,620.480,639.486
779,9.189,620.531,639.515
780,9.174,620.582,639.542
781,9.158,620.634,639.570
782,9.143,620.685,639.597
783,9.128,620.737,639.626
784,9.113,620.788,639.653
785,9.098,620.840,639.682
786,9.083,620.892,639.709
787,9.068,620.943,639.738
788,9.053,620.995,639.764
789,9.038,621.047,639.793
790,9.024,621.099,639.820
791,9.009,621.151,639.849
792,8.994,621.203,639.876
793,8.979,621.255,639.905
794,8.965,621.307,639.932
795,8.950,621.359,639.961
796,8.935,621.411,639.988
797,8.921,621.463,640.017
798,8.906,621.516,640.044
799,8.891,621.568,640.072
800,8.877,621.620,640.099
801,8.862,621.673,640.128
802,8.848,621.725,640.155
803,8.833,621.778,640.184
804,8.819,621.830,640.211
805,8.805,621.883,640.240
806,8.790,621.936,640.267
807,8.776,621.988,640.296
808,8.762,622.041,640.323
809,8.747,622.094,640.352
810,8.733,622.147,640.379
811,8.719,622.200,640.408
812,8.705,622.253,640.435
813,8.691,622.306,640.465
814,8.677,622.359,640.492
815,8.663,622.412,640.521
816,8.649,622.465,640.548
817,8.635,622.518,640.577
818,8.621,622.572,640.604
819,8.607,622.625,640.633
820,8.593,622.678,640.660
821,8.579,622.732,640.689
822,8.565,622.785,640.716
823,8.551,622.839,640.745
824,8.538,622.893,640.772
825,8.524,622.946,640.802
826,8.510,623.000,640.829
827,8.496,623.054,640.858
828,8.483,623.107,640.885
829,8.469,623.161,640.914
830,8.455,623.215,640.941
831,8.442,623.269,640.970
832,8.428,623.323,640.997
833,8.415,623.377,641.027
834,8.401,623.431,641.054
835,8.388,623.485,641.083
836,8.375,623.540,641.110
837,8.361,623.594,641.140
838,8.348,623.648,641.167
839,8.335,623.702,641.196
840,8.321,623.757,641.223
841,8.308,623.811,641.252
842,8.295,623.866,641.279
843,8.282,623.920,641.309
844,8.268,623.975,641.336
845,8.255,624.029,641.365
846,8.242,624.084,641.392
847,8.229,624.139,641.422
848,8.216,624.194,641.449
849,8.203,624.249,641.478
850,8.190,624.304,641.505
851,8.177,624.359,641.535
852,8.164,624.414,641.562
853,8.151,624.469,641.591
854,8.138,624.524,641.618
855,8.126,624.579,641.648
856,8.113,624.634,641.675
857,8.100,624.690,641.704
858,8.087,624.745,641.731
859,8.075,624.801,641.761
860,8.062,624.856,641.788
861,8.049,624.912,641.818
862,8.037,624.967,641.845
863,8.024,625.023,641.874
864,8.012,625.079,641.901
865,7.999,625.134,641.931
866,7.987,625.190,641.958
867,7.974,625.246,641.988
868,7.962,625.302,642.015
869,7.949,625.358,642.044
870,7.937,625.414,642.071
871,7.925,625.470,642.101
872,7.912,625.526,642.128
873,7.900,625.582,642.158
874,7.888,625.639,642.185
875,7.876,625.695,642.214
876,7.863,625.751,642.241
877,7.851,625.808,642.271
878,7.839,625.864,642.298
879,7.827,625.921,642.328
880,7.815,625.977,642.355
881,7.803,626.034,642.384
882,7.791,626.090,642.411
883,7.779,626.147,642.441
884,7.767,626.204,642.468
885,7.755,626.261,642.498
886,7.743,626.317,642.525
887,7.731,626.374,642.555
888,7.720,626.431,642.582
889,7.708,626.488,642.611
890,7.696,626.545,642.638
891,7.684,626.602,642.668
892,7.673,626.660,642.695
893,7.661,626.717,642.725
894,7.649,626.774,642.752
895,7.638,626.831,642.782
896,7.626,626.888,642.809
897,7.614,626.946,642.838
898,7.603,627.003,642.865
899,7.591,627.061,642.895
900,7.580,627.118,642.922
901,7.569,627.176,642.952
902,7.557,627.233,642.979
903,7.546,627.291,643.009
904,7.534,627.349,643.036
905,7.523,627.406,643.065
906,7.512,627.464,643.093
907,7.501,627.522,643.122
908,7.489,627.580,643.149
909,7.478,627.638,643.179
910,7.467,627.696,643.206
911,7.456,627.754,643.236
912,7.445,627.812,643.263
913,7.434,627.870,643.292
914,7.423,627.929,643.320
915,7.412,627.987,643.349
916,7.401,628.045,643.376
917,7.390,628.104,643.406
918,7.379,628.162,643.433
919,7.368,628.221,643.463
920,7.357,628.279,643.490
921,7.346,628.338,643.519
922,7.335,628.396,643.547
923,7.325,628.455,643.576
924,7.314,628.514,643.603
925,7.303,628.572,643.633
926,7.292,628.631,643.660
927,7.282,628.690,643.689
928,7.271,628.749,643.717
929,7.260,628.808,643.746
930,7.250,628.867,643.773
931,7.239,628.926,643.803
932,7.229,628.985,643.830
933,7.218,629.044,643.859
934,7.208,629.103,643.887
935,7.197,629.162,643.916
936,7.187,629.221,643.943
937,7.177,629.281,643.973
938,7.166,629.340,644.000
939,7.156,629.399,644.029
940,7.146,629.459,644.057
941,7.136,629.518,644.086
942,7.125,629.578,644.113
943,7.115,629.637,644.142
944,7.105,629.697,644.170
945,7.095,629.756,644.199
946,7.085,629.816,644.226
947,7.075,629.876,644.255
948,7.065,629.935,644.283
949,7.055,629.995,644.312
950,7.045,630.055,644.339
951,7.035,630.115,644.368
952,7.025,630.175,644.396
953,7.015,630.234,644.425
954,7.005,630.294,644.452
955,6.995,630.354,644.481
956,6.985,630.414,644.509
957,6.976,630.474,644.538
958,6.966,630.534,644.565
959,6.956,630.594,644.594
960,6.946,630.655,644.621
961,6.937,630.715,644.650
962,6.927,630.775,644.678
963,6.918,630.835,644.707
964,6.908,630.895,644.734
965,6.898,630.956,644.763
966,6.889,631.016,644.790
967,6.879,631.076,644.819
968,6.870,631.137,644.847
969,6.861,631.197,644.875
970,6.851,631.258,644.903
971,6.842,631.318,644.931
972,6.833,631.379,644.959
973,6.823,631.439,644.987
974,6.814,631.500,645.015
975,6.805,631.560,645.043
976,6.795,631.621,645.071
977,6.786,631.681,645.100
978,6.777,631.742,645.127
979,6.768,631.803,645.155
980,6.759,631.864,645.183
981,6.750,631.924,645.211
982,6.741,631.985,645.239
983,6.732,632.046,645.267
984,6.723,632.107,645.295
985,6.714,632.168,645.323
986,6.705,632.229,645.351
987,6.696,632.289,645.379
988,6.687,632.350,645.406
989,6.678,632.411,645.435
990,6.669,632.472,645.462
991,6.661,632.533,645.490
992,6.652,632.594,645.518
993,6.643,632.656,645.546
994,6.634,632.717,645.573
995,6.626,632.778,645.601
996,6.617,632.839,645.629
997,6.609,632.900,645.657
998,6.600,632.961,645.684
999,6.591,633.022,645.712
1000,6.583,633.083,645.740
1001,6.574,633.145,645.768
1002,6.566,633.206,645.795
1003,6.557,633.267,645.823
1004,6.549,633.328,645.851
1005,6.541,633.390,645.878
1006,6.532,633.451,645.906
1007,6.524,633.512,645.934
1008,6.516,633.573,645.961
1009,6.507,633.635,645.989
1010,6.499,633.696,646.016
1011,6.491,633.758,646.044
1012,6.483,633.819,646.071
1013,6.475,633.880,646.099
1014,6.467,633.941,646.126
1015,6.458,634.003,646.154
1016,6.450,634.064,646.181
1017,6.442,634.126,646.209
1018,6.434,634.187,646.236
1019,6.426,634.248,646.263
1020,6.418,634.310,646.291
1021,6.410,634.371,646.318
1022,6.403,634.433,646.345
1023,6.395,634.494,646.373
1024,6.387,634.555,646.400
1025,6.379,634.617,646.427
1026,6.371,634.678,646.454
1027,6.363,634.740,646.482
1028,6.356,634.801,646.509
1029,6.348,634.863,646.536
1030,6.340,634.924,646.563
1031,6.333,634.985,646.590
1032,6.325,635.047,646.617
1033,6.318,635.108,646.644
1034,6.310,635.170,646.672
1035,6.302,635.231,646.699
1036,6.295,635.292,646.726
1037,6.287,635.354,646.753
1038,6.280,635.415,646.780
1039,6.273,635.477,646.807
1040,6.265,635.538,646.833
1041,6.258,635.599,646.860
1042,6.250,635.660,646.887
1043,6.243,635.722,646.914
1044,6.236,635.783,646.941
1045,6.229,635.844,646.968
1046,6.221,635.906,646.994
1047,6.214,635.967,647.021
1048,6.207,636.028,647.048
1049,6.200,636.090,647.075
1050,6.193,636.151,647.101
1051,6.186,636.212,647.128
1052,6.179,636.273,647.155
1053,6.172,636.334,647.182
1054,6.165,636.395,647.208
1055,6.158,636.457,647.235
1056,6.151,636.518,647.261
1057,6.144,636.579,647.288
1058,6.137,636.640,647.314
1059,6.130,636.701,647.341
1060,6.123,636.762,647.366
1061,6.116,636.823,647.393
1062,6.110,636.884,647.419
1063,6.103,636.945,647.446
1064,6.096,637.006,647.472
1065,6.089,637.067,647.498
1066,6.083,637.128,647.524
1067,6.076,637.188,647.551
1068,6.069,637.249,647.577
1069,6.063,637.310,647.603
1070,6.056,637.371,647.629
1071,6.050,637.431,647.655
1072,6.043,637.492,647.681
1073,6.037,637.553,647.707
1074,6.030,637.613,647.733
1075,6.024,637.674,647.759
1076,6.017,637.735,647.784
1077,6.011,637.795,647.811
1078,6.005,637.856,647.837
1079,5.998,637.916,647.862
1080,5.992,637.976,647.887
1081,5.986,638.037,647.914
1082,5.979,638.097,647.939
1083,5.973,638.157,647.965
1084,5.967,638.217,647.990
1085,5.961,638.278,648.016
1086,5.955,638.338,648.041
1087,5.949,638.398,648.067
1088,5.942,638.458,648.092
1089,5.936,638.518,648.118
1090,5.930,638.577,648.144
1091,5.924,638.637,648.168
1092,5.918,638.697,648.193
1093,5.912,638.757,648.219
1094,5.906,638.816,648.245
1095,5.901,638.876,648.269
1096,5.895,638.936,648.294
1097,5.889,638.995,648.320
1098,5.883,639.055,648.345
1099,5.877,639.114,648.370
1100,5.871,639.173,648.395
1101,5.866,639.232,648.419
1102,5.860,639.292,648.444
1103,5.854,639.351,648.469
1104,5.849,639.410,648.495
1105,5.843,639.469,648.519
1106,5.837,639.528,648.544
1107,5.832,639.587,648.568
1108,5.826,639.645,648.593
1109,5.821,639.704,648.618
1110,5.815,639.763,648.642
1111,5.809,639.821,648.667
1112,5.804,639.880,648.692
1113,5.799,639.938,648.716
1114,5.793,639.997,648.740
1115,5.788,640.055,648.765
1116,5.782,640.113,648.789
1117,5.777,640.171,648.813
1118,5.772,640.229,648.837
1119,5.766,640.287,648.862
1120,5.761,640.345,648.886
1121,5.756,640.403,648.910
1122,5.751,640.461,648.934
1123,5.745,640.519,648.958
1124,5.740,640.576,648.982
1125,5.735,640.634,649.006
1126,5.730,640.691,649.029
1127,5.725,640.749,649.053
1128,5.720,640.806,649.077
1129,5.715,640.863,649.100
1130,5.710,640.920,649.124
1131,5.705,640.977,649.148
1132,5.700,641.034,649.171
1133,5.695,641.091,649.195
1134,5.690,641.148,649.218
1135,5.685,641.204,649.241
1136,5.680,641.261,649.265
1137,5.675,641.317,649.288
1138,5.670,641.373,649.311
1139,5.665,641.430,649.334
1140,5.661,641.486,649.358
1141,5.656,641.542,649.381
1142,5.651,641.598,649.404
1143,5.646,641.653,649.427
1144,5.642,641.709,649.449
1145,5.637,641.765,649.472
1146,5.632,641.820,649.495
1147,5.628,641.875,649.518
1148,5.623,641.931,649.541
1149,5.619,641.986,649.564
1150,5.614,642.041,649.586
1151,5.609,642.096,649.609
1152,5.605,642.151,649.631
1153,5.600,642.206,649.654
1154,5.596,642.260,649.676
1155,5.591,642.315,649.698
1156,5.587,642.369,649.720
1157,5.583,642.424,649.743
1158,5.578,642.478,649.765
1159,5.574,642.532,649.787
1160,5.570,642.586,649.809
1161,5.565,642.640,649.831
1162,5.561,642.693,649.853
1163,5.557,642.747,649.874
1164,5.552,642.800,649.896
1165,5.548,642.854,649.918
1166,5.544,642.907,649.940
1167,5.540,642.960,649.961
1168,5.536,643.013,649.983
1169,5.531,643.066,650.004
1170,5.527,643.118,650.026
1171,5.523,643.171,650.047
1172,5.519,643.223,650.069
1173,5.515,643.275,650.089
1174,5.511,643.327,650.111
1175,5.507,643.379,650.131
1176,5.503,643.431,650.153
1177,5.499,643.483,650.173
1178,5.495,643.535,650.195
1179,5.491,643.587,650.215
1180,5.487,643.638,650.237
1181,5.483,643.689,650.257
1182,5.480,643.741,650.278
1183,5.476,643.792,650.298
1184,5.472,643.842,650.319
1185,5.468,643.893,650.339
1186,5.464,643.944,650.360
1187,5.461,643.994,650.380
1188,5.457,644.044,650.401
1189,5.453,644.094,650.421
1190,5.449,644.144,650.441
1191,5.446,644.194,650.461
1192,5.442,644.244,650.481
1193,5.438,644.293,650.501
1194,5.435,644.342,650.521
1195,5.431,644.392,650.541
1196,5.428,644.441,650.560
1197,5.424,644.490,650.580
1198,5.420,644.538,650.600
1199,5.417,644.587,650.619
1200,5.413,644.636,650.639
1201,5.410,644.684,650.658
1202,5.406,644.733,650.678
1203,5.403,644.781,650.697
1204,5.400,644.829,650.716
1205,5.396,644.876,650.735
1206,5.393,644.924,650.754
1207,5.389,644.971,650.773
1208,5.386,645.018,650.792
1209,5.383,645.065,650.811
1210,5.379,645.112,650.830
1211,5.376,645.159,650.849
1212,5.373,645.206,650.868
1213,5.369,645.252,650.886
1214,5.366,645.298,650.905
1215,5.363,645.344,650.923
1216,5.360,645.390,650.942
1217,5.357,645.436,650.960
1218,5.353,645.482,650.979
1219,5.350,645.528,650.996
1220,5.347,645.573,651.015
1221,5.344,645.618,651.032
1222,5.341,645.663,651.051
1223,5.338,645.708,651.068
1224,5.335,645.753,651.087
1225,5.332,645.797,651.104
1226,5.329,645.842,651.123
1227,5.326,645.886,651.140
1228,5.323,645.930,651.158
1229,5.320,645.974,651.175
1230,5.317,646.017,651.193
1231,5.314,646.061,651.210
1232,5.311,646.104,651.227
1233,5.308,646.147,651.244
1234,5.305,646.190,651.262
1235,5.302,646.233,651.278
1236,5.299,646.276,651.296
1237,5.296,646.318,651.312
1238,5.293,646.361,651.329
1239,5.291,646.403,651.346
1240,5.288,646.445,651.363
1241,5.285,646.487,651.379
1242,5.282,646.529,651.396
1243,5.279,646.570,651.412
1244,5.277,646.611,651.429
1245,5.274,646.652,651.445
1246,5.271,646.693,651.462
1247,5.269,646.734,651.477
1248,5.266,646.774,651.494
1249,5.263,646.815,651.510
1250,5.261,646.855,651.526
1251,5.258,646.895,651.542
1252,5.255,646.935,651.558
1253,5.253,646.975,651.573
1254,5.250,647.015,651.589
1255,5.247,647.054,651.604
1256,5.245,647.093,651.620
1257,5.242,647.133,651.636
1258,5.240,647.171,651.652
1259,5.237,647.210,651.666
1260,5.235,647.248,651.682
1261,5.232,647.287,651.697
1262,5.230,647.325,651.713
1263,5.227,647.363,651.727
1264,5.225,647.400,651.743
1265,5.222,647.438,651.757
1266,5.220,647.475,651.773
1267,5.218,647.513,651.787
1268,5.215,647.550,651.802
1269,5.213,647.587,651.817
1270,5.210,647.624,651.832
1271,5.208,647.660,651.846
1272,5.206,647.697,651.861
1273,5.203,647.733,651.875
1274,5.201,647.769,651.889
1275,5.199,647.805,651.903
1276,5.197,647.841,651.918
1277,5.194,647.876,651.931
1278,5.192,647.912,651.946
1279,5.190,647.947,651.959
1280,5.188,647.982,651.973
1281,5.185,648.016,651.987
1282,5.183,648.051,652.001
1283,5.181,648.085,652.014
1284,5.179,648.120,652.028
1285,5.177,648.154,652.041
1286,5.174,648.188,652.055
1287,5.172,648.222,652.068
1288,5.170,648.255,652.082
1289,5.168,648.289,652.094
1290,5.166,648.322,652.108
1291,5.164,648.356,652.121
1292,5.162,648.388,652.134
1293,5.160,648.421,652.147
1294,5.158,648.454,652.160
1295,5.155,648.486,652.172
1296,5.153,648.518,652.186
1297,5.151,648.550,652.198
1298,5.149,648.582,652.211
1299,5.147,648.614,652.223
1300,5.145,648.645,652.236
1301,5.143,648.676,652.248
1302,5.141,648.708,652.261
1303,5.139,648.739,652.273
1304,5.138,648.770,652.285
1305,5.136,648.800,652.297
1306,5.134,648.831,652.309
1307,5.132,648.861,652.321
1308,5.130,648.892,652.334
1309,5.128,648.922,652.345
1310,5.126,648.952,652.357
1311,5.124,648.981,652.369
1312,5.122,649.011,652.381
1313,5.120,649.040,652.392
1314,5.119,649.069,652.404
1315,5.117,649.098,652.415
1316,5.115,649.127,652.427
1317,5.113,649.155,652.438
1318,5.111,649.184,652.450
1319,5.110,649.212,652.460
1320,5.108,649.240,652.472
1321,5.106,649.268,652.482
1322,5.104,649.296,652.494
1323,5.102,649.324,652.504
1324,5.101,649.352,652.516
1325,5.099,649.379,652.526
1326,5.097,649.407,652.538
1327,5.096,649.434,652.548
1328,5.094,649.461,652.559
1329,5.092,649.487,652.569
1330,5.090,649.514,652.580
1331,5.089,649.540,652.590
1332,5.087,649.567,652.601
1333,5.085,649.593,652.610
1334,5.084,649.618,652.621
1335,5.082,649.644,652.631
1336,5.080,649.670,652.642
1337,5.079,649.695,652.651
1338,5.077,649.721,652.662
1339,5.076,649.746,652.671
1340,5.074,649.771,652.682
1341,5.072,649.796,652.691
1342,5.071,649.820,652.701
1343,5.069,649.846,652.710
1344,5.068,649.870,652.721
1345,5.066,649.894,652.730
1346,5.065,649.918,652.740
1347,5.063,649.942,652.749
1348,5.062,649.966,652.759
1349,5.060,649.990,652.768
1350,5.058,650.013,652.777
1351,5.057,650.037,652.786
1352,5.055,650.060,652.796
1353,5.054,650.083,652.805
1354,5.052,650.106,652.814
1355,5.051,650.129,652.823
1356,5.050,650.151,652.832
1357,5.048,650.174,652.841
1358,5.047,650.196,652.850
1359,5.045,650.219,652.859
1360,5.044,650.241,652.868
1361,5.042,650.263,652.876
1362,5.041,650.285,652.885
1363,5.039,650.306,652.893
1364,5.038,650.328,652.902
1365,5.037,650.349,652.910
1366,5.035,650.370,652.919
1367,5.034,650.391,652.927
1368,5.032,650.412,652.936
1369,5.031,650.433,652.944
1370,5.030,650.454,652.953
1371,5.028,650.474,652.960
1372,5.027,650.495,652.969
1373,5.026,650.515,652.976
1374,5.024,650.535,652.985
1375,5.023,650.555,652.992
1376,5.022,650.575,653.001
1377,5.020,650.595,653.008
1378,5.019,650.615,653.016
1379,5.018,650.635,653.023
1380,5.016,650.654,653.032
1381,5.015,650.673,653.039
1382,5.014,650.693,653.047
1383,5.013,650.712,653.054
1384,5.011,650.731,653.062
1385,5.010,650.749,653.069
1386,5.009,650.768,653.077
1387,5.007,650.787,653.083
1388,5.006,650.805,653.092
1389,5.005,650.823,653.098
1390,5.004,650.841,653.106
1391,5.003,650.859,653.112
1392,5.001,650.877,653.120
1393,5.000,650.895,653.126
1394,4.999,650.913,653.134
1395,4.998,650.930,653.140
1396,4.996,650.948,653.148
1397,4.995,650.965,653.154
1398,4.994,650.982,653.162
1399,4.993,650.999,653.168
1400,4.992,651.016,653.176
1401,4.990,651.033,653.182
1402,4.989,651.050,653.189
1403,4.988,651.067,653.195
1404,4.987,651.083,653.202
1405,4.986,651.100,653.208
1406,4.985,651.116,653.215
1407,4.984,651.133,653.221
1408,4.982,651.149,653.228
1409,4.981,651.165,653.234
1410,4.980,651.181,653.241
1411,4.979,651.196,653.247
1412,4.978,651.212,653.253
1413,4.977,651.228,653.259
1414,4.976,651.243,653.266
1415,4.975,651.258,653.272
1416,4.973,651.274,653.278
1417,4.972,651.289,653.284
1418,4.971,651.304,653.290
1419,4.970,651.319,653.296
1420,4.969,651.334,653.302
1421,4.968,651.348,653.308
1422,4.967,651.363,653.314
1423,4.966,651.377,653.319
1424,4.965,651.392,653.325
1425,4.964,651.406,653.331
1426,4.963,651.420,653.337
1427,4.962,651.435,653.342
1428,4.961,651.449,653.348
1429,4.960,651.463,653.353
1430,4.959,651.477,653.359
1431,4.958,651.490,653.364
1432,4.957,651.504,653.370
1433,4.956,651.518,653.375
1434,4.955,651.531,653.381
1435,4.954,651.545,653.386
1436,4.953,651.558,653.392
1437,4.952,651.572,653.396
1438,4.951,651.585,653.402
1439,4.950,651.598,653.407
1440,4.949,651.611,653.413
1441,4.948,651.624,653.417
1442,4.947,651.637,653.423
1443,4.946,651.649,653.427
1444,4.945,651.662,653.433
1445,4.944,651.675,653.437
1446,4.943,651.687,653.443
1447,4.942,651.699,653.447
1448,4.941,651.712,653.453
1449,4.940,651.724,653.457
1450,4.939,651.736,653.463
1451,4.938,651.748,653.467
1452,4.937,651.760,653.473
1453,4.936,651.772,653.476
1454,4.935,651.784,653.482
1455,4.934,651.795,653.486
1456,4.933,651.807,653.492
1457,4.932,651.818,653.495
1458,4.931,651.830,653.501
1459,4.930,651.841,653.504
1460,4.930,651.853,653.510
1461,4.929,651.864,653.513
1462,4.928,651.875,653.519
1463,4.927,651.886,653.522
1464,4.926,651.897,653.528
1465,4.925,651.908,653.531
1466,4.924,651.919,653.537
1467,4.923,651.930,653.540
1468,4.922,651.941,653.545
1469,4.922,651.952,653.548
1470,4.921,651.962,653.554
1471,4.920,651.973,653.557
1472,4.919,651.983,653.562
1473,4.918,651.994,653.565
1474,4.917,652.004,653.571
1475,4.916,652.015,653.574
1476,4.915,652.025,653.579
1477,4.915,652.035,653.582
1478,4.914,652.045,653.587
1479,4.913,652.055,653.590
1480,4.912,652.065,653.595
1481,4.911,652.075,653.598
1482,4.910,652.085,653.603
1483,4.910,652.095,653.606
1484,4.909,652.104,653.611
1485,4.908,652.114,653.614
1486,4.907,652.123,653.618
1487,4.906,652.133,653.621
1488,4.905,652.142,653.626
1489,4.905,652.152,653.629
1490,4.904,652.161,653.633
1491,4.903,652.170,653.636
1492,4.902,652.179,653.641
1493,4.901,652.188,653.644
1494,4.901,652.197,653.648
1495,4.900,652.206,653.651
1496,4.899,652.215,653.655
1497,4.898,652.224,653.658
1498,4.897,652.233,653.663
1499,4.897,652.242,653.666
1500,4.896,652.251,653.670
1501,4.895,652.259,653.673
1502,4.894,652.268,653.677
1503,4.893,652.276,653.680
1504,4.893,652.285,653.684
1505,4.892,652.293,653.687
1506,4.891,652.302,653.690
1507,4.890,652.310,653.693
1508,4.890,652.318,653.697
1509,4.889,652.327,653.700
1510,4.888,652.335,653.704
1511,4.887,652.343,653.707
1512,4.887,652.351,653.710
1513,4.886,652.359,653.713
1514,4.885,652.367,653.717
1515,4.884,652.375,653.720
1516,4.884,652.383,653.723
1517,4.883,652.391,653.726
1518,4.882,652.399,653.729
1519,4.881,652.406,653.732
1520,4.881,652.414,653.736
1521,4.880,652.422,653.739
1522,4.879,652.430,653.742
1523,4.878,652.437,653.745
1524,4.878,652.445,653.748
1525,4.877,652.452,653.751
1526,4.876,652.460,653.754
1527,4.876,652.467,653.757
1528,4.875,652.474,653.760
1529,4.874,652.482,653.763
1530,4.873,652.489,653.766
1531,4.873,652.496,653.769
1532,4.872,652.503,653.772
1533,4.871,652.511,653.775
1534,4.871,652.518,653.778
1535,4.870,652.525,653.780
1536,4.869,652.532,653.783
1537,4.868,652.539,653.786
1538,4.868,652.545,653.789
1539,4.867,652.552,653.792
1540,4.866,652.559,653.795
1541,4.866,652.566,653.797
1542,4.865,652.573,653.800
1543,4.864,652.579,653.803
1544,4.864,652.586,653.806
1545,4.863,652.593,653.808
1546,4.862,652.599,653.811
1547,4.862,652.606,653.813
1548,4.861,652.612,653.816
1549,4.860,652.619,653.819
1550,4.860,652.625,653.822
1551,4.859,652.631,653.824
1552,4.858,652.638,653.827
1553,4.858,652.644,653.829
1554,4.857,652.650,653.832
1555,4.856,652.657,653.834
1556,4.856,652.663,653.837
1557,4.855,652.669,653.839
1558,4.854,652.675,653.842
1559,4.854,652.681,653.844
1560,4.853,652.687,653.847
1561,4.852,652.693,653.849
1562,4.852,652.699,653.852
1563,4.851,652.705,653.854
1564,4.850,652.711,653.857
1565,4.850,652.717,653.859
1566,4.849,652.723,653.862
1567,4.848,652.729,653.863
1568,4.848,652.734,653.866
1569,4.847,652.740,653.868
1570,4.847,652.746,653.871
1571,4.846,652.752,653.873
1572,4.845,652.757,653.876
1573,4.845,652.763,653.877
1574,4.844,652.768,653.880
1575,4.843,652.774,653.882
1576,4.843,652.780,653.885
1577,4.842,652.785,653.887
1578,4.842,652.791,653.890
1579,4.841,652.796,653.891
1580,4.840,652.801,653.894
1581,4.840,652.807,653.895
1582,4.839,652.812,653.898
1583,4.839,652.817,653.900
1584,4.838,652.823,653.903
1585,4.837,652.828,653.904
1586,4.837,652.833,653.907
1587,4.836,652.838,653.908
1588,4.835,652.844,653.911
1589,4.835,652.849,653.913
1590,4.834,652.854,653.916
1591,4.834,652.859,653.917
1592,4.833,652.864,653.920
1593,4.832,652.869,653.921
1594,4.832,652.874,653.924
1595,4.831,652.879,653.925
1596,4.831,652.884,653.928
1597,4.830,652.889,653.929
1598,4.830,652.894,653.932
1599,4.829,652.899,653.933
1600,4.828,652.904,653.936
1601,4.828,652.909,653.937
1602,4.827,652.914,653.940
1603,4.827,652.918,653.941
1604,4.826,652.923,653.944
1605,4.825,652.928,653.945
1606,4.825,652.933,653.948
1607,4.824,652.937,653.949
1608,4.824,652.942,653.952
1609,4.823,652.947,653.953
1610,4.823,652.951,653.956
1611,4.822,652.956,653.957
1612,4.821,652.961,653.959
1613,4.821,652.965,653.960
1614,4.820,652.970,653.963
1615,4.820,652.974,653.964
1616,4.819,652.979,653.967
1617,4.819,652.983,653.968
1618,4.818,652.988,653.970
1619,4.818,652.992,653.971
1620,4.817,652.997,653.974
1621,4.816,653.001,653.975
1622,4.816,653.005,653.978
1623,4.815,653.010,653.979
1624,4.815,653.014,653.981
1625,4.814,653.018,653.982
1626,4.814,653.023,653.985
1627,4.813,653.027,653.986
1628,4.813,653.031,653.988
1629,4.812,653.035,653.989
1630,4.812,653.040,653.992
1631,4.811,653.044,653.993
1632,4.810,653.048,653.995
1633,4.810,653.052,653.996
1634,4.809,653.056,653.999
1635,4.809,653.060,654.000
1636,4.808,653.065,654.002
1637,4.808,653.069,654.003
1638,4.807,653.073,654.005
1639,4.807,653.077,654.006
1640,4.806,653.081,654.009
1641,4.806,653.085,654.009
1642,4.805,653.089,654.012
1643,4.805,653.093,654.013
1644,4.804,653.096,654.015
1645,4.804,653.100,654.016
1646,4.803,653.104,654.018
1647,4.802,653.108,654.019
1648,4.802,653.112,654.022
1649,4.801,653.116,654.022
1650,4.801,653.120,654.025
1651,4.800,653.123,654.026
1652,4.800,653.127,654.028
1653,4.799,653.131,654.029
1654,4.799,653.135,654.031
1655,4.798,653.138,654.032
1656,4.798,653.142,654.034
1657,4.797,653.146,654.035
1658,4.797,653.149,654.037
1659,4.796,653.153,654.038
1660,4.796,653.157,654.040
1661,4.795,653.160,654.041
1662,4.795,653.164,654.043
1663,4.794,653.168,654.044
1664,4.794,653.171,654.046
1665,4.793,653.175,654.047
1666,4.793,653.178,654.049
1667,4.792,653.182,654.050
1668,4.792,653.185,654.052
1669,4.791,653.189,654.053
1670,4.791,653.192,654.055
1671,4.790,653.196,654.056
1672,4.790,653.199,654.058
1673,4.789,653.203,654.058
1674,4.789,653.206,654.061
1675,4.788,653.210,654.061
1676,4.788,653.213,654.063
1677,4.787,653.216,654.064
1678,4.787,653.220,654.066
1679,4.786,653.223,654.067
1680,4.786,653.226,654.069
1681,4.785,653.230,654.070
1682,4.785,653.233,654.072
1683,4.784,653.236,654.072
1684,4.784,653.240,654.074
1685,4.783,653.243,654.075
1686,4.783,653.246,654.077
1687,4.783,653.249,654.078
1688,4.782,653.253,654.080
1689,4.782,653.256,654.081
1690,4.781,653.259,654.083
1691,4.781,653.262,654.083
1692,4.780,653.265,654.085
1693,4.780,653.269,654.086
1694,4.779,653.272,654.088
1695,4.779,653.275,654.088
1696,4.778,653.278,654.090
1697,4.778,653.281,654.091
1698,4.777,653.284,654.093
1699,4.777,653.287,654.094
1700,4.776,653.290,654.096
1701,4.776,653.293,654.096
1702,4.775,653.296,654.098
1703,4.775,653.299,654.099
1704,4.775,653.302,654.101
1705,4.774,653.305,654.101
1706,4.774,653.308,654.103
1707,4.773,653.311,654.104
1708,4.773,653.314,654.106
1709,4.772,653.317,654.106
1710,4.772,653.320,654.108
1711,4.771,653.323,654.109
1712,4.771,653.326,654.111
1713,4.770,653.329,654.111
1714,4.770,653.332,654.113
1715,4.770,653.335,654.114
1716,4.769,653.338,654.115
1717,4.769,653.341,654.116
1718,4.768,653.344,654.118
1719,4.768,653.346,654.118
1720,4.767,653.349,654.120
1721,4.767,653.352,654.121
1722,4.766,653.355,654.123
1723,4.766,653.358,654.123
1724,4.766,653.361,654.125
1725,4.765,653.363,654.125
1726,4.765,653.366,654.127
1727,4.764,653.369,654.128
1728,4.764,653.372,654.130
1729,4.763,653.374,654.130
1730,4.763,653.377,654.132
1731,4.762,653.380,654.132
1732,4.762,653.383,654.134
1733,4.762,653.385,654.135
1734,4.761,653.388,654.136
1735,4.761,653.391,654.137
1736,4.760,653.393,654.139
1737,4.760,653.396,654.139
1738,4.759,653.399,654.141
1739,4.759,653.401,654.141
1740,4.759,653.404,654.143
1741,4.758,653.407,654.144
1742,4.758,653.409,654.145
1743,4.757,653.412,654.146
1744,4.757,653.414,654.147
1745,4.756,653.417,654.148
1746,4.756,653.420,654.150
1747,4.756,653.422,654.150
1748,4.755,653.425,654.152
1749,4.755,653.427,654.152
1750,4.754,653.430,654.154
1751,4.754,653.432,654.154
1752,4.753,653.435,654.156
1753,4.753,653.437,654.156
1754,4.753,653.440,654.158
1755,4.752,653.442,654.159
1756,4.752,653.445,654.160
1757,4.751,653.447,654.161
1758,4.751,653.450,654.162
1759,4.750,653.452,654.163
1760,4.750,653.455,654.164
1761,4.750,653.457,654.165
1762,4.749,653.460,654.166
1763,4.749,653.462,654.167
1764,4.748,653.464,654.168
1765,4.748,653.467,654.169
1766,4.748,653.469,654.170
1767,4.747,653.472,654.171
1768,4.747,653.474,654.172
1769,4.746,653.476,654.173
1770,4.746,653.479,654.174
1771,4.746,653.481,654.175
1772,4.745,653.483,654.176
1773,4.745,653.486,654.177
1774,4.744,653.488,654.178
1775,4.744,653.490,654.179
1776,4.744,653.493,654.180
1777,4.743,653.495,654.181
1778,4.743,653.497,654.182
1779,4.742,653.500,654.183
1780,4.742,653.502,654.184
1781,4.742,653.504,654.185
1782,4.741,653.507,654.186
1783,4.741,653.509,654.187
1784,4.740,653.511,654.188
1785,4.740,653.513,654.188
1786,4.740,653.516,654.190
1787,4.739,653.518,654.190
1788,4.739,653.520,654.192
1789,4.738,653.522,654.192
1790,4.738,653.524,654.194
1791,4.738,653.527,654.194
1792,4.737,653.529,654.195
1793,4.737,653.531,654.196
1794,4.736,653.533,654.197
1795,4.736,653.535,654.198
1796,4.736,653.538,654.199
1797,4.735,653.540,654.200
1798,4.735,653.542,654.201
1799,4.734,653.544,654.201
1800,4.734,653.546,654.203
1801,4.734,653.548,654.203
1802,4.733,653.550,654.205
1803,4.733,653.553,654.205
1804,4.732,653.555,654.206
1805,4.732,653.557,654.207
1806,4.732,653.559,654.208
1807,4.731,653.561,654.209
1808,4.731,653.563,654.210
1809,4.731,653.565,654.210
1810,4.730,653.567,654.212
1811,4.730,653.569,654.212
1812,4.729,653.571,654.213
1813,4.729,653.573,654.214
1814,4.729,653.576,654.215
1815,4.728,653.578,654.215
1816,4.728,653.580,654.217
1817,4.728,653.582,654.217
1818,4.727,653.584,654.218
1819,4.727,653.586,654.219
1820,4.726,653.588,654.220
1821,4.726,653.590,654.221
1822,4.726,653.592,654.222
1823,4.725,653.594,654.222
1824,4.725,653.596,654.224
1825,4.725,653.598,654.224
1826,4.724,653.600,654.225
1827,4.724,653.602,654.226
1828,4.723,653.604,654.227
1829,4.723,653.606,654.227
1830,4.723,653.608,654.229
1831,4.722,653.609,654.229
1832,4.722,653.611,654.230
1833,4.722,653.613,654.231
1834,4.721,653.615,654.232
1835,4.721,653.617,654.232
1836,4.721,653.619,654.233
1837,4.720,653.621,654.234
1838,4.720,653.623,654.235
1839,4.719,653.625,654.235
1840,4.719,653.627,654.237
1841,4.719,653.629,654.237
1842,4.718,653.631,654.238
1843,4.718,653.632,654.239
1844,4.718,653.634,654.240
1845,4.717,653.636,654.240
1846,4.717,653.638,654.241
1847,4.717,653.640,654.242
1848,4.716,653.642,654.243
1849,4.716,653.644,654.243
1850,4.715,653.645,654.244
1851,4.715,653.647,654.245
1852,4.715,653.649,654.246
1853,4.714,653.651,654.246
1854,4.714,653.653,654.248
1855,4.714,653.655,654.248
1856,4.713,653.656,654.249
1857,4.713,653.658,654.249
1858,4.713,653.660,654.251
1859,4.712,653.662,654.251
1860,4.712,653.664,654.252
1861,4.712,653.665,654.252
1862,4.711,653.667,654.254
1863,4.711,653.669,654.254
1864,4.711,653.671,654.255
1865,4.710,653.672,654.255
1866,4.710,653.674,654.257
1867,4.709,653.676,654.257
1868,4.709,653.678,654.258
1869,4.709,653.679,654.258
1870,4.708,653.681,654.259
1871,4.708,653.683,654.260
1872,4.708,653.685,654.261
1873,4.707,653.686,654.261
1874,4.707,653.688,654.262
1875,4.707,653.690,654.263
1876,4.706,653.691,654.264
1877,4.706,653.693,654.264
1878,4.706,653.695,654.265
1879,4.705,653.697,654.266
1880,4.705,653.698,654.267
1881,4.705,653.700,654.267
1882,4.704,653.702,654.268
1883,4.704,653.703,654.269
1884,4.704,653.705,654.270
1885,4.703,653.707,654.270
1886,4.703,653.708,654.271
1887,4.703,653.710,654.271
1888,4.702,653.712,654.272
1889,4.702,653.713,654.273
1890,4.702,653.715,654.274
1891,4.701,653.717,654.274
1892,4.701,653.718,654.275
1893,4.701,653.720,654.275
1894,4.700,653.721,654.276
1895,4.700,653.723,654.277
1896,4.700,653.725,654.278
1897,4.699,653.726,654.278
1898,4.699,653.728,654.279
1899,4.699,653.729,654.280
1900,4.698,653.731,654.281
1901,4.698,653.733,654.281
1902,4.698,653.734,654.282
1903,4.697,653.736,654.282
1904,4.697,653.737,654.283
1905,4.697,653.739,654.284
1906,4.696,653.741,654.285
1907,4.696,653.742,654.285
1908,4.696,653.744,654.286
1909,4.695,653.745,654.286
1910,4.695,653.747,654.287
1911,4.695,653.748,654.288
1912,4.694,653.750,654.289
1913,4.694,653.751,654.289
1914,4.694,653.753,654.290
1915,4.693,653.754,654.290
1916,4.693,653.756,654.291
1917,4.693,653.758,654.291
1918,4.692,653.759,654.292
1919,4.692,653.761,654.293
1920,4.692,653.762,654.294
1921,4.691,653.764,654.294
1922,4.691,653.765,654.295
1923,4.691,653.767,654.295
1924,4.691,653.768,654.296
1925,4.690,653.770,654.297
1926,4.690,653.771,654.298
1927,4.690,653.773,654.298
1928,4.689,653.774,654.299
1929,4.689,653.776,654.299
1930,4.689,653.777,654.300
1931,4.688,653.778,654.300
1932,4.688,653.780,654.301
1933,4.688,653.781,654.302
1934,4.687,653.783,654.303
1935,4.687,653.784,654.303
1936,4.687,653.786,654.304
1937,4.686,653.787,654.304
1938,4.686,653.789,654.305
1939,4.686,653.790,654.305
1940,4.685,653.792,654.306
1941,4.685,653.793,654.306
1942,4.685,653.794,654.307
1943,4.685,653.796,654.308
1944,4.684,653.797,654.309
1945,4.684,653.799,654.309
1946,4.684,653.800,654.310
1947,4.683,653.801,654.310
1948,4.683,653.803,654.311
1949,4.683,653.804,654.311
1950,4.682,653.806,654.312
1951,4.682,653.807,654.312
1952,4.682,653.808,654.313
1953,4.681,653.810,654.314
1954,4.681,653.811,654.315
1955,4.681,653.813,654.315
1956,4.681,653.814,654.316
1957,4.680,653.815,654.316
1958,4.680,653.817,654.317
1959,4.680,653.818,654.317
1960,4.679,653.819,654.318
1961,4.679,653.821,654.318
1962,4.679,653.822,654.319
1963,4.678,653.824,654.319
1964,4.678,653.825,654.320
1965,4.678,653.826,654.321
1966,4.678,653.828,654.322
1967,4.677,653.829,654.322
1968,4.677,653.830,654.323
1969,4.677,653.832,654.323
1970,4.676,653.833,654.324
1971,4.676,653.834,654.324
1972,4.676,653.836,654.325
1973,4.675,653.837,654.325
1974,4.675,653.838,654.326
1975,4.675,653.840,654.326
1976,4.675,653.841,654.327
1977,4.674,653.842,654.327
1978,4.674,653.843,654.328
1979,4.674,653.845,654.328
1980,4.673,653.846,654.329
1981,4.673,653.847,654.330
1982,4.673,653.849,654.331
1983,4.672,653.850,654.331
1984,4.672,653.851,654.332
1985,4.672,653.852,654.332
1986,4.672,653.854,654.333
1987,4.671,653.855,654.333
1988,4.671,653.856,654.334
1989,4.671,653.858,654.334
1990,4.670,653.859,654.335
1991,4.670,653.860,654.335
1992,4.670,653.861,654.336
1993,4.670,653.863,654.336
1994,4.669,653.864,654.337
1995,4.669,653.865,654.337
1996,4.669,653.866,654.338
1997,4.668,653.868,654.338
1998,4.668,653.869,654.339
1999,4.668,653.870,654.339
2000,4.668,653.871,654.340
2001,4.667,653.872,654.340
2002,4.667,653.874,654.341
2003,4.667,653.875,654.341
2004,4.666,653.876,654.342
2005,4.666,653.877,654.342
2006,4.666,653.879,654.343
2007,4.666,653.880,654.343
2008,4.665,653.881,654.344
2009,4.665,653.882,654.344
2010,4.665,653.883,654.345
2011,4.664,653.885,654.345
2012,4.664,653.886,654.346
2013,4.664,653.887,654.346
2014,4.664,653.888,654.348
2015,4.663,653.890,654.347
2016,4.663,653.891,654.349
2017,4.663,653.892,654.348
2018,4.662,653.893,654.350
2019,4.662,653.894,654.349
2020,4.662,653.895,654.351
2021,4.662,653.897,654.350
2022,4.661,653.898,654.352
2023,4.661,653.899,654.351
2024,4.661,653.900,654.353
2025,4.660,653.901,654.352
2026,4.660,653.902,654.354
2027,4.660,653.903,654.353
2028,4.660,653.905,654.355
2029,4.659,653.906,654.354
2030,4.659,653.907,654.356
2031,4.659,653.908,654.355
2032,4.659,653.909,654.357
2033,4.658,653.910,654.356
2034,4.658,653.911,654.358
2035,4.658,653.913,654.357
2036,4.657,653.914,654.359
2037,4.657,653.915,654.358
2038,4.657,653.916,654.360
2039,4.657,653.917,654.359
2040,4.656,653.918,654.361
2041,4.656,653.919,654.360
2042,4.656,653.920,654.362
2043,4.656,653.921,654.361
2044,4.655,653.923,654.363
2045,4.655,653.924,654.362
2046,4.655,653.925,654.364
2047,4.654,653.926,654.363
2048,4.654,653.927,654.365
2049,4.654,653.928,654.364
2050,4.654,653.929,654.365
2051,4.653,653.930,654.365
2052,4.653,653.931,654.366
2053,4.653,653.932,654.366
2054,4.653,653.933,654.367
2055,4.652,653.935,654.367
2056,4.652,653.936,654.368
2057,4.652,653.937,654.368
2058,4.652,653.938,654.369
2059,4.651,653.939,654.368
2060,4.651,653.940,654.370
2061,4.651,653.941,654.369
2062,4.650,653.942,654.371
2063,4.650,653.943,654.370
2064,4.650,653.944,654.372
2065,4.650,653.945,654.371
2066,4.649,653.946,654.373
2067,4.649,653.947,654.372
2068,4.649,653.948,654.374
2069,4.649,653.949,654.373
2070,4.648,653.950,654.374
2071,4.648,653.951,654.374
2072,4.648,653.952,654.375
2073,4.648,653.953,654.375
2074,4.647,653.954,654.376
2075,4.647,653.955,654.376
2076,4.647,653.957,654.377
2077,4.647,653.958,654.376
2078,4.646,653.959,654.378
2079,4.646,653.960,654.377
2080,4.646,653.961,654.379
2081,4.645,653.962,654.379
2082,4.645,653.963,654.380
2083,4.645,653.964,654.380
2084,4.645,653.965,654.381
2085,4.644,653.966,654.380
2086,4.644,653.967,654.381
2087,4.644,653.968,654.381
2088,4.644,653.969,654.382
2089,4.643,653.970,654.382
2090,4.643,653.971,654.383
2091,4.643,653.972,654.383
2092,4.643,653.973,654.384
2093,4.642,653.974,654.384
2094,4.642,653.975,654.385
2095,4.642,653.975,654.385
2096,4.642,653.976,654.386
2097,4.641,653.977,654.385
2098,4.641,653.978,654.386
2099,4.641,653.979,654.386
2100,4.641,653.980,654.387
2101,4.640,653.981,654.387
2102,4.640,653.982,654.388
2103,4.640,653.983,654.388
2104,4.640,653.985,654.388
2105,4.639,653.986,654.389
2106,4.639,653.987,654.389
2107,4.639,653.988,654.390
2108,4.639,653.989,654.390
2109,4.638,653.990,654.391
2110,4.638,653.991,654.391
2111,4.638,653.992,654.392
2112,4.638,653.993,654.392
2113,4.637,653.994,654.393
2114,4.637,653.995,654.392
2115,4.637,653.996,654.393
2116,4.637,653.996,654.393
2117,4.636,653.997,654.394
2118,4.636,653.998,654.394
2119,4.636,653.999,654.395
2120,4.636,654.000,654.395
2121,4.635,654.001,654.396
2122,4.635,654.002,654.396
2123,4.635,654.003,654.397
2124,4.635,654.004,654.396
2125,4.634,654.005,654.398
2126,4.634,654.006,654.397
2127,4.634,654.007,654.398
2128,4.634,654.007,654.398
2129,4.633,654.008,654.399
2130,4.633,654.009,654.399
2131,4.633,654.010,654.400
2132,4.633,654.011,654.399
2133,4.632,654.012,654.401
2134,4.632,654.013,654.400
2135,4.632,654.014,654.402
2136,4.632,654.015,654.401
2137,4.631,654.016,654.402
2138,4.631,654.016,654.402
2139,4.631,654.017,654.403
2140,4.631,654.018,654.402
2141,4.631,654.019,654.404
2142,4.630,654.020,654.403
2143,4.630,654.021,654.405
2144,4.630,654.022,654.404
2145,4.630,654.023,654.405
2146,4.629,654.023,654.405
2147,4.629,654.024,654.406
2148,4.629,654.025,654.405
2149,4.629,654.026,654.407
2150,4.628,654.027,654.406
2151,4.628,654.028,654.408
2152,4.628,654.029,654.407
2153,4.628,654.029,654.408
2154,4.627,654.030,654.408
2155,4.627,654.031,654.409
2156,4.627,654.032,654.409
2157,4.627,654.033,654.410
2158,4.626,654.034,654.409
2159,4.626,654.035,654.410
2160,4.626,654.035,654.410
2161,4.626,654.036,654.411
2162,4.626,654.037,654.411
2163,4.625,654.038,654.412
2164,4.625,654.039,654.412
2165,4.625,654.040,654.413
2166,4.625,654.040,654.412
2167,4.624,654.041,654.413
2168,4.624,654.042,654.413
2169,4.624,654.043,654.414
2170,4.624,654.045,654.414
2171,4.623,654.045,654.414
2172,4.623,654.046,654.415
2173,4.623,654.047,654.415
2174,4.623,654.048,654.416
2175,4.622,654.049,654.416
2176,4.622,654.050,654.417
2177,4.622,654.050,654.416
2178,4.622,654.051,654.417
2179,4.622,654.052,654.417
2180,4.621,654.053,654.418
2181,4.621,654.054,654.418
2182,4.621,654.054,654.419
2183,4.621,654.055,654.418
2184,4.620,654.056,654.420
2185,4.620,654.057,654.419
2186,4.620,654.058,654.420
2187,4.620,654.058,654.420
2188,4.620,654.059,654.421
2189,4.619,654.060,654.420
2190,4.619,654.061,654.422
2191,4.619,654.062,654.421
2192,4.619,654.062,654.422
2193,4.618,654.063,654.422
2194,4.618,654.064,654.423
2195,4.618,654.065,654.422
2196,4.618,654.065,654.424
2197,4.617,654.066,654.423
2198,4.617,654.067,654.424
2199,4.617,654.068,654.424
2200,4.617,654.069,654.425
2201,4.617,654.069,654.424
2202,4.616,654.070,654.426
2203,4.616,654.071,654.425
2204,4.616,654.072,654.426
2205,4.616,654.072,654.426
2206,4.615,654.073,654.427
2207,4.615,654.074,654.426
2208,4.615,654.075,654.428
2209,4.615,654.075,654.427
2210,4.615,654.076,654.428
2211,4.614,654.077,654.428
2212,4.614,654.078,654.429
2213,4.614,654.078,654.429
2214,4.614,654.079,654.430
2215,4.613,654.080,654.429
2216,4.613,654.081,654.430
2217,4.613,654.081,654.430
2218,4.613,654.082,654.431
2219,4.613,654.083,654.430
2220,4.612,654.084,654.431
2221,4.612,654.085,654.432
2222,4.612,654.086,654.432
2223,4.612,654.087,654.433
2224,4.611,654.087,654.432
2225,4.611,654.088,654.433
2226,4.611,654.089,654.433
2227,4.611,654.090,654.434
2228,4.611,654.090,654.433
2229,4.610,654.091,654.434
2230,4.610,654.092,654.434
2231,4.610,654.092,654.435
2232,4.610,654.093,654.435
2233,4.610,654.094,654.436
2234,4.609,654.095,654.435
2235,4.609,654.095,654.436
2236,4.609,654.096,654.436
2237,4.609,654.097,654.437
2238,4.608,654.098,654.436
2239,4.608,654.098,654.438
2240,4.608,654.099,654.437
2241,4.608,654.100,654.438
2242,4.608,654.100,654.438
2243,4.607,654.101,654.439
2244,4.607,654.102,654.438
2245,4.607,654.102,654.439
2246,4.607,654.103,654.439
2247,4.606,654.104,654.440
2248,4.606,654.105,654.440
2249,4.606,654.105,654.441
2250,4.606,654.106,654.440
2251,4.606,654.107,654.441
2252,4.605,654.107,654.441
2253,4.605,654.108,654.442
2254,4.605,654.109,654.441
2255,4.605,654.109,654.442
2256,4.605,654.110,654.442
2257,4.604,654.111,654.443
2258,4.604,654.112,654.443
2259,4.604,654.112,654.444
2260,4.604,654.113,654.443
2261,4.604,654.114,654.444
2262,4.603,654.114,654.444
2263,4.603,654.116,654.444
2264,4.603,654.116,654.445
2265,4.603,654.117,654.445
2266,4.602,654.118,654.446
2267,4.602,654.118,654.445
2268,4.602,654.119,654.446
2269,4.602,654.120,654.446
2270,4.602,654.120,654.447
2271,4.601,654.121,654.447
2272,4.601,654.122,654.448
2273,4.601,654.122,654.447
2274,4.601,654.123,654.448
2275,4.601,654.124,654.448
2276,4.600,654.124,654.449
2277,4.600,654.125,654.448
2278,4.600,654.126,654.449
2279,4.600,654.126,654.449
2280,4.600,654.127,654.450
2281,4.599,654.128,654.449
2282,4.599,654.128,654.451
2283,4.599,654.129,654.450
2284,4.599,654.130,654.451
2285,4.599,654.130,654.451
2286,4.598,654.131,654.452
2287,4.598,654.131,654.451
2288,4.598,654.132,654.452
2289,4.598,654.133,654.452
2290,4.598,654.133,654.453
2291,4.597,654.134,654.452
2292,4.597,654.135,654.453
2293,4.597,654.135,654.453
2294,4.597,654.136,654.454
2295,4.597,654.137,654.453
2296,4.596,654.137,654.454
2297,4.596,654.138,654.454
2298,4.596,654.139,654.455
2299,4.596,654.139,654.454
2300,4.595,654.140,654.455
2301,4.595,654.141,654.456
2302,4.595,654.142,654.455
2303,4.595,654.142,654.456
2304,4.595,654.143,654.456
2305,4.594,654.144,654.457
2306,4.594,654.144,654.457
2307,4.594,654.145,654.458
2308,4.594,654.145,654.457
2309,4.594,654.146,654.458
2310,4.593,654.147,654.458
2311,4.593,654.147,654.459
2312,4.593,654.148,654.458
2313,4.593,654.148,654.459
2314,4.593,654.149,654.459
2315,4.592,654.150,654.460
2316,4.592,654.150,654.459
2317,4.592,654.151,654.460
2318,4.592,654.152,654.460
2319,4.592,654.152,654.461
2320,4.591,654.153,654.460
2321,4.591,654.153,654.461
2322,4.591,654.154,654.461
2323,4.591,654.155,654.462
2324,4.591,654.155,654.461
2325,4.591,654.156,654.462
2326,4.590,654.156,654.462
2327,4.590,654.157,654.463
2328,4.590,654.158,654.462
2329,4.590,654.158,654.463
2330,4.590,654.159,654.463
2331,4.589,654.159,654.464
2332,4.589,654.160,654.463
2333,4.589,654.161,654.464
2334,4.589,654.161,654.464
2335,4.589,654.162,654.464
2336,4.588,654.163,654.465
2337,4.588,654.163,654.465
2338,4.588,654.164,654.466
2339,4.588,654.165,654.465
2340,4.588,654.165,654.466
2341,4.587,654.166,654.466
2342,4.587,654.166,654.467
2343,4.587,654.167,654.466
2344,4.587,654.168,654.467
2345,4.587,654.168,654.467
2346,4.586,654.169,654.468
2347,4.586,654.169,654.467
2348,4.586,654.170,654.468
2349,4.586,654.170,654.468
2350,4.586,654.171,654.469
2351,4.585,654.172,654.468
2352,4.585,654.172,654.469
2353,4.585,654.173,654.469
2354,4.585,654.173,654.470
2355,4.585,654.174,654.469
2356,4.585,654.174,654.470
2357,4.584,654.175,654.470
2358,4.584,654.175,654.471
2359,4.584,654.176,654.470
2360,4.584,654.177,654.471
2361,4.584,654.177,654.471
2362,4.583,654.178,654.472
2363,4.583,654.178,654.471
2364,4.583,654.179,654.472
2365,4.583,654.179,654.472
2366,4.583,654.180,654.473
2367,4.582,654.181,654.473
2368,4.582,654.182,654.473
2369,4.582,654.182,654.474
2370,4.582,654.183,654.473
2371,4.582,654.183,654.474
2372,4.581,654.184,654.474
2373,4.581,654.184,654.475
2374,4.581,654.185,654.474
2375,4.581,654.185,654.475
2376,4.581,654.186,654.475
2377,4.581,654.187,654.476
2378,4.580,654.187,654.475
2379,4.580,654.188,654.476
2380,4.580,654.188,654.475
2381,4.580,654.189,654.476
2382,4.580,654.189,654.476
2383,4.579,654.190,654.477
2384,4.579,654.190,654.476
2385,4.579,654.191,654.477
2386,4.579,654.191,654.477
2387,4.579,654.192,654.478
2388,4.579,654.192,654.477
2389,4.578,654.193,654.478
2390,4.578,654.193,654.478
2391,4.578,654.194,654.479
2392,4.578,654.195,654.478
2393,4.578,654.195,654.479
2394,4.577,654.196,654.479
2395,4.577,654.196,654.480
2396,4.577,654.197,654.480
2397,4.577,654.198,654.480
2398,4.577,654.198,654.481
2399,4.576,654.199,654.480
2400,4.576,654.199,654.481
2401,4.576,654.200,654.480
2402,4.576,654.200,654.481
2403,4.576,654.201,654.481
2404,4.576,654.201,654.482
2405,4.575,654.202,654.481
2406,4.575,654.202,654.482
2407,4.575,654.203,654.482
2408,4.575,654.203,654.483
2409,4.575,654.204,654.482
2410,4.574,654.204,654.483
2411,4.574,654.205,654.483
2412,4.574,654.205,654.484
2413,4.574,654.206,654.483
2414,4.574,654.206,654.484
2415,4.574,654.207,654.484
2416,4.573,654.207,654.485
2417,4.573,654.208,654.484
2418,4.573,654.208,654.485
2419,4.573,654.209,654.484
2420,4.573,654.209,654.485
2421,4.573,654.210,654.485
2422,4.572,654.210,654.486
2423,4.572,654.211,654.485
2424,4.572,654.212,654.486
2425,4.572,654.212,654.487
2426,4.572,654.213,654.486
2427,4.571,654.213,654.487
2428,4.571,654.214,654.487
2429,4.571,654.214,654.488
2430,4.571,654.215,654.487
2431,4.571,654.215,654.488
2432,4.571,654.216,654.487
2433,4.570,654.216,654.488
2434,4.570,654.217,654.488
2435,4.570,654.217,654.489
2436,4.570,654.218,654.488
2437,4.570,654.218,654.489
2438,4.569,654.219,654.489
2439,4.569,654.219,654.490
2440,4.569,654.220,654.489
2441,4.569,654.220,654.490
2442,4.569,654.221,654.490
2443,4.569,654.221,654.490
2444,4.568,654.222,654.490
2445,4.568,654.222,654.491
2446,4.568,654.223,654.490
2447,4.568,654.223,654.491
2448,4.568,654.224,654.491
2449,4.568,654.224,654.492
2450,4.567,654.225,654.491
2451,4.567,654.225,654.492
2452,4.567,654.226,654.493
2453,4.567,654.226,654.492
2454,4.567,654.227,654.493
2455,4.567,654.227,654.492
2456,4.566,654.228,654.493
2457,4.566,654.228,654.493
2458,4.566,654.229,654.494
2459,4.566,654.229,654.493
2460,4.566,654.230,654.494
2461,4.565,654.230,654.494
2462,4.565,654.231,654.495
2463,4.565,654.231,654.494
2464,4.565,654.232,654.495
2465,4.565,654.232,654.494
2466,4.565,654.232,654.495
2467,4.564,654.233,654.495
2468,4.564,654.233,654.496
2469,4.564,654.234,654.495
2470,4.564,654.234,654.496
2471,4.564,654.235,654.496
2472,4.564,654.235,654.496
2473,4.563,654.236,654.496
2474,4.563,654.236,654.497
2475,4.563,654.237,654.496
2476,4.563,654.237,654.497
2477,4.563,654.238,654.498
2478,4.563,654.238,654.497
2479,4.562,654.239,654.498
2480,4.562,654.239,654.498
2481,4.562,654.240,654.498
2482,4.562,654.240,654.498
2483,4.562,654.241,654.499
2484,4.562,654.241,654.498
2485,4.561,654.242,654.499
2486,4.561,654.242,654.499
2487,4.561,654.242,654.500
2488,4.561,654.243,654.499
2489,4.561,654.243,654.500
2490,4.561,654.244,654.499
2491,4.560,654.244,654.500
2492,4.560,654.245,654.500
2493,4.560,654.245,654.501
2494,4.560,654.245,654.500
2495,4.560,654.246,654.501
2496,4.560,654.246,654.501
2497,4.559,654.247,654.501
2498,4.559,654.247,654.501
2499,4.559,654.248,654.502
2500,4.559,654.248,654.501
2501,4.559,654.249,654.502
2502,4.559,654.249,654.503
2503,4.558,654.250,654.502
2504,4.558,654.250,654.503
2505,4.558,654.251,654.502
2506,4.558,654.251,654.503
2507,4.558,654.252,654.503
2508,4.558,654.252,654.504
2509,4.557,654.252,654.503
2510,4.557,654.253,654.504
2511,4.557,654.253,654.504
2512,4.557,654.254,654.504
2513,4.557,654.254,654.504
2514,4.557,654.255,654.505
2515,4.556,654.255,654.504
2516,4.556,654.255,654.505
2517,4.556,654.256,654.505
2518,4.556,654.256,654.506
2519,4.556,654.257,654.505
2520,4.556,654.257,654.506
2521,4.555,654.257,654.505
2522,4.555,654.258,654.506
2523,4.555,654.258,654.506
2524,4.555,654.259,654.507
2525,4.555,654.260,654.507
2526,4.555,654.260,654.506
2527,4.554,654.260,654.507
2528,4.554,654.261,654.507
2529,4.554,654.261,654.508
2530,4.554,654.262,654.507
2531,4.554,654.262,654.508
2532,4.554,654.262,654.508
2533,4.553,654.263,654.508
2534,4.553,654.263,654.508
2535,4.553,654.264,654.509
2536,4.553,654.264,654.508
2537,4.553,654.264,654.509
2538,4.553,654.265,654.509
2539,4.552,654.265,654.509
2540,4.552,654.266,654.509
2541,4.552,654.266,654.510
2542,4.552,654.266,654.509
2543,4.552,654.267,654.510
2544,4.552,654.267,654.510
2545,4.552,654.268,654.510
2546,4.551,654.268,654.510
2547,4.551,654.268,654.511
2548,4.551,654.269,654.511
2549,4.551,654.270,654.511
2550,4.551,654.270,654.512
2551,4.551,654.270,654.511
2552,4.550,654.271,654.512
2553,4.550,654.271,654.511
2554,4.550,654.272,654.512
2555,4.550,654.272,654.512
2556,4.550,654.272,654.513
2557,4.550,654.273,654.512
2558,4.549,654.273,654.513
2559,4.549,654.274,654.512
2560,4.549,654.274,654.513
2561,4.549,654.274,654.513
2562,4.549,654.275,654.514
2563,4.549,654.275,654.513
2564,4.549,654.276,654.514
2565,4.548,654.276,654.513
2566,4.548,654.276,654.514
2567,4.548,654.277,654.514
2568,4.548,654.277,654.515
2569,4.548,654.278,654.514
2570,4.548,654.278,654.514
2571,4.547,654.279,654.515
2572,4.547,654.279,654.515
2573,4.547,654.279,654.516
2574,4.547,654.280,654.515
2575,4.547,654.280,654.516
2576,4.547,654.281,654.515
2577,4.546,654.281,654.516
2578,4.546,654.281,654.516
2579,4.546,654.282,654.517
2580,4.546,654.282,654.516
2581,4.546,654.282,654.517
2582,4.546,654.283,654.516
2583,4.546,654.283,654.517
2584,4.545,654.284,654.517
2585,4.545,654.284,654.517
2586,4.545,654.284,654.517
2587,4.545,654.285,654.518
2588,4.545,654.285,654.517
2589,4.545,654.285,654.518
2590,4.544,654.286,654.518
2591,4.544,654.286,654.518
2592,4.544,654.287,654.519
2593,4.544,654.287,654.518
2594,4.544,654.288,654.519
2595,4.544,654.288,654.519
2596,4.544,654.288,654.519
2597,4.543,654.289,654.519
2598,4.543,654.289,654.520
2599,4.543,654.290,654.519
2600,4.543,654.290,654.520
2601,4.543,654.290,654.520
2602,4.543,654.291,654.520
2603,4.542,654.291,654.520
2604,4.542,654.291,654.521
2605,4.542,654.292,654.520
2606,4.542,654.292,654.521
2607,4.542,654.292,654.521
2608,4.542,654.293,654.521
2609,4.542,654.293,654.521
2610,4.541,654.293,654.522
2611,4.541,654.294,654.521
2612,4.541,654.294,654.522
2613,4.541,654.295,654.522
2614,4.541,654.295,654.522
2615,4.541,654.296,654.523
2616,4.541,654.296,654.522
2617,4.540,654.296,654.523
2618,4.540,654.297,654.522
2619,4.540,654.297,654.523
2620,4.540,654.297,654.523
2621,4.540,654.298,654.523
2622,4.540,654.298,654.523
2623,4.539,654.298,654.524
2624,4.539,654.299,654.523
2625,4.539,654.299,654.524
2626,4.539,654.300,654.524
2627,4.539,654.300,654.524
2628,4.539,654.300,654.524
2629,4.539,654.301,654.525
2630,4.538,654.301,654.524
2631,4.538,654.301,654.525
2632,4.538,654.302,654.524
2633,4.538,654.302,654.525
2634,4.538,654.303,654.526
2635,4.538,654.303,654.525
2636,4.538,654.303,654.526
2637,4.537,654.304,654.525
2638,4.537,654.304,654.526
2639,4.537,654.304,654.526
2640,4.537,654.305,654.526
2641,4.537,654.305,654.526
2642,4.537,654.305,654.527
2643,4.537,654.306,654.526
2644,4.536,654.306,654.527
2645,4.536,654.306,654.527
2646,4.536,654.307,654.527
2647,4.536,654.307,654.527
2648,4.536,654.307,654.528
2649,4.536,654.308,654.527
2650,4.535,654.308,654.528
2651,4.535,654.308,654.527
2652,4.535,654.309,654.528
2653,4.535,654.309,654.528
2654,4.535,654.310,654.528
2655,4.535,654.310,654.529
2656,4.535,654.310,654.528
2657,4.534,654.311,654.529
2658,4.534,654.311,654.529
2659,4.534,654.311,654.529
2660,4.534,654.312,654.529
2661,4.534,654.312,654.530
2662,4.534,654.312,654.529
2663,4.534,654.313,654.530
2664,4.533,654.313,654.529
2665,4.533,654.313,654.530
2666,4.533,654.314,654.530
2667,4.533,654.314,654.530
2668,4.533,654.314,654.530
2669,4.533,654.315,654.531
2670,4.533,654.315,654.530
2671,4.532,654.315,654.531
2672,4.532,654.316,654.531
2673,4.532,654.316,654.531
2674,4.532,654.317,654.532
2675,4.532,654.317,654.531
2676,4.532,654.317,654.532
2677,4.532,654.318,654.531
2678,4.531,654.318,654.532
2679,4.531,654.318,654.532
2680,4.531,654.319,654.532
2681,4.531,654.319,654.532
2682,4.531,654.319,654.533
2683,4.531,654.320,654.532
2684,4.531,654.320,654.533
2685,4.530,654.320,654.533
2686,4.530,654.321,654.533
2687,4.530,654.321,654.533
2688,4.530,654.321,654.534
2689,4.530,654.321,654.533
2690,4.530,654.322,654.534
2691,4.530,654.322,654.533
2692,4.529,654.323,654.534
2693,4.529,654.323,654.534
2694,4.529,654.323,654.534
2695,4.529,654.324,654.535
2696,4.529,654.324,654.534
2697,4.529,654.324,654.535
2698,4.529,654.325,654.534
2699,4.528,654.325,654.535
2700,4.528,654.325,654.535
2701,4.528,654.326,654.535
2702,4.528,654.326,654.535
2703,4.528,654.326,654.536
2704,4.528,654.326,654.535
2705,4.528,654.327,654.536
2706,4.527,654.327,654.536
2707,4.527,654.327,654.536
2708,4.527,654.328,654.536
2709,4.527,654.328,654.537
2710,4.527,654.328,654.536
2711,4.527,654.329,654.536
2712,4.527,654.329,654.537
2713,4.526,654.330,654.537
2714,4.526,654.330,654.537
2715,4.526,654.330,654.537
2716,4.526,654.330,654.538
2717,4.526,654.331,654.537
2718,4.526,654.331,654.538
2719,4.526,654.331,654.537
2720,4.526,654.332,654.538
2721,4.525,654.332,654.538
2722,4.525,654.332,654.538
2723,4.525,654.333,654.538
2724,4.525,654.333,654.539
2725,4.525,654.333,654.538
2726,4.525,654.333,654.539
2727,4.525,654.334,654.538
2728,4.524,654.334,654.539
2729,4.524,654.334,654.539
2730,4.524,654.335,654.539
2731,4.524,654.335,654.540
2732,4.524,654.336,654.539
2733,4.524,654.336,654.540
2734,4.524,654.336,654.539
2735,4.523,654.336,654.540
2736,4.523,654.337,654.540
2737,4.523,654.337,654.540
2738,4.523,654.337,654.540
2739,4.523,654.338,654.541
2740,4.523,654.338,654.540
2741,4.523,654.338,654.541
2742,4.523,654.338,654.540
2743,4.522,654.339,654.541
2744,4.522,654.339,654.541
2745,4.522,654.339,654.541
2746,4.522,654.340,654.541
2747,4.522,654.340,654.542
2748,4.522,654.340,654.542
2749,4.522,654.341,654.541
2750,4.521,654.341,654.542
2751,4.521,654.341,654.542
2752,4.521,654.342,654.542
2753,4.521,654.342,654.542
2754,4.521,654.342,654.543
2755,4.521,654.342,654.542
2756,4.521,654.343,654.543
2757,4.520,654.343,654.542
2758,4.520,654.343,654.543
2759,4.520,654.344,654.543
2760,4.520,654.344,654.543
2761,4.520,654.344,654.543
2762,4.520,654.344,654.544
2763,4.520,654.345,654.543
2764,4.520,654.345,654.544
2765,4.519,654.345,654.543
2766,4.519,654.346,654.544
2767,4.519,654.346,654.544
2768,4.519,654.346,654.544
2769,4.519,654.347,654.545
2770,4.519,654.347,654.544
2771,4.519,654.347,654.545
2772,4.518,654.348,654.544
2773,4.518,654.348,654.545
2774,4.518,654.348,654.545
2775,4.518,654.348,654.545
2776,4.518,654.349,654.545
2777,4.518,654.349,654.546
2778,4.518,654.349,654.545
2779,4.518,654.349,654.546
2780,4.517,654.350,654.545
2781,4.517,654.350,654.546
2782,4.517,654.350,654.546
2783,4.517,654.351,654.546
2784,4.517,654.351,654.547
2785,4.517,654.351,654.546
2786,4.517,654.352,654.547
2787,4.516,654.352,654.546
2788,4.516,654.352,654.547
2789,4.516,654.352,654.547
2790,4.516,654.353,654.547
2791,4.516,654.353,654.547
2792,4.516,654.353,654.547
2793,4.516,654.354,654.547
2794,4.516,654.354,654.548
2795,4.515,654.354,654.547
2796,4.515,654.354,654.548
2797,4.515,654.355,654.547
2798,4.515,654.355,654.548
2799,4.515,654.355,654.548
2800,4.515,654.356,654.548
2801,4.515,654.356,654.549
2802,4.515,654.356,654.548
2803,4.514,654.356,654.549
2804,4.514,654.357,654.548
2805,4.514,654.357,654.549
2806,4.514,654.357,654.549
2807,4.514,654.358,654.549
2808,4.514,654.358,654.549
2809,4.514,654.358,654.550
2810,4.513,654.358,654.549
2811,4.513,654.359,654.550
2812,4.513,654.359,654.549
2813,4.513,654.359,654.550
2814,4.513,654.359,654.550
2815,4.513,654.360,654.550
2816,4.513,654.360,654.550
2817,4.513,654.360,654.550
2818,4.512,654.361,654.551
2819,4.512,654.361,654.550
2820,4.512,654.361,654.551
2821,4.512,654.361,654.550
2822,4.512,654.362,654.551
2823,4.512,654.362,654.551
2824,4.512,654.362,654.551
2825,4.512,654.362,654.551
2826,4.511,654.363,654.552
2827,4.511,654.363,654.551
2828,4.511,654.363,654.552
2829,4.511,654.364,654.551
2830,4.511,654.364,654.552
2831,4.511,654.364,654.552
2832,4.511,654.364,654.552
2833,4.511,654.365,654.552
2834,4.510,654.365,654.552
2835,4.510,654.365,654.553
2836,4.510,654.366,654.552
2837,4.510,654.366,654.553
2838,4.510,654.366,654.552
2839,4.510,654.366,654.553
2840,4.510,654.367,654.553
2841,4.510,654.367,654.553
2842,4.509,654.367,654.553
2843,4.509,654.367,654.554
2844,4.509,654.368,654.553
2845,4.509,654.368,654.554
2846,4.509,654.368,654.553
2847,4.509,654.368,654.554
2848,4.509,654.369,654.554
2849,4.509,654.369,654.554
2850,4.508,654.369,654.554
2851,4.508,654.370,654.554
2852,4.508,654.370,654.555
2853,4.508,654.370,654.554
2854,4.508,654.370,654.555
2855,4.508,654.371,654.554
2856,4.508,654.371,654.555
2857,4.508,654.371,654.555
2858,4.507,654.371,654.555
2859,4.507,654.372,654.555
2860,4.507,654.372,654.555
2861,4.507,654.372,654.555
2862,4.507,654.372,654.556
2863,4.507,654.372,654.555
2864,4.507,654.373,654.556
2865,4.507,654.373,654.555
2866,4.506,654.373,654.556
2867,4.506,654.374,654.556
2868,4.506,654.374,654.556
2869,4.506,654.374,654.556
2870,4.506,654.374,654.556
2871,4.506,654.375,654.557
2872,4.506,654.375,654.556
2873,4.506,654.375,654.557
2874,4.505,654.375,654.557
2875,4.505,654.376,654.557
2876,4.505,654.376,654.557
2877,4.505,654.376,654.557
2878,4.505,654.376,654.557
2879,4.505,654.377,654.558
2880,4.505,654.377,654.557
2881,4.505,654.377,654.558
2882,4.504,654.377,654.557
2883,4.504,654.378,654.558
2884,4.504,654.378,654.558
2885,4.504,654.378,654.558
2886,4.504,654.378,654.558
2887,4.504,654.379,654.558
2888,4.504,654.379,654.559
2889,4.504,654.379,654.558
2890,4.503,654.379,654.559
2891,4.503,654.380,654.558
2892,4.503,654.380,654.559
2893,4.503,654.380,654.559
2894,4.503,654.380,654.559
2895,4.503,654.381,654.559
2896,4.503,654.381,654.559
2897,4.503,654.381,654.559
2898,4.502,654.381,654.560
2899,4.502,654.382,654.560
2900,4.502,654.382,654.559
2901,4.502,654.382,654.560
2902,4.502,654.382,654.560
2903,4.502,654.383,654.560
2904,4.502,654.383,654.560
2905,4.502,654.383,654.560
2906,4.502,654.383,654.560
2907,4.501,654.384,654.561
2908,4.501,654.384,654.560
2909,4.501,654.384,654.561
2910,4.501,654.384,654.560
2911,4.501,654.384,654.561
2912,4.501,654.385,654.561
2913,4.501,654.385,654.561
2914,4.501,654.385,654.561
2915,4.500,654.386,654.561
2916,4.500,654.386,654.562
2917,4.500,654.386,654.561
2918,4.500,654.386,654.562
2919,4.500,654.386,654.561
2920,4.500,654.387,654.562
2921,4.500,654.387,654.562
2922,4.500,654.387,654.562
2923,4.499,654.387,654.562
2924,4.499,654.388,654.562
2925,4.499,654.388,654.562
2926,4.499,654.388,654.563
2927,4.499,654.388,654.562
2928,4.499,654.388,654.563
2929,4.499,654.389,654.562
2930,4.499,654.389,654.562
2931,4.499,654.389,654.563
2932,4.498,654.390,654.563
2933,4.498,654.390,654.563
2934,4.498,654.390,654.563
2935,4.498,654.390,654.563
2936,4.498,654.390,654.563
2937,4.498,654.391,654.564
2938,4.498,654.391,654.563
2939,4.498,654.391,654.564
2940,4.497,654.391,654.563
2941,4.497,654.392,654.564
2942,4.497,654.392,654.564
2943,4.497,654.392,654.564
2944,4.497,654.392,654.564
2945,4.497,654.393,654.564
2946,4.497,654.393,654.565
2947,4.497,654.393,654.564
2948,4.497,654.393,654.565
2949,4.496,654.394,654.564
2950,4.496,654.394,654.565
2951,4.496,654.394,654.565
2952,4.496,654.394,654.565
2953,4.496,654.394,654.565
2954,4.496,654.395,654.565
2955,4.496,654.395,654.565
2956,4.496,654.395,654.566
2957,4.495,654.395,654.565
2958,4.495,654.395,654.566
2959,4.495,654.396,654.565
2960,4.495,654.396,654.566
2961,4.495,654.396,654.566
2962,4.495,654.397,654.566
2963,4.495,654.397,654.566
2964,4.495,654.397,654.566
2965,4.495,654.397,654.566
2966,4.494,654.397,654.566
2967,4.494,654.398,654.567
2968,4.494,654.398,654.566
2969,4.494,654.398,654.567
2970,4.494,654.398,654.566
2971,4.494,654.398,654.567
2972,4.494,654.399,654.567
2973,4.494,654.399,654.567
2974,4.494,654.399,654.567
2975,4.493,654.399,654.567
2976,4.493,654.400,654.568
2977,4.493,654.400,654.567
2978,4.493,654.400,654.568
2979,4.493,654.400,654.567
2980,4.493,654.400,654.568
2981,4.493,654.401,654.568
2982,4.493,654.401,654.568
2983,4.492,654.401,654.568
2984,4.492,654.401,654.568
2985,4.492,654.401,654.568
2986,4.492,654.402,654.568
2987,4.492,654.402,654.568
2988,4.492,654.402,654.569
2989,4.492,654.402,654.568
2990,4.492,654.403,654.569
2991,4.492,654.403,654.569
2992,4.491,654.403,654.569
2993,4.491,654.403,654.569
2994,4.491,654.404,654.569
2995,4.491,654.404,654.569
2996,4.491,654.404,654.569
2997,4.491,654.404,654.569
2998,4.491,654.404,654.569
2999,4.491,654.405,654.570
3000,4.491,654.405,654.569
3001,4.491,654.405,654.569
3002,4.491,654.405,654.569
3003,4.491,654.405,654.569
3004,4.491,654.405,654.569
3005,4.491,654.405,654.569
3006,4.491,654.405,654.569
3007,4.491,654.405,654.569
3008,4.491,654.405,654.569
3009,4.491,654.405,654.569
3010,4.491,654.405,654.569
3011,4.491,654.405,654.569
3012,4.491,654.405,654.569
3013,4.491,654.405,654.569
3014,4.491,654.405,654.569
3015,4.491,654.405,654.569
3016,4.491,654.405,654.569
3017,4.491,654.405,654.569
3018,4.491,654.405,654.569
3019,4.491,654.405,654.569
3020,4.491,654.405,654.569
3021,4.491,654.405,654.569
3022,4.491,654.405,654.569
3023,4.491,654.405,654.569
3024,4.491,654.405,654.569
3025,4.491,654.405,654.569
3026,4.491,654.405,654.569
3027,4.491,654.405,654.569
3028,4.491,654.405,654.569
3029,4.491,654.405,654.569
3030,4.491,654.405,654.569
3031,4.491,654.405,654.569
3032,4.491,654.405,654.569
3033,4.491,654.405,654.569
3034,4.491,654.405,654.569
3035,4.491,654.405,654.569
3036,4.491,654.405,654.569
3037,4.491,654.405,654.569
3038,4.491,654.405,654.569
3039,4.491,654.405,654.569
3040,4.491,654.405,654.569
3041,4.491,654.405,654.569
3042,4.491,654.405,654.569
3043,4.491,654.405,654.569
3044,4.491,654.405,654.569
3045,4.491,654.405,654.569
3046,4.491,654.405,654.569
3047,4.491,654.405,654.569
3048,4.491,654.405,654.569
3049,4.491,654.405,654.569
3050,4.491,654.405,654.569
3051,4.491,654.405,654.569
3052,4.491,654.405,654.569
3053,4.491,654.405,654.569
3054,4.491,654.405,654.569
3055,4.491,654.405,654.569
3056,4.491,654.405,654.569
3057,4.491,654.405,654.569
3058,4.491,654.405,654.569
3059,4.491,654.405,654.569
3060,4.491,654.405,654.569
3061,4.491,654.405,654.569
3062,4.491,654.405,654.569
3063,4.491,654.405,654.569
3064,4.491,654.405,654.569
3065,4.491,654.405,654.569
3066,4.491,654.405,654.569
3067,4.491,654.405,654.569
3068,4.491,654.405,654.569
3069,4.491,654.405,654.569
3070,4.491,654.405,654.569
3071,4.491,654.405,654.569
3072,4.491,654.405,654.569
3073,4.491,654.405,654.569
3074,4.491,654.405,654.569
3075,4.491,654.405,654.569
3076,4.491,654.405,654.569
3077,4.491,654.405,654.569
3078,4.491,654.405,654.569
3079,4.491,654.405,654.569
3080,4.491,654.405,654.569
3081,4.491,654.405,654.569
3082,4.491,654.405,654.569
3083,4.491,654.405,654.569
3084,4.491,654.405,654.569
3085,4.491,654.405,654.569
3086,4.491,654.405,654.569
3087,4.491,654.405,654.569
3088,4.491,654.405,654.569
3089,4.491,654.405,654.569
3090,4.491,654.405,654.569
3091,4.491,654.405,654.569
3092,4.491,654.405,654.569
3093,4.491,654.405,654.569
3094,4.491,654.405,654.569
3095,4.491,654.405,654.569
3096,4.491,654.405,654.569
3097,4.491,654.405,654.569
3098,4.491,654.405,654.569
3099,4.491,654.405,654.569
3100,4.491,654.405,654.569
3101,4.491,654.405,654.569
3102,4.491,654.405,654.569
3103,4.491,654.405,654.569
3104,4.491,654.405,654.569
3105,4.491,654.405,654.569
3106,4.491,654.405,654.569
3107,4.491,654.405,654.569
3108,4.491,654.405,654.569
3109,4.491,654.405,654.569
3110,4.491,654.405,654.569
3111,4.491,654.405,654.569
3112,4.491,654.405,654.569
3113,4.491,654.405,654.569
3114,4.491,654.405,654.569
3115,4.491,654.405,654.569
3116,4.491,654.405,654.569
3117,4.491,654.405,654.569
3118,4.491,654.405,654.569
3119,4.491,654.405,654.569
3120,4.491,654.405,654.569
3121,4.491,654.405,654.569
3122,4.491,654.405,654.569
3123,4.491,654.405,654.569
3124,4.491,654.405,654.569
3125,4.491,654.405,654.569
3126,4.491,654.405,654.569
3127,4.491,654.405,654.569
3128,4.491,654.405,654.569
3129,4.491,654.405,654.569
3130,4.491,654.405,654.569
3131,4.491,654.405,654.569
3132,4.491,654.405,654.569
3133,4.491,654.405,654.569
3134,4.491,654.405,654.569
3135,4.491,654.405,654.569
3136,4.491,654.405,654.569
3137,4.491,654.405,654.569
3138,4.491,654.405,654.569
3139,4.491,654.405,654.569
3140,4.491,654.405,654.569
3141,4.491,654.405,654.569
3142,4.491,654.405,654.569
3143,4.491,654.405,654.569
3144,4.491,654.405,654.569
3145,4.491,654.405,654.569
3146,4.491,654.405,654.569
3147,4.491,654.405,654.569
3148,4.491,654.405,654.569
3149,4.491,654.405,654.569
3150,4.491,654.405,654.569
3151,4.491,654.405,654.569
3152,4.491,654.405,654.569
3153,4.491,654.405,654.569
3154,4.491,654.405,654.569
3155,4.491,654.405,654.569
3156,4.491,654.405,654.569
3157,4.491,654.405,654.569
3158,4.491,654.405,654.569
3159,4.491,654.405,654.569
3160,4.491,654.405,654.569
3161,4.491,654.405,654.569
3162,4.491,654.405,654.569
3163,4.491,654.405,654.569
3164,4.491,654.405,654.569
3165,4.491,654.405,654.569
3166,4.491,654.405,654.569
3167,4.491,654.405,654.569
3168,4.491,654.405,654.569
3169,4.491,654.405,654.569
3170,4.491,654.405,654.569
3171,4.491,654.405,654.569
3172,4.491,654.405,654.569
3173,4.491,654.405,654.569
3174,4.491,654.405,654.569
3175,4.491,654.405,654.569
3176,4.491,654.405,654.569
3177,4.491,654.405,654.569
3178,4.491,654.405,654.569
3179,4.491,654.405,654.569
3180,4.491,654.405,654.569
3181,4.491,654.405,654.569
3182,4.491,654.405,654.569
3183,4.491,654.405,654.569
3184,4.491,654.405,654.569
3185,4.491,654.405,654.569
3186,4.491,654.405,654.569
3187,4.491,654.405,654.569
3188,4.491,654.405,654.569
3189,4.491,654.405,654.569
3190,4.491,654.405,654.569
3191,4.491,654.405,654.569
3192,4.491,654.405,654.569
3193,4.491,654.405,654.569
3194,4.491,654.405,654.569
3195,4.491,654.405,654.569
3196,4.491,654.405,654.569
3197,4.491,654.405,654.569
3198,4.491,654.405,654.569
3199,4.491,654.405,654.569
3200,4.491,654.405,654.569
3201,4.491,654.405,654.569
3202,4.491,654.405,654.569
3203,4.491,654.405,654.569
3204,4.491,654.405,654.569
3205,4.491,654.405,654.569
3206,4.491,654.405,654.569
3207,4.491,654.405,654.569
3208,4.491,654.405,654.569
3209,4.491,654.405,654.569
3210,4.491,654.405,654.569
3211,4.491,654.405,654.569
3212,4.491,654.405,654.569
3213,4.491,654.405,654.569
3214,4.491,654.405,654.569
3215,4.491,654.405,654.569
3216,4.491,654.405,654.569
3217,4.491,654.405,654.569
3218,4.491,654.405,654.569
3219,4.491,654.405,654.569
3220,4.491,654.405,654.569
3221,4.491,654.405,654.569
3222,4.491,654.405,654.569
3223,4.491,654.405,654.569
3224,4.491,654.405,654.569
3225,4.491,654.405,654.569
3226,4.491,654.405,654.569
3227,4.491,654.405,654.569
3228,4.491,654.405,654.569
3229,4.491,654.405,654.569
3230,4.491,654.405,654.569
3231,4.491,654.405,654.569
3232,4.491,654.405,654.569
3233,4.491,654.405,654.569
3234,4.491,654.405,654.569
3235,4.491,654.405,654.569
3236,4.491,654.405,654.569
3237,4.491,654.405,654.569
3238,4.491,654.405,654.569
3239,4.491,654.405,654.569
3240,4.491,654.405,654.569
3241,4.491,654.405,654.569
3242,4.491,654.405,654.569
3243,4.491,654.405,654.569
3244,4.491,654.405,654.569
3245,4.491,654.405,654.569
3246,4.491,654.405,654.569
3247,4.491,654.405,654.569
3248,4.491,654.405,654.569
3249,4.491,654.405,654.569
3250,4.491,654.405,654.569
3251,4.491,654.405,654.569
3252,4.491,654.405,654.569
3253,4.491,654.405,654.569
3254,4.491,654.405,654.569
3255,4.491,654.405,654.569
3256,4.491,654.405,654.569
3257,4.491,654.405,654.569
3258,4.491,654.405,654.569
3259,4.491,654.405,654.569
3260,4.491,654.405,654.569
3261,4.491,654.405,654.569
3262,4.491,654.405,654.569
3263,4.491,654.405,654.569
3264,4.491,654.405,654.569
3265,4.491,654.405,654.569
3266,4.491,654.405,654.569
3267,4.491,654.405,654.569
3268,4.491,654.405,654.569
3269,4.491,654.405,654.569
3270,4.491,654.405,654.569
3271,4.491,654.405,654.569
3272,4.491,654.405,654.569
3273,4.491,654.405,654.569
3274,4.491,654.405,654.569
3275,4.491,654.405,654.569
3276,4.491,654.405,654.569
3277,4.491,654.405,654.569
3278,4.491,654.405,654.569
3279,4.491,654.405,654.569
3280,4.491,654.405,654.569
3281,4.491,654.405,654.569
3282,4.491,654.405,654.569
3283,4.491,654.405,654.569
3284,4.491,654.405,654.569
3285,4.491,654.405,654.569
3286,4.491,654.405,654.569
3287,4.491,654.405,654.569
3288,4.491,654.405,654.569
3289,4.491,654.405,654.569
3290,4.491,654.405,654.569
3291,4.491,654.405,654.569
3292,4.491,654.405,654.569
3293,4.491,654.405,654.569
3294,4.491,654.405,654.569
3295,4.491,654.405,654.569
3296,4.491,654.405,654.569
3297,4.491,654.405,654.569
3298,4.491,654.405,654.569
3299,4.491,654.405,654.569
3300,4.491,654.405,654.569
3301,4.491,654.405,654.569
3302,4.491,654.405,654.569
3303,4.491,654.405,654.569
3304,4.491,654.405,654.569
3305,4.491,654.405,654.569
3306,4.491,654.405,654.569
3307,4.491,654.405,654.569
3308,4.491,654.405,654.569
3309,4.491,654.405,654.569
3310,4.491,654.405,654.569
3311,4.491,654.405,654.569
3312,4.491,654.405,654.569
3313,4.491,654.405,654.569
3314,4.491,654.405,654.569
3315,4.491,654.405,654.569
3316,4.491,654.405,654.569
3317,4.491,654.405,654.569
3318,4.491,654.405,654.569
3319,4.491,654.405,654.569
3320,4.491,654.405,654.569
3321,4.491,654.405,654.569
3322,4.491,654.405,654.569
3323,4.491,654.405,654.569
3324,4.491,654.405,654.569
3325,4.491,654.405,654.569
3326,4.491,654.405,654.569
3327,4.491,654.405,654.569
3328,4.491,654.405,654.569
3329,4.491,654.405,654.569
3330,4.491,654.405,654.569
3331,4.491,654.405,654.569
3332,4.491,654.405,654.569
3333,4.491,654.405,654.569
3334,4.491,654.405,654.569
3335,4.491,654.405,654.569
3336,4.491,654.405,654.569
3337,4.491,654.405,654.569
3338,4.491,654.405,654.569
3339,4.491,654.405,654.569
3340,4.491,654.405,654.569
3341,4.491,654.405,654.569
3342,4.491,654.405,654.569
3343,4.491,654.405,654.569
3344,4.491,654.405,654.569
3345,4.491,654.405,654.569
3346,4.491,654.405,654.569
3347,4.491,654.405,654.569
3348,4.491,654.405,654.569
3349,4.491,654.405,654.569
3350,4.491,654.405,654.569
3351,4.491,654.405,654.569
3352,4.491,654.405,654.569
3353,4.491,654.405,654.569
3354,4.491,654.405,654.569
3355,4.491,654.405,654.569
3356,4.491,654.405,654.569
3357,4.491,654.405,654.569
3358,4.491,654.405,654.569
3359,4.491,654.405,654.569
3360,4.491,654.405,654.569
3361,4.491,654.405,654.569
3362,4.491,654.405,654.569
3363,4.491,654.405,654.569
3364,4.491,654.405,654.569
3365,4.491,654.405,654.569
3366,4.491,654.405,654.569
3367,4.491,654.405,654.569
3368,4.491,654.405,654.569
3369,4.491,654.405,654.569
3370,4.491,654.405,654.569
3371,4.491,654.405,654.569
3372,4.491,654.405,654.569
3373,4.491,654.405,654.569
3374,4.491,654.405,654.569
3375,4.491,654.405,654.569
3376,4.491,654.405,654.569
3377,4.491,654.405,654.569
3378,4.491,654.405,654.569
3379,4.491,654.405,654.569
3380,4.491,654.405,654.569
3381,4.491,654.405,654.569
3382,4.491,654.405,654.569
3383,4.491,654.405,654.569
3384,4.491,654.405,654.569
3385,4.491,654.405,654.569
3386,4.491,654.405,654.569
3387,4.491,654.405,654.569
3388,4.491,654.405,654.569
3389,4.491,654.405,654.569
3390,4.491,654.405,654.569
3391,4.491,654.405,654.569
3392,4.491,654.405,654.569
3393,4.491,654.405,654.569
3394,4.491,654.405,654.569
3395,4.491,654.405,654.569
3396,4.491,654.405,654.569
3397,4.491,654.405,654.569
3398,4.491,654.405,654.569
3399,4.491,654.405,654.569
3400,4.491,654.405,654.569
3401,4.491,654.405,654.569
3402,4.491,654.405,654.569
3403,4.491,654.405,654.569
3404,4.491,654.405,654.569
3405,4.491,654.405,654.569
3406,4.491,654.405,654.569
3407,4.491,654.405,654.569
3408,4.491,654.405,654.569
3409,4.491,654.405,654.569
3410,4.491,654.405,654.569
3411,4.491,654.405,654.569
3412,4.491,654.405,654.569
3413,4.491,654.405,654.569
3414,4.491,654.405,654.569
3415,4.491,654.405,654.569
3416,4.491,654.405,654.569
3417,4.491,654.405,654.569
3418,4.491,654.405,654.569
3419,4.491,654.405,654.569
3420,4.491,654.405,654.569
3421,4.491,654.405,654.569
3422,4.491,654.405,654.569
3423,4.491,654.405,654.569
3424,4.491,654.405,654.569
3425,4.491,654.405,654.569
3426,4.491,654.405,654.569
3427,4.491,654.405,654.569
3428,4.491,654.405,654.569
3429,4.491,654.405,654.569
3430,4.491,654.405,654.569
3431,4.491,654.405,654.569
3432,4.491,654.405,654.569
3433,4.491,654.405,654.569
3434,4.491,654.405,654.569
3435,4.491,654.405,654.569
3436,4.491,654.405,654.569
3437,4.491,654.405,654.569
3438,4.491,654.405,654.569
3439,4.491,654.405,654.569
3440,4.491,654.405,654.569
3441,4.491,654.405,654.569
3442,4.491,654.405,654.569
3443,4.491,654.405,654.569
3444,4.491,654.405,654.569
3445,4.491,654.405,654.569
3446,4.491,654.405,654.569
3447,4.491,654.405,654.569
3448,4.491,654.405,654.569
3449,4.491,654.405,654.569
3450,4.491,654.405,654.569
3451,4.491,654.405,654.569
3452,4.491,654.405,654.569
3453,4.491,654.405,654.569
3454,4.491,654.405,654.569
3455,4.491,654.405,654.569
3456,4.491,654.405,654.569
3457,4.491,654.405,654.569
3458,4.491,654.405,654.569
3459,4.491,654.405,654.569
3460,4.491,654.405,654.569
3461,4.491,654.405,654.569
3462,4.491,654.405,654.569
3463,4.491,654.405,654.569
3464,4.491,654.405,654.569
3465,4.491,654.405,654.569
3466,4.491,654.405,654.569
3467,4.491,654.405,654.569
3468,4.491,654.405,654.569
3469,4.491,654.405,654.569
3470,4.491,654.405,654.569
3471,4.491,654.405,654.569
3472,4.491,654.405,654.569
3473,4.491,654.405,654.569
3474,4.491,654.405,654.569
3475,4.491,654.405,654.569
3476,4.491,654.405,654.569
3477,4.491,654.405,654.569
3478,4.491,654.405,654.569
3479,4.491,654.405,654.569
3480,4.491,654.405,654.569
3481,4.491,654.405,654.569
3482,4.491,654.405,654.569
3483,4.491,654.405,654.569
3484,4.491,654.405,654.569
3485,4.491,654.405,654.569
3486,4.491,654.405,654.569
3487,4.491,654.405,654.569
3488,4.491,654.405,654.569
3489,4.491,654.405,654.569
3490,4.491,654.405,654.569
3491,4.491,654.405,654.569
3492,4.491,654.405,654.569
3493,4.491,654.405,654.569
3494,4.491,654.405,654.569
3495,4.491,654.405,654.569
3496,4.491,654.405,654.569
3497,4.491,654.405,654.569
3498,4.491,654.405,654.569
3499,4.491,654.405,654.569
3500,4.491,654.405,654.569
3501,4.491,654.405,654.569
3502,4.491,654.405,654.569
3503,4.491,654.405,654.569
3504,4.491,654.405,654.569
3505,4.491,654.405,654.569
3506,4.491,654.405,654.569
3507,4.491,654.405,654.569
3508,4.491,654.405,654.569
3509,4.491,654.405,654.569
3510,4.491,654.405,654.569
3511,4.491,654.405,654.569
3512,4.491,654.405,654.569
3513,4.491,654.405,654.569
3514,4.491,654.405,654.569
3515,4.491,654.405,654.569
3516,4.491,654.405,654.569
3517,4.491,654.405,654.569
3518,4.491,654.405,654.569
3519,4.491,654.405,654.569
3520,4.491,654.405,654.569
3521,4.491,654.405,654.569
3522,4.491,654.405,654.569
3523,4.491,654.405,654.569
3524,4.491,654.405,654.569
3525,4.491,654.405,654.569
3526,4.491,654.405,654.569
3527,4.491,654.405,654.569
3528,4.491,654.405,654.569
3529,4.491,654.405,654.569
3530,4.491,654.405,654.569
3531,4.491,654.405,654.569
3532,4.491,654.405,654.569
3533,4.491,654.405,654.569
3534,4.491,654.405,654.569
3535,4.491,654.405,654.569
3536,4.491,654.405,654.569
3537,4.491,654.405,654.569
3538,4.491,654.405,654.569
3539,4.491,654.405,654.569
3540,4.491,654.405,654.569
3541,4.491,654.405,654.569
3542,4.491,654.405,654.569
3543,4.491,654.405,654.569
3544,4.491,654.405,654.569
3545,4.491,654.405,654.569
3546,4.491,654.405,654.569
3547,4.491,654.405,654.569
3548,4.491,654.405,654.569
3549,4.491,654.405,654.569
3550,4.491,654.405,654.569
3551,4.491,654.405,654.569
3552,4.491,654.405,654.569
3553,4.491,654.405,654.569
3554,4.491,654.405,654.569
3555,4.491,654.405,654.569
3556,4.491,654.405,654.569
3557,4.491,654.405,654.569
3558,4.491,654.405,654.569
3559,4.491,654.405,654.569
3560,4.491,654.405,654.569
3561,4.491,654.405,654.569
3562,4.491,654.405,654.569
3563,4.491,654.405,654.569
3564,4.491,654.405,654.569
3565,4.491,654.405,654.569
3566,4.491,654.405,654.569
3567,4.491,654.405,654.569
3568,4.491,654.405,654.569
3569,4.491,654.405,654.569
3570,4.491,654.405,654.569
3571,4.491,654.405,654.569
3572,4.491,654.405,654.569
3573,4.491,654.405,654.569
3574,4.491,654.405,654.569
3575,4.491,654.405,654.569
3576,4.491,654.405,654.569
3577,4.491,654.405,654.569
3578,4.491,654.405,654.569
3579,4.491,654.405,654.569
3580,4.491,654.405,654.569
3581,4.491,654.405,654.569
3582,4.491,654.405,654.569
3583,4.491,654.405,654.569
3584,4.491,654.405,654.569
3585,4.491,654.405,654.569
3586,4.491,654.405,654.569
3587,4.491,654.405,654.569
3588,4.491,654.405,654.569
3589,4.491,654.405,654.569
3590,4.491,654.405,654.569
3591,4.491,654.405,654.569
3592,4.491,654.405,654.569
3593,4.491,654.405,654.569
3594,4.491,654.405,654.569
3595,4.491,654.405,654.569
3596,4.491,654.405,654.569
3597,4.491,654.405,654.569
3598,4.491,654.405,654.569
3599,4.491,654.405,654.569
3600,4.491,654.405,654.569
3601,4.491,654.405,654.569
3602,4.491,654.405,654.569
3603,4.491,654.405,654.569
3604,4.491,654.405,654.569
3605,4.491,654.405,654.569
3606,4.491,654.405,654.569
3607,4.491,654.405,654.569
3608,4.491,654.405,654.569
3609,4.491,654.405,654.569
3610,4.491,654.405,654.569
3611,4.491,654.405,654.569
3612,4.491,654.405,654.569
3613,4.491,654.405,654.569
3614,4.491,654.405,654.569
3615,4.491,654.405,654.569
3616,4.491,654.405,654.569
3617,4.491,654.405,654.569
3618,4.491,654.405,654.569
3619,4.491,654.405,654.569
3620,4.491,654.405,654.569
3621,4.491,654.405,654.569
3622,4.491,654.405,654.569
3623,4.491,654.405,654.569
3624,4.491,654.405,654.569
3625,4.491,654.405,654.569
3626,4.491,654.405,654.569
3627,4.491,654.405,654.569
3628,4.491,654.405,654.569
3629,4.491,654.405,654.569
3630,4.491,654.405,654.569
3631,4.491,654.405,654.569
3632,4.491,654.405,654.569
3633,4.491,654.405,654.569
3634,4.491,654.405,654.569
3635,4.491,654.405,654.569
3636,4.491,654.405,654.569
3637,4.491,654.405,654.569
3638,4.491,654.405,654.569
3639,4.491,654.405,654.569
3640,4.491,654.405,654.569
3641,4.491,654.405,654.569
3642,4.491,654.405,654.569
3643,4.491,654.405,654.569
3644,4.491,654.405,654.569
3645,4.491,654.405,654.569
3646,4.491,654.405,654.569
3647,4.491,654.405,654.569
3648,4.491,654.405,654.569
3649,4.491,654.405,654.569
3650,4.491,654.405,654.569
3651,4.491,654.405,654.569
3652,4.491,654.405,654.569
3653,4.491,654.405,654.569
3654,4.491,654.405,654.569
3655,4.491,654.405,654.569
3656,4.491,654.405,654.569
3657,4.491,654.405,654.569
3658,4.491,654.405,654.569
3659,4.491,654.405,654.569
3660,4.491,654.405,654.569
3661,4.491,654.405,654.569
3662,4.491,654.405,654.569
3663,4.491,654.405,654.569
3664,4.491,654.405,654.569
3665,4.491,654.405,654.569
3666,4.491,654.405,654.569
3667,4.491,654.405,654.569
3668,4.491,654.405,654.569
3669,4.491,654.405,654.569
3670,4.491,654.405,654.569
3671,4.491,654.405,654.569
3672,4.491,654.405,654.569
3673,4.491,654.405,654.569
3674,4.491,654.405,654.569
3675,4.491,654.405,654.569
3676,4.491,654.405,654.569
3677,4.491,654.405,654.569
3678,4.491,654.405,654.569
3679,4.491,654.405,654.569
3680,4.491,654.405,654.569
3681,4.491,654.405,654.569
3682,4.491,654.405,654.569
3683,4.491,654.405,654.569
3684,4.491,654.405,654.569
3685,4.491,654.405,654.569
3686,4.491,654.405,654.569
3687,4.491,654.405,654.569
3688,4.491,654.405,654.569
3689,4.491,654.405,654.569
3690,4.491,654.405,654.569
3691,4.491,654.405,654.569
3692,4.491,654.405,654.569
3693,4.491,654.405,654.569
3694,4.491,654.405,654.569
3695,4.491,654.405,654.569
3696,4.491,654.405,654.569
3697,4.491,654.405,654.569
3698,4.491,654.405,654.569
3699,4.491,654.405,654.569
3700,4.491,654.405,654.569
3701,4.491,654.405,654.569
3702,4.491,654.405,654.569
3703,4.491,654.405,654.569
3704,4.491,654.405,654.569
3705,4.491,654.405,654.569
3706,4.491,654.405,654.569
3707,4.491,654.405,654.569
3708,4.491,654.405,654.569
3709,4.491,654.405,654.569
3710,4.491,654.405,654.569
3711,4.491,654.405,654.569
3712,4.491,654.405,654.569
3713,4.491,654.405,654.569
3714,4.491,654.405,654.569
3715,4.491,654.405,654.569
3716,4.491,654.405,654.569
3717,4.491,654.405,654.569
3718,4.491,654.405,654.569
3719,4.491,654.405,654.569
3720,4.491,654.405,654.569
3721,4.491,654.405,654.569
3722,4.491,654.405,654.569
3723,4.491,654.405,654.569
3724,4.491,654.405,654.569
3725,4.491,654.405,654.569
3726,4.491,654.405,654.569
3727,4.491,654.405,654.569
3728,4.491,654.405,654.569
3729,4.491,654.405,654.569
3730,4.491,654.405,654.569
3731,4.491,654.405,654.569
3732,4.491,654.405,654.569
3733,4.491,654.405,654.569
3734,4.491,654.405,654.569
3735,4.491,654.405,654.569
3736,4.491,654.405,654.569
3737,4.491,654.405,654.569
3738,4.491,654.405,654.569
3739,4.491,654.405,654.569
3740,4.491,654.405,654.569
3741,4.491,654.405,654.569
3742,4.491,654.405,654.569
3743,4.491,654.405,654.569
3744,4.491,654.405,654.569
3745,4.491,654.405,654.569
3746,4.491,654.405,654.569
3747,4.491,654.405,654.569
3748,4.491,654.405,654.569
3749,4.491,654.405,654.569
3750,4.491,654.405,654.569
3751,4.491,654.405,654.569
3752,4.491,654.405,654.569
3753,4.491,654.405,654.569
3754,4.491,654.405,654.569
3755,4.491,654.405,654.569
3756,4.491,654.405,654.569
3757,4.491,654.405,654.569
3758,4.491,654.405,654.569
3759,4.491,654.405,654.569
3760,4.491,654.405,654.569
3761,4.491,654.405,654.569
3762,4.491,654.405,654.569
3763,4.491,654.405,654.569
3764,4.491,654.405,654.569
3765,4.491,654.405,654.569
3766,4.491,654.405,654.569
3767,4.491,654.405,654.569
3768,4.491,654.405,654.569
3769,4.491,654.405,654.569
3770,4.491,654.405,654.569
3771,4.491,654.405,654.569
3772,4.491,654.405,654.569
3773,4.491,654.405,654.569
3774,4.491,654.405,654.569
3775,4.491,654.405,654.569
3776,4.491,654.405,654.569
3777,4.491,654.405,654.569
3778,4.491,654.405,654.569
3779,4.491,654.405,654.569
3780,4.491,654.405,654.569
3781,4.491,654.405,654.569
3782,4.491,654.405,654.569
3783,4.491,654.405,654.569
3784,4.491,654.405,654.569
3785,4.491,654.405,654.569
3786,4.491,654.405,654.569
3787,4.491,654.405,654.569
3788,4.491,654.405,654.569
3789,4.491,654.405,654.569
3790,4.491,654.405,654.569
3791,4.491,654.405,654.569
3792,4.491,654.405,654.569
3793,4.491,654.405,654.569
3794,4.491,654.405,654.569
3795,4.491,654.405,654.569
3796,4.491,654.405,654.569
3797,4.491,654.405,654.569
3798,4.491,654.405,654.569
3799,4.491,654.405,654.569
3800,4.491,654.405,654.569
3801,4.491,654.405,654.569
3802,4.491,654.405,654.569
3803,4.491,654.405,654.569
3804,4.491,654.405,654.569
3805,4.491,654.405,654.569
3806,4.491,654.405,654.569
3807,4.491,654.405,654.569
3808,4.491,654.405,654.569
3809,4.491,654.405,654.569
3810,4.491,654.405,654.569
3811,4.491,654.405,654.569
3812,4.491,654.405,654.569
3813,4.491,654.405,654.569
3814,4.491,654.405,654.569
3815,4.491,654.405,654.569
3816,4.491,654.405,654.569
3817,4.491,654.405,654.569
3818,4.491,654.405,654.569
3819,4.491,654.405,654.569
3820,4.491,654.405,654.569
3821,4.491,654.405,654.569
3822,4.491,654.405,654.569
3823,4.491,654.405,654.569
3824,4.491,654.405,654.569
3825,4.491,654.405,654.569
3826,4.491,654.405,654.569
3827,4.491,654.405,654.569
3828,4.491,654.405,654.569
3829,4.491,654.405,654.569
3830,4.491,654.405,654.569
3831,4.491,654.405,654.569
3832,4.491,654.405,654.569
3833,4.491,654.405,654.569
3834,4.491,654.405,654.569
3835,4.491,654.405,654.569
3836,4.491,654.405,654.569
3837,4.491,654.405,654.569
3838,4.491,654.405,654.569
3839,4.491,654.405,654.569
3840,4.491,654.405,654.569
3841,4.491,654.405,654.569
3842,4.491,654.405,654.569
3843,4.491,654.405,654.569
3844,4.491,654.405,654.569
3845,4.491,654.405,654.569
3846,4.491,654.405,654.569
3847,4.491,654.405,654.569
3848,4.491,654.405,654.569
3849,4.491,654.405,654.569
3850,4.491,654.405,654.569
3851,4.491,654.405,654.569
3852,4.491,654.405,654.569
3853,4.491,654.405,654.569
3854,4.491,654.405,654.569
3855,4.491,654.405,654.569
3856,4.491,654.405,654.569
3857,4.491,654.405,654.569
3858,4.491,654.405,654.569
3859,4.491,654.405,654.569
3860,4.491,654.405,654.569
3861,4.491,654.405,654.569
3862,4.491,654.405,654.569
3863,4.491,654.405,654.569
3864,4.491,654.405,654.569
3865,4.491,654.405,654.569
3866,4.491,654.405,654.569
3867,4.491,654.405,654.569
3868,4.491,654.405,654.569
3869,4.491,654.405,654.569
3870,4.491,654.405,654.569
3871,4.491,654.405,654.569
3872,4.491,654.405,654.569
3873,4.491,654.405,654.569
3874,4.491,654.405,654.569
3875,4.491,654.405,654.569
3876,4.491,654.405,654.569
3877,4.491,654.405,654.569
3878,4.491,654.405,654.569
3879,4.491,654.405,654.569
3880,4.491,654.405,654.569
3881,4.491,654.405,654.569
3882,4.491,654.405,654.569
3883,4.491,654.405,654.569
3884,4.491,654.405,654.569
3885,4.491,654.405,654.569
3886,4.491,654.405,654.569
3887,4.491,654.405,654.569
3888,4.491,654.405,654.569
3889,4.491,654.405,654.569
3890,4.491,654.405,654.569
3891,4.491,654.405,654.569
3892,4.491,654.405,654.569
3893,4.491,654.405,654.569
3894,4.491,654.405,654.569
3895,4.491,654.405,654.569
3896,4.491,654.405,654.569
3897,4.491,654.405,654.569
3898,4.491,654.405,654.569
3899,4.491,654.405,654.569
3900,4.491,654.405,654.569
3901,4.491,654.405,654.569
3902,4.491,654.405,654.569
3903,4.491,654.405,654.569
3904,4.491,654.405,654.569
3905,4.491,654.405,654.569
3906,4.491,654.405,654.569
3907,4.491,654.405,654.569
3908,4.491,654.405,654.569
3909,4.491,654.405,654.569
3910,4.491,654.405,654.569
3911,4.491,654.405,654.569
3912,4.491,654.405,654.569
3913,4.491,654.405,654.569
3914,4.491,654.405,654.569
3915,4.491,654.405,654.569
3916,4.491,654.405,654.569
3917,4.491,654.405,654.569
3918,4.491,654.405,654.569
3919,4.491,654.405,654.569
3920,4.491,654.405,654.569
3921,4.491,654.405,654.569
3922,4.491,654.405,654.569
3923,4.491,654.405,654.569
3924,4.491,654.405,654.569
3925,4.491,654.405,654.569
3926,4.491,654.405,654.569
3927,4.491,654.405,654.569
3928,4.491,654.405,654.569
3929,4.491,654.405,654.569
3930,4.491,654.405,654.569
3931,4.491,654.405,654.569
3932,4.491,654.405,654.569
3933,4.491,654.405,654.569
3934,4.491,654.405,654.569
3935,4.491,654.405,654.569
3936,4.491,654.405,654.569
3937,4.491,654.405,654.569
3938,4.491,654.405,654.569
3939,4.491,654.405,654.569
3940,4.491,654.405,654.569
3941,4.491,654.405,654.569
3942,4.491,654.405,654.569
3943,4.491,654.405,654.569
3944,4.491,654.405,654.569
3945,4.491,654.405,654.569
3946,4.491,654.405,654.569
3947,4.491,654.405,654.569
3948,4.491,654.405,654.569
3949,4.491,654.405,654.569
3950,4.491,654.405,654.569
3951,4.491,654.405,654.569
3952,4.491,654.405,654.569
3953,4.491,654.405,654.569
3954,4.491,654.405,654.569
3955,4.491,654.405,654.569
3956,4.491,654.405,654.569
3957,4.491,654.405,654.569
3958,4.491,654.405,654.569
3959,4.491,654.405,654.569
3960,4.491,654.405,654.569
3961,4.491,654.405,654.569
3962,4.491,654.405,654.569
3963,4.491,654.405,654.569
3964,4.491,654.405,654.569
3965,4.491,654.405,654.569
3966,4.491,654.405,654.569
3967,4.491,654.405,654.569
3968,4.491,654.405,654.569
3969,4.491,654.405,654.569
3970,4.491,654.405,654.569
3971,4.491,654.405,654.569
3972,4.491,654.405,654.569
3973,4.491,654.405,654.569
3974,4.491,654.405,654.569
3975,4.491,654.405,654.569
3976,4.491,654.405,654.569
3977,4.491,654.405,654.569
3978,4.491,654.405,654.569
3979,4.491,654.405,654.569
3980,4.491,654.405,654.569
3981,4.491,654.405,654.569
3982,4.491,654.405,654.569
3983,4.491,654.405,654.569
3984,4.491,654.405,654.569
3985,4.491,654.405,654.569
3986,4.491,654.405,654.569
3987,4.491,654.405,654.569
3988,4.491,654.405,654.569
3989,4.491,654.405,654.569
3990,4.491,654.405,654.569
3991,4.491,654.405,654.569
3992,4.491,654.405,654.569
3993,4.491,654.405,654.569
3994,4.491,654.405,654.569
3995,4.491,654.405,654.569
3996,4.491,654.405,654.569
3997,4.491,654.405,654.569
3998,4.491,654.405,654.569
3999,4.491,654.405,654.569
4000,4.491,654.405,654.569
4001,4.491,654.405,654.569
4002,4.491,654.405,654.569
4003,4.491,654.405,654.569
4004,4.491,654.405,654.569
4005,4.491,654.405,654.569
4006,4.491,654.405,654.569
4007,4.491,654.405,654.569
4008,4.491,654.405,654.569
4009,4.491,654.405,654.569
4010,4.491,654.405,654.569
4011,4.491,654.405,654.569
4012,4.491,654.405,654.569
4013,4.491,654.405,654.569
4014,4.491,654.405,654.569
4015,4.491,654.405,654.569
4016,4.491,654.405,654.569
4017,4.491,654.405,654.569
4018,4.491,654.405,654.569
4019,4.491,654.405,654.569
4020,4.491,654.405,654.569
4021,4.491,654.405,654.569
4022,4.491,654.405,654.569
4023,4.491,654.405,654.569
4024,4.491,654.405,654.569
4025,4.491,654.405,654.569
4026,4.491,654.405,654.569
4027,4.491,654.405,654.569
4028,4.491,654.405,654.569
4029,4.491,654.405,654.569
4030,4.491,654.405,654.569
4031,4.491,654.405,654.569
4032,4.491,654.405,654.569
4033,4.491,654.405,654.569
4034,4.491,654.405,654.569
4035,4.491,654.405,654.569
4036,4.491,654.405,654.569
4037,4.491,654.405,654.569
4038,4.491,654.405,654.569
4039,4.491,654.405,654.569
4040,4.491,654.405,654.569
4041,4.491,654.405,654.569
4042,4.491,654.405,654.569
4043,4.491,654.405,654.569
4044,4.491,654.405,654.569
4045,4.491,654.405,654.569
4046,4.491,654.405,654.569
4047,4.491,654.405,654.569
4048,4.491,654.405,654.569
4049,4.491,654.405,654.569
4050,4.491,654.405,654.569
4051,4.491,654.405,654.569
4052,4.491,654.405,654.569
4053,4.491,654.405,654.569
4054,4.491,654.405,654.569
4055,4.491,654.405,654.569
4056,4.491,654.405,654.569
4057,4.491,654.405,654.569
4058,4.491,654.405,654.569
4059,4.491,654.405,654.569
4060,4.491,654.405,654.569
4061,4.491,654.405,654.569
4062,4.491,654.405,654.569
4063,4.491,654.405,654.569
4064,4.491,654.405,654.569
4065,4.491,654.405,654.569
4066,4.491,654.405,654.569
4067,4.491,654.405,654.569
4068,4.491,654.405,654.569
4069,4.491,654.405,654.569
4070,4.491,654.405,654.569
4071,4.491,654.405,654.569
4072,4.491,654.405,654.569
4073,4.491,654.405,654.569
4074,4.491,654.405,654.569
4075,4.491,654.405,654.569
4076,4.491,654.405,654.569
4077,4.491,654.405,654.569
4078,4.491,654.405,654.569
4079,4.491,654.405,654.569
4080,4.491,654.405,654.569
4081,4.491,654.405,654.569
4082,4.491,654.405,654.569
4083,4.491,654.405,654.569
4084,4.491,654.405,654.569
4085,4.491,654.405,654.569
4086,4.491,654.405,654.569
4087,4.491,654.405,654.569
4088,4.491,654.405,654.569
4089,4.491,654.405,654.569
4090,4.491,654.405,654.569
4091,4.491,654.405,654.569
4092,4.491,654.405,654.569
4093,4.491,654.405,654.569
4094,4.491,654.405,654.569
4095,4.491,654.405,654.569
4096,4.491,654.405,654.569
4097,4.491,654.405,654.569
4098,4.491,654.405,654.569
4099,4.491,654.405,654.569
4100,4.491,654.405,654.569
4101,4.491,654.405,654.569
4102,4.491,654.405,654.569
4103,4.491,654.405,654.569
4104,4.491,654.405,654.569
4105,4.491,654.405,654.569
4106,4.491,654.405,654.569
4107,4.491,654.405,654.569
4108,4.491,654.405,654.569
4109,4.491,654.405,654.569
4110,4.491,654.405,654.569
4111,4.491,654.405,654.569
4112,4.491,654.405,654.569
4113,4.491,654.405,654.569
4114,4.491,654.405,654.569
4115,4.491,654.405,654.569
4116,4.491,654.405,654.569
4117,4.491,654.405,654.569
4118,4.491,654.405,654.569
4119,4.491,654.405,654.569
4120,4.491,654.405,654.569
4121,4.491,654.405,654.569
4122,4.491,654.405,654.569
4123,4.491,654.405,654.569
4124,4.491,654.405,654.569
4125,4.491,654.405,654.569
4126,4.491,654.405,654.569
4127,4.491,654.405,654.569
4128,4.491,654.405,654.569
4129,4.491,654.405,654.569
4130,4.491,654.405,654.569
4131,4.491,654.405,654.569
4132,4.491,654.405,654.569
4133,4.491,654.405,654.569
4134,4.491,654.405,654.569
4135,4.491,654.405,654.569
4136,4.491,654.405,654.569
4137,4.491,654.405,654.569
4138,4.491,654.405,654.569
4139,4.491,654.405,654.569
4140,4.491,654.405,654.569
4141,4.491,654.405,654.569
4142,4.491,654.405,654.569
4143,4.491,654.405,654.569
4144,4.491,654.405,654.569
4145,4.491,654.405,654.569
4146,4.491,654.405,654.569
4147,4.491,654.405,654.569
4148,4.491,654.405,654.569
4149,4.491,654.405,654.569
4150,4.491,654.405,654.569
4151,4.491,654.405,654.569
4152,4.491,654.405,654.569
4153,4.491,654.405,654.569
4154,4.491,654.405,654.569
4155,4.491,654.405,654.569
4156,4.491,654.405,654.569
4157,4.491,654.405,654.569
4158,4.491,654.405,654.569
4159,4.491,654.405,654.569
4160,4.491,654.405,654.569
4161,4.491,654.405,654.569
4162,4.491,654.405,654.569
4163,4.491,654.405,654.569
4164,4.491,654.405,654.569
4165,4.491,654.405,654.569
4166,4.491,654.405,654.569
4167,4.491,654.405,654.569
4168,4.491,654.405,654.569
4169,4.491,654.405,654.569
4170,4.491,654.405,654.569
4171,4.491,654.405,654.569
4172,4.491,654.405,654.569
4173,4.491,654.405,654.569
4174,4.491,654.405,654.569
4175,4.491,654.405,654.569
4176,4.491,654.405,654.569
4177,4.491,654.405,654.569
4178,4.491,654.405,654.569
4179,4.491,654.405,654.569
4180,4.491,654.405,654.569
4181,4.491,654.405,654.569
4182,4.491,654.405,654.569
4183,4.491,654.405,654.569
4184,4.491,654.405,654.569
4185,4.491,654.405,654.569
4186,4.491,654.405,654.569
4187,4.491,654.405,654.569
4188,4.491,654.405,654.569
4189,4.491,654.405,654.569
4190,4.491,654.405,654.569
4191,4.491,654.405,654.569
4192,4.491,654.405,654.569
4193,4.491,654.405,654.569
4194,4.491,654.405,654.569
4195,4.491,654.405,654.569
4196,4.491,654.405,654.569
4197,4.491,654.405,654.569
4198,4.491,654.405,654.569
4199,4.491,654.405,654.569
4200,4.491,654.405,654.569
4201,4.491,654.405,654.569
4202,4.491,654.405,654.569
4203,4.491,654.405,654.569
4204,4.491,654.405,654.569
4205,4.491,654.405,654.569
4206,4.491,654.405,654.569
4207,4.491,654.405,654.569
4208,4.491,654.405,654.569
4209,4.491,654.405,654.569
4210,4.491,654.405,654.569
4211,4.491,654.405,654.569
4212,4.491,654.405,654.569
4213,4.491,654.405,654.569
4214,4.491,654.405,654.569
4215,4.491,654.405,654.569
4216,4.491,654.405,654.569
4217,4.491,654.405,654.569
4218,4.491,654.405,654.569
4219,4.491,654.405,654.569
4220,4.491,654.405,654.569
4221,4.491,654.405,654.569
4222,4.491,654.405,654.569
4223,4.491,654.405,654.569
4224,4.491,654.405,654.569
4225,4.491,654.405,654.569
4226,4.491,654.405,654.569
4227,4.491,654.405,654.569
4228,4.491,654.405,654.569
4229,4.491,654.405,654.569
4230,4.491,654.405,654.569
4231,4.491,654.405,654.569
4232,4.491,654.405,654.569
4233,4.491,654.405,654.569
4234,4.491,654.405,654.569
4235,4.491,654.405,654.569
4236,4.491,654.405,654.569
4237,4.491,654.405,654.569
4238,4.491,654.405,654.569
4239,4.491,654.405,654.569
4240,4.491,654.405,654.569
4241,4.491,654.405,654.569
4242,4.491,654.405,654.569
4243,4.491,654.405,654.569
4244,4.491,654.405,654.569
4245,4.491,654.405,654.569
4246,4.491,654.405,654.569
4247,4.491,654.405,654.569
4248,4.491,654.405,654.569
4249,4.491,654.405,654.569
4250,4.491,654.405,654.569
4251,4.491,654.405,654.569
4252,4.491,654.405,654.569
4253,4.491,654.405,654.569
4254,4.491,654.405,654.569
4255,4.491,654.405,654.569
4256,4.491,654.405,654.569
4257,4.491,654.405,654.569
4258,4.491,654.405,654.569
4259,4.491,654.405,654.569
4260,4.491,654.405,654.569
4261,4.491,654.405,654.569
4262,4.491,654.405,654.569
4263,4.491,654.405,654.569
4264,4.491,654.405,654.569
4265,4.491,654.405,654.569
4266,4.491,654.405,654.569
4267,4.491,654.405,654.569
4268,4.491,654.405,654.569
4269,4.491,654.405,654.569
4270,4.491,654.405,654.569
4271,4.491,654.405,654.569
4272,4.491,654.405,654.569
4273,4.491,654.405,654.569
4274,4.491,654.405,654.569
4275,4.491,654.405,654.569
4276,4.491,654.405,654.569
4277,4.491,654.405,654.569
4278,4.491,654.405,654.569
4279,4.491,654.405,654.569
4280,4.491,654.405,654.569
4281,4.491,654.405,654.569
4282,4.491,654.405,654.569
4283,4.491,654.405,654.569
4284,4.491,654.405,654.569
4285,4.491,654.405,654.569
4286,4.491,654.405,654.569
4287,4.491,654.405,654.569
4288,4.491,654.405,654.569
4289,4.491,654.405,654.569
4290,4.491,654.405,654.569
4291,4.491,654.405,654.569
4292,4.491,654.405,654.569
4293,4.491,654.405,654.569
4294,4.491,654.405,654.569
4295,4.491,654.405,654.569
4296,4.491,654.405,654.569
4297,4.491,654.405,654.569
4298,4.491,654.405,654.569
4299,4.491,654.405,654.569
4300,4.491,654.405,654.569
4301,4.491,654.405,654.569
4302,4.491,654.405,654.569
4303,4.491,654.405,654.569
4304,4.491,654.405,654.569
4305,4.491,654.405,654.569
4306,4.491,654.405,654.569
4307,4.491,654.405,654.569
4308,4.491,654.405,654.569
4309,4.491,654.405,654.569
4310,4.491,654.405,654.569
4311,4.491,654.405,654.569
4312,4.491,654.405,654.569
4313,4.491,654.405,654.569
4314,4.491,654.405,654.569
4315,4.491,654.405,654.569
4316,4.491,654.405,654.569
4317,4.491,654.405,654.569
4318,4.491,654.405,654.569
4319,4.491,654.405,654.569
4320,4.491,654.405,654.569
4321,4.491,654.405,654.569
4322,4.491,654.405,654.569
4323,4.491,654.405,654.569
4324,4.491,654.405,654.569
4325,4.491,654.405,654.569
4326,4.491,654.405,654.569
4327,4.491,654.405,654.569
4328,4.491,654.405,654.569
4329,4.491,654.405,654.569
4330,4.491,654.405,654.569
4331,4.491,654.405,654.569
4332,4.491,654.405,654.569
4333,4.491,654.405,654.569
4334,4.491,654.405,654.569
4335,4.491,654.405,654.569
4336,4.491,654.405,654.569
4337,4.491,654.405,654.569
4338,4.491,654.405,654.569
4339,4.491,654.405,654.569
4340,4.491,654.405,654.569
4341,4.491,654.405,654.569
4342,4.491,654.405,654.569
4343,4.491,654.405,654.569
4344,4.491,654.405,654.569
4345,4.491,654.405,654.569
4346,4.491,654.405,654.569
4347,4.491,654.405,654.569
4348,4.491,654.405,654.569
4349,4.491,654.405,654.569
4350,4.491,654.405,654.569
4351,4.491,654.405,654.569
4352,4.491,654.405,654.569
4353,4.491,654.405,654.569
4354,4.491,654.405,654.569
4355,4.491,654.405,654.569
4356,4.491,654.405,654.569
4357,4.491,654.405,654.569
4358,4.491,654.405,654.569
4359,4.491,654.405,654.569
4360,4.491,654.405,654.569
4361,4.491,654.405,654.569
4362,4.491,654.405,654.569
4363,4.491,654.405,654.569
4364,4.491,654.405,654.569
4365,4.491,654.405,654.569
4366,4.491,654.405,654.569
4367,4.491,654.405,654.569
4368,4.491,654.405,654.569
4369,4.491,654.405,654.569
4370,4.491,654.405,654.569
4371,4.491,654.405,654.569
4372,4.491,654.405,654.569
4373,4.491,654.405,654.569
4374,4.491,654.405,654.569
4375,4.491,654.405,654.569
4376,4.491,654.405,654.569
4377,4.491,654.405,654.569
4378,4.491,654.405,654.569
4379,4.491,654.405,654.569
4380,4.491,654.405,654.569
4381,4.491,654.405,654.569
4382,4.491,654.405,654.569
4383,4.491,654.405,654.569
4384,4.491,654.405,654.569
4385,4.491,654.405,654.569
4386,4.491,654.405,654.569
4387,4.491,654.405,654.569
4388,4.491,654.405,654.569
4389,4.491,654.405,654.569
4390,4.491,654.405,654.569
4391,4.491,654.405,654.569
4392,4.491,654.405,654.569
4393,4.491,654.405,654.569
4394,4.491,654.405,654.569
4395,4.491,654.405,654.569
4396,4.491,654.405,654.569
4397,4.491,654.405,654.569
4398,4.491,654.405,654.569
4399,4.491,654.405,654.569
4400,4.491,654.405,654.569
4401,4.491,654.405,654.569
4402,4.491,654.405,654.569
4403,4.491,654.405,654.569
4404,4.491,654.405,654.569
4405,4.491,654.405,654.569
4406,4.491,654.405,654.569
4407,4.491,654.405,654.569
4408,4.491,654.405,654.569
4409,4.491,654.405,654.569
4410,4.491,654.405,654.569
4411,4.491,654.405,654.569
4412,4.491,654.405,654.569
4413,4.491,654.405,654.569
4414,4.491,654.405,654.569
4415,4.491,654.405,654.569
4416,4.491,654.405,654.569
4417,4.491,654.405,654.569
4418,4.491,654.405,654.569
4419,4.491,654.405,654.569
4420,4.491,654.405,654.569
4421,4.491,654.405,654.569
4422,4.491,654.405,654.569
4423,4.491,654.405,654.569
4424,4.491,654.405,654.569
4425,4.491,654.405,654.569
4426,4.491,654.405,654.569
4427,4.491,654.405,654.569
4428,4.491,654.405,654.569
4429,4.491,654.405,654.569
4430,4.491,654.405,654.569
4431,4.491,654.405,654.569
4432,4.491,654.405,654.569
4433,4.491,654.405,654.569
4434,4.491,654.405,654.569
4435,4.491,654.405,654.569
4436,4.491,654.405,654.569
4437,4.491,654.405,654.569
4438,4.491,654.405,654.569
4439,4.491,654.405,654.569
4440,4.491,654.405,654.569
4441,4.491,654.405,654.569
4442,4.491,654.405,654.569
4443,4.491,654.405,654.569
4444,4.491,654.405,654.569
4445,4.491,654.405,654.569
4446,4.491,654.405,654.569
4447,4.491,654.405,654.569
4448,4.491,654.405,654.569
4449,4.491,654.405,654.569
4450,4.491,654.405,654.569
4451,4.491,654.405,654.569
4452,4.491,654.405,654.569
4453,4.491,654.405,654.569
4454,4.491,654.405,654.569
4455,4.491,654.405,654.569
4456,4.491,654.405,654.569
4457,4.491,654.405,654.569
4458,4.491,654.405,654.569
4459,4.491,654.405,654.569
4460,4.491,654.405,654.569
4461,4.491,654.405,654.569
4462,4.491,654.405,654.569
4463,4.491,654.405,654.569
4464,4.491,654.405,654.569
4465,4.491,654.405,654.569
4466,4.491,654.405,654.569
4467,4.491,654.405,654.569
4468,4.491,654.405,654.569
4469,4.491,654.405,654.569
4470,4.491,654.405,654.569
4471,4.491,654.405,654.569
4472,4.491,654.405,654.569
4473,4.491,654.405,654.569
4474,4.491,654.405,654.569
4475,4.491,654.405,654.569
4476,4.491,654.405,654.569
4477,4.491,654.405,654.569
4478,4.491,654.405,654.569
4479,4.491,654.405,654.569
4480,4.491,654.405,654.569
4481,4.491,654.405,654.569
4482,4.491,654.405,654.569
4483,4.491,654.405,654.569
4484,4.491,654.405,654.569
4485,4.491,654.405,654.569
4486,4.491,654.405,654.569
4487,4.491,654.405,654.569
4488,4.491,654.405,654.569
4489,4.491,654.405,654.569
4490,4.491,654.405,654.569
4491,4.491,654.405,654.569
4492,4.491,654.405,654.569
4493,4.491,654.405,654.569
4494,4.491,654.405,654.569
4495,4.491,654.405,654.569
4496,4.491,654.405,654.569
4497,4.491,654.405,654.569
4498,4.491,654.405,654.569
4499,4.491,654.405,654.569
4500,4.491,654.405,654.569
4501,4.491,654.405,654.569
4502,4.491,654.405,654.569
4503,4.491,654.405,654.569
4504,4.491,654.405,654.569
4505,4.491,654.405,654.569
4506,4.491,654.405,654.569
4507,4.491,654.405,654.569
4508,4.491,654.405,654.569
4509,4.491,654.405,654.569
4510,4.491,654.405,654.569
4511,4.491,654.405,654.569
4512,4.491,654.405,654.569
4513,4.491,654.405,654.569
4514,4.491,654.405,654.569
4515,4.491,654.405,654.569
4516,4.491,654.405,654.569
4517,4.491,654.405,654.569
4518,4.491,654.405,654.569
4519,4.491,654.405,654.569
4520,4.491,654.405,654.569
4521,4.491,654.405,654.569
4522,4.491,654.405,654.569
4523,4.491,654.405,654.569
4524,4.491,654.405,654.569
4525,4.491,654.405,654.569
4526,4.491,654.405,654.569
4527,4.491,654.405,654.569
4528,4.491,654.405,654.569
4529,4.491,654.405,654.569
4530,4.491,654.405,654.569
4531,4.491,654.405,654.569
4532,4.491,654.405,654.569
4533,4.491,654.405,654.569
4534,4.491,654.405,654.569
4535,4.491,654.405,654.569
4536,4.491,654.405,654.569
4537,4.491,654.405,654.569
4538,4.491,654.405,654.569
4539,4.491,654.405,654.569
4540,4.491,654.405,654.569
4541,4.491,654.405,654.569
4542,4.491,654.405,654.569
4543,4.491,654.405,654.569
4544,4.491,654.405,654.569
4545,4.491,654.405,654.569
4546,4.491,654.405,654.569
4547,4.491,654.405,654.569
4548,4.491,654.405,654.569
4549,4.491,654.405,654.569
4550,4.491,654.405,654.569
4551,4.491,654.405,654.569
4552,4.491,654.405,654.569
4553,4.491,654.405,654.569
4554,4.491,654.405,654.569
4555,4.491,654.405,654.569
4556,4.491,654.405,654.569
4557,4.491,654.405,654.569
4558,4.491,654.405,654.569
4559,4.491,654.405,654.569
4560,4.491,654.405,654.569
4561,4.491,654.405,654.569
4562,4.491,654.405,654.569
4563,4.491,654.405,654.569
4564,4.491,654.405,654.569
4565,4.491,654.405,654.569
4566,4.491,654.405,654.569
4567,4.491,654.405,654.569
4568,4.491,654.405,654.569
4569,4.491,654.405,654.569
4570,4.491,654.405,654.569
4571,4.491,654.405,654.569
4572,4.491,654.405,654.569
4573,4.491,654.405,654.569
4574,4.491,654.405,654.569
4575,4.491,654.405,654.569
4576,4.491,654.405,654.569
4577,4.491,654.405,654.569
4578,4.491,654.405,654.569
4579,4.491,654.405,654.569
4580,4.491,654.405,654.569
4581,4.491,654.405,654.569
4582,4.491,654.405,654.569
4583,4.491,654.405,654.569
4584,4.491,654.405,654.569
4585,4.491,654.405,654.569
4586,4.491,654.405,654.569
4587,4.491,654.405,654.569
4588,4.491,654.405,654.569
4589,4.491,654.405,654.569
4590,4.491,654.405,654.569
4591,4.491,654.405,654.569
4592,4.491,654.405,654.569
4593,4.491,654.405,654.569
4594,4.491,654.405,654.569
4595,4.491,654.405,654.569
4596,4.491,654.405,654.569
4597,4.491,654.405,654.569
4598,4.491,654.405,654.569
4599,4.491,654.405,654.569
4600,4.491,654.405,654.569
4601,4.491,654.405,654.569
4602,4.491,654.405,654.569
4603,4.491,654.405,654.569
4604,4.491,654.405,654.569
4605,4.491,654.405,654.569
4606,4.491,654.405,654.569
4607,4.491,654.405,654.569
4608,4.491,654.405,654.569
4609,4.491,654.405,654.569
4610,4.491,654.405,654.569
4611,4.491,654.405,654.569
4612,4.491,654.405,654.569
4613,4.491,654.405,654.569
4614,4.491,654.405,654.569
4615,4.491,654.405,654.569
4616,4.491,654.405,654.569
4617,4.491,654.405,654.569
4618,4.491,654.405,654.569
4619,4.491,654.405,654.569
4620,4.491,654.405,654.569
4621,4.491,654.405,654.569
4622,4.491,654.405,654.569
4623,4.491,654.405,654.569
4624,4.491,654.405,654.569
4625,4.491,654.405,654.569
4626,4.491,654.405,654.569
4627,4.491,654.405,654.569
4628,4.491,654.405,654.569
4629,4.491,654.405,654.569
4630,4.491,654.405,654.569
4631,4.491,654.405,654.569
4632,4.491,654.405,654.569
4633,4.491,654.405,654.569
4634,4.491,654.405,654.569
4635,4.491,654.405,654.569
4636,4.491,654.405,654.569
4637,4.491,654.405,654.569
4638,4.491,654.405,654.569
4639,4.491,654.405,654.569
4640,4.491,654.405,654.569
4641,4.491,654.405,654.569
4642,4.491,654.405,654.569
4643,4.491,654.405,654.569
4644,4.491,654.405,654.569
4645,4.491,654.405,654.569
4646,4.491,654.405,654.569
4647,4.491,654.405,654.569
4648,4.491,654.405,654.569
4649,4.491,654.405,654.569
4650,4.491,654.405,654.569
4651,4.491,654.405,654.569
4652,4.491,654.405,654.569
4653,4.491,654.405,654.569
4654,4.491,654.405,654.569
4655,4.491,654.405,654.569
4656,4.491,654.405,654.569
4657,4.491,654.405,654.569
4658,4.491,654.405,654.569
4659,4.491,654.405,654.569
4660,4.491,654.405,654.569
4661,4.491,654.405,654.569
4662,4.491,654.405,654.569
4663,4.491,654.405,654.569
4664,4.491,654.405,654.569
4665,4.491,654.405,654.569
4666,4.491,654.405,654.569
4667,4.491,654.405,654.569
4668,4.491,654.405,654.569
4669,4.491,654.405,654.569
4670,4.491,654.405,654.569
4671,4.491,654.405,654.569
4672,4.491,654.405,654.569
4673,4.491,654.405,654.569
4674,4.491,654.405,654.569
4675,4.491,654.405,654.569
4676,4.491,654.405,654.569
4677,4.491,654.405,654.569
4678,4.491,654.405,654.569
4679,4.491,654.405,654.569
4680,4.491,654.405,654.569
4681,4.491,654.405,654.569
4682,4.491,654.405,654.569
4683,4.491,654.405,654.569
4684,4.491,654.405,654.569
4685,4.491,654.405,654.569
4686,4.491,654.405,654.569
4687,4.491,654.405,654.569
4688,4.491,654.405,654.569
4689,4.491,654.405,654.569
4690,4.491,654.405,654.569
4691,4.491,654.405,654.569
4692,4.491,654.405,654.569
4693,4.491,654.405,654.569
4694,4.491,654.405,654.569
4695,4.491,654.405,654.569
4696,4.491,654.405,654.569
4697,4.491,654.405,654.569
4698,4.491,654.405,654.569
4699,4.491,654.405,654.569
4700,4.491,654.405,654.569
4701,4.491,654.405,654.569
4702,4.491,654.405,654.569
4703,4.491,654.405,654.569
4704,4.491,654.405,654.569
4705,4.491,654.405,654.569
4706,4.491,654.405,654.569
4707,4.491,654.405,654.569
4708,4.491,654.405,654.569
4709,4.491,654.405,654.569
4710,4.491,654.405,654.569
4711,4.491,654.405,654.569
4712,4.491,654.405,654.569
4713,4.491,654.405,654.569
4714,4.491,654.405,654.569
4715,4.491,654.405,654.569
4716,4.491,654.405,654.569
4717,4.491,654.405,654.569
4718,4.491,654.405,654.569
4719,4.491,654.405,654.569
4720,4.491,654.405,654.569
4721,4.491,654.405,654.569
4722,4.491,654.405,654.569
4723,4.491,654.405,654.569
4724,4.491,654.405,654.569
4725,4.491,654.405,654.569
4726,4.491,654.405,654.569
4727,4.491,654.405,654.569
4728,4.491,654.405,654.569
4729,4.491,654.405,654.569
4730,4.491,654.405,654.569
4731,4.491,654.405,654.569
4732,4.491,654.405,654.569
4733,4.491,654.405,654.569
4734,4.491,654.405,654.569
4735,4.491,654.405,654.569
4736,4.491,654.405,654.569
4737,4.491,654.405,654.569
4738,4.491,654.405,654.569
4739,4.491,654.405,654.569
4740,4.491,654.405,654.569
4741,4.491,654.405,654.569
4742,4.491,654.405,654.569
4743,4.491,654.405,654.569
4744,4.491,654.405,654.569
4745,4.491,654.405,654.569
4746,4.491,654.405,654.569
4747,4.491,654.405,654.569
4748,4.491,654.405,654.569
4749,4.491,654.405,654.569
4750,4.491,654.405,654.569
4751,4.491,654.405,654.569
4752,4.491,654.405,654.569
4753,4.491,654.405,654.569
4754,4.491,654.405,654.569
4755,4.491,654.405,654.569
4756,4.491,654.405,654.569
4757,4.491,654.405,654.569
4758,4.491,654.405,654.569
4759,4.491,654.405,654.569
4760,4.491,654.405,654.569
4761,4.491,654.405,654.569
4762,4.491,654.405,654.569
4763,4.491,654.405,654.569
4764,4.491,654.405,654.569
4765,4.491,654.405,654.569
4766,4.491,654.405,654.569
4767,4.491,654.405,654.569
4768,4.491,654.405,654.569
4769,4.491,654.405,654.569
4770,4.491,654.405,654.569
4771,4.491,654.405,654.569
4772,4.491,654.405,654.569
4773,4.491,654.405,654.569
4774,4.491,654.405,654.569
4775,4.491,654.405,654.569
4776,4.491,654.405,654.569
4777,4.491,654.405,654.569
4778,4.491,654.405,654.569
4779,4.491,654.405,654.569
4780,4.491,654.405,654.569
4781,4.491,654.405,654.569
4782,4.491,654.405,654.569
4783,4.491,654.405,654.569
4784,4.491,654.405,654.569
4785,4.491,654.405,654.569
4786,4.491,654.405,654.569
4787,4.491,654.405,654.569
4788,4.491,654.405,654.569
4789,4.491,654.405,654.569
4790,4.491,654.405,654.569
4791,4.491,654.405,654.569
4792,4.491,654.405,654.569
4793,4.491,654.405,654.569
4794,4.491,654.405,654.569
4795,4.491,654.405,654.569
4796,4.491,654.405,654.569
4797,4.491,654.405,654.569
4798,4.491,654.405,654.569
4799,4.491,654.405,654.569
4800,4.491,654.405,654.569
4801,4.491,654.405,654.569
4802,4.491,654.405,654.569
4803,4.491,654.405,654.569
4804,4.491,654.405,654.569
4805,4.491,654.405,654.569
4806,4.491,654.405,654.569
4807,4.491,654.405,654.569
4808,4.491,654.405,654.569
4809,4.491,654.405,654.569
4810,4.491,654.405,654.569
4811,4.491,654.405,654.569
4812,4.491,654.405,654.569
4813,4.491,654.405,654.569
4814,4.491,654.405,654.569
4815,4.491,654.405,654.569
4816,4.491,654.405,654.569
4817,4.491,654.405,654.569
4818,4.491,654.405,654.569
4819,4.491,654.405,654.569
4820,4.491,654.405,654.569
4821,4.491,654.405,654.569
4822,4.491,654.405,654.569
4823,4.491,654.405,654.569
4824,4.491,654.405,654.569
4825,4.491,654.405,654.569
4826,4.491,654.405,654.569
4827,4.491,654.405,654.569
4828,4.491,654.405,654.569
4829,4.491,654.405,654.569
4830,4.491,654.405,654.569
4831,4.491,654.405,654.569
4832,4.491,654.405,654.569
4833,4.491,654.405,654.569
4834,4.491,654.405,654.569
4835,4.491,654.405,654.569
4836,4.491,654.405,654.569
4837,4.491,654.405,654.569
4838,4.491,654.405,654.569
4839,4.491,654.405,654.569
4840,4.491,654.405,654.569
4841,4.491,654.405,654.569
4842,4.491,654.405,654.569
4843,4.491,654.405,654.569
4844,4.491,654.405,654.569
4845,4.491,654.405,654.569
4846,4.491,654.405,654.569
4847,4.491,654.405,654.569
4848,4.491,654.405,654.569
4849,4.491,654.405,654.569
4850,4.491,654.405,654.569
4851,4.491,654.405,654.569
4852,4.491,654.405,654.569
4853,4.491,654.405,654.569
4854,4.491,654.405,654.569
4855,4.491,654.405,654.569
4856,4.491,654.405,654.569
4857,4.491,654.405,654.569
4858,4.491,654.405,654.569
4859,4.491,654.405,654.569
4860,4.491,654.405,654.569
4861,4.491,654.405,654.569
4862,4.491,654.405,654.569
4863,4.491,654.405,654.569
4864,4.491,654.405,654.569
4865,4.491,654.405,654.569
4866,4.491,654.405,654.569
4867,4.491,654.405,654.569
4868,4.491,654.405,654.569
4869,4.491,654.405,654.569
4870,4.491,654.405,654.569
4871,4.491,654.405,654.569
4872,4.491,654.405,654.569
4873,4.491,654.405,654.569
4874,4.491,654.405,654.569
4875,4.491,654.405,654.569
4876,4.491,654.405,654.569
4877,4.491,654.405,654.569
4878,4.491,654.405,654.569
4879,4.491,654.405,654.569
4880,4.491,654.405,654.569
4881,4.491,654.405,654.569
4882,4.491,654.405,654.569
4883,4.491,654.405,654.569
4884,4.491,654.405,654.569
4885,4.491,654.405,654.569
4886,4.491,654.405,654.569
4887,4.491,654.405,654.569
4888,4.491,654.405,654.569
4889,4.491,654.405,654.569
4890,4.491,654.405,654.569
4891,4.491,654.405,654.569
4892,4.491,654.405,654.569
4893,4.491,654.405,654.569
4894,4.491,654.405,654.569
4895,4.491,654.405,654.569
4896,4.491,654.405,654.569
4897,4.491,654.405,654.569
4898,4.491,654.405,654.569
4899,4.491,654.405,654.569
4900,4.491,654.405,654.569
4901,4.491,654.405,654.569
4902,4.491,654.405,654.569
4903,4.491,654.405,654.569
4904,4.491,654.405,654.569
4905,4.491,654.405,654.569
4906,4.491,654.405,654.569
4907,4.491,654.405,654.569
4908,4.491,654.405,654.569
4909,4.491,654.405,654.569
4910,4.491,654.405,654.569
4911,4.491,654.405,654.569
4912,4.491,654.405,654.569
4913,4.491,654.405,654.569
4914,4.491,654.405,654.569
4915,4.491,654.405,654.569
4916,4.491,654.405,654.569
4917,4.491,654.405,654.569
4918,4.491,654.405,654.569
4919,4.491,654.405,654.569
4920,4.491,654.405,654.569
4921,4.491,654.405,654.569
4922,4.491,654.405,654.569
4923,4.491,654.405,654.569
4924,4.491,654.405,654.569
4925,4.491,654.405,654.569
4926,4.491,654.405,654.569
4927,4.491,654.405,654.569
4928,4.491,654.405,654.569
4929,4.491,654.405,654.569
4930,4.491,654.405,654.569
4931,4.491,654.405,654.569
4932,4.491,654.405,654.569
4933,4.491,654.405,654.569
4934,4.491,654.405,654.569
4935,4.491,654.405,654.569
4936,4.491,654.405,654.569
4937,4.491,654.405,654.569
4938,4.491,654.405,654.569
4939,4.491,654.405,654.569
4940,4.491,654.405,654.569
4941,4.491,654.405,654.569
4942,4.491,654.405,654.569
4943,4.491,654.405,654.569
4944,4.491,654.405,654.569
4945,4.491,654.405,654.569
4946,4.491,654.405,654.569
4947,4.491,654.405,654.569
4948,4.491,654.405,654.569
4949,4.491,654.405,654.569
4950,4.491,654.405,654.569
4951,4.491,654.405,654.569
4952,4.491,654.405,654.569
4953,4.491,654.405,654.569
4954,4.491,654.405,654.569
4955,4.491,654.405,654.569
4956,4.491,654.405,654.569
4957,4.491,654.405,654.569
4958,4.491,654.405,654.569
4959,4.491,654.405,654.569
4960,4.491,654.405,654.569
4961,4.491,654.405,654.569
4962,4.491,654.405,654.569
4963,4.491,654.405,654.569
4964,4.491,654.405,654.569
4965,4.491,654.405,654.569
4966,4.491,654.405,654.569
4967,4.491,654.405,654.569
4968,4.491,654.405,654.569
4969,4.491,654.405,654.569
4970,4.491,654.405,654.569
4971,4.491,654.405,654.569
4972,4.491,654.405,654.569
4973,4.491,654.405,654.569
4974,4.491,654.405,654.569
4975,4.491,654.405,654.569
4976,4.491,654.405,654.569
4977,4.491,654.405,654.569
4978,4.491,654.405,654.569
4979,4.491,654.405,654.569
4980,4.491,654.405,654.569
4981,4.491,654.405,654.569
4982,4.491,654.405,654.569
4983,4.491,654.405,654.569
4984,4.491,654.405,654.569
4985,4.491,654.405,654.569
4986,4.491,654.405,654.569
4987,4.491,654.405,654.569
4988,4.491,654.405,654.569
4989,4.491,654.405,654.569
4990,4.491,654.405,654.569
4991,4.491,654.405,654.569
4992,4.491,654.405,654.569
4993,4.491,654.405,654.569
4994,4.491,654.405,654.569
4995,4.491,654.405,654.569
4996,4.491,654.405,654.569
4997,4.491,654.405,654.569
4998,4.491,654.405,654.569
4999,4.491,654.405,654.569
