Time (s),Mass (g),HRR (kW/m2)
0,0,6.69
1,0,5.61
2,-0.02,5.06
3,-0.08,3.83
4,-0.12,3.23
5,-0.15,3.09
6,-0.18,0.45
7,-0.23,0.00
8,-0.29,0.00
9,-0.37,1.94
10,-0.66,10.89
11,-0.78,29.92
12,-0.91,53.00
13,-1.03,83.69
14,-1.35,115.11
15,-1.49,141.43
16,-1.63,164.43
17,-1.76,184.44
18,-2.1,203.88
19,-2.25,222.39
20,-2.39,239.74
21,-2.53,251.67
22,-2.86,260.75
23,-3.01,267.04
24,-3.15,269.99
25,-3.27,274.38
26,-3.59,271.55
27,-3.71,266.99
28,-3.84,266.28
29,-3.95,265.45
30,-4.27,258.55
31,-4.39,256.25
32,-4.52,255.94
33,-4.63,259.38
34,-4.94,250.18
35,-5.06,240.96
36,-5.18,233.08
37,-5.28,232.51
38,-5.58,229.42
39,-5.68,229.10
40,-5.79,233.13
41,-5.9,227.51
42,-6.19,229.51
43,-6.29,227.41
44,-6.41,223.39
45,-6.52,225.24
46,-6.82,218.93
47,-6.91,215.64
48,-7,215.39
49,-7.1,211.05
50,-7.2,215.28
51,-7.49,214.13
52,-7.58,213.17
53,-7.69,209.46
54,-7.79,208.32
55,-7.87,205.96
56,-8.16,204.70
57,-8.26,202.61
58,-8.37,200.93
59,-8.44,197.80
60,-8.72,200.51
61,-8.81,198.36
62,-8.9,197.02
63,-8.99,200.63
64,-9.06,192.64
65,-9.33,188.67
66,-9.42,185.57
67,-9.53,179.94
68,-9.62,182.04
69,-9.68,184.62
70,-9.79,179.81
71,-9.91,179.63
72,-10.21,182.97
73,-10.29,179.55
74,-10.38,180.49
75,-10.47,179.02
76,-10.54,180.37
77,-10.64,177.30
78,-10.77,177.63
79,-11.03,171.12
80,-11.12,171.37
81,-11.2,166.39
82,-11.29,168.45
83,-11.35,167.94
84,-11.45,169.60
85,-11.57,165.52
86,-11.69,171.21
87,-11.8,166.26
88,-12.09,167.67
89,-12.18,165.52
90,-12.26,164.07
91,-12.33,166.17
92,-12.4,165.06
93,-12.51,165.50
94,-12.63,168.74
95,-12.73,166.69
96,-12.84,162.41
97,-12.96,165.00
98,-13.07,161.65
99,-13.18,161.28
100,-13.31,159.65
101,-13.42,163.65
102,-13.51,159.54
103,-13.62,158.22
104,-13.73,154.83
105,-13.84,157.09
106,-13.95,153.08
107,-14.06,155.03
108,-14.17,157.16
109,-14.29,157.96
110,-14.39,156.04
111,-14.51,158.98
112,-14.62,156.69
113,-14.72,155.67
114,-14.83,153.78
115,-14.94,151.41
116,-15.04,152.46
117,-15.15,152.87
118,-15.25,152.22
119,-15.35,153.69
120,-15.46,154.01
121,-15.57,152.98
122,-15.67,154.04
123,-15.77,153.07
124,-15.86,149.83
125,-15.97,149.88
126,-16.07,144.70
127,-16.18,142.82
128,-16.28,143.71
129,-16.38,145.69
130,-16.48,143.78
131,-16.58,142.72
132,-16.69,142.96
133,-16.78,141.02
134,-16.88,142.36
135,-16.97,141.94
136,-17.07,142.32
137,-17.17,141.86
138,-17.27,140.37
139,-17.37,137.45
140,-17.46,139.64
141,-17.55,137.30
142,-17.65,138.97
143,-17.76,139.14
144,-17.86,137.80
145,-17.95,135.71
146,-18.04,134.08
147,-18.14,135.16
148,-18.22,133.89
149,-18.32,131.62
150,-18.42,133.84
151,-18.52,135.54
152,-18.6,134.13
153,-18.69,133.34
154,-18.79,133.98
155,-18.89,132.30
156,-18.99,130.66
157,-19.08,132.96
158,-19.17,129.12
159,-19.26,134.26
160,-19.34,132.53
161,-19.43,132.92
162,-19.53,130.21
163,-19.62,131.56
164,-19.71,129.64
165,-19.82,129.58
166,-19.91,128.69
167,-20,127.98
168,-20.08,129.48
169,-20.18,126.04
170,-20.27,128.71
171,-20.35,128.08
172,-20.43,128.22
173,-20.52,130.27
174,-20.62,126.57
175,-20.71,128.79
176,-20.82,128.17
177,-20.91,126.08
178,-21,124.08
179,-21.08,125.27
180,-21.16,127.87
181,-21.25,125.18
182,-21.34,127.49
183,-21.42,126.77
184,-21.51,126.60
185,-21.61,127.66
186,-21.7,126.72
187,-21.79,124.85
188,-21.88,124.89
189,-21.97,123.54
190,-22.06,122.27
191,-22.15,125.67
192,-22.24,123.70
193,-22.32,126.26
194,-22.42,125.35
195,-22.51,126.17
196,-22.6,126.53
197,-22.68,123.93
198,-22.77,122.60
199,-22.86,122.67
200,-22.94,122.08
201,-23.03,122.93
202,-23.12,123.97
203,-23.21,122.51
204,-23.29,125.61
205,-23.38,125.55
206,-23.47,123.42
207,-23.56,119.02
208,-23.65,119.90
209,-23.74,122.26
210,-23.82,117.75
211,-23.9,120.22
212,-23.99,122.71
213,-24.08,123.09
214,-24.16,122.43
215,-24.25,119.81
216,-24.33,121.98
217,-24.43,120.40
218,-24.52,120.36
219,-24.59,117.19
220,-24.68,114.96
221,-24.77,115.94
222,-24.85,113.93
223,-24.94,115.31
224,-25.03,117.68
225,-25.11,119.67
226,-25.19,121.44
227,-25.28,121.91
228,-25.36,118.30
229,-25.44,118.32
230,-25.52,116.38
231,-25.63,116.48
232,-25.72,118.41
233,-25.8,115.93
234,-25.87,117.28
235,-25.96,119.49
236,-26.04,118.67
237,-26.13,117.29
238,-26.21,116.46
239,-26.29,118.44
240,-26.37,117.42
241,-26.46,115.51
242,-26.55,117.68
243,-26.64,117.26
244,-26.71,115.77
245,-26.8,118.10
246,-26.87,117.85
247,-26.94,115.72
248,-27.03,115.40
249,-27.12,111.65
250,-27.2,114.95
251,-27.28,112.95
252,-27.36,112.04
253,-27.46,112.67
254,-27.54,115.17
255,-27.61,114.36
256,-27.69,113.26
257,-27.77,111.10
258,-27.85,110.00
259,-27.93,111.68
260,-28.02,109.74
261,-28.1,111.55
262,-28.18,109.96
263,-28.27,111.59
264,-28.35,113.06
265,-28.43,111.97
266,-28.5,110.41
267,-28.58,109.97
268,-28.65,111.79
269,-28.73,109.53
270,-28.81,108.49
271,-28.89,107.24
272,-28.97,108.69
273,-29.04,108.99
274,-29.13,110.28
275,-29.21,110.65
276,-29.3,109.26
277,-29.37,110.91
278,-29.45,111.29
279,-29.53,109.28
280,-29.61,109.71
281,-29.69,108.42
282,-29.77,107.43
283,-29.84,105.88
284,-29.92,109.09
285,-30.01,108.95
286,-30.09,108.58
287,-30.17,109.96
288,-30.24,109.64
289,-30.32,109.10
290,-30.39,110.16
291,-30.47,106.63
292,-30.54,102.22
293,-30.62,106.35
294,-30.69,105.19
295,-30.77,109.53
296,-30.86,108.06
297,-30.94,108.22
298,-31.01,107.29
299,-31.08,106.96
300,-31.16,105.56
301,-31.24,105.28
302,-31.31,102.98
303,-31.39,104.00
304,-31.46,104.58
305,-31.53,101.97
306,-31.61,103.48
307,-31.7,104.88
308,-31.77,105.74
309,-31.84,106.94
310,-31.91,104.01
311,-31.99,102.22
312,-32.06,102.60
313,-32.14,103.05
314,-32.21,103.03
315,-32.28,103.92
316,-32.35,103.12
317,-32.43,105.34
318,-32.51,102.21
319,-32.59,101.35
320,-32.65,100.44
321,-32.73,99.11
322,-32.81,101.84
323,-32.88,101.06
324,-32.95,102.38
325,-33.02,104.50
326,-33.09,104.99
327,-33.16,103.88
328,-33.24,102.27
329,-33.32,102.25
330,-33.39,100.53
331,-33.46,101.21
332,-33.53,100.82
333,-33.6,101.65
334,-33.67,99.59
335,-33.74,101.38
336,-33.82,101.13
337,-33.89,99.36
338,-33.96,101.78
339,-34.03,98.89
340,-34.11,99.32
341,-34.18,95.66
342,-34.25,95.12
343,-34.32,97.38
344,-34.39,100.54
345,-34.46,98.72
346,-34.53,98.72
347,-34.6,99.43
348,-34.67,97.64
349,-34.74,97.82
350,-34.81,99.18
351,-34.88,96.31
352,-34.96,95.48
353,-35.03,97.35
354,-35.1,98.99
355,-35.17,100.01
356,-35.24,98.23
357,-35.3,99.94
358,-35.38,100.00
359,-35.44,101.58
360,-35.5,98.77
361,-35.57,97.23
362,-35.64,94.94
363,-35.73,94.88
364,-35.8,97.69
365,-35.87,98.36
366,-35.93,97.60
367,-36,97.21
368,-36.06,98.75
369,-36.12,96.56
370,-36.2,96.39
371,-36.27,96.86
372,-36.33,96.15
373,-36.42,92.73
374,-36.49,95.28
375,-36.55,96.58
376,-36.61,96.94
377,-36.67,100.06
378,-36.75,99.08
379,-36.83,97.67
380,-36.91,98.45
381,-36.98,98.66
382,-37.04,98.20
383,-37.11,97.41
384,-37.19,96.64
385,-37.26,96.83
386,-37.33,96.64
387,-37.39,98.90
388,-37.45,96.96
389,-37.51,95.69
390,-37.58,95.37
391,-37.65,95.64
392,-37.72,96.92
393,-37.79,94.32
394,-37.87,94.83
395,-37.94,92.67
396,-38,96.91
397,-38.06,96.30
398,-38.14,97.39
399,-38.21,96.77
400,-38.28,96.56
401,-38.36,98.21
402,-38.42,95.21
403,-38.48,92.57
404,-38.55,96.46
405,-38.62,94.94
406,-38.7,96.59
407,-38.76,96.49
408,-38.83,98.75
409,-38.89,97.49
410,-38.96,95.30
411,-39.03,94.69
412,-39.11,95.21
413,-39.17,93.82
414,-39.24,91.42
415,-39.3,92.24
416,-39.37,92.40
417,-39.45,94.48
418,-39.51,96.17
419,-39.57,96.79
420,-39.64,95.43
421,-39.71,93.69
422,-39.78,92.95
423,-39.84,93.10
424,-39.9,90.28
425,-39.97,93.46
426,-40.04,92.94
427,-40.11,94.66
428,-40.18,92.97
429,-40.24,95.26
430,-40.31,93.98
431,-40.37,92.74
432,-40.43,92.55
433,-40.5,92.03
434,-40.58,92.98
435,-40.64,92.90
436,-40.71,94.16
437,-40.78,91.47
438,-40.85,94.40
439,-40.91,94.26
440,-40.97,92.95
441,-41.05,95.07
442,-41.11,93.11
443,-41.18,92.50
444,-41.25,92.70
445,-41.32,95.12
446,-41.39,95.50
447,-41.46,97.24
448,-41.52,93.73
449,-41.58,93.82
450,-41.65,93.67
451,-41.71,93.85
452,-41.78,93.94
453,-41.85,91.98
454,-41.93,92.35
455,-41.99,92.08
456,-42.05,93.38
457,-42.12,94.79
458,-42.19,93.93
459,-42.25,92.86
460,-42.32,97.60
461,-42.39,95.82
462,-42.45,90.41
463,-42.51,91.55
464,-42.58,90.91
465,-42.65,90.05
466,-42.71,91.26
467,-42.78,93.17
468,-42.84,94.12
469,-42.91,93.84
470,-42.98,91.23
471,-43.05,93.14
472,-43.12,93.00
473,-43.18,89.59
474,-43.24,89.62
475,-43.3,90.09
476,-43.37,89.48
477,-43.44,91.48
478,-43.51,91.12
479,-43.57,93.44
480,-43.63,92.88
481,-43.69,90.62
482,-43.77,88.71
483,-43.83,90.00
484,-43.89,90.62
485,-43.96,89.27
486,-44.02,88.98
487,-44.09,89.59
488,-44.16,88.07
489,-44.22,90.69
490,-44.28,90.22
491,-44.34,89.45
492,-44.4,88.75
493,-44.48,89.65
494,-44.54,88.92
495,-44.6,86.82
496,-44.67,87.27
497,-44.73,88.40
498,-44.8,87.51
499,-44.86,89.62
500,-44.92,91.33
501,-44.99,89.80
502,-45.05,88.27
503,-45.12,87.78
504,-45.18,87.04
505,-45.24,86.80
506,-45.3,88.19
507,-45.37,87.95
508,-45.43,89.65
509,-45.49,90.01
510,-45.55,89.69
511,-45.62,88.11
512,-45.69,89.58
513,-45.75,89.13
514,-45.81,88.14
515,-45.88,88.65
516,-45.94,89.31
517,-46,89.82
518,-46.06,88.09
519,-46.12,89.58
520,-46.19,87.41
521,-46.25,86.03
522,-46.32,89.76
523,-46.38,86.79
524,-46.44,87.40
525,-46.51,86.80
526,-46.57,86.52
527,-46.62,87.80
528,-46.69,89.96
529,-46.75,88.69
530,-46.81,87.02
531,-46.87,88.67
532,-46.93,87.82
533,-47,86.82
534,-47.06,87.34
535,-47.12,86.99
536,-47.18,87.05
537,-47.25,86.39
538,-47.3,86.09
539,-47.36,88.89
540,-47.43,89.04
541,-47.49,89.10
542,-47.55,87.76
543,-47.61,86.46
544,-47.67,86.38
545,-47.74,86.03
546,-47.8,86.87
547,-47.86,85.97
548,-47.93,85.58
549,-47.98,87.58
550,-48.04,87.77
551,-48.1,86.44
552,-48.16,86.69
553,-48.22,88.50
554,-48.28,86.65
555,-48.35,85.33
556,-48.41,84.99
557,-48.47,83.76
558,-48.54,87.45
559,-48.6,87.53
560,-48.65,85.75
561,-48.71,85.66
562,-48.77,87.45
563,-48.83,89.42
564,-48.89,85.89
565,-48.96,85.47
566,-49.02,82.92
567,-49.08,83.23
568,-49.13,86.39
569,-49.2,85.99
570,-49.26,88.30
571,-49.31,87.46
572,-49.37,85.25
573,-49.44,85.89
574,-49.5,84.35
575,-49.55,84.16
576,-49.61,84.40
577,-49.67,82.68
578,-49.73,84.99
579,-49.8,86.57
580,-49.86,84.05
581,-49.91,86.39
582,-49.97,85.17
583,-50.03,85.12
584,-50.09,85.35
585,-50.15,83.57
586,-50.2,83.06
587,-50.27,82.51
588,-50.33,83.51
589,-50.39,84.40
590,-50.45,84.76
591,-50.52,85.49
592,-50.58,86.61
593,-50.63,85.31
594,-50.69,84.53
595,-50.76,81.42
596,-50.81,82.00
597,-50.87,81.65
598,-50.93,82.71
599,-50.99,81.83
600,-51.04,84.39
601,-51.1,85.37
602,-51.17,85.19
603,-51.22,84.15
604,-51.28,84.20
605,-51.34,84.01
606,-51.4,82.34
607,-51.46,82.71
608,-51.52,82.48
609,-51.58,82.83
610,-51.64,83.63
611,-51.7,84.68
612,-51.76,85.70
613,-51.82,84.48
614,-51.88,82.98
615,-51.93,82.57
616,-51.99,80.81
617,-52.05,81.70
618,-52.11,80.80
619,-52.17,85.03
620,-52.23,84.47
621,-52.29,83.35
622,-52.35,84.62
623,-52.4,82.04
624,-52.46,81.73
625,-52.51,80.67
626,-52.57,81.45
627,-52.63,80.50
628,-52.69,82.09
629,-52.74,81.10
630,-52.8,82.41
631,-52.85,83.60
632,-52.92,83.19
633,-52.98,84.52
634,-53.04,81.52
635,-53.11,82.86
636,-53.15,80.97
637,-53.21,79.60
638,-53.27,79.84
639,-53.33,80.32
640,-53.38,79.55
641,-53.44,80.95
642,-53.5,82.35
643,-53.56,81.97
644,-53.61,79.68
645,-53.67,82.15
646,-53.74,81.16
647,-53.8,81.19
648,-53.85,80.58
649,-53.91,80.89
650,-53.96,80.07
651,-54.02,81.49
652,-54.08,82.72
653,-54.13,80.59
654,-54.19,80.74
655,-54.25,79.73
656,-54.31,79.56
657,-54.37,77.53
658,-54.42,79.19
659,-54.48,78.85
660,-54.54,79.92
661,-54.59,81.33
662,-54.65,80.80
663,-54.71,80.79
664,-54.77,80.27
665,-54.81,80.94
666,-54.87,79.07
667,-54.93,80.38
668,-55,79.25
669,-55.05,77.99
670,-55.11,79.78
671,-55.17,82.21
672,-55.22,81.42
673,-55.28,82.36
674,-55.34,82.11
675,-55.39,81.66
676,-55.45,80.40
677,-55.51,79.38
678,-55.56,79.71
679,-55.62,79.81
680,-55.67,80.37
681,-55.73,80.68
682,-55.79,83.70
683,-55.85,81.90
684,-55.9,79.83
685,-55.96,79.69
686,-56.02,77.44
687,-56.07,79.66
688,-56.13,79.12
689,-56.18,77.07
690,-56.25,80.92
691,-56.3,78.69
692,-56.35,81.33
693,-56.41,80.44
694,-56.46,80.42
695,-56.52,80.01
696,-56.57,79.26
697,-56.63,78.41
698,-56.68,77.84
699,-56.74,79.43
700,-56.8,77.75
701,-56.85,75.92
702,-56.91,78.25
703,-56.97,79.18
704,-57.02,79.11
705,-57.08,78.92
706,-57.13,78.33
707,-57.19,78.16
708,-57.24,78.93
709,-57.29,76.37
710,-57.35,78.77
711,-57.41,78.43
712,-57.46,80.46
713,-57.52,79.19
714,-57.57,78.58
715,-57.63,78.62
716,-57.69,78.07
717,-57.75,76.14
718,-57.8,76.34
719,-57.85,76.34
720,-57.9,77.26
721,-57.96,78.02
722,-58.03,78.55
723,-58.07,79.06
724,-58.13,78.22
725,-58.18,79.67
726,-58.24,78.10
727,-58.29,78.23
728,-58.35,77.82
729,-58.4,76.47
730,-58.45,76.35
731,-58.51,78.03
732,-58.57,79.19
733,-58.63,80.00
734,-58.67,78.16
735,-58.72,78.03
736,-58.78,79.49
737,-58.85,78.81
738,-58.89,77.11
739,-58.94,75.53
740,-59,75.44
741,-59.06,78.08
742,-59.11,78.10
743,-59.17,77.25
744,-59.23,75.91
745,-59.26,74.68
746,-59.32,75.59
747,-59.37,74.70
748,-59.43,75.65
749,-59.48,73.64
750,-59.54,74.06
751,-59.59,76.89
752,-59.64,76.61
753,-59.7,77.35
754,-59.75,78.17
755,-59.8,77.83
756,-59.84,78.09
757,-59.9,76.19
758,-59.95,75.71
759,-60.01,76.29
760,-60.06,75.36
761,-60.11,74.65
762,-60.17,76.75
763,-60.23,76.36
764,-60.28,74.98
765,-60.34,76.63
766,-60.39,75.98
767,-60.43,74.33
768,-60.49,75.46
769,-60.54,74.12
770,-60.6,76.66
771,-60.66,76.66
772,-60.71,78.26
773,-60.77,76.76
774,-60.82,77.52
775,-60.87,77.03
776,-60.92,74.98
777,-60.98,75.33
778,-61.03,74.59
779,-61.09,75.41
780,-61.14,77.00
781,-61.19,74.52
782,-61.24,73.83
783,-61.29,75.14
784,-61.34,76.37
785,-61.39,75.47
786,-61.45,77.09
787,-61.51,74.99
788,-61.57,73.12
789,-61.62,73.78
790,-61.67,75.24
791,-61.73,74.39
792,-61.78,75.94
793,-61.83,76.25
794,-61.88,76.40
795,-61.94,77.26
796,-61.99,75.43
797,-62.05,76.45
798,-62.1,75.50
799,-62.16,74.42
800,-62.21,75.29
801,-62.26,74.99
802,-62.31,74.11
803,-62.36,74.11
804,-62.42,75.01
805,-62.47,74.48
806,-62.52,74.87
807,-62.58,72.63
808,-62.63,74.53
809,-62.68,73.38
810,-62.74,73.13
811,-62.79,74.46
812,-62.84,74.08
813,-62.89,73.64
814,-62.95,74.28
815,-63,74.28
816,-63.05,76.40
817,-63.1,75.18
818,-63.16,76.11
819,-63.21,74.07
820,-63.26,75.27
821,-63.32,74.89
822,-63.38,75.25
823,-63.43,75.47
824,-63.48,74.27
825,-63.53,74.53
826,-63.58,74.77
827,-63.63,71.18
828,-63.69,72.76
829,-63.74,72.16
830,-63.8,71.71
831,-63.84,71.60
832,-63.9,73.95
833,-63.95,73.62
834,-64,75.68
835,-64.06,75.25
836,-64.1,74.60
837,-64.15,75.54
838,-64.2,73.03
839,-64.26,75.15
840,-64.32,72.62
841,-64.37,74.33
842,-64.41,76.60
843,-64.47,73.77
844,-64.53,74.31
845,-64.58,75.67
846,-64.63,74.02
847,-64.67,74.38
848,-64.72,74.44
849,-64.78,71.70
850,-64.84,74.06
851,-64.89,72.92
852,-64.94,73.51
853,-65,73.31
854,-65.04,75.91
855,-65.09,74.06
856,-65.14,74.35
857,-65.19,75.23
858,-65.25,75.20
859,-65.3,73.57
860,-65.35,73.15
861,-65.41,71.95
862,-65.46,72.69
863,-65.51,70.94
864,-65.57,74.17
865,-65.61,75.83
866,-65.66,74.26
867,-65.72,74.27
868,-65.78,73.43
869,-65.82,73.23
870,-65.87,71.96
871,-65.92,70.57
872,-65.97,72.62
873,-66.03,73.33
874,-66.08,73.29
875,-66.13,74.96
876,-66.18,74.36
877,-66.23,73.19
878,-66.27,72.77
879,-66.33,72.94
880,-66.38,70.94
881,-66.44,71.81
882,-66.49,69.18
883,-66.54,71.60
884,-66.59,73.15
885,-66.64,71.69
886,-66.7,72.49
887,-66.74,74.68
888,-66.8,74.13
889,-66.85,74.66
890,-66.9,72.33
891,-66.95,71.42
892,-67.01,72.64
893,-67.06,73.33
894,-67.11,74.00
895,-67.16,73.71
896,-67.22,75.13
897,-67.27,74.30
898,-67.31,73.22
899,-67.35,73.00
900,-67.41,74.60
901,-67.46,72.12
902,-67.51,72.11
903,-67.56,73.05
904,-67.61,71.58
905,-67.66,71.96
906,-67.7,72.78
907,-67.75,74.04
908,-67.81,74.53
909,-67.87,73.11
910,-67.92,71.69
911,-67.97,72.13
912,-68.02,69.72
913,-68.08,72.53
914,-68.12,72.70
915,-68.17,70.21
916,-68.22,72.68
917,-68.27,75.95
918,-68.31,71.73
919,-68.37,71.71
920,-68.42,71.52
921,-68.47,69.92
922,-68.52,68.79
923,-68.57,70.36
924,-68.62,72.41
925,-68.67,72.00
926,-68.72,72.59
927,-68.77,72.68
928,-68.82,72.67
929,-68.87,72.78
930,-68.92,72.79
931,-68.97,70.91
932,-69.03,72.55
933,-69.08,71.35
934,-69.13,71.88
935,-69.18,70.83
936,-69.22,72.36
937,-69.26,73.30
938,-69.32,71.73
939,-69.37,70.82
940,-69.41,69.65
941,-69.47,69.16
942,-69.52,70.36
943,-69.57,70.96
944,-69.62,70.20
945,-69.67,71.22
946,-69.72,72.52
947,-69.77,72.87
948,-69.82,72.26
949,-69.87,69.79
950,-69.93,70.26
951,-69.98,72.41
952,-70.03,71.32
953,-70.07,71.93
954,-70.12,71.59
955,-70.17,73.36
956,-70.22,71.37
957,-70.28,72.23
958,-70.32,71.74
959,-70.37,72.64
960,-70.42,73.26
961,-70.48,73.99
962,-70.52,71.20
963,-70.56,73.97
964,-70.62,73.41
965,-70.67,73.70
966,-70.72,72.12
967,-70.78,73.76
968,-70.83,72.82
969,-70.87,74.35
970,-70.91,71.36
971,-70.97,70.36
972,-71.02,70.92
973,-71.06,73.15
974,-71.1,71.40
975,-71.14,73.25
976,-71.2,73.05
977,-71.25,74.00
978,-71.3,72.99
979,-71.35,73.01
980,-71.4,72.28
981,-71.45,73.10
982,-71.49,70.79
983,-71.53,70.38
984,-71.58,70.15
985,-71.65,70.27
986,-71.7,69.78
987,-71.75,71.80
988,-71.8,71.87
989,-71.85,73.08
990,-71.91,71.86
991,-71.95,74.46
992,-72,70.85
993,-72.06,71.61
994,-72.11,70.04
995,-72.16,71.14
996,-72.2,72.83
997,-72.25,74.28
998,-72.3,73.46
999,-72.34,73.55
1000,-72.39,73.76
1001,-72.44,73.75
1002,-72.49,72.86
1003,-72.54,71.90
1004,-72.59,71.25
1005,-72.64,71.89
1006,-72.7,72.53
1007,-72.74,72.31
1008,-72.78,72.48
1009,-72.83,73.66
1010,-72.89,74.15
1011,-72.94,73.13
1012,-72.99,72.48
1013,-73.04,71.95
1014,-73.09,71.45
1015,-73.14,69.23
1016,-73.19,68.55
1017,-73.25,73.52
1018,-73.29,71.60
1019,-73.34,73.32
1020,-73.39,71.59
1021,-73.44,72.40
1022,-73.49,70.77
1023,-73.54,70.21
1024,-73.58,70.07
1025,-73.63,68.47
1026,-73.68,70.63
1027,-73.73,70.87
1028,-73.78,70.06
1029,-73.84,71.00
1030,-73.89,71.45
1031,-73.94,70.05
1032,-73.98,70.49
1033,-74.03,68.89
1034,-74.08,70.08
1035,-74.12,70.66
1036,-74.17,70.52
1037,-74.22,71.77
1038,-74.26,71.52
1039,-74.31,68.81
1040,-74.36,70.25
1041,-74.41,69.87
1042,-74.46,68.36
1043,-74.5,67.71
1044,-74.55,67.98
1045,-74.59,68.24
1046,-74.64,71.23
1047,-74.7,69.46
1048,-74.75,70.69
1049,-74.79,71.28
1050,-74.84,70.43
1051,-74.88,70.56
1052,-74.93,67.54
1053,-74.98,67.28
1054,-75.03,67.88
1055,-75.08,66.53
1056,-75.13,68.93
1057,-75.17,69.83
1058,-75.22,70.56
1059,-75.27,69.63
1060,-75.31,69.75
1061,-75.36,68.35
1062,-75.39,65.37
1063,-75.44,65.19
1064,-75.5,68.31
1065,-75.54,67.62
1066,-75.59,67.87
1067,-75.64,68.27
1068,-75.69,70.65
1069,-75.74,68.01
1070,-75.79,68.64
1071,-75.83,66.80
1072,-75.88,67.20
1073,-75.92,65.03
1074,-75.97,67.13
1075,-76.01,66.06
1076,-76.06,66.89
1077,-76.11,67.54
1078,-76.15,67.60
1079,-76.2,65.74
1080,-76.25,67.24
1081,-76.29,67.10
1082,-76.34,68.94
1083,-76.39,66.68
1084,-76.44,68.17
1085,-76.48,66.14
1086,-76.53,66.66
1087,-76.57,66.65
1088,-76.61,68.24
1089,-76.66,68.08
1090,-76.71,69.26
1091,-76.75,69.37
1092,-76.8,68.41
1093,-76.84,66.79
1094,-76.89,67.86
1095,-76.94,65.74
1096,-76.99,68.34
1097,-77.03,67.46
1098,-77.08,68.00
1099,-77.12,67.80
1100,-77.16,69.75
1101,-77.21,65.30
1102,-77.25,67.61
1103,-77.29,65.80
1104,-77.32,67.01
1105,-77.37,68.53
1106,-77.42,66.88
1107,-77.47,65.84
1108,-77.51,66.83
1109,-77.56,68.00
1110,-77.61,67.72
1111,-77.65,66.36
1112,-77.69,66.03
1113,-77.73,66.30
1114,-77.78,65.96
1115,-77.82,63.96
1116,-77.86,63.20
1117,-77.9,64.27
1118,-77.94,65.48
1119,-77.99,65.92
1120,-78.04,65.94
1121,-78.08,62.98
1122,-78.12,65.24
1123,-78.16,64.61
1124,-78.2,65.05
1125,-78.25,64.05
1126,-78.3,63.15
1127,-78.35,63.60
1128,-78.39,64.04
1129,-78.43,64.12
1130,-78.48,64.13
1131,-78.51,64.18
1132,-78.55,66.25
1133,-78.59,65.00
1134,-78.64,66.01
1135,-78.69,63.59
1136,-78.72,64.96
1137,-78.76,63.39
1138,-78.83,64.87
1139,-78.88,64.69
1140,-78.91,65.28
1141,-78.95,65.53
1142,-78.99,66.08
1143,-79.04,67.68
1144,-79.08,66.66
1145,-79.12,65.52
1146,-79.17,66.47
1147,-79.2,64.48
1148,-79.24,66.10
1149,-79.29,65.51
1150,-79.33,66.84
1151,-79.38,64.91
1152,-79.42,67.85
1153,-79.46,66.20
1154,-79.51,62.36
1155,-79.55,61.85
1156,-79.6,62.80
1157,-79.63,62.75
1158,-79.67,64.42
1159,-79.71,64.60
1160,-79.75,63.60
1161,-79.79,63.26
1162,-79.83,63.56
1163,-79.87,63.88
1164,-79.91,64.06
1165,-79.95,62.73
1166,-79.99,62.09
1167,-80.03,62.21
1168,-80.07,64.01
1169,-80.11,64.43
1170,-80.16,63.61
1171,-80.2,65.20
1172,-80.24,63.55
1173,-80.27,62.05
1174,-80.32,61.97
1175,-80.36,61.02
1176,-80.41,61.67
1177,-80.45,61.54
1178,-80.49,62.26
1179,-80.53,61.96
1180,-80.56,63.14
1181,-80.6,64.22
1182,-80.65,60.67
1183,-80.69,63.04
1184,-80.73,62.29
1185,-80.76,61.67
1186,-80.81,59.18
1187,-80.85,60.90
1188,-80.89,60.04
1189,-80.93,61.46
1190,-80.97,61.95
1191,-81.01,62.82
1192,-81.05,62.40
1193,-81.09,62.95
1194,-81.14,61.67
1195,-81.17,58.97
1196,-81.21,59.19
1197,-81.24,59.87
1198,-81.28,61.01
1199,-81.31,60.03
1200,-81.35,59.00
1201,-81.39,62.13
1202,-81.42,60.15
1203,-81.46,60.32
1204,-81.5,60.28
1205,-81.54,59.51
1206,-81.58,60.29
1207,-81.62,60.70
1208,-81.65,61.20
1209,-81.69,61.57
1210,-81.72,60.09
1211,-81.76,61.84
1212,-81.79,61.13
1213,-81.83,60.41
1214,-81.88,59.87
1215,-81.91,58.44
1216,-81.95,59.53
1217,-81.98,57.98
1218,-82.03,58.96
1219,-82.06,60.10
1220,-82.1,60.00
1221,-82.13,61.91
1222,-82.17,60.14
1223,-82.21,61.70
1224,-82.26,60.58
1225,-82.29,59.80
1226,-82.33,60.09
1227,-82.37,58.89
1228,-82.41,58.82
1229,-82.45,60.32
1230,-82.49,59.38
1231,-82.52,59.54
1232,-82.56,58.38
1233,-82.59,59.47
1234,-82.62,58.37
1235,-82.66,57.29
1236,-82.69,56.31
1237,-82.73,57.06
1238,-82.77,58.86
1239,-82.82,59.32
1240,-82.86,59.35
1241,-82.89,58.90
1242,-82.91,58.22
1243,-82.95,58.31
1244,-82.99,58.11
1245,-83.02,59.28
1246,-83.07,56.26
1247,-83.11,55.19
1248,-83.14,57.30
1249,-83.18,58.80
1250,-83.22,58.42
1251,-83.25,59.98
1252,-83.28,58.16
1253,-83.32,58.47
1254,-83.35,57.59
1255,-83.39,55.92
1256,-83.42,54.00
1257,-83.46,55.16
1258,-83.49,56.72
1259,-83.53,56.18
1260,-83.56,57.59
1261,-83.59,58.01
1262,-83.63,56.92
1263,-83.67,57.32
1264,-83.7,56.44
1265,-83.74,58.68
1266,-83.77,56.05
1267,-83.8,55.19
1268,-83.83,56.35
1269,-83.87,55.11
1270,-83.9,55.57
1271,-83.94,54.77
1272,-83.97,56.39
1273,-84.01,56.07
1274,-84.04,55.37
1275,-84.08,55.53
1276,-84.11,54.33
1277,-84.15,54.95
1278,-84.18,53.87
1279,-84.21,55.12
1280,-84.25,56.26
1281,-84.28,57.61
1282,-84.32,55.96
1283,-84.35,58.39
1284,-84.38,56.68
1285,-84.41,55.80
1286,-84.45,55.35
1287,-84.48,56.56
1288,-84.51,53.93
1289,-84.55,54.89
1290,-84.58,53.97
1291,-84.62,55.89
1292,-84.65,54.74
1293,-84.68,56.30
1294,-84.71,55.10
1295,-84.74,53.96
1296,-84.77,54.08
1297,-84.8,52.87
1298,-84.83,53.81
1299,-84.87,54.40
1300,-84.9,54.31
1301,-84.93,54.31
1302,-84.97,54.64
1303,-85,55.10
1304,-85.04,54.76
1305,-85.07,56.01
1306,-85.09,52.49
1307,-85.13,52.75
1308,-85.16,51.36
1309,-85.19,51.72
1310,-85.23,52.57
1311,-85.25,54.86
1312,-85.29,53.50
1313,-85.32,53.50
1314,-85.34,52.06
1315,-85.37,52.87
1316,-85.4,50.58
1317,-85.44,49.99
1318,-85.47,51.56
1319,-85.5,53.42
1320,-85.53,50.01
1321,-85.55,52.44
1322,-85.58,53.55
1323,-85.61,55.56
1324,-85.64,55.79
1325,-85.68,54.15
1326,-85.71,52.73
1327,-85.74,52.31
1328,-85.77,51.30
1329,-85.8,48.83
1330,-85.83,51.05
1331,-85.86,50.06
1332,-85.89,51.35
1333,-85.92,52.44
1334,-85.96,51.17
1335,-85.99,52.03
1336,-86.02,51.39
1337,-86.05,50.88
1338,-86.08,49.99
1339,-86.11,48.47
1340,-86.15,50.47
1341,-86.18,51.91
1342,-86.2,53.28
1343,-86.22,51.89
1344,-86.26,50.67
1345,-86.29,51.94
1346,-86.32,51.65
1347,-86.35,50.32
1348,-86.38,50.10
1349,-86.41,50.23
1350,-86.44,50.63
1351,-86.47,49.10
1352,-86.5,50.83
1353,-86.53,50.98
1354,-86.55,50.53
1355,-86.58,51.44
1356,-86.62,49.96
1357,-86.64,49.95
1358,-86.68,49.73
1359,-86.71,49.02
1360,-86.74,50.52
1361,-86.76,51.55
1362,-86.79,50.03
1363,-86.83,51.14
1364,-86.85,52.15
1365,-86.87,51.11
1366,-86.9,51.64
1367,-86.93,49.28
1368,-86.97,50.75
1369,-86.99,49.34
1370,-87.02,49.92
1371,-87.06,49.57
1372,-87.09,49.69
1373,-87.12,50.36
1374,-87.15,50.68
1375,-87.18,50.29
1376,-87.2,48.65
1377,-87.23,50.35
1378,-87.25,49.42
1379,-87.28,47.91
1380,-87.31,49.01
1381,-87.33,48.54
1382,-87.36,48.82
1383,-87.38,48.61
1384,-87.41,50.45
1385,-87.44,50.86
1386,-87.47,48.44
1387,-87.5,48.23
1388,-87.52,49.11
1389,-87.55,47.95
1390,-87.59,48.63
1391,-87.62,47.53
1392,-87.65,49.42
1393,-87.67,48.99
1394,-87.69,48.55
1395,-87.71,50.36
1396,-87.74,48.86
1397,-87.77,47.23
1398,-87.81,45.70
1399,-87.83,44.94
1400,-87.86,46.50
1401,-87.88,45.84
1402,-87.9,46.05
1403,-87.92,47.01
1404,-87.96,50.37
1405,-87.99,50.58
1406,-88.02,50.46
1407,-88.05,48.84
1408,-88.07,49.79
1409,-88.1,48.24
1410,-88.13,49.68
1411,-88.16,47.15
1412,-88.18,48.94
1413,-88.2,50.33
1414,-88.22,49.96
1415,-88.25,47.95
1416,-88.28,48.95
1417,-88.31,48.12
1418,-88.34,47.28
1419,-88.36,46.93
1420,-88.39,46.62
1421,-88.42,46.45
1422,-88.44,47.82
1423,-88.47,46.63
1424,-88.49,48.27
1425,-88.51,51.02
1426,-88.54,50.00
1427,-88.57,49.38
1428,-88.6,48.37
1429,-88.63,47.17
1430,-88.65,47.65
1431,-88.68,47.13
1432,-88.7,50.31
1433,-88.73,50.96
1434,-88.76,53.71
1435,-88.78,52.95
1436,-88.81,52.98
1437,-88.83,53.00
1438,-88.85,52.74
1439,-88.87,50.34
1440,-88.9,50.56
1441,-88.92,49.32
1442,-88.95,48.16
1443,-88.97,47.52
1444,-89,47.25
1445,-89.02,47.66
1446,-89.05,48.44
1447,-89.07,48.88
1448,-89.1,48.46
1449,-89.12,48.58
1450,-89.15,47.29
1451,-89.17,47.22
1452,-89.19,47.97
1453,-89.22,47.66
1454,-89.24,49.19
1455,-89.26,47.79
1456,-89.28,47.97
1457,-89.3,48.22
1458,-89.34,47.67
1459,-89.37,46.79
1460,-89.39,47.61
1461,-89.41,44.90
1462,-89.44,47.18
1463,-89.45,46.47
1464,-89.48,46.67
1465,-89.51,46.56
1466,-89.54,46.58
1467,-89.56,46.67
1468,-89.59,46.29
1469,-89.61,45.03
1470,-89.63,43.97
1471,-89.65,42.13
1472,-89.68,43.30
1473,-89.7,42.79
1474,-89.72,44.84
1475,-89.74,45.87
1476,-89.76,45.88
1477,-89.79,46.35
1478,-89.81,44.09
1479,-89.84,44.17
1480,-89.86,42.67
1481,-89.88,43.33
1482,-89.91,43.00
1483,-89.92,44.57
1484,-89.95,44.86
1485,-89.97,45.52
1486,-89.99,44.63
1487,-90.02,44.49
1488,-90.04,45.43
1489,-90.07,45.17
1490,-90.1,42.94
1491,-90.12,42.47
1492,-90.14,44.27
1493,-90.16,43.62
1494,-90.19,43.65
1495,-90.22,44.67
1496,-90.24,45.12
1497,-90.26,45.23
1498,-90.28,43.94
1499,-90.3,44.72
1500,-90.33,43.02
1501,-90.35,42.06
1502,-90.38,42.29
1503,-90.4,43.24
1504,-90.42,43.32
1505,-90.45,44.00
1506,-90.47,43.89
1507,-90.49,45.66
1508,-90.51,44.69
1509,-90.54,44.82
1510,-90.55,41.93
1511,-90.58,41.31
1512,-90.6,41.68
1513,-90.62,40.73
1514,-90.65,41.86
1515,-90.67,41.56
1516,-90.69,45.66
1517,-90.71,45.82
1518,-90.73,44.72
1519,-90.75,44.72
1520,-90.77,42.91
1521,-90.8,42.77
1522,-90.84,39.84
1523,-90.86,42.07
1524,-90.87,40.58
1525,-90.88,42.28
1526,-90.9,42.82
1527,-90.92,41.95
1528,-90.93,41.59
1529,-90.96,42.10
1530,-90.99,40.61
1531,-91.01,40.71
1532,-91.03,40.23
1533,-91.05,40.42
1534,-91.08,41.31
1535,-91.1,40.74
1536,-91.12,44.58
1537,-91.15,43.57
1538,-91.18,43.12
1539,-91.2,42.80
1540,-91.22,41.91
1541,-91.24,42.62
1542,-91.26,41.11
1543,-91.28,41.95
1544,-91.3,43.23
1545,-91.31,44.31
1546,-91.32,44.82
1547,-91.35,45.23
1548,-91.39,44.01
1549,-91.41,44.66
1550,-91.43,43.14
1551,-91.45,43.35
1552,-91.47,42.80
1553,-91.5,43.03
1554,-91.52,43.26
1555,-91.54,42.26
1556,-91.55,44.01
1557,-91.57,42.18
1558,-91.6,45.70
1559,-91.62,44.84
1560,-91.64,44.87
1561,-91.67,44.59
1562,-91.69,43.30
1563,-91.7,44.70
1564,-91.72,44.22
1565,-91.75,44.99
1566,-91.77,45.53
1567,-91.79,46.09
1568,-91.81,45.58
1569,-91.83,42.13
1570,-91.85,42.60
1571,-91.87,41.63
1572,-91.89,41.19
1573,-91.91,40.95
1574,-91.94,40.80
1575,-91.95,42.56
1576,-91.97,41.52
1577,-91.99,43.60
1578,-92,41.88
1579,-92.03,41.53
1580,-92.05,41.33
1581,-92.07,39.27
1582,-92.09,37.89
1583,-92.11,37.89
1584,-92.12,38.09
1585,-92.15,38.86
1586,-92.17,40.97
1587,-92.2,40.96
1588,-92.22,42.15
1589,-92.24,40.05
1590,-92.26,39.90
1591,-92.28,38.50
1592,-92.3,37.91
1593,-92.32,37.28
1594,-92.34,37.64
1595,-92.36,36.55
1596,-92.38,40.17
1597,-92.4,41.47
1598,-92.42,39.38
1599,-92.43,40.13
1600,-92.45,39.55
1601,-92.47,40.52
1602,-92.5,39.36
1603,-92.51,39.62
1604,-92.54,39.48
1605,-92.56,40.50
1606,-92.58,38.75
1607,-92.6,40.20
1608,-92.62,41.26
1609,-92.64,42.09
1610,-92.66,40.93
1611,-92.68,38.97
1612,-92.7,37.24
1613,-92.71,37.74
1614,-92.73,38.44
1615,-92.75,38.73
1616,-92.77,38.52
1617,-92.78,38.66
1618,-92.81,39.21
1619,-92.83,39.00
1620,-92.85,39.52
1621,-92.87,39.17
1622,-92.89,38.70
1623,-92.91,36.64
1624,-92.93,37.01
1625,-92.94,37.48
1626,-92.95,38.62
1627,-92.97,38.24
1628,-92.99,39.53
1629,-93.01,37.81
1630,-93.03,39.63
1631,-93.05,37.31
1632,-93.07,38.13
1633,-93.09,38.43
1634,-93.11,40.15
1635,-93.13,38.67
1636,-93.15,39.64
1637,-93.16,39.93
1638,-93.18,38.22
1639,-93.2,40.31
1640,-93.22,38.09
1641,-93.24,37.56
1642,-93.26,38.37
1643,-93.27,36.25
1644,-93.29,36.40
1645,-93.3,37.66
1646,-93.32,37.42
1647,-93.35,37.35
1648,-93.37,37.31
1649,-93.39,36.97
1650,-93.4,36.36
1651,-93.43,36.43
1652,-93.44,35.15
1653,-93.46,36.09
1654,-93.48,35.50
1655,-93.49,36.34
1656,-93.5,37.97
1657,-93.52,38.33
1658,-93.55,38.27
1659,-93.57,38.44
1660,-93.58,37.95
1661,-93.6,35.14
1662,-93.62,36.38
1663,-93.64,35.68
1664,-93.65,38.13
1665,-93.67,36.51
1666,-93.69,37.09
1667,-93.71,37.36
1668,-93.73,39.93
1669,-93.75,40.20
1670,-93.77,39.10
1671,-93.79,38.00
1672,-93.8,38.10
1673,-93.83,37.02
1674,-93.84,35.72
1675,-93.86,38.43
1676,-93.87,38.93
1677,-93.89,38.19
1678,-93.91,40.07
1679,-93.93,40.93
1680,-93.95,39.49
1681,-93.96,38.99
1682,-93.98,37.32
1683,-94,36.11
1684,-94.02,36.91
1685,-94.04,37.24
1686,-94.06,37.21
1687,-94.07,38.20
1688,-94.09,39.42
1689,-94.11,39.49
1690,-94.12,38.31
1691,-94.14,37.26
1692,-94.15,37.00
1693,-94.17,36.54
1694,-94.19,37.09
1695,-94.22,37.15
1696,-94.24,38.94
1697,-94.24,38.38
1698,-94.26,40.43
1699,-94.28,39.55
1700,-94.3,40.03
1701,-94.32,40.01
1702,-94.33,39.12
1703,-94.35,38.18
1704,-94.37,38.16
1705,-94.38,38.62
1706,-94.4,37.24
1707,-94.42,38.83
1708,-94.44,37.29
1709,-94.46,38.07
1710,-94.47,38.54
1711,-94.49,37.36
1712,-94.51,36.41
1713,-94.53,36.22
1714,-94.54,36.75
1715,-94.55,36.22
1716,-94.57,36.32
1717,-94.58,35.90
1718,-94.59,36.91
1719,-94.61,37.14
1720,-94.62,37.05
1721,-94.64,37.15
1722,-94.67,36.09
1723,-94.69,34.46
1724,-94.7,34.66
1725,-94.72,35.33
1726,-94.74,35.73
1727,-94.76,35.84
1728,-94.78,36.34
1729,-94.8,35.48
1730,-94.82,36.20
1731,-94.83,36.12
1732,-94.85,36.10
1733,-94.86,35.22
1734,-94.88,35.23
1735,-94.89,35.54
1736,-94.9,33.57
1737,-94.92,34.27
1738,-94.94,36.36
1739,-94.96,36.29
1740,-94.98,35.73
1741,-95,34.71
1742,-95.01,35.48
1743,-95.03,34.49
1744,-95.06,35.53
1745,-95.07,35.17
1746,-95.08,35.57
1747,-95.1,35.38
1748,-95.12,37.41
1749,-95.13,37.65
1750,-95.15,37.68
1751,-95.17,37.69
1752,-95.18,36.31
1753,-95.2,34.76
1754,-95.21,35.37
1755,-95.23,35.28
1756,-95.25,36.50
1757,-95.27,36.81
1758,-95.29,36.00
1759,-95.3,36.27
1760,-95.33,37.13
1761,-95.35,36.83
1762,-95.36,37.51
1763,-95.38,35.94
1764,-95.39,34.91
1765,-95.41,35.14
1766,-95.43,35.95
1767,-95.44,37.17
1768,-95.46,37.24
1769,-95.47,38.08
1770,-95.48,38.81
1771,-95.51,38.21
1772,-95.52,37.42
1773,-95.54,36.23
1774,-95.55,34.19
1775,-95.57,34.56
1776,-95.59,33.90
1777,-95.61,34.80
1778,-95.62,34.53
1779,-95.64,36.57
1780,-95.65,35.81
1781,-95.67,35.45
1782,-95.68,35.71
1783,-95.69,33.23
1784,-95.71,34.20
1785,-95.72,33.90
1786,-95.74,35.73
1787,-95.76,36.02
1788,-95.77,36.12
1789,-95.79,35.80
1790,-95.82,35.42
1791,-95.84,34.93
1792,-95.86,36.41
1793,-95.87,36.64
1794,-95.88,35.13
1795,-95.9,34.37
1796,-95.92,33.68
1797,-95.94,34.92
1798,-95.96,34.18
1799,-95.96,36.01
1800,-95.98,36.26
1801,-95.99,36.32
1802,-96.01,35.65
1803,-96.03,35.31
1804,-96.04,33.86
1805,-96.06,33.12
1806,-96.08,33.92
1807,-96.1,33.77
1808,-96.12,33.98
1809,-96.14,34.14
1810,-96.15,35.73
1811,-96.16,36.21
1812,-96.18,35.60
1813,-96.19,34.87
1814,-96.21,34.25
1815,-96.22,34.84
1816,-96.24,34.53
1817,-96.26,35.75
1818,-96.27,35.31
1819,-96.29,34.58
1820,-96.31,34.63
1821,-96.32,33.50
1822,-96.33,33.69
1823,-96.35,34.83
1824,-96.37,35.91
1825,-96.37,34.35
1826,-96.39,35.14
1827,-96.41,34.53
1828,-96.43,35.42
1829,-96.44,36.23
1830,-96.46,34.81
1831,-96.47,37.49
1832,-96.49,36.38
1833,-96.51,36.64
1834,-96.52,33.10
1835,-96.54,32.82
1836,-96.56,33.30
1837,-96.57,34.52
1838,-96.59,34.23
1839,-96.61,34.93
1840,-96.62,37.21
1841,-96.63,37.47
1842,-96.65,36.86
1843,-96.67,35.93
1844,-96.68,34.27
1845,-96.7,33.94
1846,-96.71,34.15
1847,-96.73,33.16
1848,-96.75,34.18
1849,-96.76,35.64
1850,-96.77,34.92
1851,-96.79,36.99
1852,-96.81,36.37
1853,-96.84,36.11
1854,-96.85,35.00
1855,-96.86,35.47
1856,-96.87,35.40
1857,-96.89,34.82
1858,-96.9,35.90
1859,-96.92,34.84
1860,-96.93,34.91
1861,-96.95,36.59
1862,-96.97,35.86
1863,-96.98,33.84
1864,-96.99,34.40
1865,-97.02,34.50
1866,-97.04,33.77
1867,-97.06,33.49
1868,-97.07,32.98
1869,-97.09,34.60
1870,-97.1,34.72
1871,-97.11,35.09
1872,-97.13,36.35
1873,-97.15,37.43
1874,-97.16,36.74
1875,-97.18,35.83
1876,-97.19,33.86
1877,-97.21,35.55
1878,-97.23,35.26
1879,-97.24,35.17
1880,-97.25,35.09
1881,-97.27,36.36
1882,-97.29,33.41
1883,-97.3,35.70
1884,-97.32,33.26
1885,-97.34,34.36
1886,-97.35,33.77
1887,-97.36,33.28
1888,-97.38,33.20
1889,-97.4,34.10
1890,-97.41,35.63
1891,-97.43,37.23
1892,-97.44,37.42
1893,-97.45,36.88
1894,-97.47,35.16
1895,-97.49,36.00
1896,-97.5,34.76
1897,-97.52,35.03
1898,-97.54,33.83
1899,-97.55,33.28
1900,-97.57,33.17
1901,-97.58,34.40
1902,-97.59,34.29
1903,-97.61,34.70
1904,-97.63,34.27
1905,-97.65,34.65
1906,-97.67,33.52
1907,-97.68,33.58
1908,-97.69,34.94
1909,-97.71,33.88
1910,-97.73,35.45
1911,-97.74,34.48
1912,-97.75,36.40
1913,-97.77,35.03
1914,-97.79,33.78
1915,-97.8,34.46
1916,-97.82,34.90
1917,-97.83,32.20
1918,-97.85,32.16
1919,-97.86,32.27
1920,-97.88,32.42
1921,-97.89,35.17
1922,-97.91,34.43
1923,-97.92,36.30
1924,-97.93,37.61
1925,-97.95,35.19
1926,-97.96,35.01
1927,-97.98,33.28
1928,-97.99,32.72
1929,-98.01,32.21
1930,-98.02,34.10
1931,-98.03,33.24
1932,-98.05,34.97
1933,-98.08,36.16
1934,-98.1,36.37
1935,-98.11,35.03
1936,-98.12,35.03
1937,-98.13,33.40
1938,-98.15,30.68
1939,-98.17,33.23
1940,-98.18,34.15
1941,-98.2,34.76
1942,-98.21,33.70
1943,-98.22,35.03
1944,-98.24,34.38
1945,-98.25,34.70
1946,-98.26,33.58
1947,-98.27,31.40
1948,-98.29,33.15
1949,-98.31,33.34
1950,-98.32,34.51
1951,-98.34,32.96
1952,-98.35,33.09
1953,-98.36,34.30
1954,-98.38,33.71
1955,-98.4,33.36
1956,-98.41,32.00
1957,-98.42,30.78
1958,-98.44,32.14
1959,-98.45,30.93
1960,-98.47,31.85
1961,-98.48,32.65
1962,-98.5,34.64
1963,-98.53,34.15
1964,-98.54,34.25
1965,-98.54,33.48
1966,-98.54,33.31
1967,-98.55,31.41
1968,-98.57,30.92
1969,-98.6,30.80
1970,-98.61,32.18
1971,-98.62,32.95
1972,-98.64,32.67
1973,-98.66,33.87
1974,-98.67,34.11
1975,-98.68,34.22
1976,-98.69,34.09
1977,-98.71,33.42
1978,-98.72,33.06
1979,-98.73,33.72
1980,-98.75,34.00
1981,-98.77,33.66
1982,-98.8,34.60
1983,-98.81,34.49
1984,-98.83,34.27
1985,-98.85,34.91
1986,-98.86,34.61
1987,-98.87,33.44
1988,-98.88,35.01
1989,-98.9,32.70
1990,-98.91,34.28
1991,-98.93,33.17
1992,-98.95,33.56
1993,-98.96,35.35
1994,-98.97,35.58
1995,-98.98,36.02
1996,-99,35.02
1997,-99.02,35.92
1998,-99.04,33.96
1999,-99.05,33.40
2000,-99.07,34.02
2001,-99.08,34.20
2002,-99.09,35.21
2003,-99.11,36.32
2004,-99.12,36.11
2005,-99.13,36.47
2006,-99.15,35.42
2007,-99.17,34.88
2008,-99.18,33.02
2009,-99.18,31.88
2010,-99.19,30.99
2011,-99.2,31.53
2012,-99.23,32.54
2013,-99.25,33.82
2014,-99.26,33.60
2015,-99.27,34.86
2016,-99.28,33.19
2017,-99.3,34.25
2018,-99.31,33.72
2019,-99.32,33.44
2020,-99.34,33.96
2021,-99.35,33.80
2022,-99.36,33.35
2023,-99.38,34.32
2024,-99.41,34.44
2025,-99.42,35.98
2026,-99.42,34.25
2027,-99.44,34.52
2028,-99.46,33.02
2029,-99.48,34.06
2030,-99.49,33.03
2031,-99.51,34.15
2032,-99.52,34.20
2033,-99.54,34.68
2034,-99.54,35.21
2035,-99.55,36.66
2036,-99.57,33.70
2037,-99.58,34.53
2038,-99.59,34.36
2039,-99.6,33.62
2040,-99.63,34.57
2041,-99.66,34.46
2042,-99.67,34.95
2043,-99.68,36.75
2044,-99.7,36.40
2045,-99.71,35.17
2046,-99.73,34.53
2047,-99.75,35.67
2048,-99.76,35.80
2049,-99.77,37.70
2050,-99.79,36.66
2051,-99.81,36.69
2052,-99.82,36.66
2053,-99.83,39.93
2054,-99.84,38.37
2055,-99.85,38.73
2056,-99.87,37.66
2057,-99.89,38.75
2058,-99.9,36.51
2059,-99.91,37.16
2060,-99.92,34.88
2061,-99.94,36.68
2062,-99.94,36.91
2063,-99.96,37.57
2064,-99.97,36.99
2065,-99.98,37.34
2066,-100,34.85
2067,-100.02,33.82
2068,-100.03,33.47
2069,-100.04,34.68
2070,-100.06,30.65
2071,-100.07,34.23
2072,-100.08,33.50
2073,-100.1,32.95
2074,-100.11,34.12
2075,-100.13,34.40
2076,-100.15,33.79
2077,-100.17,34.25
2078,-100.18,33.09
2079,-100.19,33.10
2080,-100.2,32.84
2081,-100.22,33.42
2082,-100.24,33.47
2083,-100.25,34.30
2084,-100.26,35.44
2085,-100.27,37.59
2086,-100.28,37.91
2087,-100.3,37.92
2088,-100.32,37.58
2089,-100.32,35.40
2090,-100.34,35.60
2091,-100.35,35.07
2092,-100.37,35.95
2093,-100.38,36.31
2094,-100.4,36.84
2095,-100.42,37.19
2096,-100.43,35.76
2097,-100.44,38.41
2098,-100.45,36.29
2099,-100.46,36.13
2100,-100.48,35.53
2101,-100.49,37.49
2102,-100.5,38.56
2103,-100.51,37.59
2104,-100.53,36.25
2105,-100.55,36.43
2106,-100.57,36.96
2107,-100.59,36.20
2108,-100.6,37.59
2109,-100.61,37.31
2110,-100.62,35.79
2111,-100.63,36.02
2112,-100.65,37.03
2113,-100.67,38.38
2114,-100.68,37.42
2115,-100.69,38.45
2116,-100.7,38.88
2117,-100.71,38.79
2118,-100.73,36.63
2119,-100.74,37.60
2120,-100.76,35.05
2121,-100.77,35.67
2122,-100.77,35.75
2123,-100.79,35.48
2124,-100.81,36.25
2125,-100.83,36.27
2126,-100.84,37.19
2127,-100.86,37.69
2128,-100.86,36.57
2129,-100.87,36.81
2130,-100.89,35.57
2131,-100.91,35.48
2132,-100.91,34.42
2133,-100.93,36.44
2134,-100.95,36.07
2135,-100.97,36.01
2136,-100.99,36.33
2137,-101,37.96
2138,-101,34.35
2139,-101.02,34.24
2140,-101.03,33.33
2141,-101.05,34.31
2142,-101.07,34.88
2143,-101.08,34.40
2144,-101.1,34.94
2145,-101.11,35.15
2146,-101.11,34.81
2147,-101.13,35.15
2148,-101.14,34.93
2149,-101.14,35.16
2150,-101.16,34.56
2151,-101.18,34.30
2152,-101.19,32.66
2153,-101.2,33.19
2154,-101.21,35.79
2155,-101.22,36.12
2156,-101.24,37.61
2157,-101.26,35.38
2158,-101.27,36.02
2159,-101.29,36.51
2160,-101.3,35.92
2161,-101.32,36.56
2162,-101.33,34.04
2163,-101.34,35.16
2164,-101.35,34.20
2165,-101.37,36.28
2166,-101.38,36.95
2167,-101.39,36.42
2168,-101.41,36.72
2169,-101.43,34.32
2170,-101.44,35.81
2171,-101.45,34.05
2172,-101.46,35.57
2173,-101.48,32.04
2174,-101.5,35.10
2175,-101.52,36.53
2176,-101.53,37.91
2177,-101.55,36.69
2178,-101.56,38.26
2179,-101.57,36.95
2180,-101.58,36.82
2181,-101.6,35.95
2182,-101.61,35.51
2183,-101.62,32.32
2184,-101.63,34.00
2185,-101.64,35.14
2186,-101.65,36.29
2187,-101.66,36.95
2188,-101.68,36.12
2189,-101.69,33.90
2190,-101.7,34.77
2191,-101.71,33.24
2192,-101.72,32.72
2193,-101.74,33.56
2194,-101.75,35.58
2195,-101.76,33.71
2196,-101.77,37.30
2197,-101.79,37.34
2198,-101.8,38.15
2199,-101.81,35.78
2200,-101.83,36.96
2201,-101.85,34.95
2202,-101.85,34.77
2203,-101.86,33.47
2204,-101.88,34.35
2205,-101.9,34.02
2206,-101.91,35.68
2207,-101.92,34.84
2208,-101.93,35.82
2209,-101.95,35.77
2210,-101.96,35.81
2211,-101.97,33.41
2212,-101.99,33.46
2213,-102.01,32.98
2214,-102.02,33.38
2215,-102.03,33.46
2216,-102.04,33.79
2217,-102.05,35.40
2218,-102.07,36.98
2219,-102.08,36.08
2220,-102.09,35.50
2221,-102.1,34.89
2222,-102.12,36.22
2223,-102.14,34.78
2224,-102.16,34.19
2225,-102.17,32.84
2226,-102.18,33.87
2227,-102.19,33.76
2228,-102.21,33.69
2229,-102.22,32.16
2230,-102.23,32.13
2231,-102.25,32.05
2232,-102.26,32.23
2233,-102.28,31.89
2234,-102.29,32.78
2235,-102.31,31.94
2236,-102.31,33.54
2237,-102.32,33.91
2238,-102.33,34.67
2239,-102.35,32.93
2240,-102.37,33.10
2241,-102.39,33.81
2242,-102.4,32.27
2243,-102.41,30.85
2244,-102.43,32.71
2245,-102.44,32.21
2246,-102.44,33.67
2247,-102.45,32.36
2248,-102.45,30.69
2249,-102.45,30.49
2250,-102.48,31.03
2251,-102.51,29.86
2252,-102.52,30.57
2253,-102.54,30.17
2254,-102.55,30.53
2255,-102.57,29.04
2256,-102.58,30.81
2257,-102.58,29.92
2258,-102.59,32.53
2259,-102.62,31.92
2260,-102.64,32.38
2261,-102.65,31.26
2262,-102.66,31.54
2263,-102.68,29.90
2264,-102.7,30.36
2265,-102.7,30.00
2266,-102.71,30.89
2267,-102.72,31.58
2268,-102.74,31.25
2269,-102.75,32.36
2270,-102.77,31.72
2271,-102.77,30.85
2272,-102.79,30.41
2273,-102.8,30.75
2274,-102.82,29.11
2275,-102.83,29.12
2276,-102.84,30.32
2277,-102.85,31.18
2278,-102.86,31.18
2279,-102.87,31.58
2280,-102.89,30.71
2281,-102.91,30.16
2282,-102.92,27.48
2283,-102.94,29.35
2284,-102.95,29.14
2285,-102.96,29.02
2286,-102.97,29.06
2287,-102.99,30.88
2288,-103.01,32.22
2289,-103.02,32.45
2290,-103.03,32.32
2291,-103.04,32.36
2292,-103.05,29.70
2293,-103.06,30.53
2294,-103.07,29.39
2295,-103.08,30.89
2296,-103.09,32.08
2297,-103.1,30.95
2298,-103.12,32.10
2299,-103.13,32.06
2300,-103.14,31.02
2301,-103.16,31.38
2302,-103.17,30.21
2303,-103.18,30.21
2304,-103.19,29.96
2305,-103.21,29.09
2306,-103.23,29.64
2307,-103.25,30.67
2308,-103.26,30.61
2309,-103.26,30.38
2310,-103.27,29.97
2311,-103.29,31.64
2312,-103.3,30.65
2313,-103.31,30.55
2314,-103.34,31.42
2315,-103.35,30.55
2316,-103.36,31.04
2317,-103.38,32.00
2318,-103.39,31.70
2319,-103.4,34.71
2320,-103.41,32.93
2321,-103.43,32.92
2322,-103.44,32.35
2323,-103.45,32.95
2324,-103.45,31.89
2325,-103.46,32.31
2326,-103.48,31.62
2327,-103.49,32.18
2328,-103.51,31.91
2329,-103.52,32.99
2330,-103.53,31.86
2331,-103.54,33.39
2332,-103.55,32.76
2333,-103.57,31.02
2334,-103.58,30.37
2335,-103.58,31.00
2336,-103.6,32.13
2337,-103.62,32.98
2338,-103.62,34.84
2339,-103.63,35.16
2340,-103.64,35.76
2341,-103.66,36.85
2342,-103.68,34.61
2343,-103.69,36.07
2344,-103.7,34.45
2345,-103.71,34.97
2346,-103.72,32.76
2347,-103.74,34.96
2348,-103.75,35.98
2349,-103.77,35.92
2350,-103.78,36.08
2351,-103.79,34.95
2352,-103.81,33.48
2353,-103.82,35.81
2354,-103.83,32.81
2355,-103.84,32.36
2356,-103.85,32.01
2357,-103.87,32.27
2358,-103.88,32.19
2359,-103.89,34.46
2360,-103.9,33.24
2361,-103.91,32.75
2362,-103.93,31.25
2363,-103.94,32.55
2364,-103.95,30.33
2365,-103.96,31.68
2366,-103.97,29.57
2367,-103.99,30.41
2368,-104,30.61
2369,-104.01,31.39
2370,-104.02,30.36
2371,-104.04,31.27
2372,-104.05,29.43
2373,-104.07,29.82
2374,-104.08,28.62
2375,-104.1,29.42
2376,-104.13,29.87
2377,-104.14,33.01
2378,-104.15,32.60
2379,-104.16,34.57
2380,-104.17,34.61
2381,-104.19,33.02
2382,-104.2,32.81
2383,-104.2,33.04
2384,-104.21,31.66
2385,-104.23,30.92
2386,-104.25,28.86
2387,-104.26,31.10
2388,-104.27,31.30
2389,-104.28,32.45
2390,-104.29,34.64
2391,-104.31,34.12
2392,-104.32,33.73
2393,-104.33,34.57
2394,-104.34,33.69
2395,-104.34,33.05
2396,-104.36,31.28
2397,-104.37,33.79
2398,-104.39,32.87
2399,-104.41,34.11
2400,-104.42,33.28
2401,-104.44,31.87
2402,-104.45,31.19
2403,-104.47,30.99
2404,-104.48,29.75
2405,-104.49,31.63
2406,-104.5,32.06
2407,-104.51,30.99
2408,-104.53,30.21
2409,-104.53,30.91
2410,-104.54,32.56
2411,-104.55,31.54
2412,-104.56,30.95
2413,-104.58,32.54
2414,-104.59,31.95
2415,-104.61,31.13
2416,-104.63,30.23
2417,-104.65,30.05
2418,-104.66,29.83
2419,-104.67,30.49
2420,-104.68,31.65
2421,-104.7,30.66
2422,-104.71,31.45
2423,-104.72,31.85
2424,-104.74,30.52
2425,-104.74,28.95
2426,-104.75,30.10
2427,-104.77,29.10
2428,-104.78,29.97
2429,-104.79,29.26
2430,-104.8,30.80
2431,-104.81,30.44
2432,-104.83,30.70
2433,-104.85,30.61
2434,-104.86,30.55
2435,-104.87,29.50
2436,-104.88,29.22
2437,-104.9,29.67
2438,-104.91,31.32
2439,-104.92,31.11
2440,-104.93,30.63
2441,-104.95,31.43
2442,-104.96,31.01
2443,-104.97,30.25
2444,-104.98,30.68
2445,-104.99,28.92
2446,-105.01,28.33
2447,-105.02,29.23
2448,-105.03,30.05
2449,-105.05,30.61
2450,-105.06,31.93
2451,-105.08,29.90
2452,-105.1,31.71
2453,-105.11,31.69
2454,-105.12,30.87
2455,-105.13,30.94
2456,-105.14,30.44
2457,-105.16,29.74
2458,-105.18,30.17
2459,-105.19,29.81
2460,-105.2,31.40
2461,-105.21,31.73
2462,-105.22,32.06
2463,-105.23,31.79
2464,-105.25,32.40
2465,-105.26,30.69
2466,-105.26,30.25
2467,-105.27,28.17
2468,-105.28,29.08
2469,-105.3,29.74
2470,-105.32,31.53
2471,-105.33,31.09
2472,-105.34,31.34
2473,-105.35,31.37
2474,-105.36,29.83
2475,-105.38,28.88
2476,-105.39,30.06
2477,-105.4,30.82
2478,-105.41,32.08
2479,-105.42,30.57
2480,-105.43,30.01
2481,-105.45,30.76
2482,-105.46,32.18
2483,-105.48,30.53
2484,-105.49,30.78
2485,-105.5,27.93
2486,-105.52,28.35
2487,-105.53,28.84
2488,-105.54,28.22
2489,-105.56,29.80
2490,-105.57,30.83
2491,-105.58,30.87
2492,-105.59,31.75
2493,-105.6,30.77
2494,-105.61,30.05
2495,-105.62,29.08
2496,-105.63,30.68
2497,-105.64,28.25
2498,-105.65,28.16
2499,-105.66,27.34
2500,-105.68,29.92
2501,-105.69,29.59
2502,-105.71,31.14
2503,-105.72,31.35
2504,-105.74,32.06
2505,-105.75,29.31
2506,-105.76,30.34
2507,-105.77,29.09
2508,-105.79,28.74
2509,-105.8,30.09
2510,-105.8,31.09
2511,-105.81,31.79
2512,-105.82,32.87
2513,-105.84,30.82
2514,-105.84,30.99
2515,-105.86,29.26
2516,-105.87,29.65
2517,-105.88,29.17
2518,-105.9,29.77
2519,-105.92,28.88
2520,-105.93,29.20
2521,-105.94,29.73
2522,-105.94,30.44
2523,-105.96,31.30
2524,-105.98,30.98
2525,-105.99,31.10
2526,-106,30.99
2527,-106.02,30.46
2528,-106.02,28.64
2529,-106.03,30.53
2530,-106.05,29.37
2531,-106.06,29.93
2532,-106.07,31.71
2533,-106.08,30.40
2534,-106.09,31.39
2535,-106.09,31.06
2536,-106.1,32.23
2537,-106.12,28.86
2538,-106.14,29.57
2539,-106.15,29.41
2540,-106.17,30.41
2541,-106.18,30.58
2542,-106.2,31.06
2543,-106.21,30.11
2544,-106.22,30.42
2545,-106.22,29.80
2546,-106.23,29.02
2547,-106.24,29.26
2548,-106.26,29.34
2549,-106.27,30.51
2550,-106.28,31.03
2551,-106.3,30.53
2552,-106.31,30.76
2553,-106.32,30.26
2554,-106.33,31.67
2555,-106.34,31.21
2556,-106.35,31.00
2557,-106.37,29.81
2558,-106.38,28.71
2559,-106.38,28.90
2560,-106.39,28.83
2561,-106.41,27.38
2562,-106.42,29.38
2563,-106.44,28.92
2564,-106.45,30.10
2565,-106.46,30.20
2566,-106.47,30.84
2567,-106.48,29.20
2568,-106.5,28.96
2569,-106.51,29.34
2570,-106.52,30.63
2571,-106.54,30.52
2572,-106.56,31.30
2573,-106.56,32.27
2574,-106.57,32.31
2575,-106.59,31.61
2576,-106.61,30.99
2577,-106.62,30.35
2578,-106.63,30.11
2579,-106.64,30.75
2580,-106.66,29.94
2581,-106.67,29.84
2582,-106.68,30.07
2583,-106.69,31.06
2584,-106.7,33.28
2585,-106.72,31.83
2586,-106.74,32.46
2587,-106.75,31.56
2588,-106.76,30.22
2589,-106.76,29.46
2590,-106.77,32.02
2591,-106.79,31.58
2592,-106.81,31.13
2593,-106.83,30.99
2594,-106.84,32.64
2595,-106.85,31.40
2596,-106.86,30.12
2597,-106.87,30.53
2598,-106.89,29.77
2599,-106.9,30.35
2600,-106.91,30.82
2601,-106.92,29.90
2602,-106.93,29.57
2603,-106.94,30.65
2604,-106.96,30.82
2605,-106.96,29.14
2606,-106.98,29.05
2607,-107,31.01
2608,-107.01,28.90
2609,-107.02,29.48
2610,-107.03,30.42
2611,-107.04,30.78
2612,-107.05,29.50
2613,-107.07,31.50
2614,-107.08,30.95
2615,-107.09,31.10
2616,-107.09,29.46
2617,-107.11,29.60
2618,-107.12,27.97
2619,-107.14,29.62
2620,-107.16,28.02
2621,-107.17,28.44
2622,-107.18,28.94
2623,-107.19,31.81
2624,-107.21,32.59
2625,-107.22,32.09
2626,-107.24,30.32
2627,-107.25,30.56
2628,-107.26,30.22
2629,-107.28,29.42
2630,-107.28,29.75
2631,-107.28,29.09
2632,-107.3,30.19
2633,-107.31,31.75
2634,-107.33,30.45
2635,-107.33,31.39
2636,-107.35,29.10
2637,-107.36,29.32
2638,-107.38,29.30
2639,-107.39,29.87
2640,-107.41,27.82
2641,-107.42,28.67
2642,-107.43,28.43
2643,-107.44,28.86
2644,-107.45,29.21
2645,-107.47,31.62
2646,-107.48,29.65
2647,-107.49,30.42
2648,-107.51,28.74
2649,-107.52,27.48
2650,-107.53,27.71
2651,-107.54,27.43
2652,-107.56,28.36
2653,-107.57,31.21
2654,-107.59,30.37
2655,-107.59,29.94
2656,-107.61,29.38
2657,-107.62,30.35
2658,-107.63,30.20
2659,-107.64,29.69
2660,-107.66,28.01
2661,-107.68,29.43
2662,-107.69,29.21
2663,-107.7,29.83
2664,-107.71,29.82
2665,-107.72,31.79
2666,-107.73,30.69
2667,-107.75,32.02
2668,-107.76,31.77
2669,-107.77,30.55
2670,-107.78,29.42
2671,-107.79,30.16
2672,-107.8,31.15
2673,-107.81,31.82
2674,-107.83,32.27
2675,-107.85,32.32
2676,-107.87,32.34
2677,-107.89,32.23
2678,-107.9,33.09
2679,-107.92,30.53
2680,-107.94,30.47
2681,-107.96,30.57
2682,-107.97,30.26
2683,-107.97,31.28
2684,-107.97,32.95
2685,-107.98,33.68
2686,-107.99,32.71
2687,-108.01,31.62
2688,-108.03,32.25
2689,-108.04,31.24
2690,-108.06,29.40
2691,-108.08,30.09
2692,-108.09,30.93
2693,-108.1,31.57
2694,-108.12,31.47
2695,-108.13,31.18
2696,-108.14,32.97
2697,-108.15,33.21
2698,-108.17,32.68
2699,-108.18,31.69
2700,-108.19,29.93
2701,-108.2,29.91
2702,-108.22,31.39
2703,-108.24,31.83
2704,-108.25,31.84
2705,-108.27,33.16
2706,-108.29,34.22
2707,-108.3,32.40
2708,-108.3,32.10
2709,-108.32,32.08
2710,-108.33,30.19
2711,-108.35,31.43
2712,-108.37,30.48
2713,-108.38,30.51
2714,-108.39,31.04
2715,-108.41,30.99
2716,-108.42,32.04
2717,-108.44,32.58
2718,-108.45,30.84
2719,-108.46,30.29
2720,-108.48,30.40
2721,-108.5,31.31
2722,-108.51,31.03
2723,-108.53,31.92
2724,-108.54,32.77
2725,-108.55,34.61
2726,-108.56,34.09
2727,-108.58,32.60
2728,-108.59,32.07
2729,-108.6,32.55
2730,-108.61,31.24
2731,-108.62,30.67
2732,-108.64,30.06
2733,-108.66,29.98
2734,-108.67,30.24
2735,-108.68,30.92
2736,-108.69,31.92
2737,-108.71,31.49
2738,-108.72,29.80
2739,-108.73,30.99
2740,-108.75,31.03
2741,-108.77,29.96
2742,-108.78,30.34
2743,-108.79,30.11
2744,-108.8,32.34
2745,-108.81,31.42
2746,-108.82,31.99
2747,-108.84,31.86
2748,-108.84,31.45
2749,-108.86,29.60
2750,-108.87,30.82
2751,-108.89,30.04
2752,-108.89,29.64
2753,-108.9,29.61
2754,-108.91,30.91
2755,-108.93,31.53
2756,-108.94,31.58
2757,-108.96,30.54
2758,-108.98,30.31
2759,-108.99,30.61
2760,-109,30.03
2761,-109,28.54
2762,-109.01,29.32
2763,-109.03,28.91
2764,-109.05,29.48
2765,-109.06,31.02
2766,-109.08,32.74
2767,-109.09,33.99
2768,-109.09,33.41
2769,-109.1,32.50
2770,-109.11,31.95
2771,-109.13,29.88
2772,-109.14,31.20
2773,-109.16,29.66
2774,-109.17,31.54
2775,-109.19,30.96
2776,-109.21,31.96
2777,-109.21,30.15
2778,-109.22,30.01
2779,-109.23,29.77
2780,-109.24,29.23
2781,-109.25,26.12
2782,-109.27,27.87
2783,-109.28,27.13
2784,-109.29,29.74
2785,-109.31,27.75
2786,-109.32,29.87
2787,-109.32,28.91
2788,-109.32,30.49
2789,-109.33,29.24
2790,-109.33,28.36
2791,-109.33,26.61
2792,-109.34,28.83
2793,-109.37,27.31
2794,-109.38,29.22
2795,-109.39,28.97
2796,-109.4,29.76
2797,-109.42,29.44
2798,-109.44,29.93
2799,-109.46,29.93
2800,-109.46,30.59
2801,-109.47,30.59
2802,-109.49,32.37
2803,-109.51,32.09
2804,-109.52,31.81
2805,-109.54,30.72
2806,-109.54,32.01
2807,-109.54,32.81
2808,-109.55,32.36
2809,-109.57,32.04
2810,-109.58,31.10
2811,-109.59,28.51
2812,-109.6,27.92
2813,-109.6,27.62
2814,-109.61,29.01
2815,-109.63,27.38
2816,-109.65,29.39
2817,-109.67,28.34
2818,-109.67,30.51
2819,-109.68,28.37
2820,-109.69,29.03
2821,-109.7,29.16
2822,-109.71,28.64
2823,-109.72,28.53
2824,-109.74,29.56
2825,-109.76,27.88
2826,-109.77,29.93
2827,-109.77,29.09
2828,-109.78,28.47
2829,-109.8,28.77
2830,-109.81,28.43
2831,-109.82,29.19
2832,-109.83,27.47
2833,-109.83,27.42
2834,-109.84,27.58
2835,-109.86,27.42
2836,-109.87,28.26
2837,-109.88,28.80
2838,-109.89,28.60
2839,-109.9,28.98
2840,-109.91,28.06
2841,-109.91,28.17
2842,-109.92,28.76
2843,-109.94,27.93
2844,-109.95,28.68
2845,-109.97,27.50
2846,-109.98,29.01
2847,-109.98,28.62
2848,-110,29.18
2849,-110.02,28.53
2850,-110.04,28.11
2851,-110.05,28.45
2852,-110.05,26.75
2853,-110.06,28.95
2854,-110.07,28.45
2855,-110.08,27.41
2856,-110.09,28.51
2857,-110.09,27.66
2858,-110.11,28.21
2859,-110.12,27.53
2860,-110.13,27.14
2861,-110.15,29.04
2862,-110.16,28.43
2863,-110.16,28.32
2864,-110.17,28.34
2865,-110.18,27.15
2866,-110.19,27.52
2867,-110.2,29.11
2868,-110.21,28.80
2869,-110.23,29.35
2870,-110.23,29.19
2871,-110.24,29.16
2872,-110.25,27.78
2873,-110.26,27.35
2874,-110.27,26.53
2875,-110.28,25.36
2876,-110.29,25.24
2877,-110.3,26.24
2878,-110.31,26.76
2879,-110.32,25.61
2880,-110.33,27.61
2881,-110.34,26.50
2882,-110.35,25.71
2883,-110.35,25.32
2884,-110.36,25.55
2885,-110.38,26.26
2886,-110.38,27.06
2887,-110.39,27.92
2888,-110.4,29.59
2889,-110.42,28.72
2890,-110.43,27.54
2891,-110.44,27.56
2892,-110.45,25.78
2893,-110.46,26.62
2894,-110.46,25.83
2895,-110.48,26.59
2896,-110.49,25.75
2897,-110.49,25.80
2898,-110.49,28.07
2899,-110.51,27.22
2900,-110.53,27.65
2901,-110.54,27.80
2902,-110.54,26.52
2903,-110.55,26.64
2904,-110.56,25.56
2905,-110.57,25.88
2906,-110.58,27.78
2907,-110.59,28.61
2908,-110.61,29.43
2909,-110.62,29.07
2910,-110.62,27.30
2911,-110.63,29.19
2912,-110.64,27.54
2913,-110.64,27.12
2914,-110.64,25.16
2915,-110.66,26.97
2916,-110.68,26.84
2917,-110.69,27.22
2918,-110.7,27.90
2919,-110.71,28.16
2920,-110.73,26.62
2921,-110.74,27.41
2922,-110.75,25.95
2923,-110.76,26.51
2924,-110.77,25.35
2925,-110.77,26.13
2926,-110.78,27.01
2927,-110.78,28.78
2928,-110.77,27.17
2929,-110.78,26.88
2930,-110.81,25.67
2931,-110.82,27.26
2932,-110.84,26.39
2933,-110.85,25.69
2934,-110.86,24.39
2935,-110.86,25.23
2936,-110.88,26.42
2937,-110.89,26.60
2938,-110.91,26.33
2939,-110.92,27.56
2940,-110.93,28.06
2941,-110.93,28.65
2942,-110.93,28.88
2943,-110.94,29.40
2944,-110.96,26.96
2945,-110.97,28.33
2946,-110.97,28.80
2947,-110.99,29.41
2948,-111,30.58
2949,-111,30.53
2950,-111.02,29.61
2951,-111.03,28.40
2952,-111.04,26.56
2953,-111.04,27.53
2954,-111.05,26.55
2955,-111.07,28.33
2956,-111.08,27.67
2957,-111.09,30.85
2958,-111.1,30.39
2959,-111.1,31.14
2960,-111.12,29.68
2961,-111.12,29.99
2962,-111.13,29.18
2963,-111.15,29.39
2964,-111.16,28.00
2965,-111.17,27.77
2966,-111.18,28.57
2967,-111.19,29.62
2968,-111.2,26.70
2969,-111.21,29.58
2970,-111.22,27.46
2971,-111.23,27.33
2972,-111.25,27.13
2973,-111.26,26.55
2974,-111.26,26.16
2975,-111.27,26.42
2976,-111.29,26.52
2977,-111.3,26.64
2978,-111.3,26.07
2979,-111.31,27.11
2980,-111.32,26.88
2981,-111.32,25.80
2982,-111.33,25.18
2983,-111.35,25.49
2984,-111.36,25.48
2985,-111.36,25.07
2986,-111.38,25.16
2987,-111.39,26.92
2988,-111.39,27.58
2989,-111.4,28.51
2990,-111.41,28.64
2991,-111.42,28.04
2992,-111.44,25.51
2993,-111.45,24.77
2994,-111.46,25.40
2995,-111.47,24.71
2996,-111.48,24.83
2997,-111.49,25.39
2998,-111.5,27.60
2999,-111.51,27.37
3000,-111.52,28.00
3001,-111.52,28.22
3002,-111.53,25.59
3003,-111.55,26.76
3004,-111.56,26.31
3005,-111.57,26.35
3006,-111.58,26.81
3007,-111.59,26.48
3008,-111.61,26.05
3009,-111.61,26.82
3010,-111.62,28.36
3011,-111.63,27.40
3012,-111.63,26.00
3013,-111.64,24.90
3014,-111.65,26.06
3015,-111.66,24.46
3016,-111.67,24.66
3017,-111.69,23.37
3018,-111.69,25.55
3019,-111.69,25.58
3020,-111.69,26.69
3021,-111.69,27.37
3022,-111.7,27.18
3023,-111.7,26.93
3024,-111.72,26.20
3025,-111.75,24.50
3026,-111.77,26.63
3027,-111.78,26.90
3028,-111.79,27.87
3029,-111.8,29.51
3030,-111.8,29.12
3031,-111.81,28.75
3032,-111.82,29.25
3033,-111.84,27.64
3034,-111.86,27.64
3035,-111.87,26.67
3036,-111.87,27.49
3037,-111.88,27.26
3038,-111.88,29.53
3039,-111.89,29.44
3040,-111.9,29.99
3041,-111.91,30.64
3042,-111.92,29.35
3043,-111.93,28.72
3044,-111.94,27.60
3045,-111.95,27.76
3046,-111.97,26.68
3047,-111.97,26.02
3048,-111.98,26.81
3049,-112,26.18
3050,-112,27.19
3051,-112.01,27.84
3052,-112.02,27.12
3053,-112.04,26.51
3054,-112.04,26.48
3055,-112.05,24.50
3056,-112.06,24.93
3057,-112.07,25.84
3058,-112.08,26.95
3059,-112.09,25.47
3060,-112.11,27.25
3061,-112.12,28.36
3062,-112.14,29.12
3063,-112.14,27.55
3064,-112.15,27.61
3065,-112.16,26.06
3066,-112.17,27.62
3067,-112.17,26.04
3068,-112.18,28.12
3069,-112.19,27.66
3070,-112.2,28.10
3071,-112.21,27.06
3072,-112.22,28.48
3073,-112.23,26.10
3074,-112.24,27.40
3075,-112.24,25.56
3076,-112.26,26.83
3077,-112.28,26.96
3078,-112.29,28.59
3079,-112.29,28.91
3080,-112.3,30.59
3081,-112.3,29.78
3082,-112.31,30.02
3083,-112.33,30.11
3084,-112.34,28.89
3085,-112.35,27.76
3086,-112.35,27.34
3087,-112.35,25.90
3088,-112.35,26.97
3089,-112.37,26.21
3090,-112.38,27.62
3091,-112.4,27.03
3092,-112.4,27.56
3093,-112.41,26.94
3094,-112.44,27.82
3095,-112.44,27.23
3096,-112.45,27.86
3097,-112.47,27.57
3098,-112.48,28.97
3099,-112.48,29.03
3100,-112.49,29.45
3101,-112.5,27.86
3102,-112.51,30.77
3103,-112.53,29.67
3104,-112.54,28.72
3105,-112.55,26.58
3106,-112.56,26.62
3107,-112.57,28.36
3108,-112.57,30.54
3109,-112.58,30.61
3110,-112.58,31.15
3111,-112.58,31.15
3112,-112.59,33.65
3113,-112.61,30.85
3114,-112.62,31.15
3115,-112.63,31.00
3116,-112.64,30.18
3117,-112.65,30.66
3118,-112.66,30.10
3119,-112.66,31.21
3120,-112.67,31.49
3121,-112.69,31.14
3122,-112.7,32.91
3123,-112.7,30.49
3124,-112.71,28.58
3125,-112.72,27.75
3126,-112.73,29.12
3127,-112.75,27.33
3128,-112.76,27.96
3129,-112.77,27.69
3130,-112.78,28.95
3131,-112.79,28.62
3132,-112.79,30.78
3133,-112.8,29.62
3134,-112.81,28.35
3135,-112.82,28.38
3136,-112.83,28.03
3137,-112.85,27.72
3138,-112.85,27.60
3139,-112.85,28.56
3140,-112.85,28.97
3141,-112.86,31.09
3142,-112.87,31.27
3143,-112.89,30.35
3144,-112.91,30.47
3145,-112.92,29.78
3146,-112.93,30.08
3147,-112.93,28.38
3148,-112.93,28.02
3149,-112.92,25.32
3150,-112.92,27.64
3151,-112.94,29.13
3152,-112.96,27.52
3153,-112.98,27.78
3154,-112.99,27.70
3155,-113,25.42
3156,-113.01,25.00
3157,-113.02,26.65
3158,-113.02,25.69
3159,-113.04,25.91
3160,-113.05,27.60
3161,-113.05,28.26
3162,-113.06,29.92
3163,-113.07,29.11
3164,-113.08,27.04
3165,-113.1,26.34
3166,-113.11,25.89
3167,-113.12,26.35
3168,-113.12,24.38
3169,-113.13,25.11
3170,-113.15,26.70
3171,-113.16,27.32
3172,-113.17,26.14
3173,-113.17,27.92
3174,-113.18,27.31
3175,-113.19,28.71
3176,-113.2,27.30
3177,-113.2,26.87
3178,-113.21,27.66
3179,-113.23,27.25
3180,-113.23,27.54
3181,-113.24,26.75
3182,-113.25,28.21
3183,-113.26,28.23
3184,-113.28,28.54
3185,-113.29,27.03
3186,-113.29,25.96
3187,-113.3,26.04
3188,-113.31,24.29
3189,-113.32,24.61
3190,-113.32,25.58
3191,-113.33,25.71
3192,-113.34,26.39
3193,-113.34,26.42
3194,-113.35,26.34
3195,-113.36,24.06
3196,-113.36,23.17
3197,-113.37,24.13
3198,-113.37,25.65
3199,-113.39,24.35
3200,-113.4,25.28
3201,-113.41,25.19
3202,-113.43,25.90
3203,-113.44,24.85
3204,-113.44,24.97
3205,-113.44,27.29
3206,-113.45,23.22
3207,-113.47,22.89
3208,-113.47,23.09
3209,-113.48,23.88
3210,-113.49,23.01
3211,-113.5,23.89
3212,-113.51,23.68
3213,-113.52,24.91
3214,-113.53,25.23
3215,-113.54,25.43
3216,-113.55,22.51
3217,-113.56,24.66
3218,-113.57,24.71
3219,-113.57,25.38
3220,-113.58,24.59
3221,-113.59,24.76
3222,-113.6,23.84
3223,-113.6,25.30
3224,-113.61,24.50
3225,-113.62,25.25
3226,-113.63,22.99
3227,-113.64,24.05
3228,-113.65,21.65
3229,-113.65,23.37
3230,-113.66,23.27
3231,-113.67,24.17
3232,-113.68,24.53
3233,-113.69,26.53
3234,-113.7,26.45
3235,-113.71,26.41
3236,-113.7,24.14
3237,-113.69,26.16
3238,-113.69,23.73
3239,-113.71,24.11
3240,-113.74,23.12
3241,-113.74,23.34
3242,-113.74,24.52
3243,-113.75,24.75
3244,-113.77,24.80
3245,-113.78,25.47
3246,-113.79,24.57
3247,-113.79,25.89
3248,-113.79,25.22
3249,-113.79,25.62
3250,-113.79,25.43
3251,-113.81,26.05
3252,-113.84,26.53
3253,-113.85,26.09
3254,-113.86,27.33
3255,-113.87,27.69
3256,-113.88,26.09
3257,-113.89,26.16
3258,-113.89,23.68
3259,-113.89,25.89
3260,-113.9,26.07
3261,-113.92,26.06
3262,-113.93,26.13
3263,-113.93,26.23
3264,-113.94,27.15
3265,-113.95,28.97
3266,-113.96,26.73
3267,-113.96,27.84
3268,-113.98,25.42
3269,-114,25.32
3270,-114.01,24.97
3271,-114.01,25.81
3272,-114.02,27.07
3273,-114.02,28.89
3274,-114.03,28.32
3275,-114.05,28.79
3276,-114.06,28.00
3277,-114.08,28.03
3278,-114.09,26.75
3279,-114.1,26.43
3280,-114.1,25.12
3281,-114.1,26.40
3282,-114.11,25.78
3283,-114.11,27.23
3284,-114.11,28.76
3285,-114.11,27.08
3286,-114.13,25.44
3287,-114.13,25.49
3288,-114.14,25.68
3289,-114.16,24.35
3290,-114.17,22.74
3291,-114.18,23.71
3292,-114.19,25.50
3293,-114.2,24.58
3294,-114.22,25.24
3295,-114.23,25.58
3296,-114.23,25.88
3297,-114.24,26.66
3298,-114.24,27.28
3299,-114.25,25.76
3300,-114.26,25.24
3301,-114.28,27.10
3302,-114.29,27.52
3303,-114.29,28.50
3304,-114.3,27.32
3305,-114.31,27.58
3306,-114.32,27.49
3307,-114.32,28.07
3308,-114.33,27.32
3309,-114.34,24.71
3310,-114.34,24.58
3311,-114.34,23.31
3312,-114.35,26.89
3313,-114.37,26.82
3314,-114.38,26.22
3315,-114.38,26.97
3316,-114.38,26.36
3317,-114.39,26.57
3318,-114.42,25.60
3319,-114.43,24.61
3320,-114.43,25.51
3321,-114.43,24.03
3322,-114.43,26.12
3323,-114.44,23.95
3324,-114.46,26.03
3325,-114.47,24.73
3326,-114.47,24.61
3327,-114.48,25.19
3328,-114.49,24.34
3329,-114.5,23.33
3330,-114.5,22.96
3331,-114.5,23.63
3332,-114.52,25.18
3333,-114.54,26.86
3334,-114.54,25.60
3335,-114.55,26.93
3336,-114.56,29.25
3337,-114.57,27.03
3338,-114.58,26.44
3339,-114.59,27.49
3340,-114.6,27.19
3341,-114.6,26.26
3342,-114.61,28.17
3343,-114.62,27.38
3344,-114.64,27.04
3345,-114.64,27.25
3346,-114.64,26.32
3347,-114.65,26.34
3348,-114.66,25.98
3349,-114.67,23.40
3350,-114.67,24.29
3351,-114.68,24.67
3352,-114.69,24.11
3353,-114.7,24.42
3354,-114.71,26.87
3355,-114.71,25.04
3356,-114.72,27.29
3357,-114.73,25.54
3358,-114.74,25.85
3359,-114.74,24.46
3360,-114.75,24.19
3361,-114.76,21.91
3362,-114.76,23.16
3363,-114.76,24.26
3364,-114.77,25.63
3365,-114.78,25.56
3366,-114.79,26.57
3367,-114.81,24.71
3368,-114.82,25.58
3369,-114.82,23.79
3370,-114.84,24.26
3371,-114.85,22.61
3372,-114.85,23.26
3373,-114.86,22.58
3374,-114.87,25.06
3375,-114.87,24.75
3376,-114.88,25.63
3377,-114.89,24.53
3378,-114.9,24.35
3379,-114.91,23.79
3380,-114.92,23.04
3381,-114.92,21.80
3382,-114.93,23.14
3383,-114.94,21.81
3384,-114.95,22.77
3385,-114.96,23.13
3386,-114.96,22.83
3387,-114.97,23.30
3388,-114.98,21.74
3389,-114.98,21.46
3390,-114.99,23.43
3391,-115,21.28
3392,-115.01,22.86
3393,-115.02,22.03
3394,-115.03,24.02
3395,-115.04,23.67
3396,-115.04,23.23
3397,-115.04,24.63
3398,-115.04,23.94
3399,-115.05,23.97
3400,-115.07,24.61
3401,-115.07,22.89
3402,-115.08,23.89
3403,-115.08,23.02
3404,-115.09,25.63
3405,-115.1,25.27
3406,-115.11,25.64
3407,-115.12,24.46
3408,-115.13,23.06
3409,-115.14,22.85
3410,-115.15,23.35
3411,-115.16,22.43
3412,-115.17,22.27
3413,-115.18,20.80
3414,-115.19,24.65
3415,-115.2,22.81
3416,-115.2,23.61
3417,-115.2,24.34
3418,-115.21,25.05
3419,-115.21,25.30
3420,-115.22,22.67
3421,-115.23,22.04
3422,-115.24,22.20
3423,-115.25,21.89
3424,-115.26,21.80
3425,-115.26,22.33
3426,-115.26,23.70
3427,-115.27,24.01
3428,-115.28,23.95
3429,-115.29,22.61
3430,-115.29,23.17
3431,-115.3,22.48
3432,-115.3,20.91
3433,-115.32,21.82
3434,-115.33,23.32
3435,-115.35,23.80
3436,-115.35,24.06
3437,-115.35,24.73
3438,-115.36,24.09
3439,-115.37,23.30
3440,-115.38,22.83
3441,-115.39,22.46
3442,-115.39,22.71
3443,-115.39,21.78
3444,-115.4,21.98
3445,-115.41,23.30
3446,-115.43,22.78
3447,-115.43,23.15
3448,-115.43,22.50
3449,-115.43,22.69
3450,-115.44,22.67
3451,-115.45,22.20
3452,-115.46,20.90
3453,-115.47,21.23
3454,-115.48,22.87
3455,-115.49,25.00
3456,-115.49,25.08
3457,-115.49,23.24
3458,-115.5,23.51
3459,-115.51,23.59
3460,-115.52,22.59
3461,-115.54,22.91
3462,-115.55,22.57
3463,-115.56,23.00
3464,-115.57,23.09
3465,-115.57,23.34
3466,-115.58,23.00
3467,-115.58,23.11
3468,-115.59,23.75
3469,-115.61,23.01
3470,-115.62,22.72
3471,-115.63,23.09
3472,-115.64,22.59
3473,-115.64,23.06
3474,-115.65,23.67
3475,-115.66,24.11
3476,-115.67,23.66
3477,-115.67,24.38
3478,-115.67,24.31
3479,-115.69,24.68
3480,-115.7,20.54
3481,-115.71,23.29
3482,-115.71,21.98
3483,-115.71,21.95
3484,-115.72,20.35
3485,-115.73,21.68
3486,-115.74,21.32
3487,-115.75,22.48
3488,-115.76,23.50
3489,-115.77,24.95
3490,-115.77,23.98
3491,-115.78,24.31
3492,-115.78,22.09
3493,-115.8,22.47
3494,-115.81,20.02
3495,-115.81,21.17
3496,-115.82,23.84
3497,-115.82,25.68
3498,-115.83,24.18
3499,-115.83,24.95
3500,-115.84,22.51
3501,-115.85,23.12
3502,-115.86,21.05
3503,-115.87,21.23
3504,-115.88,21.02
3505,-115.89,22.09
3506,-115.9,22.31
3507,-115.91,25.03
3508,-115.91,23.99
3509,-115.92,24.15
3510,-115.92,22.44
3511,-115.93,22.52
3512,-115.93,22.02
3513,-115.95,22.10
3514,-115.95,21.96
3515,-115.96,23.77
3516,-115.98,23.14
3517,-115.99,23.32
3518,-115.99,22.88
3519,-115.99,23.55
3520,-115.99,22.31
3521,-116,21.37
3522,-116.02,21.60
3523,-116.03,21.96
3524,-116.03,19.82
3525,-116.02,21.31
3526,-116.03,21.54
3527,-116.04,23.55
3528,-116.05,23.39
3529,-116.05,23.32
3530,-116.07,22.27
3531,-116.08,23.13
3532,-116.09,21.58
3533,-116.1,22.80
3534,-116.1,21.53
3535,-116.1,22.70
3536,-116.12,23.09
3537,-116.12,24.32
3538,-116.13,24.35
3539,-116.14,23.93
3540,-116.15,22.96
3541,-116.15,23.01
3542,-116.16,22.78
3543,-116.17,22.41
3544,-116.18,22.02
3545,-116.18,22.13
3546,-116.19,22.53
3547,-116.21,22.43
3548,-116.21,22.11
3549,-116.21,22.77
3550,-116.22,24.15
3551,-116.23,25.00
3552,-116.24,24.27
3553,-116.25,23.72
3554,-116.26,22.51
3555,-116.27,22.18
3556,-116.28,23.07
3557,-116.28,23.28
3558,-116.28,22.45
3559,-116.29,24.02
3560,-116.29,22.84
3561,-116.29,22.33
3562,-116.31,20.68
3563,-116.32,20.80
3564,-116.32,19.41
3565,-116.33,19.79
3566,-116.34,20.95
3567,-116.34,21.05
3568,-116.35,22.57
3569,-116.36,23.59
3570,-116.37,23.03
3571,-116.37,22.49
3572,-116.38,21.25
3573,-116.39,20.23
3574,-116.39,21.84
3575,-116.4,22.20
3576,-116.41,22.40
3577,-116.42,22.52
3578,-116.42,23.77
3579,-116.43,22.06
3580,-116.44,20.89
3581,-116.45,22.89
3582,-116.46,22.61
3583,-116.47,22.46
3584,-116.48,21.32
3585,-116.49,21.75
3586,-116.5,21.56
3587,-116.5,22.11
3588,-116.5,23.53
3589,-116.51,23.75
3590,-116.51,23.87
3591,-116.52,23.51
3592,-116.53,22.23
3593,-116.53,21.55
3594,-116.53,21.22
3595,-116.55,21.25
3596,-116.56,21.99
3597,-116.56,21.54
3598,-116.57,23.62
3599,-116.57,23.03
3600,-116.58,23.50
3601,-116.58,22.55
3602,-116.59,22.38
3603,-116.6,22.70
3604,-116.62,22.90
3605,-116.63,21.28
3606,-116.63,21.74
3607,-116.65,21.74
3608,-116.66,22.48
3609,-116.67,23.68
3610,-116.67,24.63
3611,-116.68,24.01
3612,-116.68,23.20
3613,-116.69,21.88
3614,-116.7,22.42
3615,-116.7,21.01
3616,-116.7,21.23
3617,-116.71,21.03
3618,-116.72,22.66
3619,-116.74,23.77
3620,-116.74,22.70
3621,-116.75,21.29
3622,-116.76,21.55
3623,-116.76,21.33
3624,-116.77,20.74
3625,-116.78,19.62
3626,-116.79,21.66
3627,-116.79,20.98
3628,-116.8,22.08
3629,-116.8,21.33
3630,-116.81,22.43
3631,-116.81,21.32
3632,-116.82,22.42
3633,-116.83,21.41
3634,-116.83,20.22
3635,-116.84,20.14
3636,-116.84,20.76
3637,-116.85,19.29
3638,-116.86,21.51
3639,-116.87,22.54
3640,-116.88,22.55
3641,-116.89,23.23
3642,-116.89,22.07
3643,-116.9,20.71
3644,-116.91,22.16
3645,-116.91,20.46
3646,-116.92,19.60
3647,-116.92,20.32
3648,-116.93,20.85
3649,-116.93,20.80
3650,-116.94,22.47
3651,-116.95,23.27
3652,-116.95,23.43
3653,-116.96,22.40
3654,-116.98,22.75
3655,-116.98,21.52
3656,-116.98,22.04
3657,-116.99,22.42
3658,-117,22.30
3659,-117.02,22.82
3660,-117.02,24.29
3661,-117.03,24.14
3662,-117.04,23.79
3663,-117.05,23.75
3664,-117.06,22.60
3665,-117.06,21.61
3666,-117.07,21.62
3667,-117.07,21.43
3668,-117.07,21.38
3669,-117.07,22.16
3670,-117.06,22.34
3671,-117.06,23.21
3672,-117.08,23.12
3673,-117.1,23.27
3674,-117.11,21.86
3675,-117.11,22.65
3676,-117.11,23.09
3677,-117.13,23.02
3678,-117.13,24.07
3679,-117.14,23.63
3680,-117.16,24.51
3681,-117.17,25.05
3682,-117.18,24.90
3683,-117.2,24.60
3684,-117.2,24.26
3685,-117.19,21.57
3686,-117.2,21.81
3687,-117.21,20.30
3688,-117.21,20.27
3689,-117.21,20.65
3690,-117.23,23.04
3691,-117.24,22.89
3692,-117.24,25.20
3693,-117.25,24.33
3694,-117.27,24.53
3695,-117.28,23.39
3696,-117.29,23.80
3697,-117.3,23.75
3698,-117.31,23.29
3699,-117.31,24.80
3700,-117.32,26.21
3701,-117.34,24.36
3702,-117.34,25.11
3703,-117.34,25.65
3704,-117.35,24.77
3705,-117.36,22.84
3706,-117.37,23.07
3707,-117.38,21.74
3708,-117.39,23.21
3709,-117.39,21.71
3710,-117.39,24.16
3711,-117.4,23.01
3712,-117.4,23.28
3713,-117.42,21.54
3714,-117.42,21.58
3715,-117.43,22.03
3716,-117.44,21.70
3717,-117.44,21.85
3718,-117.45,22.97
3719,-117.47,23.28
3720,-117.48,22.98
3721,-117.48,23.40
3722,-117.48,24.17
3723,-117.49,25.17
3724,-117.5,23.87
3725,-117.5,22.28
3726,-117.51,22.29
3727,-117.51,20.98
3728,-117.52,22.24
3729,-117.53,21.85
3730,-117.54,23.76
3731,-117.55,23.90
3732,-117.55,23.94
3733,-117.56,24.24
3734,-117.57,22.90
3735,-117.58,22.52
3736,-117.59,21.80
3737,-117.6,23.50
3738,-117.6,21.21
3739,-117.6,22.71
3740,-117.61,22.10
3741,-117.62,23.15
3742,-117.62,24.24
3743,-117.62,22.48
3744,-117.63,22.50
3745,-117.65,22.41
3746,-117.66,20.45
3747,-117.66,20.14
3748,-117.67,20.94
3749,-117.68,19.95
3750,-117.68,21.18
3751,-117.68,22.72
3752,-117.69,22.64
3753,-117.69,22.69
3754,-117.7,21.65
3755,-117.72,22.01
3756,-117.72,20.99
3757,-117.73,21.39
3758,-117.74,22.11
3759,-117.75,21.78
3760,-117.76,21.75
3761,-117.76,21.70
3762,-117.77,23.69
3763,-117.78,23.76
3764,-117.79,23.61
3765,-117.79,22.39
3766,-117.8,22.55
3767,-117.8,22.16
3768,-117.81,23.21
3769,-117.82,22.32
3770,-117.82,21.00
3771,-117.83,23.89
3772,-117.84,22.85
3773,-117.85,25.55
3774,-117.85,23.20
3775,-117.85,22.59
3776,-117.86,21.32
3777,-117.86,21.61
3778,-117.87,20.60
3779,-117.87,20.79
3780,-117.88,20.55
3781,-117.91,21.58
3782,-117.92,21.74
3783,-117.92,23.30
3784,-117.93,23.79
3785,-117.93,22.24
3786,-117.93,22.41
3787,-117.94,21.70
3788,-117.94,20.18
3789,-117.96,20.98
3790,-117.97,23.42
3791,-117.98,22.78
3792,-117.98,23.90
3793,-117.99,24.78
3794,-118,23.94
3795,-118.01,23.13
3796,-118.01,22.90
3797,-118.02,21.67
3798,-118.03,20.29
3799,-118.04,19.98
3800,-118.04,23.12
3801,-118.05,21.54
3802,-118.05,21.47
3803,-118.06,22.19
3804,-118.06,23.09
3805,-118.07,21.58
3806,-118.08,21.69
3807,-118.09,20.63
3808,-118.1,20.64
3809,-118.1,20.89
3810,-118.11,21.71
3811,-118.11,20.78
3812,-118.12,20.43
3813,-118.13,23.58
3814,-118.13,23.92
3815,-118.14,22.76
3816,-118.15,22.57
3817,-118.16,21.60
3818,-118.16,20.67
3819,-118.17,18.65
3820,-118.18,21.31
3821,-118.18,19.49
3822,-118.18,21.30
3823,-118.19,20.68
3824,-118.2,22.33
3825,-118.2,20.26
3826,-118.21,20.54
3827,-118.22,20.12
3828,-118.23,20.74
3829,-118.23,20.53
3830,-118.24,20.15
3831,-118.24,20.26
3832,-118.25,21.02
3833,-118.25,22.07
3834,-118.25,21.18
3835,-118.26,20.28
3836,-118.27,19.86
3837,-118.28,20.47
3838,-118.28,20.21
3839,-118.29,20.04
3840,-118.3,20.87
3841,-118.3,18.90
3842,-118.3,20.20
3843,-118.3,19.95
3844,-118.31,22.09
3845,-118.32,21.87
3846,-118.34,21.00
3847,-118.34,21.15
3848,-118.35,20.57
3849,-118.36,20.16
3850,-118.36,18.42
3851,-118.37,19.87
3852,-118.37,20.51
3853,-118.37,20.34
3854,-118.37,21.06
3855,-118.37,20.71
3856,-118.39,21.65
3857,-118.42,21.24
3858,-118.42,21.27
3859,-118.43,19.77
3860,-118.43,20.66
3861,-118.44,21.75
3862,-118.44,23.13
3863,-118.45,23.43
3864,-118.45,23.18
3865,-118.46,23.82
3866,-118.47,21.44
3867,-118.48,22.25
3868,-118.48,21.12
3869,-118.5,20.75
3870,-118.5,21.39
3871,-118.5,21.22
3872,-118.5,23.41
3873,-118.51,22.33
3874,-118.51,22.38
3875,-118.52,22.69
3876,-118.53,22.08
3877,-118.54,22.32
3878,-118.55,20.29
3879,-118.55,19.31
3880,-118.55,19.16
3881,-118.56,20.35
3882,-118.57,22.09
3883,-118.58,21.95
3884,-118.59,22.68
3885,-118.6,21.10
3886,-118.6,22.43
3887,-118.61,21.36
3888,-118.61,21.62
3889,-118.62,20.73
3890,-118.62,20.95
3891,-118.64,20.04
3892,-118.65,21.53
3893,-118.66,23.14
3894,-118.67,22.68
3895,-118.68,23.13
3896,-118.68,21.66
3897,-118.69,20.98
3898,-118.69,22.05
3899,-118.69,20.61
3900,-118.7,18.38
3901,-118.7,19.60
3902,-118.7,22.03
3903,-118.71,22.77
3904,-118.71,22.28
3905,-118.71,21.81
3906,-118.73,21.89
3907,-118.74,20.71
3908,-118.75,21.53
3909,-118.76,20.64
3910,-118.76,20.64
3911,-118.77,18.87
3912,-118.78,19.47
3913,-118.79,20.36
3914,-118.79,20.64
3915,-118.8,20.64
3916,-118.8,22.00
3917,-118.81,22.07
3918,-118.83,20.85
3919,-118.83,19.81
3920,-118.84,19.94
3921,-118.84,21.06
3922,-118.84,19.71
3923,-118.84,22.65
3924,-118.85,22.99
3925,-118.86,21.75
3926,-118.87,22.41
3927,-118.88,20.82
3928,-118.88,20.92
3929,-118.89,19.02
3930,-118.89,19.05
3931,-118.9,18.53
3932,-118.91,18.05
3933,-118.92,18.90
3934,-118.93,19.72
3935,-118.93,19.60
3936,-118.94,18.53
3937,-118.94,20.77
3938,-118.95,19.93
3939,-118.96,19.67
3940,-118.97,19.40
3941,-118.97,18.01
3942,-118.98,19.81
3943,-118.99,21.16
3944,-119,22.23
3945,-119,21.91
3946,-119.01,21.41
3947,-119.01,22.12
3948,-119.01,20.56
3949,-119.02,19.65
3950,-119.03,16.93
3951,-119.03,17.48
3952,-119.04,19.47
3953,-119.04,19.28
3954,-119.05,20.50
3955,-119.06,20.29
3956,-119.07,20.78
3957,-119.07,20.72
3958,-119.08,19.95
3959,-119.09,18.91
3960,-119.09,18.29
3961,-119.1,19.93
3962,-119.1,17.94
3963,-119.1,17.76
3964,-119.11,18.72
3965,-119.12,20.41
3966,-119.13,21.26
3967,-119.14,21.03
3968,-119.14,20.00
3969,-119.15,21.32
3970,-119.16,20.32
3971,-119.17,19.36
3972,-119.17,19.69
3973,-119.18,19.46
3974,-119.18,20.13
3975,-119.18,20.48
3976,-119.2,21.74
3977,-119.21,21.34
3978,-119.21,21.01
3979,-119.22,18.36
3980,-119.22,19.03
3981,-119.22,18.89
3982,-119.23,21.07
3983,-119.24,19.83
3984,-119.25,20.16
3985,-119.25,20.81
3986,-119.26,21.11
3987,-119.25,20.75
3988,-119.25,21.18
3989,-119.26,18.93
3990,-119.27,18.35
3991,-119.27,18.59
3992,-119.28,19.01
3993,-119.29,19.90
3994,-119.3,20.06
3995,-119.31,19.98
3996,-119.31,21.55
3997,-119.32,21.90
3998,-119.33,22.17
3999,-119.34,19.76
4000,-119.35,18.21
4001,-119.36,17.74
4002,-119.37,19.07
4003,-119.37,19.73
4004,-119.37,20.40
4005,-119.37,20.57
4006,-119.38,20.32
4007,-119.38,19.14
4008,-119.38,19.35
4009,-119.39,19.44
4010,-119.4,19.39
4011,-119.41,18.58
4012,-119.42,17.45
4013,-119.43,18.41
4014,-119.44,21.27
4015,-119.44,20.06
4016,-119.45,20.13
4017,-119.46,20.99
4018,-119.47,19.59
4019,-119.47,19.13
4020,-119.49,19.02
4021,-119.5,20.23
4022,-119.5,18.65
4023,-119.5,18.41
4024,-119.5,19.53
4025,-119.51,19.04
4026,-119.52,20.40
4027,-119.52,20.87
4028,-119.52,21.40
4029,-119.52,21.22
4030,-119.52,21.29
4031,-119.52,18.88
4032,-119.53,18.45
4033,-119.53,18.74
4034,-119.54,20.15
4035,-119.55,19.47
4036,-119.56,20.61
4037,-119.56,18.89
4038,-119.57,20.09
4039,-119.57,20.70
4040,-119.58,20.11
4041,-119.58,19.29
4042,-119.59,20.87
4043,-119.61,20.72
4044,-119.62,21.40
4045,-119.62,21.73
4046,-119.62,19.72
4047,-119.63,21.06
4048,-119.64,20.81
4049,-119.64,21.33
4050,-119.65,17.94
4051,-119.67,17.88
4052,-119.68,18.05
4053,-119.68,17.87
4054,-119.69,19.00
4055,-119.69,19.57
4056,-119.69,19.36
4057,-119.68,19.45
4058,-119.68,18.79
4059,-119.7,21.00
4060,-119.71,19.12
4061,-119.73,19.68
4062,-119.74,18.98
4063,-119.74,18.96
4064,-119.74,19.56
4065,-119.75,19.02
4066,-119.76,19.18
4067,-119.77,20.93
4068,-119.78,20.91
4069,-119.77,21.64
4070,-119.79,19.51
4071,-119.79,19.43
4072,-119.77,17.84
4073,-119.78,18.98
4074,-119.81,18.76
4075,-119.81,18.63
4076,-119.81,19.32
4077,-119.83,21.54
4078,-119.85,21.89
4079,-119.85,21.86
4080,-119.86,19.66
4081,-119.86,20.92
4082,-119.86,19.79
4083,-119.87,20.68
4084,-119.88,21.98
4085,-119.88,21.63
4086,-119.88,20.81
4087,-119.89,19.99
4088,-119.9,21.09
4089,-119.91,22.50
4090,-119.92,21.07
4091,-119.92,20.08
4092,-119.93,19.24
4093,-119.93,18.72
4094,-119.94,17.13
4095,-119.94,18.78
4096,-119.94,18.98
4097,-119.95,19.59
4098,-119.95,20.91
4099,-119.94,22.10
4100,-119.96,19.56
4101,-119.97,19.32
4102,-119.97,18.90
4103,-119.97,19.70
4104,-119.98,17.72
4105,-119.98,18.25
4106,-119.98,20.21
4107,-120,21.94
4108,-120,20.47
4109,-120,21.50
4110,-120.02,20.39
4111,-120.03,20.06
4112,-120.04,18.05
4113,-120.04,18.48
4114,-120.05,18.01
4115,-120.05,19.05
4116,-120.06,18.34
4117,-120.06,20.45
4118,-120.08,20.66
4119,-120.08,22.25
4120,-120.08,18.94
4121,-120.09,18.99
4122,-120.1,19.19
4123,-120.11,19.06
4124,-120.11,17.67
4125,-120.12,18.89
4126,-120.13,18.92
4127,-120.14,20.03
4128,-120.15,20.27
4129,-120.15,19.99
4130,-120.16,19.19
4131,-120.17,19.96
4132,-120.18,19.35
4133,-120.18,18.13
4134,-120.18,17.17
4135,-120.19,17.62
4136,-120.19,15.64
4137,-120.19,16.85
4138,-120.18,18.42
4139,-120.17,19.86
4140,-120.18,18.60
4141,-120.2,18.14
4142,-120.21,17.13
4143,-120.2,17.87
4144,-120.22,16.72
4145,-120.24,18.85
4146,-120.25,19.16
4147,-120.26,19.91
4148,-120.27,19.34
4149,-120.27,20.44
4150,-120.27,19.30
4151,-120.28,19.50
4152,-120.28,19.08
4153,-120.29,18.33
4154,-120.29,16.97
4155,-120.29,17.64
4156,-120.3,18.83
4157,-120.32,19.24
4158,-120.33,20.20
4159,-120.34,19.97
4160,-120.34,19.78
4161,-120.33,18.54
4162,-120.33,17.72
4163,-120.34,18.47
4164,-120.35,16.90
4165,-120.36,17.54
4166,-120.36,17.32
4167,-120.36,17.85
4168,-120.37,19.03
4169,-120.38,20.26
4170,-120.39,18.63
4171,-120.39,18.76
4172,-120.4,18.49
4173,-120.41,18.09
4174,-120.41,16.94
4175,-120.41,17.21
4176,-120.42,17.64
4177,-120.43,17.87
4178,-120.43,18.99
4179,-120.43,18.88
4180,-120.43,19.12
4181,-120.44,19.75
4182,-120.45,19.22
4183,-120.45,17.55
4184,-120.46,18.16
4185,-120.48,17.11
4186,-120.5,18.50
4187,-120.5,19.42
4188,-120.5,18.81
4189,-120.5,18.76
4190,-120.5,19.65
4191,-120.51,20.23
4192,-120.52,17.42
4193,-120.53,17.26
4194,-120.54,16.71
4195,-120.55,16.34
4196,-120.54,17.11
4197,-120.54,16.16
4198,-120.55,20.20
4199,-120.56,18.71
4200,-120.56,18.80
4201,-120.57,19.17
4202,-120.57,19.37
4203,-120.58,18.75
4204,-120.6,17.72
4205,-120.61,17.07
4206,-120.6,16.70
4207,-120.6,18.31
4208,-120.6,18.40
4209,-120.62,17.76
4210,-120.63,18.62
4211,-120.63,18.48
4212,-120.64,17.57
4213,-120.64,16.14
4214,-120.64,16.81
4215,-120.65,15.77
4216,-120.65,17.37
4217,-120.66,17.05
4218,-120.66,17.31
4219,-120.66,16.85
4220,-120.66,17.98
4221,-120.67,17.98
4222,-120.68,16.79
4223,-120.68,16.53
4224,-120.68,17.76
4225,-120.68,15.79
4226,-120.68,15.65
4227,-120.7,16.57
4228,-120.71,18.38
4229,-120.72,17.31
4230,-120.74,19.68
4231,-120.74,19.50
4232,-120.74,19.60
4233,-120.75,18.53
4234,-120.76,17.83
4235,-120.76,16.34
4236,-120.76,16.60
4237,-120.77,15.85
4238,-120.79,18.01
4239,-120.79,18.57
4240,-120.79,20.22
4241,-120.79,19.55
4242,-120.8,18.71
4243,-120.8,18.86
4244,-120.81,19.47
4245,-120.81,17.09
4246,-120.82,17.78
4247,-120.84,17.29
4248,-120.85,19.14
4249,-120.86,18.45
4250,-120.86,19.57
4251,-120.86,18.38
4252,-120.87,17.59
4253,-120.88,16.81
4254,-120.89,17.64
4255,-120.89,16.25
4256,-120.9,16.42
4257,-120.9,16.38
4258,-120.91,17.60
4259,-120.91,17.14
4260,-120.92,19.38
4261,-120.92,19.02
4262,-120.93,19.64
4263,-120.93,17.64
4264,-120.92,17.71
4265,-120.92,15.81
4266,-120.93,16.78
4267,-120.94,14.33
4268,-120.95,17.34
4269,-120.96,17.43
4270,-120.97,17.16
4271,-120.97,16.90
4272,-120.98,18.40
4273,-120.99,16.59
4274,-121,16.65
4275,-121,15.59
4276,-121,16.50
4277,-121,16.18
4278,-121,16.87
4279,-121.01,17.33
4280,-121.02,19.36
4281,-121.03,17.25
4282,-121.03,19.13
4283,-121.04,18.95
4284,-121.04,18.97
4285,-121.04,16.70
4286,-121.04,18.76
4287,-121.05,16.85
4288,-121.05,17.97
4289,-121.06,18.35
4290,-121.07,19.13
4291,-121.08,19.06
4292,-121.09,18.84
4293,-121.09,17.82
4294,-121.09,17.17
4295,-121.1,15.99
4296,-121.09,16.28
4297,-121.1,16.87
4298,-121.12,16.97
4299,-121.13,16.01
4300,-121.13,18.81
4301,-121.14,18.16
4302,-121.14,17.28
4303,-121.14,16.79
4304,-121.15,14.90
4305,-121.16,15.41
4306,-121.17,16.31
4307,-121.17,16.65
4308,-121.18,16.67
4309,-121.18,15.80
4310,-121.19,17.11
4311,-121.19,17.40
4312,-121.2,16.77
4313,-121.2,14.63
4314,-121.21,14.39
4315,-121.21,15.02
4316,-121.21,15.73
4317,-121.22,16.58
4318,-121.23,16.32
4319,-121.23,16.64
4320,-121.24,17.68
4321,-121.24,18.70
4322,-121.25,17.38
4323,-121.25,16.94
4324,-121.26,16.58
4325,-121.26,15.51
4326,-121.26,14.49
4327,-121.27,15.75
4328,-121.27,16.32
4329,-121.27,16.82
4330,-121.29,14.36
4331,-121.29,16.19
4332,-121.29,18.52
4333,-121.29,16.71
4334,-121.29,15.24
4335,-121.31,15.51
4336,-121.32,13.87
4337,-121.33,14.78
4338,-121.34,15.76
4339,-121.34,15.12
4340,-121.35,16.55
4341,-121.35,17.95
4342,-121.36,17.82
4343,-121.36,17.20
4344,-121.36,16.70
4345,-121.36,16.02
4346,-121.36,14.04
4347,-121.37,14.21
4348,-121.38,13.70
4349,-121.38,14.81
4350,-121.39,15.89
4351,-121.39,16.04
4352,-121.4,15.24
4353,-121.4,17.15
4354,-121.4,17.59
4355,-121.41,20.33
4356,-121.41,21.44
4357,-121.41,22.13
4358,-121.42,22.31
4359,-121.43,23.26
4360,-121.43,23.65
4361,-121.44,22.76
4362,-121.44,23.61
4363,-121.45,22.51
4364,-121.45,19.70
4365,-121.45,19.27
4366,-121.46,17.64
4367,-121.47,17.01
4368,-121.47,14.91
4369,-121.47,15.56
4370,-121.47,16.34
4371,-121.48,17.81
4372,-121.49,17.15
4373,-121.5,18.29
4374,-121.51,17.07
4375,-121.51,18.52
4376,-121.51,18.93
4377,-121.51,20.51
4378,-121.51,21.51
4379,-121.51,23.72
4380,-121.5,25.43
4381,-121.52,25.45
4382,-121.54,23.93
4383,-121.54,25.08
4384,-121.55,24.62
4385,-121.55,24.19
4386,-121.55,22.38
4387,-121.56,22.45
4388,-121.57,20.18
4389,-121.58,18.59
4390,-121.58,18.34
4391,-121.58,19.70
4392,-121.59,18.82
4393,-121.59,19.96
4394,-121.6,18.57
4395,-121.61,17.41
4396,-121.62,15.05
4397,-121.62,15.63
4398,-121.63,14.65
4399,-121.63,15.22
4400,-121.63,16.13
4401,-121.64,16.83
4402,-121.65,15.25
4403,-121.66,16.56
4404,-121.66,13.89
4405,-121.66,15.28
4406,-121.66,14.15
4407,-121.66,14.04
4408,-121.66,13.90
4409,-121.67,14.07
4410,-121.68,13.84
4411,-121.69,14.98
4412,-121.69,15.13
4413,-121.7,15.98
4414,-121.71,14.56
4415,-121.71,14.81
4416,-121.71,13.05
4417,-121.72,13.09
4418,-121.73,13.61
4419,-121.74,14.39
4420,-121.74,13.92
4421,-121.75,15.45
4422,-121.75,15.15
4423,-121.75,15.25
4424,-121.75,15.10
4425,-121.75,12.91
4426,-121.75,11.85
4427,-121.76,11.91
4428,-121.76,11.41
4429,-121.77,12.05
4430,-121.77,12.60
4431,-121.77,13.27
4432,-121.78,13.68
4433,-121.79,15.76
4434,-121.79,14.66
4435,-121.8,14.44
4436,-121.8,12.68
4437,-121.81,13.68
4438,-121.82,14.70
4439,-121.82,14.00
4440,-121.82,13.91
4441,-121.82,14.67
4442,-121.83,15.64
4443,-121.83,16.11
4444,-121.84,13.85
4445,-121.85,14.35
4446,-121.85,12.23
4447,-121.86,13.51
4448,-121.86,12.41
4449,-121.86,11.92
4450,-121.86,12.55
4451,-121.87,14.37
4452,-121.88,14.12
4453,-121.88,15.73
4454,-121.89,14.96
4455,-121.89,14.03
4456,-121.89,14.20
4457,-121.9,13.38
4458,-121.9,12.55
4459,-121.91,14.02
4460,-121.91,13.59
4461,-121.91,13.32
4462,-121.91,13.80
4463,-121.92,14.93
4464,-121.92,15.43
4465,-121.93,14.41
4466,-121.93,12.19
4467,-121.94,12.48
4468,-121.94,12.33
4469,-121.94,11.76
4470,-121.95,12.85
4471,-121.95,13.41
4472,-121.97,14.03
4473,-121.98,15.40
4474,-121.98,13.74
4475,-121.98,16.53
4476,-121.98,13.80
4477,-121.99,11.61
4478,-121.99,11.92
4479,-121.99,12.67
4480,-122,11.12
4481,-122.01,11.92
4482,-122.01,13.53
4483,-122.01,12.45
4484,-122.01,13.16
4485,-122.02,12.40
4486,-122.03,11.65
4487,-122.02,13.16
4488,-122.02,11.21
4489,-122.03,10.85
4490,-122.04,12.05
4491,-122.04,11.26
4492,-122.04,12.61
4493,-122.04,13.07
4494,-122.05,14.02
4495,-122.05,14.45
4496,-122.06,13.67
4497,-122.06,11.76
4498,-122.07,12.79
4499,-122.07,11.86
4500,-122.08,13.07
4501,-122.08,12.36
4502,-122.08,13.43
4503,-122.08,12.49
4504,-122.09,14.91
4505,-122.09,13.37
4506,-122.09,11.77
4507,-122.09,10.87
4508,-122.09,12.61
4509,-122.11,11.92
4510,-122.11,11.27
4511,-122.12,11.58
4512,-122.12,11.80
4513,-122.13,13.32
4514,-122.14,14.24
4515,-122.14,13.75
4516,-122.15,13.27
4517,-122.14,12.93
4518,-122.14,11.99
4519,-122.16,10.83
4520,-122.17,11.58
4521,-122.17,10.69
4522,-122.16,11.39
4523,-122.16,13.31
4524,-122.16,12.49
4525,-122.17,12.08
4526,-122.17,12.84
4527,-122.16,10.55
4528,-122.16,11.16
4529,-122.17,10.39
4530,-122.17,11.76
4531,-122.19,11.19
4532,-122.2,12.34
4533,-122.2,12.76
4534,-122.2,13.16
4535,-122.21,12.57
4536,-122.21,13.47
4537,-122.23,11.23
4538,-122.23,11.80
4539,-122.23,10.26
4540,-122.24,10.55
4541,-122.24,9.74
4542,-122.24,10.67
4543,-122.25,11.27
4544,-122.26,13.36
4545,-122.26,11.42
4546,-122.27,13.30
4547,-122.27,10.70
4548,-122.27,10.20
4549,-122.28,9.12
4550,-122.29,10.88
4551,-122.28,10.30
4552,-122.28,11.63
4553,-122.28,10.30
4554,-122.28,12.16
4555,-122.28,12.10
4556,-122.28,12.96
4557,-122.29,11.14
4558,-122.3,12.06
4559,-122.3,10.52
4560,-122.3,10.66
4561,-122.31,10.36
4562,-122.32,11.52
4563,-122.33,12.09
4564,-122.33,12.38
4565,-122.33,13.35
4566,-122.33,14.73
4567,-122.34,14.95
4568,-122.34,17.68
4569,-122.35,16.20
4570,-122.35,18.55
4571,-122.35,18.87
4572,-122.36,20.02
4573,-122.36,19.15
4574,-122.38,19.19
4575,-122.38,18.50
4576,-122.38,19.28
4577,-122.38,17.25
4578,-122.39,15.34
4579,-122.39,15.16
4580,-122.39,16.49
4581,-122.4,16.34
4582,-122.4,17.07
4583,-122.4,17.75
4584,-122.41,18.66
4585,-122.41,17.98
4586,-122.42,19.29
4587,-122.42,18.17
4588,-122.42,18.02
4589,-122.43,17.27
4590,-122.44,17.30
4591,-122.44,16.97
4592,-122.44,17.53
4593,-122.45,17.72
4594,-122.45,20.37
4595,-122.45,19.64
4596,-122.46,21.10
4597,-122.46,18.79
4598,-122.46,19.42
4599,-122.46,19.78
4600,-122.47,16.77
4601,-122.47,18.42
4602,-122.47,17.45
4603,-122.47,17.21
4604,-122.47,18.24
4605,-122.48,16.95
4606,-122.49,16.99
4607,-122.49,15.65
4608,-122.5,15.42
4609,-122.5,15.72
4610,-122.5,16.37
4611,-122.5,17.70
4612,-122.5,16.00
4613,-122.51,16.16
4614,-122.51,17.45
4615,-122.52,17.83
4616,-122.52,18.16
4617,-122.52,16.35
4618,-122.52,17.45
4619,-122.53,17.66
4620,-122.53,16.98
4621,-122.54,16.73
4622,-122.55,15.73
4623,-122.56,16.85
4624,-122.56,17.03
4625,-122.56,18.16
4626,-122.56,16.41
4627,-122.57,17.16
4628,-122.58,14.78
4629,-122.58,14.18
4630,-122.59,12.84
4631,-122.59,12.94
4632,-122.59,12.22
4633,-122.59,11.45
4634,-122.59,12.70
4635,-122.6,11.55
4636,-122.6,12.10
4637,-122.61,12.84
4638,-122.61,11.75
4639,-122.61,10.99
4640,-122.61,9.43
4641,-122.62,9.94
4642,-122.62,9.72
4643,-122.62,10.13
4644,-122.62,10.56
4645,-122.63,11.50
4646,-122.64,11.29
4647,-122.64,11.49
4648,-122.64,10.72
4649,-122.64,10.67
4650,-122.65,7.90
4651,-122.65,8.52
4652,-122.66,8.97
4653,-122.66,9.88
4654,-122.66,10.06
4655,-122.66,11.39
4656,-122.67,10.09
4657,-122.68,11.91
4658,-122.68,10.75
4659,-122.68,11.02
4660,-122.68,9.79
4661,-122.68,9.59
4662,-122.69,7.72
4663,-122.69,10.20
4664,-122.69,9.99
4665,-122.69,10.24
4666,-122.7,8.21
4667,-122.71,9.60
4668,-122.72,9.93
4669,-122.73,9.88
4670,-122.73,7.98
4671,-122.72,7.99
4672,-122.73,8.87
4673,-122.73,9.45
4674,-122.73,8.82
4675,-122.73,10.20
4676,-122.73,10.40
4677,-122.73,11.93
4678,-122.74,11.02
4679,-122.75,10.93
4680,-122.76,9.45
4681,-122.76,9.25
4682,-122.77,8.23
4683,-122.78,7.36
4684,-122.78,8.08
4685,-122.78,10.45
4686,-122.77,9.43
4687,-122.77,10.84
4688,-122.78,10.87
4689,-122.79,11.24
4690,-122.79,9.08
4691,-122.79,9.07
4692,-122.8,7.62
4693,-122.8,8.25
4694,-122.81,10.22
4695,-122.81,11.55
4696,-122.81,10.69
4697,-122.81,11.52
4698,-122.81,10.58
4699,-122.81,10.30
4700,-122.81,9.55
4701,-122.82,9.81
4702,-122.82,9.23
4703,-122.82,9.95
4704,-122.82,8.46
4705,-122.83,9.24
4706,-122.84,8.78
4707,-122.85,9.08
4708,-122.85,9.85
4709,-122.86,10.35
4710,-122.87,9.55
4711,-122.87,9.85
4712,-122.87,8.85
4713,-122.87,8.82
4714,-122.88,8.32
4715,-122.88,9.73
4716,-122.89,9.62
4717,-122.89,10.72
4718,-122.88,9.44
4719,-122.88,10.87
4720,-122.88,9.25
4721,-122.9,8.80
4722,-122.9,7.57
4723,-122.91,8.64
4724,-122.91,7.64
4725,-122.92,8.28
4726,-122.92,8.61
4727,-122.92,9.18
4728,-122.92,10.88
4729,-122.92,10.69
4730,-122.92,9.03
4731,-122.92,9.38
4732,-122.92,7.29
4733,-122.92,7.40
4734,-122.93,7.99
4735,-122.94,8.84
4736,-122.95,9.89
4737,-122.99,10.43
4738,-123.03,9.82
4739,-123.03,9.77
4740,-123.02,8.55
4741,-123.03,9.08
4742,-123.03,8.02
4743,-123.03,8.38
4744,-123.03,8.36
4745,-123.04,8.65
4746,-123.03,9.81
4747,-123.03,9.64
4748,-123.04,9.32
4749,-123.04,10.52
4750,-123.04,9.95
4751,-123.05,9.06
4752,-123.06,8.62
4753,-123.06,8.58
4754,-123.07,7.73
4755,-123.07,8.45
4756,-123.07,8.33
4757,-123.07,9.85
4758,-123.07,8.64
4759,-123.07,9.18
4760,-123.08,9.14
4761,-123.09,9.66
4762,-123.09,8.59
4763,-123.09,7.22
4764,-123.09,9.00
4765,-123.09,8.34
4766,-123.09,7.71
4767,-123.11,9.13
4768,-123.11,7.76
4769,-123.11,9.51
4770,-123.11,7.98
4771,-123.11,6.96
4772,-123.11,7.15
4773,-123.11,7.16
4774,-123.11,7.85
4775,-123.11,7.56
4776,-123.12,8.75
4777,-123.12,8.02
4778,-123.12,8.69
4779,-123.13,8.43
4780,-123.13,8.74
4781,-123.13,8.44
4782,-123.13,7.82
4783,-123.15,7.20
4784,-123.16,8.07
4785,-123.16,8.17
4786,-123.17,7.85
4787,-123.16,7.97
4788,-123.16,8.40
4789,-123.17,8.24
4790,-123.17,10.81
4791,-123.16,8.59
4792,-123.16,9.59
4793,-123.17,8.32
4794,-123.18,8.83
4795,-123.18,7.16
4796,-123.19,8.93
4797,-123.18,7.91
4798,-123.19,8.09
4799,-123.19,7.46
4800,-123.19,8.92
4801,-123.19,8.61
4802,-123.19,7.66
4803,-123.19,7.89
4804,-123.2,8.00
4805,-123.21,7.13
4806,-123.21,7.01
4807,-123.22,7.56
4808,-123.22,9.54
4809,-123.22,8.32
4810,-123.22,9.67
4811,-123.23,8.55
4812,-123.23,8.56
4813,-123.23,6.65
4814,-123.23,8.27
4815,-123.23,7.13
4816,-123.23,9.13
4817,-123.24,7.22
4818,-123.24,6.64
4819,-123.25,6.19
4820,-123.26,8.37
4821,-123.26,6.39
4822,-123.26,8.13
4823,-123.26,6.00
4824,-123.26,6.33
4825,-123.26,5.52
4826,-123.27,6.87
4827,-123.27,6.17
4828,-123.27,8.18
4829,-123.27,7.01
4830,-123.28,7.85
4831,-123.28,7.65
4832,-123.27,7.70
4833,-123.27,7.74
4834,-123.29,8.03
4835,-123.29,6.12
4836,-123.3,6.81
4837,-123.3,5.78
4838,-123.3,7.71
4839,-123.31,7.70
4840,-123.31,7.38
4841,-123.31,6.23
4842,-123.31,7.18
4843,-123.32,5.20
4844,-123.32,7.25
4845,-123.32,6.20
4846,-123.32,5.17
4847,-123.32,5.67
4848,-123.32,7.40
4849,-123.32,7.10
4850,-123.32,6.93
4851,-123.33,8.19
4852,-123.33,7.59
4853,-123.33,5.84
4854,-123.32,4.75
4855,-123.32,5.25
4856,-123.32,7.02
4857,-123.33,6.55
4858,-123.34,7.97
4859,-123.34,6.02
4860,-123.34,7.13
4861,-123.34,7.44
4862,-123.35,7.95
4863,-123.35,5.87
4864,-123.35,6.52
4865,-123.36,5.60
4866,-123.36,5.73
4867,-123.36,6.81
4868,-123.36,7.74
4869,-123.37,6.45
4870,-123.37,7.42
4871,-123.37,8.24
4872,-123.38,8.50
4873,-123.39,8.12
4874,-123.38,7.18
4875,-123.38,5.36
4876,-123.39,6.18
4877,-123.39,7.11
4878,-123.39,6.97
4879,-123.4,6.84
4880,-123.4,6.62
4881,-123.41,7.11
4882,-123.41,8.27
4883,-123.4,8.27
4884,-123.41,7.57
4885,-123.42,5.61
4886,-123.42,6.03
4887,-123.42,5.81
4888,-123.42,7.61
4889,-123.43,5.55
4890,-123.43,8.10
4891,-123.42,8.21
4892,-123.41,7.27
4893,-123.41,5.53
4894,-123.41,5.36
4895,-123.42,5.08
4896,-123.44,4.57
4897,-123.44,5.83
4898,-123.44,7.52
4899,-123.44,8.09
4900,-123.45,8.11
4901,-123.46,7.54
4902,-123.46,7.70
4903,-123.46,7.88
4904,-123.46,5.64
4905,-123.46,4.75
4906,-123.46,4.77
4907,-123.47,6.52
4908,-123.47,7.89
4909,-123.47,6.90
4910,-123.47,7.00
4911,-123.47,7.27
4912,-123.47,7.92
4913,-123.48,6.02
4914,-123.48,5.01
4915,-123.48,6.30
4916,-123.48,5.60
4917,-123.48,4.92
4918,-123.48,5.20
4919,-123.48,5.78
4920,-123.48,6.09
4921,-123.49,5.66
4922,-123.5,5.49
4923,-123.5,6.13
4924,-123.5,4.78
4925,-123.51,4.98
4926,-123.51,4.89
4927,-123.51,6.11
4928,-123.51,6.29
4929,-123.51,6.18
4930,-123.52,6.68
4931,-123.52,7.87
4932,-123.52,7.69
4933,-123.53,9.19
4934,-123.53,6.04
4935,-123.53,6.51
4936,-123.53,5.28
4937,-123.54,6.03
4938,-123.54,5.36
4939,-123.55,5.66
4940,-123.55,5.76
4941,-123.55,7.31
4942,-123.55,6.67
4943,-123.55,7.83
4944,-123.55,5.46
4945,-123.55,6.05
4946,-123.55,7.10
4947,-123.55,5.24
4948,-123.55,5.60
4949,-123.55,6.92
4950,-123.55,7.55
4951,-123.56,8.13
4952,-123.56,6.43
4953,-123.56,7.03
4954,-123.56,6.90
4955,-123.57,6.18
4956,-123.57,4.68
4957,-123.57,6.00
4958,-123.57,5.22
4959,-123.58,6.03
4960,-123.58,5.80
4961,-123.58,5.84
4962,-123.58,5.81
4963,-123.58,7.04
4964,-123.58,6.36
4965,-123.57,5.48
4966,-123.57,6.13
4967,-123.58,5.75
4968,-123.58,6.30
4969,-123.58,7.46
4970,-123.58,6.74
4971,-123.58,8.28
4972,-123.58,6.80
4973,-123.59,9.02
4974,-123.59,7.26
4975,-123.6,5.55
4976,-123.61,5.23
4977,-123.61,4.73
4978,-123.61,4.66
4979,-123.61,5.54
4980,-123.61,5.47
4981,-123.61,7.09
4982,-123.63,7.39
4983,-123.63,7.25
4984,-123.63,5.03
4985,-123.63,6.33
4986,-123.64,5.80
4987,-123.64,6.25
4988,-123.64,5.48
4989,-123.65,6.51
4990,-123.65,6.38
4991,-123.65,7.24
4992,-123.65,6.06
4993,-123.65,7.34
4994,-123.66,5.74
4995,-123.66,6.50
4996,-123.66,4.16
4997,-123.66,3.98
4998,-123.66,4.29
4999,-123.66,3.87
5000,-123.66,4.72
5001,-123.66,6.11
5002,-123.67,5.26
5003,-123.67,6.69
5004,-123.67,6.59
5005,-123.68,6.44
5006,-123.68,4.50
5007,-123.68,4.92
5008,-123.68,4.31
5009,-123.68,6.00
5010,-123.68,6.22
5011,-123.69,6.53
5012,-123.69,5.70
5013,-123.68,8.15
5014,-123.69,7.45
5015,-123.69,7.51
5016,-123.69,3.60
5017,-123.69,5.10
5018,-123.69,4.22
5019,-123.69,4.40
5020,-123.7,6.06
5021,-123.7,7.22
5022,-123.7,5.67
5023,-123.71,6.32
5024,-123.71,5.66
5025,-123.72,5.51
5026,-123.72,3.90
5027,-123.72,4.48
5028,-123.72,5.61
5029,-123.72,6.69
5030,-123.73,5.44
5031,-123.73,5.63
5032,-123.73,5.41
5033,-123.73,7.35
5034,-123.74,7.02
5035,-123.74,5.87
5036,-123.74,3.21
5037,-123.74,4.70
5038,-123.74,2.89
5039,-123.74,4.27
5040,-123.75,4.66
5041,-123.76,6.42
5042,-123.76,7.07
5043,-123.76,7.35
5044,-123.76,7.13
5045,-123.76,6.31
5046,-123.76,4.89
5047,-123.76,5.66
5048,-123.76,4.79
5049,-123.76,4.91
5050,-123.76,5.38
5051,-123.77,4.60
5052,-123.78,6.01
5053,-123.78,6.22
5054,-123.78,6.05
5055,-123.78,6.84
5056,-123.79,5.03
5057,-123.79,5.87
5058,-123.79,5.22
5059,-123.8,4.90
5060,-123.8,4.55
5061,-123.8,4.51
5062,-123.79,5.03
5063,-123.79,5.47
5064,-123.8,5.40
5065,-123.8,6.10
5066,-123.81,6.15
5067,-123.81,6.02
5068,-123.81,7.16
5069,-123.82,5.57
5070,-123.82,4.66
5071,-123.83,5.50
5072,-123.83,7.25
5073,-123.82,6.94
5074,-123.82,7.17
5075,-123.82,5.70
5076,-123.82,4.60
5077,-123.82,4.21
5078,-123.82,3.68
5079,-123.82,2.81
5080,-123.82,4.23
5081,-123.83,4.81
5082,-123.83,4.79
5083,-123.83,5.26
5084,-123.84,7.07
5085,-123.84,6.57
5086,-123.83,5.62
5087,-123.84,3.91
5088,-123.85,4.49
5089,-123.85,4.15
5090,-123.85,3.47
5091,-123.85,3.21
5092,-123.84,4.95
5093,-123.84,4.96
5094,-123.84,4.58
5095,-123.84,5.23
5096,-123.85,5.49
5097,-123.85,5.57
5098,-123.86,3.29
5099,-123.86,4.16
5100,-123.86,4.61
5101,-123.87,4.29
5102,-123.88,5.90
5103,-123.88,5.58
5104,-123.88,5.73
5105,-123.88,5.92
5106,-123.87,5.65
5107,-123.87,5.63
5108,-123.88,4.59
5109,-123.89,5.83
5110,-123.9,5.10
5111,-123.9,3.95
5112,-123.9,4.52
5113,-123.9,5.60
5114,-123.9,5.52
5115,-123.91,6.53
5116,-123.91,6.76
5117,-123.91,5.14
5118,-123.92,3.81
5119,-123.92,3.37
5120,-123.92,3.35
5121,-123.91,4.61
5122,-123.91,4.22
5123,-123.92,3.78
5124,-123.92,4.32
5125,-123.92,6.35
5126,-123.92,5.93
5127,-123.92,5.43
5128,-123.92,3.86
5129,-123.92,5.15
5130,-123.93,4.80
5131,-123.93,4.76
5132,-123.93,4.61
5133,-123.93,6.80
5134,-123.93,6.13
5135,-123.93,5.14
5136,-123.93,4.23
5137,-123.93,5.97
5138,-123.93,4.13
5139,-123.93,4.29
5140,-123.94,1.64
5141,-123.94,3.33
5142,-123.94,3.13
5143,-123.94,4.62
5144,-123.94,4.89
5145,-123.95,5.49
5146,-123.95,5.31
5147,-123.95,4.55
5148,-123.94,3.42
5149,-123.93,3.58
5150,-123.93,3.31
5151,-123.94,3.03
5152,-123.96,3.75
5153,-123.96,4.04
5154,-123.96,2.87
5155,-123.96,5.81
5156,-123.96,5.07
5157,-123.96,4.74
5158,-123.97,5.16
5159,-123.96,4.92
5160,-123.96,4.48
5161,-123.97,4.34
5162,-123.97,3.76
5163,-123.98,3.99
5164,-123.98,5.23
5165,-123.98,6.31
5166,-123.98,7.03
5167,-123.98,5.72
5168,-123.98,5.96
5169,-123.99,4.98
5170,-124,4.71
5171,-124,5.97
5172,-124,5.69
5173,-124,5.19
5174,-124.01,4.45
5175,-124.01,6.02
5176,-123.98,5.97
5177,-123.97,5.59
5178,-123.99,5.68
5179,-124,3.30
5180,-124,3.14
5181,-123.99,1.77
5182,-123.99,4.59
5183,-123.99,5.25
5184,-123.99,7.37
5185,-124,6.87
5186,-124.01,8.22
5187,-124.01,6.79
5188,-124,7.01
5189,-124.01,7.55
5190,-124.02,5.86
5191,-124.02,8.08
5192,-124.02,7.11
5193,-124.03,8.82
5194,-124.03,9.72
5195,-124.03,10.39
5196,-124.03,11.34
5197,-124.04,12.13
5198,-124.04,10.59
5199,-124.03,9.27
5200,-124.03,9.16
5201,-124.05,7.53
5202,-124.05,8.70
5203,-124.06,8.32
5204,-124.06,9.27
5205,-124.06,9.18
5206,-124.06,9.16
5207,-124.06,10.41
5208,-124.06,8.67
5209,-124.06,6.77
5210,-124.06,5.65
5211,-124.06,6.64
5212,-124.07,5.75
5213,-124.06,6.18
5214,-124.06,6.26
5215,-124.06,5.93
5216,-124.07,8.20
5217,-124.06,6.07
5218,-124.07,5.73
5219,-124.07,4.83
5220,-124.08,4.09
5221,-124.08,3.25
5222,-124.08,4.88
5223,-124.08,3.84
5224,-124.08,4.40
5225,-124.08,5.04
5226,-124.08,6.40
5227,-124.07,6.28
5228,-124.07,5.71
5229,-124.07,4.36
5230,-124.09,3.87
5231,-124.1,3.74
5232,-124.1,2.77
5233,-124.1,2.28
5234,-124.1,3.73
5235,-124.11,4.99
5236,-124.11,5.84
5237,-124.11,4.20
5238,-124.12,5.78
5239,-124.12,4.84
5240,-124.12,3.68
5241,-124.12,3.03
5242,-124.12,1.75
5243,-124.13,3.25
5244,-124.13,2.53
5245,-124.12,3.80
5246,-124.12,4.43
5247,-124.12,4.72
5248,-124.12,4.47
5249,-124.13,3.45
5250,-124.13,3.24
5251,-124.13,1.36
5252,-124.13,1.95
5253,-124.13,1.83
5254,-124.13,3.90
5255,-124.13,3.89
5256,-124.13,4.50
5257,-124.14,4.10
5258,-124.14,3.01
5259,-124.14,3.29
5260,-124.14,2.91
5261,-124.15,3.77
5262,-124.15,2.63
5263,-124.15,2.24
5264,-124.15,4.13
5265,-124.15,3.88
5266,-124.15,4.42
5267,-124.16,5.67
5268,-124.16,6.61
5269,-124.16,4.17
5270,-124.15,4.34
5271,-124.15,3.50
5272,-124.15,4.15
5273,-124.16,4.15
5274,-124.16,4.07
5275,-124.16,2.99
5276,-124.17,4.71
5277,-124.17,5.90
5278,-124.17,4.07
5279,-124.18,4.41
5280,-124.18,3.21
5281,-124.18,3.61
5282,-124.18,2.10
5283,-124.18,2.51
5284,-124.19,2.18
5285,-124.19,3.17
5286,-124.19,3.79
5287,-124.19,5.13
5288,-124.19,4.11
5289,-124.19,3.75
5290,-124.2,3.03
5291,-124.2,3.50
5292,-124.2,2.85
5293,-124.2,1.96
5294,-124.21,2.87
5295,-124.21,4.78
5296,-124.21,3.02
5297,-124.21,5.64
5298,-124.21,5.29
5299,-124.21,4.42
5300,-124.21,1.87
5301,-124.2,1.43
5302,-124.2,2.81
5303,-124.2,1.57
5304,-124.21,1.30
5305,-124.21,1.71
5306,-124.21,2.49
5307,-124.21,3.87
5308,-124.21,4.86
5309,-124.22,5.54
5310,-124.22,4.56
5311,-124.22,4.24
5312,-124.22,2.98
5313,-124.22,1.90
5314,-124.22,2.55
5315,-124.22,3.78
5316,-124.22,3.04
5317,-124.21,4.03
5318,-124.21,4.30
5319,-124.22,4.21
5320,-124.23,2.96
5321,-124.23,2.77
5322,-124.23,2.07
5323,-124.23,1.97
5324,-124.24,2.23
5325,-124.24,1.99
5326,-124.24,2.92
5327,-124.25,4.89
5328,-124.25,3.94
5329,-124.26,4.38
5330,-124.26,3.32
5331,-124.26,2.51
5332,-124.25,1.73
5333,-124.25,1.35
5334,-124.25,2.85
5335,-124.25,3.19
5336,-124.25,4.81
5337,-124.26,3.75
5338,-124.26,4.73
5339,-124.26,3.43
5340,-124.26,4.98
5341,-124.26,4.35
5342,-124.26,3.89
5343,-124.26,2.78
5344,-124.26,1.07
5345,-124.26,2.37
5346,-124.26,2.66
5347,-124.27,3.84
5348,-124.27,4.33
5349,-124.27,4.38
5350,-124.27,4.45
5351,-124.27,1.76
5352,-124.27,2.69
5353,-124.28,1.95
5354,-124.28,1.87
5355,-124.28,2.41
5356,-124.28,2.45
5357,-124.28,1.99
5358,-124.29,5.02
5359,-124.29,4.17
5360,-124.29,4.60
5361,-124.29,4.08
5362,-124.29,1.79
5363,-124.29,2.78
5364,-124.29,2.90
5365,-124.29,3.13
5366,-124.3,3.35
5367,-124.3,2.31
5368,-124.3,2.90
5369,-124.3,4.91
5370,-124.3,4.39
5371,-124.31,3.24
5372,-124.31,3.01
5373,-124.31,2.19
5374,-124.31,1.90
5375,-124.31,2.09
5376,-124.32,2.86
5377,-124.32,3.87
5378,-124.31,4.69
5379,-124.31,5.30
5380,-124.31,3.79
5381,-124.31,4.11
5382,-124.32,3.80
5383,-124.32,3.06
5384,-124.32,3.09
5385,-124.32,2.91
5386,-124.32,3.96
5387,-124.33,3.00
5388,-124.33,4.07
5389,-124.33,4.00
5390,-124.33,5.25
5391,-124.33,4.74
5392,-124.33,2.74
5393,-124.33,1.82
5394,-124.33,2.41
5395,-124.34,2.27
5396,-124.34,2.14
5397,-124.34,2.90
5398,-124.34,2.89
5399,-124.35,2.43
5400,-124.35,2.21
5401,-124.35,2.58
5402,-124.35,1.99
5403,-124.34,3.36
5404,-124.34,1.47
5405,-124.35,0.00
5406,-124.35,1.91
5407,-124.35,2.68
5408,-124.35,2.60
5409,-124.35,3.35
5410,-124.35,3.58
5411,-124.36,3.43
5412,-124.36,2.27
5413,-124.37,1.99
5414,-124.37,2.47
5415,-124.36,2.81
5416,-124.36,1.31
5417,-124.37,2.92
5418,-124.37,3.20
5419,-124.36,3.98
5420,-124.36,3.87
5421,-124.37,4.08
5422,-124.37,2.61
5423,-124.37,1.83
5424,-124.37,3.19
5425,-124.37,2.15
5426,-124.38,2.80
5427,-124.38,2.83
5428,-124.38,3.84
5429,-124.38,2.43
5430,-124.38,4.97
5431,-124.38,4.49
5432,-124.38,2.40
5433,-124.38,3.26
5434,-124.38,2.87
5435,-124.39,2.55
5436,-124.38,2.82
5437,-124.38,2.79
5438,-124.37,1.74
5439,-124.38,2.03
5440,-124.39,4.14
5441,-124.39,3.89
5442,-124.39,4.57
5443,-124.39,2.39
5444,-124.39,0.66
5445,-124.4,1.17
5446,-124.4,1.36
5447,-124.4,2.98
5448,-124.4,2.70
5449,-124.4,5.12
5450,-124.41,3.29
5451,-124.41,4.61
5452,-124.41,4.46
5453,-124.4,3.60
5454,-124.4,2.39
5455,-124.4,0.00
5456,-124.4,0.52
5457,-124.41,0.00
5458,-124.41,2.33
5459,-124.41,2.57
5460,-124.41,2.73
5461,-124.41,3.57
5462,-124.42,3.08
5463,-124.42,1.83
5464,-124.42,1.09
5465,-124.42,1.95
5466,-124.42,0.48
5467,-124.42,1.22
5468,-124.43,1.92
5469,-124.43,3.41
5470,-124.43,3.26
5471,-124.43,3.22
5472,-124.43,2.05
5473,-124.43,2.14
5474,-124.43,2.61
5475,-124.44,1.74
5476,-124.44,0.73
5477,-124.44,0.78
5478,-124.44,2.64
5479,-124.44,1.96
5480,-124.43,3.31
5481,-124.43,2.55
5482,-124.44,2.85
5483,-124.44,2.56
5484,-124.44,1.78
5485,-124.44,1.02
5486,-124.44,0.71
5487,-124.44,1.39
5488,-124.43,1.48
5489,-124.43,1.86
5490,-124.44,2.21
5491,-124.44,3.62
5492,-124.44,2.88
5493,-124.44,1.89
5494,-124.44,0.99
5495,-124.45,2.24
5496,-124.45,0.97
5497,-124.44,1.07
5498,-124.44,1.06
5499,-124.44,1.17
5500,-124.44,2.56
5501,-124.44,2.98
5502,-124.43,2.50
5503,-124.45,2.51
5504,-124.46,2.61
5505,-124.46,1.87
5506,-124.46,0.49
5507,-124.46,0.77
5508,-124.46,0.76
5509,-124.46,1.81
5510,-124.46,3.75
5511,-124.46,5.24
5512,-124.44,4.80
5513,-124.44,5.20
5514,-124.47,3.65
5515,-124.47,4.01
5516,-124.47,4.05
5517,-124.46,3.36
5518,-124.44,2.71
5519,-124.43,3.69
5520,-124.45,3.51
5521,-124.45,4.88
5522,-124.46,4.30
5523,-124.47,4.45
5524,-124.48,3.33
5525,-124.48,2.66
5526,-124.48,2.20
5527,-124.48,2.20
5528,-124.48,0.92
5529,-124.49,2.69
5530,-124.49,2.78
5531,-124.49,3.94
5532,-124.49,2.02
5533,-124.49,4.24
5534,-124.49,2.59
5535,-124.48,2.45
5536,-124.48,2.31
5537,-124.48,3.64
5538,-124.48,2.09
5539,-124.48,4.27
5540,-124.49,4.80
5541,-124.49,3.87
5542,-124.49,3.06
5543,-124.49,3.22
5544,-124.5,2.82
5545,-124.5,2.33
5546,-124.5,1.72
5547,-124.5,1.74
5548,-124.51,0.88
5549,-124.51,1.06
5550,-124.51,2.29
5551,-124.51,2.85
5552,-124.51,1.75
5553,-124.51,2.68
5554,-124.51,2.15
5555,-124.51,1.40
5556,-124.51,0.70
5557,-124.51,2.10
5558,-124.51,3.20
5559,-124.51,2.85
5560,-124.51,2.94
5561,-124.52,4.62
5562,-124.52,2.73
5563,-124.52,3.28
5564,-124.52,0.61
5565,-124.53,2.33
5566,-124.53,0.46
5567,-124.52,0.96
5568,-124.53,0.31
5569,-124.53,2.46
5570,-124.53,2.93
5571,-124.53,2.44
5572,-124.53,2.96
5573,-124.53,4.06
5574,-124.53,1.97
5575,-124.54,1.49
5576,-124.54,1.09
5577,-124.54,0.51
5578,-124.54,0.00
5579,-124.54,0.81
5580,-124.54,1.37
5581,-124.54,2.85
5582,-124.54,3.74
5583,-124.54,3.56
5584,-124.54,4.20
5585,-124.54,2.65
5586,-124.54,2.33
5587,-124.54,0.00
5588,-124.55,0.00
5589,-124.55,0.63
5590,-124.55,1.30
5591,-124.56,1.81
5592,-124.55,0.84
5593,-124.55,1.68
5594,-124.54,0.15
5595,-124.54,0.71
5596,-124.54,0.40
5597,-124.55,2.44
5598,-124.55,2.54
5599,-124.55,0.70
5600,-124.56,2.28
5601,-124.56,3.05
5602,-124.55,1.75
5603,-124.55,2.17
5604,-124.55,1.28
5605,-124.55,2.37
5606,-124.56,2.37
5607,-124.56,2.46
5608,-124.56,1.46
5609,-124.56,1.68
5610,-124.56,0.90
5611,-124.56,1.73
5612,-124.56,1.88
5613,-124.57,2.37
5614,-124.57,2.74
5615,-124.57,2.52
5616,-124.57,3.01
5617,-124.56,1.58
5618,-124.56,0.92
5619,-124.57,1.70
5620,-124.58,2.65
5621,-124.58,2.33
5622,-124.58,2.16
5623,-124.58,1.22
5624,-124.58,3.52
5625,-124.58,1.89
5626,-124.58,0.00
5627,-124.58,0.00
5628,-124.59,0.00
5629,-124.59,0.84
5630,-124.58,1.35
5631,-124.58,2.22
5632,-124.59,2.55
5633,-124.59,3.87
5634,-124.59,2.84
5635,-124.58,2.86
5636,-124.58,0.24
5637,-124.58,0.73
5638,-124.58,0.73
5639,-124.58,1.15
5640,-124.58,2.25
5641,-124.58,3.76
5642,-124.58,2.49
5643,-124.59,3.37
5644,-124.58,2.11
5645,-124.58,1.44
5646,-124.58,1.83
5647,-124.58,0.00
5648,-124.58,1.89
5649,-124.58,1.70
5650,-124.58,1.87
5651,-124.58,1.33
5652,-124.58,2.82
5653,-124.59,2.86
5654,-124.59,2.79
5655,-124.6,2.56
5656,-124.59,1.63
5657,-124.59,1.23
5658,-124.59,0.00
5659,-124.59,0.27
5660,-124.59,1.94
5661,-124.59,1.37
5662,-124.59,2.19
5663,-124.6,1.32
5664,-124.61,1.72
5665,-124.61,0.00
5666,-124.61,1.08
5667,-124.6,1.42
5668,-124.6,2.49
5669,-124.6,0.00
5670,-124.61,1.61
5671,-124.61,1.41
5672,-124.61,2.08
5673,-124.61,2.57
5674,-124.61,2.48
5675,-124.61,3.30
5676,-124.61,1.40
5677,-124.61,1.18
5678,-124.61,2.24
5679,-124.61,2.87
5680,-124.62,3.43
5681,-124.62,2.07
5682,-124.62,4.20
5683,-124.62,3.24
5684,-124.62,4.71
5685,-124.62,2.53
5686,-124.62,1.67
5687,-124.62,2.58
5688,-124.62,0.63
5689,-124.62,1.45
5690,-124.62,0.60
5691,-124.62,0.73
5692,-124.62,2.99
5693,-124.62,2.38
5694,-124.62,1.70
5695,-124.62,1.81
5696,-124.62,3.42
5697,-124.63,1.22
5698,-124.63,0.71
5699,-124.63,0.00
5700,-124.63,0.00
5701,-124.63,2.08
5702,-124.63,3.42
5703,-124.63,1.72
5704,-124.64,2.21
5705,-124.64,2.19
5706,-124.63,0.36
5707,-124.63,0.85
5708,-124.64,0.36
5709,-124.64,0.96
5710,-124.64,0.00
5711,-124.63,1.47
5712,-124.63,1.13
5713,-124.63,1.91
5714,-124.63,3.08
5715,-124.62,1.75
5716,-124.62,3.01
5717,-124.62,2.02
5718,-124.62,0.79
5719,-124.62,0.00
5720,-124.62,0.17
5721,-124.62,0.07
5722,-124.63,1.93
5723,-124.64,2.95
5724,-124.64,1.25
5725,-124.65,2.48
5726,-124.65,1.62
5727,-124.65,2.00
5728,-124.65,0.00
5729,-124.65,0.00
5730,-124.65,0.66
5731,-124.65,0.27
5732,-124.65,0.20
5733,-124.65,1.62
5734,-124.65,3.69
5735,-124.65,2.20
5736,-124.66,3.72
5737,-124.66,1.60
5738,-124.66,0.46
5739,-124.66,1.29
5740,-124.66,0.98
5741,-124.66,2.77
5742,-124.66,2.30
5743,-124.66,3.07
5744,-124.66,1.33
5745,-124.66,3.12
5746,-124.66,1.61
5747,-124.66,1.79
5748,-124.66,2.49
5749,-124.66,1.32
5750,-124.66,0.83
5751,-124.66,0.00
5752,-124.66,1.03
5753,-124.66,0.17
5754,-124.66,2.74
5755,-124.67,0.56
5756,-124.67,1.76
5757,-124.67,0.27
5758,-124.67,1.50
5759,-124.67,0.93
5760,-124.67,0.07
5761,-124.67,0.52
5762,-124.67,1.37
5763,-124.67,1.73
5764,-124.67,0.39
5765,-124.67,1.10
5766,-124.67,1.10
5767,-124.68,0.67
5768,-124.68,1.65
5769,-124.68,0.00
5770,-124.68,0.00
5771,-124.67,0.00
5772,-124.67,0.66
5773,-124.68,0.88
5774,-124.68,2.80
5775,-124.67,1.62
5776,-124.67,0.75
5777,-124.67,2.49
5778,-124.68,0.38
5779,-124.68,0.00
5780,-124.68,0.00
5781,-124.68,0.68
5782,-124.68,0.59
5783,-124.68,0.95
5784,-124.69,2.91
5785,-124.69,3.08
5786,-124.69,2.40
5787,-124.68,1.59
5788,-124.68,1.78
5789,-124.68,0.46
5790,-124.68,0.68
5791,-124.69,0.00
5792,-124.69,1.15
5793,-124.69,0.07
5794,-124.69,0.98
5795,-124.69,0.98
5796,-124.69,1.31
5797,-124.7,1.08
5798,-124.7,0.00
5799,-124.7,0.00
5800,-124.7,0.00
5801,-124.7,0.00
5802,-124.7,1.17
5803,-124.7,0.00
5804,-124.7,1.85
5805,-124.7,3.04
5806,-124.7,2.61
5807,-124.7,2.01
5808,-124.7,1.64
5809,-124.7,0.67
5810,-124.7,1.33
5811,-124.7,0.00
5812,-124.7,0.10
5813,-124.7,0.00
5814,-124.7,2.61
5815,-124.7,1.53
5816,-124.7,1.82
5817,-124.7,2.22
5818,-124.7,2.12
5819,-124.71,0.64
5820,-124.71,0.68
5821,-124.71,0.00
5822,-124.71,0.74
5823,-124.71,0.10
5824,-124.71,1.96
5825,-124.71,0.55
5826,-124.71,2.25
5827,-124.71,1.85
5828,-124.71,1.28
5829,-124.71,1.14
5830,-124.71,0.79
5831,-124.71,0.00
5832,-124.71,0.97
5833,-124.71,1.07
5834,-124.71,2.03
5835,-124.71,0.61
5836,-124.71,1.09
5837,-124.71,2.63
5838,-124.71,3.69
5839,-124.71,1.69
5840,-124.71,1.24
5841,-124.71,0.00
5842,-124.71,0.10
5843,-124.72,0.00
5844,-124.72,1.47
5845,-124.72,1.48
5846,-124.72,2.61
5847,-124.72,1.07
5848,-124.72,1.25
5849,-124.72,1.53
5850,-124.72,0.00
5851,-124.72,0.00
5852,-124.72,0.00
5853,-124.72,0.00
5854,-124.72,0.78
5855,-124.72,1.27
5856,-124.73,0.92
5857,-124.73,1.49
5858,-124.73,0.00
5859,-124.73,0.00
5860,-124.73,0.29
5861,-124.73,0.00
5862,-124.73,0.00
5863,-124.73,0.00
5864,-124.73,1.27
5865,-124.73,0.78
5866,-124.73,1.00
5867,-124.74,1.27
5868,-124.74,1.19
5869,-124.74,0.30
5870,-124.74,0.00
5871,-124.74,0.00
5872,-124.74,0.00
5873,-124.74,0.00
5874,-124.74,0.00
5875,-124.74,0.00
5876,-124.74,0.00
5877,-124.75,2.98
5878,-124.75,2.29
5879,-124.75,1.48
5880,-124.75,0.00
5881,-124.75,0.03
5882,-124.75,0.00
5883,-124.74,0.70
5884,-124.74,0.63
5885,-124.74,1.47
5886,-124.74,1.67
5887,-124.74,1.00
5888,-124.74,0.00
5889,-124.74,0.22
5890,-124.75,0.36
5891,-124.75,0.10
5892,-124.74,0.00
5893,-124.74,0.00
5894,-124.75,0.00
5895,-124.75,0.27
5896,-124.75,0.00
5897,-124.74,1.29
5898,-124.74,1.46
5899,-124.75,1.36
5900,-124.75,0.12
5901,-124.74,0.00
5902,-124.73,0.00
5903,-124.73,0.22
5904,-124.73,0.15
5905,-124.75,0.90
5906,-124.75,0.62
5907,-124.75,2.43
5908,-124.74,1.60
5909,-124.73,1.20
5910,-124.74,0.57
5911,-124.74,0.52
5912,-124.74,0.00
5913,-124.74,0.58
5914,-124.74,0.00
5915,-124.74,0.00
5916,-124.73,0.48
5917,-124.73,1.16
5918,-124.73,0.00
5919,-124.73,1.17
5920,-124.74,0.00
5921,-124.75,0.79
5922,-124.75,0.49
5923,-124.75,1.38
5924,-124.75,1.17
5925,-124.75,1.27
5926,-124.75,0.78
5927,-124.76,2.66
5928,-124.75,0.32
5929,-124.75,2.02
5930,-124.75,0.00
5931,-124.75,0.37
5932,-124.76,0.00
5933,-124.76,0.00
5934,-124.76,0.00
5935,-124.76,0.00
5936,-124.75,0.00
5937,-124.75,0.00
5938,-124.74,0.00
5939,-124.73,0.00
5940,-124.74,0.00
5941,-124.75,0.00
5942,-124.76,0.00
5943,-124.76,0.00
5944,-124.77,0.00
5945,-124.77,0.00
5946,-124.77,
